id,episode_id,source_episode_id,split,start_frame,end_frame,target_l2,prediction_l2,mae,rmse
dense_20f_stride10:8a8e1b3c-607e-4ada-b3fd-fa639727e92c__ep1:qa:0,8a8e1b3c-607e-4ada-b3fd-fa639727e92c__ep1,ep1,test,0,19,13.281532287597656,11.485917091369629,0.07482834160327911,0.1214885264635086
dense_20f_stride10:8a8e1b3c-607e-4ada-b3fd-fa639727e92c__ep1:qa:1,8a8e1b3c-607e-4ada-b3fd-fa639727e92c__ep1,ep1,test,10,29,13.283415794372559,11.344608306884766,0.07946386188268661,0.12792426347732544
dense_20f_stride10:8a8e1b3c-607e-4ada-b3fd-fa639727e92c__ep1:qa:2,8a8e1b3c-607e-4ada-b3fd-fa639727e92c__ep1,ep1,test,20,39,13.274053573608398,11.361018180847168,0.07844619452953339,0.1305447369813919
dense_20f_stride10:8a8e1b3c-607e-4ada-b3fd-fa639727e92c__ep1:qa:3,8a8e1b3c-607e-4ada-b3fd-fa639727e92c__ep1,ep1,test,30,49,13.221291542053223,11.339622497558594,0.07766681909561157,0.1288737952709198
dense_20f_stride10:8a8e1b3c-607e-4ada-b3fd-fa639727e92c__ep1:qa:39,8a8e1b3c-607e-4ada-b3fd-fa639727e92c__ep1,ep1,test,400,419,0.0,10.35518741607666,0.1653590053319931,0.34867730736732483
dense_20f_stride10:8a8e1b3c-607e-4ada-b3fd-fa639727e92c__ep1:qa:40,8a8e1b3c-607e-4ada-b3fd-fa639727e92c__ep1,ep1,test,410,429,0.0,10.407556533813477,0.17227599024772644,0.35044065117836
dense_20f_stride10:8a8e1b3c-607e-4ada-b3fd-fa639727e92c__ep1:qa:41,8a8e1b3c-607e-4ada-b3fd-fa639727e92c__ep1,ep1,test,420,439,0.0,10.637423515319824,0.17317448556423187,0.3581806719303131
dense_20f_stride10:8a8e1b3c-607e-4ada-b3fd-fa639727e92c__ep1:qa:89,8a8e1b3c-607e-4ada-b3fd-fa639727e92c__ep1,ep1,test,920,939,23.890201568603516,10.011689186096191,0.3592858910560608,0.6540011167526245
dense_20f_stride10:8a8e1b3c-607e-4ada-b3fd-fa639727e92c__ep1:qa:90,8a8e1b3c-607e-4ada-b3fd-fa639727e92c__ep1,ep1,test,930,949,23.845611572265625,10.083786010742188,0.3576170802116394,0.6433608531951904
dense_20f_stride10:8a8e1b3c-607e-4ada-b3fd-fa639727e92c__ep1:qa:91,8a8e1b3c-607e-4ada-b3fd-fa639727e92c__ep1,ep1,test,940,959,24.153718948364258,10.113914489746094,0.3754644989967346,0.6729397177696228
dense_20f_stride10:8a8e1b3c-607e-4ada-b3fd-fa639727e92c__ep1:qa:96,8a8e1b3c-607e-4ada-b3fd-fa639727e92c__ep1,ep1,test,1000,1019,23.737998962402344,9.469192504882812,0.3727683126926422,0.6357249617576599
dense_20f_stride10:8a8e1b3c-607e-4ada-b3fd-fa639727e92c__ep1:qa:97,8a8e1b3c-607e-4ada-b3fd-fa639727e92c__ep1,ep1,test,1010,1029,24.347871780395508,10.213205337524414,0.3855803608894348,0.6642851829528809
dense_20f_stride10:8a8e1b3c-607e-4ada-b3fd-fa639727e92c__ep1:qa:98,8a8e1b3c-607e-4ada-b3fd-fa639727e92c__ep1,ep1,test,1020,1039,24.890247344970703,10.481607437133789,0.40099164843559265,0.6853551864624023
dense_20f_stride10:8a8e1b3c-607e-4ada-b3fd-fa639727e92c__ep1:qa:99,8a8e1b3c-607e-4ada-b3fd-fa639727e92c__ep1,ep1,test,1030,1049,25.085525512695312,7.249186038970947,0.4791901111602783,0.6889668703079224
dense_20f_stride10:8a8e1b3c-607e-4ada-b3fd-fa639727e92c__ep1:qa:119,8a8e1b3c-607e-4ada-b3fd-fa639727e92c__ep1,ep1,test,1240,1259,13.467475891113281,9.593195915222168,0.23397962749004364,0.35391470789909363
dense_20f_stride10:8a8e1b3c-607e-4ada-b3fd-fa639727e92c__ep1:qa:120,8a8e1b3c-607e-4ada-b3fd-fa639727e92c__ep1,ep1,test,1250,1269,13.144813537597656,9.715035438537598,0.23524105548858643,0.36029866337776184
dense_20f_stride10:8a8e1b3c-607e-4ada-b3fd-fa639727e92c__ep1:qa:121,8a8e1b3c-607e-4ada-b3fd-fa639727e92c__ep1,ep1,test,1260,1279,13.901392936706543,8.666531562805176,0.2455286830663681,0.3734973669052124
dense_20f_stride10:8a8e1b3c-607e-4ada-b3fd-fa639727e92c__ep1:qa:122,8a8e1b3c-607e-4ada-b3fd-fa639727e92c__ep1,ep1,test,1270,1289,14.57738971710205,8.616589546203613,0.267230361700058,0.4182871878147125
dense_20f_stride10:8a8e1b3c-607e-4ada-b3fd-fa639727e92c__ep1:qa:134,8a8e1b3c-607e-4ada-b3fd-fa639727e92c__ep1,ep1,test,1400,1419,14.568140029907227,10.235038757324219,0.3252622187137604,0.44343113899230957
dense_20f_stride10:8a8e1b3c-607e-4ada-b3fd-fa639727e92c__ep1:qa:135,8a8e1b3c-607e-4ada-b3fd-fa639727e92c__ep1,ep1,test,1410,1429,0.0,10.502704620361328,0.16726219654083252,0.353644460439682
dense_20f_stride10:8a8e1b3c-607e-4ada-b3fd-fa639727e92c__ep1:qa:136,8a8e1b3c-607e-4ada-b3fd-fa639727e92c__ep1,ep1,test,1420,1439,0.0,10.303526878356934,0.17713776230812073,0.34693780541419983
dense_20f_stride10:8a8e1b3c-607e-4ada-b3fd-fa639727e92c__ep1:qa:137,8a8e1b3c-607e-4ada-b3fd-fa639727e92c__ep1,ep1,test,1430,1449,15.721245765686035,11.097127914428711,0.2909100353717804,0.4693719744682312
dense_20f_stride10:8a8e1b3c-607e-4ada-b3fd-fa639727e92c__ep1:qa:173,8a8e1b3c-607e-4ada-b3fd-fa639727e92c__ep1,ep1,test,1800,1819,8.165404319763184,8.21018123626709,0.09256990253925323,0.11651433259248734
dense_20f_stride10:8a8e1b3c-607e-4ada-b3fd-fa639727e92c__ep1:qa:174,8a8e1b3c-607e-4ada-b3fd-fa639727e92c__ep1,ep1,test,1810,1829,7.8106608390808105,6.900627136230469,0.14058195054531097,0.19147028028964996
dense_20f_stride10:8a8e1b3c-607e-4ada-b3fd-fa639727e92c__ep1:qa:175,8a8e1b3c-607e-4ada-b3fd-fa639727e92c__ep1,ep1,test,1820,1839,7.748260498046875,9.301114082336426,0.09402947872877121,0.13188651204109192
dense_20f_stride10:8a8e1b3c-607e-4ada-b3fd-fa639727e92c__ep1:qa:176,8a8e1b3c-607e-4ada-b3fd-fa639727e92c__ep1,ep1,test,1830,1849,7.7114996910095215,11.10091781616211,0.10655421763658524,0.15463460981845856
dense_20f_stride10:8a8e1b3c-607e-4ada-b3fd-fa639727e92c__ep1:qa:192,8a8e1b3c-607e-4ada-b3fd-fa639727e92c__ep1,ep1,test,2000,2019,7.655468940734863,10.666186332702637,0.07697743922472,0.12332892417907715
dense_20f_stride10:8a8e1b3c-607e-4ada-b3fd-fa639727e92c__ep1:qa:193,8a8e1b3c-607e-4ada-b3fd-fa639727e92c__ep1,ep1,test,2010,2029,7.6130475997924805,10.819324493408203,0.08909852057695389,0.13389952480793
dense_20f_stride10:8a8e1b3c-607e-4ada-b3fd-fa639727e92c__ep1:qa:194,8a8e1b3c-607e-4ada-b3fd-fa639727e92c__ep1,ep1,test,2020,2039,7.629258632659912,11.066000938415527,0.08385815471410751,0.13226182758808136
dense_20f_stride10:8a8e1b3c-607e-4ada-b3fd-fa639727e92c__ep1:qa:195,8a8e1b3c-607e-4ada-b3fd-fa639727e92c__ep1,ep1,test,2030,2049,7.674637317657471,11.21282958984375,0.07752153277397156,0.13015039265155792
dense_20f_stride10:8a8e1b3c-607e-4ada-b3fd-fa639727e92c__ep1:qa:231,8a8e1b3c-607e-4ada-b3fd-fa639727e92c__ep1,ep1,test,2400,2419,14.279290199279785,8.291021347045898,0.2118002325296402,0.2954961955547333
dense_20f_stride10:8a8e1b3c-607e-4ada-b3fd-fa639727e92c__ep1:qa:232,8a8e1b3c-607e-4ada-b3fd-fa639727e92c__ep1,ep1,test,2410,2429,14.853840827941895,8.395005226135254,0.21767766773700714,0.31900274753570557
dense_20f_stride10:8a8e1b3c-607e-4ada-b3fd-fa639727e92c__ep1:qa:233,8a8e1b3c-607e-4ada-b3fd-fa639727e92c__ep1,ep1,test,2420,2439,15.740436553955078,8.79582405090332,0.26681315898895264,0.3938286602497101
dense_20f_stride10:8a8e1b3c-607e-4ada-b3fd-fa639727e92c__ep1:qa:242,8a8e1b3c-607e-4ada-b3fd-fa639727e92c__ep1,ep1,test,2520,2539,16.776113510131836,7.840851783752441,0.37229734659194946,0.6168646812438965
dense_20f_stride10:8a8e1b3c-607e-4ada-b3fd-fa639727e92c__ep1:qa:243,8a8e1b3c-607e-4ada-b3fd-fa639727e92c__ep1,ep1,test,2530,2549,18.146900177001953,8.45602798461914,0.4286178648471832,0.6288356781005859
dense_20f_stride10:8a8e1b3c-607e-4ada-b3fd-fa639727e92c__ep1:qa:244,8a8e1b3c-607e-4ada-b3fd-fa639727e92c__ep1,ep1,test,2540,2559,18.710195541381836,6.50223445892334,0.4239773154258728,0.6499161124229431
dense_20f_stride10:8a8e1b3c-607e-4ada-b3fd-fa639727e92c__ep1:qa:245,8a8e1b3c-607e-4ada-b3fd-fa639727e92c__ep1,ep1,test,2550,2569,19.046884536743164,7.378927230834961,0.4336846172809601,0.6620475649833679
dense_20f_stride10:8a8e1b3c-607e-4ada-b3fd-fa639727e92c__ep1:qa:257,8a8e1b3c-607e-4ada-b3fd-fa639727e92c__ep1,ep1,test,2680,2699,0.0,9.957063674926758,0.22046877443790436,0.33527177572250366
dense_20f_stride10:8a8e1b3c-607e-4ada-b3fd-fa639727e92c__ep1:qa:258,8a8e1b3c-607e-4ada-b3fd-fa639727e92c__ep1,ep1,test,2690,2709,0.0,8.908528327941895,0.2182212769985199,0.2999657094478607
dense_20f_stride10:8a8e1b3c-607e-4ada-b3fd-fa639727e92c__ep1:qa:259,8a8e1b3c-607e-4ada-b3fd-fa639727e92c__ep1,ep1,test,2700,2719,0.0,7.816882610321045,0.1597898304462433,0.26320815086364746
dense_20f_stride10:8a8e1b3c-607e-4ada-b3fd-fa639727e92c__ep1:qa:260,8a8e1b3c-607e-4ada-b3fd-fa639727e92c__ep1,ep1,test,2710,2729,0.0,11.66617202758789,0.2157190442085266,0.39282047748565674
dense_20f_stride10:8a8e1b3c-607e-4ada-b3fd-fa639727e92c__ep1:qa:268,8a8e1b3c-607e-4ada-b3fd-fa639727e92c__ep1,ep1,test,2800,2819,0.0,15.527976989746094,0.3411864936351776,0.522854208946228
dense_20f_stride10:8a8e1b3c-607e-4ada-b3fd-fa639727e92c__ep1:qa:269,8a8e1b3c-607e-4ada-b3fd-fa639727e92c__ep1,ep1,test,2810,2829,0.0,15.506649017333984,0.34776949882507324,0.5221360325813293
dense_20f_stride10:8a8e1b3c-607e-4ada-b3fd-fa639727e92c__ep1:qa:270,8a8e1b3c-607e-4ada-b3fd-fa639727e92c__ep1,ep1,test,2820,2839,0.0,4.798580646514893,0.08112282305955887,0.16157661378383636
dense_20f_stride10:8a8e1b3c-607e-4ada-b3fd-fa639727e92c__ep1:qa:287,8a8e1b3c-607e-4ada-b3fd-fa639727e92c__ep1,ep1,test,3000,3019,13.629424095153809,7.905951976776123,0.2671864926815033,0.374567449092865
dense_20f_stride10:8a8e1b3c-607e-4ada-b3fd-fa639727e92c__ep1:qa:288,8a8e1b3c-607e-4ada-b3fd-fa639727e92c__ep1,ep1,test,3010,3029,13.17297649383545,7.626358509063721,0.29628652334213257,0.4080420434474945
dense_20f_stride10:8a8e1b3c-607e-4ada-b3fd-fa639727e92c__ep1:qa:289,8a8e1b3c-607e-4ada-b3fd-fa639727e92c__ep1,ep1,test,3020,3039,0.0,9.02609920501709,0.19191797077655792,0.303924560546875
dense_20f_stride10:8a8e1b3c-607e-4ada-b3fd-fa639727e92c__ep1:qa:298,8a8e1b3c-607e-4ada-b3fd-fa639727e92c__ep1,ep1,test,3120,3139,0.0,7.096024036407471,0.15750981867313385,0.23893554508686066
dense_20f_stride10:8a8e1b3c-607e-4ada-b3fd-fa639727e92c__ep1:qa:299,8a8e1b3c-607e-4ada-b3fd-fa639727e92c__ep1,ep1,test,3130,3149,0.0,5.914000034332275,0.14248870313167572,0.1991347372531891
dense_20f_stride10:8a8e1b3c-607e-4ada-b3fd-fa639727e92c__ep1:qa:300,8a8e1b3c-607e-4ada-b3fd-fa639727e92c__ep1,ep1,test,3140,3159,0.0,6.6820831298828125,0.1510239690542221,0.22499744594097137
dense_20f_stride10:8a8e1b3c-607e-4ada-b3fd-fa639727e92c__ep1:qa:301,8a8e1b3c-607e-4ada-b3fd-fa639727e92c__ep1,ep1,test,3150,3169,29.283611297607422,8.688209533691406,0.5407691597938538,0.9462352991104126
dense_20f_stride10:8a8e1b3c-607e-4ada-b3fd-fa639727e92c__ep1:qa:317,8a8e1b3c-607e-4ada-b3fd-fa639727e92c__ep1,ep1,test,3320,3339,13.84506607055664,10.699337005615234,0.09270261973142624,0.13582956790924072
dense_20f_stride10:8a8e1b3c-607e-4ada-b3fd-fa639727e92c__ep1:qa:318,8a8e1b3c-607e-4ada-b3fd-fa639727e92c__ep1,ep1,test,3330,3349,15.026966094970703,10.376296043395996,0.1565718650817871,0.22156304121017456
dense_20f_stride10:8a8e1b3c-607e-4ada-b3fd-fa639727e92c__ep1:qa:319,8a8e1b3c-607e-4ada-b3fd-fa639727e92c__ep1,ep1,test,3340,3359,15.981614112854004,10.577112197875977,0.13317804038524628,0.21480096876621246
dense_20f_stride10:8a8e1b3c-607e-4ada-b3fd-fa639727e92c__ep1:qa:320,8a8e1b3c-607e-4ada-b3fd-fa639727e92c__ep1,ep1,test,3350,3369,15.761068344116211,9.349026679992676,0.13338890671730042,0.22723565995693207
dense_20f_stride10:8a8e1b3c-607e-4ada-b3fd-fa639727e92c__ep1:qa:324,8a8e1b3c-607e-4ada-b3fd-fa639727e92c__ep1,ep1,test,3400,3419,0.0,8.46905517578125,0.16391634941101074,0.285167932510376
dense_20f_stride10:8a8e1b3c-607e-4ada-b3fd-fa639727e92c__ep1:qa:325,8a8e1b3c-607e-4ada-b3fd-fa639727e92c__ep1,ep1,test,3410,3429,0.0,8.798452377319336,0.16747967898845673,0.2962593138217926
dense_20f_stride10:8a8e1b3c-607e-4ada-b3fd-fa639727e92c__ep1:qa:326,8a8e1b3c-607e-4ada-b3fd-fa639727e92c__ep1,ep1,test,3420,3439,0.0,8.555553436279297,0.16324983537197113,0.28808048367500305
dense_20f_stride10:8a8e1b3c-607e-4ada-b3fd-fa639727e92c__ep1:qa:351,8a8e1b3c-607e-4ada-b3fd-fa639727e92c__ep1,ep1,test,3680,3699,16.652006149291992,7.602346420288086,0.29244884848594666,0.4468318819999695
dense_20f_stride10:8a8e1b3c-607e-4ada-b3fd-fa639727e92c__ep1:qa:352,8a8e1b3c-607e-4ada-b3fd-fa639727e92c__ep1,ep1,test,3690,3709,13.904930114746094,8.441307067871094,0.1386503130197525,0.23092541098594666
dense_20f_stride10:8a8e1b3c-607e-4ada-b3fd-fa639727e92c__ep1:qa:353,8a8e1b3c-607e-4ada-b3fd-fa639727e92c__ep1,ep1,test,3700,3719,15.28976821899414,9.587911605834961,0.20620107650756836,0.3218185305595398
dense_20f_stride10:8a8e1b3c-607e-4ada-b3fd-fa639727e92c__ep1:qa:354,8a8e1b3c-607e-4ada-b3fd-fa639727e92c__ep1,ep1,test,3710,3729,14.446450233459473,7.015769004821777,0.27881187200546265,0.42491766810417175
dense_20f_stride10:8a8e1b3c-607e-4ada-b3fd-fa639727e92c__ep1:qa:366,8a8e1b3c-607e-4ada-b3fd-fa639727e92c__ep1,ep1,test,3840,3859,0.0,9.19515609741211,0.1684734970331192,0.3096170127391815
dense_20f_stride10:8a8e1b3c-607e-4ada-b3fd-fa639727e92c__ep1:qa:367,8a8e1b3c-607e-4ada-b3fd-fa639727e92c__ep1,ep1,test,3850,3869,0.0,9.587629318237305,0.16348204016685486,0.32283228635787964
dense_20f_stride10:8a8e1b3c-607e-4ada-b3fd-fa639727e92c__ep1:qa:368,8a8e1b3c-607e-4ada-b3fd-fa639727e92c__ep1,ep1,test,3860,3879,0.0,10.233572006225586,0.1852913796901703,0.34458231925964355
dense_20f_stride10:8a8e1b3c-607e-4ada-b3fd-fa639727e92c__ep1:qa:381,8a8e1b3c-607e-4ada-b3fd-fa639727e92c__ep1,ep1,test,4000,4019,16.332050323486328,8.491880416870117,0.2527354955673218,0.3712609112262726
dense_20f_stride10:8a8e1b3c-607e-4ada-b3fd-fa639727e92c__ep1:qa:382,8a8e1b3c-607e-4ada-b3fd-fa639727e92c__ep1,ep1,test,4010,4029,12.545412063598633,6.621413707733154,0.20249606668949127,0.28142619132995605
dense_20f_stride10:8a8e1b3c-607e-4ada-b3fd-fa639727e92c__ep1:qa:383,8a8e1b3c-607e-4ada-b3fd-fa639727e92c__ep1,ep1,test,4020,4039,10.465161323547363,7.2790350914001465,0.13334916532039642,0.19519248604774475
dense_20f_stride10:8a8e1b3c-607e-4ada-b3fd-fa639727e92c__ep1:qa:388,8a8e1b3c-607e-4ada-b3fd-fa639727e92c__ep1,ep1,test,4080,4099,15.551267623901367,7.897378444671631,0.2579895853996277,0.3781922161579132
dense_20f_stride10:8a8e1b3c-607e-4ada-b3fd-fa639727e92c__ep1:qa:389,8a8e1b3c-607e-4ada-b3fd-fa639727e92c__ep1,ep1,test,4090,4109,14.532933235168457,5.558700084686279,0.25348711013793945,0.3685747981071472
dense_20f_stride10:8a8e1b3c-607e-4ada-b3fd-fa639727e92c__ep1:qa:390,8a8e1b3c-607e-4ada-b3fd-fa639727e92c__ep1,ep1,test,4100,4119,15.1097412109375,8.769843101501465,0.3298582434654236,0.4683438241481781
dense_20f_stride10:8a8e1b3c-607e-4ada-b3fd-fa639727e92c__ep1:qa:391,8a8e1b3c-607e-4ada-b3fd-fa639727e92c__ep1,ep1,test,4110,4129,15.521560668945312,9.594218254089355,0.26258420944213867,0.3976398706436157
dense_20f_stride10:8a8e1b3c-607e-4ada-b3fd-fa639727e92c__ep1:qa:403,8a8e1b3c-607e-4ada-b3fd-fa639727e92c__ep1,ep1,test,4240,4259,13.205056190490723,5.963460445404053,0.2768363356590271,0.4156651496887207
dense_20f_stride10:8a8e1b3c-607e-4ada-b3fd-fa639727e92c__ep1:qa:404,8a8e1b3c-607e-4ada-b3fd-fa639727e92c__ep1,ep1,test,4250,4269,15.650696754455566,7.084185600280762,0.31584644317626953,0.5145542025566101
dense_20f_stride10:8a8e1b3c-607e-4ada-b3fd-fa639727e92c__ep1:qa:405,8a8e1b3c-607e-4ada-b3fd-fa639727e92c__ep1,ep1,test,4260,4279,15.862072944641113,7.507185935974121,0.22771143913269043,0.3486648201942444
dense_20f_stride10:8a8e1b3c-607e-4ada-b3fd-fa639727e92c__ep1:qa:418,8a8e1b3c-607e-4ada-b3fd-fa639727e92c__ep1,ep1,test,4400,4419,15.073311805725098,7.1794328689575195,0.24597731232643127,0.3811035454273224
dense_20f_stride10:8a8e1b3c-607e-4ada-b3fd-fa639727e92c__ep1:qa:419,8a8e1b3c-607e-4ada-b3fd-fa639727e92c__ep1,ep1,test,4410,4429,15.788033485412598,6.566404819488525,0.2531139850616455,0.3640994429588318
dense_20f_stride10:8a8e1b3c-607e-4ada-b3fd-fa639727e92c__ep1:qa:420,8a8e1b3c-607e-4ada-b3fd-fa639727e92c__ep1,ep1,test,4420,4439,17.515541076660156,6.014400482177734,0.296829491853714,0.4525049924850464
dense_20f_stride10:8a8e1b3c-607e-4ada-b3fd-fa639727e92c__ep1:qa:421,8a8e1b3c-607e-4ada-b3fd-fa639727e92c__ep1,ep1,test,4430,4449,18.283559799194336,7.335543632507324,0.2822476923465729,0.4586280882358551
dense_20f_stride10:8a8e1b3c-607e-4ada-b3fd-fa639727e92c__ep1:qa:425,8a8e1b3c-607e-4ada-b3fd-fa639727e92c__ep1,ep1,test,4480,4499,18.8277530670166,6.167143821716309,0.3583552837371826,0.5515114665031433
dense_20f_stride10:8a8e1b3c-607e-4ada-b3fd-fa639727e92c__ep1:qa:426,8a8e1b3c-607e-4ada-b3fd-fa639727e92c__ep1,ep1,test,4490,4509,18.65104103088379,7.40135383605957,0.32787200808525085,0.4945501387119293
dense_20f_stride10:8a8e1b3c-607e-4ada-b3fd-fa639727e92c__ep1:qa:427,8a8e1b3c-607e-4ada-b3fd-fa639727e92c__ep1,ep1,test,4500,4519,19.102529525756836,7.501229286193848,0.2942523658275604,0.4745524525642395
dense_20f_stride10:8a8e1b3c-607e-4ada-b3fd-fa639727e92c__ep1:qa:440,8a8e1b3c-607e-4ada-b3fd-fa639727e92c__ep1,ep1,test,4640,4659,0.0,5.410508632659912,0.11441832035779953,0.18218129873275757
dense_20f_stride10:8a8e1b3c-607e-4ada-b3fd-fa639727e92c__ep1:qa:441,8a8e1b3c-607e-4ada-b3fd-fa639727e92c__ep1,ep1,test,4650,4669,0.0,5.621363162994385,0.12703768908977509,0.1892811506986618
dense_20f_stride10:8a8e1b3c-607e-4ada-b3fd-fa639727e92c__ep1:qa:442,8a8e1b3c-607e-4ada-b3fd-fa639727e92c__ep1,ep1,test,4660,4679,0.0,5.078784465789795,0.1217213124036789,0.1710115671157837
dense_20f_stride10:8a8e1b3c-607e-4ada-b3fd-fa639727e92c__ep1:qa:447,8a8e1b3c-607e-4ada-b3fd-fa639727e92c__ep1,ep1,test,4720,4739,0.0,7.817668437957764,0.15693728625774384,0.26323458552360535
dense_20f_stride10:8a8e1b3c-607e-4ada-b3fd-fa639727e92c__ep1:qa:448,8a8e1b3c-607e-4ada-b3fd-fa639727e92c__ep1,ep1,test,4730,4749,0.0,7.840226650238037,0.15379580855369568,0.26399415731430054
dense_20f_stride10:8a8e1b3c-607e-4ada-b3fd-fa639727e92c__ep1:qa:449,8a8e1b3c-607e-4ada-b3fd-fa639727e92c__ep1,ep1,test,4740,4759,0.0,5.760377883911133,0.1273091584444046,0.19396202266216278
dense_20f_stride10:8a8e1b3c-607e-4ada-b3fd-fa639727e92c__ep1:qa:450,8a8e1b3c-607e-4ada-b3fd-fa639727e92c__ep1,ep1,test,4750,4769,0.0,6.860222816467285,0.13979709148406982,0.23099571466445923
dense_20f_stride10:8a8e1b3c-607e-4ada-b3fd-fa639727e92c__ep1:qa:454,8a8e1b3c-607e-4ada-b3fd-fa639727e92c__ep1,ep1,test,4800,4819,0.0,6.761394023895264,0.13478651642799377,0.22766798734664917
dense_20f_stride10:8a8e1b3c-607e-4ada-b3fd-fa639727e92c__ep1:qa:455,8a8e1b3c-607e-4ada-b3fd-fa639727e92c__ep1,ep1,test,4810,4829,0.0,8.042840957641602,0.16710792481899261,0.27081653475761414
dense_20f_stride10:8a8e1b3c-607e-4ada-b3fd-fa639727e92c__ep1:qa:456,8a8e1b3c-607e-4ada-b3fd-fa639727e92c__ep1,ep1,test,4820,4839,0.0,8.536343574523926,0.17227785289287567,0.2874336242675781
dense_20f_stride10:8a8e1b3c-607e-4ada-b3fd-fa639727e92c__ep1:qa:457,8a8e1b3c-607e-4ada-b3fd-fa639727e92c__ep1,ep1,test,4830,4849,0.0,11.02318000793457,0.21361619234085083,0.3711698055267334
dense_20f_stride10:8a8e1b3c-607e-4ada-b3fd-fa639727e92c__ep1:qa:461,8a8e1b3c-607e-4ada-b3fd-fa639727e92c__ep1,ep1,test,4880,4899,0.0,6.774927139282227,0.14139939844608307,0.22812364995479584
dense_20f_stride10:8a8e1b3c-607e-4ada-b3fd-fa639727e92c__ep1:qa:462,8a8e1b3c-607e-4ada-b3fd-fa639727e92c__ep1,ep1,test,4890,4909,0.0,8.175583839416504,0.1611170917749405,0.2752862274646759
dense_20f_stride10:8a8e1b3c-607e-4ada-b3fd-fa639727e92c__ep1:qa:463,8a8e1b3c-607e-4ada-b3fd-fa639727e92c__ep1,ep1,test,4900,4919,0.0,8.959333419799805,0.16212579607963562,0.3016764521598816
dense_20f_stride10:a1012a57-385e-45a9-8a59-694a26fe92a5__ep1:qa:0,a1012a57-385e-45a9-8a59-694a26fe92a5__ep1,ep1,test,0,19,13.245115280151367,9.083874702453613,0.1526443511247635,0.2345578968524933
dense_20f_stride10:a1012a57-385e-45a9-8a59-694a26fe92a5__ep1:qa:1,a1012a57-385e-45a9-8a59-694a26fe92a5__ep1,ep1,test,10,29,13.290149688720703,8.691520690917969,0.1615207940340042,0.2331499308347702
dense_20f_stride10:a1012a57-385e-45a9-8a59-694a26fe92a5__ep1:qa:2,a1012a57-385e-45a9-8a59-694a26fe92a5__ep1,ep1,test,20,39,13.003008842468262,10.590187072753906,0.14699074625968933,0.22338956594467163
dense_20f_stride10:a1012a57-385e-45a9-8a59-694a26fe92a5__ep1:qa:3,a1012a57-385e-45a9-8a59-694a26fe92a5__ep1,ep1,test,30,49,12.81969165802002,11.747766494750977,0.09168076515197754,0.17482954263687134
dense_20f_stride10:a1012a57-385e-45a9-8a59-694a26fe92a5__ep1:qa:4,a1012a57-385e-45a9-8a59-694a26fe92a5__ep1,ep1,test,40,59,12.507186889648438,11.9873046875,0.07945054769515991,0.1650206297636032
dense_20f_stride10:a1012a57-385e-45a9-8a59-694a26fe92a5__ep1:qa:5,a1012a57-385e-45a9-8a59-694a26fe92a5__ep1,ep1,test,50,69,12.26977825164795,12.151569366455078,0.08065279573202133,0.16470429301261902
dense_20f_stride10:a1012a57-385e-45a9-8a59-694a26fe92a5__ep1:qa:6,a1012a57-385e-45a9-8a59-694a26fe92a5__ep1,ep1,test,60,79,12.499399185180664,11.967850685119629,0.08114129304885864,0.1575656533241272
dense_20f_stride10:a1012a57-385e-45a9-8a59-694a26fe92a5__ep1:qa:7,a1012a57-385e-45a9-8a59-694a26fe92a5__ep1,ep1,test,70,89,13.130779266357422,11.693470001220703,0.09365271776914597,0.14767906069755554
dense_20f_stride10:a1012a57-385e-45a9-8a59-694a26fe92a5__ep1:qa:8,a1012a57-385e-45a9-8a59-694a26fe92a5__ep1,ep1,test,80,99,14.217630386352539,11.21694564819336,0.12590748071670532,0.168157160282135
dense_20f_stride10:a1012a57-385e-45a9-8a59-694a26fe92a5__ep1:qa:9,a1012a57-385e-45a9-8a59-694a26fe92a5__ep1,ep1,test,90,109,14.898626327514648,11.322487831115723,0.10630813986063004,0.1567012518644333
dense_20f_stride10:a1012a57-385e-45a9-8a59-694a26fe92a5__ep1:qa:10,a1012a57-385e-45a9-8a59-694a26fe92a5__ep1,ep1,test,100,119,15.71673583984375,11.95178508758545,0.11483830213546753,0.17328813672065735
dense_20f_stride10:a1012a57-385e-45a9-8a59-694a26fe92a5__ep1:qa:11,a1012a57-385e-45a9-8a59-694a26fe92a5__ep1,ep1,test,110,129,15.837528228759766,11.63798713684082,0.11192498356103897,0.18431518971920013
dense_20f_stride10:a1012a57-385e-45a9-8a59-694a26fe92a5__ep1:qa:12,a1012a57-385e-45a9-8a59-694a26fe92a5__ep1,ep1,test,120,139,13.225178718566895,11.015767097473145,0.17901146411895752,0.2875131666660309
dense_20f_stride10:a1012a57-385e-45a9-8a59-694a26fe92a5__ep1:qa:13,a1012a57-385e-45a9-8a59-694a26fe92a5__ep1,ep1,test,130,149,12.455686569213867,8.799698829650879,0.1852816790342331,0.2538301944732666
dense_20f_stride10:a1012a57-385e-45a9-8a59-694a26fe92a5__ep1:qa:14,a1012a57-385e-45a9-8a59-694a26fe92a5__ep1,ep1,test,140,159,13.238113403320312,8.885095596313477,0.1809500753879547,0.25192227959632874
dense_20f_stride10:a1012a57-385e-45a9-8a59-694a26fe92a5__ep1:qa:15,a1012a57-385e-45a9-8a59-694a26fe92a5__ep1,ep1,test,150,169,14.191202163696289,10.449728965759277,0.2518540024757385,0.3481888771057129
dense_20f_stride10:a1012a57-385e-45a9-8a59-694a26fe92a5__ep1:qa:16,a1012a57-385e-45a9-8a59-694a26fe92a5__ep1,ep1,test,160,179,14.436052322387695,9.375953674316406,0.29545071721076965,0.40283071994781494
dense_20f_stride10:a1012a57-385e-45a9-8a59-694a26fe92a5__ep1:qa:17,a1012a57-385e-45a9-8a59-694a26fe92a5__ep1,ep1,test,170,189,16.19489288330078,9.387711524963379,0.27430015802383423,0.367610365152359
dense_20f_stride10:a1012a57-385e-45a9-8a59-694a26fe92a5__ep1:qa:18,a1012a57-385e-45a9-8a59-694a26fe92a5__ep1,ep1,test,180,199,17.26273536682129,8.705137252807617,0.21881075203418732,0.32509732246398926
dense_20f_stride10:a1012a57-385e-45a9-8a59-694a26fe92a5__ep1:qa:19,a1012a57-385e-45a9-8a59-694a26fe92a5__ep1,ep1,test,190,209,17.60978126525879,9.717815399169922,0.22413431107997894,0.33151233196258545
dense_20f_stride10:a1012a57-385e-45a9-8a59-694a26fe92a5__ep1:qa:20,a1012a57-385e-45a9-8a59-694a26fe92a5__ep1,ep1,test,200,219,17.113374710083008,10.12802505493164,0.1950094997882843,0.29395610094070435
dense_20f_stride10:a1012a57-385e-45a9-8a59-694a26fe92a5__ep1:qa:21,a1012a57-385e-45a9-8a59-694a26fe92a5__ep1,ep1,test,210,229,17.169729232788086,10.443440437316895,0.17285306751728058,0.2665213346481323
dense_20f_stride10:a1012a57-385e-45a9-8a59-694a26fe92a5__ep1:qa:22,a1012a57-385e-45a9-8a59-694a26fe92a5__ep1,ep1,test,220,239,17.88631820678711,9.374692916870117,0.22297680377960205,0.34089529514312744
dense_20f_stride10:a1012a57-385e-45a9-8a59-694a26fe92a5__ep1:qa:23,a1012a57-385e-45a9-8a59-694a26fe92a5__ep1,ep1,test,240,259,18.428258895874023,10.579523086547852,0.24400928616523743,0.3798680305480957
dense_20f_stride10:a1012a57-385e-45a9-8a59-694a26fe92a5__ep1:qa:24,a1012a57-385e-45a9-8a59-694a26fe92a5__ep1,ep1,test,250,269,18.456926345825195,9.404025077819824,0.24704784154891968,0.3926559388637543
dense_20f_stride10:a1012a57-385e-45a9-8a59-694a26fe92a5__ep1:qa:25,a1012a57-385e-45a9-8a59-694a26fe92a5__ep1,ep1,test,260,279,17.657873153686523,12.267708778381348,0.4074632525444031,0.5650951862335205
dense_20f_stride10:a1012a57-385e-45a9-8a59-694a26fe92a5__ep1:qa:26,a1012a57-385e-45a9-8a59-694a26fe92a5__ep1,ep1,test,270,289,16.812036514282227,17.910053253173828,0.5613579750061035,0.7943675518035889
dense_20f_stride10:a1012a57-385e-45a9-8a59-694a26fe92a5__ep1:qa:27,a1012a57-385e-45a9-8a59-694a26fe92a5__ep1,ep1,test,280,299,16.044830322265625,7.681969165802002,0.3880568742752075,0.5836520791053772
dense_20f_stride10:a1012a57-385e-45a9-8a59-694a26fe92a5__ep1:qa:28,a1012a57-385e-45a9-8a59-694a26fe92a5__ep1,ep1,test,290,309,15.548063278198242,9.84006118774414,0.37649333477020264,0.5227473378181458
dense_20f_stride10:a1012a57-385e-45a9-8a59-694a26fe92a5__ep1:qa:29,a1012a57-385e-45a9-8a59-694a26fe92a5__ep1,ep1,test,300,319,15.161849975585938,7.926908016204834,0.2695719301700592,0.37690916657447815
dense_20f_stride10:a1012a57-385e-45a9-8a59-694a26fe92a5__ep1:qa:30,a1012a57-385e-45a9-8a59-694a26fe92a5__ep1,ep1,test,310,329,14.749619483947754,9.628262519836426,0.1466483473777771,0.23151728510856628
dense_20f_stride10:a1012a57-385e-45a9-8a59-694a26fe92a5__ep1:qa:31,a1012a57-385e-45a9-8a59-694a26fe92a5__ep1,ep1,test,320,339,15.185920715332031,7.099879264831543,0.29906609654426575,0.41175368428230286
dense_20f_stride10:a1012a57-385e-45a9-8a59-694a26fe92a5__ep1:qa:32,a1012a57-385e-45a9-8a59-694a26fe92a5__ep1,ep1,test,330,349,16.71337127685547,7.273962020874023,0.33572620153427124,0.47512367367744446
dense_20f_stride10:a1012a57-385e-45a9-8a59-694a26fe92a5__ep1:qa:33,a1012a57-385e-45a9-8a59-694a26fe92a5__ep1,ep1,test,340,359,17.383441925048828,9.408803939819336,0.24918022751808167,0.40124768018722534
dense_20f_stride10:a1012a57-385e-45a9-8a59-694a26fe92a5__ep1:qa:34,a1012a57-385e-45a9-8a59-694a26fe92a5__ep1,ep1,test,360,379,17.139657974243164,10.404324531555176,0.2319486141204834,0.33697760105133057
dense_20f_stride10:a1012a57-385e-45a9-8a59-694a26fe92a5__ep1:qa:35,a1012a57-385e-45a9-8a59-694a26fe92a5__ep1,ep1,test,370,389,17.00649070739746,10.833005905151367,0.21520589292049408,0.32606977224349976
dense_20f_stride10:a1012a57-385e-45a9-8a59-694a26fe92a5__ep1:qa:36,a1012a57-385e-45a9-8a59-694a26fe92a5__ep1,ep1,test,380,399,16.94746971130371,10.424257278442383,0.2188190519809723,0.3352697193622589
dense_20f_stride10:a1012a57-385e-45a9-8a59-694a26fe92a5__ep1:qa:37,a1012a57-385e-45a9-8a59-694a26fe92a5__ep1,ep1,test,400,419,16.89045524597168,10.608062744140625,0.2043474018573761,0.3136775493621826
dense_20f_stride10:a1012a57-385e-45a9-8a59-694a26fe92a5__ep1:qa:38,a1012a57-385e-45a9-8a59-694a26fe92a5__ep1,ep1,test,410,429,16.91653823852539,10.507218360900879,0.20172780752182007,0.3099244236946106
dense_20f_stride10:a1012a57-385e-45a9-8a59-694a26fe92a5__ep1:qa:39,a1012a57-385e-45a9-8a59-694a26fe92a5__ep1,ep1,test,420,439,16.9046573638916,10.403094291687012,0.21004267036914825,0.32179632782936096
dense_20f_stride10:a1012a57-385e-45a9-8a59-694a26fe92a5__ep1:qa:40,a1012a57-385e-45a9-8a59-694a26fe92a5__ep1,ep1,test,430,449,16.905302047729492,10.288403511047363,0.20762281119823456,0.317973256111145
dense_20f_stride10:a1012a57-385e-45a9-8a59-694a26fe92a5__ep1:qa:41,a1012a57-385e-45a9-8a59-694a26fe92a5__ep1,ep1,test,440,459,16.887632369995117,10.25146198272705,0.2105313092470169,0.3216692805290222
dense_20f_stride10:a1012a57-385e-45a9-8a59-694a26fe92a5__ep1:qa:42,a1012a57-385e-45a9-8a59-694a26fe92a5__ep1,ep1,test,450,469,16.90353775024414,9.465869903564453,0.2096899449825287,0.33219805359840393
dense_20f_stride10:a1012a57-385e-45a9-8a59-694a26fe92a5__ep1:qa:43,a1012a57-385e-45a9-8a59-694a26fe92a5__ep1,ep1,test,460,479,16.969804763793945,8.942059516906738,0.20462177693843842,0.3509005904197693
dense_20f_stride10:a1012a57-385e-45a9-8a59-694a26fe92a5__ep1:qa:44,a1012a57-385e-45a9-8a59-694a26fe92a5__ep1,ep1,test,470,489,17.038129806518555,9.76030445098877,0.2221037894487381,0.3522033989429474
dense_20f_stride10:a1012a57-385e-45a9-8a59-694a26fe92a5__ep1:qa:45,a1012a57-385e-45a9-8a59-694a26fe92a5__ep1,ep1,test,480,499,17.179725646972656,9.487616539001465,0.22656451165676117,0.3593844473361969
dense_20f_stride10:a1012a57-385e-45a9-8a59-694a26fe92a5__ep1:qa:46,a1012a57-385e-45a9-8a59-694a26fe92a5__ep1,ep1,test,490,509,17.12358856201172,9.580521583557129,0.2529258728027344,0.38088491559028625
dense_20f_stride10:a1012a57-385e-45a9-8a59-694a26fe92a5__ep1:qa:47,a1012a57-385e-45a9-8a59-694a26fe92a5__ep1,ep1,test,500,519,16.91204261779785,10.615291595458984,0.25640344619750977,0.38708093762397766
dense_20f_stride10:a1012a57-385e-45a9-8a59-694a26fe92a5__ep1:qa:48,a1012a57-385e-45a9-8a59-694a26fe92a5__ep1,ep1,test,510,529,16.88066864013672,10.75977611541748,0.24409717321395874,0.3763467073440552
dense_20f_stride10:a1012a57-385e-45a9-8a59-694a26fe92a5__ep1:qa:49,a1012a57-385e-45a9-8a59-694a26fe92a5__ep1,ep1,test,520,539,16.84920883178711,10.592330932617188,0.23962976038455963,0.37173891067504883
dense_20f_stride10:a1012a57-385e-45a9-8a59-694a26fe92a5__ep1:qa:50,a1012a57-385e-45a9-8a59-694a26fe92a5__ep1,ep1,test,530,549,16.757261276245117,10.892324447631836,0.23027080297470093,0.35204169154167175
dense_20f_stride10:a1012a57-385e-45a9-8a59-694a26fe92a5__ep1:qa:51,a1012a57-385e-45a9-8a59-694a26fe92a5__ep1,ep1,test,540,559,16.629743576049805,11.058846473693848,0.2062930166721344,0.3237927556037903
dense_20f_stride10:a1012a57-385e-45a9-8a59-694a26fe92a5__ep1:qa:52,a1012a57-385e-45a9-8a59-694a26fe92a5__ep1,ep1,test,550,569,16.61295509338379,10.730977058410645,0.2034938782453537,0.3058977723121643
dense_20f_stride10:a1012a57-385e-45a9-8a59-694a26fe92a5__ep1:qa:53,a1012a57-385e-45a9-8a59-694a26fe92a5__ep1,ep1,test,560,579,17.247344970703125,9.283719062805176,0.2604677677154541,0.3633468449115753
dense_20f_stride10:a1012a57-385e-45a9-8a59-694a26fe92a5__ep1:qa:54,a1012a57-385e-45a9-8a59-694a26fe92a5__ep1,ep1,test,570,589,16.698728561401367,8.534878730773926,0.23657643795013428,0.3324876129627228
dense_20f_stride10:a1012a57-385e-45a9-8a59-694a26fe92a5__ep1:qa:55,a1012a57-385e-45a9-8a59-694a26fe92a5__ep1,ep1,test,580,599,16.327678680419922,9.528010368347168,0.20301464200019836,0.29139089584350586
dense_20f_stride10:a1012a57-385e-45a9-8a59-694a26fe92a5__ep1:qa:56,a1012a57-385e-45a9-8a59-694a26fe92a5__ep1,ep1,test,590,609,14.017133712768555,10.45325756072998,0.13717594742774963,0.2251739650964737
dense_20f_stride10:a1012a57-385e-45a9-8a59-694a26fe92a5__ep1:qa:57,a1012a57-385e-45a9-8a59-694a26fe92a5__ep1,ep1,test,600,619,15.42977237701416,10.396599769592285,0.1915351301431656,0.28820279240608215
dense_20f_stride10:a1012a57-385e-45a9-8a59-694a26fe92a5__ep1:qa:58,a1012a57-385e-45a9-8a59-694a26fe92a5__ep1,ep1,test,610,629,15.764647483825684,10.174905776977539,0.2072439044713974,0.28942519426345825
dense_20f_stride10:a1012a57-385e-45a9-8a59-694a26fe92a5__ep1:qa:59,a1012a57-385e-45a9-8a59-694a26fe92a5__ep1,ep1,test,620,639,16.522663116455078,9.465896606445312,0.2353219836950302,0.3481471836566925
dense_20f_stride10:a1012a57-385e-45a9-8a59-694a26fe92a5__ep1:qa:60,a1012a57-385e-45a9-8a59-694a26fe92a5__ep1,ep1,test,630,649,16.626895904541016,12.104843139648438,0.2772175073623657,0.3742167353630066
dense_20f_stride10:a1012a57-385e-45a9-8a59-694a26fe92a5__ep1:qa:61,a1012a57-385e-45a9-8a59-694a26fe92a5__ep1,ep1,test,640,659,16.26090431213379,10.664464950561523,0.11973366886377335,0.19860869646072388
dense_20f_stride10:a1012a57-385e-45a9-8a59-694a26fe92a5__ep1:qa:62,a1012a57-385e-45a9-8a59-694a26fe92a5__ep1,ep1,test,650,669,15.834590911865234,10.987601280212402,0.1279899924993515,0.18875008821487427
dense_20f_stride10:a1012a57-385e-45a9-8a59-694a26fe92a5__ep1:qa:63,a1012a57-385e-45a9-8a59-694a26fe92a5__ep1,ep1,test,660,679,15.80255126953125,11.012947082519531,0.12905406951904297,0.19343385100364685
dense_20f_stride10:a1012a57-385e-45a9-8a59-694a26fe92a5__ep1:qa:496,a1012a57-385e-45a9-8a59-694a26fe92a5__ep1,ep1,test,5000,5019,14.556442260742188,11.17861557006836,0.07199210673570633,0.13384078443050385
dense_20f_stride10:a1012a57-385e-45a9-8a59-694a26fe92a5__ep1:qa:497,a1012a57-385e-45a9-8a59-694a26fe92a5__ep1,ep1,test,5010,5029,14.52287769317627,10.798629760742188,0.08604308217763901,0.14611321687698364
dense_20f_stride10:a1012a57-385e-45a9-8a59-694a26fe92a5__ep1:qa:498,a1012a57-385e-45a9-8a59-694a26fe92a5__ep1,ep1,test,5020,5039,14.491596221923828,10.780721664428711,0.08772169798612595,0.14770859479904175
dense_20f_stride10:a1012a57-385e-45a9-8a59-694a26fe92a5__ep1:qa:499,a1012a57-385e-45a9-8a59-694a26fe92a5__ep1,ep1,test,5030,5049,14.484277725219727,11.052734375,0.09795641154050827,0.15745344758033752
dense_20f_stride10:a1012a57-385e-45a9-8a59-694a26fe92a5__ep1:qa:500,a1012a57-385e-45a9-8a59-694a26fe92a5__ep1,ep1,test,5040,5059,14.377490997314453,10.844258308410645,0.1016111671924591,0.16118799149990082
dense_20f_stride10:a1012a57-385e-45a9-8a59-694a26fe92a5__ep1:qa:501,a1012a57-385e-45a9-8a59-694a26fe92a5__ep1,ep1,test,5050,5069,14.314239501953125,10.466750144958496,0.10259316861629486,0.16192317008972168
dense_20f_stride10:a1012a57-385e-45a9-8a59-694a26fe92a5__ep1:qa:502,a1012a57-385e-45a9-8a59-694a26fe92a5__ep1,ep1,test,5060,5079,14.365321159362793,10.178777694702148,0.10436629503965378,0.1684751808643341
dense_20f_stride10:a1012a57-385e-45a9-8a59-694a26fe92a5__ep1:qa:503,a1012a57-385e-45a9-8a59-694a26fe92a5__ep1,ep1,test,5070,5089,14.414536476135254,10.201608657836914,0.10930302739143372,0.18108487129211426
dense_20f_stride10:a1012a57-385e-45a9-8a59-694a26fe92a5__ep1:qa:504,a1012a57-385e-45a9-8a59-694a26fe92a5__ep1,ep1,test,5080,5099,14.413125991821289,10.51805591583252,0.11100849509239197,0.180317223072052
dense_20f_stride10:a1012a57-385e-45a9-8a59-694a26fe92a5__ep1:qa:505,a1012a57-385e-45a9-8a59-694a26fe92a5__ep1,ep1,test,5090,5109,14.37112808227539,10.594873428344727,0.11122310161590576,0.18433839082717896
dense_20f_stride10:a1012a57-385e-45a9-8a59-694a26fe92a5__ep1:qa:506,a1012a57-385e-45a9-8a59-694a26fe92a5__ep1,ep1,test,5100,5119,14.289424896240234,10.694647789001465,0.11334608495235443,0.1869855672121048
dense_20f_stride10:a1012a57-385e-45a9-8a59-694a26fe92a5__ep1:qa:507,a1012a57-385e-45a9-8a59-694a26fe92a5__ep1,ep1,test,5110,5129,13.496784210205078,10.405342102050781,0.11814432591199875,0.17557373642921448
dense_20f_stride10:a1012a57-385e-45a9-8a59-694a26fe92a5__ep1:qa:508,a1012a57-385e-45a9-8a59-694a26fe92a5__ep1,ep1,test,5120,5139,13.023351669311523,10.507953643798828,0.11964281648397446,0.1758679747581482
dense_20f_stride10:a1012a57-385e-45a9-8a59-694a26fe92a5__ep1:qa:509,a1012a57-385e-45a9-8a59-694a26fe92a5__ep1,ep1,test,5130,5149,11.788213729858398,9.93381118774414,0.08562021702528,0.13504166901111603
dense_20f_stride10:a1012a57-385e-45a9-8a59-694a26fe92a5__ep1:qa:510,a1012a57-385e-45a9-8a59-694a26fe92a5__ep1,ep1,test,5140,5159,12.891220092773438,9.087980270385742,0.09295498579740524,0.1584576815366745
dense_20f_stride10:a1012a57-385e-45a9-8a59-694a26fe92a5__ep1:qa:511,a1012a57-385e-45a9-8a59-694a26fe92a5__ep1,ep1,test,5150,5169,13.241992950439453,8.869817733764648,0.09625798463821411,0.17173978686332703
dense_20f_stride10:a1012a57-385e-45a9-8a59-694a26fe92a5__ep1:qa:512,a1012a57-385e-45a9-8a59-694a26fe92a5__ep1,ep1,test,5160,5179,13.846556663513184,9.938627243041992,0.10334550589323044,0.1750221699476242
dense_20f_stride10:a1012a57-385e-45a9-8a59-694a26fe92a5__ep1:qa:513,a1012a57-385e-45a9-8a59-694a26fe92a5__ep1,ep1,test,5170,5189,13.8176908493042,10.192646026611328,0.10449355095624924,0.1770997792482376
dense_20f_stride10:a1012a57-385e-45a9-8a59-694a26fe92a5__ep1:qa:514,a1012a57-385e-45a9-8a59-694a26fe92a5__ep1,ep1,test,5180,5199,13.060820579528809,10.2116117477417,0.11627397686243057,0.1716320514678955
dense_20f_stride10:a1012a57-385e-45a9-8a59-694a26fe92a5__ep1:qa:515,a1012a57-385e-45a9-8a59-694a26fe92a5__ep1,ep1,test,5190,5209,12.51377010345459,10.163897514343262,0.12043820321559906,0.16447213292121887
dense_20f_stride10:a1012a57-385e-45a9-8a59-694a26fe92a5__ep1:qa:516,a1012a57-385e-45a9-8a59-694a26fe92a5__ep1,ep1,test,5200,5219,13.209324836730957,10.224028587341309,0.12966428697109222,0.18698345124721527
dense_20f_stride10:a1012a57-385e-45a9-8a59-694a26fe92a5__ep1:qa:517,a1012a57-385e-45a9-8a59-694a26fe92a5__ep1,ep1,test,5210,5229,12.368101119995117,10.218448638916016,0.10818880796432495,0.17292338609695435
dense_20f_stride10:a1012a57-385e-45a9-8a59-694a26fe92a5__ep1:qa:518,a1012a57-385e-45a9-8a59-694a26fe92a5__ep1,ep1,test,5220,5239,12.414487838745117,10.148655891418457,0.10681706666946411,0.17320019006729126
dense_20f_stride10:a1012a57-385e-45a9-8a59-694a26fe92a5__ep1:qa:519,a1012a57-385e-45a9-8a59-694a26fe92a5__ep1,ep1,test,5230,5249,12.48228645324707,10.062971115112305,0.10550269484519958,0.17604586482048035
dense_20f_stride10:a1012a57-385e-45a9-8a59-694a26fe92a5__ep1:qa:520,a1012a57-385e-45a9-8a59-694a26fe92a5__ep1,ep1,test,5240,5259,12.560847282409668,10.071738243103027,0.10887059569358826,0.18085692822933197
dense_20f_stride10:a1012a57-385e-45a9-8a59-694a26fe92a5__ep1:qa:521,a1012a57-385e-45a9-8a59-694a26fe92a5__ep1,ep1,test,5250,5269,12.605600357055664,10.05504035949707,0.10730341821908951,0.17939606308937073
dense_20f_stride10:a1012a57-385e-45a9-8a59-694a26fe92a5__ep1:qa:522,a1012a57-385e-45a9-8a59-694a26fe92a5__ep1,ep1,test,5260,5279,12.649515151977539,9.967233657836914,0.11231548339128494,0.18441058695316315
dense_20f_stride10:a1012a57-385e-45a9-8a59-694a26fe92a5__ep1:qa:582,a1012a57-385e-45a9-8a59-694a26fe92a5__ep1,ep1,test,5880,5899,0.0,7.593360900878906,0.16991962492465973,0.25568175315856934
dense_20f_stride10:a1012a57-385e-45a9-8a59-694a26fe92a5__ep1:qa:583,a1012a57-385e-45a9-8a59-694a26fe92a5__ep1,ep1,test,5890,5909,0.0,6.296192169189453,0.1108374297618866,0.21200382709503174
dense_20f_stride10:a1012a57-385e-45a9-8a59-694a26fe92a5__ep1:qa:584,a1012a57-385e-45a9-8a59-694a26fe92a5__ep1,ep1,test,5900,5919,0.0,7.973623275756836,0.14515239000320435,0.2684858739376068
dense_20f_stride10:a1012a57-385e-45a9-8a59-694a26fe92a5__ep1:qa:585,a1012a57-385e-45a9-8a59-694a26fe92a5__ep1,ep1,test,5910,5929,0.0,9.68254280090332,0.17120440304279327,0.32602816820144653
dense_20f_stride10:a1012a57-385e-45a9-8a59-694a26fe92a5__ep1:qa:586,a1012a57-385e-45a9-8a59-694a26fe92a5__ep1,ep1,test,5920,5939,0.0,10.22658920288086,0.16813205182552338,0.34434717893600464
dense_20f_stride10:33f7ae08-ac1d-4321-9cb9-eca79016b359__ep1:qa:0,33f7ae08-ac1d-4321-9cb9-eca79016b359__ep1,ep1,test,0,19,0.0,11.637006759643555,0.17811158299446106,0.391838401556015
dense_20f_stride10:33f7ae08-ac1d-4321-9cb9-eca79016b359__ep1:qa:1,33f7ae08-ac1d-4321-9cb9-eca79016b359__ep1,ep1,test,10,29,0.0,11.750277519226074,0.1816558837890625,0.3956524431705475
dense_20f_stride10:33f7ae08-ac1d-4321-9cb9-eca79016b359__ep1:qa:2,33f7ae08-ac1d-4321-9cb9-eca79016b359__ep1,ep1,test,20,39,0.0,11.806234359741211,0.1803368628025055,0.39753657579421997
dense_20f_stride10:33f7ae08-ac1d-4321-9cb9-eca79016b359__ep1:qa:3,33f7ae08-ac1d-4321-9cb9-eca79016b359__ep1,ep1,test,30,49,0.0,11.652044296264648,0.1804628223180771,0.39234474301338196
dense_20f_stride10:33f7ae08-ac1d-4321-9cb9-eca79016b359__ep1:qa:4,33f7ae08-ac1d-4321-9cb9-eca79016b359__ep1,ep1,test,40,59,0.0,11.798796653747559,0.18071302771568298,0.3972861170768738
dense_20f_stride10:33f7ae08-ac1d-4321-9cb9-eca79016b359__ep1:qa:31,33f7ae08-ac1d-4321-9cb9-eca79016b359__ep1,ep1,test,320,339,0.0,8.089767456054688,0.17636343836784363,0.27239665389060974
dense_20f_stride10:33f7ae08-ac1d-4321-9cb9-eca79016b359__ep1:qa:32,33f7ae08-ac1d-4321-9cb9-eca79016b359__ep1,ep1,test,330,349,0.0,7.584964752197266,0.16951601207256317,0.25539904832839966
dense_20f_stride10:33f7ae08-ac1d-4321-9cb9-eca79016b359__ep1:qa:33,33f7ae08-ac1d-4321-9cb9-eca79016b359__ep1,ep1,test,340,359,0.0,8.54319953918457,0.15245172381401062,0.2876645028591156
dense_20f_stride10:33f7ae08-ac1d-4321-9cb9-eca79016b359__ep1:qa:34,33f7ae08-ac1d-4321-9cb9-eca79016b359__ep1,ep1,test,350,369,0.0,10.827954292297363,0.16988541185855865,0.3645961582660675
dense_20f_stride10:33f7ae08-ac1d-4321-9cb9-eca79016b359__ep1:qa:35,33f7ae08-ac1d-4321-9cb9-eca79016b359__ep1,ep1,test,360,379,0.0,10.252602577209473,0.16424398124217987,0.3452230989933014
dense_20f_stride10:33f7ae08-ac1d-4321-9cb9-eca79016b359__ep1:qa:38,33f7ae08-ac1d-4321-9cb9-eca79016b359__ep1,ep1,test,400,419,0.0,10.14456844329834,0.1742582470178604,0.3415853977203369
dense_20f_stride10:33f7ae08-ac1d-4321-9cb9-eca79016b359__ep1:qa:39,33f7ae08-ac1d-4321-9cb9-eca79016b359__ep1,ep1,test,410,429,0.0,10.29566764831543,0.18110889196395874,0.3466731607913971
dense_20f_stride10:33f7ae08-ac1d-4321-9cb9-eca79016b359__ep1:qa:40,33f7ae08-ac1d-4321-9cb9-eca79016b359__ep1,ep1,test,420,439,0.0,11.138792991638184,0.17592531442642212,0.3750627040863037
dense_20f_stride10:33f7ae08-ac1d-4321-9cb9-eca79016b359__ep1:qa:41,33f7ae08-ac1d-4321-9cb9-eca79016b359__ep1,ep1,test,430,449,0.0,11.391972541809082,0.17156283557415009,0.38358768820762634
dense_20f_stride10:33f7ae08-ac1d-4321-9cb9-eca79016b359__ep1:qa:42,33f7ae08-ac1d-4321-9cb9-eca79016b359__ep1,ep1,test,440,459,0.0,11.241776466369629,0.17487409710884094,0.3785302937030792
dense_20f_stride10:33f7ae08-ac1d-4321-9cb9-eca79016b359__ep1:qa:89,33f7ae08-ac1d-4321-9cb9-eca79016b359__ep1,ep1,test,920,939,32.92160415649414,11.984979629516602,0.800759494304657,1.0861904621124268
dense_20f_stride10:33f7ae08-ac1d-4321-9cb9-eca79016b359__ep1:qa:90,33f7ae08-ac1d-4321-9cb9-eca79016b359__ep1,ep1,test,930,949,37.79205322265625,9.719202995300293,0.8867266178131104,1.2215248346328735
dense_20f_stride10:33f7ae08-ac1d-4321-9cb9-eca79016b359__ep1:qa:91,33f7ae08-ac1d-4321-9cb9-eca79016b359__ep1,ep1,test,940,959,38.536590576171875,9.508909225463867,0.7128071784973145,1.1604641675949097
dense_20f_stride10:33f7ae08-ac1d-4321-9cb9-eca79016b359__ep1:qa:92,33f7ae08-ac1d-4321-9cb9-eca79016b359__ep1,ep1,test,950,969,39.54460525512695,11.889647483825684,0.7100309133529663,1.211691975593567
dense_20f_stride10:33f7ae08-ac1d-4321-9cb9-eca79016b359__ep1:qa:93,33f7ae08-ac1d-4321-9cb9-eca79016b359__ep1,ep1,test,960,979,40.177734375,11.316883087158203,0.7020918130874634,1.2087045907974243
dense_20f_stride10:33f7ae08-ac1d-4321-9cb9-eca79016b359__ep1:qa:96,33f7ae08-ac1d-4321-9cb9-eca79016b359__ep1,ep1,test,1000,1019,36.62763214111328,9.422928810119629,0.5936338901519775,1.0507725477218628
dense_20f_stride10:33f7ae08-ac1d-4321-9cb9-eca79016b359__ep1:qa:97,33f7ae08-ac1d-4321-9cb9-eca79016b359__ep1,ep1,test,1010,1029,34.796424865722656,9.113678932189941,0.5593839287757874,0.9695416688919067
dense_20f_stride10:33f7ae08-ac1d-4321-9cb9-eca79016b359__ep1:qa:98,33f7ae08-ac1d-4321-9cb9-eca79016b359__ep1,ep1,test,1020,1039,33.4135856628418,8.357415199279785,0.657513439655304,1.0963777303695679
dense_20f_stride10:33f7ae08-ac1d-4321-9cb9-eca79016b359__ep1:qa:99,33f7ae08-ac1d-4321-9cb9-eca79016b359__ep1,ep1,test,1030,1049,31.005599975585938,7.943333625793457,0.5653519630432129,1.027904748916626
dense_20f_stride10:33f7ae08-ac1d-4321-9cb9-eca79016b359__ep1:qa:100,33f7ae08-ac1d-4321-9cb9-eca79016b359__ep1,ep1,test,1040,1059,28.898698806762695,8.00851821899414,0.5402147173881531,0.8793282508850098
dense_20f_stride10:33f7ae08-ac1d-4321-9cb9-eca79016b359__ep1:qa:111,33f7ae08-ac1d-4321-9cb9-eca79016b359__ep1,ep1,test,1160,1179,20.4461727142334,10.844636917114258,0.431139200925827,0.6892541646957397
dense_20f_stride10:33f7ae08-ac1d-4321-9cb9-eca79016b359__ep1:qa:112,33f7ae08-ac1d-4321-9cb9-eca79016b359__ep1,ep1,test,1170,1189,22.787338256835938,9.94016170501709,0.5117709040641785,0.8106397390365601
dense_20f_stride10:33f7ae08-ac1d-4321-9cb9-eca79016b359__ep1:qa:113,33f7ae08-ac1d-4321-9cb9-eca79016b359__ep1,ep1,test,1180,1199,24.25784683227539,11.729249954223633,0.44332924485206604,0.680412232875824
dense_20f_stride10:33f7ae08-ac1d-4321-9cb9-eca79016b359__ep1:qa:114,33f7ae08-ac1d-4321-9cb9-eca79016b359__ep1,ep1,test,1190,1209,26.56777572631836,9.358774185180664,0.3614404499530792,0.7206317782402039
dense_20f_stride10:33f7ae08-ac1d-4321-9cb9-eca79016b359__ep1:qa:115,33f7ae08-ac1d-4321-9cb9-eca79016b359__ep1,ep1,test,1200,1219,28.442089080810547,8.68911361694336,0.46102839708328247,0.838868260383606
dense_20f_stride10:33f7ae08-ac1d-4321-9cb9-eca79016b359__ep1:qa:122,33f7ae08-ac1d-4321-9cb9-eca79016b359__ep1,ep1,test,1280,1299,29.2154598236084,9.449630737304688,0.6750385761260986,0.9363813400268555
dense_20f_stride10:33f7ae08-ac1d-4321-9cb9-eca79016b359__ep1:qa:123,33f7ae08-ac1d-4321-9cb9-eca79016b359__ep1,ep1,test,1290,1309,0.0,7.9005446434021,0.1492786705493927,0.266025185585022
dense_20f_stride10:33f7ae08-ac1d-4321-9cb9-eca79016b359__ep1:qa:124,33f7ae08-ac1d-4321-9cb9-eca79016b359__ep1,ep1,test,1300,1319,0.0,9.083855628967285,0.16813263297080994,0.30586931109428406
dense_20f_stride10:33f7ae08-ac1d-4321-9cb9-eca79016b359__ep1:qa:125,33f7ae08-ac1d-4321-9cb9-eca79016b359__ep1,ep1,test,1310,1329,0.0,9.504033088684082,0.16858159005641937,0.3200174570083618
dense_20f_stride10:33f7ae08-ac1d-4321-9cb9-eca79016b359__ep1:qa:126,33f7ae08-ac1d-4321-9cb9-eca79016b359__ep1,ep1,test,1320,1339,0.0,9.854499816894531,0.18576279282569885,0.33181828260421753
dense_20f_stride10:33f7ae08-ac1d-4321-9cb9-eca79016b359__ep1:qa:127,33f7ae08-ac1d-4321-9cb9-eca79016b359__ep1,ep1,test,1330,1349,0.0,7.217909336090088,0.1645292490720749,0.24303965270519257
dense_20f_stride10:33f7ae08-ac1d-4321-9cb9-eca79016b359__ep1:qa:133,33f7ae08-ac1d-4321-9cb9-eca79016b359__ep1,ep1,test,1400,1419,0.0,7.957887649536133,0.15134184062480927,0.267956018447876
dense_20f_stride10:33f7ae08-ac1d-4321-9cb9-eca79016b359__ep1:qa:134,33f7ae08-ac1d-4321-9cb9-eca79016b359__ep1,ep1,test,1410,1429,0.0,10.484489440917969,0.2468777596950531,0.35303112864494324
dense_20f_stride10:33f7ae08-ac1d-4321-9cb9-eca79016b359__ep1:qa:135,33f7ae08-ac1d-4321-9cb9-eca79016b359__ep1,ep1,test,1420,1439,0.0,12.329373359680176,0.28283384442329407,0.41515159606933594
dense_20f_stride10:33f7ae08-ac1d-4321-9cb9-eca79016b359__ep1:qa:136,33f7ae08-ac1d-4321-9cb9-eca79016b359__ep1,ep1,test,1430,1449,0.0,10.08102798461914,0.1869470477104187,0.3394458591938019
dense_20f_stride10:33f7ae08-ac1d-4321-9cb9-eca79016b359__ep1:qa:137,33f7ae08-ac1d-4321-9cb9-eca79016b359__ep1,ep1,test,1440,1459,0.0,10.088199615478516,0.22758910059928894,0.3396873474121094
dense_20f_stride10:33f7ae08-ac1d-4321-9cb9-eca79016b359__ep1:qa:144,33f7ae08-ac1d-4321-9cb9-eca79016b359__ep1,ep1,test,1520,1539,25.28999900817871,8.472533226013184,0.4983258843421936,0.7403135895729065
dense_20f_stride10:33f7ae08-ac1d-4321-9cb9-eca79016b359__ep1:qa:145,33f7ae08-ac1d-4321-9cb9-eca79016b359__ep1,ep1,test,1530,1549,28.015167236328125,7.956559181213379,0.5683575868606567,0.8015398979187012
dense_20f_stride10:33f7ae08-ac1d-4321-9cb9-eca79016b359__ep1:qa:146,33f7ae08-ac1d-4321-9cb9-eca79016b359__ep1,ep1,test,1540,1559,27.650896072387695,6.347500801086426,0.4663960039615631,0.7911626100540161
dense_20f_stride10:33f7ae08-ac1d-4321-9cb9-eca79016b359__ep1:qa:147,33f7ae08-ac1d-4321-9cb9-eca79016b359__ep1,ep1,test,1550,1569,26.91240692138672,7.4825592041015625,0.41453269124031067,0.7340562343597412
dense_20f_stride10:33f7ae08-ac1d-4321-9cb9-eca79016b359__ep1:qa:148,33f7ae08-ac1d-4321-9cb9-eca79016b359__ep1,ep1,test,1560,1579,26.867748260498047,7.639603137969971,0.3979986310005188,0.6834486722946167
dense_20f_stride10:33f7ae08-ac1d-4321-9cb9-eca79016b359__ep1:qa:191,33f7ae08-ac1d-4321-9cb9-eca79016b359__ep1,ep1,test,2000,2019,25.380001068115234,8.870794296264648,0.3308226466178894,0.6247625350952148
dense_20f_stride10:33f7ae08-ac1d-4321-9cb9-eca79016b359__ep1:qa:192,33f7ae08-ac1d-4321-9cb9-eca79016b359__ep1,ep1,test,2010,2029,25.211528778076172,7.292360305786133,0.35443350672721863,0.6656047701835632
dense_20f_stride10:33f7ae08-ac1d-4321-9cb9-eca79016b359__ep1:qa:193,33f7ae08-ac1d-4321-9cb9-eca79016b359__ep1,ep1,test,2020,2039,25.207860946655273,7.892436504364014,0.357471764087677,0.6651959419250488
dense_20f_stride10:33f7ae08-ac1d-4321-9cb9-eca79016b359__ep1:qa:194,33f7ae08-ac1d-4321-9cb9-eca79016b359__ep1,ep1,test,2030,2049,25.156564712524414,9.05624008178711,0.34269970655441284,0.6237371563911438
dense_20f_stride10:33f7ae08-ac1d-4321-9cb9-eca79016b359__ep1:qa:195,33f7ae08-ac1d-4321-9cb9-eca79016b359__ep1,ep1,test,2040,2059,25.09557342529297,9.382563591003418,0.3164633512496948,0.579070508480072
dense_20f_stride10:33f7ae08-ac1d-4321-9cb9-eca79016b359__ep1:qa:196,33f7ae08-ac1d-4321-9cb9-eca79016b359__ep1,ep1,test,2050,2069,25.153175354003906,9.836053848266602,0.31713852286338806,0.567446231842041
dense_20f_stride10:33f7ae08-ac1d-4321-9cb9-eca79016b359__ep1:qa:242,33f7ae08-ac1d-4321-9cb9-eca79016b359__ep1,ep1,test,2520,2539,31.830230712890625,9.550373077392578,0.5413746237754822,0.967715859413147
dense_20f_stride10:33f7ae08-ac1d-4321-9cb9-eca79016b359__ep1:qa:243,33f7ae08-ac1d-4321-9cb9-eca79016b359__ep1,ep1,test,2530,2549,32.170677185058594,9.460076332092285,0.5257073640823364,0.9360023736953735
dense_20f_stride10:33f7ae08-ac1d-4321-9cb9-eca79016b359__ep1:qa:244,33f7ae08-ac1d-4321-9cb9-eca79016b359__ep1,ep1,test,2540,2559,33.33598327636719,9.886606216430664,0.5281934142112732,0.9110437631607056
dense_20f_stride10:33f7ae08-ac1d-4321-9cb9-eca79016b359__ep1:qa:245,33f7ae08-ac1d-4321-9cb9-eca79016b359__ep1,ep1,test,2550,2569,33.83668899536133,10.900995254516602,0.5790972709655762,1.0165120363235474
dense_20f_stride10:33f7ae08-ac1d-4321-9cb9-eca79016b359__ep1:qa:246,33f7ae08-ac1d-4321-9cb9-eca79016b359__ep1,ep1,test,2560,2579,34.05159378051758,11.641539573669434,0.5596433877944946,1.0225365161895752
dense_20f_stride10:33f7ae08-ac1d-4321-9cb9-eca79016b359__ep1:qa:265,33f7ae08-ac1d-4321-9cb9-eca79016b359__ep1,ep1,test,2760,2779,12.59273624420166,9.305323600769043,0.15014855563640594,0.2226884514093399
dense_20f_stride10:33f7ae08-ac1d-4321-9cb9-eca79016b359__ep1:qa:266,33f7ae08-ac1d-4321-9cb9-eca79016b359__ep1,ep1,test,2770,2789,13.81269645690918,9.280386924743652,0.2707941234111786,0.38622698187828064
dense_20f_stride10:33f7ae08-ac1d-4321-9cb9-eca79016b359__ep1:qa:267,33f7ae08-ac1d-4321-9cb9-eca79016b359__ep1,ep1,test,2780,2799,9.001148223876953,10.192781448364258,0.23889505863189697,0.32539650797843933
dense_20f_stride10:33f7ae08-ac1d-4321-9cb9-eca79016b359__ep1:qa:268,33f7ae08-ac1d-4321-9cb9-eca79016b359__ep1,ep1,test,2800,2819,16.007251739501953,10.551824569702148,0.2892812490463257,0.4291556179523468
dense_20f_stride10:33f7ae08-ac1d-4321-9cb9-eca79016b359__ep1:qa:269,33f7ae08-ac1d-4321-9cb9-eca79016b359__ep1,ep1,test,2810,2829,16.52561378479004,10.17375659942627,0.19632142782211304,0.30077478289604187
dense_20f_stride10:33f7ae08-ac1d-4321-9cb9-eca79016b359__ep1:qa:270,33f7ae08-ac1d-4321-9cb9-eca79016b359__ep1,ep1,test,2820,2839,15.503320693969727,9.771082878112793,0.18126067519187927,0.28940698504447937
dense_20f_stride10:33f7ae08-ac1d-4321-9cb9-eca79016b359__ep1:qa:271,33f7ae08-ac1d-4321-9cb9-eca79016b359__ep1,ep1,test,2830,2849,13.904232025146484,10.300540924072266,0.19905908405780792,0.3017806112766266
dense_20f_stride10:33f7ae08-ac1d-4321-9cb9-eca79016b359__ep1:qa:272,33f7ae08-ac1d-4321-9cb9-eca79016b359__ep1,ep1,test,2840,2859,9.2965669631958,9.97751522064209,0.11721819639205933,0.20779761672019958
dense_20f_stride10:33f7ae08-ac1d-4321-9cb9-eca79016b359__ep1:qa:287,33f7ae08-ac1d-4321-9cb9-eca79016b359__ep1,ep1,test,3000,3019,16.93083953857422,7.637295722961426,0.22903159260749817,0.4286482334136963
dense_20f_stride10:33f7ae08-ac1d-4321-9cb9-eca79016b359__ep1:qa:288,33f7ae08-ac1d-4321-9cb9-eca79016b359__ep1,ep1,test,3010,3029,20.07761573791504,8.35649585723877,0.28548508882522583,0.4766652584075928
dense_20f_stride10:33f7ae08-ac1d-4321-9cb9-eca79016b359__ep1:qa:289,33f7ae08-ac1d-4321-9cb9-eca79016b359__ep1,ep1,test,3020,3039,23.403127670288086,8.845401763916016,0.3811579644680023,0.5982322096824646
dense_20f_stride10:33f7ae08-ac1d-4321-9cb9-eca79016b359__ep1:qa:290,33f7ae08-ac1d-4321-9cb9-eca79016b359__ep1,ep1,test,3030,3049,26.87351417541504,7.470896244049072,0.4074926972389221,0.6852484345436096
dense_20f_stride10:33f7ae08-ac1d-4321-9cb9-eca79016b359__ep1:qa:291,33f7ae08-ac1d-4321-9cb9-eca79016b359__ep1,ep1,test,3040,3059,30.42618179321289,7.822707653045654,0.4989827275276184,0.8296568989753723
dense_20f_stride10:33f7ae08-ac1d-4321-9cb9-eca79016b359__ep1:qa:314,33f7ae08-ac1d-4321-9cb9-eca79016b359__ep1,ep1,test,3280,3299,35.30286407470703,7.576157093048096,0.7320610880851746,1.1139448881149292
dense_20f_stride10:33f7ae08-ac1d-4321-9cb9-eca79016b359__ep1:qa:315,33f7ae08-ac1d-4321-9cb9-eca79016b359__ep1,ep1,test,3290,3309,35.321434020996094,7.428255081176758,0.7462524175643921,1.1500557661056519
dense_20f_stride10:33f7ae08-ac1d-4321-9cb9-eca79016b359__ep1:qa:316,33f7ae08-ac1d-4321-9cb9-eca79016b359__ep1,ep1,test,3300,3319,34.79573059082031,2.883481025695801,0.7495182156562805,1.2203110456466675
dense_20f_stride10:33f7ae08-ac1d-4321-9cb9-eca79016b359__ep1:qa:317,33f7ae08-ac1d-4321-9cb9-eca79016b359__ep1,ep1,test,3310,3329,35.05148696899414,20.87026023864746,0.8314111828804016,1.602501392364502
dense_20f_stride10:33f7ae08-ac1d-4321-9cb9-eca79016b359__ep1:qa:318,33f7ae08-ac1d-4321-9cb9-eca79016b359__ep1,ep1,test,3320,3339,36.14390182495117,16.306438446044922,0.7445293664932251,1.3310482501983643
dense_20f_stride10:33f7ae08-ac1d-4321-9cb9-eca79016b359__ep1:qa:329,33f7ae08-ac1d-4321-9cb9-eca79016b359__ep1,ep1,test,3440,3459,33.99956512451172,9.544215202331543,0.6003015637397766,1.0678815841674805
dense_20f_stride10:33f7ae08-ac1d-4321-9cb9-eca79016b359__ep1:qa:330,33f7ae08-ac1d-4321-9cb9-eca79016b359__ep1,ep1,test,3450,3469,34.01285171508789,10.369359016418457,0.5588402152061462,0.9777249097824097
dense_20f_stride10:33f7ae08-ac1d-4321-9cb9-eca79016b359__ep1:qa:331,33f7ae08-ac1d-4321-9cb9-eca79016b359__ep1,ep1,test,3460,3479,34.08060073852539,10.66275405883789,0.5568434596061707,0.9515278339385986
dense_20f_stride10:33f7ae08-ac1d-4321-9cb9-eca79016b359__ep1:qa:332,33f7ae08-ac1d-4321-9cb9-eca79016b359__ep1,ep1,test,3470,3489,33.887088775634766,10.743983268737793,0.5868195295333862,0.9804473519325256
dense_20f_stride10:33f7ae08-ac1d-4321-9cb9-eca79016b359__ep1:qa:333,33f7ae08-ac1d-4321-9cb9-eca79016b359__ep1,ep1,test,3480,3499,33.53382873535156,9.719233512878418,0.5713990926742554,0.9817970395088196
dense_20f_stride10:33f7ae08-ac1d-4321-9cb9-eca79016b359__ep1:qa:348,33f7ae08-ac1d-4321-9cb9-eca79016b359__ep1,ep1,test,3640,3659,33.55735397338867,9.607048034667969,0.5951551198959351,1.0799793004989624
dense_20f_stride10:33f7ae08-ac1d-4321-9cb9-eca79016b359__ep1:qa:349,33f7ae08-ac1d-4321-9cb9-eca79016b359__ep1,ep1,test,3650,3669,33.19776153564453,9.45391845703125,0.541876494884491,0.9680802822113037
dense_20f_stride10:33f7ae08-ac1d-4321-9cb9-eca79016b359__ep1:qa:350,33f7ae08-ac1d-4321-9cb9-eca79016b359__ep1,ep1,test,3660,3679,33.37149429321289,8.977320671081543,0.5524151921272278,0.978968620300293
dense_20f_stride10:33f7ae08-ac1d-4321-9cb9-eca79016b359__ep1:qa:351,33f7ae08-ac1d-4321-9cb9-eca79016b359__ep1,ep1,test,3670,3689,33.89690399169922,9.960965156555176,0.5805991291999817,1.0370296239852905
dense_20f_stride10:33f7ae08-ac1d-4321-9cb9-eca79016b359__ep1:qa:352,33f7ae08-ac1d-4321-9cb9-eca79016b359__ep1,ep1,test,3680,3699,33.9989013671875,10.49894905090332,0.5601317882537842,1.0137200355529785
dense_20f_stride10:33f7ae08-ac1d-4321-9cb9-eca79016b359__ep1:qa:353,33f7ae08-ac1d-4321-9cb9-eca79016b359__ep1,ep1,test,3690,3709,34.48969650268555,10.956550598144531,0.5820811986923218,1.0188279151916504
dense_20f_stride10:33f7ae08-ac1d-4321-9cb9-eca79016b359__ep1:qa:434,33f7ae08-ac1d-4321-9cb9-eca79016b359__ep1,ep1,test,4520,4539,34.309383392333984,11.532994270324707,0.5724706053733826,0.9991858601570129
dense_20f_stride10:33f7ae08-ac1d-4321-9cb9-eca79016b359__ep1:qa:435,33f7ae08-ac1d-4321-9cb9-eca79016b359__ep1,ep1,test,4530,4549,34.757118225097656,11.385862350463867,0.576227068901062,1.0231086015701294
dense_20f_stride10:33f7ae08-ac1d-4321-9cb9-eca79016b359__ep1:qa:436,33f7ae08-ac1d-4321-9cb9-eca79016b359__ep1,ep1,test,4540,4559,34.94845962524414,11.61858081817627,0.5807135105133057,1.0269461870193481
dense_20f_stride10:33f7ae08-ac1d-4321-9cb9-eca79016b359__ep1:qa:437,33f7ae08-ac1d-4321-9cb9-eca79016b359__ep1,ep1,test,4550,4569,35.23334503173828,11.47757339477539,0.5802642107009888,1.025525450706482
dense_20f_stride10:33f7ae08-ac1d-4321-9cb9-eca79016b359__ep1:qa:438,33f7ae08-ac1d-4321-9cb9-eca79016b359__ep1,ep1,test,4560,4579,34.04439163208008,10.066225051879883,0.6184902787208557,1.0389132499694824
dense_20f_stride10:33f7ae08-ac1d-4321-9cb9-eca79016b359__ep1:qa:469,33f7ae08-ac1d-4321-9cb9-eca79016b359__ep1,ep1,test,4880,4899,0.0,9.905740737915039,0.16797369718551636,0.33354368805885315
dense_20f_stride10:33f7ae08-ac1d-4321-9cb9-eca79016b359__ep1:qa:470,33f7ae08-ac1d-4321-9cb9-eca79016b359__ep1,ep1,test,4890,4909,0.0,9.612651824951172,0.17448729276657104,0.32367485761642456
dense_20f_stride10:33f7ae08-ac1d-4321-9cb9-eca79016b359__ep1:qa:471,33f7ae08-ac1d-4321-9cb9-eca79016b359__ep1,ep1,test,4900,4919,0.0,9.628060340881348,0.1862431764602661,0.3241936266422272
dense_20f_stride10:33f7ae08-ac1d-4321-9cb9-eca79016b359__ep1:qa:472,33f7ae08-ac1d-4321-9cb9-eca79016b359__ep1,ep1,test,4910,4929,0.0,10.785634994506836,0.20139822363853455,0.36317121982574463
dense_20f_stride10:33f7ae08-ac1d-4321-9cb9-eca79016b359__ep1:qa:473,33f7ae08-ac1d-4321-9cb9-eca79016b359__ep1,ep1,test,4920,4939,0.0,10.145339965820312,0.17693942785263062,0.3416113555431366
dense_20f_stride10:9c553886-83c5-4dc4-be5c-dcb269b3a771__ep2:qa:0,9c553886-83c5-4dc4-be5c-dcb269b3a771__ep2,ep2,test,0,19,11.919727325439453,11.797798156738281,0.09685222059488297,0.14778712391853333
dense_20f_stride10:9c553886-83c5-4dc4-be5c-dcb269b3a771__ep2:qa:1,9c553886-83c5-4dc4-be5c-dcb269b3a771__ep2,ep2,test,10,29,11.923169136047363,11.995705604553223,0.08575138449668884,0.12662586569786072
dense_20f_stride10:9c553886-83c5-4dc4-be5c-dcb269b3a771__ep2:qa:2,9c553886-83c5-4dc4-be5c-dcb269b3a771__ep2,ep2,test,20,39,11.849340438842773,12.143606185913086,0.08105058968067169,0.12105472385883331
dense_20f_stride10:9c553886-83c5-4dc4-be5c-dcb269b3a771__ep2:qa:3,9c553886-83c5-4dc4-be5c-dcb269b3a771__ep2,ep2,test,30,49,11.377402305603027,12.432735443115234,0.08587948977947235,0.12196122109889984
dense_20f_stride10:9c553886-83c5-4dc4-be5c-dcb269b3a771__ep2:qa:4,9c553886-83c5-4dc4-be5c-dcb269b3a771__ep2,ep2,test,40,59,11.259317398071289,12.631638526916504,0.08942770212888718,0.12720941007137299
dense_20f_stride10:9c553886-83c5-4dc4-be5c-dcb269b3a771__ep2:qa:5,9c553886-83c5-4dc4-be5c-dcb269b3a771__ep2,ep2,test,50,69,11.103464126586914,12.606769561767578,0.0926506370306015,0.134458526968956
dense_20f_stride10:9c553886-83c5-4dc4-be5c-dcb269b3a771__ep2:qa:6,9c553886-83c5-4dc4-be5c-dcb269b3a771__ep2,ep2,test,60,79,11.058281898498535,12.299285888671875,0.09521859884262085,0.1378309726715088
dense_20f_stride10:9c553886-83c5-4dc4-be5c-dcb269b3a771__ep2:qa:7,9c553886-83c5-4dc4-be5c-dcb269b3a771__ep2,ep2,test,70,89,11.184245109558105,12.092263221740723,0.10275735706090927,0.14022180438041687
dense_20f_stride10:9c553886-83c5-4dc4-be5c-dcb269b3a771__ep2:qa:8,9c553886-83c5-4dc4-be5c-dcb269b3a771__ep2,ep2,test,80,99,11.225920677185059,12.116654396057129,0.1031930074095726,0.14942686259746552
dense_20f_stride10:9c553886-83c5-4dc4-be5c-dcb269b3a771__ep2:qa:51,9c553886-83c5-4dc4-be5c-dcb269b3a771__ep2,ep2,test,520,539,11.654536247253418,12.373828887939453,0.052008017897605896,0.08230683952569962
dense_20f_stride10:9c553886-83c5-4dc4-be5c-dcb269b3a771__ep2:qa:52,9c553886-83c5-4dc4-be5c-dcb269b3a771__ep2,ep2,test,530,549,11.588456153869629,12.490729331970215,0.050993215292692184,0.08154631406068802
dense_20f_stride10:9c553886-83c5-4dc4-be5c-dcb269b3a771__ep2:qa:53,9c553886-83c5-4dc4-be5c-dcb269b3a771__ep2,ep2,test,540,559,11.541460037231445,11.920856475830078,0.05901689454913139,0.09267828613519669
dense_20f_stride10:9c553886-83c5-4dc4-be5c-dcb269b3a771__ep2:qa:54,9c553886-83c5-4dc4-be5c-dcb269b3a771__ep2,ep2,test,550,569,11.4203462600708,12.046156883239746,0.06640520691871643,0.10957159847021103
dense_20f_stride10:9c553886-83c5-4dc4-be5c-dcb269b3a771__ep2:qa:55,9c553886-83c5-4dc4-be5c-dcb269b3a771__ep2,ep2,test,560,579,11.423185348510742,12.444504737854004,0.06751471012830734,0.11278072744607925
dense_20f_stride10:9c553886-83c5-4dc4-be5c-dcb269b3a771__ep2:qa:56,9c553886-83c5-4dc4-be5c-dcb269b3a771__ep2,ep2,test,570,589,11.485794067382812,12.413640022277832,0.0647566094994545,0.10831853747367859
dense_20f_stride10:9c553886-83c5-4dc4-be5c-dcb269b3a771__ep2:qa:57,9c553886-83c5-4dc4-be5c-dcb269b3a771__ep2,ep2,test,580,599,11.560791969299316,12.554503440856934,0.06133050099015236,0.10087405890226364
dense_20f_stride10:9c553886-83c5-4dc4-be5c-dcb269b3a771__ep2:qa:58,9c553886-83c5-4dc4-be5c-dcb269b3a771__ep2,ep2,test,600,619,11.685725212097168,12.240391731262207,0.0671059712767601,0.11537139117717743
dense_20f_stride10:9c553886-83c5-4dc4-be5c-dcb269b3a771__ep2:qa:59,9c553886-83c5-4dc4-be5c-dcb269b3a771__ep2,ep2,test,610,629,11.738037109375,12.147677421569824,0.06441942602396011,0.11573497951030731
dense_20f_stride10:9c553886-83c5-4dc4-be5c-dcb269b3a771__ep2:qa:60,9c553886-83c5-4dc4-be5c-dcb269b3a771__ep2,ep2,test,620,639,11.890084266662598,12.580322265625,0.05313553288578987,0.088950015604496
dense_20f_stride10:9c553886-83c5-4dc4-be5c-dcb269b3a771__ep2:qa:61,9c553886-83c5-4dc4-be5c-dcb269b3a771__ep2,ep2,test,630,649,12.012433052062988,12.635506629943848,0.05583614483475685,0.09058519452810287
dense_20f_stride10:9c553886-83c5-4dc4-be5c-dcb269b3a771__ep2:qa:62,9c553886-83c5-4dc4-be5c-dcb269b3a771__ep2,ep2,test,640,659,12.094633102416992,12.537989616394043,0.05873624607920647,0.09919853508472443
dense_20f_stride10:9c553886-83c5-4dc4-be5c-dcb269b3a771__ep2:qa:63,9c553886-83c5-4dc4-be5c-dcb269b3a771__ep2,ep2,test,650,669,12.271068572998047,12.275487899780273,0.0641651377081871,0.11665962636470795
dense_20f_stride10:9c553886-83c5-4dc4-be5c-dcb269b3a771__ep2:qa:64,9c553886-83c5-4dc4-be5c-dcb269b3a771__ep2,ep2,test,660,679,12.34213924407959,12.284854888916016,0.06452348083257675,0.12048045545816422
dense_20f_stride10:9c553886-83c5-4dc4-be5c-dcb269b3a771__ep2:qa:65,9c553886-83c5-4dc4-be5c-dcb269b3a771__ep2,ep2,test,670,689,12.491595268249512,12.47816276550293,0.05831100791692734,0.10406868159770966
dense_20f_stride10:9c553886-83c5-4dc4-be5c-dcb269b3a771__ep2:qa:84,9c553886-83c5-4dc4-be5c-dcb269b3a771__ep2,ep2,test,880,899,14.287215232849121,11.955467224121094,0.10137452185153961,0.18049117922782898
dense_20f_stride10:9c553886-83c5-4dc4-be5c-dcb269b3a771__ep2:qa:132,9c553886-83c5-4dc4-be5c-dcb269b3a771__ep2,ep2,test,1400,1419,14.631288528442383,12.226646423339844,0.12312109023332596,0.21669606864452362
dense_20f_stride10:9c553886-83c5-4dc4-be5c-dcb269b3a771__ep2:qa:133,9c553886-83c5-4dc4-be5c-dcb269b3a771__ep2,ep2,test,1410,1429,14.463210105895996,11.886795997619629,0.12131169438362122,0.20020465552806854
dense_20f_stride10:9c553886-83c5-4dc4-be5c-dcb269b3a771__ep2:qa:134,9c553886-83c5-4dc4-be5c-dcb269b3a771__ep2,ep2,test,1420,1439,14.139856338500977,11.863511085510254,0.11487529426813126,0.18811319768428802
dense_20f_stride10:9c553886-83c5-4dc4-be5c-dcb269b3a771__ep2:qa:135,9c553886-83c5-4dc4-be5c-dcb269b3a771__ep2,ep2,test,1430,1449,13.817302703857422,12.104164123535156,0.11096082627773285,0.19195795059204102
dense_20f_stride10:9c553886-83c5-4dc4-be5c-dcb269b3a771__ep2:qa:136,9c553886-83c5-4dc4-be5c-dcb269b3a771__ep2,ep2,test,1440,1459,13.435722351074219,11.961631774902344,0.10593606531620026,0.18322420120239258
dense_20f_stride10:9c553886-83c5-4dc4-be5c-dcb269b3a771__ep2:qa:137,9c553886-83c5-4dc4-be5c-dcb269b3a771__ep2,ep2,test,1450,1469,13.2467679977417,12.022333145141602,0.11028718203306198,0.187360018491745
dense_20f_stride10:9c553886-83c5-4dc4-be5c-dcb269b3a771__ep2:qa:138,9c553886-83c5-4dc4-be5c-dcb269b3a771__ep2,ep2,test,1460,1479,13.22064208984375,11.912176132202148,0.10294067114591599,0.1754627823829651
dense_20f_stride10:9c553886-83c5-4dc4-be5c-dcb269b3a771__ep2:qa:139,9c553886-83c5-4dc4-be5c-dcb269b3a771__ep2,ep2,test,1470,1489,13.177068710327148,11.957812309265137,0.09398909658193588,0.1542454957962036
dense_20f_stride10:9c553886-83c5-4dc4-be5c-dcb269b3a771__ep2:qa:140,9c553886-83c5-4dc4-be5c-dcb269b3a771__ep2,ep2,test,1480,1499,13.070025444030762,12.082911491394043,0.09021693468093872,0.144935742020607
dense_20f_stride10:9c553886-83c5-4dc4-be5c-dcb269b3a771__ep2:qa:169,9c553886-83c5-4dc4-be5c-dcb269b3a771__ep2,ep2,test,1800,1819,12.922015190124512,11.811440467834473,0.09468948841094971,0.15065836906433105
dense_20f_stride10:9c553886-83c5-4dc4-be5c-dcb269b3a771__ep2:qa:170,9c553886-83c5-4dc4-be5c-dcb269b3a771__ep2,ep2,test,1810,1829,13.082761764526367,11.900527954101562,0.10912222415208817,0.16938555240631104
dense_20f_stride10:9c553886-83c5-4dc4-be5c-dcb269b3a771__ep2:qa:171,9c553886-83c5-4dc4-be5c-dcb269b3a771__ep2,ep2,test,1820,1839,12.924409866333008,11.78514289855957,0.10293960571289062,0.14273184537887573
dense_20f_stride10:9c553886-83c5-4dc4-be5c-dcb269b3a771__ep2:qa:172,9c553886-83c5-4dc4-be5c-dcb269b3a771__ep2,ep2,test,1830,1849,12.525289535522461,10.338692665100098,0.10326901078224182,0.15635596215724945
dense_20f_stride10:9c553886-83c5-4dc4-be5c-dcb269b3a771__ep2:qa:173,9c553886-83c5-4dc4-be5c-dcb269b3a771__ep2,ep2,test,1840,1859,11.972067832946777,10.63042163848877,0.1498945951461792,0.22096696496009827
dense_20f_stride10:9c553886-83c5-4dc4-be5c-dcb269b3a771__ep2:qa:174,9c553886-83c5-4dc4-be5c-dcb269b3a771__ep2,ep2,test,1850,1869,11.699331283569336,11.269635200500488,0.11872711777687073,0.1729743629693985
dense_20f_stride10:9c553886-83c5-4dc4-be5c-dcb269b3a771__ep2:qa:175,9c553886-83c5-4dc4-be5c-dcb269b3a771__ep2,ep2,test,1860,1879,11.893364906311035,11.388264656066895,0.12796948850154877,0.1838286966085434
dense_20f_stride10:9c553886-83c5-4dc4-be5c-dcb269b3a771__ep2:qa:176,9c553886-83c5-4dc4-be5c-dcb269b3a771__ep2,ep2,test,1870,1889,12.301706314086914,11.753862380981445,0.10842164605855942,0.16487690806388855
dense_20f_stride10:9c553886-83c5-4dc4-be5c-dcb269b3a771__ep2:qa:207,9c553886-83c5-4dc4-be5c-dcb269b3a771__ep2,ep2,test,2200,2219,12.967569351196289,10.137283325195312,0.16267506778240204,0.25595054030418396
dense_20f_stride10:9c553886-83c5-4dc4-be5c-dcb269b3a771__ep2:qa:208,9c553886-83c5-4dc4-be5c-dcb269b3a771__ep2,ep2,test,2210,2229,13.136885643005371,10.311726570129395,0.16038136184215546,0.2629484534263611
dense_20f_stride10:9c553886-83c5-4dc4-be5c-dcb269b3a771__ep2:qa:209,9c553886-83c5-4dc4-be5c-dcb269b3a771__ep2,ep2,test,2220,2239,13.380633354187012,11.466836929321289,0.13864241540431976,0.22128112614154816
dense_20f_stride10:9c553886-83c5-4dc4-be5c-dcb269b3a771__ep2:qa:210,9c553886-83c5-4dc4-be5c-dcb269b3a771__ep2,ep2,test,2230,2249,13.246706008911133,11.264912605285645,0.12695670127868652,0.18876270949840546
dense_20f_stride10:9c553886-83c5-4dc4-be5c-dcb269b3a771__ep2:qa:211,9c553886-83c5-4dc4-be5c-dcb269b3a771__ep2,ep2,test,2240,2259,13.015422821044922,11.431758880615234,0.09837640821933746,0.1427115797996521
dense_20f_stride10:9c553886-83c5-4dc4-be5c-dcb269b3a771__ep2:qa:212,9c553886-83c5-4dc4-be5c-dcb269b3a771__ep2,ep2,test,2250,2269,12.016048431396484,11.075545310974121,0.13815423846244812,0.20321927964687347
dense_20f_stride10:9c553886-83c5-4dc4-be5c-dcb269b3a771__ep2:qa:213,9c553886-83c5-4dc4-be5c-dcb269b3a771__ep2,ep2,test,2260,2279,11.149495124816895,11.929630279541016,0.1324000507593155,0.20553557574748993
dense_20f_stride10:9c553886-83c5-4dc4-be5c-dcb269b3a771__ep2:qa:214,9c553886-83c5-4dc4-be5c-dcb269b3a771__ep2,ep2,test,2270,2289,11.385878562927246,12.23160171508789,0.13690949976444244,0.1988304853439331
dense_20f_stride10:9c553886-83c5-4dc4-be5c-dcb269b3a771__ep2:qa:215,9c553886-83c5-4dc4-be5c-dcb269b3a771__ep2,ep2,test,2280,2299,11.951743125915527,12.340802192687988,0.10509715974330902,0.16572564840316772
dense_20f_stride10:9c553886-83c5-4dc4-be5c-dcb269b3a771__ep2:qa:325,9c553886-83c5-4dc4-be5c-dcb269b3a771__ep2,ep2,test,3400,3419,13.062803268432617,12.72985553741455,0.09563355147838593,0.16278773546218872
dense_20f_stride10:9c553886-83c5-4dc4-be5c-dcb269b3a771__ep2:qa:326,9c553886-83c5-4dc4-be5c-dcb269b3a771__ep2,ep2,test,3410,3429,13.081136703491211,12.753329277038574,0.09568043798208237,0.16290806233882904
dense_20f_stride10:9c553886-83c5-4dc4-be5c-dcb269b3a771__ep2:qa:327,9c553886-83c5-4dc4-be5c-dcb269b3a771__ep2,ep2,test,3420,3439,13.086978912353516,12.672080039978027,0.09967976808547974,0.1696932315826416
dense_20f_stride10:9c553886-83c5-4dc4-be5c-dcb269b3a771__ep2:qa:328,9c553886-83c5-4dc4-be5c-dcb269b3a771__ep2,ep2,test,3430,3449,13.115228652954102,12.633368492126465,0.10014036297798157,0.17058569192886353
dense_20f_stride10:9c553886-83c5-4dc4-be5c-dcb269b3a771__ep2:qa:329,9c553886-83c5-4dc4-be5c-dcb269b3a771__ep2,ep2,test,3440,3459,13.15162181854248,12.704208374023438,0.10145719349384308,0.17247317731380463
dense_20f_stride10:9c553886-83c5-4dc4-be5c-dcb269b3a771__ep2:qa:330,9c553886-83c5-4dc4-be5c-dcb269b3a771__ep2,ep2,test,3450,3469,13.073333740234375,12.571505546569824,0.09694796800613403,0.16865497827529907
dense_20f_stride10:9c553886-83c5-4dc4-be5c-dcb269b3a771__ep2:qa:331,9c553886-83c5-4dc4-be5c-dcb269b3a771__ep2,ep2,test,3460,3479,13.047102928161621,12.620505332946777,0.09603115171194077,0.16456003487110138
dense_20f_stride10:9c553886-83c5-4dc4-be5c-dcb269b3a771__ep2:qa:332,9c553886-83c5-4dc4-be5c-dcb269b3a771__ep2,ep2,test,3470,3489,13.090499877929688,12.671420097351074,0.09762585163116455,0.16617338359355927
dense_20f_stride10:9c553886-83c5-4dc4-be5c-dcb269b3a771__ep2:qa:333,9c553886-83c5-4dc4-be5c-dcb269b3a771__ep2,ep2,test,3480,3499,13.120619773864746,12.523258209228516,0.09908144176006317,0.16913235187530518
dense_20f_stride10:9c553886-83c5-4dc4-be5c-dcb269b3a771__ep2:qa:443,9c553886-83c5-4dc4-be5c-dcb269b3a771__ep2,ep2,test,4600,4619,12.222768783569336,12.584640502929688,0.07773061841726303,0.119987852871418
dense_20f_stride10:9c553886-83c5-4dc4-be5c-dcb269b3a771__ep2:qa:444,9c553886-83c5-4dc4-be5c-dcb269b3a771__ep2,ep2,test,4610,4629,12.225786209106445,12.633466720581055,0.07968662679195404,0.1242656335234642
dense_20f_stride10:9c553886-83c5-4dc4-be5c-dcb269b3a771__ep2:qa:445,9c553886-83c5-4dc4-be5c-dcb269b3a771__ep2,ep2,test,4620,4639,12.071930885314941,12.551928520202637,0.08484907448291779,0.12942194938659668
dense_20f_stride10:9c553886-83c5-4dc4-be5c-dcb269b3a771__ep2:qa:446,9c553886-83c5-4dc4-be5c-dcb269b3a771__ep2,ep2,test,4630,4649,12.01667308807373,12.275550842285156,0.09290610998868942,0.14186663925647736
dense_20f_stride10:9c553886-83c5-4dc4-be5c-dcb269b3a771__ep2:qa:447,9c553886-83c5-4dc4-be5c-dcb269b3a771__ep2,ep2,test,4640,4659,12.045137405395508,12.376354217529297,0.09804137051105499,0.15202052891254425
dense_20f_stride10:9c553886-83c5-4dc4-be5c-dcb269b3a771__ep2:qa:448,9c553886-83c5-4dc4-be5c-dcb269b3a771__ep2,ep2,test,4650,4669,12.248738288879395,12.836878776550293,0.09215447306632996,0.1419752985239029
dense_20f_stride10:9c553886-83c5-4dc4-be5c-dcb269b3a771__ep2:qa:449,9c553886-83c5-4dc4-be5c-dcb269b3a771__ep2,ep2,test,4660,4679,12.245877265930176,12.812146186828613,0.0914115235209465,0.1426585465669632
dense_20f_stride10:9c553886-83c5-4dc4-be5c-dcb269b3a771__ep2:qa:450,9c553886-83c5-4dc4-be5c-dcb269b3a771__ep2,ep2,test,4670,4689,12.208597183227539,12.813604354858398,0.09369456768035889,0.14678213000297546
dense_20f_stride10:9c553886-83c5-4dc4-be5c-dcb269b3a771__ep2:qa:533,9c553886-83c5-4dc4-be5c-dcb269b3a771__ep2,ep2,test,5520,5539,11.996357917785645,12.744260787963867,0.10080508142709732,0.15047788619995117
dense_20f_stride10:9c553886-83c5-4dc4-be5c-dcb269b3a771__ep2:qa:534,9c553886-83c5-4dc4-be5c-dcb269b3a771__ep2,ep2,test,5530,5549,12.062463760375977,12.529044151306152,0.08741682767868042,0.13114191591739655
dense_20f_stride10:9c553886-83c5-4dc4-be5c-dcb269b3a771__ep2:qa:535,9c553886-83c5-4dc4-be5c-dcb269b3a771__ep2,ep2,test,5540,5559,12.079933166503906,12.103704452514648,0.0838288962841034,0.13321548700332642
dense_20f_stride10:9c553886-83c5-4dc4-be5c-dcb269b3a771__ep2:qa:536,9c553886-83c5-4dc4-be5c-dcb269b3a771__ep2,ep2,test,5550,5569,11.86207389831543,11.391152381896973,0.08821519464254379,0.13929447531700134
dense_20f_stride10:9c553886-83c5-4dc4-be5c-dcb269b3a771__ep2:qa:537,9c553886-83c5-4dc4-be5c-dcb269b3a771__ep2,ep2,test,5560,5579,11.45862102508545,11.462635040283203,0.1129458025097847,0.16277721524238586
dense_20f_stride10:9c553886-83c5-4dc4-be5c-dcb269b3a771__ep2:qa:538,9c553886-83c5-4dc4-be5c-dcb269b3a771__ep2,ep2,test,5570,5589,11.19040298461914,10.833778381347656,0.09211850166320801,0.13173049688339233
dense_20f_stride10:9c553886-83c5-4dc4-be5c-dcb269b3a771__ep2:qa:539,9c553886-83c5-4dc4-be5c-dcb269b3a771__ep2,ep2,test,5580,5599,11.429040908813477,11.221713066101074,0.10322359204292297,0.14668937027454376
dense_20f_stride10:9c553886-83c5-4dc4-be5c-dcb269b3a771__ep2:qa:540,9c553886-83c5-4dc4-be5c-dcb269b3a771__ep2,ep2,test,5590,5609,11.923650741577148,12.543416023254395,0.08179720491170883,0.12383579462766647
dense_20f_stride10:9c553886-83c5-4dc4-be5c-dcb269b3a771__ep2:qa:544,9c553886-83c5-4dc4-be5c-dcb269b3a771__ep2,ep2,test,5640,5659,12.493179321289062,12.102611541748047,0.11478696763515472,0.17717516422271729
dense_20f_stride10:9c553886-83c5-4dc4-be5c-dcb269b3a771__ep2:qa:545,9c553886-83c5-4dc4-be5c-dcb269b3a771__ep2,ep2,test,5650,5669,12.113367080688477,12.136356353759766,0.11430191248655319,0.17330308258533478
dense_20f_stride10:9c553886-83c5-4dc4-be5c-dcb269b3a771__ep2:qa:546,9c553886-83c5-4dc4-be5c-dcb269b3a771__ep2,ep2,test,5660,5679,12.307610511779785,11.516345977783203,0.1579698622226715,0.22340035438537598
dense_20f_stride10:9c553886-83c5-4dc4-be5c-dcb269b3a771__ep2:qa:547,9c553886-83c5-4dc4-be5c-dcb269b3a771__ep2,ep2,test,5670,5689,12.91880989074707,11.132096290588379,0.19207116961479187,0.27092480659484863
dense_20f_stride10:9c553886-83c5-4dc4-be5c-dcb269b3a771__ep2:qa:548,9c553886-83c5-4dc4-be5c-dcb269b3a771__ep2,ep2,test,5680,5699,11.659688949584961,11.143889427185059,0.15795494616031647,0.22455140948295593
dense_20f_stride10:9c553886-83c5-4dc4-be5c-dcb269b3a771__ep2:qa:549,9c553886-83c5-4dc4-be5c-dcb269b3a771__ep2,ep2,test,5690,5709,10.037882804870605,9.970626831054688,0.11731399595737457,0.16447652876377106
dense_20f_stride10:9c553886-83c5-4dc4-be5c-dcb269b3a771__ep2:qa:550,9c553886-83c5-4dc4-be5c-dcb269b3a771__ep2,ep2,test,5700,5719,11.2135009765625,9.84916877746582,0.12327311187982559,0.1791982650756836
dense_20f_stride10:9c553886-83c5-4dc4-be5c-dcb269b3a771__ep2:qa:551,9c553886-83c5-4dc4-be5c-dcb269b3a771__ep2,ep2,test,5710,5729,11.806736946105957,11.933805465698242,0.09629169851541519,0.14558252692222595
dense_20f_stride10:9c553886-83c5-4dc4-be5c-dcb269b3a771__ep2:qa:552,9c553886-83c5-4dc4-be5c-dcb269b3a771__ep2,ep2,test,5720,5739,11.99773120880127,12.487114906311035,0.09340296685695648,0.14514650404453278
dense_20f_stride10:9c553886-83c5-4dc4-be5c-dcb269b3a771__ep2:qa:559,9c553886-83c5-4dc4-be5c-dcb269b3a771__ep2,ep2,test,5800,5819,11.864962577819824,12.287909507751465,0.08820474147796631,0.14245198667049408
dense_20f_stride10:9c553886-83c5-4dc4-be5c-dcb269b3a771__ep2:qa:560,9c553886-83c5-4dc4-be5c-dcb269b3a771__ep2,ep2,test,5810,5829,11.840696334838867,12.390771865844727,0.08682775497436523,0.1399794965982437
dense_20f_stride10:9c553886-83c5-4dc4-be5c-dcb269b3a771__ep2:qa:561,9c553886-83c5-4dc4-be5c-dcb269b3a771__ep2,ep2,test,5820,5839,11.831629753112793,12.44162654876709,0.0879034548997879,0.1397756189107895
dense_20f_stride10:9c553886-83c5-4dc4-be5c-dcb269b3a771__ep2:qa:562,9c553886-83c5-4dc4-be5c-dcb269b3a771__ep2,ep2,test,5840,5859,11.846742630004883,12.158329963684082,0.0800243616104126,0.1272558718919754
dense_20f_stride10:9c553886-83c5-4dc4-be5c-dcb269b3a771__ep2:qa:563,9c553886-83c5-4dc4-be5c-dcb269b3a771__ep2,ep2,test,5850,5869,11.842268943786621,11.616571426391602,0.0721411257982254,0.12590409815311432
dense_20f_stride10:9c553886-83c5-4dc4-be5c-dcb269b3a771__ep2:qa:564,9c553886-83c5-4dc4-be5c-dcb269b3a771__ep2,ep2,test,5860,5879,11.816990852355957,11.42940902709961,0.06632273644208908,0.11417488008737564
dense_20f_stride10:9c553886-83c5-4dc4-be5c-dcb269b3a771__ep2:qa:565,9c553886-83c5-4dc4-be5c-dcb269b3a771__ep2,ep2,test,5880,5899,11.738485336303711,12.243524551391602,0.0701286569237709,0.10886545479297638
dense_20f_stride10:9c553886-83c5-4dc4-be5c-dcb269b3a771__ep2:qa:566,9c553886-83c5-4dc4-be5c-dcb269b3a771__ep2,ep2,test,5890,5909,11.657519340515137,12.319357872009277,0.07850280404090881,0.12086809426546097
dense_20f_stride10:9c553886-83c5-4dc4-be5c-dcb269b3a771__ep2:qa:567,9c553886-83c5-4dc4-be5c-dcb269b3a771__ep2,ep2,test,5900,5919,11.574519157409668,12.360777854919434,0.08331045508384705,0.1271684318780899
dense_20f_stride10:9c553886-83c5-4dc4-be5c-dcb269b3a771__ep2:qa:568,9c553886-83c5-4dc4-be5c-dcb269b3a771__ep2,ep2,test,5910,5929,11.533802032470703,12.351444244384766,0.08669166266918182,0.13283613324165344
dense_20f_stride10:9c553886-83c5-4dc4-be5c-dcb269b3a771__ep2:qa:569,9c553886-83c5-4dc4-be5c-dcb269b3a771__ep2,ep2,test,5920,5939,11.48682689666748,12.342111587524414,0.089298777282238,0.1365271657705307
dense_20f_stride10:34f07a04-eb37-45a3-95ec-189ed5f4a85b__ep5:qa:0,34f07a04-eb37-45a3-95ec-189ed5f4a85b__ep5,ep5,test,0,19,0.0,9.064592361450195,0.16715151071548462,0.30522072315216064
dense_20f_stride10:34f07a04-eb37-45a3-95ec-189ed5f4a85b__ep5:qa:1,34f07a04-eb37-45a3-95ec-189ed5f4a85b__ep5,ep5,test,10,29,13.12908935546875,9.234406471252441,0.2074792981147766,0.3781420588493347
dense_20f_stride10:34f07a04-eb37-45a3-95ec-189ed5f4a85b__ep5:qa:2,34f07a04-eb37-45a3-95ec-189ed5f4a85b__ep5,ep5,test,20,39,14.453024864196777,9.176396369934082,0.19254978001117706,0.36689916253089905
dense_20f_stride10:34f07a04-eb37-45a3-95ec-189ed5f4a85b__ep5:qa:3,34f07a04-eb37-45a3-95ec-189ed5f4a85b__ep5,ep5,test,30,49,14.595731735229492,8.983665466308594,0.10175903886556625,0.21519315242767334
dense_20f_stride10:34f07a04-eb37-45a3-95ec-189ed5f4a85b__ep5:qa:4,34f07a04-eb37-45a3-95ec-189ed5f4a85b__ep5,ep5,test,40,59,14.64311408996582,8.943059921264648,0.1116689145565033,0.22396960854530334
dense_20f_stride10:34f07a04-eb37-45a3-95ec-189ed5f4a85b__ep5:qa:23,34f07a04-eb37-45a3-95ec-189ed5f4a85b__ep5,ep5,test,240,259,17.95658302307129,10.921341896057129,0.19684381783008575,0.3076961934566498
dense_20f_stride10:34f07a04-eb37-45a3-95ec-189ed5f4a85b__ep5:qa:24,34f07a04-eb37-45a3-95ec-189ed5f4a85b__ep5,ep5,test,250,269,16.291065216064453,11.00180721282959,0.23829931020736694,0.4230455756187439
dense_20f_stride10:34f07a04-eb37-45a3-95ec-189ed5f4a85b__ep5:qa:25,34f07a04-eb37-45a3-95ec-189ed5f4a85b__ep5,ep5,test,260,279,12.318239212036133,11.005173683166504,0.19412721693515778,0.32502880692481995
dense_20f_stride10:34f07a04-eb37-45a3-95ec-189ed5f4a85b__ep5:qa:26,34f07a04-eb37-45a3-95ec-189ed5f4a85b__ep5,ep5,test,270,289,15.895879745483398,10.5380220413208,0.22727873921394348,0.42591071128845215
dense_20f_stride10:34f07a04-eb37-45a3-95ec-189ed5f4a85b__ep5:qa:27,34f07a04-eb37-45a3-95ec-189ed5f4a85b__ep5,ep5,test,280,299,17.10163688659668,11.225743293762207,0.1882227063179016,0.28163495659828186
dense_20f_stride10:34f07a04-eb37-45a3-95ec-189ed5f4a85b__ep5:qa:120,34f07a04-eb37-45a3-95ec-189ed5f4a85b__ep5,ep5,test,1280,1299,18.768375396728516,11.217414855957031,0.14533637464046478,0.2684529423713684
dense_20f_stride10:34f07a04-eb37-45a3-95ec-189ed5f4a85b__ep5:qa:121,34f07a04-eb37-45a3-95ec-189ed5f4a85b__ep5,ep5,test,1290,1309,18.462890625,11.446222305297852,0.16776931285858154,0.27447572350502014
dense_20f_stride10:34f07a04-eb37-45a3-95ec-189ed5f4a85b__ep5:qa:122,34f07a04-eb37-45a3-95ec-189ed5f4a85b__ep5,ep5,test,1300,1319,18.15607452392578,11.956791877746582,0.15170001983642578,0.24526913464069366
dense_20f_stride10:34f07a04-eb37-45a3-95ec-189ed5f4a85b__ep5:qa:123,34f07a04-eb37-45a3-95ec-189ed5f4a85b__ep5,ep5,test,1310,1329,16.993921279907227,11.321187019348145,0.1262698769569397,0.24985387921333313
dense_20f_stride10:34f07a04-eb37-45a3-95ec-189ed5f4a85b__ep5:qa:124,34f07a04-eb37-45a3-95ec-189ed5f4a85b__ep5,ep5,test,1320,1339,17.147506713867188,10.815694808959961,0.1694207787513733,0.3050084710121155
dense_20f_stride10:34f07a04-eb37-45a3-95ec-189ed5f4a85b__ep5:qa:131,34f07a04-eb37-45a3-95ec-189ed5f4a85b__ep5,ep5,test,1400,1419,16.153383255004883,11.109153747558594,0.100782111287117,0.18521171808242798
dense_20f_stride10:34f07a04-eb37-45a3-95ec-189ed5f4a85b__ep5:qa:132,34f07a04-eb37-45a3-95ec-189ed5f4a85b__ep5,ep5,test,1410,1429,16.134458541870117,11.193557739257812,0.09545259177684784,0.17930884659290314
dense_20f_stride10:34f07a04-eb37-45a3-95ec-189ed5f4a85b__ep5:qa:133,34f07a04-eb37-45a3-95ec-189ed5f4a85b__ep5,ep5,test,1420,1439,16.12767219543457,11.549302101135254,0.09135785698890686,0.1742686927318573
dense_20f_stride10:34f07a04-eb37-45a3-95ec-189ed5f4a85b__ep5:qa:134,34f07a04-eb37-45a3-95ec-189ed5f4a85b__ep5,ep5,test,1430,1449,16.00815200805664,11.279915809631348,0.0944337546825409,0.17810530960559845
dense_20f_stride10:34f07a04-eb37-45a3-95ec-189ed5f4a85b__ep5:qa:135,34f07a04-eb37-45a3-95ec-189ed5f4a85b__ep5,ep5,test,1440,1459,15.910888671875,11.135807991027832,0.10230235755443573,0.18834644556045532
dense_20f_stride10:34f07a04-eb37-45a3-95ec-189ed5f4a85b__ep5:qa:136,34f07a04-eb37-45a3-95ec-189ed5f4a85b__ep5,ep5,test,1450,1469,15.769477844238281,10.42087173461914,0.10133951902389526,0.1953440010547638
dense_20f_stride10:34f07a04-eb37-45a3-95ec-189ed5f4a85b__ep5:qa:154,34f07a04-eb37-45a3-95ec-189ed5f4a85b__ep5,ep5,test,1640,1659,17.268573760986328,8.855260848999023,0.2786654829978943,0.40175870060920715
dense_20f_stride10:34f07a04-eb37-45a3-95ec-189ed5f4a85b__ep5:qa:155,34f07a04-eb37-45a3-95ec-189ed5f4a85b__ep5,ep5,test,1650,1669,17.138168334960938,10.64044189453125,0.18644370138645172,0.2750789523124695
dense_20f_stride10:34f07a04-eb37-45a3-95ec-189ed5f4a85b__ep5:qa:156,34f07a04-eb37-45a3-95ec-189ed5f4a85b__ep5,ep5,test,1660,1679,17.72808074951172,10.789224624633789,0.1518625169992447,0.25073105096817017
dense_20f_stride10:34f07a04-eb37-45a3-95ec-189ed5f4a85b__ep5:qa:157,34f07a04-eb37-45a3-95ec-189ed5f4a85b__ep5,ep5,test,1670,1689,18.363929748535156,11.370331764221191,0.12919265031814575,0.24187242984771729
dense_20f_stride10:34f07a04-eb37-45a3-95ec-189ed5f4a85b__ep5:qa:158,34f07a04-eb37-45a3-95ec-189ed5f4a85b__ep5,ep5,test,1680,1699,18.638948440551758,11.343778610229492,0.14707434177398682,0.27637070417404175
dense_20f_stride10:34f07a04-eb37-45a3-95ec-189ed5f4a85b__ep5:qa:169,34f07a04-eb37-45a3-95ec-189ed5f4a85b__ep5,ep5,test,1800,1819,17.319984436035156,9.16786003112793,0.18593338131904602,0.32393473386764526
dense_20f_stride10:34f07a04-eb37-45a3-95ec-189ed5f4a85b__ep5:qa:170,34f07a04-eb37-45a3-95ec-189ed5f4a85b__ep5,ep5,test,1810,1829,17.611732482910156,9.735457420349121,0.2349540740251541,0.34376806020736694
dense_20f_stride10:34f07a04-eb37-45a3-95ec-189ed5f4a85b__ep5:qa:171,34f07a04-eb37-45a3-95ec-189ed5f4a85b__ep5,ep5,test,1820,1839,16.99740982055664,10.591673851013184,0.2115006446838379,0.29537293314933777
dense_20f_stride10:34f07a04-eb37-45a3-95ec-189ed5f4a85b__ep5:qa:172,34f07a04-eb37-45a3-95ec-189ed5f4a85b__ep5,ep5,test,1830,1849,17.68964385986328,11.007189750671387,0.1593729704618454,0.24816058576107025
dense_20f_stride10:34f07a04-eb37-45a3-95ec-189ed5f4a85b__ep5:qa:173,34f07a04-eb37-45a3-95ec-189ed5f4a85b__ep5,ep5,test,1840,1859,18.33424949645996,11.266234397888184,0.14763863384723663,0.2577928900718689
dense_20f_stride10:34f07a04-eb37-45a3-95ec-189ed5f4a85b__ep5:qa:199,34f07a04-eb37-45a3-95ec-189ed5f4a85b__ep5,ep5,test,2120,2139,17.160114288330078,9.189529418945312,0.14735287427902222,0.2792694866657257
dense_20f_stride10:34f07a04-eb37-45a3-95ec-189ed5f4a85b__ep5:qa:200,34f07a04-eb37-45a3-95ec-189ed5f4a85b__ep5,ep5,test,2130,2149,17.478933334350586,10.146958351135254,0.14576776325702667,0.2613421380519867
dense_20f_stride10:34f07a04-eb37-45a3-95ec-189ed5f4a85b__ep5:qa:201,34f07a04-eb37-45a3-95ec-189ed5f4a85b__ep5,ep5,test,2140,2159,18.138160705566406,10.939091682434082,0.14476124942302704,0.2541792690753937
dense_20f_stride10:34f07a04-eb37-45a3-95ec-189ed5f4a85b__ep5:qa:202,34f07a04-eb37-45a3-95ec-189ed5f4a85b__ep5,ep5,test,2150,2169,18.001815795898438,11.38796615600586,0.1473752111196518,0.25426509976387024
dense_20f_stride10:34f07a04-eb37-45a3-95ec-189ed5f4a85b__ep5:qa:203,34f07a04-eb37-45a3-95ec-189ed5f4a85b__ep5,ep5,test,2160,2179,17.405838012695312,12.046490669250488,0.17485935986042023,0.26250192523002625
dense_20f_stride10:34f07a04-eb37-45a3-95ec-189ed5f4a85b__ep5:qa:265,34f07a04-eb37-45a3-95ec-189ed5f4a85b__ep5,ep5,test,2800,2819,0.0,11.74031925201416,0.18882429599761963,0.3953171372413635
dense_20f_stride10:34f07a04-eb37-45a3-95ec-189ed5f4a85b__ep5:qa:266,34f07a04-eb37-45a3-95ec-189ed5f4a85b__ep5,ep5,test,2810,2829,0.0,12.205347061157227,0.19953382015228271,0.4109753668308258
dense_20f_stride10:34f07a04-eb37-45a3-95ec-189ed5f4a85b__ep5:qa:267,34f07a04-eb37-45a3-95ec-189ed5f4a85b__ep5,ep5,test,2820,2839,0.0,11.954022407531738,0.1872609406709671,0.40251287817955017
dense_20f_stride10:34f07a04-eb37-45a3-95ec-189ed5f4a85b__ep5:qa:268,34f07a04-eb37-45a3-95ec-189ed5f4a85b__ep5,ep5,test,2830,2849,0.0,11.742088317871094,0.18326905369758606,0.39537668228149414
dense_20f_stride10:34f07a04-eb37-45a3-95ec-189ed5f4a85b__ep5:qa:269,34f07a04-eb37-45a3-95ec-189ed5f4a85b__ep5,ep5,test,2840,2859,0.0,11.724531173706055,0.18434318900108337,0.39478546380996704
dense_20f_stride10:34f07a04-eb37-45a3-95ec-189ed5f4a85b__ep5:qa:270,34f07a04-eb37-45a3-95ec-189ed5f4a85b__ep5,ep5,test,2850,2869,0.0,11.689155578613281,0.17924624681472778,0.3935943841934204
dense_20f_stride10:34f07a04-eb37-45a3-95ec-189ed5f4a85b__ep5:qa:291,34f07a04-eb37-45a3-95ec-189ed5f4a85b__ep5,ep5,test,3080,3099,18.5340633392334,11.830507278442383,0.14531438052654266,0.24344982206821442
dense_20f_stride10:34f07a04-eb37-45a3-95ec-189ed5f4a85b__ep5:qa:292,34f07a04-eb37-45a3-95ec-189ed5f4a85b__ep5,ep5,test,3090,3109,18.453815460205078,11.741297721862793,0.13893458247184753,0.23942144215106964
dense_20f_stride10:34f07a04-eb37-45a3-95ec-189ed5f4a85b__ep5:qa:293,34f07a04-eb37-45a3-95ec-189ed5f4a85b__ep5,ep5,test,3100,3119,18.479394912719727,11.771530151367188,0.13909375667572021,0.24129118025302887
dense_20f_stride10:34f07a04-eb37-45a3-95ec-189ed5f4a85b__ep5:qa:294,34f07a04-eb37-45a3-95ec-189ed5f4a85b__ep5,ep5,test,3110,3129,18.523134231567383,11.823551177978516,0.1372712105512619,0.2437933385372162
dense_20f_stride10:34f07a04-eb37-45a3-95ec-189ed5f4a85b__ep5:qa:295,34f07a04-eb37-45a3-95ec-189ed5f4a85b__ep5,ep5,test,3120,3139,18.562850952148438,11.880416870117188,0.14077973365783691,0.24750758707523346
dense_20f_stride10:34f07a04-eb37-45a3-95ec-189ed5f4a85b__ep5:qa:302,34f07a04-eb37-45a3-95ec-189ed5f4a85b__ep5,ep5,test,3200,3219,12.604248046875,10.290409088134766,0.1329418420791626,0.19936072826385498
dense_20f_stride10:34f07a04-eb37-45a3-95ec-189ed5f4a85b__ep5:qa:303,34f07a04-eb37-45a3-95ec-189ed5f4a85b__ep5,ep5,test,3210,3229,14.118179321289062,12.482202529907227,0.363925576210022,0.4897988438606262
dense_20f_stride10:34f07a04-eb37-45a3-95ec-189ed5f4a85b__ep5:qa:304,34f07a04-eb37-45a3-95ec-189ed5f4a85b__ep5,ep5,test,3220,3239,15.143975257873535,12.545592308044434,0.32251206040382385,0.41053423285484314
dense_20f_stride10:34f07a04-eb37-45a3-95ec-189ed5f4a85b__ep5:qa:305,34f07a04-eb37-45a3-95ec-189ed5f4a85b__ep5,ep5,test,3230,3249,15.079408645629883,9.205719947814941,0.27575093507766724,0.41275426745414734
dense_20f_stride10:34f07a04-eb37-45a3-95ec-189ed5f4a85b__ep5:qa:306,34f07a04-eb37-45a3-95ec-189ed5f4a85b__ep5,ep5,test,3240,3259,0.0,10.523613929748535,0.19421227276325226,0.3543485105037689
dense_20f_stride10:34f07a04-eb37-45a3-95ec-189ed5f4a85b__ep5:qa:313,34f07a04-eb37-45a3-95ec-189ed5f4a85b__ep5,ep5,test,3320,3339,10.092330932617188,7.2829742431640625,0.11549809575080872,0.15757325291633606
dense_20f_stride10:34f07a04-eb37-45a3-95ec-189ed5f4a85b__ep5:qa:314,34f07a04-eb37-45a3-95ec-189ed5f4a85b__ep5,ep5,test,3330,3349,8.821907043457031,7.558157444000244,0.0756574273109436,0.09825361520051956
dense_20f_stride10:34f07a04-eb37-45a3-95ec-189ed5f4a85b__ep5:qa:315,34f07a04-eb37-45a3-95ec-189ed5f4a85b__ep5,ep5,test,3340,3359,8.860970497131348,7.7784504890441895,0.07439204305410385,0.10643215477466583
dense_20f_stride10:34f07a04-eb37-45a3-95ec-189ed5f4a85b__ep5:qa:316,34f07a04-eb37-45a3-95ec-189ed5f4a85b__ep5,ep5,test,3350,3369,10.580853462219238,10.341057777404785,0.11067784577608109,0.14025452733039856
dense_20f_stride10:34f07a04-eb37-45a3-95ec-189ed5f4a85b__ep5:qa:317,34f07a04-eb37-45a3-95ec-189ed5f4a85b__ep5,ep5,test,3360,3379,13.004055976867676,10.872413635253906,0.24492724239826202,0.33051860332489014
dense_20f_stride10:34f07a04-eb37-45a3-95ec-189ed5f4a85b__ep5:qa:359,34f07a04-eb37-45a3-95ec-189ed5f4a85b__ep5,ep5,test,3800,3819,10.175118446350098,11.764120101928711,0.07490605860948563,0.12222813069820404
dense_20f_stride10:34f07a04-eb37-45a3-95ec-189ed5f4a85b__ep5:qa:360,34f07a04-eb37-45a3-95ec-189ed5f4a85b__ep5,ep5,test,3810,3829,10.461153030395508,11.773576736450195,0.06087792292237282,0.10995323956012726
dense_20f_stride10:34f07a04-eb37-45a3-95ec-189ed5f4a85b__ep5:qa:361,34f07a04-eb37-45a3-95ec-189ed5f4a85b__ep5,ep5,test,3820,3839,10.844015121459961,11.141515731811523,0.08004961162805557,0.11497067660093307
dense_20f_stride10:34f07a04-eb37-45a3-95ec-189ed5f4a85b__ep5:qa:362,34f07a04-eb37-45a3-95ec-189ed5f4a85b__ep5,ep5,test,3830,3849,10.374475479125977,11.373836517333984,0.08822639286518097,0.12543128430843353
dense_20f_stride10:34f07a04-eb37-45a3-95ec-189ed5f4a85b__ep5:qa:363,34f07a04-eb37-45a3-95ec-189ed5f4a85b__ep5,ep5,test,3840,3859,10.156112670898438,11.390881538391113,0.07424599677324295,0.11884162575006485
dense_20f_stride10:34f07a04-eb37-45a3-95ec-189ed5f4a85b__ep5:qa:364,34f07a04-eb37-45a3-95ec-189ed5f4a85b__ep5,ep5,test,3850,3869,10.118903160095215,11.96285629272461,0.062281712889671326,0.10759786516427994
dense_20f_stride10:34f07a04-eb37-45a3-95ec-189ed5f4a85b__ep5:qa:374,34f07a04-eb37-45a3-95ec-189ed5f4a85b__ep5,ep5,test,3960,3979,18.127092361450195,9.869915008544922,0.2388611137866974,0.409697949886322
dense_20f_stride10:34f07a04-eb37-45a3-95ec-189ed5f4a85b__ep5:qa:375,34f07a04-eb37-45a3-95ec-189ed5f4a85b__ep5,ep5,test,3970,3989,19.91816520690918,10.598570823669434,0.3254224956035614,0.4930356442928314
dense_20f_stride10:34f07a04-eb37-45a3-95ec-189ed5f4a85b__ep5:qa:376,34f07a04-eb37-45a3-95ec-189ed5f4a85b__ep5,ep5,test,3980,3999,23.00929069519043,10.610843658447266,0.39183691143989563,0.6151378750801086
dense_20f_stride10:34f07a04-eb37-45a3-95ec-189ed5f4a85b__ep5:qa:388,34f07a04-eb37-45a3-95ec-189ed5f4a85b__ep5,ep5,test,4120,4139,33.049495697021484,11.35117244720459,0.568670928478241,0.9818971753120422
dense_20f_stride10:34f07a04-eb37-45a3-95ec-189ed5f4a85b__ep5:qa:389,34f07a04-eb37-45a3-95ec-189ed5f4a85b__ep5,ep5,test,4130,4149,32.7082405090332,11.36203670501709,0.5515339970588684,0.9551328420639038
dense_20f_stride10:34f07a04-eb37-45a3-95ec-189ed5f4a85b__ep5:qa:390,34f07a04-eb37-45a3-95ec-189ed5f4a85b__ep5,ep5,test,4140,4159,32.180946350097656,10.619490623474121,0.5652397871017456,0.9139187335968018
dense_20f_stride10:34f07a04-eb37-45a3-95ec-189ed5f4a85b__ep5:qa:391,34f07a04-eb37-45a3-95ec-189ed5f4a85b__ep5,ep5,test,4150,4169,32.67641067504883,10.538525581359863,0.5462122559547424,0.9024096727371216
dense_20f_stride10:34f07a04-eb37-45a3-95ec-189ed5f4a85b__ep5:qa:392,34f07a04-eb37-45a3-95ec-189ed5f4a85b__ep5,ep5,test,4160,4179,32.85531234741211,11.154685020446777,0.5604822039604187,0.9675374627113342
dense_20f_stride10:34f07a04-eb37-45a3-95ec-189ed5f4a85b__ep5:qa:411,34f07a04-eb37-45a3-95ec-189ed5f4a85b__ep5,ep5,test,4360,4379,17.070070266723633,10.61347770690918,0.247846782207489,0.3482089638710022
dense_20f_stride10:34f07a04-eb37-45a3-95ec-189ed5f4a85b__ep5:qa:412,34f07a04-eb37-45a3-95ec-189ed5f4a85b__ep5,ep5,test,4370,4389,15.059259414672852,11.752775192260742,0.22628960013389587,0.31816980242729187
dense_20f_stride10:34f07a04-eb37-45a3-95ec-189ed5f4a85b__ep5:qa:413,34f07a04-eb37-45a3-95ec-189ed5f4a85b__ep5,ep5,test,4380,4399,13.188227653503418,10.264153480529785,0.14279823005199432,0.2305980622768402
dense_20f_stride10:34f07a04-eb37-45a3-95ec-189ed5f4a85b__ep5:qa:414,34f07a04-eb37-45a3-95ec-189ed5f4a85b__ep5,ep5,test,4400,4419,11.950092315673828,10.28465747833252,0.2706904113292694,0.40720972418785095
dense_20f_stride10:34f07a04-eb37-45a3-95ec-189ed5f4a85b__ep5:qa:415,34f07a04-eb37-45a3-95ec-189ed5f4a85b__ep5,ep5,test,4410,4429,9.23878288269043,11.795886993408203,0.2644423544406891,0.3630867600440979
dense_20f_stride10:34f07a04-eb37-45a3-95ec-189ed5f4a85b__ep5:qa:416,34f07a04-eb37-45a3-95ec-189ed5f4a85b__ep5,ep5,test,4420,4439,10.149216651916504,12.372162818908691,0.2874859869480133,0.3821973502635956
dense_20f_stride10:34f07a04-eb37-45a3-95ec-189ed5f4a85b__ep5:qa:417,34f07a04-eb37-45a3-95ec-189ed5f4a85b__ep5,ep5,test,4430,4449,10.329309463500977,10.8688383102417,0.17976970970630646,0.31399354338645935
dense_20f_stride10:34f07a04-eb37-45a3-95ec-189ed5f4a85b__ep5:qa:418,34f07a04-eb37-45a3-95ec-189ed5f4a85b__ep5,ep5,test,4440,4459,13.377691268920898,10.71224308013916,0.22289541363716125,0.3566092252731323
dense_20f_stride10:34f07a04-eb37-45a3-95ec-189ed5f4a85b__ep5:qa:419,34f07a04-eb37-45a3-95ec-189ed5f4a85b__ep5,ep5,test,4450,4469,12.889482498168945,10.370981216430664,0.18676121532917023,0.2930261790752411
dense_20f_stride10:34f07a04-eb37-45a3-95ec-189ed5f4a85b__ep5:qa:445,34f07a04-eb37-45a3-95ec-189ed5f4a85b__ep5,ep5,test,4720,4739,13.185312271118164,11.981425285339355,0.08437094837427139,0.1316044181585312
dense_20f_stride10:34f07a04-eb37-45a3-95ec-189ed5f4a85b__ep5:qa:446,34f07a04-eb37-45a3-95ec-189ed5f4a85b__ep5,ep5,test,4730,4749,13.323508262634277,11.800368309020996,0.09347159415483475,0.14875604212284088
dense_20f_stride10:34f07a04-eb37-45a3-95ec-189ed5f4a85b__ep5:qa:447,34f07a04-eb37-45a3-95ec-189ed5f4a85b__ep5,ep5,test,4740,4759,13.182939529418945,11.50359058380127,0.08448851853609085,0.12810292840003967
dense_20f_stride10:34f07a04-eb37-45a3-95ec-189ed5f4a85b__ep5:qa:448,34f07a04-eb37-45a3-95ec-189ed5f4a85b__ep5,ep5,test,4750,4769,12.07002067565918,10.918761253356934,0.11474798619747162,0.15378336608409882
dense_20f_stride10:34f07a04-eb37-45a3-95ec-189ed5f4a85b__ep5:qa:449,34f07a04-eb37-45a3-95ec-189ed5f4a85b__ep5,ep5,test,4760,4779,10.556453704833984,10.604244232177734,0.10814625024795532,0.15163570642471313
dense_20f_stride10:34f07a04-eb37-45a3-95ec-189ed5f4a85b__ep5:qa:452,34f07a04-eb37-45a3-95ec-189ed5f4a85b__ep5,ep5,test,4800,4819,12.325783729553223,10.728681564331055,0.13044236600399017,0.18826594948768616
dense_20f_stride10:34f07a04-eb37-45a3-95ec-189ed5f4a85b__ep5:qa:453,34f07a04-eb37-45a3-95ec-189ed5f4a85b__ep5,ep5,test,4810,4829,13.299544334411621,10.14664363861084,0.1456442028284073,0.20446224510669708
dense_20f_stride10:34f07a04-eb37-45a3-95ec-189ed5f4a85b__ep5:qa:454,34f07a04-eb37-45a3-95ec-189ed5f4a85b__ep5,ep5,test,4820,4839,13.580216407775879,11.039681434631348,0.14246894419193268,0.22244058549404144
dense_20f_stride10:34f07a04-eb37-45a3-95ec-189ed5f4a85b__ep5:qa:455,34f07a04-eb37-45a3-95ec-189ed5f4a85b__ep5,ep5,test,4830,4849,14.133535385131836,11.526249885559082,0.11062170565128326,0.17483359575271606
dense_20f_stride10:34f07a04-eb37-45a3-95ec-189ed5f4a85b__ep5:qa:456,34f07a04-eb37-45a3-95ec-189ed5f4a85b__ep5,ep5,test,4840,4859,14.451335906982422,12.180456161499023,0.1019911989569664,0.17086908221244812
dense_20f_stride10:34f07a04-eb37-45a3-95ec-189ed5f4a85b__ep5:qa:459,34f07a04-eb37-45a3-95ec-189ed5f4a85b__ep5,ep5,test,4880,4899,15.09047794342041,12.299458503723145,0.11586987972259521,0.2068542093038559
dense_20f_stride10:34f07a04-eb37-45a3-95ec-189ed5f4a85b__ep5:qa:460,34f07a04-eb37-45a3-95ec-189ed5f4a85b__ep5,ep5,test,4890,4909,14.974344253540039,12.461965560913086,0.1098599061369896,0.20785918831825256
dense_20f_stride10:34f07a04-eb37-45a3-95ec-189ed5f4a85b__ep5:qa:461,34f07a04-eb37-45a3-95ec-189ed5f4a85b__ep5,ep5,test,4900,4919,14.951068878173828,12.458793640136719,0.11420812457799911,0.2152966558933258
dense_20f_stride10:34f07a04-eb37-45a3-95ec-189ed5f4a85b__ep5:qa:462,34f07a04-eb37-45a3-95ec-189ed5f4a85b__ep5,ep5,test,4910,4929,14.916791915893555,12.409473419189453,0.11871905624866486,0.2290625274181366
dense_20f_stride10:34f07a04-eb37-45a3-95ec-189ed5f4a85b__ep5:qa:463,34f07a04-eb37-45a3-95ec-189ed5f4a85b__ep5,ep5,test,4920,4939,14.971640586853027,12.304387092590332,0.12446706742048264,0.23286983370780945
dense_20f_stride10:34f07a04-eb37-45a3-95ec-189ed5f4a85b__ep5:qa:464,34f07a04-eb37-45a3-95ec-189ed5f4a85b__ep5,ep5,test,4930,4949,15.021385192871094,12.293543815612793,0.12276566028594971,0.22874900698661804
dense_20f_stride10:b9dd769b-e31a-4fdb-945e-5a60db6487b0__ep2:qa:0,b9dd769b-e31a-4fdb-945e-5a60db6487b0__ep2,ep2,test,0,19,0.0,12.359556198120117,0.2051614373922348,0.4161679148674011
dense_20f_stride10:b9dd769b-e31a-4fdb-945e-5a60db6487b0__ep2:qa:1,b9dd769b-e31a-4fdb-945e-5a60db6487b0__ep2,ep2,test,10,29,0.0,12.285868644714355,0.20002856850624084,0.41368672251701355
dense_20f_stride10:b9dd769b-e31a-4fdb-945e-5a60db6487b0__ep2:qa:2,b9dd769b-e31a-4fdb-945e-5a60db6487b0__ep2,ep2,test,20,39,0.0,12.356646537780762,0.20205658674240112,0.4160699248313904
dense_20f_stride10:b9dd769b-e31a-4fdb-945e-5a60db6487b0__ep2:qa:3,b9dd769b-e31a-4fdb-945e-5a60db6487b0__ep2,ep2,test,30,49,0.0,12.44071102142334,0.20389299094676971,0.4189005494117737
dense_20f_stride10:b9dd769b-e31a-4fdb-945e-5a60db6487b0__ep2:qa:4,b9dd769b-e31a-4fdb-945e-5a60db6487b0__ep2,ep2,test,40,59,0.0,12.290018081665039,0.20252476632595062,0.41382643580436707
dense_20f_stride10:b9dd769b-e31a-4fdb-945e-5a60db6487b0__ep2:qa:5,b9dd769b-e31a-4fdb-945e-5a60db6487b0__ep2,ep2,test,50,69,0.0,12.250359535217285,0.19849728047847748,0.4124910533428192
dense_20f_stride10:b9dd769b-e31a-4fdb-945e-5a60db6487b0__ep2:qa:6,b9dd769b-e31a-4fdb-945e-5a60db6487b0__ep2,ep2,test,60,79,0.0,12.399862289428711,0.20635677874088287,0.4175250828266144
dense_20f_stride10:b9dd769b-e31a-4fdb-945e-5a60db6487b0__ep2:qa:7,b9dd769b-e31a-4fdb-945e-5a60db6487b0__ep2,ep2,test,70,89,12.052886009216309,12.440629005432129,0.24665437638759613,0.39900118112564087
dense_20f_stride10:b9dd769b-e31a-4fdb-945e-5a60db6487b0__ep2:qa:8,b9dd769b-e31a-4fdb-945e-5a60db6487b0__ep2,ep2,test,80,99,13.212285041809082,12.356147766113281,0.21166661381721497,0.36513131856918335
dense_20f_stride10:b9dd769b-e31a-4fdb-945e-5a60db6487b0__ep2:qa:9,b9dd769b-e31a-4fdb-945e-5a60db6487b0__ep2,ep2,test,90,109,13.182334899902344,12.39663314819336,0.07395170629024506,0.12510280311107635
dense_20f_stride10:b9dd769b-e31a-4fdb-945e-5a60db6487b0__ep2:qa:10,b9dd769b-e31a-4fdb-945e-5a60db6487b0__ep2,ep2,test,100,119,13.189827919006348,12.447092056274414,0.07660801708698273,0.12703955173492432
dense_20f_stride10:b9dd769b-e31a-4fdb-945e-5a60db6487b0__ep2:qa:79,b9dd769b-e31a-4fdb-945e-5a60db6487b0__ep2,ep2,test,800,819,0.0,9.847112655639648,0.17408856749534607,0.33156952261924744
dense_20f_stride10:b9dd769b-e31a-4fdb-945e-5a60db6487b0__ep2:qa:80,b9dd769b-e31a-4fdb-945e-5a60db6487b0__ep2,ep2,test,810,829,0.0,9.331907272338867,0.18254204094409943,0.31422165036201477
dense_20f_stride10:b9dd769b-e31a-4fdb-945e-5a60db6487b0__ep2:qa:81,b9dd769b-e31a-4fdb-945e-5a60db6487b0__ep2,ep2,test,820,839,0.0,9.766698837280273,0.20134341716766357,0.32886186242103577
dense_20f_stride10:b9dd769b-e31a-4fdb-945e-5a60db6487b0__ep2:qa:82,b9dd769b-e31a-4fdb-945e-5a60db6487b0__ep2,ep2,test,830,849,0.0,8.91773796081543,0.19910743832588196,0.30027586221694946
dense_20f_stride10:b9dd769b-e31a-4fdb-945e-5a60db6487b0__ep2:qa:83,b9dd769b-e31a-4fdb-945e-5a60db6487b0__ep2,ep2,test,840,859,0.0,10.223238945007324,0.23145093023777008,0.3442343473434448
dense_20f_stride10:b9dd769b-e31a-4fdb-945e-5a60db6487b0__ep2:qa:84,b9dd769b-e31a-4fdb-945e-5a60db6487b0__ep2,ep2,test,850,869,0.0,12.067472457885742,0.2032654732465744,0.40633293986320496
dense_20f_stride10:b9dd769b-e31a-4fdb-945e-5a60db6487b0__ep2:qa:85,b9dd769b-e31a-4fdb-945e-5a60db6487b0__ep2,ep2,test,860,879,0.0,11.802231788635254,0.18983715772628784,0.3974018394947052
dense_20f_stride10:b9dd769b-e31a-4fdb-945e-5a60db6487b0__ep2:qa:86,b9dd769b-e31a-4fdb-945e-5a60db6487b0__ep2,ep2,test,870,889,0.0,12.069271087646484,0.19216766953468323,0.40639349818229675
dense_20f_stride10:b9dd769b-e31a-4fdb-945e-5a60db6487b0__ep2:qa:87,b9dd769b-e31a-4fdb-945e-5a60db6487b0__ep2,ep2,test,880,899,0.0,11.907529830932617,0.19681602716445923,0.4009474217891693
dense_20f_stride10:b9dd769b-e31a-4fdb-945e-5a60db6487b0__ep2:qa:88,b9dd769b-e31a-4fdb-945e-5a60db6487b0__ep2,ep2,test,890,909,0.0,10.767189025878906,0.19763430953025818,0.36255010962486267
dense_20f_stride10:b9dd769b-e31a-4fdb-945e-5a60db6487b0__ep2:qa:89,b9dd769b-e31a-4fdb-945e-5a60db6487b0__ep2,ep2,test,900,919,0.0,10.310711860656738,0.18800237774848938,0.34717974066734314
dense_20f_stride10:b9dd769b-e31a-4fdb-945e-5a60db6487b0__ep2:qa:138,b9dd769b-e31a-4fdb-945e-5a60db6487b0__ep2,ep2,test,1400,1419,13.160813331604004,11.111072540283203,0.08414041996002197,0.1388186514377594
dense_20f_stride10:b9dd769b-e31a-4fdb-945e-5a60db6487b0__ep2:qa:139,b9dd769b-e31a-4fdb-945e-5a60db6487b0__ep2,ep2,test,1410,1429,13.265677452087402,11.406523704528809,0.08252368122339249,0.1354743391275406
dense_20f_stride10:b9dd769b-e31a-4fdb-945e-5a60db6487b0__ep2:qa:140,b9dd769b-e31a-4fdb-945e-5a60db6487b0__ep2,ep2,test,1420,1439,13.276350975036621,11.835888862609863,0.06970921903848648,0.12220469117164612
dense_20f_stride10:b9dd769b-e31a-4fdb-945e-5a60db6487b0__ep2:qa:141,b9dd769b-e31a-4fdb-945e-5a60db6487b0__ep2,ep2,test,1430,1449,13.278234481811523,11.95678997039795,0.07452725619077682,0.12420779466629028
dense_20f_stride10:b9dd769b-e31a-4fdb-945e-5a60db6487b0__ep2:qa:142,b9dd769b-e31a-4fdb-945e-5a60db6487b0__ep2,ep2,test,1440,1459,13.238009452819824,12.008087158203125,0.07649590820074081,0.12394900619983673
dense_20f_stride10:b9dd769b-e31a-4fdb-945e-5a60db6487b0__ep2:qa:143,b9dd769b-e31a-4fdb-945e-5a60db6487b0__ep2,ep2,test,1450,1469,13.211450576782227,11.96166706085205,0.07736726850271225,0.12317821383476257
dense_20f_stride10:b9dd769b-e31a-4fdb-945e-5a60db6487b0__ep2:qa:144,b9dd769b-e31a-4fdb-945e-5a60db6487b0__ep2,ep2,test,1460,1479,13.21121883392334,12.002424240112305,0.07746665924787521,0.12326514720916748
dense_20f_stride10:b9dd769b-e31a-4fdb-945e-5a60db6487b0__ep2:qa:145,b9dd769b-e31a-4fdb-945e-5a60db6487b0__ep2,ep2,test,1470,1489,13.214733123779297,11.886795997619629,0.08425112813711166,0.12972190976142883
dense_20f_stride10:b9dd769b-e31a-4fdb-945e-5a60db6487b0__ep2:qa:146,b9dd769b-e31a-4fdb-945e-5a60db6487b0__ep2,ep2,test,1480,1499,13.1619234085083,11.418464660644531,0.08868547528982162,0.14109332859516144
dense_20f_stride10:b9dd769b-e31a-4fdb-945e-5a60db6487b0__ep2:qa:147,b9dd769b-e31a-4fdb-945e-5a60db6487b0__ep2,ep2,test,1490,1509,13.220073699951172,11.203906059265137,0.10962538421154022,0.160156711935997
dense_20f_stride10:b9dd769b-e31a-4fdb-945e-5a60db6487b0__ep2:qa:148,b9dd769b-e31a-4fdb-945e-5a60db6487b0__ep2,ep2,test,1500,1519,13.271663665771484,11.031084060668945,0.1353532075881958,0.1933683156967163
dense_20f_stride10:b9dd769b-e31a-4fdb-945e-5a60db6487b0__ep2:qa:149,b9dd769b-e31a-4fdb-945e-5a60db6487b0__ep2,ep2,test,1510,1529,12.481922149658203,10.741793632507324,0.12115054577589035,0.18038342893123627
dense_20f_stride10:b9dd769b-e31a-4fdb-945e-5a60db6487b0__ep2:qa:177,b9dd769b-e31a-4fdb-945e-5a60db6487b0__ep2,ep2,test,1800,1819,0.0,9.35084056854248,0.17486940324306488,0.31485918164253235
dense_20f_stride10:b9dd769b-e31a-4fdb-945e-5a60db6487b0__ep2:qa:178,b9dd769b-e31a-4fdb-945e-5a60db6487b0__ep2,ep2,test,1810,1829,0.0,9.134413719177246,0.1705635040998459,0.30757173895835876
dense_20f_stride10:b9dd769b-e31a-4fdb-945e-5a60db6487b0__ep2:qa:179,b9dd769b-e31a-4fdb-945e-5a60db6487b0__ep2,ep2,test,1820,1839,0.0,10.307488441467285,0.1823575794696808,0.34707120060920715
dense_20f_stride10:b9dd769b-e31a-4fdb-945e-5a60db6487b0__ep2:qa:180,b9dd769b-e31a-4fdb-945e-5a60db6487b0__ep2,ep2,test,1830,1849,0.0,10.408215522766113,0.19185993075370789,0.3504628539085388
dense_20f_stride10:b9dd769b-e31a-4fdb-945e-5a60db6487b0__ep2:qa:181,b9dd769b-e31a-4fdb-945e-5a60db6487b0__ep2,ep2,test,1840,1859,0.0,10.422189712524414,0.19433198869228363,0.35093337297439575
dense_20f_stride10:b9dd769b-e31a-4fdb-945e-5a60db6487b0__ep2:qa:182,b9dd769b-e31a-4fdb-945e-5a60db6487b0__ep2,ep2,test,1850,1869,0.0,10.762332916259766,0.18880176544189453,0.3623866140842438
dense_20f_stride10:b9dd769b-e31a-4fdb-945e-5a60db6487b0__ep2:qa:183,b9dd769b-e31a-4fdb-945e-5a60db6487b0__ep2,ep2,test,1860,1879,0.0,11.07660961151123,0.20301613211631775,0.372968852519989
dense_20f_stride10:b9dd769b-e31a-4fdb-945e-5a60db6487b0__ep2:qa:184,b9dd769b-e31a-4fdb-945e-5a60db6487b0__ep2,ep2,test,1880,1899,0.0,11.595924377441406,0.19929784536361694,0.39045506715774536
dense_20f_stride10:b9dd769b-e31a-4fdb-945e-5a60db6487b0__ep2:qa:185,b9dd769b-e31a-4fdb-945e-5a60db6487b0__ep2,ep2,test,1890,1909,0.0,11.813472747802734,0.20217129588127136,0.39778029918670654
dense_20f_stride10:b9dd769b-e31a-4fdb-945e-5a60db6487b0__ep2:qa:186,b9dd769b-e31a-4fdb-945e-5a60db6487b0__ep2,ep2,test,1900,1919,0.0,12.04157543182373,0.2013685405254364,0.40546098351478577
dense_20f_stride10:b9dd769b-e31a-4fdb-945e-5a60db6487b0__ep2:qa:187,b9dd769b-e31a-4fdb-945e-5a60db6487b0__ep2,ep2,test,1910,1929,0.0,12.070441246032715,0.20594407618045807,0.4064328968524933
dense_20f_stride10:b9dd769b-e31a-4fdb-945e-5a60db6487b0__ep2:qa:188,b9dd769b-e31a-4fdb-945e-5a60db6487b0__ep2,ep2,test,1920,1939,0.0,11.282360076904297,0.19826640188694,0.3798968195915222
dense_20f_stride10:b9dd769b-e31a-4fdb-945e-5a60db6487b0__ep2:qa:189,b9dd769b-e31a-4fdb-945e-5a60db6487b0__ep2,ep2,test,1930,1949,0.0,10.827308654785156,0.19459591805934906,0.3645744323730469
dense_20f_stride10:b9dd769b-e31a-4fdb-945e-5a60db6487b0__ep2:qa:190,b9dd769b-e31a-4fdb-945e-5a60db6487b0__ep2,ep2,test,1940,1959,0.0,11.460329055786133,0.19757477939128876,0.38588935136795044
dense_20f_stride10:b9dd769b-e31a-4fdb-945e-5a60db6487b0__ep2:qa:191,b9dd769b-e31a-4fdb-945e-5a60db6487b0__ep2,ep2,test,1950,1969,0.0,11.939587593078613,0.20376040041446686,0.40202683210372925
dense_20f_stride10:b9dd769b-e31a-4fdb-945e-5a60db6487b0__ep2:qa:192,b9dd769b-e31a-4fdb-945e-5a60db6487b0__ep2,ep2,test,1960,1979,0.0,11.778716087341309,0.1981559693813324,0.39660996198654175
dense_20f_stride10:b9dd769b-e31a-4fdb-945e-5a60db6487b0__ep2:qa:193,b9dd769b-e31a-4fdb-945e-5a60db6487b0__ep2,ep2,test,1970,1989,0.0,11.822896957397461,0.201241597533226,0.3980976641178131
dense_20f_stride10:b9dd769b-e31a-4fdb-945e-5a60db6487b0__ep2:qa:194,b9dd769b-e31a-4fdb-945e-5a60db6487b0__ep2,ep2,test,1980,1999,0.0,12.024969100952148,0.19923901557922363,0.40490180253982544
dense_20f_stride10:b9dd769b-e31a-4fdb-945e-5a60db6487b0__ep2:qa:223,b9dd769b-e31a-4fdb-945e-5a60db6487b0__ep2,ep2,test,2280,2299,0.0,11.06396484375,0.20399834215641022,0.372543066740036
dense_20f_stride10:b9dd769b-e31a-4fdb-945e-5a60db6487b0__ep2:qa:224,b9dd769b-e31a-4fdb-945e-5a60db6487b0__ep2,ep2,test,2290,2309,0.0,11.603827476501465,0.18948857486248016,0.3907211720943451
dense_20f_stride10:b9dd769b-e31a-4fdb-945e-5a60db6487b0__ep2:qa:225,b9dd769b-e31a-4fdb-945e-5a60db6487b0__ep2,ep2,test,2300,2319,9.893689155578613,11.394871711730957,0.22385399043560028,0.37026527523994446
dense_20f_stride10:b9dd769b-e31a-4fdb-945e-5a60db6487b0__ep2:qa:226,b9dd769b-e31a-4fdb-945e-5a60db6487b0__ep2,ep2,test,2310,2329,13.63539981842041,10.64536190032959,0.21714404225349426,0.3687165677547455
dense_20f_stride10:b9dd769b-e31a-4fdb-945e-5a60db6487b0__ep2:qa:227,b9dd769b-e31a-4fdb-945e-5a60db6487b0__ep2,ep2,test,2320,2339,13.719648361206055,10.753478050231934,0.08983447402715683,0.14758296310901642
dense_20f_stride10:b9dd769b-e31a-4fdb-945e-5a60db6487b0__ep2:qa:228,b9dd769b-e31a-4fdb-945e-5a60db6487b0__ep2,ep2,test,2330,2349,14.806480407714844,11.552054405212402,0.08291301876306534,0.13622374832630157
dense_20f_stride10:b9dd769b-e31a-4fdb-945e-5a60db6487b0__ep2:qa:229,b9dd769b-e31a-4fdb-945e-5a60db6487b0__ep2,ep2,test,2340,2359,14.702960968017578,12.084474563598633,0.07321085780858994,0.12086211889982224
dense_20f_stride10:b9dd769b-e31a-4fdb-945e-5a60db6487b0__ep2:qa:230,b9dd769b-e31a-4fdb-945e-5a60db6487b0__ep2,ep2,test,2350,2369,14.6671142578125,12.10156536102295,0.07608187943696976,0.1218576729297638
dense_20f_stride10:b9dd769b-e31a-4fdb-945e-5a60db6487b0__ep2:qa:231,b9dd769b-e31a-4fdb-945e-5a60db6487b0__ep2,ep2,test,2360,2379,14.626829147338867,11.755871772766113,0.0794995054602623,0.12699799239635468
dense_20f_stride10:b9dd769b-e31a-4fdb-945e-5a60db6487b0__ep2:qa:232,b9dd769b-e31a-4fdb-945e-5a60db6487b0__ep2,ep2,test,2370,2389,14.626348495483398,11.814203262329102,0.08054471015930176,0.12700992822647095
dense_20f_stride10:b9dd769b-e31a-4fdb-945e-5a60db6487b0__ep2:qa:233,b9dd769b-e31a-4fdb-945e-5a60db6487b0__ep2,ep2,test,2380,2399,14.6304292678833,12.052739143371582,0.07550917565822601,0.11826884001493454
dense_20f_stride10:b9dd769b-e31a-4fdb-945e-5a60db6487b0__ep2:qa:234,b9dd769b-e31a-4fdb-945e-5a60db6487b0__ep2,ep2,test,2400,2419,14.636024475097656,12.21034049987793,0.0718962773680687,0.11583682149648666
dense_20f_stride10:b9dd769b-e31a-4fdb-945e-5a60db6487b0__ep2:qa:235,b9dd769b-e31a-4fdb-945e-5a60db6487b0__ep2,ep2,test,2410,2429,14.637847900390625,11.73531436920166,0.08152471482753754,0.12761613726615906
dense_20f_stride10:b9dd769b-e31a-4fdb-945e-5a60db6487b0__ep2:qa:236,b9dd769b-e31a-4fdb-945e-5a60db6487b0__ep2,ep2,test,2420,2439,15.626893997192383,9.20875358581543,0.3097715377807617,0.420523077249527
dense_20f_stride10:b9dd769b-e31a-4fdb-945e-5a60db6487b0__ep2:qa:237,b9dd769b-e31a-4fdb-945e-5a60db6487b0__ep2,ep2,test,2430,2449,13.114977836608887,8.522420883178711,0.2669200301170349,0.44383418560028076
dense_20f_stride10:b9dd769b-e31a-4fdb-945e-5a60db6487b0__ep2:qa:238,b9dd769b-e31a-4fdb-945e-5a60db6487b0__ep2,ep2,test,2440,2459,14.420143127441406,8.962005615234375,0.35817110538482666,0.5061966776847839
dense_20f_stride10:b9dd769b-e31a-4fdb-945e-5a60db6487b0__ep2:qa:239,b9dd769b-e31a-4fdb-945e-5a60db6487b0__ep2,ep2,test,2450,2469,13.561718940734863,7.639861106872559,0.20418047904968262,0.30139273405075073
dense_20f_stride10:b9dd769b-e31a-4fdb-945e-5a60db6487b0__ep2:qa:240,b9dd769b-e31a-4fdb-945e-5a60db6487b0__ep2,ep2,test,2460,2479,12.585236549377441,9.194686889648438,0.1620779186487198,0.24735012650489807
dense_20f_stride10:b9dd769b-e31a-4fdb-945e-5a60db6487b0__ep2:qa:241,b9dd769b-e31a-4fdb-945e-5a60db6487b0__ep2,ep2,test,2470,2489,11.96159553527832,10.233041763305664,0.15771083533763885,0.23060286045074463
dense_20f_stride10:b9dd769b-e31a-4fdb-945e-5a60db6487b0__ep2:qa:242,b9dd769b-e31a-4fdb-945e-5a60db6487b0__ep2,ep2,test,2480,2499,12.151516914367676,11.857012748718262,0.24659383296966553,0.36731383204460144
dense_20f_stride10:b9dd769b-e31a-4fdb-945e-5a60db6487b0__ep2:qa:243,b9dd769b-e31a-4fdb-945e-5a60db6487b0__ep2,ep2,test,2490,2509,12.454975128173828,10.55343246459961,0.25985342264175415,0.3752388656139374
dense_20f_stride10:b9dd769b-e31a-4fdb-945e-5a60db6487b0__ep2:qa:244,b9dd769b-e31a-4fdb-945e-5a60db6487b0__ep2,ep2,test,2500,2519,12.918625831604004,8.517486572265625,0.1544283926486969,0.22741834819316864
dense_20f_stride10:b9dd769b-e31a-4fdb-945e-5a60db6487b0__ep2:qa:281,b9dd769b-e31a-4fdb-945e-5a60db6487b0__ep2,ep2,test,2880,2899,12.399568557739258,10.594815254211426,0.08646605908870697,0.12160427868366241
dense_20f_stride10:b9dd769b-e31a-4fdb-945e-5a60db6487b0__ep2:qa:282,b9dd769b-e31a-4fdb-945e-5a60db6487b0__ep2,ep2,test,2890,2909,12.17236328125,10.929697036743164,0.07300461083650589,0.11101845651865005
dense_20f_stride10:b9dd769b-e31a-4fdb-945e-5a60db6487b0__ep2:qa:283,b9dd769b-e31a-4fdb-945e-5a60db6487b0__ep2,ep2,test,2900,2919,11.833703994750977,11.274969100952148,0.06430283188819885,0.09536226838827133
dense_20f_stride10:b9dd769b-e31a-4fdb-945e-5a60db6487b0__ep2:qa:284,b9dd769b-e31a-4fdb-945e-5a60db6487b0__ep2,ep2,test,2910,2929,11.924729347229004,10.943089485168457,0.07152115553617477,0.10200203210115433
dense_20f_stride10:b9dd769b-e31a-4fdb-945e-5a60db6487b0__ep2:qa:285,b9dd769b-e31a-4fdb-945e-5a60db6487b0__ep2,ep2,test,2920,2939,11.656224250793457,10.481142044067383,0.18347369134426117,0.3203716278076172
dense_20f_stride10:b9dd769b-e31a-4fdb-945e-5a60db6487b0__ep2:qa:286,b9dd769b-e31a-4fdb-945e-5a60db6487b0__ep2,ep2,test,2930,2949,9.602889060974121,10.119359970092773,0.20600652694702148,0.33223816752433777
dense_20f_stride10:b9dd769b-e31a-4fdb-945e-5a60db6487b0__ep2:qa:287,b9dd769b-e31a-4fdb-945e-5a60db6487b0__ep2,ep2,test,2940,2959,0.0,9.648253440856934,0.1573924720287323,0.32487359642982483
dense_20f_stride10:b9dd769b-e31a-4fdb-945e-5a60db6487b0__ep2:qa:288,b9dd769b-e31a-4fdb-945e-5a60db6487b0__ep2,ep2,test,2950,2969,0.0,8.924939155578613,0.18595799803733826,0.30051833391189575
dense_20f_stride10:b9dd769b-e31a-4fdb-945e-5a60db6487b0__ep2:qa:289,b9dd769b-e31a-4fdb-945e-5a60db6487b0__ep2,ep2,test,2960,2979,0.0,8.594563484191895,0.1766861081123352,0.28939399123191833
dense_20f_stride10:b9dd769b-e31a-4fdb-945e-5a60db6487b0__ep2:qa:290,b9dd769b-e31a-4fdb-945e-5a60db6487b0__ep2,ep2,test,2970,2989,0.0,9.529765129089355,0.171399787068367,0.3208838701248169
dense_20f_stride10:b9dd769b-e31a-4fdb-945e-5a60db6487b0__ep2:qa:291,b9dd769b-e31a-4fdb-945e-5a60db6487b0__ep2,ep2,test,2980,2999,0.0,9.579370498657227,0.16831202805042267,0.32255420088768005
dense_20f_stride10:b9dd769b-e31a-4fdb-945e-5a60db6487b0__ep2:qa:371,b9dd769b-e31a-4fdb-945e-5a60db6487b0__ep2,ep2,test,3800,3819,0.0,10.041145324707031,0.18145592510700226,0.33810296654701233
dense_20f_stride10:b9dd769b-e31a-4fdb-945e-5a60db6487b0__ep2:qa:372,b9dd769b-e31a-4fdb-945e-5a60db6487b0__ep2,ep2,test,3810,3829,0.0,10.267607688903809,0.19120649993419647,0.34572833776474
dense_20f_stride10:b9dd769b-e31a-4fdb-945e-5a60db6487b0__ep2:qa:373,b9dd769b-e31a-4fdb-945e-5a60db6487b0__ep2,ep2,test,3820,3839,0.0,11.147162437438965,0.19249087572097778,0.37534448504447937
dense_20f_stride10:b9dd769b-e31a-4fdb-945e-5a60db6487b0__ep2:qa:374,b9dd769b-e31a-4fdb-945e-5a60db6487b0__ep2,ep2,test,3830,3849,0.0,11.264145851135254,0.19682282209396362,0.37928348779678345
dense_20f_stride10:b9dd769b-e31a-4fdb-945e-5a60db6487b0__ep2:qa:375,b9dd769b-e31a-4fdb-945e-5a60db6487b0__ep2,ep2,test,3840,3859,0.0,11.810370445251465,0.19592498242855072,0.39767587184906006
dense_20f_stride10:b9dd769b-e31a-4fdb-945e-5a60db6487b0__ep2:qa:376,b9dd769b-e31a-4fdb-945e-5a60db6487b0__ep2,ep2,test,3850,3869,0.0,11.849143981933594,0.1944577693939209,0.3989814519882202
dense_20f_stride10:b9dd769b-e31a-4fdb-945e-5a60db6487b0__ep2:qa:377,b9dd769b-e31a-4fdb-945e-5a60db6487b0__ep2,ep2,test,3860,3879,0.0,11.617658615112305,0.1909269243478775,0.39118692278862
dense_20f_stride10:b9dd769b-e31a-4fdb-945e-5a60db6487b0__ep2:qa:378,b9dd769b-e31a-4fdb-945e-5a60db6487b0__ep2,ep2,test,3870,3889,0.0,9.287907600402832,0.19084283709526062,0.31274011731147766
dense_20f_stride10:b9dd769b-e31a-4fdb-945e-5a60db6487b0__ep2:qa:379,b9dd769b-e31a-4fdb-945e-5a60db6487b0__ep2,ep2,test,3880,3899,9.397575378417969,8.106026649475098,0.208724245429039,0.3160981833934784
dense_20f_stride10:b9dd769b-e31a-4fdb-945e-5a60db6487b0__ep2:qa:380,b9dd769b-e31a-4fdb-945e-5a60db6487b0__ep2,ep2,test,3890,3909,12.081804275512695,8.841447830200195,0.25887855887413025,0.36727938055992126
dense_20f_stride10:b9dd769b-e31a-4fdb-945e-5a60db6487b0__ep2:qa:381,b9dd769b-e31a-4fdb-945e-5a60db6487b0__ep2,ep2,test,3900,3919,12.964149475097656,7.320350170135498,0.24528537690639496,0.34637701511383057
dense_20f_stride10:ba045ed4-ef25-404d-b756-8dcbd45b18fa__ep2:qa:0,ba045ed4-ef25-404d-b756-8dcbd45b18fa__ep2,ep2,test,0,19,14.616891860961914,11.067449569702148,0.17355552315711975,0.3001790940761566
dense_20f_stride10:ba045ed4-ef25-404d-b756-8dcbd45b18fa__ep2:qa:1,ba045ed4-ef25-404d-b756-8dcbd45b18fa__ep2,ep2,test,10,29,14.796975135803223,11.403250694274902,0.16443711519241333,0.2924380898475647
dense_20f_stride10:ba045ed4-ef25-404d-b756-8dcbd45b18fa__ep2:qa:2,ba045ed4-ef25-404d-b756-8dcbd45b18fa__ep2,ep2,test,20,39,14.910133361816406,9.749650001525879,0.18807275593280792,0.29826417565345764
dense_20f_stride10:ba045ed4-ef25-404d-b756-8dcbd45b18fa__ep2:qa:3,ba045ed4-ef25-404d-b756-8dcbd45b18fa__ep2,ep2,test,30,49,14.679329872131348,9.714789390563965,0.16840973496437073,0.25887244939804077
dense_20f_stride10:ba045ed4-ef25-404d-b756-8dcbd45b18fa__ep2:qa:4,ba045ed4-ef25-404d-b756-8dcbd45b18fa__ep2,ep2,test,40,59,14.815583229064941,11.45035457611084,0.15484580397605896,0.24926134943962097
dense_20f_stride10:ba045ed4-ef25-404d-b756-8dcbd45b18fa__ep2:qa:39,ba045ed4-ef25-404d-b756-8dcbd45b18fa__ep2,ep2,test,400,419,15.3339262008667,11.534335136413574,0.19552300870418549,0.29195934534072876
dense_20f_stride10:ba045ed4-ef25-404d-b756-8dcbd45b18fa__ep2:qa:40,ba045ed4-ef25-404d-b756-8dcbd45b18fa__ep2,ep2,test,410,429,15.594815254211426,11.342257499694824,0.3306199610233307,0.45161131024360657
dense_20f_stride10:ba045ed4-ef25-404d-b756-8dcbd45b18fa__ep2:qa:41,ba045ed4-ef25-404d-b756-8dcbd45b18fa__ep2,ep2,test,420,439,12.78023624420166,11.808775901794434,0.3333246409893036,0.4411090314388275
dense_20f_stride10:ba045ed4-ef25-404d-b756-8dcbd45b18fa__ep2:qa:42,ba045ed4-ef25-404d-b756-8dcbd45b18fa__ep2,ep2,test,430,449,0.0,11.587824821472168,0.17952284216880798,0.39018234610557556
dense_20f_stride10:ba045ed4-ef25-404d-b756-8dcbd45b18fa__ep2:qa:43,ba045ed4-ef25-404d-b756-8dcbd45b18fa__ep2,ep2,test,440,459,12.161474227905273,11.520243644714355,0.31553107500076294,0.43513596057891846
dense_20f_stride10:ba045ed4-ef25-404d-b756-8dcbd45b18fa__ep2:qa:58,ba045ed4-ef25-404d-b756-8dcbd45b18fa__ep2,ep2,test,600,619,11.208187103271484,11.166905403137207,0.2091570645570755,0.2964320480823517
dense_20f_stride10:ba045ed4-ef25-404d-b756-8dcbd45b18fa__ep2:qa:59,ba045ed4-ef25-404d-b756-8dcbd45b18fa__ep2,ep2,test,610,629,16.469959259033203,10.729677200317383,0.3563140630722046,0.4875842332839966
dense_20f_stride10:ba045ed4-ef25-404d-b756-8dcbd45b18fa__ep2:qa:60,ba045ed4-ef25-404d-b756-8dcbd45b18fa__ep2,ep2,test,620,639,16.353116989135742,10.816927909851074,0.23449745774269104,0.3490891754627228
dense_20f_stride10:ba045ed4-ef25-404d-b756-8dcbd45b18fa__ep2:qa:61,ba045ed4-ef25-404d-b756-8dcbd45b18fa__ep2,ep2,test,630,649,16.62389373779297,10.991632461547852,0.20324523746967316,0.2945716083049774
dense_20f_stride10:ba045ed4-ef25-404d-b756-8dcbd45b18fa__ep2:qa:62,ba045ed4-ef25-404d-b756-8dcbd45b18fa__ep2,ep2,test,640,659,16.55950927734375,11.194458961486816,0.21017369627952576,0.313813716173172
dense_20f_stride10:ba045ed4-ef25-404d-b756-8dcbd45b18fa__ep2:qa:77,ba045ed4-ef25-404d-b756-8dcbd45b18fa__ep2,ep2,test,800,819,13.503926277160645,11.712897300720215,0.20454086363315582,0.3040043115615845
dense_20f_stride10:ba045ed4-ef25-404d-b756-8dcbd45b18fa__ep2:qa:78,ba045ed4-ef25-404d-b756-8dcbd45b18fa__ep2,ep2,test,810,829,13.302578926086426,11.511962890625,0.20082354545593262,0.2977960407733917
dense_20f_stride10:ba045ed4-ef25-404d-b756-8dcbd45b18fa__ep2:qa:79,ba045ed4-ef25-404d-b756-8dcbd45b18fa__ep2,ep2,test,820,839,13.311989784240723,11.693422317504883,0.19855642318725586,0.2941206097602844
dense_20f_stride10:ba045ed4-ef25-404d-b756-8dcbd45b18fa__ep2:qa:80,ba045ed4-ef25-404d-b756-8dcbd45b18fa__ep2,ep2,test,830,849,14.24250602722168,11.839184761047363,0.20804241299629211,0.3078235685825348
dense_20f_stride10:ba045ed4-ef25-404d-b756-8dcbd45b18fa__ep2:qa:81,ba045ed4-ef25-404d-b756-8dcbd45b18fa__ep2,ep2,test,840,859,15.831951141357422,10.1470947265625,0.32404354214668274,0.4696861207485199
dense_20f_stride10:ba045ed4-ef25-404d-b756-8dcbd45b18fa__ep2:qa:135,ba045ed4-ef25-404d-b756-8dcbd45b18fa__ep2,ep2,test,1400,1419,11.296348571777344,11.774545669555664,0.3191657066345215,0.4399682581424713
dense_20f_stride10:ba045ed4-ef25-404d-b756-8dcbd45b18fa__ep2:qa:136,ba045ed4-ef25-404d-b756-8dcbd45b18fa__ep2,ep2,test,1410,1429,12.491539001464844,11.907827377319336,0.32460224628448486,0.4152577519416809
dense_20f_stride10:ba045ed4-ef25-404d-b756-8dcbd45b18fa__ep2:qa:137,ba045ed4-ef25-404d-b756-8dcbd45b18fa__ep2,ep2,test,1420,1439,13.355802536010742,11.182392120361328,0.18250466883182526,0.28797048330307007
dense_20f_stride10:ba045ed4-ef25-404d-b756-8dcbd45b18fa__ep2:qa:138,ba045ed4-ef25-404d-b756-8dcbd45b18fa__ep2,ep2,test,1430,1449,13.564373970031738,10.941262245178223,0.16446246206760406,0.25215646624565125
dense_20f_stride10:ba045ed4-ef25-404d-b756-8dcbd45b18fa__ep2:qa:139,ba045ed4-ef25-404d-b756-8dcbd45b18fa__ep2,ep2,test,1440,1459,14.24787712097168,11.14744758605957,0.1526760756969452,0.23107896745204926
dense_20f_stride10:ba045ed4-ef25-404d-b756-8dcbd45b18fa__ep2:qa:140,ba045ed4-ef25-404d-b756-8dcbd45b18fa__ep2,ep2,test,1450,1469,14.61980152130127,11.286356925964355,0.15425251424312592,0.23274144530296326
dense_20f_stride10:ba045ed4-ef25-404d-b756-8dcbd45b18fa__ep2:qa:334,ba045ed4-ef25-404d-b756-8dcbd45b18fa__ep2,ep2,test,3400,3419,14.783055305480957,11.94104290008545,0.16485102474689484,0.28652408719062805
dense_20f_stride10:ba045ed4-ef25-404d-b756-8dcbd45b18fa__ep2:qa:335,ba045ed4-ef25-404d-b756-8dcbd45b18fa__ep2,ep2,test,3410,3429,14.925558090209961,11.643477439880371,0.16926860809326172,0.298924058675766
dense_20f_stride10:ba045ed4-ef25-404d-b756-8dcbd45b18fa__ep2:qa:336,ba045ed4-ef25-404d-b756-8dcbd45b18fa__ep2,ep2,test,3420,3439,15.196600914001465,11.402434349060059,0.17650432884693146,0.3071931302547455
dense_20f_stride10:ba045ed4-ef25-404d-b756-8dcbd45b18fa__ep2:qa:337,ba045ed4-ef25-404d-b756-8dcbd45b18fa__ep2,ep2,test,3430,3449,15.296710968017578,11.094233512878418,0.1767130047082901,0.30249544978141785
dense_20f_stride10:ba045ed4-ef25-404d-b756-8dcbd45b18fa__ep2:qa:338,ba045ed4-ef25-404d-b756-8dcbd45b18fa__ep2,ep2,test,3440,3459,15.367392539978027,11.600798606872559,0.1699376404285431,0.29682332277297974
dense_20f_stride10:ba045ed4-ef25-404d-b756-8dcbd45b18fa__ep2:qa:339,ba045ed4-ef25-404d-b756-8dcbd45b18fa__ep2,ep2,test,3450,3469,15.69411849975586,11.204903602600098,0.19192065298557281,0.33196204900741577
dense_20f_stride10:ba045ed4-ef25-404d-b756-8dcbd45b18fa__ep2:qa:345,ba045ed4-ef25-404d-b756-8dcbd45b18fa__ep2,ep2,test,3520,3539,16.336299896240234,8.922697067260742,0.2350507229566574,0.3215791881084442
dense_20f_stride10:ba045ed4-ef25-404d-b756-8dcbd45b18fa__ep2:qa:346,ba045ed4-ef25-404d-b756-8dcbd45b18fa__ep2,ep2,test,3530,3549,16.406095504760742,9.917670249938965,0.14796452224254608,0.22935692965984344
dense_20f_stride10:ba045ed4-ef25-404d-b756-8dcbd45b18fa__ep2:qa:347,ba045ed4-ef25-404d-b756-8dcbd45b18fa__ep2,ep2,test,3540,3559,16.08768081665039,9.175602912902832,0.20385707914829254,0.2867530882358551
dense_20f_stride10:ba045ed4-ef25-404d-b756-8dcbd45b18fa__ep2:qa:348,ba045ed4-ef25-404d-b756-8dcbd45b18fa__ep2,ep2,test,3550,3569,15.840250015258789,9.83260726928711,0.20758378505706787,0.2924351990222931
dense_20f_stride10:ba045ed4-ef25-404d-b756-8dcbd45b18fa__ep2:qa:349,ba045ed4-ef25-404d-b756-8dcbd45b18fa__ep2,ep2,test,3560,3579,15.869209289550781,9.979756355285645,0.1905573159456253,0.27625635266304016
dense_20f_stride10:ba045ed4-ef25-404d-b756-8dcbd45b18fa__ep2:qa:356,ba045ed4-ef25-404d-b756-8dcbd45b18fa__ep2,ep2,test,3640,3659,16.02288055419922,10.672118186950684,0.18502464890480042,0.2886545658111572
dense_20f_stride10:ba045ed4-ef25-404d-b756-8dcbd45b18fa__ep2:qa:357,ba045ed4-ef25-404d-b756-8dcbd45b18fa__ep2,ep2,test,3650,3669,16.16295051574707,10.706433296203613,0.2106468230485916,0.32899999618530273
dense_20f_stride10:ba045ed4-ef25-404d-b756-8dcbd45b18fa__ep2:qa:358,ba045ed4-ef25-404d-b756-8dcbd45b18fa__ep2,ep2,test,3660,3679,16.47287368774414,9.273406982421875,0.25818830728530884,0.38197562098503113
dense_20f_stride10:ba045ed4-ef25-404d-b756-8dcbd45b18fa__ep2:qa:359,ba045ed4-ef25-404d-b756-8dcbd45b18fa__ep2,ep2,test,3670,3689,16.761262893676758,10.68233585357666,0.18443156778812408,0.27416130900382996
dense_20f_stride10:ba045ed4-ef25-404d-b756-8dcbd45b18fa__ep2:qa:360,ba045ed4-ef25-404d-b756-8dcbd45b18fa__ep2,ep2,test,3680,3699,16.485336303710938,10.900811195373535,0.1922510862350464,0.31355786323547363
dense_20f_stride10:ba045ed4-ef25-404d-b756-8dcbd45b18fa__ep2:qa:371,ba045ed4-ef25-404d-b756-8dcbd45b18fa__ep2,ep2,test,3800,3819,17.10907554626465,10.575285911560059,0.20324406027793884,0.3009442985057831
dense_20f_stride10:ba045ed4-ef25-404d-b756-8dcbd45b18fa__ep2:qa:372,ba045ed4-ef25-404d-b756-8dcbd45b18fa__ep2,ep2,test,3810,3829,16.72840690612793,10.278712272644043,0.23875506222248077,0.362702876329422
dense_20f_stride10:ba045ed4-ef25-404d-b756-8dcbd45b18fa__ep2:qa:373,ba045ed4-ef25-404d-b756-8dcbd45b18fa__ep2,ep2,test,3820,3839,16.413673400878906,10.54725170135498,0.1882527470588684,0.29240474104881287
dense_20f_stride10:ba045ed4-ef25-404d-b756-8dcbd45b18fa__ep2:qa:374,ba045ed4-ef25-404d-b756-8dcbd45b18fa__ep2,ep2,test,3830,3849,17.254283905029297,10.18972110748291,0.34941110014915466,0.47742754220962524
dense_20f_stride10:ba045ed4-ef25-404d-b756-8dcbd45b18fa__ep2:qa:375,ba045ed4-ef25-404d-b756-8dcbd45b18fa__ep2,ep2,test,3840,3859,13.719443321228027,10.470587730407715,0.2581247389316559,0.3544030487537384
dense_20f_stride10:ba045ed4-ef25-404d-b756-8dcbd45b18fa__ep2:qa:390,ba045ed4-ef25-404d-b756-8dcbd45b18fa__ep2,ep2,test,4000,4019,16.79967498779297,11.921178817749023,0.1638309210538864,0.24103648960590363
dense_20f_stride10:ba045ed4-ef25-404d-b756-8dcbd45b18fa__ep2:qa:391,ba045ed4-ef25-404d-b756-8dcbd45b18fa__ep2,ep2,test,4010,4029,16.6837100982666,11.907807350158691,0.15408217906951904,0.22484855353832245
dense_20f_stride10:ba045ed4-ef25-404d-b756-8dcbd45b18fa__ep2:qa:392,ba045ed4-ef25-404d-b756-8dcbd45b18fa__ep2,ep2,test,4020,4039,16.577301025390625,12.09361457824707,0.14370381832122803,0.21547278761863708
dense_20f_stride10:ba045ed4-ef25-404d-b756-8dcbd45b18fa__ep2:qa:393,ba045ed4-ef25-404d-b756-8dcbd45b18fa__ep2,ep2,test,4030,4049,16.5468807220459,11.572668075561523,0.16575099527835846,0.2445489913225174
dense_20f_stride10:ba045ed4-ef25-404d-b756-8dcbd45b18fa__ep2:qa:394,ba045ed4-ef25-404d-b756-8dcbd45b18fa__ep2,ep2,test,4040,4059,15.99821949005127,11.163237571716309,0.2028959095478058,0.30262523889541626
dense_20f_stride10:ba045ed4-ef25-404d-b756-8dcbd45b18fa__ep2:qa:417,ba045ed4-ef25-404d-b756-8dcbd45b18fa__ep2,ep2,test,4280,4299,15.244513511657715,9.535481452941895,0.22590801119804382,0.3319888114929199
dense_20f_stride10:ba045ed4-ef25-404d-b756-8dcbd45b18fa__ep2:qa:418,ba045ed4-ef25-404d-b756-8dcbd45b18fa__ep2,ep2,test,4290,4309,15.305821418762207,9.478594779968262,0.18446096777915955,0.2641400992870331
dense_20f_stride10:ba045ed4-ef25-404d-b756-8dcbd45b18fa__ep2:qa:419,ba045ed4-ef25-404d-b756-8dcbd45b18fa__ep2,ep2,test,4300,4319,15.063774108886719,10.218530654907227,0.17842909693717957,0.2803058326244354
dense_20f_stride10:ba045ed4-ef25-404d-b756-8dcbd45b18fa__ep2:qa:420,ba045ed4-ef25-404d-b756-8dcbd45b18fa__ep2,ep2,test,4310,4329,14.816720962524414,10.920806884765625,0.171339750289917,0.2890510857105255
dense_20f_stride10:ba045ed4-ef25-404d-b756-8dcbd45b18fa__ep2:qa:421,ba045ed4-ef25-404d-b756-8dcbd45b18fa__ep2,ep2,test,4320,4339,14.681008338928223,10.989971160888672,0.15515395998954773,0.259996235370636
dense_20f_stride10:ba045ed4-ef25-404d-b756-8dcbd45b18fa__ep2:qa:422,ba045ed4-ef25-404d-b756-8dcbd45b18fa__ep2,ep2,test,4330,4349,14.638754844665527,10.896126747131348,0.1540091335773468,0.2594800591468811
dense_20f_stride10:ba045ed4-ef25-404d-b756-8dcbd45b18fa__ep2:qa:428,ba045ed4-ef25-404d-b756-8dcbd45b18fa__ep2,ep2,test,4400,4419,14.634895324707031,11.15890884399414,0.1525975465774536,0.2647938132286072
dense_20f_stride10:ba045ed4-ef25-404d-b756-8dcbd45b18fa__ep2:qa:429,ba045ed4-ef25-404d-b756-8dcbd45b18fa__ep2,ep2,test,4410,4429,14.700303077697754,11.180858612060547,0.15381190180778503,0.2708441913127899
dense_20f_stride10:ba045ed4-ef25-404d-b756-8dcbd45b18fa__ep2:qa:430,ba045ed4-ef25-404d-b756-8dcbd45b18fa__ep2,ep2,test,4420,4439,14.813126564025879,11.141613006591797,0.15321063995361328,0.2629302442073822
dense_20f_stride10:ba045ed4-ef25-404d-b756-8dcbd45b18fa__ep2:qa:431,ba045ed4-ef25-404d-b756-8dcbd45b18fa__ep2,ep2,test,4430,4449,14.947693824768066,10.794072151184082,0.15488047897815704,0.2530575692653656
dense_20f_stride10:ba045ed4-ef25-404d-b756-8dcbd45b18fa__ep2:qa:432,ba045ed4-ef25-404d-b756-8dcbd45b18fa__ep2,ep2,test,4440,4459,14.941001892089844,10.91481876373291,0.16013066470623016,0.27211377024650574
dense_20f_stride10:ba045ed4-ef25-404d-b756-8dcbd45b18fa__ep2:qa:447,ba045ed4-ef25-404d-b756-8dcbd45b18fa__ep2,ep2,test,4600,4619,15.415388107299805,12.368809700012207,0.17498420178890228,0.2955988645553589
dense_20f_stride10:ba045ed4-ef25-404d-b756-8dcbd45b18fa__ep2:qa:448,ba045ed4-ef25-404d-b756-8dcbd45b18fa__ep2,ep2,test,4610,4629,15.411284446716309,12.29800796508789,0.17726121842861176,0.3017864227294922
dense_20f_stride10:ba045ed4-ef25-404d-b756-8dcbd45b18fa__ep2:qa:449,ba045ed4-ef25-404d-b756-8dcbd45b18fa__ep2,ep2,test,4620,4639,15.527753829956055,12.234720230102539,0.18113121390342712,0.3089200258255005
dense_20f_stride10:ba045ed4-ef25-404d-b756-8dcbd45b18fa__ep2:qa:450,ba045ed4-ef25-404d-b756-8dcbd45b18fa__ep2,ep2,test,4630,4649,15.716086387634277,12.2127103805542,0.1903812140226364,0.3309580683708191
dense_20f_stride10:ba045ed4-ef25-404d-b756-8dcbd45b18fa__ep2:qa:451,ba045ed4-ef25-404d-b756-8dcbd45b18fa__ep2,ep2,test,4640,4659,15.593192100524902,11.78129768371582,0.29474347829818726,0.5056765675544739
dense_20f_stride10:ba045ed4-ef25-404d-b756-8dcbd45b18fa__ep2:qa:452,ba045ed4-ef25-404d-b756-8dcbd45b18fa__ep2,ep2,test,4650,4669,15.389618873596191,10.770365715026855,0.3131429851055145,0.500778317451477
dense_20f_stride10:ba045ed4-ef25-404d-b756-8dcbd45b18fa__ep2:qa:466,ba045ed4-ef25-404d-b756-8dcbd45b18fa__ep2,ep2,test,4800,4819,16.084228515625,9.92584228515625,0.2578664720058441,0.3631788194179535
dense_20f_stride10:ba045ed4-ef25-404d-b756-8dcbd45b18fa__ep2:qa:467,ba045ed4-ef25-404d-b756-8dcbd45b18fa__ep2,ep2,test,4810,4829,15.92327880859375,11.379825592041016,0.17334648966789246,0.2454873025417328
dense_20f_stride10:ba045ed4-ef25-404d-b756-8dcbd45b18fa__ep2:qa:468,ba045ed4-ef25-404d-b756-8dcbd45b18fa__ep2,ep2,test,4820,4839,16.177404403686523,9.676654815673828,0.18315164744853973,0.2630670964717865
dense_20f_stride10:ba045ed4-ef25-404d-b756-8dcbd45b18fa__ep2:qa:469,ba045ed4-ef25-404d-b756-8dcbd45b18fa__ep2,ep2,test,4830,4849,16.431970596313477,9.812255859375,0.23843736946582794,0.33438149094581604
dense_20f_stride10:ba045ed4-ef25-404d-b756-8dcbd45b18fa__ep2:qa:470,ba045ed4-ef25-404d-b756-8dcbd45b18fa__ep2,ep2,test,4840,4859,16.142372131347656,10.705860137939453,0.20527693629264832,0.2938341498374939
dense_20f_stride10:ba045ed4-ef25-404d-b756-8dcbd45b18fa__ep2:qa:485,ba045ed4-ef25-404d-b756-8dcbd45b18fa__ep2,ep2,test,5000,5019,14.730735778808594,11.487753868103027,0.16432513296604156,0.26954302191734314
dense_20f_stride10:ba045ed4-ef25-404d-b756-8dcbd45b18fa__ep2:qa:486,ba045ed4-ef25-404d-b756-8dcbd45b18fa__ep2,ep2,test,5010,5029,15.281086921691895,11.341753959655762,0.18237163126468658,0.2875581383705139
dense_20f_stride10:ba045ed4-ef25-404d-b756-8dcbd45b18fa__ep2:qa:487,ba045ed4-ef25-404d-b756-8dcbd45b18fa__ep2,ep2,test,5020,5039,16.100248336791992,11.75345516204834,0.1832139790058136,0.3125322461128235
dense_20f_stride10:ba045ed4-ef25-404d-b756-8dcbd45b18fa__ep2:qa:488,ba045ed4-ef25-404d-b756-8dcbd45b18fa__ep2,ep2,test,5030,5049,16.301000595092773,11.271905899047852,0.19049639999866486,0.3248211741447449
dense_20f_stride10:ba045ed4-ef25-404d-b756-8dcbd45b18fa__ep2:qa:489,ba045ed4-ef25-404d-b756-8dcbd45b18fa__ep2,ep2,test,5040,5059,16.183589935302734,10.4393949508667,0.18843770027160645,0.30839309096336365
dense_20f_stride10:ba045ed4-ef25-404d-b756-8dcbd45b18fa__ep2:qa:500,ba045ed4-ef25-404d-b756-8dcbd45b18fa__ep2,ep2,test,5160,5179,13.757323265075684,10.88168716430664,0.3007155656814575,0.4241761565208435
dense_20f_stride10:ba045ed4-ef25-404d-b756-8dcbd45b18fa__ep2:qa:501,ba045ed4-ef25-404d-b756-8dcbd45b18fa__ep2,ep2,test,5170,5189,0.0,11.787911415100098,0.18875540792942047,0.3969196379184723
dense_20f_stride10:ba045ed4-ef25-404d-b756-8dcbd45b18fa__ep2:qa:502,ba045ed4-ef25-404d-b756-8dcbd45b18fa__ep2,ep2,test,5180,5199,0.0,12.314167022705078,0.19678150117397308,0.4146396219730377
dense_20f_stride10:ba045ed4-ef25-404d-b756-8dcbd45b18fa__ep2:qa:503,ba045ed4-ef25-404d-b756-8dcbd45b18fa__ep2,ep2,test,5190,5209,0.0,12.399222373962402,0.19361084699630737,0.4175035357475281
dense_20f_stride10:ba045ed4-ef25-404d-b756-8dcbd45b18fa__ep2:qa:504,ba045ed4-ef25-404d-b756-8dcbd45b18fa__ep2,ep2,test,5200,5219,0.0,12.315784454345703,0.18969950079917908,0.41469404101371765
dense_20f_stride10:ba045ed4-ef25-404d-b756-8dcbd45b18fa__ep2:qa:523,ba045ed4-ef25-404d-b756-8dcbd45b18fa__ep2,ep2,test,5400,5419,0.0,10.767692565917969,0.18881595134735107,0.36256706714630127
dense_20f_stride10:ba045ed4-ef25-404d-b756-8dcbd45b18fa__ep2:qa:524,ba045ed4-ef25-404d-b756-8dcbd45b18fa__ep2,ep2,test,5410,5429,0.0,10.887702941894531,0.16487713158130646,0.36660802364349365
dense_20f_stride10:ba045ed4-ef25-404d-b756-8dcbd45b18fa__ep2:qa:525,ba045ed4-ef25-404d-b756-8dcbd45b18fa__ep2,ep2,test,5420,5439,0.0,11.39714241027832,0.1916401982307434,0.3837617337703705
dense_20f_stride10:ba045ed4-ef25-404d-b756-8dcbd45b18fa__ep2:qa:526,ba045ed4-ef25-404d-b756-8dcbd45b18fa__ep2,ep2,test,5430,5449,0.0,11.742772102355957,0.1899726837873459,0.39539971947669983
dense_20f_stride10:ba045ed4-ef25-404d-b756-8dcbd45b18fa__ep2:qa:527,ba045ed4-ef25-404d-b756-8dcbd45b18fa__ep2,ep2,test,5440,5459,0.0,11.595063209533691,0.19021253287792206,0.3904260993003845
dense_20f_stride10:ba045ed4-ef25-404d-b756-8dcbd45b18fa__ep2:qa:528,ba045ed4-ef25-404d-b756-8dcbd45b18fa__ep2,ep2,test,5450,5469,0.0,11.5178861618042,0.1901087611913681,0.38782739639282227
dense_20f_stride10:ba045ed4-ef25-404d-b756-8dcbd45b18fa__ep2:qa:562,ba045ed4-ef25-404d-b756-8dcbd45b18fa__ep2,ep2,test,5800,5819,14.927607536315918,12.146709442138672,0.16089189052581787,0.27805081009864807
dense_20f_stride10:ba045ed4-ef25-404d-b756-8dcbd45b18fa__ep2:qa:563,ba045ed4-ef25-404d-b756-8dcbd45b18fa__ep2,ep2,test,5810,5829,14.971590042114258,12.35667610168457,0.15029601752758026,0.2582450807094574
dense_20f_stride10:ba045ed4-ef25-404d-b756-8dcbd45b18fa__ep2:qa:564,ba045ed4-ef25-404d-b756-8dcbd45b18fa__ep2,ep2,test,5820,5839,14.896384239196777,12.365400314331055,0.15077893435955048,0.25752192735671997
dense_20f_stride10:ba045ed4-ef25-404d-b756-8dcbd45b18fa__ep2:qa:565,ba045ed4-ef25-404d-b756-8dcbd45b18fa__ep2,ep2,test,5830,5849,14.837041854858398,12.403179168701172,0.14765894412994385,0.2536030411720276
dense_20f_stride10:ba045ed4-ef25-404d-b756-8dcbd45b18fa__ep2:qa:566,ba045ed4-ef25-404d-b756-8dcbd45b18fa__ep2,ep2,test,5840,5859,14.859118461608887,12.397220611572266,0.14815200865268707,0.25426390767097473
dense_20f_stride10:ba045ed4-ef25-404d-b756-8dcbd45b18fa__ep2:qa:567,ba045ed4-ef25-404d-b756-8dcbd45b18fa__ep2,ep2,test,5850,5869,14.914740562438965,12.380859375,0.14955052733421326,0.2556301951408386
dense_20f_stride10:4b02bb38-384a-438a-b5f9-6131d85c34b0__ep1:qa:0,4b02bb38-384a-438a-b5f9-6131d85c34b0__ep1,ep1,test,0,19,0.0,10.039276123046875,0.17732281982898712,0.33803999423980713
dense_20f_stride10:4b02bb38-384a-438a-b5f9-6131d85c34b0__ep1:qa:1,4b02bb38-384a-438a-b5f9-6131d85c34b0__ep1,ep1,test,10,29,0.0,9.849835395812988,0.1713649183511734,0.331661194562912
dense_20f_stride10:4b02bb38-384a-438a-b5f9-6131d85c34b0__ep1:qa:2,4b02bb38-384a-438a-b5f9-6131d85c34b0__ep1,ep1,test,20,39,0.0,10.989883422851562,0.1833173632621765,0.3700486421585083
dense_20f_stride10:4b02bb38-384a-438a-b5f9-6131d85c34b0__ep1:qa:3,4b02bb38-384a-438a-b5f9-6131d85c34b0__ep1,ep1,test,30,49,0.0,11.427438735961914,0.17552126944065094,0.3847818672657013
dense_20f_stride10:4b02bb38-384a-438a-b5f9-6131d85c34b0__ep1:qa:4,4b02bb38-384a-438a-b5f9-6131d85c34b0__ep1,ep1,test,40,59,0.0,11.153021812438965,0.1758839637041092,0.3755418062210083
dense_20f_stride10:4b02bb38-384a-438a-b5f9-6131d85c34b0__ep1:qa:5,4b02bb38-384a-438a-b5f9-6131d85c34b0__ep1,ep1,test,50,69,0.0,10.671189308166504,0.18158826231956482,0.3593176305294037
dense_20f_stride10:4b02bb38-384a-438a-b5f9-6131d85c34b0__ep1:qa:6,4b02bb38-384a-438a-b5f9-6131d85c34b0__ep1,ep1,test,60,79,0.0,10.562850952148438,0.21106724441051483,0.35566970705986023
dense_20f_stride10:4b02bb38-384a-438a-b5f9-6131d85c34b0__ep1:qa:7,4b02bb38-384a-438a-b5f9-6131d85c34b0__ep1,ep1,test,70,89,0.0,10.079358100891113,0.17501169443130493,0.3393896520137787
dense_20f_stride10:4b02bb38-384a-438a-b5f9-6131d85c34b0__ep1:qa:8,4b02bb38-384a-438a-b5f9-6131d85c34b0__ep1,ep1,test,80,99,0.0,10.920605659484863,0.19803403317928314,0.36771589517593384
dense_20f_stride10:4b02bb38-384a-438a-b5f9-6131d85c34b0__ep1:qa:27,4b02bb38-384a-438a-b5f9-6131d85c34b0__ep1,ep1,test,280,299,0.0,11.460037231445312,0.20420527458190918,0.3858795166015625
dense_20f_stride10:4b02bb38-384a-438a-b5f9-6131d85c34b0__ep1:qa:28,4b02bb38-384a-438a-b5f9-6131d85c34b0__ep1,ep1,test,290,309,0.0,11.535823822021484,0.20342306792736053,0.3884313702583313
dense_20f_stride10:4b02bb38-384a-438a-b5f9-6131d85c34b0__ep1:qa:29,4b02bb38-384a-438a-b5f9-6131d85c34b0__ep1,ep1,test,300,319,0.0,11.719072341918945,0.21342232823371887,0.3946016728878021
dense_20f_stride10:4b02bb38-384a-438a-b5f9-6131d85c34b0__ep1:qa:30,4b02bb38-384a-438a-b5f9-6131d85c34b0__ep1,ep1,test,310,329,0.0,10.484640121459961,0.1795935183763504,0.35303619503974915
dense_20f_stride10:4b02bb38-384a-438a-b5f9-6131d85c34b0__ep1:qa:31,4b02bb38-384a-438a-b5f9-6131d85c34b0__ep1,ep1,test,320,339,0.0,9.48316478729248,0.1895357370376587,0.31931477785110474
dense_20f_stride10:4b02bb38-384a-438a-b5f9-6131d85c34b0__ep1:qa:32,4b02bb38-384a-438a-b5f9-6131d85c34b0__ep1,ep1,test,330,349,0.0,9.069842338562012,0.1900867223739624,0.30539748072624207
dense_20f_stride10:4b02bb38-384a-438a-b5f9-6131d85c34b0__ep1:qa:33,4b02bb38-384a-438a-b5f9-6131d85c34b0__ep1,ep1,test,340,359,0.0,11.001641273498535,0.2172066867351532,0.37044453620910645
dense_20f_stride10:4b02bb38-384a-438a-b5f9-6131d85c34b0__ep1:qa:34,4b02bb38-384a-438a-b5f9-6131d85c34b0__ep1,ep1,test,350,369,0.0,7.762552261352539,0.16444210708141327,0.2613787353038788
dense_20f_stride10:4b02bb38-384a-438a-b5f9-6131d85c34b0__ep1:qa:38,4b02bb38-384a-438a-b5f9-6131d85c34b0__ep1,ep1,test,400,419,0.0,8.36666202545166,0.16130730509757996,0.28172019124031067
dense_20f_stride10:4b02bb38-384a-438a-b5f9-6131d85c34b0__ep1:qa:39,4b02bb38-384a-438a-b5f9-6131d85c34b0__ep1,ep1,test,410,429,0.0,9.340449333190918,0.1898067742586136,0.3145092725753784
dense_20f_stride10:4b02bb38-384a-438a-b5f9-6131d85c34b0__ep1:qa:40,4b02bb38-384a-438a-b5f9-6131d85c34b0__ep1,ep1,test,420,439,0.0,9.69152545928955,0.1950085312128067,0.32633066177368164
dense_20f_stride10:4b02bb38-384a-438a-b5f9-6131d85c34b0__ep1:qa:41,4b02bb38-384a-438a-b5f9-6131d85c34b0__ep1,ep1,test,430,449,0.0,10.118457794189453,0.2215321809053421,0.3407061994075775
dense_20f_stride10:4b02bb38-384a-438a-b5f9-6131d85c34b0__ep1:qa:42,4b02bb38-384a-438a-b5f9-6131d85c34b0__ep1,ep1,test,440,459,0.0,11.677919387817383,0.26291435956954956,0.39321601390838623
dense_20f_stride10:4b02bb38-384a-438a-b5f9-6131d85c34b0__ep1:qa:43,4b02bb38-384a-438a-b5f9-6131d85c34b0__ep1,ep1,test,450,469,0.0,10.206058502197266,0.23436981439590454,0.34365585446357727
dense_20f_stride10:4b02bb38-384a-438a-b5f9-6131d85c34b0__ep1:qa:44,4b02bb38-384a-438a-b5f9-6131d85c34b0__ep1,ep1,test,460,479,0.0,7.968977928161621,0.1783103197813034,0.2683294713497162
dense_20f_stride10:4b02bb38-384a-438a-b5f9-6131d85c34b0__ep1:qa:45,4b02bb38-384a-438a-b5f9-6131d85c34b0__ep1,ep1,test,470,489,0.0,8.662421226501465,0.20713751018047333,0.29167893528938293
dense_20f_stride10:4b02bb38-384a-438a-b5f9-6131d85c34b0__ep1:qa:46,4b02bb38-384a-438a-b5f9-6131d85c34b0__ep1,ep1,test,480,499,0.0,8.668554306030273,0.1927703320980072,0.2918854057788849
dense_20f_stride10:4b02bb38-384a-438a-b5f9-6131d85c34b0__ep1:qa:61,4b02bb38-384a-438a-b5f9-6131d85c34b0__ep1,ep1,test,640,659,0.0,10.224959373474121,0.17691738903522491,0.3442922830581665
dense_20f_stride10:4b02bb38-384a-438a-b5f9-6131d85c34b0__ep1:qa:62,4b02bb38-384a-438a-b5f9-6131d85c34b0__ep1,ep1,test,650,669,0.0,10.568408966064453,0.17805702984333038,0.35585683584213257
dense_20f_stride10:4b02bb38-384a-438a-b5f9-6131d85c34b0__ep1:qa:63,4b02bb38-384a-438a-b5f9-6131d85c34b0__ep1,ep1,test,660,679,0.0,11.202370643615723,0.17803838849067688,0.37720343470573425
dense_20f_stride10:4b02bb38-384a-438a-b5f9-6131d85c34b0__ep1:qa:64,4b02bb38-384a-438a-b5f9-6131d85c34b0__ep1,ep1,test,670,689,0.0,10.719752311706543,0.18247069418430328,0.36095282435417175
dense_20f_stride10:4b02bb38-384a-438a-b5f9-6131d85c34b0__ep1:qa:65,4b02bb38-384a-438a-b5f9-6131d85c34b0__ep1,ep1,test,680,699,0.0,10.518854141235352,0.18410128355026245,0.3541882336139679
dense_20f_stride10:4b02bb38-384a-438a-b5f9-6131d85c34b0__ep1:qa:66,4b02bb38-384a-438a-b5f9-6131d85c34b0__ep1,ep1,test,690,709,0.0,9.470159530639648,0.17108120024204254,0.31887686252593994
dense_20f_stride10:4b02bb38-384a-438a-b5f9-6131d85c34b0__ep1:qa:67,4b02bb38-384a-438a-b5f9-6131d85c34b0__ep1,ep1,test,700,719,19.34773063659668,9.953766822814941,0.41603782773017883,0.559341549873352
dense_20f_stride10:4b02bb38-384a-438a-b5f9-6131d85c34b0__ep1:qa:68,4b02bb38-384a-438a-b5f9-6131d85c34b0__ep1,ep1,test,710,729,21.41436767578125,10.42737865447998,0.43487054109573364,0.5879738926887512
dense_20f_stride10:4b02bb38-384a-438a-b5f9-6131d85c34b0__ep1:qa:69,4b02bb38-384a-438a-b5f9-6131d85c34b0__ep1,ep1,test,720,739,21.168821334838867,10.211077690124512,0.31972432136535645,0.4722859561443329
dense_20f_stride10:4b02bb38-384a-438a-b5f9-6131d85c34b0__ep1:qa:96,4b02bb38-384a-438a-b5f9-6131d85c34b0__ep1,ep1,test,1000,1019,0.0,12.39401626586914,0.19254453480243683,0.41732826828956604
dense_20f_stride10:4b02bb38-384a-438a-b5f9-6131d85c34b0__ep1:qa:97,4b02bb38-384a-438a-b5f9-6131d85c34b0__ep1,ep1,test,1010,1029,15.13548469543457,12.433093070983887,0.37552598118782043,0.542470395565033
dense_20f_stride10:4b02bb38-384a-438a-b5f9-6131d85c34b0__ep1:qa:98,4b02bb38-384a-438a-b5f9-6131d85c34b0__ep1,ep1,test,1020,1039,16.801420211791992,12.393627166748047,0.40925872325897217,0.5412208437919617
dense_20f_stride10:4b02bb38-384a-438a-b5f9-6131d85c34b0__ep1:qa:99,4b02bb38-384a-438a-b5f9-6131d85c34b0__ep1,ep1,test,1030,1049,19.060270309448242,12.272504806518555,0.27180132269859314,0.4279158115386963
dense_20f_stride10:4b02bb38-384a-438a-b5f9-6131d85c34b0__ep1:qa:100,4b02bb38-384a-438a-b5f9-6131d85c34b0__ep1,ep1,test,1040,1059,19.452838897705078,12.33060359954834,0.27159416675567627,0.4318371117115021
dense_20f_stride10:4b02bb38-384a-438a-b5f9-6131d85c34b0__ep1:qa:101,4b02bb38-384a-438a-b5f9-6131d85c34b0__ep1,ep1,test,1050,1069,20.102006912231445,12.46451473236084,0.26895496249198914,0.43629467487335205
dense_20f_stride10:4b02bb38-384a-438a-b5f9-6131d85c34b0__ep1:qa:102,4b02bb38-384a-438a-b5f9-6131d85c34b0__ep1,ep1,test,1060,1079,20.184284210205078,8.141873359680176,0.31451401114463806,0.4753485918045044
dense_20f_stride10:4b02bb38-384a-438a-b5f9-6131d85c34b0__ep1:qa:103,4b02bb38-384a-438a-b5f9-6131d85c34b0__ep1,ep1,test,1070,1089,20.261276245117188,7.466466903686523,0.4028332829475403,0.5939217805862427
dense_20f_stride10:4b02bb38-384a-438a-b5f9-6131d85c34b0__ep1:qa:135,4b02bb38-384a-438a-b5f9-6131d85c34b0__ep1,ep1,test,1400,1419,19.065778732299805,12.510220527648926,0.23161067068576813,0.3681049942970276
dense_20f_stride10:4b02bb38-384a-438a-b5f9-6131d85c34b0__ep1:qa:136,4b02bb38-384a-438a-b5f9-6131d85c34b0__ep1,ep1,test,1410,1429,19.033761978149414,12.51604175567627,0.22900347411632538,0.36509183049201965
dense_20f_stride10:4b02bb38-384a-438a-b5f9-6131d85c34b0__ep1:qa:137,4b02bb38-384a-438a-b5f9-6131d85c34b0__ep1,ep1,test,1420,1439,19.02287483215332,12.521193504333496,0.22933340072631836,0.36540552973747253
dense_20f_stride10:4b02bb38-384a-438a-b5f9-6131d85c34b0__ep1:qa:138,4b02bb38-384a-438a-b5f9-6131d85c34b0__ep1,ep1,test,1430,1449,18.946685791015625,12.569670677185059,0.23071959614753723,0.3663345277309418
dense_20f_stride10:4b02bb38-384a-438a-b5f9-6131d85c34b0__ep1:qa:139,4b02bb38-384a-438a-b5f9-6131d85c34b0__ep1,ep1,test,1440,1459,18.87981605529785,12.576138496398926,0.2296241819858551,0.36606577038764954
dense_20f_stride10:4b02bb38-384a-438a-b5f9-6131d85c34b0__ep1:qa:140,4b02bb38-384a-438a-b5f9-6131d85c34b0__ep1,ep1,test,1450,1469,18.924291610717773,12.504413604736328,0.23126187920570374,0.36751890182495117
dense_20f_stride10:4b02bb38-384a-438a-b5f9-6131d85c34b0__ep1:qa:141,4b02bb38-384a-438a-b5f9-6131d85c34b0__ep1,ep1,test,1460,1479,18.950666427612305,12.513054847717285,0.2312040776014328,0.36858949065208435
dense_20f_stride10:4b02bb38-384a-438a-b5f9-6131d85c34b0__ep1:qa:142,4b02bb38-384a-438a-b5f9-6131d85c34b0__ep1,ep1,test,1470,1489,19.04841423034668,12.657407760620117,0.39171332120895386,0.5457050204277039
dense_20f_stride10:4b02bb38-384a-438a-b5f9-6131d85c34b0__ep1:qa:143,4b02bb38-384a-438a-b5f9-6131d85c34b0__ep1,ep1,test,1480,1499,16.445514678955078,12.392046928405762,0.31465741991996765,0.42314526438713074
dense_20f_stride10:4b02bb38-384a-438a-b5f9-6131d85c34b0__ep1:qa:194,4b02bb38-384a-438a-b5f9-6131d85c34b0__ep1,ep1,test,2000,2019,19.93503189086914,11.39313793182373,0.30841946601867676,0.5001963973045349
dense_20f_stride10:4b02bb38-384a-438a-b5f9-6131d85c34b0__ep1:qa:195,4b02bb38-384a-438a-b5f9-6131d85c34b0__ep1,ep1,test,2010,2029,19.87525177001953,12.38852310180664,0.2845402956008911,0.47728726267814636
dense_20f_stride10:4b02bb38-384a-438a-b5f9-6131d85c34b0__ep1:qa:196,4b02bb38-384a-438a-b5f9-6131d85c34b0__ep1,ep1,test,2020,2039,19.856245040893555,12.48923397064209,0.2967037856578827,0.504352867603302
dense_20f_stride10:4b02bb38-384a-438a-b5f9-6131d85c34b0__ep1:qa:197,4b02bb38-384a-438a-b5f9-6131d85c34b0__ep1,ep1,test,2030,2049,19.79413414001465,12.608678817749023,0.2983769476413727,0.5080903172492981
dense_20f_stride10:4b02bb38-384a-438a-b5f9-6131d85c34b0__ep1:qa:198,4b02bb38-384a-438a-b5f9-6131d85c34b0__ep1,ep1,test,2040,2059,19.666101455688477,12.430000305175781,0.3069978356361389,0.5169920325279236
dense_20f_stride10:4b02bb38-384a-438a-b5f9-6131d85c34b0__ep1:qa:199,4b02bb38-384a-438a-b5f9-6131d85c34b0__ep1,ep1,test,2050,2069,19.566083908081055,12.325859069824219,0.296446293592453,0.4938018023967743
dense_20f_stride10:4b02bb38-384a-438a-b5f9-6131d85c34b0__ep1:qa:200,4b02bb38-384a-438a-b5f9-6131d85c34b0__ep1,ep1,test,2060,2079,19.48045539855957,12.449024200439453,0.2883954644203186,0.49069270491600037
dense_20f_stride10:4b02bb38-384a-438a-b5f9-6131d85c34b0__ep1:qa:201,4b02bb38-384a-438a-b5f9-6131d85c34b0__ep1,ep1,test,2070,2089,19.40257453918457,12.480955123901367,0.2801196277141571,0.48887088894844055
dense_20f_stride10:4b02bb38-384a-438a-b5f9-6131d85c34b0__ep1:qa:257,4b02bb38-384a-438a-b5f9-6131d85c34b0__ep1,ep1,test,2640,2659,0.0,11.456833839416504,0.18143652379512787,0.38577163219451904
dense_20f_stride10:4b02bb38-384a-438a-b5f9-6131d85c34b0__ep1:qa:258,4b02bb38-384a-438a-b5f9-6131d85c34b0__ep1,ep1,test,2650,2669,0.0,10.585721015930176,0.17984597384929657,0.3564397692680359
dense_20f_stride10:4b02bb38-384a-438a-b5f9-6131d85c34b0__ep1:qa:259,4b02bb38-384a-438a-b5f9-6131d85c34b0__ep1,ep1,test,2660,2679,0.0,11.078926086425781,0.18932849168777466,0.3730468451976776
dense_20f_stride10:4b02bb38-384a-438a-b5f9-6131d85c34b0__ep1:qa:260,4b02bb38-384a-438a-b5f9-6131d85c34b0__ep1,ep1,test,2670,2689,0.0,11.81110954284668,0.18368765711784363,0.3977007269859314
dense_20f_stride10:4b02bb38-384a-438a-b5f9-6131d85c34b0__ep1:qa:261,4b02bb38-384a-438a-b5f9-6131d85c34b0__ep1,ep1,test,2680,2699,0.0,11.352109909057617,0.17757144570350647,0.3822454512119293
dense_20f_stride10:4b02bb38-384a-438a-b5f9-6131d85c34b0__ep1:qa:262,4b02bb38-384a-438a-b5f9-6131d85c34b0__ep1,ep1,test,2690,2709,0.0,9.8822021484375,0.17087016999721527,0.33275106549263
dense_20f_stride10:4b02bb38-384a-438a-b5f9-6131d85c34b0__ep1:qa:263,4b02bb38-384a-438a-b5f9-6131d85c34b0__ep1,ep1,test,2700,2719,0.0,8.933021545410156,0.15374509990215302,0.3007905185222626
dense_20f_stride10:4b02bb38-384a-438a-b5f9-6131d85c34b0__ep1:qa:264,4b02bb38-384a-438a-b5f9-6131d85c34b0__ep1,ep1,test,2710,2729,16.429868698120117,6.390568733215332,0.3911820650100708,0.5133684873580933
dense_20f_stride10:4b02bb38-384a-438a-b5f9-6131d85c34b0__ep1:qa:265,4b02bb38-384a-438a-b5f9-6131d85c34b0__ep1,ep1,test,2720,2739,18.534326553344727,7.1934494972229,0.41658100485801697,0.5471547842025757
dense_20f_stride10:4b02bb38-384a-438a-b5f9-6131d85c34b0__ep1:qa:359,4b02bb38-384a-438a-b5f9-6131d85c34b0__ep1,ep1,test,3680,3699,20.62163543701172,11.812002182006836,0.33840206265449524,0.560674250125885
dense_20f_stride10:4b02bb38-384a-438a-b5f9-6131d85c34b0__ep1:qa:360,4b02bb38-384a-438a-b5f9-6131d85c34b0__ep1,ep1,test,3690,3709,20.992429733276367,12.244867324829102,0.3334285616874695,0.5521736741065979
dense_20f_stride10:4b02bb38-384a-438a-b5f9-6131d85c34b0__ep1:qa:361,4b02bb38-384a-438a-b5f9-6131d85c34b0__ep1,ep1,test,3700,3719,21.503889083862305,12.242408752441406,0.31468698382377625,0.5262563228607178
dense_20f_stride10:4b02bb38-384a-438a-b5f9-6131d85c34b0__ep1:qa:362,4b02bb38-384a-438a-b5f9-6131d85c34b0__ep1,ep1,test,3710,3729,21.415740966796875,12.201272010803223,0.310544490814209,0.520797073841095
dense_20f_stride10:4b02bb38-384a-438a-b5f9-6131d85c34b0__ep1:qa:363,4b02bb38-384a-438a-b5f9-6131d85c34b0__ep1,ep1,test,3720,3739,21.278810501098633,12.332496643066406,0.3018530309200287,0.5010144114494324
dense_20f_stride10:4b02bb38-384a-438a-b5f9-6131d85c34b0__ep1:qa:364,4b02bb38-384a-438a-b5f9-6131d85c34b0__ep1,ep1,test,3730,3749,20.234397888183594,12.36225414276123,0.30543118715286255,0.4913501441478729
dense_20f_stride10:4b02bb38-384a-438a-b5f9-6131d85c34b0__ep1:qa:365,4b02bb38-384a-438a-b5f9-6131d85c34b0__ep1,ep1,test,3740,3759,19.65980339050293,12.13280200958252,0.304739773273468,0.4861717224121094
dense_20f_stride10:4b02bb38-384a-438a-b5f9-6131d85c34b0__ep1:qa:366,4b02bb38-384a-438a-b5f9-6131d85c34b0__ep1,ep1,test,3750,3769,19.524864196777344,9.304372787475586,0.3656338155269623,0.5225105881690979
dense_20f_stride10:4b02bb38-384a-438a-b5f9-6131d85c34b0__ep1:qa:367,4b02bb38-384a-438a-b5f9-6131d85c34b0__ep1,ep1,test,3760,3779,19.423988342285156,6.896805763244629,0.44921383261680603,0.5790124535560608
dense_20f_stride10:4b02bb38-384a-438a-b5f9-6131d85c34b0__ep1:qa:390,4b02bb38-384a-438a-b5f9-6131d85c34b0__ep1,ep1,test,4000,4019,0.0,12.361391067504883,0.19538052380084991,0.4162296652793884
dense_20f_stride10:4b02bb38-384a-438a-b5f9-6131d85c34b0__ep1:qa:391,4b02bb38-384a-438a-b5f9-6131d85c34b0__ep1,ep1,test,4010,4029,0.0,12.41934871673584,0.19521759450435638,0.4181812107563019
dense_20f_stride10:4b02bb38-384a-438a-b5f9-6131d85c34b0__ep1:qa:392,4b02bb38-384a-438a-b5f9-6131d85c34b0__ep1,ep1,test,4020,4039,0.0,12.37588882446289,0.1932230442762375,0.41671785712242126
dense_20f_stride10:4b02bb38-384a-438a-b5f9-6131d85c34b0__ep1:qa:393,4b02bb38-384a-438a-b5f9-6131d85c34b0__ep1,ep1,test,4030,4049,15.460021018981934,12.454645156860352,0.3828967809677124,0.516862690448761
dense_20f_stride10:4b02bb38-384a-438a-b5f9-6131d85c34b0__ep1:qa:394,4b02bb38-384a-438a-b5f9-6131d85c34b0__ep1,ep1,test,4040,4059,16.926300048828125,12.088691711425781,0.35988715291023254,0.49674367904663086
dense_20f_stride10:4b02bb38-384a-438a-b5f9-6131d85c34b0__ep1:qa:395,4b02bb38-384a-438a-b5f9-6131d85c34b0__ep1,ep1,test,4050,4069,18.05893898010254,11.76562786102295,0.24715137481689453,0.3809640109539032
dense_20f_stride10:4b02bb38-384a-438a-b5f9-6131d85c34b0__ep1:qa:396,4b02bb38-384a-438a-b5f9-6131d85c34b0__ep1,ep1,test,4060,4079,18.415782928466797,12.352208137512207,0.26769691705703735,0.41117680072784424
dense_20f_stride10:4b02bb38-384a-438a-b5f9-6131d85c34b0__ep1:qa:397,4b02bb38-384a-438a-b5f9-6131d85c34b0__ep1,ep1,test,4070,4089,18.8983154296875,12.519760131835938,0.24814726412296295,0.3894064426422119
dense_20f_stride10:4b02bb38-384a-438a-b5f9-6131d85c34b0__ep1:qa:398,4b02bb38-384a-438a-b5f9-6131d85c34b0__ep1,ep1,test,4080,4099,18.82170867919922,12.493074417114258,0.24251103401184082,0.38375985622406006
dense_20f_stride10:4b02bb38-384a-438a-b5f9-6131d85c34b0__ep1:qa:429,4b02bb38-384a-438a-b5f9-6131d85c34b0__ep1,ep1,test,4400,4419,0.0,10.630518913269043,0.19304277002811432,0.3579481840133667
dense_20f_stride10:4b02bb38-384a-438a-b5f9-6131d85c34b0__ep1:qa:430,4b02bb38-384a-438a-b5f9-6131d85c34b0__ep1,ep1,test,4410,4429,0.0,9.355098724365234,0.18298621475696564,0.31500256061553955
dense_20f_stride10:4b02bb38-384a-438a-b5f9-6131d85c34b0__ep1:qa:431,4b02bb38-384a-438a-b5f9-6131d85c34b0__ep1,ep1,test,4420,4439,16.85719871520996,9.868708610534668,0.36364904046058655,0.5191329717636108
dense_20f_stride10:4b02bb38-384a-438a-b5f9-6131d85c34b0__ep1:qa:432,4b02bb38-384a-438a-b5f9-6131d85c34b0__ep1,ep1,test,4430,4449,18.87102508544922,11.001206398010254,0.38483476638793945,0.5536289811134338
dense_20f_stride10:4b02bb38-384a-438a-b5f9-6131d85c34b0__ep1:qa:433,4b02bb38-384a-438a-b5f9-6131d85c34b0__ep1,ep1,test,4440,4459,19.92958641052246,12.175665855407715,0.2552202045917511,0.44800248742103577
dense_20f_stride10:4b02bb38-384a-438a-b5f9-6131d85c34b0__ep1:qa:434,4b02bb38-384a-438a-b5f9-6131d85c34b0__ep1,ep1,test,4450,4469,19.882436752319336,11.44755744934082,0.2551387548446655,0.4217933714389801
dense_20f_stride10:4b02bb38-384a-438a-b5f9-6131d85c34b0__ep1:qa:435,4b02bb38-384a-438a-b5f9-6131d85c34b0__ep1,ep1,test,4460,4479,19.772172927856445,10.393985748291016,0.2747413218021393,0.4293822646141052
dense_20f_stride10:4b02bb38-384a-438a-b5f9-6131d85c34b0__ep1:qa:436,4b02bb38-384a-438a-b5f9-6131d85c34b0__ep1,ep1,test,4470,4489,19.727191925048828,9.701193809509277,0.29461023211479187,0.45633038878440857
dense_20f_stride10:4b02bb38-384a-438a-b5f9-6131d85c34b0__ep1:qa:437,4b02bb38-384a-438a-b5f9-6131d85c34b0__ep1,ep1,test,4480,4499,19.716657638549805,10.855957984924316,0.30303096771240234,0.4837208092212677
dense_20f_stride10:5399ef86-4df9-49bc-809f-8f4f92f9e659__ep6:qa:0,5399ef86-4df9-49bc-809f-8f4f92f9e659__ep6,ep6,test,0,19,10.647356986999512,10.13202953338623,0.12034688889980316,0.1769484132528305
dense_20f_stride10:5399ef86-4df9-49bc-809f-8f4f92f9e659__ep6:qa:1,5399ef86-4df9-49bc-809f-8f4f92f9e659__ep6,ep6,test,10,29,10.516609191894531,9.838398933410645,0.09990987181663513,0.14489394426345825
dense_20f_stride10:5399ef86-4df9-49bc-809f-8f4f92f9e659__ep6:qa:2,5399ef86-4df9-49bc-809f-8f4f92f9e659__ep6,ep6,test,20,39,10.565722465515137,9.605494499206543,0.12415552139282227,0.18212071061134338
dense_20f_stride10:5399ef86-4df9-49bc-809f-8f4f92f9e659__ep6:qa:3,5399ef86-4df9-49bc-809f-8f4f92f9e659__ep6,ep6,test,30,49,7.583713054656982,9.585561752319336,0.06457361578941345,0.10251535475254059
dense_20f_stride10:5399ef86-4df9-49bc-809f-8f4f92f9e659__ep6:qa:4,5399ef86-4df9-49bc-809f-8f4f92f9e659__ep6,ep6,test,40,59,7.612928867340088,9.867559432983398,0.05944139137864113,0.1001664400100708
dense_20f_stride10:5399ef86-4df9-49bc-809f-8f4f92f9e659__ep6:qa:5,5399ef86-4df9-49bc-809f-8f4f92f9e659__ep6,ep6,test,50,69,7.624729633331299,9.986372947692871,0.0647215023636818,0.10382185131311417
dense_20f_stride10:5399ef86-4df9-49bc-809f-8f4f92f9e659__ep6:qa:6,5399ef86-4df9-49bc-809f-8f4f92f9e659__ep6,ep6,test,60,79,7.5777153968811035,9.985578536987305,0.07747544348239899,0.1139034554362297
dense_20f_stride10:5399ef86-4df9-49bc-809f-8f4f92f9e659__ep6:qa:7,5399ef86-4df9-49bc-809f-8f4f92f9e659__ep6,ep6,test,70,89,7.485837936401367,9.95504379272461,0.07653099298477173,0.1127624437212944
dense_20f_stride10:5399ef86-4df9-49bc-809f-8f4f92f9e659__ep6:qa:15,5399ef86-4df9-49bc-809f-8f4f92f9e659__ep6,ep6,test,160,179,9.9339017868042,10.58915901184082,0.11720066517591476,0.1628294736146927
dense_20f_stride10:5399ef86-4df9-49bc-809f-8f4f92f9e659__ep6:qa:16,5399ef86-4df9-49bc-809f-8f4f92f9e659__ep6,ep6,test,170,189,10.489242553710938,10.752861976623535,0.11400189250707626,0.16315366327762604
dense_20f_stride10:5399ef86-4df9-49bc-809f-8f4f92f9e659__ep6:qa:17,5399ef86-4df9-49bc-809f-8f4f92f9e659__ep6,ep6,test,180,199,11.373825073242188,10.181028366088867,0.15926192700862885,0.22834725677967072
dense_20f_stride10:5399ef86-4df9-49bc-809f-8f4f92f9e659__ep6:qa:18,5399ef86-4df9-49bc-809f-8f4f92f9e659__ep6,ep6,test,190,209,12.279269218444824,8.70807933807373,0.13004332780838013,0.18859975039958954
dense_20f_stride10:5399ef86-4df9-49bc-809f-8f4f92f9e659__ep6:qa:19,5399ef86-4df9-49bc-809f-8f4f92f9e659__ep6,ep6,test,200,219,13.344502449035645,9.782483100891113,0.12335795164108276,0.1717083603143692
dense_20f_stride10:5399ef86-4df9-49bc-809f-8f4f92f9e659__ep6:qa:20,5399ef86-4df9-49bc-809f-8f4f92f9e659__ep6,ep6,test,210,229,13.607502937316895,10.304028511047363,0.12177326530218124,0.21116723120212555
dense_20f_stride10:5399ef86-4df9-49bc-809f-8f4f92f9e659__ep6:qa:21,5399ef86-4df9-49bc-809f-8f4f92f9e659__ep6,ep6,test,220,239,13.736499786376953,10.602643966674805,0.10010388493537903,0.17321714758872986
dense_20f_stride10:5399ef86-4df9-49bc-809f-8f4f92f9e659__ep6:qa:22,5399ef86-4df9-49bc-809f-8f4f92f9e659__ep6,ep6,test,230,249,13.673303604125977,10.861141204833984,0.08838712424039841,0.1542387753725052
dense_20f_stride10:5399ef86-4df9-49bc-809f-8f4f92f9e659__ep6:qa:38,5399ef86-4df9-49bc-809f-8f4f92f9e659__ep6,ep6,test,400,419,13.779165267944336,9.927156448364258,0.12111283093690872,0.187442347407341
dense_20f_stride10:5399ef86-4df9-49bc-809f-8f4f92f9e659__ep6:qa:39,5399ef86-4df9-49bc-809f-8f4f92f9e659__ep6,ep6,test,410,429,13.021198272705078,10.119279861450195,0.13199666142463684,0.18324725329875946
dense_20f_stride10:5399ef86-4df9-49bc-809f-8f4f92f9e659__ep6:qa:40,5399ef86-4df9-49bc-809f-8f4f92f9e659__ep6,ep6,test,420,439,12.559027671813965,10.484036445617676,0.1261368691921234,0.17740195989608765
dense_20f_stride10:5399ef86-4df9-49bc-809f-8f4f92f9e659__ep6:qa:41,5399ef86-4df9-49bc-809f-8f4f92f9e659__ep6,ep6,test,430,449,12.885665893554688,10.393705368041992,0.12937958538532257,0.18162618577480316
dense_20f_stride10:5399ef86-4df9-49bc-809f-8f4f92f9e659__ep6:qa:42,5399ef86-4df9-49bc-809f-8f4f92f9e659__ep6,ep6,test,440,459,13.294322967529297,10.368175506591797,0.13033656775951385,0.18661676347255707
dense_20f_stride10:5399ef86-4df9-49bc-809f-8f4f92f9e659__ep6:qa:43,5399ef86-4df9-49bc-809f-8f4f92f9e659__ep6,ep6,test,450,469,13.08674430847168,10.453369140625,0.1315794289112091,0.18350334465503693
dense_20f_stride10:5399ef86-4df9-49bc-809f-8f4f92f9e659__ep6:qa:44,5399ef86-4df9-49bc-809f-8f4f92f9e659__ep6,ep6,test,460,479,12.58285140991211,10.489801406860352,0.1294335424900055,0.1811451017856598
dense_20f_stride10:5399ef86-4df9-49bc-809f-8f4f92f9e659__ep6:qa:45,5399ef86-4df9-49bc-809f-8f4f92f9e659__ep6,ep6,test,470,489,12.517786026000977,10.517934799194336,0.12721914052963257,0.17940647900104523
dense_20f_stride10:5399ef86-4df9-49bc-809f-8f4f92f9e659__ep6:qa:97,5399ef86-4df9-49bc-809f-8f4f92f9e659__ep6,ep6,test,1000,1019,11.582715034484863,7.505303859710693,0.1168183907866478,0.17939618229866028
dense_20f_stride10:5399ef86-4df9-49bc-809f-8f4f92f9e659__ep6:qa:98,5399ef86-4df9-49bc-809f-8f4f92f9e659__ep6,ep6,test,1010,1029,12.815206527709961,7.793519020080566,0.12890753149986267,0.19946379959583282
dense_20f_stride10:5399ef86-4df9-49bc-809f-8f4f92f9e659__ep6:qa:99,5399ef86-4df9-49bc-809f-8f4f92f9e659__ep6,ep6,test,1020,1039,13.426351547241211,7.20116662979126,0.15453259646892548,0.23271659016609192
dense_20f_stride10:5399ef86-4df9-49bc-809f-8f4f92f9e659__ep6:qa:100,5399ef86-4df9-49bc-809f-8f4f92f9e659__ep6,ep6,test,1030,1049,14.076031684875488,7.098855972290039,0.1469811648130417,0.2444332391023636
dense_20f_stride10:5399ef86-4df9-49bc-809f-8f4f92f9e659__ep6:qa:101,5399ef86-4df9-49bc-809f-8f4f92f9e659__ep6,ep6,test,1040,1059,14.167123794555664,7.670687198638916,0.13667231798171997,0.22737476229667664
dense_20f_stride10:5399ef86-4df9-49bc-809f-8f4f92f9e659__ep6:qa:102,5399ef86-4df9-49bc-809f-8f4f92f9e659__ep6,ep6,test,1050,1069,14.46023178100586,7.964691162109375,0.1459478884935379,0.22758294641971588
dense_20f_stride10:5399ef86-4df9-49bc-809f-8f4f92f9e659__ep6:qa:103,5399ef86-4df9-49bc-809f-8f4f92f9e659__ep6,ep6,test,1060,1079,14.617130279541016,7.515414714813232,0.15788334608078003,0.24581821262836456
dense_20f_stride10:5399ef86-4df9-49bc-809f-8f4f92f9e659__ep6:qa:104,5399ef86-4df9-49bc-809f-8f4f92f9e659__ep6,ep6,test,1070,1089,14.066302299499512,7.646145343780518,0.16387657821178436,0.23547779023647308
dense_20f_stride10:5399ef86-4df9-49bc-809f-8f4f92f9e659__ep6:qa:176,5399ef86-4df9-49bc-809f-8f4f92f9e659__ep6,ep6,test,1800,1819,10.32544994354248,8.86412239074707,0.04654625430703163,0.07259343564510345
dense_20f_stride10:5399ef86-4df9-49bc-809f-8f4f92f9e659__ep6:qa:177,5399ef86-4df9-49bc-809f-8f4f92f9e659__ep6,ep6,test,1810,1829,10.318965911865234,8.658485412597656,0.0589345283806324,0.09047672152519226
dense_20f_stride10:5399ef86-4df9-49bc-809f-8f4f92f9e659__ep6:qa:178,5399ef86-4df9-49bc-809f-8f4f92f9e659__ep6,ep6,test,1820,1839,10.293704986572266,8.365718841552734,0.06774097681045532,0.10149042308330536
dense_20f_stride10:5399ef86-4df9-49bc-809f-8f4f92f9e659__ep6:qa:179,5399ef86-4df9-49bc-809f-8f4f92f9e659__ep6,ep6,test,1830,1849,10.24417781829834,8.386131286621094,0.08117179572582245,0.1200360655784607
dense_20f_stride10:5399ef86-4df9-49bc-809f-8f4f92f9e659__ep6:qa:180,5399ef86-4df9-49bc-809f-8f4f92f9e659__ep6,ep6,test,1840,1859,11.560896873474121,7.923325061798096,0.14699842035770416,0.20779527723789215
dense_20f_stride10:5399ef86-4df9-49bc-809f-8f4f92f9e659__ep6:qa:181,5399ef86-4df9-49bc-809f-8f4f92f9e659__ep6,ep6,test,1850,1869,12.042327880859375,7.2046613693237305,0.17551107704639435,0.2558755874633789
dense_20f_stride10:5399ef86-4df9-49bc-809f-8f4f92f9e659__ep6:qa:182,5399ef86-4df9-49bc-809f-8f4f92f9e659__ep6,ep6,test,1860,1879,12.65606689453125,7.666916847229004,0.14020824432373047,0.23735496401786804
dense_20f_stride10:5399ef86-4df9-49bc-809f-8f4f92f9e659__ep6:qa:183,5399ef86-4df9-49bc-809f-8f4f92f9e659__ep6,ep6,test,1870,1889,13.037447929382324,6.6063337326049805,0.12826001644134521,0.24083514511585236
dense_20f_stride10:5399ef86-4df9-49bc-809f-8f4f92f9e659__ep6:qa:195,5399ef86-4df9-49bc-809f-8f4f92f9e659__ep6,ep6,test,2000,2019,14.847799301147461,8.175909042358398,0.17071737349033356,0.26171597838401794
dense_20f_stride10:5399ef86-4df9-49bc-809f-8f4f92f9e659__ep6:qa:196,5399ef86-4df9-49bc-809f-8f4f92f9e659__ep6,ep6,test,2010,2029,14.840641975402832,8.455536842346191,0.16176022589206696,0.25120580196380615
dense_20f_stride10:5399ef86-4df9-49bc-809f-8f4f92f9e659__ep6:qa:197,5399ef86-4df9-49bc-809f-8f4f92f9e659__ep6,ep6,test,2020,2039,13.73269271850586,8.692294120788574,0.09083548188209534,0.1872618943452835
dense_20f_stride10:5399ef86-4df9-49bc-809f-8f4f92f9e659__ep6:qa:198,5399ef86-4df9-49bc-809f-8f4f92f9e659__ep6,ep6,test,2030,2049,13.741168975830078,8.580543518066406,0.09554726630449295,0.19132450222969055
dense_20f_stride10:5399ef86-4df9-49bc-809f-8f4f92f9e659__ep6:qa:199,5399ef86-4df9-49bc-809f-8f4f92f9e659__ep6,ep6,test,2040,2059,13.968778610229492,8.417819023132324,0.10191221535205841,0.20510266721248627
dense_20f_stride10:5399ef86-4df9-49bc-809f-8f4f92f9e659__ep6:qa:200,5399ef86-4df9-49bc-809f-8f4f92f9e659__ep6,ep6,test,2050,2069,14.07884407043457,8.433157920837402,0.10075791925191879,0.2069389820098877
dense_20f_stride10:5399ef86-4df9-49bc-809f-8f4f92f9e659__ep6:qa:201,5399ef86-4df9-49bc-809f-8f4f92f9e659__ep6,ep6,test,2060,2079,13.962890625,8.526628494262695,0.10658898949623108,0.2022736817598343
dense_20f_stride10:5399ef86-4df9-49bc-809f-8f4f92f9e659__ep6:qa:202,5399ef86-4df9-49bc-809f-8f4f92f9e659__ep6,ep6,test,2070,2089,13.508923530578613,7.501515865325928,0.13607275485992432,0.23674114048480988
dense_20f_stride10:5399ef86-4df9-49bc-809f-8f4f92f9e659__ep6:qa:234,5399ef86-4df9-49bc-809f-8f4f92f9e659__ep6,ep6,test,2400,2419,10.477640151977539,9.597668647766113,0.039117712527513504,0.058628231287002563
dense_20f_stride10:5399ef86-4df9-49bc-809f-8f4f92f9e659__ep6:qa:235,5399ef86-4df9-49bc-809f-8f4f92f9e659__ep6,ep6,test,2410,2429,10.482248306274414,9.600736618041992,0.035439688712358475,0.0515546053647995
dense_20f_stride10:5399ef86-4df9-49bc-809f-8f4f92f9e659__ep6:qa:236,5399ef86-4df9-49bc-809f-8f4f92f9e659__ep6,ep6,test,2420,2439,11.067033767700195,9.153545379638672,0.057023219764232635,0.08436174690723419
dense_20f_stride10:5399ef86-4df9-49bc-809f-8f4f92f9e659__ep6:qa:237,5399ef86-4df9-49bc-809f-8f4f92f9e659__ep6,ep6,test,2430,2449,11.597262382507324,8.696676254272461,0.08631658554077148,0.12585075199604034
dense_20f_stride10:5399ef86-4df9-49bc-809f-8f4f92f9e659__ep6:qa:238,5399ef86-4df9-49bc-809f-8f4f92f9e659__ep6,ep6,test,2440,2459,11.217611312866211,9.523913383483887,0.05553378909826279,0.08165580779314041
dense_20f_stride10:5399ef86-4df9-49bc-809f-8f4f92f9e659__ep6:qa:239,5399ef86-4df9-49bc-809f-8f4f92f9e659__ep6,ep6,test,2450,2469,10.07863998413086,10.01970100402832,0.03077518567442894,0.04668213799595833
dense_20f_stride10:5399ef86-4df9-49bc-809f-8f4f92f9e659__ep6:qa:240,5399ef86-4df9-49bc-809f-8f4f92f9e659__ep6,ep6,test,2460,2479,10.119614601135254,10.345850944519043,0.03212818130850792,0.04978970065712929
dense_20f_stride10:5399ef86-4df9-49bc-809f-8f4f92f9e659__ep6:qa:241,5399ef86-4df9-49bc-809f-8f4f92f9e659__ep6,ep6,test,2470,2489,10.130341529846191,9.936141967773438,0.04846341535449028,0.07585698366165161
dense_20f_stride10:5399ef86-4df9-49bc-809f-8f4f92f9e659__ep6:qa:272,5399ef86-4df9-49bc-809f-8f4f92f9e659__ep6,ep6,test,2800,2819,10.154889106750488,10.530900955200195,0.03301606327295303,0.04714588075876236
dense_20f_stride10:5399ef86-4df9-49bc-809f-8f4f92f9e659__ep6:qa:273,5399ef86-4df9-49bc-809f-8f4f92f9e659__ep6,ep6,test,2810,2829,10.143848419189453,10.559094429016113,0.03553110733628273,0.052878689020872116
dense_20f_stride10:5399ef86-4df9-49bc-809f-8f4f92f9e659__ep6:qa:274,5399ef86-4df9-49bc-809f-8f4f92f9e659__ep6,ep6,test,2820,2839,10.129722595214844,10.458902359008789,0.040824372321367264,0.06472842395305634
dense_20f_stride10:5399ef86-4df9-49bc-809f-8f4f92f9e659__ep6:qa:275,5399ef86-4df9-49bc-809f-8f4f92f9e659__ep6,ep6,test,2830,2849,10.10633659362793,10.166325569152832,0.04733105003833771,0.07104135304689407
dense_20f_stride10:5399ef86-4df9-49bc-809f-8f4f92f9e659__ep6:qa:276,5399ef86-4df9-49bc-809f-8f4f92f9e659__ep6,ep6,test,2840,2859,10.070745468139648,9.959689140319824,0.046209901571273804,0.06474962830543518
dense_20f_stride10:5399ef86-4df9-49bc-809f-8f4f92f9e659__ep6:qa:277,5399ef86-4df9-49bc-809f-8f4f92f9e659__ep6,ep6,test,2850,2869,10.083331108093262,8.935640335083008,0.03808494657278061,0.06020789220929146
dense_20f_stride10:5399ef86-4df9-49bc-809f-8f4f92f9e659__ep6:qa:278,5399ef86-4df9-49bc-809f-8f4f92f9e659__ep6,ep6,test,2860,2879,11.392335891723633,8.310179710388184,0.08978531509637833,0.1366027146577835
dense_20f_stride10:5399ef86-4df9-49bc-809f-8f4f92f9e659__ep6:qa:279,5399ef86-4df9-49bc-809f-8f4f92f9e659__ep6,ep6,test,2880,2899,10.753056526184082,8.628290176391602,0.13203243911266327,0.20712879300117493
dense_20f_stride10:5399ef86-4df9-49bc-809f-8f4f92f9e659__ep6:qa:280,5399ef86-4df9-49bc-809f-8f4f92f9e659__ep6,ep6,test,2890,2909,12.156010627746582,7.958131313323975,0.13495653867721558,0.1886308491230011
dense_20f_stride10:5399ef86-4df9-49bc-809f-8f4f92f9e659__ep6:qa:281,5399ef86-4df9-49bc-809f-8f4f92f9e659__ep6,ep6,test,2900,2919,11.751649856567383,7.430044174194336,0.13838647305965424,0.20361211895942688
dense_20f_stride10:5399ef86-4df9-49bc-809f-8f4f92f9e659__ep6:qa:282,5399ef86-4df9-49bc-809f-8f4f92f9e659__ep6,ep6,test,2910,2929,10.169629096984863,9.459982872009277,0.0475555919110775,0.07469736039638519
dense_20f_stride10:5399ef86-4df9-49bc-809f-8f4f92f9e659__ep6:qa:283,5399ef86-4df9-49bc-809f-8f4f92f9e659__ep6,ep6,test,2920,2939,10.141940116882324,10.213506698608398,0.036961186677217484,0.05543862283229828
dense_20f_stride10:5399ef86-4df9-49bc-809f-8f4f92f9e659__ep6:qa:284,5399ef86-4df9-49bc-809f-8f4f92f9e659__ep6,ep6,test,2930,2949,10.158478736877441,10.285329818725586,0.03744906187057495,0.05413591116666794
dense_20f_stride10:5399ef86-4df9-49bc-809f-8f4f92f9e659__ep6:qa:285,5399ef86-4df9-49bc-809f-8f4f92f9e659__ep6,ep6,test,2940,2959,10.136849403381348,10.426229476928711,0.03856194391846657,0.05682392418384552
dense_20f_stride10:5399ef86-4df9-49bc-809f-8f4f92f9e659__ep6:qa:286,5399ef86-4df9-49bc-809f-8f4f92f9e659__ep6,ep6,test,2950,2969,10.089488983154297,10.169641494750977,0.03341538459062576,0.04943026229739189
dense_20f_stride10:5399ef86-4df9-49bc-809f-8f4f92f9e659__ep6:qa:287,5399ef86-4df9-49bc-809f-8f4f92f9e659__ep6,ep6,test,2960,2979,10.06328296661377,10.059442520141602,0.03312532976269722,0.0502031035721302
dense_20f_stride10:5399ef86-4df9-49bc-809f-8f4f92f9e659__ep6:qa:290,5399ef86-4df9-49bc-809f-8f4f92f9e659__ep6,ep6,test,3000,3019,10.007973670959473,9.816140174865723,0.033276889473199844,0.048322077840566635
dense_20f_stride10:5399ef86-4df9-49bc-809f-8f4f92f9e659__ep6:qa:291,5399ef86-4df9-49bc-809f-8f4f92f9e659__ep6,ep6,test,3010,3029,10.063480377197266,9.802154541015625,0.037908438593149185,0.0578019954264164
dense_20f_stride10:5399ef86-4df9-49bc-809f-8f4f92f9e659__ep6:qa:292,5399ef86-4df9-49bc-809f-8f4f92f9e659__ep6,ep6,test,3020,3039,10.07382869720459,9.653247833251953,0.03981954604387283,0.0595167800784111
dense_20f_stride10:5399ef86-4df9-49bc-809f-8f4f92f9e659__ep6:qa:293,5399ef86-4df9-49bc-809f-8f4f92f9e659__ep6,ep6,test,3030,3049,10.078598976135254,8.50757884979248,0.05199163407087326,0.08179280906915665
dense_20f_stride10:5399ef86-4df9-49bc-809f-8f4f92f9e659__ep6:qa:294,5399ef86-4df9-49bc-809f-8f4f92f9e659__ep6,ep6,test,3040,3059,11.448102951049805,7.45922327041626,0.11357814073562622,0.1707298755645752
dense_20f_stride10:5399ef86-4df9-49bc-809f-8f4f92f9e659__ep6:qa:295,5399ef86-4df9-49bc-809f-8f4f92f9e659__ep6,ep6,test,3050,3069,11.982550621032715,8.35549259185791,0.12156365066766739,0.16488973796367645
dense_20f_stride10:5399ef86-4df9-49bc-809f-8f4f92f9e659__ep6:qa:296,5399ef86-4df9-49bc-809f-8f4f92f9e659__ep6,ep6,test,3060,3079,12.946295738220215,8.844087600708008,0.10001049190759659,0.15884970128536224
dense_20f_stride10:5399ef86-4df9-49bc-809f-8f4f92f9e659__ep6:qa:308,5399ef86-4df9-49bc-809f-8f4f92f9e659__ep6,ep6,test,3200,3219,10.150253295898438,9.326148986816406,0.03473101556301117,0.050054460763931274
dense_20f_stride10:5399ef86-4df9-49bc-809f-8f4f92f9e659__ep6:qa:309,5399ef86-4df9-49bc-809f-8f4f92f9e659__ep6,ep6,test,3210,3229,10.223865509033203,9.560328483581543,0.032520636916160583,0.04800735041499138
dense_20f_stride10:5399ef86-4df9-49bc-809f-8f4f92f9e659__ep6:qa:310,5399ef86-4df9-49bc-809f-8f4f92f9e659__ep6,ep6,test,3220,3239,10.194212913513184,9.698504447937012,0.027942316606640816,0.04126108065247536
dense_20f_stride10:5399ef86-4df9-49bc-809f-8f4f92f9e659__ep6:qa:311,5399ef86-4df9-49bc-809f-8f4f92f9e659__ep6,ep6,test,3230,3249,10.160680770874023,9.711691856384277,0.029591843485832214,0.044293664395809174
dense_20f_stride10:5399ef86-4df9-49bc-809f-8f4f92f9e659__ep6:qa:312,5399ef86-4df9-49bc-809f-8f4f92f9e659__ep6,ep6,test,3240,3259,10.107175827026367,9.924314498901367,0.03721753507852554,0.050126709043979645
dense_20f_stride10:5399ef86-4df9-49bc-809f-8f4f92f9e659__ep6:qa:313,5399ef86-4df9-49bc-809f-8f4f92f9e659__ep6,ep6,test,3250,3269,10.071678161621094,9.972517967224121,0.04266421124339104,0.0614892840385437
dense_20f_stride10:5399ef86-4df9-49bc-809f-8f4f92f9e659__ep6:qa:314,5399ef86-4df9-49bc-809f-8f4f92f9e659__ep6,ep6,test,3260,3279,10.039525985717773,10.1563081741333,0.057880546897649765,0.08424007147550583
dense_20f_stride10:5399ef86-4df9-49bc-809f-8f4f92f9e659__ep6:qa:315,5399ef86-4df9-49bc-809f-8f4f92f9e659__ep6,ep6,test,3270,3289,10.05102252960205,9.545475959777832,0.05633567273616791,0.07714953273534775
dense_20f_stride10:5399ef86-4df9-49bc-809f-8f4f92f9e659__ep6:qa:316,5399ef86-4df9-49bc-809f-8f4f92f9e659__ep6,ep6,test,3280,3299,10.05561351776123,8.917075157165527,0.053273532539606094,0.07774490863084793
dense_20f_stride10:5399ef86-4df9-49bc-809f-8f4f92f9e659__ep6:qa:366,5399ef86-4df9-49bc-809f-8f4f92f9e659__ep6,ep6,test,3800,3819,11.78870677947998,9.5604829788208,0.08307986706495285,0.11477208882570267
dense_20f_stride10:5399ef86-4df9-49bc-809f-8f4f92f9e659__ep6:qa:367,5399ef86-4df9-49bc-809f-8f4f92f9e659__ep6,ep6,test,3810,3829,12.498881340026855,9.572274208068848,0.07661597430706024,0.12413977831602097
dense_20f_stride10:5399ef86-4df9-49bc-809f-8f4f92f9e659__ep6:qa:368,5399ef86-4df9-49bc-809f-8f4f92f9e659__ep6,ep6,test,3820,3839,12.563969612121582,8.9634428024292,0.09814420342445374,0.14880578219890594
dense_20f_stride10:5399ef86-4df9-49bc-809f-8f4f92f9e659__ep6:qa:369,5399ef86-4df9-49bc-809f-8f4f92f9e659__ep6,ep6,test,3830,3849,12.794206619262695,8.367997169494629,0.10656806081533432,0.16813133656978607
dense_20f_stride10:5399ef86-4df9-49bc-809f-8f4f92f9e659__ep6:qa:370,5399ef86-4df9-49bc-809f-8f4f92f9e659__ep6,ep6,test,3840,3859,12.948004722595215,8.673319816589355,0.0965915098786354,0.16430972516536713
dense_20f_stride10:5399ef86-4df9-49bc-809f-8f4f92f9e659__ep6:qa:371,5399ef86-4df9-49bc-809f-8f4f92f9e659__ep6,ep6,test,3850,3869,13.174276351928711,8.869241714477539,0.09962184727191925,0.16222570836544037
dense_20f_stride10:5399ef86-4df9-49bc-809f-8f4f92f9e659__ep6:qa:372,5399ef86-4df9-49bc-809f-8f4f92f9e659__ep6,ep6,test,3860,3879,13.277730941772461,8.892573356628418,0.09900873154401779,0.1640278398990631
dense_20f_stride10:5399ef86-4df9-49bc-809f-8f4f92f9e659__ep6:qa:373,5399ef86-4df9-49bc-809f-8f4f92f9e659__ep6,ep6,test,3870,3889,13.124701499938965,9.134112358093262,0.0920901820063591,0.15103939175605774
dense_20f_stride10:b750fab3-7fbb-43a0-b451-c64c4d4a64da__ep1:qa:0,b750fab3-7fbb-43a0-b451-c64c4d4a64da__ep1,ep1,test,0,19,7.790716171264648,11.503140449523926,0.07203549891710281,0.13384480774402618
dense_20f_stride10:b750fab3-7fbb-43a0-b451-c64c4d4a64da__ep1:qa:1,b750fab3-7fbb-43a0-b451-c64c4d4a64da__ep1,ep1,test,10,29,7.803478240966797,11.54405689239502,0.07350997626781464,0.1357228308916092
dense_20f_stride10:b750fab3-7fbb-43a0-b451-c64c4d4a64da__ep1:qa:2,b750fab3-7fbb-43a0-b451-c64c4d4a64da__ep1,ep1,test,20,39,7.812227249145508,11.508135795593262,0.07358702272176743,0.1346406787633896
dense_20f_stride10:b750fab3-7fbb-43a0-b451-c64c4d4a64da__ep1:qa:3,b750fab3-7fbb-43a0-b451-c64c4d4a64da__ep1,ep1,test,30,49,7.81205415725708,11.487761497497559,0.07295253872871399,0.13381698727607727
dense_20f_stride10:b750fab3-7fbb-43a0-b451-c64c4d4a64da__ep1:qa:4,b750fab3-7fbb-43a0-b451-c64c4d4a64da__ep1,ep1,test,40,59,7.808237552642822,11.507987022399902,0.07387130707502365,0.1351151466369629
dense_20f_stride10:b750fab3-7fbb-43a0-b451-c64c4d4a64da__ep1:qa:39,b750fab3-7fbb-43a0-b451-c64c4d4a64da__ep1,ep1,test,400,419,24.190387725830078,11.172088623046875,0.4852786958217621,0.7647627592086792
dense_20f_stride10:b750fab3-7fbb-43a0-b451-c64c4d4a64da__ep1:qa:40,b750fab3-7fbb-43a0-b451-c64c4d4a64da__ep1,ep1,test,410,429,24.21543312072754,11.334033012390137,0.48728787899017334,0.7726970314979553
dense_20f_stride10:b750fab3-7fbb-43a0-b451-c64c4d4a64da__ep1:qa:41,b750fab3-7fbb-43a0-b451-c64c4d4a64da__ep1,ep1,test,420,439,22.811059951782227,11.59437084197998,0.43334758281707764,0.7570071220397949
dense_20f_stride10:b750fab3-7fbb-43a0-b451-c64c4d4a64da__ep1:qa:42,b750fab3-7fbb-43a0-b451-c64c4d4a64da__ep1,ep1,test,430,449,22.60823631286621,11.192401885986328,0.4291003346443176,0.7554762363433838
dense_20f_stride10:b750fab3-7fbb-43a0-b451-c64c4d4a64da__ep1:qa:43,b750fab3-7fbb-43a0-b451-c64c4d4a64da__ep1,ep1,test,440,459,22.526710510253906,11.154123306274414,0.4257710874080658,0.7468875646591187
dense_20f_stride10:b750fab3-7fbb-43a0-b451-c64c4d4a64da__ep1:qa:44,b750fab3-7fbb-43a0-b451-c64c4d4a64da__ep1,ep1,test,450,469,22.473953247070312,11.265544891357422,0.4243239462375641,0.7488270401954651
dense_20f_stride10:b750fab3-7fbb-43a0-b451-c64c4d4a64da__ep1:qa:54,b750fab3-7fbb-43a0-b451-c64c4d4a64da__ep1,ep1,test,560,579,25.43627166748047,10.524012565612793,0.6209825873374939,0.8703955411911011
dense_20f_stride10:b750fab3-7fbb-43a0-b451-c64c4d4a64da__ep1:qa:55,b750fab3-7fbb-43a0-b451-c64c4d4a64da__ep1,ep1,test,570,589,30.313430786132812,9.407060623168945,0.5913537740707397,0.860486626625061
dense_20f_stride10:b750fab3-7fbb-43a0-b451-c64c4d4a64da__ep1:qa:56,b750fab3-7fbb-43a0-b451-c64c4d4a64da__ep1,ep1,test,580,599,31.39611053466797,11.020843505859375,0.5300799608230591,0.8145899772644043
dense_20f_stride10:b750fab3-7fbb-43a0-b451-c64c4d4a64da__ep1:qa:57,b750fab3-7fbb-43a0-b451-c64c4d4a64da__ep1,ep1,test,590,609,31.17702293395996,10.388310432434082,0.6384297013282776,1.1281070709228516
dense_20f_stride10:b750fab3-7fbb-43a0-b451-c64c4d4a64da__ep1:qa:58,b750fab3-7fbb-43a0-b451-c64c4d4a64da__ep1,ep1,test,600,619,31.390695571899414,8.604414939880371,0.652449369430542,1.0991952419281006
dense_20f_stride10:b750fab3-7fbb-43a0-b451-c64c4d4a64da__ep1:qa:65,b750fab3-7fbb-43a0-b451-c64c4d4a64da__ep1,ep1,test,680,699,33.98332977294922,10.695154190063477,0.7738524079322815,1.0331182479858398
dense_20f_stride10:b750fab3-7fbb-43a0-b451-c64c4d4a64da__ep1:qa:66,b750fab3-7fbb-43a0-b451-c64c4d4a64da__ep1,ep1,test,690,709,33.74005126953125,9.866096496582031,0.6327106952667236,1.0306330919265747
dense_20f_stride10:b750fab3-7fbb-43a0-b451-c64c4d4a64da__ep1:qa:67,b750fab3-7fbb-43a0-b451-c64c4d4a64da__ep1,ep1,test,700,719,33.033084869384766,9.240253448486328,0.6247127652168274,1.0378419160842896
dense_20f_stride10:b750fab3-7fbb-43a0-b451-c64c4d4a64da__ep1:qa:68,b750fab3-7fbb-43a0-b451-c64c4d4a64da__ep1,ep1,test,710,729,32.82805252075195,10.395774841308594,0.5919823050498962,0.9966902136802673
dense_20f_stride10:b750fab3-7fbb-43a0-b451-c64c4d4a64da__ep1:qa:69,b750fab3-7fbb-43a0-b451-c64c4d4a64da__ep1,ep1,test,720,739,33.21808624267578,11.13556957244873,0.5792018175125122,0.9925082325935364
dense_20f_stride10:b750fab3-7fbb-43a0-b451-c64c4d4a64da__ep1:qa:70,b750fab3-7fbb-43a0-b451-c64c4d4a64da__ep1,ep1,test,730,749,33.38050079345703,10.760924339294434,0.605182409286499,1.0493354797363281
dense_20f_stride10:b750fab3-7fbb-43a0-b451-c64c4d4a64da__ep1:qa:76,b750fab3-7fbb-43a0-b451-c64c4d4a64da__ep1,ep1,test,800,819,32.39550018310547,11.057770729064941,0.5574449896812439,0.9773860573768616
dense_20f_stride10:b750fab3-7fbb-43a0-b451-c64c4d4a64da__ep1:qa:77,b750fab3-7fbb-43a0-b451-c64c4d4a64da__ep1,ep1,test,810,829,32.57666015625,11.351673126220703,0.5651037096977234,0.9926327466964722
dense_20f_stride10:b750fab3-7fbb-43a0-b451-c64c4d4a64da__ep1:qa:78,b750fab3-7fbb-43a0-b451-c64c4d4a64da__ep1,ep1,test,820,839,32.54312515258789,11.786795616149902,0.7385144829750061,1.034056544303894
dense_20f_stride10:b750fab3-7fbb-43a0-b451-c64c4d4a64da__ep1:qa:79,b750fab3-7fbb-43a0-b451-c64c4d4a64da__ep1,ep1,test,830,849,29.580768585205078,12.116045951843262,0.7274806499481201,0.9780094027519226
dense_20f_stride10:b750fab3-7fbb-43a0-b451-c64c4d4a64da__ep1:qa:80,b750fab3-7fbb-43a0-b451-c64c4d4a64da__ep1,ep1,test,840,859,0.0,12.132412910461426,0.18425309658050537,0.4085196256637573
dense_20f_stride10:b750fab3-7fbb-43a0-b451-c64c4d4a64da__ep1:qa:135,b750fab3-7fbb-43a0-b451-c64c4d4a64da__ep1,ep1,test,1400,1419,0.0,9.663630485534668,0.15613509714603424,0.32539135217666626
dense_20f_stride10:b750fab3-7fbb-43a0-b451-c64c4d4a64da__ep1:qa:136,b750fab3-7fbb-43a0-b451-c64c4d4a64da__ep1,ep1,test,1410,1429,0.0,10.785015106201172,0.17207100987434387,0.36315032839775085
dense_20f_stride10:b750fab3-7fbb-43a0-b451-c64c4d4a64da__ep1:qa:137,b750fab3-7fbb-43a0-b451-c64c4d4a64da__ep1,ep1,test,1420,1439,0.0,9.126666069030762,0.17671795189380646,0.3073108196258545
dense_20f_stride10:b750fab3-7fbb-43a0-b451-c64c4d4a64da__ep1:qa:138,b750fab3-7fbb-43a0-b451-c64c4d4a64da__ep1,ep1,test,1430,1449,0.0,8.581737518310547,0.18305113911628723,0.28896212577819824
dense_20f_stride10:b750fab3-7fbb-43a0-b451-c64c4d4a64da__ep1:qa:139,b750fab3-7fbb-43a0-b451-c64c4d4a64da__ep1,ep1,test,1440,1459,0.0,9.028719902038574,0.17068512737751007,0.30401280522346497
dense_20f_stride10:b750fab3-7fbb-43a0-b451-c64c4d4a64da__ep1:qa:140,b750fab3-7fbb-43a0-b451-c64c4d4a64da__ep1,ep1,test,1450,1469,0.0,10.73766803741455,0.17256271839141846,0.3615560829639435
dense_20f_stride10:b750fab3-7fbb-43a0-b451-c64c4d4a64da__ep1:qa:142,b750fab3-7fbb-43a0-b451-c64c4d4a64da__ep1,ep1,test,1480,1499,0.0,10.614809036254883,0.18077503144741058,0.3574192225933075
dense_20f_stride10:b750fab3-7fbb-43a0-b451-c64c4d4a64da__ep1:qa:143,b750fab3-7fbb-43a0-b451-c64c4d4a64da__ep1,ep1,test,1490,1509,0.0,11.532079696655273,0.17684100568294525,0.38830533623695374
dense_20f_stride10:b750fab3-7fbb-43a0-b451-c64c4d4a64da__ep1:qa:144,b750fab3-7fbb-43a0-b451-c64c4d4a64da__ep1,ep1,test,1500,1519,0.0,9.77224063873291,0.1868141144514084,0.3290484547615051
dense_20f_stride10:b750fab3-7fbb-43a0-b451-c64c4d4a64da__ep1:qa:145,b750fab3-7fbb-43a0-b451-c64c4d4a64da__ep1,ep1,test,1510,1529,0.0,8.863866806030273,0.16713754832744598,0.2984619140625
dense_20f_stride10:b750fab3-7fbb-43a0-b451-c64c4d4a64da__ep1:qa:146,b750fab3-7fbb-43a0-b451-c64c4d4a64da__ep1,ep1,test,1520,1539,0.0,9.848380088806152,0.1709516942501068,0.3316121995449066
dense_20f_stride10:b750fab3-7fbb-43a0-b451-c64c4d4a64da__ep1:qa:147,b750fab3-7fbb-43a0-b451-c64c4d4a64da__ep1,ep1,test,1530,1549,0.0,11.426424980163574,0.1727108657360077,0.384747713804245
dense_20f_stride10:b750fab3-7fbb-43a0-b451-c64c4d4a64da__ep1:qa:157,b750fab3-7fbb-43a0-b451-c64c4d4a64da__ep1,ep1,test,1640,1659,0.0,8.651226043701172,0.1647871434688568,0.291301965713501
dense_20f_stride10:b750fab3-7fbb-43a0-b451-c64c4d4a64da__ep1:qa:158,b750fab3-7fbb-43a0-b451-c64c4d4a64da__ep1,ep1,test,1650,1669,0.0,7.656818389892578,0.15952050685882568,0.25781846046447754
dense_20f_stride10:b750fab3-7fbb-43a0-b451-c64c4d4a64da__ep1:qa:159,b750fab3-7fbb-43a0-b451-c64c4d4a64da__ep1,ep1,test,1660,1679,0.0,8.107065200805664,0.15298102796077728,0.27297908067703247
dense_20f_stride10:b750fab3-7fbb-43a0-b451-c64c4d4a64da__ep1:qa:160,b750fab3-7fbb-43a0-b451-c64c4d4a64da__ep1,ep1,test,1670,1689,0.0,11.141142845153809,0.17541103065013885,0.37514179944992065
dense_20f_stride10:b750fab3-7fbb-43a0-b451-c64c4d4a64da__ep1:qa:161,b750fab3-7fbb-43a0-b451-c64c4d4a64da__ep1,ep1,test,1680,1699,0.0,10.64120101928711,0.16913200914859772,0.3583078682422638
dense_20f_stride10:b750fab3-7fbb-43a0-b451-c64c4d4a64da__ep1:qa:172,b750fab3-7fbb-43a0-b451-c64c4d4a64da__ep1,ep1,test,1800,1819,29.32250213623047,9.240280151367188,0.6492016315460205,0.9571413993835449
dense_20f_stride10:b750fab3-7fbb-43a0-b451-c64c4d4a64da__ep1:qa:173,b750fab3-7fbb-43a0-b451-c64c4d4a64da__ep1,ep1,test,1810,1829,32.402347564697266,9.132484436035156,0.7511898279190063,1.0689493417739868
dense_20f_stride10:b750fab3-7fbb-43a0-b451-c64c4d4a64da__ep1:qa:174,b750fab3-7fbb-43a0-b451-c64c4d4a64da__ep1,ep1,test,1820,1839,33.323001861572266,7.446522235870361,0.5877460241317749,0.9951479434967041
dense_20f_stride10:b750fab3-7fbb-43a0-b451-c64c4d4a64da__ep1:qa:175,b750fab3-7fbb-43a0-b451-c64c4d4a64da__ep1,ep1,test,1830,1849,32.836360931396484,8.243571281433105,0.588405430316925,0.9954174757003784
dense_20f_stride10:b750fab3-7fbb-43a0-b451-c64c4d4a64da__ep1:qa:176,b750fab3-7fbb-43a0-b451-c64c4d4a64da__ep1,ep1,test,1840,1859,32.4521484375,10.53242015838623,0.5521579384803772,1.0238561630249023
dense_20f_stride10:b750fab3-7fbb-43a0-b451-c64c4d4a64da__ep1:qa:177,b750fab3-7fbb-43a0-b451-c64c4d4a64da__ep1,ep1,test,1850,1869,32.326866149902344,10.798489570617676,0.5516878366470337,1.013585090637207
dense_20f_stride10:b750fab3-7fbb-43a0-b451-c64c4d4a64da__ep1:qa:231,b750fab3-7fbb-43a0-b451-c64c4d4a64da__ep1,ep1,test,2400,2419,0.0,8.73886489868164,0.17567506432533264,0.2942529022693634
dense_20f_stride10:b750fab3-7fbb-43a0-b451-c64c4d4a64da__ep1:qa:232,b750fab3-7fbb-43a0-b451-c64c4d4a64da__ep1,ep1,test,2410,2429,0.0,9.489631652832031,0.18509835004806519,0.31953251361846924
dense_20f_stride10:b750fab3-7fbb-43a0-b451-c64c4d4a64da__ep1:qa:233,b750fab3-7fbb-43a0-b451-c64c4d4a64da__ep1,ep1,test,2420,2439,0.0,9.586294174194336,0.1641569286584854,0.322787344455719
dense_20f_stride10:b750fab3-7fbb-43a0-b451-c64c4d4a64da__ep1:qa:234,b750fab3-7fbb-43a0-b451-c64c4d4a64da__ep1,ep1,test,2430,2449,0.0,6.500654697418213,0.14898447692394257,0.21888843178749084
dense_20f_stride10:b750fab3-7fbb-43a0-b451-c64c4d4a64da__ep1:qa:235,b750fab3-7fbb-43a0-b451-c64c4d4a64da__ep1,ep1,test,2440,2459,0.0,6.534048080444336,0.1607610285282135,0.2200128585100174
dense_20f_stride10:b750fab3-7fbb-43a0-b451-c64c4d4a64da__ep1:qa:236,b750fab3-7fbb-43a0-b451-c64c4d4a64da__ep1,ep1,test,2450,2469,0.0,9.41882610321045,0.1824234277009964,0.317148357629776
dense_20f_stride10:b750fab3-7fbb-43a0-b451-c64c4d4a64da__ep1:qa:290,b750fab3-7fbb-43a0-b451-c64c4d4a64da__ep1,ep1,test,3000,3019,0.0,11.654467582702637,0.17976154386997223,0.39242637157440186
dense_20f_stride10:b750fab3-7fbb-43a0-b451-c64c4d4a64da__ep1:qa:291,b750fab3-7fbb-43a0-b451-c64c4d4a64da__ep1,ep1,test,3010,3029,0.0,11.659150123596191,0.18047580122947693,0.39258402585983276
dense_20f_stride10:b750fab3-7fbb-43a0-b451-c64c4d4a64da__ep1:qa:292,b750fab3-7fbb-43a0-b451-c64c4d4a64da__ep1,ep1,test,3020,3039,0.0,11.698765754699707,0.1814168095588684,0.39391791820526123
dense_20f_stride10:b750fab3-7fbb-43a0-b451-c64c4d4a64da__ep1:qa:293,b750fab3-7fbb-43a0-b451-c64c4d4a64da__ep1,ep1,test,3030,3049,0.0,11.707892417907715,0.18229641020298004,0.39422523975372314
dense_20f_stride10:b750fab3-7fbb-43a0-b451-c64c4d4a64da__ep1:qa:294,b750fab3-7fbb-43a0-b451-c64c4d4a64da__ep1,ep1,test,3040,3059,0.0,11.679241180419922,0.18129266798496246,0.39326050877571106
dense_20f_stride10:b750fab3-7fbb-43a0-b451-c64c4d4a64da__ep1:qa:295,b750fab3-7fbb-43a0-b451-c64c4d4a64da__ep1,ep1,test,3050,3069,0.0,11.663055419921875,0.18081706762313843,0.3927154839038849
dense_20f_stride10:b750fab3-7fbb-43a0-b451-c64c4d4a64da__ep1:qa:369,b750fab3-7fbb-43a0-b451-c64c4d4a64da__ep1,ep1,test,3800,3819,34.431209564208984,11.529412269592285,0.5821635723114014,1.0533133745193481
dense_20f_stride10:b750fab3-7fbb-43a0-b451-c64c4d4a64da__ep1:qa:370,b750fab3-7fbb-43a0-b451-c64c4d4a64da__ep1,ep1,test,3810,3829,34.39640808105469,11.53534984588623,0.5788987874984741,1.0501885414123535
dense_20f_stride10:b750fab3-7fbb-43a0-b451-c64c4d4a64da__ep1:qa:371,b750fab3-7fbb-43a0-b451-c64c4d4a64da__ep1,ep1,test,3820,3839,34.14855194091797,10.980183601379395,0.7839738130569458,1.1065202951431274
dense_20f_stride10:b750fab3-7fbb-43a0-b451-c64c4d4a64da__ep1:qa:372,b750fab3-7fbb-43a0-b451-c64c4d4a64da__ep1,ep1,test,3830,3849,31.073217391967773,10.961752891540527,0.7435170412063599,1.0251907110214233
dense_20f_stride10:b750fab3-7fbb-43a0-b451-c64c4d4a64da__ep1:qa:373,b750fab3-7fbb-43a0-b451-c64c4d4a64da__ep1,ep1,test,3840,3859,0.0,11.571778297424316,0.17846406996250153,0.38964200019836426
dense_20f_stride10:b750fab3-7fbb-43a0-b451-c64c4d4a64da__ep1:qa:374,b750fab3-7fbb-43a0-b451-c64c4d4a64da__ep1,ep1,test,3850,3869,29.6340274810791,11.673203468322754,0.6999018788337708,0.98235684633255
dense_20f_stride10:b750fab3-7fbb-43a0-b451-c64c4d4a64da__ep1:qa:428,b750fab3-7fbb-43a0-b451-c64c4d4a64da__ep1,ep1,test,4400,4419,0.0,10.62369441986084,0.17843405902385712,0.35771840810775757
dense_20f_stride10:b750fab3-7fbb-43a0-b451-c64c4d4a64da__ep1:qa:429,b750fab3-7fbb-43a0-b451-c64c4d4a64da__ep1,ep1,test,4410,4429,0.0,10.376108169555664,0.18406251072883606,0.3493817150592804
dense_20f_stride10:b750fab3-7fbb-43a0-b451-c64c4d4a64da__ep1:qa:430,b750fab3-7fbb-43a0-b451-c64c4d4a64da__ep1,ep1,test,4420,4439,0.0,10.395893096923828,0.19488726556301117,0.35004791617393494
dense_20f_stride10:b750fab3-7fbb-43a0-b451-c64c4d4a64da__ep1:qa:431,b750fab3-7fbb-43a0-b451-c64c4d4a64da__ep1,ep1,test,4430,4449,0.0,10.370014190673828,0.19045722484588623,0.3491765558719635
dense_20f_stride10:b750fab3-7fbb-43a0-b451-c64c4d4a64da__ep1:qa:432,b750fab3-7fbb-43a0-b451-c64c4d4a64da__ep1,ep1,test,4440,4459,0.0,11.773725509643555,0.20772603154182434,0.3964419662952423
dense_20f_stride10:b750fab3-7fbb-43a0-b451-c64c4d4a64da__ep1:qa:433,b750fab3-7fbb-43a0-b451-c64c4d4a64da__ep1,ep1,test,4450,4469,0.0,11.7930326461792,0.1881035715341568,0.3970920443534851
dense_20f_stride10:b750fab3-7fbb-43a0-b451-c64c4d4a64da__ep1:qa:467,b750fab3-7fbb-43a0-b451-c64c4d4a64da__ep1,ep1,test,4800,4819,0.0,12.087096214294434,0.18170905113220215,0.40699368715286255
dense_20f_stride10:b750fab3-7fbb-43a0-b451-c64c4d4a64da__ep1:qa:468,b750fab3-7fbb-43a0-b451-c64c4d4a64da__ep1,ep1,test,4810,4829,0.0,12.080770492553711,0.18095089495182037,0.4067806899547577
dense_20f_stride10:b750fab3-7fbb-43a0-b451-c64c4d4a64da__ep1:qa:469,b750fab3-7fbb-43a0-b451-c64c4d4a64da__ep1,ep1,test,4820,4839,0.0,12.074946403503418,0.181714728474617,0.40658459067344666
dense_20f_stride10:b750fab3-7fbb-43a0-b451-c64c4d4a64da__ep1:qa:470,b750fab3-7fbb-43a0-b451-c64c4d4a64da__ep1,ep1,test,4830,4849,0.0,12.048532485961914,0.18071796000003815,0.40569519996643066
dense_20f_stride10:b750fab3-7fbb-43a0-b451-c64c4d4a64da__ep1:qa:471,b750fab3-7fbb-43a0-b451-c64c4d4a64da__ep1,ep1,test,4840,4859,0.0,12.079654693603516,0.1808326691389084,0.4067431390285492
dense_20f_stride10:b750fab3-7fbb-43a0-b451-c64c4d4a64da__ep1:qa:478,b750fab3-7fbb-43a0-b451-c64c4d4a64da__ep1,ep1,test,4920,4939,0.0,12.168424606323242,0.1910323202610016,0.4097321629524231
dense_20f_stride10:b750fab3-7fbb-43a0-b451-c64c4d4a64da__ep1:qa:479,b750fab3-7fbb-43a0-b451-c64c4d4a64da__ep1,ep1,test,4930,4949,0.0,11.789691925048828,0.18960429728031158,0.39697957038879395
dense_20f_stride10:b750fab3-7fbb-43a0-b451-c64c4d4a64da__ep1:qa:480,b750fab3-7fbb-43a0-b451-c64c4d4a64da__ep1,ep1,test,4940,4959,0.0,11.563776969909668,0.18797169625759125,0.3893726170063019
dense_20f_stride10:b750fab3-7fbb-43a0-b451-c64c4d4a64da__ep1:qa:481,b750fab3-7fbb-43a0-b451-c64c4d4a64da__ep1,ep1,test,4950,4969,0.0,11.947639465332031,0.1861932873725891,0.4022979438304901
dense_20f_stride10:b750fab3-7fbb-43a0-b451-c64c4d4a64da__ep1:qa:482,b750fab3-7fbb-43a0-b451-c64c4d4a64da__ep1,ep1,test,4960,4979,0.0,11.171679496765137,0.19021527469158173,0.37617000937461853
dense_20f_stride10:b750fab3-7fbb-43a0-b451-c64c4d4a64da__ep1:qa:485,b750fab3-7fbb-43a0-b451-c64c4d4a64da__ep1,ep1,test,5000,5019,31.964447021484375,10.236973762512207,0.6996557116508484,0.9930119514465332
dense_20f_stride10:b750fab3-7fbb-43a0-b451-c64c4d4a64da__ep1:qa:486,b750fab3-7fbb-43a0-b451-c64c4d4a64da__ep1,ep1,test,5010,5029,31.389039993286133,11.399267196655273,0.5304026007652283,0.9742469787597656
dense_20f_stride10:b750fab3-7fbb-43a0-b451-c64c4d4a64da__ep1:qa:487,b750fab3-7fbb-43a0-b451-c64c4d4a64da__ep1,ep1,test,5020,5039,31.50127601623535,11.497353553771973,0.5298299789428711,0.9908382296562195
dense_20f_stride10:b750fab3-7fbb-43a0-b451-c64c4d4a64da__ep1:qa:488,b750fab3-7fbb-43a0-b451-c64c4d4a64da__ep1,ep1,test,5030,5049,31.529247283935547,11.544638633728027,0.5250219702720642,0.9869015216827393
dense_20f_stride10:b750fab3-7fbb-43a0-b451-c64c4d4a64da__ep1:qa:489,b750fab3-7fbb-43a0-b451-c64c4d4a64da__ep1,ep1,test,5040,5059,31.427274703979492,11.635473251342773,0.5353506803512573,0.995378851890564
dense_20f_stride10:b750fab3-7fbb-43a0-b451-c64c4d4a64da__ep1:qa:490,b750fab3-7fbb-43a0-b451-c64c4d4a64da__ep1,ep1,test,5050,5069,31.406484603881836,11.743803977966309,0.5190824270248413,0.9964354634284973
dense_20f_stride10:b750fab3-7fbb-43a0-b451-c64c4d4a64da__ep1:qa:575,b750fab3-7fbb-43a0-b451-c64c4d4a64da__ep1,ep1,test,5920,5939,32.654022216796875,12.232388496398926,0.5676822662353516,1.0778765678405762
dense_20f_stride10:b750fab3-7fbb-43a0-b451-c64c4d4a64da__ep1:qa:576,b750fab3-7fbb-43a0-b451-c64c4d4a64da__ep1,ep1,test,5930,5949,32.664920806884766,12.303328514099121,0.5676244497299194,1.079234004020691
dense_20f_stride10:b750fab3-7fbb-43a0-b451-c64c4d4a64da__ep1:qa:577,b750fab3-7fbb-43a0-b451-c64c4d4a64da__ep1,ep1,test,5940,5959,32.68661117553711,12.324620246887207,0.562441885471344,1.0695769786834717
dense_20f_stride10:b750fab3-7fbb-43a0-b451-c64c4d4a64da__ep1:qa:578,b750fab3-7fbb-43a0-b451-c64c4d4a64da__ep1,ep1,test,5950,5969,32.67304611206055,12.35155200958252,0.562109112739563,1.0686836242675781
dense_20f_stride10:b750fab3-7fbb-43a0-b451-c64c4d4a64da__ep1:qa:579,b750fab3-7fbb-43a0-b451-c64c4d4a64da__ep1,ep1,test,5960,5979,32.65768051147461,12.338162422180176,0.5643254518508911,1.0736111402511597
dense_20f_stride10:b750fab3-7fbb-43a0-b451-c64c4d4a64da__ep1:qa:580,b750fab3-7fbb-43a0-b451-c64c4d4a64da__ep1,ep1,test,5970,5989,32.67403030395508,12.318778038024902,0.5624628663063049,1.0709543228149414
dense_20f_stride10:877779cd-25f3-4293-a3c4-39067dd9558c__ep4:qa:0,877779cd-25f3-4293-a3c4-39067dd9558c__ep4,ep4,test,0,19,11.210820198059082,11.99575138092041,0.06537558883428574,0.10675466060638428
dense_20f_stride10:877779cd-25f3-4293-a3c4-39067dd9558c__ep4:qa:1,877779cd-25f3-4293-a3c4-39067dd9558c__ep4,ep4,test,10,29,11.21010971069336,12.058440208435059,0.07083594799041748,0.1115654781460762
dense_20f_stride10:877779cd-25f3-4293-a3c4-39067dd9558c__ep4:qa:2,877779cd-25f3-4293-a3c4-39067dd9558c__ep4,ep4,test,20,39,11.170012474060059,12.268515586853027,0.07101000845432281,0.11345317214727402
dense_20f_stride10:877779cd-25f3-4293-a3c4-39067dd9558c__ep4:qa:3,877779cd-25f3-4293-a3c4-39067dd9558c__ep4,ep4,test,30,49,11.062886238098145,12.117876052856445,0.07136506587266922,0.11100143194198608
dense_20f_stride10:877779cd-25f3-4293-a3c4-39067dd9558c__ep4:qa:4,877779cd-25f3-4293-a3c4-39067dd9558c__ep4,ep4,test,40,59,11.063016891479492,11.972976684570312,0.07481355220079422,0.11584161967039108
dense_20f_stride10:877779cd-25f3-4293-a3c4-39067dd9558c__ep4:qa:5,877779cd-25f3-4293-a3c4-39067dd9558c__ep4,ep4,test,50,69,11.076008796691895,11.919389724731445,0.07677692174911499,0.11634985357522964
dense_20f_stride10:877779cd-25f3-4293-a3c4-39067dd9558c__ep4:qa:6,877779cd-25f3-4293-a3c4-39067dd9558c__ep4,ep4,test,60,79,11.103053092956543,11.77945613861084,0.08145489543676376,0.12018158286809921
dense_20f_stride10:877779cd-25f3-4293-a3c4-39067dd9558c__ep4:qa:7,877779cd-25f3-4293-a3c4-39067dd9558c__ep4,ep4,test,70,89,11.369817733764648,11.647964477539062,0.08124860376119614,0.1274062544107437
dense_20f_stride10:877779cd-25f3-4293-a3c4-39067dd9558c__ep4:qa:8,877779cd-25f3-4293-a3c4-39067dd9558c__ep4,ep4,test,80,99,11.371474266052246,11.335673332214355,0.07958899438381195,0.13280771672725677
dense_20f_stride10:877779cd-25f3-4293-a3c4-39067dd9558c__ep4:qa:39,877779cd-25f3-4293-a3c4-39067dd9558c__ep4,ep4,test,400,419,0.0,11.757465362548828,0.19877344369888306,0.39589443802833557
dense_20f_stride10:877779cd-25f3-4293-a3c4-39067dd9558c__ep4:qa:40,877779cd-25f3-4293-a3c4-39067dd9558c__ep4,ep4,test,410,429,0.0,11.77734375,0.19569796323776245,0.3965637981891632
dense_20f_stride10:877779cd-25f3-4293-a3c4-39067dd9558c__ep4:qa:41,877779cd-25f3-4293-a3c4-39067dd9558c__ep4,ep4,test,420,439,10.838592529296875,11.518170356750488,0.23805883526802063,0.3645753264427185
dense_20f_stride10:877779cd-25f3-4293-a3c4-39067dd9558c__ep4:qa:42,877779cd-25f3-4293-a3c4-39067dd9558c__ep4,ep4,test,430,449,12.069558143615723,10.97882080078125,0.2458740770816803,0.3371930420398712
dense_20f_stride10:877779cd-25f3-4293-a3c4-39067dd9558c__ep4:qa:43,877779cd-25f3-4293-a3c4-39067dd9558c__ep4,ep4,test,440,459,11.26082706451416,10.818059921264648,0.09988969564437866,0.13676509261131287
dense_20f_stride10:877779cd-25f3-4293-a3c4-39067dd9558c__ep4:qa:44,877779cd-25f3-4293-a3c4-39067dd9558c__ep4,ep4,test,450,469,11.297952651977539,10.893261909484863,0.07782206684350967,0.1096024438738823
dense_20f_stride10:877779cd-25f3-4293-a3c4-39067dd9558c__ep4:qa:45,877779cd-25f3-4293-a3c4-39067dd9558c__ep4,ep4,test,460,479,11.193693161010742,10.04454231262207,0.06212804466485977,0.08777408301830292
dense_20f_stride10:877779cd-25f3-4293-a3c4-39067dd9558c__ep4:qa:46,877779cd-25f3-4293-a3c4-39067dd9558c__ep4,ep4,test,470,489,11.05031681060791,9.65709114074707,0.054278645664453506,0.08257684111595154
dense_20f_stride10:877779cd-25f3-4293-a3c4-39067dd9558c__ep4:qa:47,877779cd-25f3-4293-a3c4-39067dd9558c__ep4,ep4,test,480,499,10.9401273727417,10.39279556274414,0.037431348115205765,0.05249165743589401
dense_20f_stride10:877779cd-25f3-4293-a3c4-39067dd9558c__ep4:qa:48,877779cd-25f3-4293-a3c4-39067dd9558c__ep4,ep4,test,490,509,10.887924194335938,10.854321479797363,0.043684251606464386,0.06826078146696091
dense_20f_stride10:877779cd-25f3-4293-a3c4-39067dd9558c__ep4:qa:98,877779cd-25f3-4293-a3c4-39067dd9558c__ep4,ep4,test,1000,1019,14.011451721191406,10.453453063964844,0.2732763886451721,0.43615391850471497
dense_20f_stride10:877779cd-25f3-4293-a3c4-39067dd9558c__ep4:qa:99,877779cd-25f3-4293-a3c4-39067dd9558c__ep4,ep4,test,1010,1029,0.0,10.5243501663208,0.19472146034240723,0.3543733060359955
dense_20f_stride10:877779cd-25f3-4293-a3c4-39067dd9558c__ep4:qa:100,877779cd-25f3-4293-a3c4-39067dd9558c__ep4,ep4,test,1020,1039,0.0,9.986355781555176,0.2032678723335266,0.33625808358192444
dense_20f_stride10:877779cd-25f3-4293-a3c4-39067dd9558c__ep4:qa:101,877779cd-25f3-4293-a3c4-39067dd9558c__ep4,ep4,test,1030,1049,0.0,10.358116149902344,0.18406033515930176,0.3487759232521057
dense_20f_stride10:877779cd-25f3-4293-a3c4-39067dd9558c__ep4:qa:102,877779cd-25f3-4293-a3c4-39067dd9558c__ep4,ep4,test,1040,1059,0.0,8.707944869995117,0.15734700858592987,0.29321175813674927
dense_20f_stride10:877779cd-25f3-4293-a3c4-39067dd9558c__ep4:qa:103,877779cd-25f3-4293-a3c4-39067dd9558c__ep4,ep4,test,1050,1069,0.0,7.011933326721191,0.14541400969028473,0.2361040860414505
dense_20f_stride10:877779cd-25f3-4293-a3c4-39067dd9558c__ep4:qa:104,877779cd-25f3-4293-a3c4-39067dd9558c__ep4,ep4,test,1060,1079,0.0,8.7955322265625,0.18739798665046692,0.2961609661579132
dense_20f_stride10:877779cd-25f3-4293-a3c4-39067dd9558c__ep4:qa:105,877779cd-25f3-4293-a3c4-39067dd9558c__ep4,ep4,test,1070,1089,0.0,9.655766487121582,0.1717071533203125,0.3251265287399292
dense_20f_stride10:877779cd-25f3-4293-a3c4-39067dd9558c__ep4:qa:106,877779cd-25f3-4293-a3c4-39067dd9558c__ep4,ep4,test,1080,1099,0.0,10.29405689239502,0.1902475506067276,0.3466189205646515
dense_20f_stride10:877779cd-25f3-4293-a3c4-39067dd9558c__ep4:qa:107,877779cd-25f3-4293-a3c4-39067dd9558c__ep4,ep4,test,1090,1109,0.0,10.047612190246582,0.20921102166175842,0.33832070231437683
dense_20f_stride10:877779cd-25f3-4293-a3c4-39067dd9558c__ep4:qa:137,877779cd-25f3-4293-a3c4-39067dd9558c__ep4,ep4,test,1400,1419,0.0,10.841463088989258,0.18360096216201782,0.3650510311126709
dense_20f_stride10:877779cd-25f3-4293-a3c4-39067dd9558c__ep4:qa:138,877779cd-25f3-4293-a3c4-39067dd9558c__ep4,ep4,test,1410,1429,0.0,10.579681396484375,0.17741401493549347,0.35623636841773987
dense_20f_stride10:877779cd-25f3-4293-a3c4-39067dd9558c__ep4:qa:139,877779cd-25f3-4293-a3c4-39067dd9558c__ep4,ep4,test,1420,1439,0.0,10.659024238586426,0.17629259824752808,0.3589079976081848
dense_20f_stride10:877779cd-25f3-4293-a3c4-39067dd9558c__ep4:qa:140,877779cd-25f3-4293-a3c4-39067dd9558c__ep4,ep4,test,1430,1449,0.0,11.08088493347168,0.18348346650600433,0.3731127977371216
dense_20f_stride10:877779cd-25f3-4293-a3c4-39067dd9558c__ep4:qa:141,877779cd-25f3-4293-a3c4-39067dd9558c__ep4,ep4,test,1440,1459,0.0,11.132195472717285,0.1830528825521469,0.37484052777290344
dense_20f_stride10:877779cd-25f3-4293-a3c4-39067dd9558c__ep4:qa:142,877779cd-25f3-4293-a3c4-39067dd9558c__ep4,ep4,test,1450,1469,0.0,8.12120246887207,0.14126619696617126,0.27345511317253113
dense_20f_stride10:877779cd-25f3-4293-a3c4-39067dd9558c__ep4:qa:143,877779cd-25f3-4293-a3c4-39067dd9558c__ep4,ep4,test,1460,1479,0.0,6.811046600341797,0.13177280128002167,0.2293398529291153
dense_20f_stride10:877779cd-25f3-4293-a3c4-39067dd9558c__ep4:qa:144,877779cd-25f3-4293-a3c4-39067dd9558c__ep4,ep4,test,1470,1489,0.0,9.240671157836914,0.16193686425685883,0.31114959716796875
dense_20f_stride10:877779cd-25f3-4293-a3c4-39067dd9558c__ep4:qa:145,877779cd-25f3-4293-a3c4-39067dd9558c__ep4,ep4,test,1480,1499,0.0,10.866430282592773,0.17760396003723145,0.3658917546272278
dense_20f_stride10:877779cd-25f3-4293-a3c4-39067dd9558c__ep4:qa:146,877779cd-25f3-4293-a3c4-39067dd9558c__ep4,ep4,test,1490,1509,0.0,10.95456600189209,0.17562343180179596,0.3688594102859497
dense_20f_stride10:877779cd-25f3-4293-a3c4-39067dd9558c__ep4:qa:196,877779cd-25f3-4293-a3c4-39067dd9558c__ep4,ep4,test,2000,2019,0.0,9.362886428833008,0.18545089662075043,0.3152647614479065
dense_20f_stride10:877779cd-25f3-4293-a3c4-39067dd9558c__ep4:qa:197,877779cd-25f3-4293-a3c4-39067dd9558c__ep4,ep4,test,2010,2029,0.0,8.942707061767578,0.1870274692773819,0.30111661553382874
dense_20f_stride10:877779cd-25f3-4293-a3c4-39067dd9558c__ep4:qa:198,877779cd-25f3-4293-a3c4-39067dd9558c__ep4,ep4,test,2020,2039,0.0,8.11906909942627,0.14940056204795837,0.2733832895755768
dense_20f_stride10:877779cd-25f3-4293-a3c4-39067dd9558c__ep4:qa:199,877779cd-25f3-4293-a3c4-39067dd9558c__ep4,ep4,test,2030,2049,0.0,9.598688125610352,0.18961744010448456,0.3232046663761139
dense_20f_stride10:877779cd-25f3-4293-a3c4-39067dd9558c__ep4:qa:200,877779cd-25f3-4293-a3c4-39067dd9558c__ep4,ep4,test,2040,2059,0.0,10.217535018920898,0.15831699967384338,0.34404227137565613
dense_20f_stride10:877779cd-25f3-4293-a3c4-39067dd9558c__ep4:qa:201,877779cd-25f3-4293-a3c4-39067dd9558c__ep4,ep4,test,2050,2069,0.0,10.11503791809082,0.15903225541114807,0.34059104323387146
dense_20f_stride10:877779cd-25f3-4293-a3c4-39067dd9558c__ep4:qa:202,877779cd-25f3-4293-a3c4-39067dd9558c__ep4,ep4,test,2060,2079,0.0,10.970409393310547,0.17096954584121704,0.36939287185668945
dense_20f_stride10:877779cd-25f3-4293-a3c4-39067dd9558c__ep4:qa:203,877779cd-25f3-4293-a3c4-39067dd9558c__ep4,ep4,test,2070,2089,0.0,11.27047348022461,0.18448910117149353,0.37949657440185547
dense_20f_stride10:877779cd-25f3-4293-a3c4-39067dd9558c__ep4:qa:204,877779cd-25f3-4293-a3c4-39067dd9558c__ep4,ep4,test,2080,2099,0.0,11.229775428771973,0.18955083191394806,0.37812623381614685
dense_20f_stride10:877779cd-25f3-4293-a3c4-39067dd9558c__ep4:qa:205,877779cd-25f3-4293-a3c4-39067dd9558c__ep4,ep4,test,2090,2109,0.0,11.342790603637695,0.18319635093212128,0.3819316029548645
dense_20f_stride10:877779cd-25f3-4293-a3c4-39067dd9558c__ep4:qa:211,877779cd-25f3-4293-a3c4-39067dd9558c__ep4,ep4,test,2160,2179,0.0,7.3485565185546875,0.14590787887573242,0.24743877351284027
dense_20f_stride10:877779cd-25f3-4293-a3c4-39067dd9558c__ep4:qa:212,877779cd-25f3-4293-a3c4-39067dd9558c__ep4,ep4,test,2170,2189,0.0,7.765913009643555,0.13783960044384003,0.26149189472198486
dense_20f_stride10:877779cd-25f3-4293-a3c4-39067dd9558c__ep4:qa:213,877779cd-25f3-4293-a3c4-39067dd9558c__ep4,ep4,test,2180,2199,0.0,7.768789768218994,0.15455776453018188,0.2615887522697449
dense_20f_stride10:877779cd-25f3-4293-a3c4-39067dd9558c__ep4:qa:214,877779cd-25f3-4293-a3c4-39067dd9558c__ep4,ep4,test,2190,2209,0.0,7.396925926208496,0.1444348841905594,0.24906745553016663
dense_20f_stride10:877779cd-25f3-4293-a3c4-39067dd9558c__ep4:qa:215,877779cd-25f3-4293-a3c4-39067dd9558c__ep4,ep4,test,2200,2219,0.0,7.387410640716553,0.15393364429473877,0.2487470507621765
dense_20f_stride10:877779cd-25f3-4293-a3c4-39067dd9558c__ep4:qa:216,877779cd-25f3-4293-a3c4-39067dd9558c__ep4,ep4,test,2210,2229,0.0,8.55245304107666,0.1698155701160431,0.28797608613967896
dense_20f_stride10:877779cd-25f3-4293-a3c4-39067dd9558c__ep4:qa:217,877779cd-25f3-4293-a3c4-39067dd9558c__ep4,ep4,test,2220,2239,0.0,9.850544929504395,0.1634044051170349,0.3316850960254669
dense_20f_stride10:877779cd-25f3-4293-a3c4-39067dd9558c__ep4:qa:218,877779cd-25f3-4293-a3c4-39067dd9558c__ep4,ep4,test,2230,2249,0.0,10.383580207824707,0.1668740063905716,0.3496333360671997
dense_20f_stride10:877779cd-25f3-4293-a3c4-39067dd9558c__ep4:qa:219,877779cd-25f3-4293-a3c4-39067dd9558c__ep4,ep4,test,2240,2259,0.0,12.97404956817627,0.2906796932220459,0.43685901165008545
dense_20f_stride10:877779cd-25f3-4293-a3c4-39067dd9558c__ep4:qa:220,877779cd-25f3-4293-a3c4-39067dd9558c__ep4,ep4,test,2250,2269,0.0,13.494375228881836,0.3039894700050354,0.45437923073768616
dense_20f_stride10:877779cd-25f3-4293-a3c4-39067dd9558c__ep4:qa:234,877779cd-25f3-4293-a3c4-39067dd9558c__ep4,ep4,test,2400,2419,0.0,10.88156795501709,0.1831876039505005,0.36640146374702454
dense_20f_stride10:877779cd-25f3-4293-a3c4-39067dd9558c__ep4:qa:235,877779cd-25f3-4293-a3c4-39067dd9558c__ep4,ep4,test,2410,2429,0.0,10.555383682250977,0.18824024498462677,0.35541826486587524
dense_20f_stride10:877779cd-25f3-4293-a3c4-39067dd9558c__ep4:qa:236,877779cd-25f3-4293-a3c4-39067dd9558c__ep4,ep4,test,2420,2439,0.0,10.680902481079102,0.18889646232128143,0.35964471101760864
dense_20f_stride10:877779cd-25f3-4293-a3c4-39067dd9558c__ep4:qa:237,877779cd-25f3-4293-a3c4-39067dd9558c__ep4,ep4,test,2430,2449,0.0,10.95447063446045,0.1879654824733734,0.3688562214374542
dense_20f_stride10:877779cd-25f3-4293-a3c4-39067dd9558c__ep4:qa:238,877779cd-25f3-4293-a3c4-39067dd9558c__ep4,ep4,test,2440,2459,0.0,10.711234092712402,0.19591039419174194,0.3606659770011902
dense_20f_stride10:877779cd-25f3-4293-a3c4-39067dd9558c__ep4:qa:239,877779cd-25f3-4293-a3c4-39067dd9558c__ep4,ep4,test,2450,2469,0.0,11.16490650177002,0.19609315693378448,0.3759419620037079
dense_20f_stride10:877779cd-25f3-4293-a3c4-39067dd9558c__ep4:qa:240,877779cd-25f3-4293-a3c4-39067dd9558c__ep4,ep4,test,2460,2479,0.0,12.005717277526855,0.19540463387966156,0.4042535126209259
dense_20f_stride10:877779cd-25f3-4293-a3c4-39067dd9558c__ep4:qa:241,877779cd-25f3-4293-a3c4-39067dd9558c__ep4,ep4,test,2470,2489,0.0,12.04516887664795,0.19600576162338257,0.40558192133903503
dense_20f_stride10:877779cd-25f3-4293-a3c4-39067dd9558c__ep4:qa:242,877779cd-25f3-4293-a3c4-39067dd9558c__ep4,ep4,test,2480,2499,0.0,12.18018627166748,0.19427241384983063,0.4101282060146332
dense_20f_stride10:877779cd-25f3-4293-a3c4-39067dd9558c__ep4:qa:293,877779cd-25f3-4293-a3c4-39067dd9558c__ep4,ep4,test,3000,3019,10.341205596923828,12.111456871032715,0.07835372537374496,0.11541951447725296
dense_20f_stride10:877779cd-25f3-4293-a3c4-39067dd9558c__ep4:qa:294,877779cd-25f3-4293-a3c4-39067dd9558c__ep4,ep4,test,3010,3029,10.415918350219727,12.028962135314941,0.08344311267137527,0.12475468218326569
dense_20f_stride10:877779cd-25f3-4293-a3c4-39067dd9558c__ep4:qa:295,877779cd-25f3-4293-a3c4-39067dd9558c__ep4,ep4,test,3020,3039,10.313016891479492,11.710856437683105,0.0985802710056305,0.1445220559835434
dense_20f_stride10:877779cd-25f3-4293-a3c4-39067dd9558c__ep4:qa:296,877779cd-25f3-4293-a3c4-39067dd9558c__ep4,ep4,test,3030,3049,11.835870742797852,11.069132804870605,0.2487286478281021,0.34632453322410583
dense_20f_stride10:877779cd-25f3-4293-a3c4-39067dd9558c__ep4:qa:297,877779cd-25f3-4293-a3c4-39067dd9558c__ep4,ep4,test,3040,3059,10.838297843933105,10.173113822937012,0.2263393998146057,0.3320649266242981
dense_20f_stride10:877779cd-25f3-4293-a3c4-39067dd9558c__ep4:qa:298,877779cd-25f3-4293-a3c4-39067dd9558c__ep4,ep4,test,3050,3069,0.0,9.747730255126953,0.17091281712055206,0.32822316884994507
dense_20f_stride10:877779cd-25f3-4293-a3c4-39067dd9558c__ep4:qa:299,877779cd-25f3-4293-a3c4-39067dd9558c__ep4,ep4,test,3060,3079,0.0,9.97317886352539,0.16939473152160645,0.33581438660621643
dense_20f_stride10:877779cd-25f3-4293-a3c4-39067dd9558c__ep4:qa:300,877779cd-25f3-4293-a3c4-39067dd9558c__ep4,ep4,test,3070,3089,0.0,10.020201683044434,0.16104398667812347,0.3373977541923523
dense_20f_stride10:877779cd-25f3-4293-a3c4-39067dd9558c__ep4:qa:301,877779cd-25f3-4293-a3c4-39067dd9558c__ep4,ep4,test,3080,3099,0.0,10.394515991210938,0.17791748046875,0.3500015437602997
dense_20f_stride10:877779cd-25f3-4293-a3c4-39067dd9558c__ep4:qa:302,877779cd-25f3-4293-a3c4-39067dd9558c__ep4,ep4,test,3090,3109,0.0,10.161263465881348,0.1672869175672531,0.3421475291252136
dense_20f_stride10:877779cd-25f3-4293-a3c4-39067dd9558c__ep4:qa:332,877779cd-25f3-4293-a3c4-39067dd9558c__ep4,ep4,test,3400,3419,15.457230567932129,11.486993789672852,0.28536197543144226,0.4051092863082886
dense_20f_stride10:877779cd-25f3-4293-a3c4-39067dd9558c__ep4:qa:333,877779cd-25f3-4293-a3c4-39067dd9558c__ep4,ep4,test,3410,3429,14.567063331604004,11.611533164978027,0.123468779027462,0.20746257901191711
dense_20f_stride10:877779cd-25f3-4293-a3c4-39067dd9558c__ep4:qa:334,877779cd-25f3-4293-a3c4-39067dd9558c__ep4,ep4,test,3420,3439,14.581133842468262,11.449623107910156,0.1213633194565773,0.19922779500484467
dense_20f_stride10:877779cd-25f3-4293-a3c4-39067dd9558c__ep4:qa:335,877779cd-25f3-4293-a3c4-39067dd9558c__ep4,ep4,test,3430,3449,14.62348461151123,11.646184921264648,0.13276630640029907,0.2348768562078476
dense_20f_stride10:877779cd-25f3-4293-a3c4-39067dd9558c__ep4:qa:336,877779cd-25f3-4293-a3c4-39067dd9558c__ep4,ep4,test,3440,3459,14.634710311889648,12.068059921264648,0.1147727519273758,0.2136535495519638
dense_20f_stride10:877779cd-25f3-4293-a3c4-39067dd9558c__ep4:qa:337,877779cd-25f3-4293-a3c4-39067dd9558c__ep4,ep4,test,3450,3469,14.651844024658203,12.408293724060059,0.10923036187887192,0.20413772761821747
dense_20f_stride10:877779cd-25f3-4293-a3c4-39067dd9558c__ep4:qa:338,877779cd-25f3-4293-a3c4-39067dd9558c__ep4,ep4,test,3460,3479,14.664009094238281,12.131156921386719,0.10105512291193008,0.18671415746212006
dense_20f_stride10:877779cd-25f3-4293-a3c4-39067dd9558c__ep4:qa:339,877779cd-25f3-4293-a3c4-39067dd9558c__ep4,ep4,test,3470,3489,14.652156829833984,11.975465774536133,0.10240448266267776,0.18663811683654785
dense_20f_stride10:877779cd-25f3-4293-a3c4-39067dd9558c__ep4:qa:340,877779cd-25f3-4293-a3c4-39067dd9558c__ep4,ep4,test,3480,3499,14.621709823608398,12.190582275390625,0.10607168823480606,0.19651243090629578
dense_20f_stride10:877779cd-25f3-4293-a3c4-39067dd9558c__ep4:qa:391,877779cd-25f3-4293-a3c4-39067dd9558c__ep4,ep4,test,4000,4019,0.0,9.93508243560791,0.1659582555294037,0.33453163504600525
dense_20f_stride10:877779cd-25f3-4293-a3c4-39067dd9558c__ep4:qa:392,877779cd-25f3-4293-a3c4-39067dd9558c__ep4,ep4,test,4010,4029,0.0,9.999774932861328,0.171609029173851,0.3367099165916443
dense_20f_stride10:877779cd-25f3-4293-a3c4-39067dd9558c__ep4:qa:393,877779cd-25f3-4293-a3c4-39067dd9558c__ep4,ep4,test,4020,4039,0.0,9.288654327392578,0.1611528843641281,0.3127652704715729
dense_20f_stride10:877779cd-25f3-4293-a3c4-39067dd9558c__ep4:qa:394,877779cd-25f3-4293-a3c4-39067dd9558c__ep4,ep4,test,4030,4049,0.0,9.236326217651367,0.15768660604953766,0.31100329756736755
dense_20f_stride10:877779cd-25f3-4293-a3c4-39067dd9558c__ep4:qa:395,877779cd-25f3-4293-a3c4-39067dd9558c__ep4,ep4,test,4040,4059,0.0,9.950850486755371,0.16503511369228363,0.33506259322166443
dense_20f_stride10:877779cd-25f3-4293-a3c4-39067dd9558c__ep4:qa:396,877779cd-25f3-4293-a3c4-39067dd9558c__ep4,ep4,test,4050,4069,0.0,10.456275939941406,0.17281973361968994,0.3520811200141907
dense_20f_stride10:877779cd-25f3-4293-a3c4-39067dd9558c__ep4:qa:397,877779cd-25f3-4293-a3c4-39067dd9558c__ep4,ep4,test,4060,4079,0.0,11.524134635925293,0.21817950904369354,0.3880378007888794
dense_20f_stride10:877779cd-25f3-4293-a3c4-39067dd9558c__ep4:qa:398,877779cd-25f3-4293-a3c4-39067dd9558c__ep4,ep4,test,4070,4089,12.33947467803955,11.705924034118652,0.3125140368938446,0.40529927611351013
dense_20f_stride10:877779cd-25f3-4293-a3c4-39067dd9558c__ep4:qa:399,877779cd-25f3-4293-a3c4-39067dd9558c__ep4,ep4,test,4080,4099,13.334216117858887,11.926077842712402,0.14638401567935944,0.23628826439380646
dense_20f_stride10:1796b943-caad-43c6-b9bd-80b8d601f37d__ep1:qa:0,1796b943-caad-43c6-b9bd-80b8d601f37d__ep1,ep1,test,0,19,0.0,9.95400619506836,0.16281914710998535,0.33516883850097656
dense_20f_stride10:1796b943-caad-43c6-b9bd-80b8d601f37d__ep1:qa:1,1796b943-caad-43c6-b9bd-80b8d601f37d__ep1,ep1,test,10,29,0.0,9.891755104064941,0.16105079650878906,0.3330727219581604
dense_20f_stride10:1796b943-caad-43c6-b9bd-80b8d601f37d__ep1:qa:2,1796b943-caad-43c6-b9bd-80b8d601f37d__ep1,ep1,test,20,39,0.0,9.9815092086792,0.16324368119239807,0.3360949158668518
dense_20f_stride10:1796b943-caad-43c6-b9bd-80b8d601f37d__ep1:qa:3,1796b943-caad-43c6-b9bd-80b8d601f37d__ep1,ep1,test,30,49,0.0,10.196892738342285,0.1629258096218109,0.3433472514152527
dense_20f_stride10:1796b943-caad-43c6-b9bd-80b8d601f37d__ep1:qa:4,1796b943-caad-43c6-b9bd-80b8d601f37d__ep1,ep1,test,40,59,0.0,10.191366195678711,0.16151566803455353,0.3431611657142639
dense_20f_stride10:1796b943-caad-43c6-b9bd-80b8d601f37d__ep1:qa:5,1796b943-caad-43c6-b9bd-80b8d601f37d__ep1,ep1,test,50,69,0.0,10.289507865905762,0.16271653771400452,0.3464657664299011
dense_20f_stride10:1796b943-caad-43c6-b9bd-80b8d601f37d__ep1:qa:6,1796b943-caad-43c6-b9bd-80b8d601f37d__ep1,ep1,test,60,79,0.0,10.24378776550293,0.1606544852256775,0.34492623805999756
dense_20f_stride10:1796b943-caad-43c6-b9bd-80b8d601f37d__ep1:qa:7,1796b943-caad-43c6-b9bd-80b8d601f37d__ep1,ep1,test,70,89,0.0,10.271719932556152,0.16033194959163666,0.3458668291568756
dense_20f_stride10:1796b943-caad-43c6-b9bd-80b8d601f37d__ep1:qa:8,1796b943-caad-43c6-b9bd-80b8d601f37d__ep1,ep1,test,80,99,0.0,10.388378143310547,0.16448265314102173,0.3497948944568634
dense_20f_stride10:1796b943-caad-43c6-b9bd-80b8d601f37d__ep1:qa:19,1796b943-caad-43c6-b9bd-80b8d601f37d__ep1,ep1,test,200,219,0.0,12.322487831115723,0.2789416015148163,0.41491973400115967
dense_20f_stride10:1796b943-caad-43c6-b9bd-80b8d601f37d__ep1:qa:20,1796b943-caad-43c6-b9bd-80b8d601f37d__ep1,ep1,test,210,229,0.0,11.055472373962402,0.2503778040409088,0.3722571134567261
dense_20f_stride10:1796b943-caad-43c6-b9bd-80b8d601f37d__ep1:qa:21,1796b943-caad-43c6-b9bd-80b8d601f37d__ep1,ep1,test,220,239,0.0,9.70913314819336,0.21651676297187805,0.32692351937294006
dense_20f_stride10:1796b943-caad-43c6-b9bd-80b8d601f37d__ep1:qa:22,1796b943-caad-43c6-b9bd-80b8d601f37d__ep1,ep1,test,230,249,0.0,11.810595512390137,0.2642531394958496,0.39768341183662415
dense_20f_stride10:1796b943-caad-43c6-b9bd-80b8d601f37d__ep1:qa:23,1796b943-caad-43c6-b9bd-80b8d601f37d__ep1,ep1,test,240,259,0.0,9.617219924926758,0.194133460521698,0.3238286077976227
dense_20f_stride10:1796b943-caad-43c6-b9bd-80b8d601f37d__ep1:qa:24,1796b943-caad-43c6-b9bd-80b8d601f37d__ep1,ep1,test,250,269,0.0,9.055861473083496,0.17734771966934204,0.30492672324180603
dense_20f_stride10:1796b943-caad-43c6-b9bd-80b8d601f37d__ep1:qa:25,1796b943-caad-43c6-b9bd-80b8d601f37d__ep1,ep1,test,260,279,0.0,9.041319847106934,0.1693831980228424,0.3044370710849762
dense_20f_stride10:1796b943-caad-43c6-b9bd-80b8d601f37d__ep1:qa:26,1796b943-caad-43c6-b9bd-80b8d601f37d__ep1,ep1,test,270,289,0.0,8.751692771911621,0.15652050077915192,0.29468482732772827
dense_20f_stride10:1796b943-caad-43c6-b9bd-80b8d601f37d__ep1:qa:27,1796b943-caad-43c6-b9bd-80b8d601f37d__ep1,ep1,test,280,299,0.0,8.765481948852539,0.1647762656211853,0.29514914751052856
dense_20f_stride10:1796b943-caad-43c6-b9bd-80b8d601f37d__ep1:qa:28,1796b943-caad-43c6-b9bd-80b8d601f37d__ep1,ep1,test,290,309,0.0,9.793696403503418,0.19406560063362122,0.32977092266082764
dense_20f_stride10:1796b943-caad-43c6-b9bd-80b8d601f37d__ep1:qa:38,1796b943-caad-43c6-b9bd-80b8d601f37d__ep1,ep1,test,400,419,0.0,9.711896896362305,0.19834363460540771,0.3270166218280792
dense_20f_stride10:1796b943-caad-43c6-b9bd-80b8d601f37d__ep1:qa:39,1796b943-caad-43c6-b9bd-80b8d601f37d__ep1,ep1,test,410,429,0.0,8.97449779510498,0.17176268994808197,0.30218705534935
dense_20f_stride10:1796b943-caad-43c6-b9bd-80b8d601f37d__ep1:qa:40,1796b943-caad-43c6-b9bd-80b8d601f37d__ep1,ep1,test,420,439,0.0,9.336410522460938,0.1633782982826233,0.314373254776001
dense_20f_stride10:1796b943-caad-43c6-b9bd-80b8d601f37d__ep1:qa:41,1796b943-caad-43c6-b9bd-80b8d601f37d__ep1,ep1,test,430,449,0.0,8.79589557647705,0.14666499197483063,0.29617321491241455
dense_20f_stride10:1796b943-caad-43c6-b9bd-80b8d601f37d__ep1:qa:42,1796b943-caad-43c6-b9bd-80b8d601f37d__ep1,ep1,test,440,459,0.0,8.621818542480469,0.14500613510608673,0.2903117537498474
dense_20f_stride10:1796b943-caad-43c6-b9bd-80b8d601f37d__ep1:qa:43,1796b943-caad-43c6-b9bd-80b8d601f37d__ep1,ep1,test,450,469,0.0,9.810883522033691,0.1568901091814041,0.3303496241569519
dense_20f_stride10:1796b943-caad-43c6-b9bd-80b8d601f37d__ep1:qa:44,1796b943-caad-43c6-b9bd-80b8d601f37d__ep1,ep1,test,460,479,0.0,9.936681747436523,0.16890853643417358,0.3345854878425598
dense_20f_stride10:1796b943-caad-43c6-b9bd-80b8d601f37d__ep1:qa:45,1796b943-caad-43c6-b9bd-80b8d601f37d__ep1,ep1,test,470,489,0.0,8.458539009094238,0.16454386711120605,0.2848138213157654
dense_20f_stride10:1796b943-caad-43c6-b9bd-80b8d601f37d__ep1:qa:46,1796b943-caad-43c6-b9bd-80b8d601f37d__ep1,ep1,test,480,499,0.0,8.459341049194336,0.16763460636138916,0.284840852022171
dense_20f_stride10:1796b943-caad-43c6-b9bd-80b8d601f37d__ep1:qa:47,1796b943-caad-43c6-b9bd-80b8d601f37d__ep1,ep1,test,490,509,0.0,10.072871208190918,0.15651218593120575,0.33917123079299927
dense_20f_stride10:1796b943-caad-43c6-b9bd-80b8d601f37d__ep1:qa:53,1796b943-caad-43c6-b9bd-80b8d601f37d__ep1,ep1,test,560,579,0.0,7.039712429046631,0.15120761096477509,0.2370394617319107
dense_20f_stride10:1796b943-caad-43c6-b9bd-80b8d601f37d__ep1:qa:54,1796b943-caad-43c6-b9bd-80b8d601f37d__ep1,ep1,test,570,589,0.0,8.014472007751465,0.15764163434505463,0.26986128091812134
dense_20f_stride10:1796b943-caad-43c6-b9bd-80b8d601f37d__ep1:qa:55,1796b943-caad-43c6-b9bd-80b8d601f37d__ep1,ep1,test,580,599,0.0,9.758108139038086,0.16209249198436737,0.3285726010799408
dense_20f_stride10:1796b943-caad-43c6-b9bd-80b8d601f37d__ep1:qa:56,1796b943-caad-43c6-b9bd-80b8d601f37d__ep1,ep1,test,590,609,0.0,10.48530387878418,0.1809394806623459,0.3530585467815399
dense_20f_stride10:1796b943-caad-43c6-b9bd-80b8d601f37d__ep1:qa:57,1796b943-caad-43c6-b9bd-80b8d601f37d__ep1,ep1,test,600,619,0.0,9.59114933013916,0.18213044106960297,0.3229507803916931
dense_20f_stride10:1796b943-caad-43c6-b9bd-80b8d601f37d__ep1:qa:58,1796b943-caad-43c6-b9bd-80b8d601f37d__ep1,ep1,test,610,629,0.0,10.557010650634766,0.24334408342838287,0.35547304153442383
dense_20f_stride10:1796b943-caad-43c6-b9bd-80b8d601f37d__ep1:qa:59,1796b943-caad-43c6-b9bd-80b8d601f37d__ep1,ep1,test,620,639,0.0,10.407940864562988,0.24005292356014252,0.35045361518859863
dense_20f_stride10:1796b943-caad-43c6-b9bd-80b8d601f37d__ep1:qa:60,1796b943-caad-43c6-b9bd-80b8d601f37d__ep1,ep1,test,630,649,0.0,9.463942527770996,0.15998654067516327,0.31866753101348877
dense_20f_stride10:1796b943-caad-43c6-b9bd-80b8d601f37d__ep1:qa:61,1796b943-caad-43c6-b9bd-80b8d601f37d__ep1,ep1,test,640,659,0.0,10.172592163085938,0.17250661551952362,0.3425289988517761
dense_20f_stride10:1796b943-caad-43c6-b9bd-80b8d601f37d__ep1:qa:62,1796b943-caad-43c6-b9bd-80b8d601f37d__ep1,ep1,test,650,669,0.0,9.585740089416504,0.16788914799690247,0.3227686583995819
dense_20f_stride10:1796b943-caad-43c6-b9bd-80b8d601f37d__ep1:qa:76,1796b943-caad-43c6-b9bd-80b8d601f37d__ep1,ep1,test,800,819,0.0,9.893026351928711,0.17228485643863678,0.33311551809310913
dense_20f_stride10:1796b943-caad-43c6-b9bd-80b8d601f37d__ep1:qa:77,1796b943-caad-43c6-b9bd-80b8d601f37d__ep1,ep1,test,810,829,0.0,8.12999439239502,0.1622847616672516,0.2737511396408081
dense_20f_stride10:1796b943-caad-43c6-b9bd-80b8d601f37d__ep1:qa:78,1796b943-caad-43c6-b9bd-80b8d601f37d__ep1,ep1,test,820,839,0.0,7.439603805541992,0.15203158557415009,0.2505044937133789
dense_20f_stride10:1796b943-caad-43c6-b9bd-80b8d601f37d__ep1:qa:79,1796b943-caad-43c6-b9bd-80b8d601f37d__ep1,ep1,test,830,849,0.0,9.764168739318848,0.17347107827663422,0.32877668738365173
dense_20f_stride10:1796b943-caad-43c6-b9bd-80b8d601f37d__ep1:qa:80,1796b943-caad-43c6-b9bd-80b8d601f37d__ep1,ep1,test,840,859,0.0,10.076071739196777,0.1706613153219223,0.3392789661884308
dense_20f_stride10:1796b943-caad-43c6-b9bd-80b8d601f37d__ep1:qa:81,1796b943-caad-43c6-b9bd-80b8d601f37d__ep1,ep1,test,850,869,0.0,10.224306106567383,0.17218604683876038,0.3442702889442444
dense_20f_stride10:1796b943-caad-43c6-b9bd-80b8d601f37d__ep1:qa:82,1796b943-caad-43c6-b9bd-80b8d601f37d__ep1,ep1,test,860,879,0.0,10.411102294921875,0.17298617959022522,0.3505600392818451
dense_20f_stride10:1796b943-caad-43c6-b9bd-80b8d601f37d__ep1:qa:83,1796b943-caad-43c6-b9bd-80b8d601f37d__ep1,ep1,test,870,889,0.0,10.333595275878906,0.16742119193077087,0.3479502499103546
dense_20f_stride10:1796b943-caad-43c6-b9bd-80b8d601f37d__ep1:qa:84,1796b943-caad-43c6-b9bd-80b8d601f37d__ep1,ep1,test,880,899,0.0,10.227622985839844,0.17630170285701752,0.34438198804855347
dense_20f_stride10:1796b943-caad-43c6-b9bd-80b8d601f37d__ep1:qa:95,1796b943-caad-43c6-b9bd-80b8d601f37d__ep1,ep1,test,1000,1019,0.0,8.290575981140137,0.18929915130138397,0.27915820479393005
dense_20f_stride10:1796b943-caad-43c6-b9bd-80b8d601f37d__ep1:qa:96,1796b943-caad-43c6-b9bd-80b8d601f37d__ep1,ep1,test,1010,1029,0.0,13.90726375579834,0.31831762194633484,0.46828189492225647
dense_20f_stride10:1796b943-caad-43c6-b9bd-80b8d601f37d__ep1:qa:97,1796b943-caad-43c6-b9bd-80b8d601f37d__ep1,ep1,test,1020,1039,0.0,13.547130584716797,0.3115004003047943,0.4561556279659271
dense_20f_stride10:1796b943-caad-43c6-b9bd-80b8d601f37d__ep1:qa:98,1796b943-caad-43c6-b9bd-80b8d601f37d__ep1,ep1,test,1030,1049,0.0,10.264142036437988,0.2378048300743103,0.3456116318702698
dense_20f_stride10:1796b943-caad-43c6-b9bd-80b8d601f37d__ep1:qa:99,1796b943-caad-43c6-b9bd-80b8d601f37d__ep1,ep1,test,1040,1059,0.0,10.757229804992676,0.25194209814071655,0.3622147738933563
dense_20f_stride10:1796b943-caad-43c6-b9bd-80b8d601f37d__ep1:qa:100,1796b943-caad-43c6-b9bd-80b8d601f37d__ep1,ep1,test,1050,1069,0.0,14.136271476745605,0.3257025480270386,0.47599297761917114
dense_20f_stride10:1796b943-caad-43c6-b9bd-80b8d601f37d__ep1:qa:101,1796b943-caad-43c6-b9bd-80b8d601f37d__ep1,ep1,test,1060,1079,0.0,14.786766052246094,0.33895963430404663,0.49789631366729736
dense_20f_stride10:1796b943-caad-43c6-b9bd-80b8d601f37d__ep1:qa:102,1796b943-caad-43c6-b9bd-80b8d601f37d__ep1,ep1,test,1070,1089,0.0,9.86721134185791,0.2156151682138443,0.3322462737560272
dense_20f_stride10:1796b943-caad-43c6-b9bd-80b8d601f37d__ep1:qa:103,1796b943-caad-43c6-b9bd-80b8d601f37d__ep1,ep1,test,1080,1099,0.0,8.795475006103516,0.16677720844745636,0.296159029006958
dense_20f_stride10:1796b943-caad-43c6-b9bd-80b8d601f37d__ep1:qa:134,1796b943-caad-43c6-b9bd-80b8d601f37d__ep1,ep1,test,1400,1419,39.87863540649414,10.233063697814941,0.7314959764480591,1.2296735048294067
dense_20f_stride10:1796b943-caad-43c6-b9bd-80b8d601f37d__ep1:qa:135,1796b943-caad-43c6-b9bd-80b8d601f37d__ep1,ep1,test,1410,1429,39.67531204223633,9.455809593200684,0.7495980858802795,1.2534562349319458
dense_20f_stride10:1796b943-caad-43c6-b9bd-80b8d601f37d__ep1:qa:136,1796b943-caad-43c6-b9bd-80b8d601f37d__ep1,ep1,test,1420,1439,38.81156539916992,7.090404510498047,0.7796384692192078,1.2444146871566772
dense_20f_stride10:1796b943-caad-43c6-b9bd-80b8d601f37d__ep1:qa:137,1796b943-caad-43c6-b9bd-80b8d601f37d__ep1,ep1,test,1430,1449,37.98792266845703,8.021788597106934,0.7774554491043091,1.2377040386199951
dense_20f_stride10:1796b943-caad-43c6-b9bd-80b8d601f37d__ep1:qa:138,1796b943-caad-43c6-b9bd-80b8d601f37d__ep1,ep1,test,1440,1459,37.90876388549805,9.472000122070312,0.7131950259208679,1.16069495677948
dense_20f_stride10:1796b943-caad-43c6-b9bd-80b8d601f37d__ep1:qa:139,1796b943-caad-43c6-b9bd-80b8d601f37d__ep1,ep1,test,1450,1469,38.166019439697266,11.654047966003418,0.689370334148407,1.2044817209243774
dense_20f_stride10:1796b943-caad-43c6-b9bd-80b8d601f37d__ep1:qa:140,1796b943-caad-43c6-b9bd-80b8d601f37d__ep1,ep1,test,1460,1479,38.140869140625,12.086350440979004,0.6847994327545166,1.2084510326385498
dense_20f_stride10:1796b943-caad-43c6-b9bd-80b8d601f37d__ep1:qa:141,1796b943-caad-43c6-b9bd-80b8d601f37d__ep1,ep1,test,1470,1489,38.13362503051758,12.09130859375,0.6865903735160828,1.2131166458129883
dense_20f_stride10:1796b943-caad-43c6-b9bd-80b8d601f37d__ep1:qa:142,1796b943-caad-43c6-b9bd-80b8d601f37d__ep1,ep1,test,1480,1499,38.34370803833008,11.873282432556152,0.6864311099052429,1.2048499584197998
dense_20f_stride10:1796b943-caad-43c6-b9bd-80b8d601f37d__ep1:qa:173,1796b943-caad-43c6-b9bd-80b8d601f37d__ep1,ep1,test,1800,1819,40.644771575927734,10.399566650390625,0.7705819010734558,1.3040660619735718
dense_20f_stride10:1796b943-caad-43c6-b9bd-80b8d601f37d__ep1:qa:174,1796b943-caad-43c6-b9bd-80b8d601f37d__ep1,ep1,test,1810,1829,40.604209899902344,11.413517951965332,0.7341578602790833,1.2702614068984985
dense_20f_stride10:1796b943-caad-43c6-b9bd-80b8d601f37d__ep1:qa:175,1796b943-caad-43c6-b9bd-80b8d601f37d__ep1,ep1,test,1820,1839,40.991058349609375,11.234861373901367,0.7322754263877869,1.2450937032699585
dense_20f_stride10:1796b943-caad-43c6-b9bd-80b8d601f37d__ep1:qa:176,1796b943-caad-43c6-b9bd-80b8d601f37d__ep1,ep1,test,1830,1849,41.24505615234375,10.821900367736816,0.7607907652854919,1.2863364219665527
dense_20f_stride10:1796b943-caad-43c6-b9bd-80b8d601f37d__ep1:qa:177,1796b943-caad-43c6-b9bd-80b8d601f37d__ep1,ep1,test,1840,1859,41.373046875,10.546059608459473,0.7614303231239319,1.2998909950256348
dense_20f_stride10:1796b943-caad-43c6-b9bd-80b8d601f37d__ep1:qa:178,1796b943-caad-43c6-b9bd-80b8d601f37d__ep1,ep1,test,1850,1869,41.2066535949707,10.709979057312012,0.7591879963874817,1.2954719066619873
dense_20f_stride10:1796b943-caad-43c6-b9bd-80b8d601f37d__ep1:qa:179,1796b943-caad-43c6-b9bd-80b8d601f37d__ep1,ep1,test,1860,1879,40.798431396484375,10.468262672424316,0.7859548330307007,1.3178989887237549
dense_20f_stride10:1796b943-caad-43c6-b9bd-80b8d601f37d__ep1:qa:180,1796b943-caad-43c6-b9bd-80b8d601f37d__ep1,ep1,test,1870,1889,40.458404541015625,10.744296073913574,0.7690671682357788,1.2967970371246338
dense_20f_stride10:1796b943-caad-43c6-b9bd-80b8d601f37d__ep1:qa:181,1796b943-caad-43c6-b9bd-80b8d601f37d__ep1,ep1,test,1880,1899,39.983192443847656,11.850992202758789,0.7355039715766907,1.2790307998657227
dense_20f_stride10:1796b943-caad-43c6-b9bd-80b8d601f37d__ep1:qa:182,1796b943-caad-43c6-b9bd-80b8d601f37d__ep1,ep1,test,1890,1909,39.87403869628906,12.02673625946045,0.7284409999847412,1.2722694873809814
dense_20f_stride10:1796b943-caad-43c6-b9bd-80b8d601f37d__ep1:qa:192,1796b943-caad-43c6-b9bd-80b8d601f37d__ep1,ep1,test,2000,2019,40.12944412231445,12.299108505249023,0.7277941107749939,1.2760515213012695
dense_20f_stride10:1796b943-caad-43c6-b9bd-80b8d601f37d__ep1:qa:193,1796b943-caad-43c6-b9bd-80b8d601f37d__ep1,ep1,test,2010,2029,40.14665222167969,12.253774642944336,0.732463002204895,1.2820379734039307
dense_20f_stride10:1796b943-caad-43c6-b9bd-80b8d601f37d__ep1:qa:194,1796b943-caad-43c6-b9bd-80b8d601f37d__ep1,ep1,test,2020,2039,40.102317810058594,12.201447486877441,0.7300452589988708,1.2780488729476929
dense_20f_stride10:1796b943-caad-43c6-b9bd-80b8d601f37d__ep1:qa:195,1796b943-caad-43c6-b9bd-80b8d601f37d__ep1,ep1,test,2030,2049,40.06311798095703,12.229483604431152,0.7298039793968201,1.2768994569778442
dense_20f_stride10:1796b943-caad-43c6-b9bd-80b8d601f37d__ep1:qa:196,1796b943-caad-43c6-b9bd-80b8d601f37d__ep1,ep1,test,2040,2059,40.09431457519531,12.30887222290039,0.729802668094635,1.2784456014633179
dense_20f_stride10:1796b943-caad-43c6-b9bd-80b8d601f37d__ep1:qa:197,1796b943-caad-43c6-b9bd-80b8d601f37d__ep1,ep1,test,2050,2069,40.083187103271484,12.287635803222656,0.7310250997543335,1.281351923942566
dense_20f_stride10:1796b943-caad-43c6-b9bd-80b8d601f37d__ep1:qa:198,1796b943-caad-43c6-b9bd-80b8d601f37d__ep1,ep1,test,2060,2079,40.111663818359375,12.160245895385742,0.7347179651260376,1.2858538627624512
dense_20f_stride10:1796b943-caad-43c6-b9bd-80b8d601f37d__ep1:qa:199,1796b943-caad-43c6-b9bd-80b8d601f37d__ep1,ep1,test,2070,2089,40.14262008666992,12.206719398498535,0.7344465255737305,1.2851873636245728
dense_20f_stride10:1796b943-caad-43c6-b9bd-80b8d601f37d__ep1:qa:200,1796b943-caad-43c6-b9bd-80b8d601f37d__ep1,ep1,test,2080,2099,40.13151550292969,12.354500770568848,0.7270557880401611,1.2745412588119507
dense_20f_stride10:1796b943-caad-43c6-b9bd-80b8d601f37d__ep1:qa:201,1796b943-caad-43c6-b9bd-80b8d601f37d__ep1,ep1,test,2090,2109,40.14659118652344,12.262870788574219,0.7285798192024231,1.276894211769104
dense_20f_stride10:1796b943-caad-43c6-b9bd-80b8d601f37d__ep1:qa:270,1796b943-caad-43c6-b9bd-80b8d601f37d__ep1,ep1,test,2800,2819,40.20542907714844,10.313762664794922,0.749922513961792,1.2721232175827026
dense_20f_stride10:1796b943-caad-43c6-b9bd-80b8d601f37d__ep1:qa:271,1796b943-caad-43c6-b9bd-80b8d601f37d__ep1,ep1,test,2810,2829,40.30683135986328,10.546486854553223,0.7449057102203369,1.2711527347564697
dense_20f_stride10:1796b943-caad-43c6-b9bd-80b8d601f37d__ep1:qa:272,1796b943-caad-43c6-b9bd-80b8d601f37d__ep1,ep1,test,2820,2839,40.14773178100586,10.608369827270508,0.7554101347923279,1.2728780508041382
dense_20f_stride10:1796b943-caad-43c6-b9bd-80b8d601f37d__ep1:qa:273,1796b943-caad-43c6-b9bd-80b8d601f37d__ep1,ep1,test,2830,2849,40.185726165771484,10.432075500488281,0.7737508416175842,1.3080878257751465
dense_20f_stride10:1796b943-caad-43c6-b9bd-80b8d601f37d__ep1:qa:274,1796b943-caad-43c6-b9bd-80b8d601f37d__ep1,ep1,test,2840,2859,40.25389862060547,10.046976089477539,0.7939432263374329,1.3414132595062256
dense_20f_stride10:1796b943-caad-43c6-b9bd-80b8d601f37d__ep1:qa:275,1796b943-caad-43c6-b9bd-80b8d601f37d__ep1,ep1,test,2850,2869,40.41278839111328,11.159445762634277,0.7415147423744202,1.2671054601669312
dense_20f_stride10:1796b943-caad-43c6-b9bd-80b8d601f37d__ep1:qa:276,1796b943-caad-43c6-b9bd-80b8d601f37d__ep1,ep1,test,2860,2879,40.63914489746094,11.185556411743164,0.7426053285598755,1.2765711545944214
dense_20f_stride10:1796b943-caad-43c6-b9bd-80b8d601f37d__ep1:qa:277,1796b943-caad-43c6-b9bd-80b8d601f37d__ep1,ep1,test,2870,2889,40.66950988769531,10.887975692749023,0.7565827965736389,1.2930221557617188
dense_20f_stride10:1796b943-caad-43c6-b9bd-80b8d601f37d__ep1:qa:278,1796b943-caad-43c6-b9bd-80b8d601f37d__ep1,ep1,test,2880,2899,40.71159362792969,10.164251327514648,0.7650489807128906,1.297471523284912
dense_20f_stride10:1796b943-caad-43c6-b9bd-80b8d601f37d__ep1:qa:279,1796b943-caad-43c6-b9bd-80b8d601f37d__ep1,ep1,test,2890,2909,40.526710510253906,10.408409118652344,0.7838078737258911,1.329203486442566
dense_20f_stride10:ba18b7c1-21ff-45da-8452-41acce7fc8de__ep2:qa:0,ba18b7c1-21ff-45da-8452-41acce7fc8de__ep2,ep2,test,0,19,0.0,11.679741859436035,0.17903919517993927,0.3932773470878601
dense_20f_stride10:ba18b7c1-21ff-45da-8452-41acce7fc8de__ep2:qa:1,ba18b7c1-21ff-45da-8452-41acce7fc8de__ep2,ep2,test,10,29,0.0,10.931143760681152,0.1733173131942749,0.3680707812309265
dense_20f_stride10:ba18b7c1-21ff-45da-8452-41acce7fc8de__ep2:qa:2,ba18b7c1-21ff-45da-8452-41acce7fc8de__ep2,ep2,test,20,39,0.0,10.122437477111816,0.1658187210559845,0.3408401906490326
dense_20f_stride10:ba18b7c1-21ff-45da-8452-41acce7fc8de__ep2:qa:3,ba18b7c1-21ff-45da-8452-41acce7fc8de__ep2,ep2,test,30,49,0.0,10.36343765258789,0.16810470819473267,0.34895509481430054
dense_20f_stride10:ba18b7c1-21ff-45da-8452-41acce7fc8de__ep2:qa:4,ba18b7c1-21ff-45da-8452-41acce7fc8de__ep2,ep2,test,40,59,0.0,9.770162582397461,0.16020077466964722,0.3289784789085388
dense_20f_stride10:ba18b7c1-21ff-45da-8452-41acce7fc8de__ep2:qa:5,ba18b7c1-21ff-45da-8452-41acce7fc8de__ep2,ep2,test,50,69,0.0,9.880034446716309,0.16250191628932953,0.33267804980278015
dense_20f_stride10:ba18b7c1-21ff-45da-8452-41acce7fc8de__ep2:qa:6,ba18b7c1-21ff-45da-8452-41acce7fc8de__ep2,ep2,test,60,79,0.0,11.063770294189453,0.17406177520751953,0.3725365102291107
dense_20f_stride10:ba18b7c1-21ff-45da-8452-41acce7fc8de__ep2:qa:7,ba18b7c1-21ff-45da-8452-41acce7fc8de__ep2,ep2,test,70,89,0.0,10.653219223022461,0.1702270805835724,0.3587125539779663
dense_20f_stride10:ba18b7c1-21ff-45da-8452-41acce7fc8de__ep2:qa:8,ba18b7c1-21ff-45da-8452-41acce7fc8de__ep2,ep2,test,80,99,0.0,10.716963768005371,0.17308707535266876,0.3608589470386505
dense_20f_stride10:ba18b7c1-21ff-45da-8452-41acce7fc8de__ep2:qa:9,ba18b7c1-21ff-45da-8452-41acce7fc8de__ep2,ep2,test,90,109,0.0,10.861708641052246,0.17152763903141022,0.3657327890396118
dense_20f_stride10:ba18b7c1-21ff-45da-8452-41acce7fc8de__ep2:qa:10,ba18b7c1-21ff-45da-8452-41acce7fc8de__ep2,ep2,test,100,119,0.0,9.374170303344727,0.18109385669231415,0.3156447112560272
dense_20f_stride10:ba18b7c1-21ff-45da-8452-41acce7fc8de__ep2:qa:11,ba18b7c1-21ff-45da-8452-41acce7fc8de__ep2,ep2,test,110,129,0.0,9.581713676452637,0.17771083116531372,0.3226330578327179
dense_20f_stride10:ba18b7c1-21ff-45da-8452-41acce7fc8de__ep2:qa:12,ba18b7c1-21ff-45da-8452-41acce7fc8de__ep2,ep2,test,120,139,0.0,11.257253646850586,0.18152658641338348,0.37905144691467285
dense_20f_stride10:ba18b7c1-21ff-45da-8452-41acce7fc8de__ep2:qa:13,ba18b7c1-21ff-45da-8452-41acce7fc8de__ep2,ep2,test,130,149,0.0,11.66622543334961,0.1799180805683136,0.3928222358226776
dense_20f_stride10:ba18b7c1-21ff-45da-8452-41acce7fc8de__ep2:qa:79,ba18b7c1-21ff-45da-8452-41acce7fc8de__ep2,ep2,test,800,819,16.362138748168945,12.047432899475098,0.23321907222270966,0.3906363546848297
dense_20f_stride10:ba18b7c1-21ff-45da-8452-41acce7fc8de__ep2:qa:80,ba18b7c1-21ff-45da-8452-41acce7fc8de__ep2,ep2,test,810,829,16.532365798950195,11.800264358520508,0.2304627150297165,0.3874850273132324
dense_20f_stride10:ba18b7c1-21ff-45da-8452-41acce7fc8de__ep2:qa:81,ba18b7c1-21ff-45da-8452-41acce7fc8de__ep2,ep2,test,820,839,16.700363159179688,11.67601490020752,0.23068645596504211,0.3952157199382782
dense_20f_stride10:ba18b7c1-21ff-45da-8452-41acce7fc8de__ep2:qa:82,ba18b7c1-21ff-45da-8452-41acce7fc8de__ep2,ep2,test,830,849,16.801450729370117,11.719252586364746,0.23011769354343414,0.3997817635536194
dense_20f_stride10:ba18b7c1-21ff-45da-8452-41acce7fc8de__ep2:qa:83,ba18b7c1-21ff-45da-8452-41acce7fc8de__ep2,ep2,test,840,859,16.863609313964844,11.785943031311035,0.22727634012699127,0.39714211225509644
dense_20f_stride10:ba18b7c1-21ff-45da-8452-41acce7fc8de__ep2:qa:84,ba18b7c1-21ff-45da-8452-41acce7fc8de__ep2,ep2,test,850,869,16.827356338500977,11.834294319152832,0.22902801632881165,0.40001970529556274
dense_20f_stride10:ba18b7c1-21ff-45da-8452-41acce7fc8de__ep2:qa:85,ba18b7c1-21ff-45da-8452-41acce7fc8de__ep2,ep2,test,860,879,16.813446044921875,11.89942741394043,0.22985634207725525,0.3997279703617096
dense_20f_stride10:ba18b7c1-21ff-45da-8452-41acce7fc8de__ep2:qa:86,ba18b7c1-21ff-45da-8452-41acce7fc8de__ep2,ep2,test,870,889,16.802581787109375,11.85788631439209,0.22624239325523376,0.39444682002067566
dense_20f_stride10:ba18b7c1-21ff-45da-8452-41acce7fc8de__ep2:qa:87,ba18b7c1-21ff-45da-8452-41acce7fc8de__ep2,ep2,test,880,899,16.761201858520508,11.865418434143066,0.22380433976650238,0.39032286405563354
dense_20f_stride10:ba18b7c1-21ff-45da-8452-41acce7fc8de__ep2:qa:88,ba18b7c1-21ff-45da-8452-41acce7fc8de__ep2,ep2,test,890,909,16.669048309326172,11.912078857421875,0.22703316807746887,0.3904707729816437
dense_20f_stride10:ba18b7c1-21ff-45da-8452-41acce7fc8de__ep2:qa:89,ba18b7c1-21ff-45da-8452-41acce7fc8de__ep2,ep2,test,900,919,16.577125549316406,11.895537376403809,0.22921974956989288,0.39235585927963257
dense_20f_stride10:ba18b7c1-21ff-45da-8452-41acce7fc8de__ep2:qa:90,ba18b7c1-21ff-45da-8452-41acce7fc8de__ep2,ep2,test,910,929,16.531658172607422,11.886113166809082,0.22835248708724976,0.39228957891464233
dense_20f_stride10:ba18b7c1-21ff-45da-8452-41acce7fc8de__ep2:qa:91,ba18b7c1-21ff-45da-8452-41acce7fc8de__ep2,ep2,test,920,939,16.53384017944336,11.91301155090332,0.22598405182361603,0.3874499499797821
dense_20f_stride10:ba18b7c1-21ff-45da-8452-41acce7fc8de__ep2:qa:92,ba18b7c1-21ff-45da-8452-41acce7fc8de__ep2,ep2,test,930,949,16.544145584106445,11.843781471252441,0.22586973011493683,0.38669517636299133
dense_20f_stride10:ba18b7c1-21ff-45da-8452-41acce7fc8de__ep2:qa:118,ba18b7c1-21ff-45da-8452-41acce7fc8de__ep2,ep2,test,1200,1219,16.67010498046875,11.57225513458252,0.22036296129226685,0.3846350610256195
dense_20f_stride10:ba18b7c1-21ff-45da-8452-41acce7fc8de__ep2:qa:119,ba18b7c1-21ff-45da-8452-41acce7fc8de__ep2,ep2,test,1210,1229,16.343772888183594,11.61725902557373,0.21936394274234772,0.3743520677089691
dense_20f_stride10:ba18b7c1-21ff-45da-8452-41acce7fc8de__ep2:qa:120,ba18b7c1-21ff-45da-8452-41acce7fc8de__ep2,ep2,test,1220,1239,16.130023956298828,11.67304801940918,0.20174150168895721,0.3457213044166565
dense_20f_stride10:ba18b7c1-21ff-45da-8452-41acce7fc8de__ep2:qa:121,ba18b7c1-21ff-45da-8452-41acce7fc8de__ep2,ep2,test,1230,1249,16.58428382873535,10.46505069732666,0.21600684523582458,0.35860785841941833
dense_20f_stride10:ba18b7c1-21ff-45da-8452-41acce7fc8de__ep2:qa:122,ba18b7c1-21ff-45da-8452-41acce7fc8de__ep2,ep2,test,1240,1259,16.406831741333008,9.044463157653809,0.23624373972415924,0.37450218200683594
dense_20f_stride10:ba18b7c1-21ff-45da-8452-41acce7fc8de__ep2:qa:123,ba18b7c1-21ff-45da-8452-41acce7fc8de__ep2,ep2,test,1250,1269,16.20172882080078,9.725852966308594,0.2550337612628937,0.4145227372646332
dense_20f_stride10:ba18b7c1-21ff-45da-8452-41acce7fc8de__ep2:qa:124,ba18b7c1-21ff-45da-8452-41acce7fc8de__ep2,ep2,test,1260,1279,12.242973327636719,11.240508079528809,0.27885761857032776,0.40591001510620117
dense_20f_stride10:ba18b7c1-21ff-45da-8452-41acce7fc8de__ep2:qa:125,ba18b7c1-21ff-45da-8452-41acce7fc8de__ep2,ep2,test,1270,1289,13.668471336364746,11.118243217468262,0.29513612389564514,0.4228283166885376
dense_20f_stride10:ba18b7c1-21ff-45da-8452-41acce7fc8de__ep2:qa:126,ba18b7c1-21ff-45da-8452-41acce7fc8de__ep2,ep2,test,1280,1299,16.566572189331055,11.138570785522461,0.29998335242271423,0.4556904733181
dense_20f_stride10:ba18b7c1-21ff-45da-8452-41acce7fc8de__ep2:qa:127,ba18b7c1-21ff-45da-8452-41acce7fc8de__ep2,ep2,test,1290,1309,17.620906829833984,11.160417556762695,0.2805767059326172,0.4768345355987549
dense_20f_stride10:ba18b7c1-21ff-45da-8452-41acce7fc8de__ep2:qa:128,ba18b7c1-21ff-45da-8452-41acce7fc8de__ep2,ep2,test,1300,1319,17.5941162109375,11.174644470214844,0.2788025140762329,0.47441384196281433
dense_20f_stride10:ba18b7c1-21ff-45da-8452-41acce7fc8de__ep2:qa:129,ba18b7c1-21ff-45da-8452-41acce7fc8de__ep2,ep2,test,1310,1329,17.533557891845703,11.173905372619629,0.2749492824077606,0.4685903489589691
dense_20f_stride10:ba18b7c1-21ff-45da-8452-41acce7fc8de__ep2:qa:130,ba18b7c1-21ff-45da-8452-41acce7fc8de__ep2,ep2,test,1320,1339,18.36800193786621,9.907371520996094,0.2882639467716217,0.4500487446784973
dense_20f_stride10:ba18b7c1-21ff-45da-8452-41acce7fc8de__ep2:qa:131,ba18b7c1-21ff-45da-8452-41acce7fc8de__ep2,ep2,test,1330,1349,18.3402099609375,10.200006484985352,0.27437230944633484,0.42596662044525146
dense_20f_stride10:ba18b7c1-21ff-45da-8452-41acce7fc8de__ep2:qa:177,ba18b7c1-21ff-45da-8452-41acce7fc8de__ep2,ep2,test,1800,1819,16.557193756103516,11.799145698547363,0.22512765228748322,0.38365766406059265
dense_20f_stride10:ba18b7c1-21ff-45da-8452-41acce7fc8de__ep2:qa:178,ba18b7c1-21ff-45da-8452-41acce7fc8de__ep2,ep2,test,1810,1829,16.645156860351562,11.90966510772705,0.22961075603961945,0.3892870247364044
dense_20f_stride10:ba18b7c1-21ff-45da-8452-41acce7fc8de__ep2:qa:179,ba18b7c1-21ff-45da-8452-41acce7fc8de__ep2,ep2,test,1820,1839,16.721723556518555,11.963807106018066,0.2287812978029251,0.3904990255832672
dense_20f_stride10:ba18b7c1-21ff-45da-8452-41acce7fc8de__ep2:qa:180,ba18b7c1-21ff-45da-8452-41acce7fc8de__ep2,ep2,test,1830,1849,16.7347354888916,11.965693473815918,0.2297971248626709,0.3931037485599518
dense_20f_stride10:ba18b7c1-21ff-45da-8452-41acce7fc8de__ep2:qa:181,ba18b7c1-21ff-45da-8452-41acce7fc8de__ep2,ep2,test,1840,1859,16.682844161987305,12.007038116455078,0.2336244136095047,0.3952355980873108
dense_20f_stride10:ba18b7c1-21ff-45da-8452-41acce7fc8de__ep2:qa:182,ba18b7c1-21ff-45da-8452-41acce7fc8de__ep2,ep2,test,1850,1869,16.672109603881836,11.959165573120117,0.2339475154876709,0.3978903293609619
dense_20f_stride10:ba18b7c1-21ff-45da-8452-41acce7fc8de__ep2:qa:183,ba18b7c1-21ff-45da-8452-41acce7fc8de__ep2,ep2,test,1860,1879,16.703107833862305,11.882309913635254,0.23329128324985504,0.3980132043361664
dense_20f_stride10:ba18b7c1-21ff-45da-8452-41acce7fc8de__ep2:qa:184,ba18b7c1-21ff-45da-8452-41acce7fc8de__ep2,ep2,test,1870,1889,16.741016387939453,11.857714653015137,0.22942222654819489,0.39455658197402954
dense_20f_stride10:ba18b7c1-21ff-45da-8452-41acce7fc8de__ep2:qa:185,ba18b7c1-21ff-45da-8452-41acce7fc8de__ep2,ep2,test,1880,1899,16.782676696777344,11.839212417602539,0.2255089282989502,0.391834020614624
dense_20f_stride10:ba18b7c1-21ff-45da-8452-41acce7fc8de__ep2:qa:186,ba18b7c1-21ff-45da-8452-41acce7fc8de__ep2,ep2,test,1890,1909,16.82315444946289,11.920387268066406,0.22724203765392303,0.39445799589157104
dense_20f_stride10:ba18b7c1-21ff-45da-8452-41acce7fc8de__ep2:qa:187,ba18b7c1-21ff-45da-8452-41acce7fc8de__ep2,ep2,test,1900,1919,16.818889617919922,11.836102485656738,0.2267528474330902,0.3937278389930725
dense_20f_stride10:ba18b7c1-21ff-45da-8452-41acce7fc8de__ep2:qa:188,ba18b7c1-21ff-45da-8452-41acce7fc8de__ep2,ep2,test,1910,1929,16.877214431762695,11.77730655670166,0.22894379496574402,0.39605697989463806
dense_20f_stride10:ba18b7c1-21ff-45da-8452-41acce7fc8de__ep2:qa:189,ba18b7c1-21ff-45da-8452-41acce7fc8de__ep2,ep2,test,1920,1939,16.839799880981445,11.666749000549316,0.22662191092967987,0.39534899592399597
dense_20f_stride10:ba18b7c1-21ff-45da-8452-41acce7fc8de__ep2:qa:190,ba18b7c1-21ff-45da-8452-41acce7fc8de__ep2,ep2,test,1930,1949,16.721593856811523,11.71671199798584,0.22747685015201569,0.3954553008079529
dense_20f_stride10:ba18b7c1-21ff-45da-8452-41acce7fc8de__ep2:qa:288,ba18b7c1-21ff-45da-8452-41acce7fc8de__ep2,ep2,test,2920,2939,17.220947265625,11.732739448547363,0.23663921654224396,0.4090173542499542
dense_20f_stride10:ba18b7c1-21ff-45da-8452-41acce7fc8de__ep2:qa:289,ba18b7c1-21ff-45da-8452-41acce7fc8de__ep2,ep2,test,2930,2949,17.370569229125977,11.140100479125977,0.23912256956100464,0.4146270751953125
dense_20f_stride10:ba18b7c1-21ff-45da-8452-41acce7fc8de__ep2:qa:290,ba18b7c1-21ff-45da-8452-41acce7fc8de__ep2,ep2,test,2940,2959,17.478118896484375,11.62082290649414,0.24367427825927734,0.4419148564338684
dense_20f_stride10:ba18b7c1-21ff-45da-8452-41acce7fc8de__ep2:qa:291,ba18b7c1-21ff-45da-8452-41acce7fc8de__ep2,ep2,test,2950,2969,17.395597457885742,12.07386302947998,0.22635255753993988,0.4110247492790222
dense_20f_stride10:ba18b7c1-21ff-45da-8452-41acce7fc8de__ep2:qa:292,ba18b7c1-21ff-45da-8452-41acce7fc8de__ep2,ep2,test,2960,2979,17.25108528137207,12.299477577209473,0.22661127150058746,0.4067341089248657
dense_20f_stride10:ba18b7c1-21ff-45da-8452-41acce7fc8de__ep2:qa:293,ba18b7c1-21ff-45da-8452-41acce7fc8de__ep2,ep2,test,2970,2989,17.253786087036133,12.306290626525879,0.23123064637184143,0.41369524598121643
dense_20f_stride10:ba18b7c1-21ff-45da-8452-41acce7fc8de__ep2:qa:294,ba18b7c1-21ff-45da-8452-41acce7fc8de__ep2,ep2,test,2980,2999,17.372222900390625,12.085458755493164,0.23077447712421417,0.4170585870742798
dense_20f_stride10:ba18b7c1-21ff-45da-8452-41acce7fc8de__ep2:qa:295,ba18b7c1-21ff-45da-8452-41acce7fc8de__ep2,ep2,test,2990,3009,17.584808349609375,11.745488166809082,0.24292433261871338,0.4365651607513428
dense_20f_stride10:ba18b7c1-21ff-45da-8452-41acce7fc8de__ep2:qa:296,ba18b7c1-21ff-45da-8452-41acce7fc8de__ep2,ep2,test,3000,3019,17.53434181213379,11.574803352355957,0.24839112162590027,0.452698290348053
dense_20f_stride10:ba18b7c1-21ff-45da-8452-41acce7fc8de__ep2:qa:297,ba18b7c1-21ff-45da-8452-41acce7fc8de__ep2,ep2,test,3010,3029,17.36224365234375,11.864442825317383,0.26217564940452576,0.4726177752017975
dense_20f_stride10:ba18b7c1-21ff-45da-8452-41acce7fc8de__ep2:qa:298,ba18b7c1-21ff-45da-8452-41acce7fc8de__ep2,ep2,test,3020,3039,17.225341796875,11.957508087158203,0.23727922141551971,0.41398075222969055
dense_20f_stride10:ba18b7c1-21ff-45da-8452-41acce7fc8de__ep2:qa:299,ba18b7c1-21ff-45da-8452-41acce7fc8de__ep2,ep2,test,3030,3049,17.23122787475586,12.119841575622559,0.24143129587173462,0.41893279552459717
dense_20f_stride10:ba18b7c1-21ff-45da-8452-41acce7fc8de__ep2:qa:300,ba18b7c1-21ff-45da-8452-41acce7fc8de__ep2,ep2,test,3040,3059,17.23941993713379,12.199162483215332,0.24264569580554962,0.42048144340515137
dense_20f_stride10:ba18b7c1-21ff-45da-8452-41acce7fc8de__ep2:qa:335,ba18b7c1-21ff-45da-8452-41acce7fc8de__ep2,ep2,test,3400,3419,16.92337989807129,11.514833450317383,0.22719541192054749,0.4022996723651886
dense_20f_stride10:ba18b7c1-21ff-45da-8452-41acce7fc8de__ep2:qa:336,ba18b7c1-21ff-45da-8452-41acce7fc8de__ep2,ep2,test,3410,3429,17.061227798461914,11.968999862670898,0.22821149230003357,0.39355069398880005
dense_20f_stride10:ba18b7c1-21ff-45da-8452-41acce7fc8de__ep2:qa:337,ba18b7c1-21ff-45da-8452-41acce7fc8de__ep2,ep2,test,3420,3439,17.004610061645508,12.3247709274292,0.2379504293203354,0.40392225980758667
dense_20f_stride10:ba18b7c1-21ff-45da-8452-41acce7fc8de__ep2:qa:338,ba18b7c1-21ff-45da-8452-41acce7fc8de__ep2,ep2,test,3430,3449,17.0423526763916,12.33205509185791,0.24093399941921234,0.4090672433376312
dense_20f_stride10:ba18b7c1-21ff-45da-8452-41acce7fc8de__ep2:qa:339,ba18b7c1-21ff-45da-8452-41acce7fc8de__ep2,ep2,test,3440,3459,17.047283172607422,12.210474967956543,0.23754583299160004,0.4085555374622345
dense_20f_stride10:ba18b7c1-21ff-45da-8452-41acce7fc8de__ep2:qa:340,ba18b7c1-21ff-45da-8452-41acce7fc8de__ep2,ep2,test,3450,3469,17.00370979309082,12.130646705627441,0.23878562450408936,0.4075990319252014
dense_20f_stride10:ba18b7c1-21ff-45da-8452-41acce7fc8de__ep2:qa:341,ba18b7c1-21ff-45da-8452-41acce7fc8de__ep2,ep2,test,3460,3479,17.11416244506836,12.039057731628418,0.25066640973091125,0.4223928153514862
dense_20f_stride10:ba18b7c1-21ff-45da-8452-41acce7fc8de__ep2:qa:342,ba18b7c1-21ff-45da-8452-41acce7fc8de__ep2,ep2,test,3470,3489,17.08637237548828,11.999479293823242,0.24923889338970184,0.42573171854019165
dense_20f_stride10:ba18b7c1-21ff-45da-8452-41acce7fc8de__ep2:qa:343,ba18b7c1-21ff-45da-8452-41acce7fc8de__ep2,ep2,test,3480,3499,16.997703552246094,11.819220542907715,0.2402069866657257,0.41130924224853516
dense_20f_stride10:ba18b7c1-21ff-45da-8452-41acce7fc8de__ep2:qa:344,ba18b7c1-21ff-45da-8452-41acce7fc8de__ep2,ep2,test,3490,3509,16.98436737060547,11.822608947753906,0.2417295128107071,0.41168004274368286
dense_20f_stride10:ba18b7c1-21ff-45da-8452-41acce7fc8de__ep2:qa:345,ba18b7c1-21ff-45da-8452-41acce7fc8de__ep2,ep2,test,3500,3519,17.019248962402344,11.73129940032959,0.234130397439003,0.4047684669494629
dense_20f_stride10:ba18b7c1-21ff-45da-8452-41acce7fc8de__ep2:qa:346,ba18b7c1-21ff-45da-8452-41acce7fc8de__ep2,ep2,test,3510,3529,16.89345932006836,11.623502731323242,0.23016710579395294,0.39599645137786865
dense_20f_stride10:ba18b7c1-21ff-45da-8452-41acce7fc8de__ep2:qa:347,ba18b7c1-21ff-45da-8452-41acce7fc8de__ep2,ep2,test,3520,3539,16.74091911315918,11.708992958068848,0.23536138236522675,0.4019065797328949
dense_20f_stride10:ba18b7c1-21ff-45da-8452-41acce7fc8de__ep2:qa:348,ba18b7c1-21ff-45da-8452-41acce7fc8de__ep2,ep2,test,3530,3549,16.58739471435547,11.935315132141113,0.24074310064315796,0.40729284286499023
dense_20f_stride10:ba18b7c1-21ff-45da-8452-41acce7fc8de__ep2:qa:474,ba18b7c1-21ff-45da-8452-41acce7fc8de__ep2,ep2,test,4800,4819,16.550209045410156,12.102301597595215,0.24640323221683502,0.4111346900463104
dense_20f_stride10:ba18b7c1-21ff-45da-8452-41acce7fc8de__ep2:qa:475,ba18b7c1-21ff-45da-8452-41acce7fc8de__ep2,ep2,test,4810,4829,16.634857177734375,11.965126037597656,0.2394719272851944,0.40599480271339417
dense_20f_stride10:ba18b7c1-21ff-45da-8452-41acce7fc8de__ep2:qa:476,ba18b7c1-21ff-45da-8452-41acce7fc8de__ep2,ep2,test,4820,4839,16.66329574584961,12.022479057312012,0.24508509039878845,0.410812109708786
dense_20f_stride10:ba18b7c1-21ff-45da-8452-41acce7fc8de__ep2:qa:477,ba18b7c1-21ff-45da-8452-41acce7fc8de__ep2,ep2,test,4830,4849,16.693052291870117,12.091017723083496,0.2498616725206375,0.4161115884780884
dense_20f_stride10:ba18b7c1-21ff-45da-8452-41acce7fc8de__ep2:qa:478,ba18b7c1-21ff-45da-8452-41acce7fc8de__ep2,ep2,test,4840,4859,16.697917938232422,12.054496765136719,0.2484758049249649,0.4151240289211273
dense_20f_stride10:ba18b7c1-21ff-45da-8452-41acce7fc8de__ep2:qa:479,ba18b7c1-21ff-45da-8452-41acce7fc8de__ep2,ep2,test,4850,4869,16.662263870239258,12.02610969543457,0.25080686807632446,0.4182266891002655
dense_20f_stride10:ba18b7c1-21ff-45da-8452-41acce7fc8de__ep2:qa:480,ba18b7c1-21ff-45da-8452-41acce7fc8de__ep2,ep2,test,4860,4879,16.588951110839844,12.043949127197266,0.24957387149333954,0.41606804728507996
dense_20f_stride10:ba18b7c1-21ff-45da-8452-41acce7fc8de__ep2:qa:481,ba18b7c1-21ff-45da-8452-41acce7fc8de__ep2,ep2,test,4870,4889,16.576274871826172,12.08396053314209,0.24635349214076996,0.4122043550014496
dense_20f_stride10:ba18b7c1-21ff-45da-8452-41acce7fc8de__ep2:qa:482,ba18b7c1-21ff-45da-8452-41acce7fc8de__ep2,ep2,test,4880,4899,16.52773094177246,12.130799293518066,0.24823525547981262,0.4118032157421112
dense_20f_stride10:ba18b7c1-21ff-45da-8452-41acce7fc8de__ep2:qa:483,ba18b7c1-21ff-45da-8452-41acce7fc8de__ep2,ep2,test,4890,4909,16.451152801513672,12.147747993469238,0.2504148483276367,0.4152431786060333
dense_20f_stride10:ba18b7c1-21ff-45da-8452-41acce7fc8de__ep2:qa:484,ba18b7c1-21ff-45da-8452-41acce7fc8de__ep2,ep2,test,4900,4919,16.427234649658203,12.190763473510742,0.24970705807209015,0.4135105609893799
dense_20f_stride10:ba18b7c1-21ff-45da-8452-41acce7fc8de__ep2:qa:485,ba18b7c1-21ff-45da-8452-41acce7fc8de__ep2,ep2,test,4910,4929,16.486738204956055,12.151298522949219,0.24588462710380554,0.4092238247394562
dense_20f_stride10:ba18b7c1-21ff-45da-8452-41acce7fc8de__ep2:qa:486,ba18b7c1-21ff-45da-8452-41acce7fc8de__ep2,ep2,test,4920,4939,16.573341369628906,11.916393280029297,0.2422807514667511,0.4075005054473877
dense_20f_stride10:b6579cb5-0a71-4ca6-8808-1e2700be05c7__ep3:qa:0,b6579cb5-0a71-4ca6-8808-1e2700be05c7__ep3,ep3,test,0,19,13.211688995361328,11.123960494995117,0.05474765971302986,0.08334426581859589
dense_20f_stride10:b6579cb5-0a71-4ca6-8808-1e2700be05c7__ep3:qa:1,b6579cb5-0a71-4ca6-8808-1e2700be05c7__ep3,ep3,test,10,29,12.973153114318848,11.048426628112793,0.05217244103550911,0.08038865029811859
dense_20f_stride10:b6579cb5-0a71-4ca6-8808-1e2700be05c7__ep3:qa:2,b6579cb5-0a71-4ca6-8808-1e2700be05c7__ep3,ep3,test,20,39,12.615427017211914,11.585470199584961,0.03487590700387955,0.050543565303087234
dense_20f_stride10:b6579cb5-0a71-4ca6-8808-1e2700be05c7__ep3:qa:3,b6579cb5-0a71-4ca6-8808-1e2700be05c7__ep3,ep3,test,30,49,12.436500549316406,11.727739334106445,0.025844920426607132,0.039423275738954544
dense_20f_stride10:b6579cb5-0a71-4ca6-8808-1e2700be05c7__ep3:qa:4,b6579cb5-0a71-4ca6-8808-1e2700be05c7__ep3,ep3,test,40,59,12.418172836303711,11.594514846801758,0.021974338218569756,0.0383816659450531
dense_20f_stride10:b6579cb5-0a71-4ca6-8808-1e2700be05c7__ep3:qa:27,b6579cb5-0a71-4ca6-8808-1e2700be05c7__ep3,ep3,test,280,299,13.755790710449219,9.359166145324707,0.11153955012559891,0.17979390919208527
dense_20f_stride10:b6579cb5-0a71-4ca6-8808-1e2700be05c7__ep3:qa:28,b6579cb5-0a71-4ca6-8808-1e2700be05c7__ep3,ep3,test,290,309,12.902806282043457,9.116395950317383,0.082993283867836,0.14445233345031738
dense_20f_stride10:b6579cb5-0a71-4ca6-8808-1e2700be05c7__ep3:qa:29,b6579cb5-0a71-4ca6-8808-1e2700be05c7__ep3,ep3,test,300,319,12.94891357421875,9.25070858001709,0.10541722923517227,0.1580468714237213
dense_20f_stride10:b6579cb5-0a71-4ca6-8808-1e2700be05c7__ep3:qa:30,b6579cb5-0a71-4ca6-8808-1e2700be05c7__ep3,ep3,test,310,329,13.81682014465332,8.40177059173584,0.13081885874271393,0.20402057468891144
dense_20f_stride10:b6579cb5-0a71-4ca6-8808-1e2700be05c7__ep3:qa:31,b6579cb5-0a71-4ca6-8808-1e2700be05c7__ep3,ep3,test,320,339,13.96490478515625,10.243643760681152,0.09223837405443192,0.15231946110725403
dense_20f_stride10:b6579cb5-0a71-4ca6-8808-1e2700be05c7__ep3:qa:98,b6579cb5-0a71-4ca6-8808-1e2700be05c7__ep3,ep3,test,1000,1019,12.715638160705566,11.739507675170898,0.03747285157442093,0.06234452873468399
dense_20f_stride10:b6579cb5-0a71-4ca6-8808-1e2700be05c7__ep3:qa:99,b6579cb5-0a71-4ca6-8808-1e2700be05c7__ep3,ep3,test,1010,1029,12.59005069732666,11.601953506469727,0.03733642399311066,0.0601801760494709
dense_20f_stride10:b6579cb5-0a71-4ca6-8808-1e2700be05c7__ep3:qa:100,b6579cb5-0a71-4ca6-8808-1e2700be05c7__ep3,ep3,test,1020,1039,12.431342124938965,11.257392883300781,0.060723863542079926,0.08523964136838913
dense_20f_stride10:b6579cb5-0a71-4ca6-8808-1e2700be05c7__ep3:qa:101,b6579cb5-0a71-4ca6-8808-1e2700be05c7__ep3,ep3,test,1030,1049,12.446004867553711,10.922795295715332,0.06266184151172638,0.08830896019935608
dense_20f_stride10:b6579cb5-0a71-4ca6-8808-1e2700be05c7__ep3:qa:102,b6579cb5-0a71-4ca6-8808-1e2700be05c7__ep3,ep3,test,1040,1059,12.461360931396484,12.001073837280273,0.034482769668102264,0.054083578288555145
dense_20f_stride10:b6579cb5-0a71-4ca6-8808-1e2700be05c7__ep3:qa:196,b6579cb5-0a71-4ca6-8808-1e2700be05c7__ep3,ep3,test,2000,2019,13.361989974975586,10.761436462402344,0.07521240413188934,0.11265741288661957
dense_20f_stride10:b6579cb5-0a71-4ca6-8808-1e2700be05c7__ep3:qa:197,b6579cb5-0a71-4ca6-8808-1e2700be05c7__ep3,ep3,test,2010,2029,13.265052795410156,10.621040344238281,0.07552530616521835,0.10916954278945923
dense_20f_stride10:b6579cb5-0a71-4ca6-8808-1e2700be05c7__ep3:qa:198,b6579cb5-0a71-4ca6-8808-1e2700be05c7__ep3,ep3,test,2020,2039,12.964879989624023,11.311416625976562,0.07694759964942932,0.10643932968378067
dense_20f_stride10:b6579cb5-0a71-4ca6-8808-1e2700be05c7__ep3:qa:199,b6579cb5-0a71-4ca6-8808-1e2700be05c7__ep3,ep3,test,2030,2049,12.686057090759277,12.116341590881348,0.032610129565000534,0.049462202936410904
dense_20f_stride10:b6579cb5-0a71-4ca6-8808-1e2700be05c7__ep3:qa:200,b6579cb5-0a71-4ca6-8808-1e2700be05c7__ep3,ep3,test,2040,2059,12.618995666503906,12.026288986206055,0.033500414341688156,0.05532486364245415
dense_20f_stride10:b6579cb5-0a71-4ca6-8808-1e2700be05c7__ep3:qa:201,b6579cb5-0a71-4ca6-8808-1e2700be05c7__ep3,ep3,test,2050,2069,12.5518798828125,11.960088729858398,0.03670112416148186,0.06092703714966774
dense_20f_stride10:b6579cb5-0a71-4ca6-8808-1e2700be05c7__ep3:qa:235,b6579cb5-0a71-4ca6-8808-1e2700be05c7__ep3,ep3,test,2400,2419,13.085563659667969,11.905749320983887,0.0774647668004036,0.12382946908473969
dense_20f_stride10:b6579cb5-0a71-4ca6-8808-1e2700be05c7__ep3:qa:236,b6579cb5-0a71-4ca6-8808-1e2700be05c7__ep3,ep3,test,2410,2429,13.422128677368164,11.573344230651855,0.07852267473936081,0.13534776866436005
dense_20f_stride10:b6579cb5-0a71-4ca6-8808-1e2700be05c7__ep3:qa:237,b6579cb5-0a71-4ca6-8808-1e2700be05c7__ep3,ep3,test,2420,2439,13.527138710021973,11.673558235168457,0.07973341643810272,0.1352328360080719
dense_20f_stride10:b6579cb5-0a71-4ca6-8808-1e2700be05c7__ep3:qa:238,b6579cb5-0a71-4ca6-8808-1e2700be05c7__ep3,ep3,test,2430,2449,13.044904708862305,11.363380432128906,0.10522042959928513,0.17041008174419403
dense_20f_stride10:b6579cb5-0a71-4ca6-8808-1e2700be05c7__ep3:qa:239,b6579cb5-0a71-4ca6-8808-1e2700be05c7__ep3,ep3,test,2440,2459,12.504462242126465,11.294767379760742,0.10168963670730591,0.1707209348678589
dense_20f_stride10:b6579cb5-0a71-4ca6-8808-1e2700be05c7__ep3:qa:250,b6579cb5-0a71-4ca6-8808-1e2700be05c7__ep3,ep3,test,2560,2579,12.606590270996094,10.438507080078125,0.07001540064811707,0.10284141451120377
dense_20f_stride10:b6579cb5-0a71-4ca6-8808-1e2700be05c7__ep3:qa:251,b6579cb5-0a71-4ca6-8808-1e2700be05c7__ep3,ep3,test,2570,2589,12.83284854888916,11.154180526733398,0.07074333727359772,0.09611839801073074
dense_20f_stride10:b6579cb5-0a71-4ca6-8808-1e2700be05c7__ep3:qa:252,b6579cb5-0a71-4ca6-8808-1e2700be05c7__ep3,ep3,test,2580,2599,13.117070198059082,11.527375221252441,0.05599866062402725,0.08302773535251617
dense_20f_stride10:b6579cb5-0a71-4ca6-8808-1e2700be05c7__ep3:qa:253,b6579cb5-0a71-4ca6-8808-1e2700be05c7__ep3,ep3,test,2590,2609,13.155762672424316,11.749004364013672,0.0484103187918663,0.07676386833190918
dense_20f_stride10:b6579cb5-0a71-4ca6-8808-1e2700be05c7__ep3:qa:254,b6579cb5-0a71-4ca6-8808-1e2700be05c7__ep3,ep3,test,2600,2619,13.140032768249512,11.867353439331055,0.04253473877906799,0.07114773243665695
dense_20f_stride10:b6579cb5-0a71-4ca6-8808-1e2700be05c7__ep3:qa:293,b6579cb5-0a71-4ca6-8808-1e2700be05c7__ep3,ep3,test,3000,3019,12.873064041137695,11.699814796447754,0.043170131742954254,0.06327898055315018
dense_20f_stride10:b6579cb5-0a71-4ca6-8808-1e2700be05c7__ep3:qa:294,b6579cb5-0a71-4ca6-8808-1e2700be05c7__ep3,ep3,test,3010,3029,12.894357681274414,11.736780166625977,0.04387802630662918,0.06348182260990143
dense_20f_stride10:b6579cb5-0a71-4ca6-8808-1e2700be05c7__ep3:qa:295,b6579cb5-0a71-4ca6-8808-1e2700be05c7__ep3,ep3,test,3020,3039,12.9362154006958,11.919191360473633,0.040119756013154984,0.05967782437801361
dense_20f_stride10:b6579cb5-0a71-4ca6-8808-1e2700be05c7__ep3:qa:296,b6579cb5-0a71-4ca6-8808-1e2700be05c7__ep3,ep3,test,3030,3049,12.771876335144043,11.159884452819824,0.044176071882247925,0.0692000761628151
dense_20f_stride10:b6579cb5-0a71-4ca6-8808-1e2700be05c7__ep3:qa:297,b6579cb5-0a71-4ca6-8808-1e2700be05c7__ep3,ep3,test,3040,3059,12.630021095275879,11.047877311706543,0.046878382563591,0.07024263590574265
dense_20f_stride10:b6579cb5-0a71-4ca6-8808-1e2700be05c7__ep3:qa:320,b6579cb5-0a71-4ca6-8808-1e2700be05c7__ep3,ep3,test,3280,3299,12.50998306274414,11.345258712768555,0.04582841321825981,0.06437978148460388
dense_20f_stride10:b6579cb5-0a71-4ca6-8808-1e2700be05c7__ep3:qa:321,b6579cb5-0a71-4ca6-8808-1e2700be05c7__ep3,ep3,test,3290,3309,12.510217666625977,11.6016263961792,0.04524257406592369,0.06415452063083649
dense_20f_stride10:b6579cb5-0a71-4ca6-8808-1e2700be05c7__ep3:qa:322,b6579cb5-0a71-4ca6-8808-1e2700be05c7__ep3,ep3,test,3300,3319,12.359088897705078,11.491169929504395,0.05118359997868538,0.07381688803434372
dense_20f_stride10:b6579cb5-0a71-4ca6-8808-1e2700be05c7__ep3:qa:323,b6579cb5-0a71-4ca6-8808-1e2700be05c7__ep3,ep3,test,3310,3329,12.418327331542969,11.836298942565918,0.06327393651008606,0.09483291953802109
dense_20f_stride10:b6579cb5-0a71-4ca6-8808-1e2700be05c7__ep3:qa:324,b6579cb5-0a71-4ca6-8808-1e2700be05c7__ep3,ep3,test,3320,3339,12.438735961914062,12.211498260498047,0.07782351225614548,0.13450615108013153
dense_20f_stride10:b6579cb5-0a71-4ca6-8808-1e2700be05c7__ep3:qa:351,b6579cb5-0a71-4ca6-8808-1e2700be05c7__ep3,ep3,test,3600,3619,14.433517456054688,11.622504234313965,0.072564035654068,0.11187363415956497
dense_20f_stride10:b6579cb5-0a71-4ca6-8808-1e2700be05c7__ep3:qa:352,b6579cb5-0a71-4ca6-8808-1e2700be05c7__ep3,ep3,test,3610,3629,14.431035995483398,11.580718994140625,0.07686681300401688,0.11882942914962769
dense_20f_stride10:b6579cb5-0a71-4ca6-8808-1e2700be05c7__ep3:qa:353,b6579cb5-0a71-4ca6-8808-1e2700be05c7__ep3,ep3,test,3620,3639,14.377360343933105,11.595727920532227,0.07491122931241989,0.11759228259325027
dense_20f_stride10:b6579cb5-0a71-4ca6-8808-1e2700be05c7__ep3:qa:354,b6579cb5-0a71-4ca6-8808-1e2700be05c7__ep3,ep3,test,3630,3649,14.415884017944336,11.86036205291748,0.07550899684429169,0.12350131571292877
dense_20f_stride10:b6579cb5-0a71-4ca6-8808-1e2700be05c7__ep3:qa:355,b6579cb5-0a71-4ca6-8808-1e2700be05c7__ep3,ep3,test,3640,3659,14.414579391479492,11.947461128234863,0.08062896132469177,0.1248469352722168
dense_20f_stride10:b6579cb5-0a71-4ca6-8808-1e2700be05c7__ep3:qa:390,b6579cb5-0a71-4ca6-8808-1e2700be05c7__ep3,ep3,test,4000,4019,13.473284721374512,11.711045265197754,0.05477236956357956,0.09068664163351059
dense_20f_stride10:b6579cb5-0a71-4ca6-8808-1e2700be05c7__ep3:qa:391,b6579cb5-0a71-4ca6-8808-1e2700be05c7__ep3,ep3,test,4010,4029,13.451383590698242,11.514554977416992,0.04772459343075752,0.08053465932607651
dense_20f_stride10:b6579cb5-0a71-4ca6-8808-1e2700be05c7__ep3:qa:392,b6579cb5-0a71-4ca6-8808-1e2700be05c7__ep3,ep3,test,4020,4039,13.345321655273438,11.739786148071289,0.046544335782527924,0.07649540156126022
dense_20f_stride10:b6579cb5-0a71-4ca6-8808-1e2700be05c7__ep3:qa:393,b6579cb5-0a71-4ca6-8808-1e2700be05c7__ep3,ep3,test,4030,4049,13.343486785888672,11.668950080871582,0.05735442787408829,0.08747519552707672
dense_20f_stride10:b6579cb5-0a71-4ca6-8808-1e2700be05c7__ep3:qa:394,b6579cb5-0a71-4ca6-8808-1e2700be05c7__ep3,ep3,test,4040,4059,13.312952995300293,11.636483192443848,0.05698418244719505,0.08365806937217712
dense_20f_stride10:b6579cb5-0a71-4ca6-8808-1e2700be05c7__ep3:qa:395,b6579cb5-0a71-4ca6-8808-1e2700be05c7__ep3,ep3,test,4050,4069,13.239303588867188,11.80972671508789,0.04623624309897423,0.0762627050280571
dense_20f_stride10:b6579cb5-0a71-4ca6-8808-1e2700be05c7__ep3:qa:413,b6579cb5-0a71-4ca6-8808-1e2700be05c7__ep3,ep3,test,4240,4259,13.22288703918457,12.25119686126709,0.050093844532966614,0.0797298401594162
dense_20f_stride10:b6579cb5-0a71-4ca6-8808-1e2700be05c7__ep3:qa:414,b6579cb5-0a71-4ca6-8808-1e2700be05c7__ep3,ep3,test,4250,4269,12.899534225463867,12.029265403747559,0.03855622932314873,0.059113357216119766
dense_20f_stride10:b6579cb5-0a71-4ca6-8808-1e2700be05c7__ep3:qa:415,b6579cb5-0a71-4ca6-8808-1e2700be05c7__ep3,ep3,test,4260,4279,12.517691612243652,12.15938949584961,0.02711394615471363,0.04075081646442413
dense_20f_stride10:b6579cb5-0a71-4ca6-8808-1e2700be05c7__ep3:qa:416,b6579cb5-0a71-4ca6-8808-1e2700be05c7__ep3,ep3,test,4270,4289,12.376659393310547,12.101442337036133,0.025957081466913223,0.036703795194625854
dense_20f_stride10:b6579cb5-0a71-4ca6-8808-1e2700be05c7__ep3:qa:417,b6579cb5-0a71-4ca6-8808-1e2700be05c7__ep3,ep3,test,4280,4299,12.401412963867188,12.042094230651855,0.03299517557024956,0.04616307094693184
dense_20f_stride10:b6579cb5-0a71-4ca6-8808-1e2700be05c7__ep3:qa:428,b6579cb5-0a71-4ca6-8808-1e2700be05c7__ep3,ep3,test,4400,4419,12.62804126739502,10.552608489990234,0.06818591803312302,0.09741222113370895
dense_20f_stride10:b6579cb5-0a71-4ca6-8808-1e2700be05c7__ep3:qa:429,b6579cb5-0a71-4ca6-8808-1e2700be05c7__ep3,ep3,test,4410,4429,12.76223373413086,10.838946342468262,0.06772655993700027,0.10099785029888153
dense_20f_stride10:b6579cb5-0a71-4ca6-8808-1e2700be05c7__ep3:qa:430,b6579cb5-0a71-4ca6-8808-1e2700be05c7__ep3,ep3,test,4420,4439,12.531554222106934,12.121661186218262,0.07566136121749878,0.12345386296510696
dense_20f_stride10:b6579cb5-0a71-4ca6-8808-1e2700be05c7__ep3:qa:431,b6579cb5-0a71-4ca6-8808-1e2700be05c7__ep3,ep3,test,4430,4449,12.74962329864502,11.745553970336914,0.0491752028465271,0.0703047662973404
dense_20f_stride10:b6579cb5-0a71-4ca6-8808-1e2700be05c7__ep3:qa:432,b6579cb5-0a71-4ca6-8808-1e2700be05c7__ep3,ep3,test,4440,4459,13.484736442565918,11.568092346191406,0.08036795258522034,0.1118297353386879
dense_20f_stride10:b6579cb5-0a71-4ca6-8808-1e2700be05c7__ep3:qa:433,b6579cb5-0a71-4ca6-8808-1e2700be05c7__ep3,ep3,test,4450,4469,13.838871002197266,11.717820167541504,0.08014759421348572,0.11914552748203278
dense_20f_stride10:b6579cb5-0a71-4ca6-8808-1e2700be05c7__ep3:qa:451,b6579cb5-0a71-4ca6-8808-1e2700be05c7__ep3,ep3,test,4640,4659,13.219779968261719,11.7852201461792,0.0593990832567215,0.08808347582817078
dense_20f_stride10:b6579cb5-0a71-4ca6-8808-1e2700be05c7__ep3:qa:452,b6579cb5-0a71-4ca6-8808-1e2700be05c7__ep3,ep3,test,4650,4669,12.518787384033203,11.881430625915527,0.03320617601275444,0.05046980082988739
dense_20f_stride10:b6579cb5-0a71-4ca6-8808-1e2700be05c7__ep3:qa:453,b6579cb5-0a71-4ca6-8808-1e2700be05c7__ep3,ep3,test,4660,4679,12.566171646118164,11.85185432434082,0.033206306397914886,0.05146192014217377
dense_20f_stride10:b6579cb5-0a71-4ca6-8808-1e2700be05c7__ep3:qa:454,b6579cb5-0a71-4ca6-8808-1e2700be05c7__ep3,ep3,test,4670,4689,12.583110809326172,11.881034851074219,0.03231402859091759,0.04973054677248001
dense_20f_stride10:b6579cb5-0a71-4ca6-8808-1e2700be05c7__ep3:qa:455,b6579cb5-0a71-4ca6-8808-1e2700be05c7__ep3,ep3,test,4680,4699,12.55340576171875,11.787941932678223,0.038105521351099014,0.057180255651474
dense_20f_stride10:b6579cb5-0a71-4ca6-8808-1e2700be05c7__ep3:qa:466,b6579cb5-0a71-4ca6-8808-1e2700be05c7__ep3,ep3,test,4800,4819,12.471607208251953,11.573360443115234,0.03916877508163452,0.056522008031606674
dense_20f_stride10:b6579cb5-0a71-4ca6-8808-1e2700be05c7__ep3:qa:467,b6579cb5-0a71-4ca6-8808-1e2700be05c7__ep3,ep3,test,4810,4829,12.697269439697266,11.504773139953613,0.04046039283275604,0.05960548296570778
dense_20f_stride10:b6579cb5-0a71-4ca6-8808-1e2700be05c7__ep3:qa:468,b6579cb5-0a71-4ca6-8808-1e2700be05c7__ep3,ep3,test,4820,4839,12.583362579345703,10.847724914550781,0.042018335312604904,0.06738367676734924
dense_20f_stride10:b6579cb5-0a71-4ca6-8808-1e2700be05c7__ep3:qa:469,b6579cb5-0a71-4ca6-8808-1e2700be05c7__ep3,ep3,test,4830,4849,12.403078079223633,10.809199333190918,0.03943081200122833,0.06178123131394386
dense_20f_stride10:b6579cb5-0a71-4ca6-8808-1e2700be05c7__ep3:qa:470,b6579cb5-0a71-4ca6-8808-1e2700be05c7__ep3,ep3,test,4840,4859,13.209708213806152,11.091996192932129,0.07543030381202698,0.11665873229503632
dense_20f_stride10:b6579cb5-0a71-4ca6-8808-1e2700be05c7__ep3:qa:473,b6579cb5-0a71-4ca6-8808-1e2700be05c7__ep3,ep3,test,4880,4899,12.918646812438965,10.331547737121582,0.1264493465423584,0.1858896166086197
dense_20f_stride10:b6579cb5-0a71-4ca6-8808-1e2700be05c7__ep3:qa:474,b6579cb5-0a71-4ca6-8808-1e2700be05c7__ep3,ep3,test,4890,4909,10.521462440490723,11.01266098022461,0.09835262596607208,0.14902938902378082
dense_20f_stride10:b6579cb5-0a71-4ca6-8808-1e2700be05c7__ep3:qa:475,b6579cb5-0a71-4ca6-8808-1e2700be05c7__ep3,ep3,test,4900,4919,10.031332969665527,10.703346252441406,0.06313509494066238,0.09535152465105057
dense_20f_stride10:b6579cb5-0a71-4ca6-8808-1e2700be05c7__ep3:qa:476,b6579cb5-0a71-4ca6-8808-1e2700be05c7__ep3,ep3,test,4910,4929,10.189149856567383,9.946690559387207,0.09096750617027283,0.13306015729904175
dense_20f_stride10:b6579cb5-0a71-4ca6-8808-1e2700be05c7__ep3:qa:477,b6579cb5-0a71-4ca6-8808-1e2700be05c7__ep3,ep3,test,4920,4939,10.409183502197266,9.772186279296875,0.07902558147907257,0.11489953100681305
dense_20f_stride10:b6579cb5-0a71-4ca6-8808-1e2700be05c7__ep3:qa:478,b6579cb5-0a71-4ca6-8808-1e2700be05c7__ep3,ep3,test,4930,4949,10.793183326721191,9.418819427490234,0.1006712019443512,0.14201365411281586
dense_20f_stride10:b6579cb5-0a71-4ca6-8808-1e2700be05c7__ep3:qa:484,b6579cb5-0a71-4ca6-8808-1e2700be05c7__ep3,ep3,test,5000,5019,13.564739227294922,10.69704818725586,0.08389318734407425,0.13735069334506989
dense_20f_stride10:b6579cb5-0a71-4ca6-8808-1e2700be05c7__ep3:qa:485,b6579cb5-0a71-4ca6-8808-1e2700be05c7__ep3,ep3,test,5010,5029,13.702165603637695,11.288363456726074,0.092225082218647,0.1444457322359085
dense_20f_stride10:b6579cb5-0a71-4ca6-8808-1e2700be05c7__ep3:qa:486,b6579cb5-0a71-4ca6-8808-1e2700be05c7__ep3,ep3,test,5020,5039,13.571674346923828,11.301692008972168,0.07117066532373428,0.11599639058113098
dense_20f_stride10:b6579cb5-0a71-4ca6-8808-1e2700be05c7__ep3:qa:487,b6579cb5-0a71-4ca6-8808-1e2700be05c7__ep3,ep3,test,5030,5049,13.373222351074219,11.312479019165039,0.06626090407371521,0.10616370290517807
dense_20f_stride10:b6579cb5-0a71-4ca6-8808-1e2700be05c7__ep3:qa:488,b6579cb5-0a71-4ca6-8808-1e2700be05c7__ep3,ep3,test,5040,5059,13.254691123962402,11.225092887878418,0.06153038516640663,0.10719805955886841
dense_20f_stride10:b6579cb5-0a71-4ca6-8808-1e2700be05c7__ep3:qa:489,b6579cb5-0a71-4ca6-8808-1e2700be05c7__ep3,ep3,test,5050,5069,13.116064071655273,10.898250579833984,0.08401945978403091,0.12263479083776474
dense_20f_stride10:b6579cb5-0a71-4ca6-8808-1e2700be05c7__ep3:qa:495,b6579cb5-0a71-4ca6-8808-1e2700be05c7__ep3,ep3,test,5120,5139,13.113886833190918,11.524369239807129,0.054279033094644547,0.08281899988651276
dense_20f_stride10:b6579cb5-0a71-4ca6-8808-1e2700be05c7__ep3:qa:496,b6579cb5-0a71-4ca6-8808-1e2700be05c7__ep3,ep3,test,5130,5149,13.065567970275879,11.536002159118652,0.05474154278635979,0.08058509975671768
dense_20f_stride10:b6579cb5-0a71-4ca6-8808-1e2700be05c7__ep3:qa:497,b6579cb5-0a71-4ca6-8808-1e2700be05c7__ep3,ep3,test,5140,5159,13.0343656539917,11.63456916809082,0.04184182360768318,0.0674886628985405
dense_20f_stride10:b6579cb5-0a71-4ca6-8808-1e2700be05c7__ep3:qa:498,b6579cb5-0a71-4ca6-8808-1e2700be05c7__ep3,ep3,test,5150,5169,13.073787689208984,11.875757217407227,0.04655405506491661,0.07185932248830795
dense_20f_stride10:b6579cb5-0a71-4ca6-8808-1e2700be05c7__ep3:qa:499,b6579cb5-0a71-4ca6-8808-1e2700be05c7__ep3,ep3,test,5160,5179,12.999959945678711,11.676143646240234,0.04840114712715149,0.07365971803665161
dense_20f_stride10:b6579cb5-0a71-4ca6-8808-1e2700be05c7__ep3:qa:500,b6579cb5-0a71-4ca6-8808-1e2700be05c7__ep3,ep3,test,5170,5189,13.110732078552246,11.463252067565918,0.055059611797332764,0.0816880539059639
dense_20f_stride10:b6579cb5-0a71-4ca6-8808-1e2700be05c7__ep3:qa:510,b6579cb5-0a71-4ca6-8808-1e2700be05c7__ep3,ep3,test,5280,5299,13.463295936584473,11.341408729553223,0.0625462681055069,0.10039442032575607
dense_20f_stride10:b6579cb5-0a71-4ca6-8808-1e2700be05c7__ep3:qa:511,b6579cb5-0a71-4ca6-8808-1e2700be05c7__ep3,ep3,test,5290,5309,13.443268775939941,11.320935249328613,0.06062573939561844,0.0970398336648941
dense_20f_stride10:b6579cb5-0a71-4ca6-8808-1e2700be05c7__ep3:qa:512,b6579cb5-0a71-4ca6-8808-1e2700be05c7__ep3,ep3,test,5300,5319,13.452911376953125,11.395291328430176,0.061781082302331924,0.10410405695438385
dense_20f_stride10:b6579cb5-0a71-4ca6-8808-1e2700be05c7__ep3:qa:513,b6579cb5-0a71-4ca6-8808-1e2700be05c7__ep3,ep3,test,5310,5329,13.230690002441406,11.480801582336426,0.05841326713562012,0.09887634962797165
dense_20f_stride10:b6579cb5-0a71-4ca6-8808-1e2700be05c7__ep3:qa:514,b6579cb5-0a71-4ca6-8808-1e2700be05c7__ep3,ep3,test,5320,5339,13.3373384475708,11.219482421875,0.06880122423171997,0.10611438006162643
medium_40f_stride20:8a8e1b3c-607e-4ada-b3fd-fa639727e92c__ep1:qa:0,8a8e1b3c-607e-4ada-b3fd-fa639727e92c__ep1,ep1,test,0,39,13.249631881713867,11.476571083068848,0.07460015267133713,0.12181082367897034
medium_40f_stride20:8a8e1b3c-607e-4ada-b3fd-fa639727e92c__ep1:qa:1,8a8e1b3c-607e-4ada-b3fd-fa639727e92c__ep1,ep1,test,20,59,13.25607967376709,11.339836120605469,0.08592291921377182,0.13550132513046265
medium_40f_stride20:8a8e1b3c-607e-4ada-b3fd-fa639727e92c__ep1:qa:2,8a8e1b3c-607e-4ada-b3fd-fa639727e92c__ep1,ep1,test,40,79,13.582067489624023,8.807180404663086,0.14396192133426666,0.21640366315841675
medium_40f_stride20:8a8e1b3c-607e-4ada-b3fd-fa639727e92c__ep1:qa:3,8a8e1b3c-607e-4ada-b3fd-fa639727e92c__ep1,ep1,test,60,99,12.219917297363281,7.788090229034424,0.15978838503360748,0.22475194931030273
medium_40f_stride20:8a8e1b3c-607e-4ada-b3fd-fa639727e92c__ep1:qa:19,8a8e1b3c-607e-4ada-b3fd-fa639727e92c__ep1,ep1,test,400,439,0.0,10.383172035217285,0.1650526225566864,0.349619597196579
medium_40f_stride20:8a8e1b3c-607e-4ada-b3fd-fa639727e92c__ep1:qa:20,8a8e1b3c-607e-4ada-b3fd-fa639727e92c__ep1,ep1,test,420,459,0.0,10.745107650756836,0.18051548302173615,0.36180657148361206
medium_40f_stride20:8a8e1b3c-607e-4ada-b3fd-fa639727e92c__ep1:qa:21,8a8e1b3c-607e-4ada-b3fd-fa639727e92c__ep1,ep1,test,440,479,18.186857223510742,10.289430618286133,0.3641560971736908,0.5233026742935181
medium_40f_stride20:8a8e1b3c-607e-4ada-b3fd-fa639727e92c__ep1:qa:43,8a8e1b3c-607e-4ada-b3fd-fa639727e92c__ep1,ep1,test,920,959,24.113008499145508,9.883336067199707,0.3772776126861572,0.6674787998199463
medium_40f_stride20:8a8e1b3c-607e-4ada-b3fd-fa639727e92c__ep1:qa:44,8a8e1b3c-607e-4ada-b3fd-fa639727e92c__ep1,ep1,test,940,979,24.533849716186523,9.754517555236816,0.39240625500679016,0.6770670413970947
medium_40f_stride20:8a8e1b3c-607e-4ada-b3fd-fa639727e92c__ep1:qa:45,8a8e1b3c-607e-4ada-b3fd-fa639727e92c__ep1,ep1,test,960,999,24.320215225219727,9.40488052368164,0.3966602087020874,0.6470409631729126
medium_40f_stride20:8a8e1b3c-607e-4ada-b3fd-fa639727e92c__ep1:qa:46,8a8e1b3c-607e-4ada-b3fd-fa639727e92c__ep1,ep1,test,1000,1039,24.290538787841797,10.018401145935059,0.39079388976097107,0.6627145409584045
medium_40f_stride20:8a8e1b3c-607e-4ada-b3fd-fa639727e92c__ep1:qa:47,8a8e1b3c-607e-4ada-b3fd-fa639727e92c__ep1,ep1,test,1020,1059,24.001657485961914,8.217717170715332,0.4229579567909241,0.6224098205566406
medium_40f_stride20:8a8e1b3c-607e-4ada-b3fd-fa639727e92c__ep1:qa:48,8a8e1b3c-607e-4ada-b3fd-fa639727e92c__ep1,ep1,test,1040,1079,23.0915470123291,7.290116786956787,0.3823997378349304,0.5843608379364014
medium_40f_stride20:8a8e1b3c-607e-4ada-b3fd-fa639727e92c__ep1:qa:49,8a8e1b3c-607e-4ada-b3fd-fa639727e92c__ep1,ep1,test,1060,1099,23.40117073059082,6.330411434173584,0.4093976616859436,0.6397873163223267
medium_40f_stride20:8a8e1b3c-607e-4ada-b3fd-fa639727e92c__ep1:qa:57,8a8e1b3c-607e-4ada-b3fd-fa639727e92c__ep1,ep1,test,1240,1279,14.437703132629395,9.17459774017334,0.25536563992500305,0.3732795715332031
medium_40f_stride20:8a8e1b3c-607e-4ada-b3fd-fa639727e92c__ep1:qa:58,8a8e1b3c-607e-4ada-b3fd-fa639727e92c__ep1,ep1,test,1260,1299,15.371296882629395,7.859540939331055,0.3427859842777252,0.4851195216178894
medium_40f_stride20:8a8e1b3c-607e-4ada-b3fd-fa639727e92c__ep1:qa:59,8a8e1b3c-607e-4ada-b3fd-fa639727e92c__ep1,ep1,test,1280,1319,16.57281494140625,9.075302124023438,0.3610095977783203,0.5512496829032898
medium_40f_stride20:8a8e1b3c-607e-4ada-b3fd-fa639727e92c__ep1:qa:60,8a8e1b3c-607e-4ada-b3fd-fa639727e92c__ep1,ep1,test,1300,1339,16.998313903808594,11.78394603729248,0.2957630157470703,0.4638984501361847
medium_40f_stride20:8a8e1b3c-607e-4ada-b3fd-fa639727e92c__ep1:qa:64,8a8e1b3c-607e-4ada-b3fd-fa639727e92c__ep1,ep1,test,1400,1439,13.777164459228516,10.532086372375488,0.2865053117275238,0.4126933217048645
medium_40f_stride20:8a8e1b3c-607e-4ada-b3fd-fa639727e92c__ep1:qa:65,8a8e1b3c-607e-4ada-b3fd-fa639727e92c__ep1,ep1,test,1420,1459,14.73023796081543,10.90100383758545,0.27527645230293274,0.4142155945301056
medium_40f_stride20:8a8e1b3c-607e-4ada-b3fd-fa639727e92c__ep1:qa:66,8a8e1b3c-607e-4ada-b3fd-fa639727e92c__ep1,ep1,test,1440,1479,15.707327842712402,11.71656322479248,0.27209919691085815,0.40265440940856934
medium_40f_stride20:8a8e1b3c-607e-4ada-b3fd-fa639727e92c__ep1:qa:67,8a8e1b3c-607e-4ada-b3fd-fa639727e92c__ep1,ep1,test,1460,1499,15.167292594909668,13.040932655334473,0.29091691970825195,0.41512906551361084
medium_40f_stride20:8a8e1b3c-607e-4ada-b3fd-fa639727e92c__ep1:qa:83,8a8e1b3c-607e-4ada-b3fd-fa639727e92c__ep1,ep1,test,1800,1839,8.117339134216309,7.560843467712402,0.08297125995159149,0.1164296343922615
medium_40f_stride20:8a8e1b3c-607e-4ada-b3fd-fa639727e92c__ep1:qa:84,8a8e1b3c-607e-4ada-b3fd-fa639727e92c__ep1,ep1,test,1820,1859,7.769466876983643,8.908443450927734,0.08741492033004761,0.11848406493663788
medium_40f_stride20:8a8e1b3c-607e-4ada-b3fd-fa639727e92c__ep1:qa:85,8a8e1b3c-607e-4ada-b3fd-fa639727e92c__ep1,ep1,test,1840,1879,7.7210001945495605,10.279011726379395,0.06941477954387665,0.11084982007741928
medium_40f_stride20:8a8e1b3c-607e-4ada-b3fd-fa639727e92c__ep1:qa:86,8a8e1b3c-607e-4ada-b3fd-fa639727e92c__ep1,ep1,test,1860,1899,7.8148088455200195,10.580307006835938,0.06585761904716492,0.11069534718990326
medium_40f_stride20:8a8e1b3c-607e-4ada-b3fd-fa639727e92c__ep1:qa:92,8a8e1b3c-607e-4ada-b3fd-fa639727e92c__ep1,ep1,test,2000,2039,7.651566028594971,10.731120109558105,0.07666349411010742,0.12067724764347076
medium_40f_stride20:8a8e1b3c-607e-4ada-b3fd-fa639727e92c__ep1:qa:93,8a8e1b3c-607e-4ada-b3fd-fa639727e92c__ep1,ep1,test,2020,2059,7.845226287841797,11.062911987304688,0.08080797642469406,0.12655839323997498
medium_40f_stride20:8a8e1b3c-607e-4ada-b3fd-fa639727e92c__ep1:qa:94,8a8e1b3c-607e-4ada-b3fd-fa639727e92c__ep1,ep1,test,2040,2079,8.087668418884277,10.831657409667969,0.07576576620340347,0.1159803569316864
medium_40f_stride20:8a8e1b3c-607e-4ada-b3fd-fa639727e92c__ep1:qa:95,8a8e1b3c-607e-4ada-b3fd-fa639727e92c__ep1,ep1,test,2060,2099,8.283056259155273,9.863028526306152,0.06900153309106827,0.09340962022542953
medium_40f_stride20:8a8e1b3c-607e-4ada-b3fd-fa639727e92c__ep1:qa:111,8a8e1b3c-607e-4ada-b3fd-fa639727e92c__ep1,ep1,test,2400,2439,15.64051628112793,9.166468620300293,0.2272639125585556,0.34384313225746155
medium_40f_stride20:8a8e1b3c-607e-4ada-b3fd-fa639727e92c__ep1:qa:112,8a8e1b3c-607e-4ada-b3fd-fa639727e92c__ep1,ep1,test,2420,2459,18.942493438720703,8.690102577209473,0.3802066147327423,0.5364782214164734
medium_40f_stride20:8a8e1b3c-607e-4ada-b3fd-fa639727e92c__ep1:qa:113,8a8e1b3c-607e-4ada-b3fd-fa639727e92c__ep1,ep1,test,2440,2479,21.024784088134766,8.483630180358887,0.46442916989326477,0.6733748912811279
medium_40f_stride20:8a8e1b3c-607e-4ada-b3fd-fa639727e92c__ep1:qa:116,8a8e1b3c-607e-4ada-b3fd-fa639727e92c__ep1,ep1,test,2520,2559,18.395566940307617,8.07768440246582,0.4438993036746979,0.6559065580368042
medium_40f_stride20:8a8e1b3c-607e-4ada-b3fd-fa639727e92c__ep1:qa:117,8a8e1b3c-607e-4ada-b3fd-fa639727e92c__ep1,ep1,test,2540,2579,18.78809928894043,7.717660427093506,0.45488208532333374,0.6803855895996094
medium_40f_stride20:8a8e1b3c-607e-4ada-b3fd-fa639727e92c__ep1:qa:118,8a8e1b3c-607e-4ada-b3fd-fa639727e92c__ep1,ep1,test,2560,2599,20.119840621948242,7.369968891143799,0.42022594809532166,0.615450382232666
medium_40f_stride20:8a8e1b3c-607e-4ada-b3fd-fa639727e92c__ep1:qa:119,8a8e1b3c-607e-4ada-b3fd-fa639727e92c__ep1,ep1,test,2580,2619,19.594467163085938,8.303322792053223,0.44695255160331726,0.6589632630348206
medium_40f_stride20:8a8e1b3c-607e-4ada-b3fd-fa639727e92c__ep1:qa:123,8a8e1b3c-607e-4ada-b3fd-fa639727e92c__ep1,ep1,test,2680,2719,0.0,9.258214950561523,0.20231392979621887,0.31174030900001526
medium_40f_stride20:8a8e1b3c-607e-4ada-b3fd-fa639727e92c__ep1:qa:124,8a8e1b3c-607e-4ada-b3fd-fa639727e92c__ep1,ep1,test,2700,2739,0.0,9.615097999572754,0.18470096588134766,0.3237571716308594
medium_40f_stride20:8a8e1b3c-607e-4ada-b3fd-fa639727e92c__ep1:qa:125,8a8e1b3c-607e-4ada-b3fd-fa639727e92c__ep1,ep1,test,2720,2759,0.0,10.417482376098633,0.19863441586494446,0.350774884223938
medium_40f_stride20:8a8e1b3c-607e-4ada-b3fd-fa639727e92c__ep1:qa:126,8a8e1b3c-607e-4ada-b3fd-fa639727e92c__ep1,ep1,test,2740,2779,0.0,10.931325912475586,0.21108511090278625,0.3680769205093384
medium_40f_stride20:8a8e1b3c-607e-4ada-b3fd-fa639727e92c__ep1:qa:128,8a8e1b3c-607e-4ada-b3fd-fa639727e92c__ep1,ep1,test,2800,2839,0.0,10.267471313476562,0.24863913655281067,0.3457237184047699
medium_40f_stride20:8a8e1b3c-607e-4ada-b3fd-fa639727e92c__ep1:qa:129,8a8e1b3c-607e-4ada-b3fd-fa639727e92c__ep1,ep1,test,2820,2859,0.0,7.192580223083496,0.1692449003458023,0.2421867698431015
medium_40f_stride20:8a8e1b3c-607e-4ada-b3fd-fa639727e92c__ep1:qa:130,8a8e1b3c-607e-4ada-b3fd-fa639727e92c__ep1,ep1,test,2840,2879,0.0,5.473658084869385,0.1336718648672104,0.18430764973163605
medium_40f_stride20:8a8e1b3c-607e-4ada-b3fd-fa639727e92c__ep1:qa:137,8a8e1b3c-607e-4ada-b3fd-fa639727e92c__ep1,ep1,test,3000,3039,12.70227336883545,8.249479293823242,0.2624683976173401,0.3569113314151764
medium_40f_stride20:8a8e1b3c-607e-4ada-b3fd-fa639727e92c__ep1:qa:138,8a8e1b3c-607e-4ada-b3fd-fa639727e92c__ep1,ep1,test,3020,3059,0.0,9.145943641662598,0.2215891182422638,0.3079599440097809
medium_40f_stride20:8a8e1b3c-607e-4ada-b3fd-fa639727e92c__ep1:qa:139,8a8e1b3c-607e-4ada-b3fd-fa639727e92c__ep1,ep1,test,3040,3079,0.0,5.929914474487305,0.13888198137283325,0.19967059791088104
medium_40f_stride20:8a8e1b3c-607e-4ada-b3fd-fa639727e92c__ep1:qa:140,8a8e1b3c-607e-4ada-b3fd-fa639727e92c__ep1,ep1,test,3060,3099,0.0,5.226224899291992,0.12174759060144424,0.17597614228725433
medium_40f_stride20:8a8e1b3c-607e-4ada-b3fd-fa639727e92c__ep1:qa:142,8a8e1b3c-607e-4ada-b3fd-fa639727e92c__ep1,ep1,test,3120,3159,0.0,7.162328243255615,0.16551390290260315,0.24116812646389008
medium_40f_stride20:8a8e1b3c-607e-4ada-b3fd-fa639727e92c__ep1:qa:143,8a8e1b3c-607e-4ada-b3fd-fa639727e92c__ep1,ep1,test,3140,3179,30.379358291625977,8.147597312927246,0.6064757704734802,0.9890081882476807
medium_40f_stride20:8a8e1b3c-607e-4ada-b3fd-fa639727e92c__ep1:qa:144,8a8e1b3c-607e-4ada-b3fd-fa639727e92c__ep1,ep1,test,3160,3199,34.605167388916016,9.064375877380371,0.6440678834915161,1.0607103109359741
medium_40f_stride20:8a8e1b3c-607e-4ada-b3fd-fa639727e92c__ep1:qa:145,8a8e1b3c-607e-4ada-b3fd-fa639727e92c__ep1,ep1,test,3180,3219,34.391845703125,8.513334274291992,0.6737740635871887,1.073257565498352
medium_40f_stride20:8a8e1b3c-607e-4ada-b3fd-fa639727e92c__ep1:qa:151,8a8e1b3c-607e-4ada-b3fd-fa639727e92c__ep1,ep1,test,3320,3359,14.376871109008789,10.556108474731445,0.10605496168136597,0.15465474128723145
medium_40f_stride20:8a8e1b3c-607e-4ada-b3fd-fa639727e92c__ep1:qa:152,8a8e1b3c-607e-4ada-b3fd-fa639727e92c__ep1,ep1,test,3340,3379,16.4232234954834,10.07257080078125,0.24573180079460144,0.41230231523513794
medium_40f_stride20:8a8e1b3c-607e-4ada-b3fd-fa639727e92c__ep1:qa:153,8a8e1b3c-607e-4ada-b3fd-fa639727e92c__ep1,ep1,test,3360,3399,14.627964973449707,9.99614143371582,0.24313536286354065,0.37938961386680603
medium_40f_stride20:8a8e1b3c-607e-4ada-b3fd-fa639727e92c__ep1:qa:154,8a8e1b3c-607e-4ada-b3fd-fa639727e92c__ep1,ep1,test,3400,3439,0.0,8.624804496765137,0.15298688411712646,0.2904122769832611
medium_40f_stride20:8a8e1b3c-607e-4ada-b3fd-fa639727e92c__ep1:qa:155,8a8e1b3c-607e-4ada-b3fd-fa639727e92c__ep1,ep1,test,3420,3459,0.0,8.389128684997559,0.1626788079738617,0.28247666358947754
medium_40f_stride20:8a8e1b3c-607e-4ada-b3fd-fa639727e92c__ep1:qa:156,8a8e1b3c-607e-4ada-b3fd-fa639727e92c__ep1,ep1,test,3440,3479,14.551889419555664,8.306502342224121,0.24858559668064117,0.4176705479621887
medium_40f_stride20:8a8e1b3c-607e-4ada-b3fd-fa639727e92c__ep1:qa:157,8a8e1b3c-607e-4ada-b3fd-fa639727e92c__ep1,ep1,test,3460,3499,17.008577346801758,7.588852405548096,0.3047387897968292,0.4756505787372589
medium_40f_stride20:8a8e1b3c-607e-4ada-b3fd-fa639727e92c__ep1:qa:167,8a8e1b3c-607e-4ada-b3fd-fa639727e92c__ep1,ep1,test,3680,3719,16.576688766479492,7.615475177764893,0.22157342731952667,0.3725201487541199
medium_40f_stride20:8a8e1b3c-607e-4ada-b3fd-fa639727e92c__ep1:qa:168,8a8e1b3c-607e-4ada-b3fd-fa639727e92c__ep1,ep1,test,3700,3739,14.200902938842773,7.919628143310547,0.2441217005252838,0.3987932503223419
medium_40f_stride20:8a8e1b3c-607e-4ada-b3fd-fa639727e92c__ep1:qa:169,8a8e1b3c-607e-4ada-b3fd-fa639727e92c__ep1,ep1,test,3720,3759,11.424378395080566,7.858673095703125,0.23643067479133606,0.36112526059150696
medium_40f_stride20:8a8e1b3c-607e-4ada-b3fd-fa639727e92c__ep1:qa:170,8a8e1b3c-607e-4ada-b3fd-fa639727e92c__ep1,ep1,test,3740,3779,0.0,8.55756664276123,0.18111495673656464,0.28814825415611267
medium_40f_stride20:8a8e1b3c-607e-4ada-b3fd-fa639727e92c__ep1:qa:174,8a8e1b3c-607e-4ada-b3fd-fa639727e92c__ep1,ep1,test,3840,3879,0.0,9.73123550415039,0.1679794192314148,0.327667772769928
medium_40f_stride20:8a8e1b3c-607e-4ada-b3fd-fa639727e92c__ep1:qa:175,8a8e1b3c-607e-4ada-b3fd-fa639727e92c__ep1,ep1,test,3860,3899,0.0,10.253636360168457,0.18468382954597473,0.3452579081058502
medium_40f_stride20:8a8e1b3c-607e-4ada-b3fd-fa639727e92c__ep1:qa:176,8a8e1b3c-607e-4ada-b3fd-fa639727e92c__ep1,ep1,test,3880,3919,0.0,10.257859230041504,0.17214824259281158,0.3454000949859619
medium_40f_stride20:8a8e1b3c-607e-4ada-b3fd-fa639727e92c__ep1:qa:177,8a8e1b3c-607e-4ada-b3fd-fa639727e92c__ep1,ep1,test,3900,3939,0.0,9.795580863952637,0.1597250998020172,0.32983437180519104
medium_40f_stride20:8a8e1b3c-607e-4ada-b3fd-fa639727e92c__ep1:qa:181,8a8e1b3c-607e-4ada-b3fd-fa639727e92c__ep1,ep1,test,4000,4039,15.698277473449707,8.362582206726074,0.19882452487945557,0.3346865773200989
medium_40f_stride20:8a8e1b3c-607e-4ada-b3fd-fa639727e92c__ep1:qa:182,8a8e1b3c-607e-4ada-b3fd-fa639727e92c__ep1,ep1,test,4020,4059,12.516051292419434,8.429998397827148,0.16339237987995148,0.23496735095977783
medium_40f_stride20:8a8e1b3c-607e-4ada-b3fd-fa639727e92c__ep1:qa:183,8a8e1b3c-607e-4ada-b3fd-fa639727e92c__ep1,ep1,test,4040,4079,16.334978103637695,7.602519989013672,0.2465166598558426,0.3615899980068207
medium_40f_stride20:8a8e1b3c-607e-4ada-b3fd-fa639727e92c__ep1:qa:184,8a8e1b3c-607e-4ada-b3fd-fa639727e92c__ep1,ep1,test,4080,4119,15.28247356414795,7.741170883178711,0.28474825620651245,0.41076430678367615
medium_40f_stride20:8a8e1b3c-607e-4ada-b3fd-fa639727e92c__ep1:qa:185,8a8e1b3c-607e-4ada-b3fd-fa639727e92c__ep1,ep1,test,4100,4139,14.557083129882812,8.272435188293457,0.23248378932476044,0.33645665645599365
medium_40f_stride20:8a8e1b3c-607e-4ada-b3fd-fa639727e92c__ep1:qa:186,8a8e1b3c-607e-4ada-b3fd-fa639727e92c__ep1,ep1,test,4120,4159,14.616246223449707,8.738417625427246,0.23729166388511658,0.3721175789833069
medium_40f_stride20:8a8e1b3c-607e-4ada-b3fd-fa639727e92c__ep1:qa:187,8a8e1b3c-607e-4ada-b3fd-fa639727e92c__ep1,ep1,test,4140,4179,10.60007095336914,8.647481918334961,0.1988481730222702,0.32521674036979675
medium_40f_stride20:8a8e1b3c-607e-4ada-b3fd-fa639727e92c__ep1:qa:191,8a8e1b3c-607e-4ada-b3fd-fa639727e92c__ep1,ep1,test,4240,4279,15.801576614379883,8.189376831054688,0.2594323456287384,0.3823290467262268
medium_40f_stride20:8a8e1b3c-607e-4ada-b3fd-fa639727e92c__ep1:qa:192,8a8e1b3c-607e-4ada-b3fd-fa639727e92c__ep1,ep1,test,4260,4299,16.94643783569336,7.649496555328369,0.288789302110672,0.41277194023132324
medium_40f_stride20:8a8e1b3c-607e-4ada-b3fd-fa639727e92c__ep1:qa:193,8a8e1b3c-607e-4ada-b3fd-fa639727e92c__ep1,ep1,test,4280,4319,16.622629165649414,7.418376445770264,0.27735480666160583,0.4106319844722748
medium_40f_stride20:8a8e1b3c-607e-4ada-b3fd-fa639727e92c__ep1:qa:198,8a8e1b3c-607e-4ada-b3fd-fa639727e92c__ep1,ep1,test,4400,4439,16.686281204223633,6.39871072769165,0.2919815182685852,0.4216742515563965
medium_40f_stride20:8a8e1b3c-607e-4ada-b3fd-fa639727e92c__ep1:qa:199,8a8e1b3c-607e-4ada-b3fd-fa639727e92c__ep1,ep1,test,4420,4459,17.774410247802734,7.54461145401001,0.2718825340270996,0.4284617304801941
medium_40f_stride20:8a8e1b3c-607e-4ada-b3fd-fa639727e92c__ep1:qa:200,8a8e1b3c-607e-4ada-b3fd-fa639727e92c__ep1,ep1,test,4440,4479,17.165203094482422,7.210443496704102,0.25624075531959534,0.41673386096954346
medium_40f_stride20:8a8e1b3c-607e-4ada-b3fd-fa639727e92c__ep1:qa:201,8a8e1b3c-607e-4ada-b3fd-fa639727e92c__ep1,ep1,test,4480,4519,19.195493698120117,7.124416351318359,0.3189757466316223,0.47666922211647034
medium_40f_stride20:8a8e1b3c-607e-4ada-b3fd-fa639727e92c__ep1:qa:202,8a8e1b3c-607e-4ada-b3fd-fa639727e92c__ep1,ep1,test,4500,4539,21.77599334716797,8.301980018615723,0.365339457988739,0.5829381346702576
medium_40f_stride20:8a8e1b3c-607e-4ada-b3fd-fa639727e92c__ep1:qa:203,8a8e1b3c-607e-4ada-b3fd-fa639727e92c__ep1,ep1,test,4520,4559,24.606346130371094,8.010634422302246,0.4677959680557251,0.7224879860877991
medium_40f_stride20:8a8e1b3c-607e-4ada-b3fd-fa639727e92c__ep1:qa:208,8a8e1b3c-607e-4ada-b3fd-fa639727e92c__ep1,ep1,test,4640,4679,0.0,6.490347862243652,0.1534671187400818,0.21854138374328613
medium_40f_stride20:8a8e1b3c-607e-4ada-b3fd-fa639727e92c__ep1:qa:209,8a8e1b3c-607e-4ada-b3fd-fa639727e92c__ep1,ep1,test,4660,4699,0.0,6.54226541519165,0.15076157450675964,0.22028954327106476
medium_40f_stride20:8a8e1b3c-607e-4ada-b3fd-fa639727e92c__ep1:qa:210,8a8e1b3c-607e-4ada-b3fd-fa639727e92c__ep1,ep1,test,4680,4719,0.0,7.70593786239624,0.17292603850364685,0.25947242975234985
medium_40f_stride20:8a8e1b3c-607e-4ada-b3fd-fa639727e92c__ep1:qa:211,8a8e1b3c-607e-4ada-b3fd-fa639727e92c__ep1,ep1,test,4720,4759,0.0,5.723856449127197,0.13602536916732788,0.19273227453231812
medium_40f_stride20:8a8e1b3c-607e-4ada-b3fd-fa639727e92c__ep1:qa:212,8a8e1b3c-607e-4ada-b3fd-fa639727e92c__ep1,ep1,test,4740,4779,0.0,6.143949508666992,0.13959138095378876,0.20687754452228546
medium_40f_stride20:8a8e1b3c-607e-4ada-b3fd-fa639727e92c__ep1:qa:213,8a8e1b3c-607e-4ada-b3fd-fa639727e92c__ep1,ep1,test,4760,4799,0.0,7.138620376586914,0.1605423539876938,0.24036985635757446
medium_40f_stride20:8a8e1b3c-607e-4ada-b3fd-fa639727e92c__ep1:qa:214,8a8e1b3c-607e-4ada-b3fd-fa639727e92c__ep1,ep1,test,4800,4839,0.0,8.131062507629395,0.17691220343112946,0.27378711104393005
medium_40f_stride20:8a8e1b3c-607e-4ada-b3fd-fa639727e92c__ep1:qa:215,8a8e1b3c-607e-4ada-b3fd-fa639727e92c__ep1,ep1,test,4820,4859,0.0,9.704580307006836,0.18166784942150116,0.32677024602890015
medium_40f_stride20:8a8e1b3c-607e-4ada-b3fd-fa639727e92c__ep1:qa:216,8a8e1b3c-607e-4ada-b3fd-fa639727e92c__ep1,ep1,test,4840,4879,0.0,10.242400169372559,0.18154747784137726,0.34487953782081604
medium_40f_stride20:8a8e1b3c-607e-4ada-b3fd-fa639727e92c__ep1:qa:217,8a8e1b3c-607e-4ada-b3fd-fa639727e92c__ep1,ep1,test,4880,4919,0.0,7.308834552764893,0.15443991124629974,0.2461012452840805
medium_40f_stride20:8a8e1b3c-607e-4ada-b3fd-fa639727e92c__ep1:qa:218,8a8e1b3c-607e-4ada-b3fd-fa639727e92c__ep1,ep1,test,4900,4939,0.0,8.774125099182129,0.16554279625415802,0.2954401671886444
medium_40f_stride20:8a8e1b3c-607e-4ada-b3fd-fa639727e92c__ep1:qa:219,8a8e1b3c-607e-4ada-b3fd-fa639727e92c__ep1,ep1,test,4920,4959,0.0,8.23625373840332,0.1655743420124054,0.27732908725738525
medium_40f_stride20:8a8e1b3c-607e-4ada-b3fd-fa639727e92c__ep1:qa:220,8a8e1b3c-607e-4ada-b3fd-fa639727e92c__ep1,ep1,test,4940,4979,0.0,8.284099578857422,0.17353211343288422,0.2789401113986969
medium_40f_stride20:a1012a57-385e-45a9-8a59-694a26fe92a5__ep1:qa:0,a1012a57-385e-45a9-8a59-694a26fe92a5__ep1,ep1,test,0,39,13.499967575073242,9.355040550231934,0.12313412129878998,0.19192931056022644
medium_40f_stride20:a1012a57-385e-45a9-8a59-694a26fe92a5__ep1:qa:1,a1012a57-385e-45a9-8a59-694a26fe92a5__ep1,ep1,test,20,59,12.721988677978516,11.246256828308105,0.12038179486989975,0.1933699995279312
medium_40f_stride20:a1012a57-385e-45a9-8a59-694a26fe92a5__ep1:qa:2,a1012a57-385e-45a9-8a59-694a26fe92a5__ep1,ep1,test,40,79,12.474644660949707,11.9904203414917,0.07435017824172974,0.1603233516216278
medium_40f_stride20:a1012a57-385e-45a9-8a59-694a26fe92a5__ep1:qa:3,a1012a57-385e-45a9-8a59-694a26fe92a5__ep1,ep1,test,60,99,14.03722858428955,11.546817779541016,0.12964819371700287,0.18789348006248474
medium_40f_stride20:a1012a57-385e-45a9-8a59-694a26fe92a5__ep1:qa:4,a1012a57-385e-45a9-8a59-694a26fe92a5__ep1,ep1,test,80,119,14.77319049835205,11.415202140808105,0.12233858555555344,0.1699131429195404
medium_40f_stride20:a1012a57-385e-45a9-8a59-694a26fe92a5__ep1:qa:5,a1012a57-385e-45a9-8a59-694a26fe92a5__ep1,ep1,test,100,139,13.509990692138672,11.361212730407715,0.18664638698101044,0.2855363190174103
medium_40f_stride20:a1012a57-385e-45a9-8a59-694a26fe92a5__ep1:qa:6,a1012a57-385e-45a9-8a59-694a26fe92a5__ep1,ep1,test,120,159,13.113068580627441,10.566593170166016,0.19522152841091156,0.2578584849834442
medium_40f_stride20:a1012a57-385e-45a9-8a59-694a26fe92a5__ep1:qa:7,a1012a57-385e-45a9-8a59-694a26fe92a5__ep1,ep1,test,140,179,14.073227882385254,10.041875839233398,0.24259726703166962,0.3334605097770691
medium_40f_stride20:a1012a57-385e-45a9-8a59-694a26fe92a5__ep1:qa:8,a1012a57-385e-45a9-8a59-694a26fe92a5__ep1,ep1,test,160,199,16.13932228088379,9.163429260253906,0.2642756402492523,0.3589257299900055
medium_40f_stride20:a1012a57-385e-45a9-8a59-694a26fe92a5__ep1:qa:9,a1012a57-385e-45a9-8a59-694a26fe92a5__ep1,ep1,test,180,219,17.20242691040039,9.14986515045166,0.20868746936321259,0.31284648180007935
medium_40f_stride20:a1012a57-385e-45a9-8a59-694a26fe92a5__ep1:qa:10,a1012a57-385e-45a9-8a59-694a26fe92a5__ep1,ep1,test,200,239,17.688190460205078,9.609597206115723,0.20973385870456696,0.3210501968860626
medium_40f_stride20:a1012a57-385e-45a9-8a59-694a26fe92a5__ep1:qa:11,a1012a57-385e-45a9-8a59-694a26fe92a5__ep1,ep1,test,240,279,17.806123733520508,14.336099624633789,0.3981276750564575,0.5598775148391724
medium_40f_stride20:a1012a57-385e-45a9-8a59-694a26fe92a5__ep1:qa:12,a1012a57-385e-45a9-8a59-694a26fe92a5__ep1,ep1,test,260,299,17.20412254333496,11.869980812072754,0.45069175958633423,0.6296819448471069
medium_40f_stride20:a1012a57-385e-45a9-8a59-694a26fe92a5__ep1:qa:13,a1012a57-385e-45a9-8a59-694a26fe92a5__ep1,ep1,test,280,319,15.924059867858887,8.677770614624023,0.31646913290023804,0.45688873529434204
medium_40f_stride20:a1012a57-385e-45a9-8a59-694a26fe92a5__ep1:qa:14,a1012a57-385e-45a9-8a59-694a26fe92a5__ep1,ep1,test,300,339,14.937590599060059,9.41716194152832,0.2555365264415741,0.4016530513763428
medium_40f_stride20:a1012a57-385e-45a9-8a59-694a26fe92a5__ep1:qa:15,a1012a57-385e-45a9-8a59-694a26fe92a5__ep1,ep1,test,320,359,16.287343978881836,7.579926013946533,0.25589820742607117,0.35710668563842773
medium_40f_stride20:a1012a57-385e-45a9-8a59-694a26fe92a5__ep1:qa:16,a1012a57-385e-45a9-8a59-694a26fe92a5__ep1,ep1,test,360,399,17.07558822631836,10.602294921875,0.23045100271701813,0.3331543803215027
medium_40f_stride20:a1012a57-385e-45a9-8a59-694a26fe92a5__ep1:qa:17,a1012a57-385e-45a9-8a59-694a26fe92a5__ep1,ep1,test,400,439,16.92364501953125,10.404500961303711,0.2020002156496048,0.3059830367565155
medium_40f_stride20:a1012a57-385e-45a9-8a59-694a26fe92a5__ep1:qa:18,a1012a57-385e-45a9-8a59-694a26fe92a5__ep1,ep1,test,420,459,16.9049129486084,10.231694221496582,0.21120595932006836,0.3211621046066284
medium_40f_stride20:a1012a57-385e-45a9-8a59-694a26fe92a5__ep1:qa:19,a1012a57-385e-45a9-8a59-694a26fe92a5__ep1,ep1,test,440,479,16.988052368164062,9.651971817016602,0.20480862259864807,0.33843812346458435
medium_40f_stride20:a1012a57-385e-45a9-8a59-694a26fe92a5__ep1:qa:20,a1012a57-385e-45a9-8a59-694a26fe92a5__ep1,ep1,test,460,499,17.048593521118164,9.57414436340332,0.22342157363891602,0.3537450134754181
medium_40f_stride20:a1012a57-385e-45a9-8a59-694a26fe92a5__ep1:qa:21,a1012a57-385e-45a9-8a59-694a26fe92a5__ep1,ep1,test,480,519,17.183666229248047,10.146328926086426,0.25795814394950867,0.3787808418273926
medium_40f_stride20:a1012a57-385e-45a9-8a59-694a26fe92a5__ep1:qa:22,a1012a57-385e-45a9-8a59-694a26fe92a5__ep1,ep1,test,500,539,16.895509719848633,10.88939380645752,0.25178974866867065,0.37955713272094727
medium_40f_stride20:a1012a57-385e-45a9-8a59-694a26fe92a5__ep1:qa:23,a1012a57-385e-45a9-8a59-694a26fe92a5__ep1,ep1,test,520,559,16.748804092407227,11.20666217803955,0.22842566668987274,0.3488728702068329
medium_40f_stride20:a1012a57-385e-45a9-8a59-694a26fe92a5__ep1:qa:24,a1012a57-385e-45a9-8a59-694a26fe92a5__ep1,ep1,test,540,579,17.548933029174805,10.534134864807129,0.2725607752799988,0.38424375653266907
medium_40f_stride20:a1012a57-385e-45a9-8a59-694a26fe92a5__ep1:qa:25,a1012a57-385e-45a9-8a59-694a26fe92a5__ep1,ep1,test,560,599,16.62228012084961,9.757434844970703,0.23005689680576324,0.31925711035728455
medium_40f_stride20:a1012a57-385e-45a9-8a59-694a26fe92a5__ep1:qa:26,a1012a57-385e-45a9-8a59-694a26fe92a5__ep1,ep1,test,580,619,15.720839500427246,9.921215057373047,0.1808740198612213,0.25897154211997986
medium_40f_stride20:a1012a57-385e-45a9-8a59-694a26fe92a5__ep1:qa:27,a1012a57-385e-45a9-8a59-694a26fe92a5__ep1,ep1,test,600,639,15.819348335266113,10.736842155456543,0.22892995178699493,0.31645679473876953
medium_40f_stride20:a1012a57-385e-45a9-8a59-694a26fe92a5__ep1:qa:28,a1012a57-385e-45a9-8a59-694a26fe92a5__ep1,ep1,test,620,659,16.440059661865234,10.57424545288086,0.22612017393112183,0.3177594244480133
medium_40f_stride20:a1012a57-385e-45a9-8a59-694a26fe92a5__ep1:qa:29,a1012a57-385e-45a9-8a59-694a26fe92a5__ep1,ep1,test,640,679,16.15465545654297,10.969059944152832,0.1428467333316803,0.21752795577049255
medium_40f_stride20:a1012a57-385e-45a9-8a59-694a26fe92a5__ep1:qa:30,a1012a57-385e-45a9-8a59-694a26fe92a5__ep1,ep1,test,660,699,16.262924194335938,11.229975700378418,0.16032922267913818,0.2332536280155182
medium_40f_stride20:a1012a57-385e-45a9-8a59-694a26fe92a5__ep1:qa:31,a1012a57-385e-45a9-8a59-694a26fe92a5__ep1,ep1,test,680,719,16.435216903686523,11.168231010437012,0.16286855936050415,0.23327112197875977
medium_40f_stride20:a1012a57-385e-45a9-8a59-694a26fe92a5__ep1:qa:32,a1012a57-385e-45a9-8a59-694a26fe92a5__ep1,ep1,test,700,739,16.21681785583496,11.207794189453125,0.15218469500541687,0.23536618053913116
medium_40f_stride20:a1012a57-385e-45a9-8a59-694a26fe92a5__ep1:qa:33,a1012a57-385e-45a9-8a59-694a26fe92a5__ep1,ep1,test,720,759,16.37854766845703,10.952858924865723,0.16109617054462433,0.2477901726961136
medium_40f_stride20:a1012a57-385e-45a9-8a59-694a26fe92a5__ep1:qa:34,a1012a57-385e-45a9-8a59-694a26fe92a5__ep1,ep1,test,740,779,16.18065071105957,10.203482627868652,0.1869017630815506,0.27850624918937683
medium_40f_stride20:a1012a57-385e-45a9-8a59-694a26fe92a5__ep1:qa:35,a1012a57-385e-45a9-8a59-694a26fe92a5__ep1,ep1,test,760,799,15.975988388061523,10.233413696289062,0.1712307333946228,0.2637004256248474
medium_40f_stride20:a1012a57-385e-45a9-8a59-694a26fe92a5__ep1:qa:36,a1012a57-385e-45a9-8a59-694a26fe92a5__ep1,ep1,test,780,819,15.461067199707031,10.973625183105469,0.15080493688583374,0.21963070333003998
medium_40f_stride20:a1012a57-385e-45a9-8a59-694a26fe92a5__ep1:qa:37,a1012a57-385e-45a9-8a59-694a26fe92a5__ep1,ep1,test,800,839,15.160550117492676,9.771026611328125,0.18992818892002106,0.2774755656719208
medium_40f_stride20:a1012a57-385e-45a9-8a59-694a26fe92a5__ep1:qa:38,a1012a57-385e-45a9-8a59-694a26fe92a5__ep1,ep1,test,820,859,15.106318473815918,8.89538288116455,0.19044706225395203,0.28803712129592896
medium_40f_stride20:a1012a57-385e-45a9-8a59-694a26fe92a5__ep1:qa:39,a1012a57-385e-45a9-8a59-694a26fe92a5__ep1,ep1,test,840,879,15.032075881958008,9.877955436706543,0.15467551350593567,0.23214641213417053
medium_40f_stride20:a1012a57-385e-45a9-8a59-694a26fe92a5__ep1:qa:40,a1012a57-385e-45a9-8a59-694a26fe92a5__ep1,ep1,test,860,899,14.881675720214844,10.223519325256348,0.1487647444009781,0.21874459087848663
medium_40f_stride20:a1012a57-385e-45a9-8a59-694a26fe92a5__ep1:qa:41,a1012a57-385e-45a9-8a59-694a26fe92a5__ep1,ep1,test,880,919,13.937309265136719,9.968183517456055,0.15723106265068054,0.2215084582567215
medium_40f_stride20:a1012a57-385e-45a9-8a59-694a26fe92a5__ep1:qa:42,a1012a57-385e-45a9-8a59-694a26fe92a5__ep1,ep1,test,900,939,13.71996021270752,9.79348087310791,0.1380193680524826,0.20365464687347412
medium_40f_stride20:a1012a57-385e-45a9-8a59-694a26fe92a5__ep1:qa:43,a1012a57-385e-45a9-8a59-694a26fe92a5__ep1,ep1,test,920,959,15.58916187286377,10.601107597351074,0.19146253168582916,0.25686484575271606
medium_40f_stride20:a1012a57-385e-45a9-8a59-694a26fe92a5__ep1:qa:44,a1012a57-385e-45a9-8a59-694a26fe92a5__ep1,ep1,test,940,979,15.80384635925293,9.756091117858887,0.16054128110408783,0.24590975046157837
medium_40f_stride20:a1012a57-385e-45a9-8a59-694a26fe92a5__ep1:qa:45,a1012a57-385e-45a9-8a59-694a26fe92a5__ep1,ep1,test,960,999,15.770772933959961,10.353778839111328,0.1336309164762497,0.2078832983970642
medium_40f_stride20:a1012a57-385e-45a9-8a59-694a26fe92a5__ep1:qa:46,a1012a57-385e-45a9-8a59-694a26fe92a5__ep1,ep1,test,980,1019,15.167281150817871,11.023039817810059,0.10199843347072601,0.1670469343662262
medium_40f_stride20:a1012a57-385e-45a9-8a59-694a26fe92a5__ep1:qa:47,a1012a57-385e-45a9-8a59-694a26fe92a5__ep1,ep1,test,1000,1039,14.818562507629395,10.917206764221191,0.10280721634626389,0.17225489020347595
medium_40f_stride20:a1012a57-385e-45a9-8a59-694a26fe92a5__ep1:qa:48,a1012a57-385e-45a9-8a59-694a26fe92a5__ep1,ep1,test,1020,1059,13.588196754455566,10.680591583251953,0.11922835558652878,0.18038800358772278
medium_40f_stride20:a1012a57-385e-45a9-8a59-694a26fe92a5__ep1:qa:49,a1012a57-385e-45a9-8a59-694a26fe92a5__ep1,ep1,test,1040,1079,13.5354642868042,10.430414199829102,0.23409965634346008,0.378781259059906
medium_40f_stride20:a1012a57-385e-45a9-8a59-694a26fe92a5__ep1:qa:50,a1012a57-385e-45a9-8a59-694a26fe92a5__ep1,ep1,test,1060,1099,10.675525665283203,10.285022735595703,0.21417959034442902,0.2886105179786682
medium_40f_stride20:a1012a57-385e-45a9-8a59-694a26fe92a5__ep1:qa:51,a1012a57-385e-45a9-8a59-694a26fe92a5__ep1,ep1,test,1080,1119,14.893054008483887,9.815534591674805,0.252872109413147,0.38882970809936523
medium_40f_stride20:a1012a57-385e-45a9-8a59-694a26fe92a5__ep1:qa:52,a1012a57-385e-45a9-8a59-694a26fe92a5__ep1,ep1,test,1100,1139,14.433526992797852,9.623624801635742,0.1139836311340332,0.20573528110980988
medium_40f_stride20:a1012a57-385e-45a9-8a59-694a26fe92a5__ep1:qa:53,a1012a57-385e-45a9-8a59-694a26fe92a5__ep1,ep1,test,1120,1159,13.716167449951172,9.266249656677246,0.12062966823577881,0.17812325060367584
medium_40f_stride20:a1012a57-385e-45a9-8a59-694a26fe92a5__ep1:qa:54,a1012a57-385e-45a9-8a59-694a26fe92a5__ep1,ep1,test,1140,1179,13.954161643981934,9.869490623474121,0.11786659061908722,0.16582123935222626
medium_40f_stride20:a1012a57-385e-45a9-8a59-694a26fe92a5__ep1:qa:55,a1012a57-385e-45a9-8a59-694a26fe92a5__ep1,ep1,test,1160,1199,15.067553520202637,8.754230499267578,0.14583487808704376,0.23959314823150635
medium_40f_stride20:a1012a57-385e-45a9-8a59-694a26fe92a5__ep1:qa:56,a1012a57-385e-45a9-8a59-694a26fe92a5__ep1,ep1,test,1180,1219,15.109816551208496,9.429474830627441,0.15161466598510742,0.23549556732177734
medium_40f_stride20:a1012a57-385e-45a9-8a59-694a26fe92a5__ep1:qa:57,a1012a57-385e-45a9-8a59-694a26fe92a5__ep1,ep1,test,1200,1239,14.7074613571167,11.879166603088379,0.10774614661931992,0.16552290320396423
medium_40f_stride20:a1012a57-385e-45a9-8a59-694a26fe92a5__ep1:qa:58,a1012a57-385e-45a9-8a59-694a26fe92a5__ep1,ep1,test,1220,1259,14.878920555114746,10.067723274230957,0.1269652247428894,0.19930477440357208
medium_40f_stride20:a1012a57-385e-45a9-8a59-694a26fe92a5__ep1:qa:59,a1012a57-385e-45a9-8a59-694a26fe92a5__ep1,ep1,test,1240,1279,15.060843467712402,9.542372703552246,0.13334567844867706,0.21204888820648193
medium_40f_stride20:a1012a57-385e-45a9-8a59-694a26fe92a5__ep1:qa:60,a1012a57-385e-45a9-8a59-694a26fe92a5__ep1,ep1,test,1260,1299,15.281402587890625,10.470900535583496,0.10518612712621689,0.1842649281024933
medium_40f_stride20:a1012a57-385e-45a9-8a59-694a26fe92a5__ep1:qa:61,a1012a57-385e-45a9-8a59-694a26fe92a5__ep1,ep1,test,1280,1319,14.2086181640625,9.943229675292969,0.11734982579946518,0.18955086171627045
medium_40f_stride20:a1012a57-385e-45a9-8a59-694a26fe92a5__ep1:qa:62,a1012a57-385e-45a9-8a59-694a26fe92a5__ep1,ep1,test,1300,1339,13.790519714355469,9.40834903717041,0.10644787549972534,0.19332323968410492
medium_40f_stride20:a1012a57-385e-45a9-8a59-694a26fe92a5__ep1:qa:63,a1012a57-385e-45a9-8a59-694a26fe92a5__ep1,ep1,test,1320,1359,14.59605884552002,10.148311614990234,0.1261608749628067,0.20057454705238342
medium_40f_stride20:a1012a57-385e-45a9-8a59-694a26fe92a5__ep1:qa:64,a1012a57-385e-45a9-8a59-694a26fe92a5__ep1,ep1,test,1340,1379,15.175721168518066,10.574691772460938,0.138118714094162,0.20491135120391846
medium_40f_stride20:a1012a57-385e-45a9-8a59-694a26fe92a5__ep1:qa:65,a1012a57-385e-45a9-8a59-694a26fe92a5__ep1,ep1,test,1360,1399,15.738204956054688,10.716802597045898,0.11424928158521652,0.1837448924779892
medium_40f_stride20:a1012a57-385e-45a9-8a59-694a26fe92a5__ep1:qa:66,a1012a57-385e-45a9-8a59-694a26fe92a5__ep1,ep1,test,1380,1419,15.511980056762695,10.264602661132812,0.10956286638975143,0.1943092942237854
medium_40f_stride20:a1012a57-385e-45a9-8a59-694a26fe92a5__ep1:qa:67,a1012a57-385e-45a9-8a59-694a26fe92a5__ep1,ep1,test,1400,1439,15.0498046875,10.151748657226562,0.2183370143175125,0.37797799706459045
medium_40f_stride20:a1012a57-385e-45a9-8a59-694a26fe92a5__ep1:qa:68,a1012a57-385e-45a9-8a59-694a26fe92a5__ep1,ep1,test,1420,1459,11.780054092407227,10.581330299377441,0.163166806101799,0.24711261689662933
medium_40f_stride20:a1012a57-385e-45a9-8a59-694a26fe92a5__ep1:qa:69,a1012a57-385e-45a9-8a59-694a26fe92a5__ep1,ep1,test,1440,1479,14.060324668884277,10.442152976989746,0.10058870911598206,0.16612622141838074
medium_40f_stride20:a1012a57-385e-45a9-8a59-694a26fe92a5__ep1:qa:70,a1012a57-385e-45a9-8a59-694a26fe92a5__ep1,ep1,test,1460,1499,14.421040534973145,10.383569717407227,0.10323765873908997,0.17120443284511566
medium_40f_stride20:a1012a57-385e-45a9-8a59-694a26fe92a5__ep1:qa:71,a1012a57-385e-45a9-8a59-694a26fe92a5__ep1,ep1,test,1480,1519,15.13192367553711,10.41942310333252,0.10195685923099518,0.1780407577753067
medium_40f_stride20:a1012a57-385e-45a9-8a59-694a26fe92a5__ep1:qa:72,a1012a57-385e-45a9-8a59-694a26fe92a5__ep1,ep1,test,1500,1539,15.044209480285645,10.507003784179688,0.10762319713830948,0.17970402538776398
medium_40f_stride20:a1012a57-385e-45a9-8a59-694a26fe92a5__ep1:qa:73,a1012a57-385e-45a9-8a59-694a26fe92a5__ep1,ep1,test,1520,1559,15.050833702087402,10.38253402709961,0.11185380816459656,0.1864737868309021
medium_40f_stride20:a1012a57-385e-45a9-8a59-694a26fe92a5__ep1:qa:74,a1012a57-385e-45a9-8a59-694a26fe92a5__ep1,ep1,test,1540,1579,15.076805114746094,9.974776268005371,0.11784152686595917,0.19496673345565796
medium_40f_stride20:a1012a57-385e-45a9-8a59-694a26fe92a5__ep1:qa:246,a1012a57-385e-45a9-8a59-694a26fe92a5__ep1,ep1,test,5000,5039,14.526653289794922,11.070672035217285,0.07762837409973145,0.1378544718027115
medium_40f_stride20:a1012a57-385e-45a9-8a59-694a26fe92a5__ep1:qa:247,a1012a57-385e-45a9-8a59-694a26fe92a5__ep1,ep1,test,5020,5059,14.424869537353516,10.822460174560547,0.09677489846944809,0.1555200219154358
medium_40f_stride20:a1012a57-385e-45a9-8a59-694a26fe92a5__ep1:qa:248,a1012a57-385e-45a9-8a59-694a26fe92a5__ep1,ep1,test,5040,5079,14.368240356445312,10.452289581298828,0.09915882349014282,0.16042669117450714
medium_40f_stride20:a1012a57-385e-45a9-8a59-694a26fe92a5__ep1:qa:249,a1012a57-385e-45a9-8a59-694a26fe92a5__ep1,ep1,test,5060,5099,14.391339302062988,10.313359260559082,0.10307294875383377,0.17052395641803741
medium_40f_stride20:a1012a57-385e-45a9-8a59-694a26fe92a5__ep1:qa:250,a1012a57-385e-45a9-8a59-694a26fe92a5__ep1,ep1,test,5080,5119,14.339054107666016,10.469908714294434,0.11188776791095734,0.18012601137161255
medium_40f_stride20:a1012a57-385e-45a9-8a59-694a26fe92a5__ep1:qa:251,a1012a57-385e-45a9-8a59-694a26fe92a5__ep1,ep1,test,5100,5139,13.450258255004883,10.578025817871094,0.11895321309566498,0.17687185108661652
medium_40f_stride20:a1012a57-385e-45a9-8a59-694a26fe92a5__ep1:qa:252,a1012a57-385e-45a9-8a59-694a26fe92a5__ep1,ep1,test,5120,5159,12.835451126098633,9.582859992980957,0.07774823904037476,0.13666225969791412
medium_40f_stride20:a1012a57-385e-45a9-8a59-694a26fe92a5__ep1:qa:253,a1012a57-385e-45a9-8a59-694a26fe92a5__ep1,ep1,test,5140,5179,13.141019821166992,9.22408390045166,0.08940235525369644,0.15975700318813324
medium_40f_stride20:a1012a57-385e-45a9-8a59-694a26fe92a5__ep1:qa:254,a1012a57-385e-45a9-8a59-694a26fe92a5__ep1,ep1,test,5160,5199,13.251444816589355,10.24609088897705,0.10645338892936707,0.16473457217216492
medium_40f_stride20:a1012a57-385e-45a9-8a59-694a26fe92a5__ep1:qa:255,a1012a57-385e-45a9-8a59-694a26fe92a5__ep1,ep1,test,5180,5219,12.60355281829834,10.100983619689941,0.1207384243607521,0.16659604012966156
medium_40f_stride20:a1012a57-385e-45a9-8a59-694a26fe92a5__ep1:qa:256,a1012a57-385e-45a9-8a59-694a26fe92a5__ep1,ep1,test,5200,5239,13.192091941833496,10.184182167053223,0.12957574427127838,0.1900133192539215
medium_40f_stride20:a1012a57-385e-45a9-8a59-694a26fe92a5__ep1:qa:257,a1012a57-385e-45a9-8a59-694a26fe92a5__ep1,ep1,test,5220,5259,12.498344421386719,10.057326316833496,0.10627462714910507,0.17545105516910553
medium_40f_stride20:a1012a57-385e-45a9-8a59-694a26fe92a5__ep1:qa:258,a1012a57-385e-45a9-8a59-694a26fe92a5__ep1,ep1,test,5240,5279,12.59587574005127,9.901981353759766,0.10807354003190994,0.18055257201194763
medium_40f_stride20:a1012a57-385e-45a9-8a59-694a26fe92a5__ep1:qa:259,a1012a57-385e-45a9-8a59-694a26fe92a5__ep1,ep1,test,5260,5299,13.56735610961914,8.93421459197998,0.193984255194664,0.31801310181617737
medium_40f_stride20:a1012a57-385e-45a9-8a59-694a26fe92a5__ep1:qa:260,a1012a57-385e-45a9-8a59-694a26fe92a5__ep1,ep1,test,5280,5319,12.565373420715332,8.711700439453125,0.21519416570663452,0.33157211542129517
medium_40f_stride20:a1012a57-385e-45a9-8a59-694a26fe92a5__ep1:qa:261,a1012a57-385e-45a9-8a59-694a26fe92a5__ep1,ep1,test,5300,5339,0.0,9.788834571838379,0.2097035050392151,0.329607218503952
medium_40f_stride20:a1012a57-385e-45a9-8a59-694a26fe92a5__ep1:qa:262,a1012a57-385e-45a9-8a59-694a26fe92a5__ep1,ep1,test,5320,5359,0.0,9.760542869567871,0.20867794752120972,0.32865455746650696
medium_40f_stride20:a1012a57-385e-45a9-8a59-694a26fe92a5__ep1:qa:263,a1012a57-385e-45a9-8a59-694a26fe92a5__ep1,ep1,test,5340,5379,0.0,8.32358169555664,0.1541786789894104,0.2802695631980896
medium_40f_stride20:a1012a57-385e-45a9-8a59-694a26fe92a5__ep1:qa:264,a1012a57-385e-45a9-8a59-694a26fe92a5__ep1,ep1,test,5360,5399,0.0,8.241781234741211,0.150310218334198,0.2775152325630188
medium_40f_stride20:a1012a57-385e-45a9-8a59-694a26fe92a5__ep1:qa:288,a1012a57-385e-45a9-8a59-694a26fe92a5__ep1,ep1,test,5880,5919,0.0,8.154430389404297,0.14322493970394135,0.2745739221572876
medium_40f_stride20:a1012a57-385e-45a9-8a59-694a26fe92a5__ep1:qa:289,a1012a57-385e-45a9-8a59-694a26fe92a5__ep1,ep1,test,5900,5939,0.0,9.119747161865234,0.1552957445383072,0.3070778548717499
medium_40f_stride20:33f7ae08-ac1d-4321-9cb9-eca79016b359__ep1:qa:0,33f7ae08-ac1d-4321-9cb9-eca79016b359__ep1,ep1,test,0,39,0.0,11.777066230773926,0.18316778540611267,0.39655444025993347
medium_40f_stride20:33f7ae08-ac1d-4321-9cb9-eca79016b359__ep1:qa:1,33f7ae08-ac1d-4321-9cb9-eca79016b359__ep1,ep1,test,20,59,0.0,11.774203300476074,0.18119081854820251,0.39645805954933167
medium_40f_stride20:33f7ae08-ac1d-4321-9cb9-eca79016b359__ep1:qa:2,33f7ae08-ac1d-4321-9cb9-eca79016b359__ep1,ep1,test,40,79,0.0,10.716465950012207,0.2571289539337158,0.36084216833114624
medium_40f_stride20:33f7ae08-ac1d-4321-9cb9-eca79016b359__ep1:qa:3,33f7ae08-ac1d-4321-9cb9-eca79016b359__ep1,ep1,test,60,99,0.0,9.092726707458496,0.2159208059310913,0.3061680495738983
medium_40f_stride20:33f7ae08-ac1d-4321-9cb9-eca79016b359__ep1:qa:4,33f7ae08-ac1d-4321-9cb9-eca79016b359__ep1,ep1,test,80,119,0.0,7.510599613189697,0.16708436608314514,0.2528950572013855
medium_40f_stride20:33f7ae08-ac1d-4321-9cb9-eca79016b359__ep1:qa:5,33f7ae08-ac1d-4321-9cb9-eca79016b359__ep1,ep1,test,100,139,0.0,9.982608795166016,0.2395983189344406,0.3361319303512573
medium_40f_stride20:33f7ae08-ac1d-4321-9cb9-eca79016b359__ep1:qa:15,33f7ae08-ac1d-4321-9cb9-eca79016b359__ep1,ep1,test,320,359,0.0,8.158557891845703,0.1654621958732605,0.2747129499912262
medium_40f_stride20:33f7ae08-ac1d-4321-9cb9-eca79016b359__ep1:qa:16,33f7ae08-ac1d-4321-9cb9-eca79016b359__ep1,ep1,test,340,379,0.0,8.948461532592773,0.1638398915529251,0.30131036043167114
medium_40f_stride20:33f7ae08-ac1d-4321-9cb9-eca79016b359__ep1:qa:17,33f7ae08-ac1d-4321-9cb9-eca79016b359__ep1,ep1,test,360,399,0.0,10.234528541564941,0.1699320375919342,0.34461450576782227
medium_40f_stride20:33f7ae08-ac1d-4321-9cb9-eca79016b359__ep1:qa:18,33f7ae08-ac1d-4321-9cb9-eca79016b359__ep1,ep1,test,400,439,0.0,10.534405708312988,0.17732852697372437,0.3547118902206421
medium_40f_stride20:33f7ae08-ac1d-4321-9cb9-eca79016b359__ep1:qa:19,33f7ae08-ac1d-4321-9cb9-eca79016b359__ep1,ep1,test,420,459,0.0,11.213001251220703,0.17531152069568634,0.37756139039993286
medium_40f_stride20:33f7ae08-ac1d-4321-9cb9-eca79016b359__ep1:qa:20,33f7ae08-ac1d-4321-9cb9-eca79016b359__ep1,ep1,test,440,479,0.0,10.817519187927246,0.19700366258621216,0.36424484848976135
medium_40f_stride20:33f7ae08-ac1d-4321-9cb9-eca79016b359__ep1:qa:21,33f7ae08-ac1d-4321-9cb9-eca79016b359__ep1,ep1,test,460,499,0.0,9.986438751220703,0.1806526929140091,0.3362608850002289
medium_40f_stride20:33f7ae08-ac1d-4321-9cb9-eca79016b359__ep1:qa:22,33f7ae08-ac1d-4321-9cb9-eca79016b359__ep1,ep1,test,480,519,0.0,10.030794143676758,0.17732784152030945,0.33775439858436584
medium_40f_stride20:33f7ae08-ac1d-4321-9cb9-eca79016b359__ep1:qa:23,33f7ae08-ac1d-4321-9cb9-eca79016b359__ep1,ep1,test,500,539,0.0,9.869925498962402,0.16804473102092743,0.3323376774787903
medium_40f_stride20:33f7ae08-ac1d-4321-9cb9-eca79016b359__ep1:qa:43,33f7ae08-ac1d-4321-9cb9-eca79016b359__ep1,ep1,test,920,959,37.610008239746094,10.304373741149902,0.8622837662696838,1.1997534036636353
medium_40f_stride20:33f7ae08-ac1d-4321-9cb9-eca79016b359__ep1:qa:44,33f7ae08-ac1d-4321-9cb9-eca79016b359__ep1,ep1,test,940,979,39.196266174316406,10.06737995147705,0.7248925566673279,1.1950275897979736
medium_40f_stride20:33f7ae08-ac1d-4321-9cb9-eca79016b359__ep1:qa:45,33f7ae08-ac1d-4321-9cb9-eca79016b359__ep1,ep1,test,960,999,39.8203010559082,9.867035865783691,0.7020971775054932,1.153790831565857
medium_40f_stride20:33f7ae08-ac1d-4321-9cb9-eca79016b359__ep1:qa:46,33f7ae08-ac1d-4321-9cb9-eca79016b359__ep1,ep1,test,1000,1039,35.9947395324707,10.512269973754883,0.6469417810440063,1.0347652435302734
medium_40f_stride20:33f7ae08-ac1d-4321-9cb9-eca79016b359__ep1:qa:47,33f7ae08-ac1d-4321-9cb9-eca79016b359__ep1,ep1,test,1020,1059,32.988487243652344,7.529865264892578,0.6122655272483826,0.9724125862121582
medium_40f_stride20:33f7ae08-ac1d-4321-9cb9-eca79016b359__ep1:qa:48,33f7ae08-ac1d-4321-9cb9-eca79016b359__ep1,ep1,test,1040,1079,27.227157592773438,7.850619316101074,0.5136357545852661,0.8396180868148804
medium_40f_stride20:33f7ae08-ac1d-4321-9cb9-eca79016b359__ep1:qa:49,33f7ae08-ac1d-4321-9cb9-eca79016b359__ep1,ep1,test,1060,1099,0.0,8.493364334106445,0.196008563041687,0.28598645329475403
medium_40f_stride20:33f7ae08-ac1d-4321-9cb9-eca79016b359__ep1:qa:50,33f7ae08-ac1d-4321-9cb9-eca79016b359__ep1,ep1,test,1080,1119,0.0,9.57585334777832,0.22415365278720856,0.32243573665618896
medium_40f_stride20:33f7ae08-ac1d-4321-9cb9-eca79016b359__ep1:qa:53,33f7ae08-ac1d-4321-9cb9-eca79016b359__ep1,ep1,test,1160,1199,23.5069522857666,11.01993465423584,0.48134082555770874,0.7418564558029175
medium_40f_stride20:33f7ae08-ac1d-4321-9cb9-eca79016b359__ep1:qa:54,33f7ae08-ac1d-4321-9cb9-eca79016b359__ep1,ep1,test,1180,1219,27.277677536010742,10.796529769897461,0.3879524767398834,0.6695247888565063
medium_40f_stride20:33f7ae08-ac1d-4321-9cb9-eca79016b359__ep1:qa:55,33f7ae08-ac1d-4321-9cb9-eca79016b359__ep1,ep1,test,1200,1239,30.450223922729492,8.775001525878906,0.5409906506538391,0.8567402362823486
medium_40f_stride20:33f7ae08-ac1d-4321-9cb9-eca79016b359__ep1:qa:56,33f7ae08-ac1d-4321-9cb9-eca79016b359__ep1,ep1,test,1220,1259,32.079036712646484,10.701495170593262,0.555530309677124,0.8936068415641785
medium_40f_stride20:33f7ae08-ac1d-4321-9cb9-eca79016b359__ep1:qa:57,33f7ae08-ac1d-4321-9cb9-eca79016b359__ep1,ep1,test,1240,1279,32.69404983520508,10.10830020904541,0.5399661064147949,0.9572113156318665
medium_40f_stride20:33f7ae08-ac1d-4321-9cb9-eca79016b359__ep1:qa:58,33f7ae08-ac1d-4321-9cb9-eca79016b359__ep1,ep1,test,1280,1319,27.978561401367188,8.742936134338379,0.5835901498794556,0.893595814704895
medium_40f_stride20:33f7ae08-ac1d-4321-9cb9-eca79016b359__ep1:qa:59,33f7ae08-ac1d-4321-9cb9-eca79016b359__ep1,ep1,test,1300,1339,0.0,9.048637390136719,0.17112086713314056,0.30468347668647766
medium_40f_stride20:33f7ae08-ac1d-4321-9cb9-eca79016b359__ep1:qa:60,33f7ae08-ac1d-4321-9cb9-eca79016b359__ep1,ep1,test,1320,1359,0.0,8.954581260681152,0.19876240193843842,0.30151641368865967
medium_40f_stride20:33f7ae08-ac1d-4321-9cb9-eca79016b359__ep1:qa:61,33f7ae08-ac1d-4321-9cb9-eca79016b359__ep1,ep1,test,1340,1379,0.0,8.290323257446289,0.1977868229150772,0.2791496813297272
medium_40f_stride20:33f7ae08-ac1d-4321-9cb9-eca79016b359__ep1:qa:62,33f7ae08-ac1d-4321-9cb9-eca79016b359__ep1,ep1,test,1360,1399,0.0,18.948640823364258,0.41421419382095337,0.638033926486969
medium_40f_stride20:33f7ae08-ac1d-4321-9cb9-eca79016b359__ep1:qa:63,33f7ae08-ac1d-4321-9cb9-eca79016b359__ep1,ep1,test,1400,1439,0.0,10.375134468078613,0.23758834600448608,0.3493489623069763
medium_40f_stride20:33f7ae08-ac1d-4321-9cb9-eca79016b359__ep1:qa:64,33f7ae08-ac1d-4321-9cb9-eca79016b359__ep1,ep1,test,1420,1459,0.0,10.298410415649414,0.24097038805484772,0.3467654883861542
medium_40f_stride20:33f7ae08-ac1d-4321-9cb9-eca79016b359__ep1:qa:65,33f7ae08-ac1d-4321-9cb9-eca79016b359__ep1,ep1,test,1440,1479,0.0,8.228009223937988,0.19154232740402222,0.27705147862434387
medium_40f_stride20:33f7ae08-ac1d-4321-9cb9-eca79016b359__ep1:qa:66,33f7ae08-ac1d-4321-9cb9-eca79016b359__ep1,ep1,test,1460,1499,0.0,6.9403791427612305,0.15734370052814484,0.23369473218917847
medium_40f_stride20:33f7ae08-ac1d-4321-9cb9-eca79016b359__ep1:qa:67,33f7ae08-ac1d-4321-9cb9-eca79016b359__ep1,ep1,test,1480,1519,0.0,9.28292465209961,0.212764173746109,0.31257233023643494
medium_40f_stride20:33f7ae08-ac1d-4321-9cb9-eca79016b359__ep1:qa:68,33f7ae08-ac1d-4321-9cb9-eca79016b359__ep1,ep1,test,1520,1559,26.812414169311523,7.523451805114746,0.5021937489509583,0.7566214203834534
medium_40f_stride20:33f7ae08-ac1d-4321-9cb9-eca79016b359__ep1:qa:69,33f7ae08-ac1d-4321-9cb9-eca79016b359__ep1,ep1,test,1540,1579,27.314271926879883,7.494313716888428,0.431037962436676,0.7383599281311035
medium_40f_stride20:33f7ae08-ac1d-4321-9cb9-eca79016b359__ep1:qa:70,33f7ae08-ac1d-4321-9cb9-eca79016b359__ep1,ep1,test,1560,1599,26.463294982910156,7.074063301086426,0.40715762972831726,0.6872034072875977
medium_40f_stride20:33f7ae08-ac1d-4321-9cb9-eca79016b359__ep1:qa:71,33f7ae08-ac1d-4321-9cb9-eca79016b359__ep1,ep1,test,1580,1619,26.46642303466797,6.568973064422607,0.40483900904655457,0.7118675708770752
medium_40f_stride20:33f7ae08-ac1d-4321-9cb9-eca79016b359__ep1:qa:72,33f7ae08-ac1d-4321-9cb9-eca79016b359__ep1,ep1,test,1600,1639,26.65082550048828,7.708219528198242,0.38401105999946594,0.6717910766601562
medium_40f_stride20:33f7ae08-ac1d-4321-9cb9-eca79016b359__ep1:qa:73,33f7ae08-ac1d-4321-9cb9-eca79016b359__ep1,ep1,test,1620,1659,27.3297119140625,8.679143905639648,0.38451409339904785,0.6873733401298523
medium_40f_stride20:33f7ae08-ac1d-4321-9cb9-eca79016b359__ep1:qa:91,33f7ae08-ac1d-4321-9cb9-eca79016b359__ep1,ep1,test,2000,2039,25.471515655517578,8.468045234680176,0.35761559009552,0.6673954129219055
medium_40f_stride20:33f7ae08-ac1d-4321-9cb9-eca79016b359__ep1:qa:92,33f7ae08-ac1d-4321-9cb9-eca79016b359__ep1,ep1,test,2020,2059,25.09416389465332,8.696165084838867,0.3457399606704712,0.6278553605079651
medium_40f_stride20:33f7ae08-ac1d-4321-9cb9-eca79016b359__ep1:qa:93,33f7ae08-ac1d-4321-9cb9-eca79016b359__ep1,ep1,test,2040,2079,25.75475311279297,9.008987426757812,0.3476753532886505,0.6085447669029236
medium_40f_stride20:33f7ae08-ac1d-4321-9cb9-eca79016b359__ep1:qa:94,33f7ae08-ac1d-4321-9cb9-eca79016b359__ep1,ep1,test,2060,2099,26.958232879638672,8.582795143127441,0.40050819516181946,0.6714772582054138
medium_40f_stride20:33f7ae08-ac1d-4321-9cb9-eca79016b359__ep1:qa:95,33f7ae08-ac1d-4321-9cb9-eca79016b359__ep1,ep1,test,2080,2119,28.096982955932617,8.334969520568848,0.4564693868160248,0.7670642137527466
medium_40f_stride20:33f7ae08-ac1d-4321-9cb9-eca79016b359__ep1:qa:96,33f7ae08-ac1d-4321-9cb9-eca79016b359__ep1,ep1,test,2100,2139,27.516551971435547,8.489315032958984,0.5591561198234558,0.7959496378898621
medium_40f_stride20:33f7ae08-ac1d-4321-9cb9-eca79016b359__ep1:qa:116,33f7ae08-ac1d-4321-9cb9-eca79016b359__ep1,ep1,test,2520,2559,32.337242126464844,10.155171394348145,0.524066150188446,0.9337885975837708
medium_40f_stride20:33f7ae08-ac1d-4321-9cb9-eca79016b359__ep1:qa:117,33f7ae08-ac1d-4321-9cb9-eca79016b359__ep1,ep1,test,2540,2579,33.64765930175781,10.911675453186035,0.5427475571632385,0.9282335042953491
medium_40f_stride20:33f7ae08-ac1d-4321-9cb9-eca79016b359__ep1:qa:118,33f7ae08-ac1d-4321-9cb9-eca79016b359__ep1,ep1,test,2560,2599,33.782127380371094,11.378755569458008,0.5819645524024963,1.0391740798950195
medium_40f_stride20:33f7ae08-ac1d-4321-9cb9-eca79016b359__ep1:qa:119,33f7ae08-ac1d-4321-9cb9-eca79016b359__ep1,ep1,test,2580,2619,34.05405044555664,10.518340110778809,0.5736923217773438,1.0005295276641846
medium_40f_stride20:33f7ae08-ac1d-4321-9cb9-eca79016b359__ep1:qa:120,33f7ae08-ac1d-4321-9cb9-eca79016b359__ep1,ep1,test,2600,2639,34.42916488647461,10.658109664916992,0.5798778533935547,1.0158228874206543
medium_40f_stride20:33f7ae08-ac1d-4321-9cb9-eca79016b359__ep1:qa:127,33f7ae08-ac1d-4321-9cb9-eca79016b359__ep1,ep1,test,2760,2799,12.17424488067627,9.530987739562988,0.22061680257320404,0.2952675521373749
medium_40f_stride20:33f7ae08-ac1d-4321-9cb9-eca79016b359__ep1:qa:128,33f7ae08-ac1d-4321-9cb9-eca79016b359__ep1,ep1,test,2800,2839,16.045761108398438,10.027812957763672,0.2604296803474426,0.3993348181247711
medium_40f_stride20:33f7ae08-ac1d-4321-9cb9-eca79016b359__ep1:qa:129,33f7ae08-ac1d-4321-9cb9-eca79016b359__ep1,ep1,test,2820,2859,14.01059627532959,9.885204315185547,0.18510976433753967,0.29005417227745056
medium_40f_stride20:33f7ae08-ac1d-4321-9cb9-eca79016b359__ep1:qa:130,33f7ae08-ac1d-4321-9cb9-eca79016b359__ep1,ep1,test,2840,2879,9.48021125793457,10.193761825561523,0.12383469194173813,0.20741592347621918
medium_40f_stride20:33f7ae08-ac1d-4321-9cb9-eca79016b359__ep1:qa:131,33f7ae08-ac1d-4321-9cb9-eca79016b359__ep1,ep1,test,2860,2899,10.250941276550293,9.236485481262207,0.12455618381500244,0.1825772076845169
medium_40f_stride20:33f7ae08-ac1d-4321-9cb9-eca79016b359__ep1:qa:132,33f7ae08-ac1d-4321-9cb9-eca79016b359__ep1,ep1,test,2880,2919,10.623775482177734,9.183882713317871,0.1638680398464203,0.23761782050132751
medium_40f_stride20:33f7ae08-ac1d-4321-9cb9-eca79016b359__ep1:qa:133,33f7ae08-ac1d-4321-9cb9-eca79016b359__ep1,ep1,test,2900,2939,10.902312278747559,10.908609390258789,0.1421123743057251,0.2317812442779541
medium_40f_stride20:33f7ae08-ac1d-4321-9cb9-eca79016b359__ep1:qa:137,33f7ae08-ac1d-4321-9cb9-eca79016b359__ep1,ep1,test,3000,3039,21.993223190307617,7.360597133636475,0.3754955530166626,0.5933260917663574
medium_40f_stride20:33f7ae08-ac1d-4321-9cb9-eca79016b359__ep1:qa:138,33f7ae08-ac1d-4321-9cb9-eca79016b359__ep1,ep1,test,3020,3059,28.595163345336914,8.746828079223633,0.5027389526367188,0.7502766251564026
medium_40f_stride20:33f7ae08-ac1d-4321-9cb9-eca79016b359__ep1:qa:139,33f7ae08-ac1d-4321-9cb9-eca79016b359__ep1,ep1,test,3040,3079,31.222572326660156,9.849017143249512,0.4780213236808777,0.79738849401474
medium_40f_stride20:33f7ae08-ac1d-4321-9cb9-eca79016b359__ep1:qa:140,33f7ae08-ac1d-4321-9cb9-eca79016b359__ep1,ep1,test,3060,3099,33.13666534423828,9.202413558959961,0.5653212070465088,0.9557101130485535
medium_40f_stride20:33f7ae08-ac1d-4321-9cb9-eca79016b359__ep1:qa:141,33f7ae08-ac1d-4321-9cb9-eca79016b359__ep1,ep1,test,3080,3119,33.644317626953125,7.283298492431641,0.6304751634597778,1.0868724584579468
medium_40f_stride20:33f7ae08-ac1d-4321-9cb9-eca79016b359__ep1:qa:142,33f7ae08-ac1d-4321-9cb9-eca79016b359__ep1,ep1,test,3100,3139,35.08008575439453,9.941665649414062,0.6355470418930054,1.0995513200759888
medium_40f_stride20:33f7ae08-ac1d-4321-9cb9-eca79016b359__ep1:qa:150,33f7ae08-ac1d-4321-9cb9-eca79016b359__ep1,ep1,test,3280,3319,35.28623962402344,5.821471214294434,0.7486854195594788,1.1573824882507324
medium_40f_stride20:33f7ae08-ac1d-4321-9cb9-eca79016b359__ep1:qa:151,33f7ae08-ac1d-4321-9cb9-eca79016b359__ep1,ep1,test,3300,3339,35.88490676879883,16.906715393066406,0.7469348311424255,1.338682770729065
medium_40f_stride20:33f7ae08-ac1d-4321-9cb9-eca79016b359__ep1:qa:152,33f7ae08-ac1d-4321-9cb9-eca79016b359__ep1,ep1,test,3320,3359,35.90958786010742,11.04637336730957,0.7145519852638245,1.192926049232483
medium_40f_stride20:33f7ae08-ac1d-4321-9cb9-eca79016b359__ep1:qa:153,33f7ae08-ac1d-4321-9cb9-eca79016b359__ep1,ep1,test,3340,3379,34.614166259765625,9.893689155578613,0.6622872352600098,1.052244782447815
medium_40f_stride20:33f7ae08-ac1d-4321-9cb9-eca79016b359__ep1:qa:154,33f7ae08-ac1d-4321-9cb9-eca79016b359__ep1,ep1,test,3360,3399,33.992713928222656,8.563192367553711,0.6169971227645874,0.9566048979759216
medium_40f_stride20:33f7ae08-ac1d-4321-9cb9-eca79016b359__ep1:qa:155,33f7ae08-ac1d-4321-9cb9-eca79016b359__ep1,ep1,test,3380,3419,34.23149490356445,7.382039546966553,0.7115129828453064,1.0537523031234741
medium_40f_stride20:33f7ae08-ac1d-4321-9cb9-eca79016b359__ep1:qa:157,33f7ae08-ac1d-4321-9cb9-eca79016b359__ep1,ep1,test,3440,3479,34.159793853759766,9.997076034545898,0.5702558755874634,0.9907234311103821
medium_40f_stride20:33f7ae08-ac1d-4321-9cb9-eca79016b359__ep1:qa:158,33f7ae08-ac1d-4321-9cb9-eca79016b359__ep1,ep1,test,3460,3499,33.83327102661133,10.232843399047852,0.5601562261581421,0.9494020342826843
medium_40f_stride20:33f7ae08-ac1d-4321-9cb9-eca79016b359__ep1:qa:159,33f7ae08-ac1d-4321-9cb9-eca79016b359__ep1,ep1,test,3480,3519,33.189186096191406,9.840950012207031,0.5758753418922424,0.9888322949409485
medium_40f_stride20:33f7ae08-ac1d-4321-9cb9-eca79016b359__ep1:qa:160,33f7ae08-ac1d-4321-9cb9-eca79016b359__ep1,ep1,test,3500,3539,32.8456916809082,11.236027717590332,0.5527515411376953,0.9752491116523743
medium_40f_stride20:33f7ae08-ac1d-4321-9cb9-eca79016b359__ep1:qa:161,33f7ae08-ac1d-4321-9cb9-eca79016b359__ep1,ep1,test,3520,3559,32.99754333496094,10.392518043518066,0.5503592491149902,0.9251034259796143
medium_40f_stride20:33f7ae08-ac1d-4321-9cb9-eca79016b359__ep1:qa:162,33f7ae08-ac1d-4321-9cb9-eca79016b359__ep1,ep1,test,3540,3579,33.57474136352539,10.469430923461914,0.5724412798881531,0.9548112750053406
medium_40f_stride20:33f7ae08-ac1d-4321-9cb9-eca79016b359__ep1:qa:166,33f7ae08-ac1d-4321-9cb9-eca79016b359__ep1,ep1,test,3640,3679,33.517425537109375,8.945859909057617,0.556225061416626,0.9860842823982239
medium_40f_stride20:33f7ae08-ac1d-4321-9cb9-eca79016b359__ep1:qa:167,33f7ae08-ac1d-4321-9cb9-eca79016b359__ep1,ep1,test,3660,3699,33.53969192504883,9.084100723266602,0.5573374032974243,0.9835078716278076
medium_40f_stride20:33f7ae08-ac1d-4321-9cb9-eca79016b359__ep1:qa:168,33f7ae08-ac1d-4321-9cb9-eca79016b359__ep1,ep1,test,3680,3719,34.42715072631836,10.885930061340332,0.58116215467453,1.0138180255889893
medium_40f_stride20:33f7ae08-ac1d-4321-9cb9-eca79016b359__ep1:qa:169,33f7ae08-ac1d-4321-9cb9-eca79016b359__ep1,ep1,test,3700,3739,34.27315139770508,10.105875968933105,0.5704839825630188,0.9698134660720825
medium_40f_stride20:33f7ae08-ac1d-4321-9cb9-eca79016b359__ep1:qa:170,33f7ae08-ac1d-4321-9cb9-eca79016b359__ep1,ep1,test,3720,3759,34.52490997314453,9.724627494812012,0.5948749780654907,0.9772844910621643
medium_40f_stride20:33f7ae08-ac1d-4321-9cb9-eca79016b359__ep1:qa:171,33f7ae08-ac1d-4321-9cb9-eca79016b359__ep1,ep1,test,3740,3779,34.721778869628906,10.218050956726074,0.5964696407318115,1.0104966163635254
medium_40f_stride20:33f7ae08-ac1d-4321-9cb9-eca79016b359__ep1:qa:208,33f7ae08-ac1d-4321-9cb9-eca79016b359__ep1,ep1,test,4520,4559,34.64210510253906,11.607030868530273,0.5755805969238281,0.999467670917511
medium_40f_stride20:33f7ae08-ac1d-4321-9cb9-eca79016b359__ep1:qa:209,33f7ae08-ac1d-4321-9cb9-eca79016b359__ep1,ep1,test,4540,4579,34.19855499267578,10.453909873962402,0.6256390810012817,1.0607706308364868
medium_40f_stride20:33f7ae08-ac1d-4321-9cb9-eca79016b359__ep1:qa:210,33f7ae08-ac1d-4321-9cb9-eca79016b359__ep1,ep1,test,4560,4599,33.233619689941406,11.525657653808594,0.5636377334594727,1.016338586807251
medium_40f_stride20:33f7ae08-ac1d-4321-9cb9-eca79016b359__ep1:qa:211,33f7ae08-ac1d-4321-9cb9-eca79016b359__ep1,ep1,test,4580,4619,31.55366325378418,6.327134609222412,0.5675557851791382,1.0008432865142822
medium_40f_stride20:33f7ae08-ac1d-4321-9cb9-eca79016b359__ep1:qa:212,33f7ae08-ac1d-4321-9cb9-eca79016b359__ep1,ep1,test,4600,4639,32.216121673583984,7.371222019195557,0.5722301602363586,0.9820631742477417
medium_40f_stride20:33f7ae08-ac1d-4321-9cb9-eca79016b359__ep1:qa:225,33f7ae08-ac1d-4321-9cb9-eca79016b359__ep1,ep1,test,4880,4919,0.0,9.70360279083252,0.1849910169839859,0.32673728466033936
medium_40f_stride20:33f7ae08-ac1d-4321-9cb9-eca79016b359__ep1:qa:226,33f7ae08-ac1d-4321-9cb9-eca79016b359__ep1,ep1,test,4900,4939,0.0,10.080574989318848,0.2004469335079193,0.33943066000938416
medium_40f_stride20:33f7ae08-ac1d-4321-9cb9-eca79016b359__ep1:qa:227,33f7ae08-ac1d-4321-9cb9-eca79016b359__ep1,ep1,test,4920,4959,0.0,9.415091514587402,0.19062037765979767,0.3170225918292999
medium_40f_stride20:33f7ae08-ac1d-4321-9cb9-eca79016b359__ep1:qa:228,33f7ae08-ac1d-4321-9cb9-eca79016b359__ep1,ep1,test,4940,4979,0.0,9.44020938873291,0.1862592101097107,0.3178683817386627
medium_40f_stride20:33f7ae08-ac1d-4321-9cb9-eca79016b359__ep1:qa:229,33f7ae08-ac1d-4321-9cb9-eca79016b359__ep1,ep1,test,4960,4999,0.0,11.472585678100586,0.18564832210540771,0.38630208373069763
medium_40f_stride20:9c553886-83c5-4dc4-be5c-dcb269b3a771__ep2:qa:0,9c553886-83c5-4dc4-be5c-dcb269b3a771__ep2,ep2,test,0,39,11.86255168914795,11.872052192687988,0.08420106023550034,0.1294284164905548
medium_40f_stride20:9c553886-83c5-4dc4-be5c-dcb269b3a771__ep2:qa:1,9c553886-83c5-4dc4-be5c-dcb269b3a771__ep2,ep2,test,20,59,11.697867393493652,12.215923309326172,0.0868762880563736,0.12435171753168106
medium_40f_stride20:9c553886-83c5-4dc4-be5c-dcb269b3a771__ep2:qa:2,9c553886-83c5-4dc4-be5c-dcb269b3a771__ep2,ep2,test,40,79,11.200784683227539,12.539764404296875,0.09049075841903687,0.1287815272808075
medium_40f_stride20:9c553886-83c5-4dc4-be5c-dcb269b3a771__ep2:qa:3,9c553886-83c5-4dc4-be5c-dcb269b3a771__ep2,ep2,test,60,99,11.261367797851562,12.22259521484375,0.10852997750043869,0.14704333245754242
medium_40f_stride20:9c553886-83c5-4dc4-be5c-dcb269b3a771__ep2:qa:4,9c553886-83c5-4dc4-be5c-dcb269b3a771__ep2,ep2,test,80,119,11.598840713500977,12.120454788208008,0.10662928223609924,0.1647125482559204
medium_40f_stride20:9c553886-83c5-4dc4-be5c-dcb269b3a771__ep2:qa:5,9c553886-83c5-4dc4-be5c-dcb269b3a771__ep2,ep2,test,100,139,11.600091934204102,12.090533256530762,0.09437233954668045,0.15719741582870483
medium_40f_stride20:9c553886-83c5-4dc4-be5c-dcb269b3a771__ep2:qa:6,9c553886-83c5-4dc4-be5c-dcb269b3a771__ep2,ep2,test,120,159,11.334327697753906,12.258116722106934,0.0945972427725792,0.14325499534606934
medium_40f_stride20:9c553886-83c5-4dc4-be5c-dcb269b3a771__ep2:qa:7,9c553886-83c5-4dc4-be5c-dcb269b3a771__ep2,ep2,test,140,179,11.33409595489502,12.333786964416504,0.08928830176591873,0.13104668259620667
medium_40f_stride20:9c553886-83c5-4dc4-be5c-dcb269b3a771__ep2:qa:8,9c553886-83c5-4dc4-be5c-dcb269b3a771__ep2,ep2,test,160,199,11.801196098327637,12.262845993041992,0.09321068227291107,0.14720465242862701
medium_40f_stride20:9c553886-83c5-4dc4-be5c-dcb269b3a771__ep2:qa:9,9c553886-83c5-4dc4-be5c-dcb269b3a771__ep2,ep2,test,180,219,11.748510360717773,11.978832244873047,0.0778813362121582,0.13885390758514404
medium_40f_stride20:9c553886-83c5-4dc4-be5c-dcb269b3a771__ep2:qa:10,9c553886-83c5-4dc4-be5c-dcb269b3a771__ep2,ep2,test,200,239,11.507062911987305,12.027379035949707,0.08530554920434952,0.13103210926055908
medium_40f_stride20:9c553886-83c5-4dc4-be5c-dcb269b3a771__ep2:qa:11,9c553886-83c5-4dc4-be5c-dcb269b3a771__ep2,ep2,test,220,259,11.22734260559082,12.45507526397705,0.09276933968067169,0.13767798244953156
medium_40f_stride20:9c553886-83c5-4dc4-be5c-dcb269b3a771__ep2:qa:25,9c553886-83c5-4dc4-be5c-dcb269b3a771__ep2,ep2,test,520,559,11.57707691192627,12.213068008422852,0.05404416471719742,0.08339172601699829
medium_40f_stride20:9c553886-83c5-4dc4-be5c-dcb269b3a771__ep2:qa:26,9c553886-83c5-4dc4-be5c-dcb269b3a771__ep2,ep2,test,540,579,11.513911247253418,12.185402870178223,0.060986146330833435,0.09773692488670349
medium_40f_stride20:9c553886-83c5-4dc4-be5c-dcb269b3a771__ep2:qa:27,9c553886-83c5-4dc4-be5c-dcb269b3a771__ep2,ep2,test,560,599,11.487066268920898,12.462180137634277,0.0656261146068573,0.10844156891107559
medium_40f_stride20:9c553886-83c5-4dc4-be5c-dcb269b3a771__ep2:qa:28,9c553886-83c5-4dc4-be5c-dcb269b3a771__ep2,ep2,test,600,639,11.797124862670898,12.355719566345215,0.06593076139688492,0.11252828687429428
medium_40f_stride20:9c553886-83c5-4dc4-be5c-dcb269b3a771__ep2:qa:29,9c553886-83c5-4dc4-be5c-dcb269b3a771__ep2,ep2,test,620,659,12.013937950134277,12.663818359375,0.06224951148033142,0.09921978414058685
medium_40f_stride20:9c553886-83c5-4dc4-be5c-dcb269b3a771__ep2:qa:30,9c553886-83c5-4dc4-be5c-dcb269b3a771__ep2,ep2,test,640,679,12.256529808044434,12.454090118408203,0.06250649690628052,0.10836667567491531
medium_40f_stride20:9c553886-83c5-4dc4-be5c-dcb269b3a771__ep2:qa:31,9c553886-83c5-4dc4-be5c-dcb269b3a771__ep2,ep2,test,660,699,12.367438316345215,12.336353302001953,0.06707531958818436,0.12401703000068665
medium_40f_stride20:9c553886-83c5-4dc4-be5c-dcb269b3a771__ep2:qa:32,9c553886-83c5-4dc4-be5c-dcb269b3a771__ep2,ep2,test,680,719,12.439474105834961,11.865139961242676,0.060601506382226944,0.10759379714727402
medium_40f_stride20:9c553886-83c5-4dc4-be5c-dcb269b3a771__ep2:qa:33,9c553886-83c5-4dc4-be5c-dcb269b3a771__ep2,ep2,test,700,739,12.50277328491211,11.590137481689453,0.06756971031427383,0.1122954860329628
medium_40f_stride20:9c553886-83c5-4dc4-be5c-dcb269b3a771__ep2:qa:34,9c553886-83c5-4dc4-be5c-dcb269b3a771__ep2,ep2,test,720,759,12.573260307312012,11.944177627563477,0.07524958997964859,0.12369326502084732
medium_40f_stride20:9c553886-83c5-4dc4-be5c-dcb269b3a771__ep2:qa:35,9c553886-83c5-4dc4-be5c-dcb269b3a771__ep2,ep2,test,740,779,12.797614097595215,11.88716983795166,0.08974587917327881,0.13486306369304657
medium_40f_stride20:9c553886-83c5-4dc4-be5c-dcb269b3a771__ep2:qa:36,9c553886-83c5-4dc4-be5c-dcb269b3a771__ep2,ep2,test,760,799,13.646169662475586,11.662317276000977,0.11574316769838333,0.1852876991033554
medium_40f_stride20:9c553886-83c5-4dc4-be5c-dcb269b3a771__ep2:qa:40,9c553886-83c5-4dc4-be5c-dcb269b3a771__ep2,ep2,test,880,919,14.640563011169434,11.877492904663086,0.13048779964447021,0.20770496129989624
medium_40f_stride20:9c553886-83c5-4dc4-be5c-dcb269b3a771__ep2:qa:41,9c553886-83c5-4dc4-be5c-dcb269b3a771__ep2,ep2,test,900,939,14.528837203979492,11.905165672302246,0.10954372584819794,0.1643313467502594
medium_40f_stride20:9c553886-83c5-4dc4-be5c-dcb269b3a771__ep2:qa:42,9c553886-83c5-4dc4-be5c-dcb269b3a771__ep2,ep2,test,920,959,14.459017753601074,12.082625389099121,0.11106249690055847,0.16247640550136566
medium_40f_stride20:9c553886-83c5-4dc4-be5c-dcb269b3a771__ep2:qa:43,9c553886-83c5-4dc4-be5c-dcb269b3a771__ep2,ep2,test,960,999,14.547345161437988,11.955828666687012,0.1292259246110916,0.1989167183637619
medium_40f_stride20:9c553886-83c5-4dc4-be5c-dcb269b3a771__ep2:qa:57,9c553886-83c5-4dc4-be5c-dcb269b3a771__ep2,ep2,test,1280,1319,14.53940486907959,11.856518745422363,0.12839825451374054,0.213384211063385
medium_40f_stride20:9c553886-83c5-4dc4-be5c-dcb269b3a771__ep2:qa:58,9c553886-83c5-4dc4-be5c-dcb269b3a771__ep2,ep2,test,1300,1339,14.612136840820312,11.74915599822998,0.12770487368106842,0.20480844378471375
medium_40f_stride20:9c553886-83c5-4dc4-be5c-dcb269b3a771__ep2:qa:59,9c553886-83c5-4dc4-be5c-dcb269b3a771__ep2,ep2,test,1320,1359,14.632185935974121,11.477269172668457,0.1307266503572464,0.20936736464500427
medium_40f_stride20:9c553886-83c5-4dc4-be5c-dcb269b3a771__ep2:qa:60,9c553886-83c5-4dc4-be5c-dcb269b3a771__ep2,ep2,test,1340,1379,14.607637405395508,11.611149787902832,0.13611671328544617,0.22343531250953674
medium_40f_stride20:9c553886-83c5-4dc4-be5c-dcb269b3a771__ep2:qa:61,9c553886-83c5-4dc4-be5c-dcb269b3a771__ep2,ep2,test,1360,1399,14.633498191833496,11.890174865722656,0.13290853798389435,0.22057923674583435
medium_40f_stride20:9c553886-83c5-4dc4-be5c-dcb269b3a771__ep2:qa:62,9c553886-83c5-4dc4-be5c-dcb269b3a771__ep2,ep2,test,1400,1439,14.353203773498535,12.021748542785645,0.12028614431619644,0.20215070247650146
medium_40f_stride20:9c553886-83c5-4dc4-be5c-dcb269b3a771__ep2:qa:63,9c553886-83c5-4dc4-be5c-dcb269b3a771__ep2,ep2,test,1420,1459,13.815579414367676,11.903169631958008,0.10551194101572037,0.1777532398700714
medium_40f_stride20:9c553886-83c5-4dc4-be5c-dcb269b3a771__ep2:qa:64,9c553886-83c5-4dc4-be5c-dcb269b3a771__ep2,ep2,test,1440,1479,13.360692024230957,11.873926162719727,0.10457102209329605,0.1814233809709549
medium_40f_stride20:9c553886-83c5-4dc4-be5c-dcb269b3a771__ep2:qa:65,9c553886-83c5-4dc4-be5c-dcb269b3a771__ep2,ep2,test,1460,1499,13.18177604675293,11.97642707824707,0.0974595844745636,0.15540818870067596
medium_40f_stride20:9c553886-83c5-4dc4-be5c-dcb269b3a771__ep2:qa:66,9c553886-83c5-4dc4-be5c-dcb269b3a771__ep2,ep2,test,1480,1519,13.112007141113281,12.136317253112793,0.0813818871974945,0.13265107572078705
medium_40f_stride20:9c553886-83c5-4dc4-be5c-dcb269b3a771__ep2:qa:79,9c553886-83c5-4dc4-be5c-dcb269b3a771__ep2,ep2,test,1800,1839,12.811178207397461,11.913602828979492,0.11144072562456131,0.16047832369804382
medium_40f_stride20:9c553886-83c5-4dc4-be5c-dcb269b3a771__ep2:qa:80,9c553886-83c5-4dc4-be5c-dcb269b3a771__ep2,ep2,test,1820,1859,12.185381889343262,10.617039680480957,0.10700327157974243,0.16704826056957245
medium_40f_stride20:9c553886-83c5-4dc4-be5c-dcb269b3a771__ep2:qa:81,9c553886-83c5-4dc4-be5c-dcb269b3a771__ep2,ep2,test,1840,1879,11.71873950958252,10.464289665222168,0.11284194886684418,0.17559956014156342
medium_40f_stride20:9c553886-83c5-4dc4-be5c-dcb269b3a771__ep2:qa:82,9c553886-83c5-4dc4-be5c-dcb269b3a771__ep2,ep2,test,1860,1899,12.45167064666748,11.55618667602539,0.10802039504051208,0.1649836003780365
medium_40f_stride20:9c553886-83c5-4dc4-be5c-dcb269b3a771__ep2:qa:83,9c553886-83c5-4dc4-be5c-dcb269b3a771__ep2,ep2,test,1880,1919,13.414215087890625,12.123050689697266,0.08635348081588745,0.13432709872722626
medium_40f_stride20:9c553886-83c5-4dc4-be5c-dcb269b3a771__ep2:qa:84,9c553886-83c5-4dc4-be5c-dcb269b3a771__ep2,ep2,test,1900,1939,13.730525970458984,12.174105644226074,0.08158686757087708,0.13263371586799622
medium_40f_stride20:9c553886-83c5-4dc4-be5c-dcb269b3a771__ep2:qa:85,9c553886-83c5-4dc4-be5c-dcb269b3a771__ep2,ep2,test,1920,1959,13.693303108215332,12.264569282531738,0.09074529260396957,0.1450946033000946
medium_40f_stride20:9c553886-83c5-4dc4-be5c-dcb269b3a771__ep2:qa:86,9c553886-83c5-4dc4-be5c-dcb269b3a771__ep2,ep2,test,1940,1979,13.633458137512207,11.648737907409668,0.11664463579654694,0.19518683850765228
medium_40f_stride20:9c553886-83c5-4dc4-be5c-dcb269b3a771__ep2:qa:87,9c553886-83c5-4dc4-be5c-dcb269b3a771__ep2,ep2,test,1960,1999,13.446776390075684,10.536211967468262,0.14079217612743378,0.21012166142463684
medium_40f_stride20:9c553886-83c5-4dc4-be5c-dcb269b3a771__ep2:qa:97,9c553886-83c5-4dc4-be5c-dcb269b3a771__ep2,ep2,test,2200,2239,13.006905555725098,10.289193153381348,0.15709511935710907,0.24240604043006897
medium_40f_stride20:9c553886-83c5-4dc4-be5c-dcb269b3a771__ep2:qa:98,9c553886-83c5-4dc4-be5c-dcb269b3a771__ep2,ep2,test,2220,2259,13.27199935913086,11.59514331817627,0.12123730778694153,0.18400026857852936
medium_40f_stride20:9c553886-83c5-4dc4-be5c-dcb269b3a771__ep2:qa:99,9c553886-83c5-4dc4-be5c-dcb269b3a771__ep2,ep2,test,2240,2279,12.041067123413086,11.353472709655762,0.10738824307918549,0.15506257116794586
medium_40f_stride20:9c553886-83c5-4dc4-be5c-dcb269b3a771__ep2:qa:100,9c553886-83c5-4dc4-be5c-dcb269b3a771__ep2,ep2,test,2260,2299,11.312990188598633,12.282145500183105,0.12154087424278259,0.18160106241703033
medium_40f_stride20:9c553886-83c5-4dc4-be5c-dcb269b3a771__ep2:qa:101,9c553886-83c5-4dc4-be5c-dcb269b3a771__ep2,ep2,test,2280,2319,12.020957946777344,12.390320777893066,0.10507552325725555,0.16424211859703064
medium_40f_stride20:9c553886-83c5-4dc4-be5c-dcb269b3a771__ep2:qa:102,9c553886-83c5-4dc4-be5c-dcb269b3a771__ep2,ep2,test,2300,2339,12.04811954498291,12.319628715515137,0.10500382632017136,0.1637319028377533
medium_40f_stride20:9c553886-83c5-4dc4-be5c-dcb269b3a771__ep2:qa:103,9c553886-83c5-4dc4-be5c-dcb269b3a771__ep2,ep2,test,2320,2359,12.039085388183594,12.456209182739258,0.10444892942905426,0.16301463544368744
medium_40f_stride20:9c553886-83c5-4dc4-be5c-dcb269b3a771__ep2:qa:104,9c553886-83c5-4dc4-be5c-dcb269b3a771__ep2,ep2,test,2340,2379,12.139622688293457,12.568788528442383,0.10189990699291229,0.16097301244735718
medium_40f_stride20:9c553886-83c5-4dc4-be5c-dcb269b3a771__ep2:qa:105,9c553886-83c5-4dc4-be5c-dcb269b3a771__ep2,ep2,test,2360,2399,11.559115409851074,12.580698013305664,0.11826028674840927,0.17789709568023682
medium_40f_stride20:9c553886-83c5-4dc4-be5c-dcb269b3a771__ep2:qa:106,9c553886-83c5-4dc4-be5c-dcb269b3a771__ep2,ep2,test,2380,2419,11.503777503967285,12.684322357177734,0.11839040368795395,0.17641687393188477
medium_40f_stride20:9c553886-83c5-4dc4-be5c-dcb269b3a771__ep2:qa:107,9c553886-83c5-4dc4-be5c-dcb269b3a771__ep2,ep2,test,2400,2439,12.062406539916992,12.603631019592285,0.10304000973701477,0.16440559923648834
medium_40f_stride20:9c553886-83c5-4dc4-be5c-dcb269b3a771__ep2:qa:108,9c553886-83c5-4dc4-be5c-dcb269b3a771__ep2,ep2,test,2420,2459,12.028148651123047,12.634234428405762,0.10577557981014252,0.1642448753118515
medium_40f_stride20:9c553886-83c5-4dc4-be5c-dcb269b3a771__ep2:qa:155,9c553886-83c5-4dc4-be5c-dcb269b3a771__ep2,ep2,test,3400,3439,13.091853141784668,12.717191696166992,0.09998749196529388,0.16841290891170502
medium_40f_stride20:9c553886-83c5-4dc4-be5c-dcb269b3a771__ep2:qa:156,9c553886-83c5-4dc4-be5c-dcb269b3a771__ep2,ep2,test,3420,3459,13.11302375793457,12.66686725616455,0.10120334476232529,0.16945327818393707
medium_40f_stride20:9c553886-83c5-4dc4-be5c-dcb269b3a771__ep2:qa:157,9c553886-83c5-4dc4-be5c-dcb269b3a771__ep2,ep2,test,3440,3479,13.094590187072754,12.632278442382812,0.09738938510417938,0.16673971712589264
medium_40f_stride20:9c553886-83c5-4dc4-be5c-dcb269b3a771__ep2:qa:158,9c553886-83c5-4dc4-be5c-dcb269b3a771__ep2,ep2,test,3460,3499,13.074094772338867,12.58948040008545,0.09805457293987274,0.16870008409023285
medium_40f_stride20:9c553886-83c5-4dc4-be5c-dcb269b3a771__ep2:qa:159,9c553886-83c5-4dc4-be5c-dcb269b3a771__ep2,ep2,test,3480,3519,13.16934585571289,12.593108177185059,0.09933175891637802,0.16893060505390167
medium_40f_stride20:9c553886-83c5-4dc4-be5c-dcb269b3a771__ep2:qa:160,9c553886-83c5-4dc4-be5c-dcb269b3a771__ep2,ep2,test,3500,3539,13.142783164978027,12.703713417053223,0.09816142171621323,0.168448805809021
medium_40f_stride20:9c553886-83c5-4dc4-be5c-dcb269b3a771__ep2:qa:161,9c553886-83c5-4dc4-be5c-dcb269b3a771__ep2,ep2,test,3520,3559,13.097213745117188,12.656242370605469,0.09671842306852341,0.16685056686401367
medium_40f_stride20:9c553886-83c5-4dc4-be5c-dcb269b3a771__ep2:qa:162,9c553886-83c5-4dc4-be5c-dcb269b3a771__ep2,ep2,test,3540,3579,13.19306468963623,12.600046157836914,0.10038489103317261,0.1728145033121109
medium_40f_stride20:9c553886-83c5-4dc4-be5c-dcb269b3a771__ep2:qa:163,9c553886-83c5-4dc4-be5c-dcb269b3a771__ep2,ep2,test,3560,3599,13.108094215393066,12.555728912353516,0.09831736981868744,0.17163991928100586
medium_40f_stride20:9c553886-83c5-4dc4-be5c-dcb269b3a771__ep2:qa:164,9c553886-83c5-4dc4-be5c-dcb269b3a771__ep2,ep2,test,3580,3619,13.053023338317871,12.543980598449707,0.09423339366912842,0.1646425575017929
medium_40f_stride20:9c553886-83c5-4dc4-be5c-dcb269b3a771__ep2:qa:165,9c553886-83c5-4dc4-be5c-dcb269b3a771__ep2,ep2,test,3600,3639,13.151625633239746,12.624606132507324,0.09624169766902924,0.16492508351802826
medium_40f_stride20:9c553886-83c5-4dc4-be5c-dcb269b3a771__ep2:qa:166,9c553886-83c5-4dc4-be5c-dcb269b3a771__ep2,ep2,test,3620,3659,13.197749137878418,12.711043357849121,0.09718585759401321,0.1664336621761322
medium_40f_stride20:9c553886-83c5-4dc4-be5c-dcb269b3a771__ep2:qa:213,9c553886-83c5-4dc4-be5c-dcb269b3a771__ep2,ep2,test,4600,4639,12.10517406463623,12.62032413482666,0.08299539238214493,0.12424717098474503
medium_40f_stride20:9c553886-83c5-4dc4-be5c-dcb269b3a771__ep2:qa:214,9c553886-83c5-4dc4-be5c-dcb269b3a771__ep2,ep2,test,4620,4659,12.093716621398926,12.439701080322266,0.09104373306035995,0.13874976336956024
medium_40f_stride20:9c553886-83c5-4dc4-be5c-dcb269b3a771__ep2:qa:215,9c553886-83c5-4dc4-be5c-dcb269b3a771__ep2,ep2,test,4640,4679,12.078030586242676,12.608620643615723,0.09777726233005524,0.14805440604686737
medium_40f_stride20:9c553886-83c5-4dc4-be5c-dcb269b3a771__ep2:qa:216,9c553886-83c5-4dc4-be5c-dcb269b3a771__ep2,ep2,test,4660,4699,12.220399856567383,12.815380096435547,0.0935530960559845,0.14624033868312836
medium_40f_stride20:9c553886-83c5-4dc4-be5c-dcb269b3a771__ep2:qa:217,9c553886-83c5-4dc4-be5c-dcb269b3a771__ep2,ep2,test,4680,4719,12.222601890563965,12.792405128479004,0.09246180951595306,0.14380408823490143
medium_40f_stride20:9c553886-83c5-4dc4-be5c-dcb269b3a771__ep2:qa:218,9c553886-83c5-4dc4-be5c-dcb269b3a771__ep2,ep2,test,4700,4739,12.270068168640137,12.83418083190918,0.08980821818113327,0.13993416726589203
medium_40f_stride20:9c553886-83c5-4dc4-be5c-dcb269b3a771__ep2:qa:219,9c553886-83c5-4dc4-be5c-dcb269b3a771__ep2,ep2,test,4720,4759,12.311962127685547,12.83525276184082,0.08985461294651031,0.14073793590068817
medium_40f_stride20:9c553886-83c5-4dc4-be5c-dcb269b3a771__ep2:qa:220,9c553886-83c5-4dc4-be5c-dcb269b3a771__ep2,ep2,test,4740,4779,12.382990837097168,12.920955657958984,0.09273926168680191,0.137454092502594
medium_40f_stride20:9c553886-83c5-4dc4-be5c-dcb269b3a771__ep2:qa:221,9c553886-83c5-4dc4-be5c-dcb269b3a771__ep2,ep2,test,4760,4799,12.689770698547363,12.450060844421387,0.08815465867519379,0.1379885971546173
medium_40f_stride20:9c553886-83c5-4dc4-be5c-dcb269b3a771__ep2:qa:257,9c553886-83c5-4dc4-be5c-dcb269b3a771__ep2,ep2,test,5520,5559,12.043752670288086,12.464872360229492,0.09690787643194199,0.14838777482509613
medium_40f_stride20:9c553886-83c5-4dc4-be5c-dcb269b3a771__ep2:qa:258,9c553886-83c5-4dc4-be5c-dcb269b3a771__ep2,ep2,test,5540,5579,11.592537879943848,11.945290565490723,0.1051587164402008,0.15067824721336365
medium_40f_stride20:9c553886-83c5-4dc4-be5c-dcb269b3a771__ep2:qa:259,9c553886-83c5-4dc4-be5c-dcb269b3a771__ep2,ep2,test,5560,5599,11.327205657958984,11.144648551940918,0.09585126489400864,0.14489653706550598
medium_40f_stride20:9c553886-83c5-4dc4-be5c-dcb269b3a771__ep2:qa:260,9c553886-83c5-4dc4-be5c-dcb269b3a771__ep2,ep2,test,5580,5619,11.554287910461426,11.866314888000488,0.10222594439983368,0.14513947069644928
medium_40f_stride20:9c553886-83c5-4dc4-be5c-dcb269b3a771__ep2:qa:261,9c553886-83c5-4dc4-be5c-dcb269b3a771__ep2,ep2,test,5600,5639,12.376927375793457,11.714746475219727,0.10513781756162643,0.16221116483211517
medium_40f_stride20:9c553886-83c5-4dc4-be5c-dcb269b3a771__ep2:qa:262,9c553886-83c5-4dc4-be5c-dcb269b3a771__ep2,ep2,test,5640,5679,12.222455024719238,11.93252182006836,0.12466312199831009,0.173200786113739
medium_40f_stride20:9c553886-83c5-4dc4-be5c-dcb269b3a771__ep2:qa:263,9c553886-83c5-4dc4-be5c-dcb269b3a771__ep2,ep2,test,5660,5699,12.037842750549316,11.389159202575684,0.14183208346366882,0.2000436931848526
medium_40f_stride20:9c553886-83c5-4dc4-be5c-dcb269b3a771__ep2:qa:264,9c553886-83c5-4dc4-be5c-dcb269b3a771__ep2,ep2,test,5680,5719,11.995138168334961,10.517423629760742,0.12048891931772232,0.17794732749462128
medium_40f_stride20:9c553886-83c5-4dc4-be5c-dcb269b3a771__ep2:qa:265,9c553886-83c5-4dc4-be5c-dcb269b3a771__ep2,ep2,test,5700,5739,11.335920333862305,10.941604614257812,0.11427604407072067,0.16956251859664917
medium_40f_stride20:9c553886-83c5-4dc4-be5c-dcb269b3a771__ep2:qa:266,9c553886-83c5-4dc4-be5c-dcb269b3a771__ep2,ep2,test,5720,5759,12.031146049499512,12.386651039123535,0.09474088996648788,0.1445908099412918
medium_40f_stride20:9c553886-83c5-4dc4-be5c-dcb269b3a771__ep2:qa:267,9c553886-83c5-4dc4-be5c-dcb269b3a771__ep2,ep2,test,5740,5779,11.997522354125977,12.509300231933594,0.09497423470020294,0.14998789131641388
medium_40f_stride20:9c553886-83c5-4dc4-be5c-dcb269b3a771__ep2:qa:268,9c553886-83c5-4dc4-be5c-dcb269b3a771__ep2,ep2,test,5760,5799,11.93610954284668,12.389288902282715,0.08684062212705612,0.13592299818992615
medium_40f_stride20:9c553886-83c5-4dc4-be5c-dcb269b3a771__ep2:qa:269,9c553886-83c5-4dc4-be5c-dcb269b3a771__ep2,ep2,test,5800,5839,11.849981307983398,12.346219062805176,0.08789096772670746,0.14027968049049377
medium_40f_stride20:9c553886-83c5-4dc4-be5c-dcb269b3a771__ep2:qa:270,9c553886-83c5-4dc4-be5c-dcb269b3a771__ep2,ep2,test,5840,5879,11.850174903869629,11.802788734436035,0.06760799139738083,0.10342958569526672
medium_40f_stride20:9c553886-83c5-4dc4-be5c-dcb269b3a771__ep2:qa:271,9c553886-83c5-4dc4-be5c-dcb269b3a771__ep2,ep2,test,5880,5919,11.684233665466309,12.313234329223633,0.0749712586402893,0.11255215108394623
medium_40f_stride20:9c553886-83c5-4dc4-be5c-dcb269b3a771__ep2:qa:272,9c553886-83c5-4dc4-be5c-dcb269b3a771__ep2,ep2,test,5900,5939,11.54512882232666,12.309679985046387,0.08711247891187668,0.13122956454753876
medium_40f_stride20:34f07a04-eb37-45a3-95ec-189ed5f4a85b__ep5:qa:0,34f07a04-eb37-45a3-95ec-189ed5f4a85b__ep5,ep5,test,0,39,13.244895935058594,8.943078994750977,0.20490404963493347,0.37140610814094543
medium_40f_stride20:34f07a04-eb37-45a3-95ec-189ed5f4a85b__ep5:qa:1,34f07a04-eb37-45a3-95ec-189ed5f4a85b__ep5,ep5,test,20,59,14.579140663146973,9.079259872436523,0.186569944024086,0.36588525772094727
medium_40f_stride20:34f07a04-eb37-45a3-95ec-189ed5f4a85b__ep5:qa:2,34f07a04-eb37-45a3-95ec-189ed5f4a85b__ep5,ep5,test,40,79,14.59405517578125,9.15911865234375,0.10576658695936203,0.21464139223098755
medium_40f_stride20:34f07a04-eb37-45a3-95ec-189ed5f4a85b__ep5:qa:3,34f07a04-eb37-45a3-95ec-189ed5f4a85b__ep5,ep5,test,60,99,14.525208473205566,9.287858009338379,0.10023701190948486,0.20610909163951874
medium_40f_stride20:34f07a04-eb37-45a3-95ec-189ed5f4a85b__ep5:qa:4,34f07a04-eb37-45a3-95ec-189ed5f4a85b__ep5,ep5,test,80,119,15.221656799316406,8.656737327575684,0.18948636949062347,0.2880972623825073
medium_40f_stride20:34f07a04-eb37-45a3-95ec-189ed5f4a85b__ep5:qa:5,34f07a04-eb37-45a3-95ec-189ed5f4a85b__ep5,ep5,test,100,139,16.32916831970215,9.599254608154297,0.20596209168434143,0.2983165979385376
medium_40f_stride20:34f07a04-eb37-45a3-95ec-189ed5f4a85b__ep5:qa:11,34f07a04-eb37-45a3-95ec-189ed5f4a85b__ep5,ep5,test,240,279,14.824748039245605,11.060101509094238,0.15534894168376923,0.2598530650138855
medium_40f_stride20:34f07a04-eb37-45a3-95ec-189ed5f4a85b__ep5:qa:12,34f07a04-eb37-45a3-95ec-189ed5f4a85b__ep5,ep5,test,260,299,14.211036682128906,12.627333641052246,0.19973552227020264,0.2855389416217804
medium_40f_stride20:34f07a04-eb37-45a3-95ec-189ed5f4a85b__ep5:qa:13,34f07a04-eb37-45a3-95ec-189ed5f4a85b__ep5,ep5,test,280,319,17.501802444458008,11.97535514831543,0.19163355231285095,0.29320651292800903
medium_40f_stride20:34f07a04-eb37-45a3-95ec-189ed5f4a85b__ep5:qa:14,34f07a04-eb37-45a3-95ec-189ed5f4a85b__ep5,ep5,test,300,339,16.353302001953125,9.28330135345459,0.17495882511138916,0.26252323389053345
medium_40f_stride20:34f07a04-eb37-45a3-95ec-189ed5f4a85b__ep5:qa:15,34f07a04-eb37-45a3-95ec-189ed5f4a85b__ep5,ep5,test,320,359,16.443645477294922,9.560075759887695,0.16197443008422852,0.25619158148765564
medium_40f_stride20:34f07a04-eb37-45a3-95ec-189ed5f4a85b__ep5:qa:16,34f07a04-eb37-45a3-95ec-189ed5f4a85b__ep5,ep5,test,340,379,16.355693817138672,10.143842697143555,0.2039099782705307,0.3048962354660034
medium_40f_stride20:34f07a04-eb37-45a3-95ec-189ed5f4a85b__ep5:qa:56,34f07a04-eb37-45a3-95ec-189ed5f4a85b__ep5,ep5,test,1280,1319,18.426834106445312,11.400196075439453,0.14325304329395294,0.2569640278816223
medium_40f_stride20:34f07a04-eb37-45a3-95ec-189ed5f4a85b__ep5:qa:57,34f07a04-eb37-45a3-95ec-189ed5f4a85b__ep5,ep5,test,1300,1339,18.357620239257812,11.928796768188477,0.15711435675621033,0.2681056559085846
medium_40f_stride20:34f07a04-eb37-45a3-95ec-189ed5f4a85b__ep5:qa:58,34f07a04-eb37-45a3-95ec-189ed5f4a85b__ep5,ep5,test,1320,1359,17.614694595336914,11.3788423538208,0.1705823689699173,0.27739089727401733
medium_40f_stride20:34f07a04-eb37-45a3-95ec-189ed5f4a85b__ep5:qa:59,34f07a04-eb37-45a3-95ec-189ed5f4a85b__ep5,ep5,test,1340,1379,17.54076385498047,10.41081714630127,0.17701467871665955,0.28177592158317566
medium_40f_stride20:34f07a04-eb37-45a3-95ec-189ed5f4a85b__ep5:qa:60,34f07a04-eb37-45a3-95ec-189ed5f4a85b__ep5,ep5,test,1360,1399,16.654991149902344,11.0684175491333,0.13016405701637268,0.22109653055667877
medium_40f_stride20:34f07a04-eb37-45a3-95ec-189ed5f4a85b__ep5:qa:61,34f07a04-eb37-45a3-95ec-189ed5f4a85b__ep5,ep5,test,1400,1439,16.129636764526367,11.177461624145508,0.10141325742006302,0.1823636144399643
medium_40f_stride20:34f07a04-eb37-45a3-95ec-189ed5f4a85b__ep5:qa:62,34f07a04-eb37-45a3-95ec-189ed5f4a85b__ep5,ep5,test,1420,1459,15.979409217834473,11.257072448730469,0.09991173446178436,0.18331265449523926
medium_40f_stride20:34f07a04-eb37-45a3-95ec-189ed5f4a85b__ep5:qa:63,34f07a04-eb37-45a3-95ec-189ed5f4a85b__ep5,ep5,test,1440,1479,15.843409538269043,10.710235595703125,0.10263482481241226,0.1935647428035736
medium_40f_stride20:34f07a04-eb37-45a3-95ec-189ed5f4a85b__ep5:qa:64,34f07a04-eb37-45a3-95ec-189ed5f4a85b__ep5,ep5,test,1460,1499,15.58796215057373,11.048394203186035,0.09803164750337601,0.18141770362854004
medium_40f_stride20:34f07a04-eb37-45a3-95ec-189ed5f4a85b__ep5:qa:65,34f07a04-eb37-45a3-95ec-189ed5f4a85b__ep5,ep5,test,1480,1519,15.462074279785156,11.18125057220459,0.0886150524020195,0.16205942630767822
medium_40f_stride20:34f07a04-eb37-45a3-95ec-189ed5f4a85b__ep5:qa:66,34f07a04-eb37-45a3-95ec-189ed5f4a85b__ep5,ep5,test,1500,1539,15.355076789855957,11.079769134521484,0.09442422538995743,0.16766339540481567
medium_40f_stride20:34f07a04-eb37-45a3-95ec-189ed5f4a85b__ep5:qa:67,34f07a04-eb37-45a3-95ec-189ed5f4a85b__ep5,ep5,test,1520,1559,15.25830078125,11.28339672088623,0.09706961363554001,0.1561088263988495
medium_40f_stride20:34f07a04-eb37-45a3-95ec-189ed5f4a85b__ep5:qa:72,34f07a04-eb37-45a3-95ec-189ed5f4a85b__ep5,ep5,test,1640,1679,17.720746994018555,10.801607131958008,0.23015297949314117,0.3367801606655121
medium_40f_stride20:34f07a04-eb37-45a3-95ec-189ed5f4a85b__ep5:qa:73,34f07a04-eb37-45a3-95ec-189ed5f4a85b__ep5,ep5,test,1660,1699,17.97846031188965,10.966814041137695,0.16817127168178558,0.26865869760513306
medium_40f_stride20:34f07a04-eb37-45a3-95ec-189ed5f4a85b__ep5:qa:74,34f07a04-eb37-45a3-95ec-189ed5f4a85b__ep5,ep5,test,1680,1719,18.079805374145508,11.459294319152832,0.15120242536067963,0.25490278005599976
medium_40f_stride20:34f07a04-eb37-45a3-95ec-189ed5f4a85b__ep5:qa:75,34f07a04-eb37-45a3-95ec-189ed5f4a85b__ep5,ep5,test,1700,1739,16.683115005493164,12.608806610107422,0.15145233273506165,0.2401205450296402
medium_40f_stride20:34f07a04-eb37-45a3-95ec-189ed5f4a85b__ep5:qa:76,34f07a04-eb37-45a3-95ec-189ed5f4a85b__ep5,ep5,test,1720,1759,17.71671485900879,10.838504791259766,0.17204549908638,0.2779217064380646
medium_40f_stride20:34f07a04-eb37-45a3-95ec-189ed5f4a85b__ep5:qa:77,34f07a04-eb37-45a3-95ec-189ed5f4a85b__ep5,ep5,test,1740,1779,17.579938888549805,11.885265350341797,0.17993128299713135,0.2700408697128296
medium_40f_stride20:34f07a04-eb37-45a3-95ec-189ed5f4a85b__ep5:qa:79,34f07a04-eb37-45a3-95ec-189ed5f4a85b__ep5,ep5,test,1800,1839,17.70050621032715,10.284576416015625,0.1953403502702713,0.30222848057746887
medium_40f_stride20:34f07a04-eb37-45a3-95ec-189ed5f4a85b__ep5:qa:80,34f07a04-eb37-45a3-95ec-189ed5f4a85b__ep5,ep5,test,1820,1859,17.620624542236328,11.208612442016602,0.19047699868679047,0.28391173481941223
medium_40f_stride20:34f07a04-eb37-45a3-95ec-189ed5f4a85b__ep5:qa:81,34f07a04-eb37-45a3-95ec-189ed5f4a85b__ep5,ep5,test,1840,1879,17.68484878540039,11.30137825012207,0.15258346498012543,0.2450733482837677
medium_40f_stride20:34f07a04-eb37-45a3-95ec-189ed5f4a85b__ep5:qa:93,34f07a04-eb37-45a3-95ec-189ed5f4a85b__ep5,ep5,test,2120,2159,17.833650588989258,10.51174259185791,0.14460532367229462,0.2651163637638092
medium_40f_stride20:34f07a04-eb37-45a3-95ec-189ed5f4a85b__ep5:qa:94,34f07a04-eb37-45a3-95ec-189ed5f4a85b__ep5,ep5,test,2140,2179,17.345685958862305,11.347551345825195,0.15057912468910217,0.2323237955570221
medium_40f_stride20:34f07a04-eb37-45a3-95ec-189ed5f4a85b__ep5:qa:95,34f07a04-eb37-45a3-95ec-189ed5f4a85b__ep5,ep5,test,2160,2199,17.935321807861328,12.084137916564941,0.18531914055347443,0.27772966027259827
medium_40f_stride20:34f07a04-eb37-45a3-95ec-189ed5f4a85b__ep5:qa:96,34f07a04-eb37-45a3-95ec-189ed5f4a85b__ep5,ep5,test,2180,2219,16.98375701904297,10.767556190490723,0.20738835632801056,0.3027612268924713
medium_40f_stride20:34f07a04-eb37-45a3-95ec-189ed5f4a85b__ep5:qa:97,34f07a04-eb37-45a3-95ec-189ed5f4a85b__ep5,ep5,test,2200,2239,16.783475875854492,13.214591026306152,0.24174585938453674,0.36568570137023926
medium_40f_stride20:34f07a04-eb37-45a3-95ec-189ed5f4a85b__ep5:qa:98,34f07a04-eb37-45a3-95ec-189ed5f4a85b__ep5,ep5,test,2220,2259,17.01226234436035,11.580863952636719,0.13275884091854095,0.20946650207042694
medium_40f_stride20:34f07a04-eb37-45a3-95ec-189ed5f4a85b__ep5:qa:125,34f07a04-eb37-45a3-95ec-189ed5f4a85b__ep5,ep5,test,2800,2839,0.0,11.744729995727539,0.19445963203907013,0.3954656422138214
medium_40f_stride20:34f07a04-eb37-45a3-95ec-189ed5f4a85b__ep5:qa:126,34f07a04-eb37-45a3-95ec-189ed5f4a85b__ep5,ep5,test,2820,2859,0.0,11.952990531921387,0.18932923674583435,0.4024781584739685
medium_40f_stride20:34f07a04-eb37-45a3-95ec-189ed5f4a85b__ep5:qa:127,34f07a04-eb37-45a3-95ec-189ed5f4a85b__ep5,ep5,test,2840,2879,0.0,11.709208488464355,0.18427331745624542,0.39426958560943604
medium_40f_stride20:34f07a04-eb37-45a3-95ec-189ed5f4a85b__ep5:qa:128,34f07a04-eb37-45a3-95ec-189ed5f4a85b__ep5,ep5,test,2860,2899,0.0,11.825028419494629,0.18954016268253326,0.3981694281101227
medium_40f_stride20:34f07a04-eb37-45a3-95ec-189ed5f4a85b__ep5:qa:129,34f07a04-eb37-45a3-95ec-189ed5f4a85b__ep5,ep5,test,2880,2919,0.0,11.49859619140625,0.18504086136817932,0.38717788457870483
medium_40f_stride20:34f07a04-eb37-45a3-95ec-189ed5f4a85b__ep5:qa:130,34f07a04-eb37-45a3-95ec-189ed5f4a85b__ep5,ep5,test,2900,2939,0.0,10.958559036254883,0.1854250133037567,0.3689938485622406
medium_40f_stride20:34f07a04-eb37-45a3-95ec-189ed5f4a85b__ep5:qa:131,34f07a04-eb37-45a3-95ec-189ed5f4a85b__ep5,ep5,test,2920,2959,0.0,11.317026138305664,0.1956081986427307,0.3810640871524811
medium_40f_stride20:34f07a04-eb37-45a3-95ec-189ed5f4a85b__ep5:qa:137,34f07a04-eb37-45a3-95ec-189ed5f4a85b__ep5,ep5,test,3080,3119,18.49075698852539,11.768253326416016,0.1431998759508133,0.24171434342861176
medium_40f_stride20:34f07a04-eb37-45a3-95ec-189ed5f4a85b__ep5:qa:138,34f07a04-eb37-45a3-95ec-189ed5f4a85b__ep5,ep5,test,3100,3139,18.495410919189453,11.780686378479004,0.14259591698646545,0.24400031566619873
medium_40f_stride20:34f07a04-eb37-45a3-95ec-189ed5f4a85b__ep5:qa:139,34f07a04-eb37-45a3-95ec-189ed5f4a85b__ep5,ep5,test,3120,3159,17.377490997314453,11.637630462646484,0.15641936659812927,0.2405591607093811
medium_40f_stride20:34f07a04-eb37-45a3-95ec-189ed5f4a85b__ep5:qa:140,34f07a04-eb37-45a3-95ec-189ed5f4a85b__ep5,ep5,test,3140,3179,17.029029846191406,10.852886199951172,0.14040493965148926,0.24068564176559448
medium_40f_stride20:34f07a04-eb37-45a3-95ec-189ed5f4a85b__ep5:qa:141,34f07a04-eb37-45a3-95ec-189ed5f4a85b__ep5,ep5,test,3160,3199,16.655128479003906,10.803213119506836,0.1537390500307083,0.23775552213191986
medium_40f_stride20:34f07a04-eb37-45a3-95ec-189ed5f4a85b__ep5:qa:142,34f07a04-eb37-45a3-95ec-189ed5f4a85b__ep5,ep5,test,3200,3239,15.103869438171387,11.447088241577148,0.2656480073928833,0.3550891578197479
medium_40f_stride20:34f07a04-eb37-45a3-95ec-189ed5f4a85b__ep5:qa:143,34f07a04-eb37-45a3-95ec-189ed5f4a85b__ep5,ep5,test,3220,3259,14.141838073730469,12.76447582244873,0.2616427540779114,0.35046470165252686
medium_40f_stride20:34f07a04-eb37-45a3-95ec-189ed5f4a85b__ep5:qa:144,34f07a04-eb37-45a3-95ec-189ed5f4a85b__ep5,ep5,test,3240,3279,14.09520435333252,10.76089096069336,0.2355901449918747,0.38975948095321655
medium_40f_stride20:34f07a04-eb37-45a3-95ec-189ed5f4a85b__ep5:qa:145,34f07a04-eb37-45a3-95ec-189ed5f4a85b__ep5,ep5,test,3260,3299,14.396900177001953,9.634303092956543,0.19632476568222046,0.3377189338207245
medium_40f_stride20:34f07a04-eb37-45a3-95ec-189ed5f4a85b__ep5:qa:146,34f07a04-eb37-45a3-95ec-189ed5f4a85b__ep5,ep5,test,3280,3319,14.332623481750488,7.096427917480469,0.17218255996704102,0.27825313806533813
medium_40f_stride20:34f07a04-eb37-45a3-95ec-189ed5f4a85b__ep5:qa:147,34f07a04-eb37-45a3-95ec-189ed5f4a85b__ep5,ep5,test,3320,3359,10.139575004577637,7.951735973358154,0.12336315214633942,0.16816695034503937
medium_40f_stride20:34f07a04-eb37-45a3-95ec-189ed5f4a85b__ep5:qa:148,34f07a04-eb37-45a3-95ec-189ed5f4a85b__ep5,ep5,test,3340,3379,12.298196792602539,10.078723907470703,0.1794721484184265,0.2598956525325775
medium_40f_stride20:34f07a04-eb37-45a3-95ec-189ed5f4a85b__ep5:qa:149,34f07a04-eb37-45a3-95ec-189ed5f4a85b__ep5,ep5,test,3360,3399,12.488059997558594,10.80330753326416,0.17102275788784027,0.247068390250206
medium_40f_stride20:34f07a04-eb37-45a3-95ec-189ed5f4a85b__ep5:qa:169,34f07a04-eb37-45a3-95ec-189ed5f4a85b__ep5,ep5,test,3800,3839,10.676278114318848,11.338279724121094,0.07830105721950531,0.12934914231300354
medium_40f_stride20:34f07a04-eb37-45a3-95ec-189ed5f4a85b__ep5:qa:170,34f07a04-eb37-45a3-95ec-189ed5f4a85b__ep5,ep5,test,3820,3859,10.316455841064453,11.470186233520508,0.07205915451049805,0.11114882677793503
medium_40f_stride20:34f07a04-eb37-45a3-95ec-189ed5f4a85b__ep5:qa:171,34f07a04-eb37-45a3-95ec-189ed5f4a85b__ep5,ep5,test,3840,3879,10.319209098815918,11.789971351623535,0.06790486723184586,0.11768118292093277
medium_40f_stride20:34f07a04-eb37-45a3-95ec-189ed5f4a85b__ep5:qa:172,34f07a04-eb37-45a3-95ec-189ed5f4a85b__ep5,ep5,test,3860,3899,10.222003936767578,12.059175491333008,0.05918566882610321,0.10745466500520706
medium_40f_stride20:34f07a04-eb37-45a3-95ec-189ed5f4a85b__ep5:qa:173,34f07a04-eb37-45a3-95ec-189ed5f4a85b__ep5,ep5,test,3880,3919,10.173458099365234,11.98928165435791,0.058435868471860886,0.10575240850448608
medium_40f_stride20:34f07a04-eb37-45a3-95ec-189ed5f4a85b__ep5:qa:174,34f07a04-eb37-45a3-95ec-189ed5f4a85b__ep5,ep5,test,3900,3939,10.048651695251465,11.139666557312012,0.07167377322912216,0.1038425862789154
medium_40f_stride20:34f07a04-eb37-45a3-95ec-189ed5f4a85b__ep5:qa:175,34f07a04-eb37-45a3-95ec-189ed5f4a85b__ep5,ep5,test,3920,3959,15.947810173034668,10.681251525878906,0.2380419224500656,0.34742990136146545
medium_40f_stride20:34f07a04-eb37-45a3-95ec-189ed5f4a85b__ep5:qa:176,34f07a04-eb37-45a3-95ec-189ed5f4a85b__ep5,ep5,test,3960,3999,23.491235733032227,9.662768363952637,0.41149383783340454,0.6526500582695007
medium_40f_stride20:34f07a04-eb37-45a3-95ec-189ed5f4a85b__ep5:qa:177,34f07a04-eb37-45a3-95ec-189ed5f4a85b__ep5,ep5,test,4000,4039,33.62421417236328,11.097665786743164,0.5483459234237671,0.9595544338226318
medium_40f_stride20:34f07a04-eb37-45a3-95ec-189ed5f4a85b__ep5:qa:178,34f07a04-eb37-45a3-95ec-189ed5f4a85b__ep5,ep5,test,4020,4059,34.36747741699219,11.3433198928833,0.557445764541626,0.9867910146713257
medium_40f_stride20:34f07a04-eb37-45a3-95ec-189ed5f4a85b__ep5:qa:179,34f07a04-eb37-45a3-95ec-189ed5f4a85b__ep5,ep5,test,4040,4079,33.714447021484375,11.229132652282715,0.5771740078926086,1.011368751525879
medium_40f_stride20:34f07a04-eb37-45a3-95ec-189ed5f4a85b__ep5:qa:182,34f07a04-eb37-45a3-95ec-189ed5f4a85b__ep5,ep5,test,4120,4159,32.49155044555664,11.18814468383789,0.5828258395195007,0.9630250334739685
medium_40f_stride20:34f07a04-eb37-45a3-95ec-189ed5f4a85b__ep5:qa:183,34f07a04-eb37-45a3-95ec-189ed5f4a85b__ep5,ep5,test,4140,4179,33.09640884399414,12.50577163696289,0.5904953479766846,0.9507865309715271
medium_40f_stride20:34f07a04-eb37-45a3-95ec-189ed5f4a85b__ep5:qa:184,34f07a04-eb37-45a3-95ec-189ed5f4a85b__ep5,ep5,test,4160,4199,31.898578643798828,9.958236694335938,0.565704345703125,1.0035381317138672
medium_40f_stride20:34f07a04-eb37-45a3-95ec-189ed5f4a85b__ep5:qa:185,34f07a04-eb37-45a3-95ec-189ed5f4a85b__ep5,ep5,test,4180,4219,29.979774475097656,10.104310035705566,0.5879111886024475,1.0182979106903076
medium_40f_stride20:34f07a04-eb37-45a3-95ec-189ed5f4a85b__ep5:qa:186,34f07a04-eb37-45a3-95ec-189ed5f4a85b__ep5,ep5,test,4200,4239,26.074222564697266,10.236371040344238,0.43405449390411377,0.7382072806358337
medium_40f_stride20:34f07a04-eb37-45a3-95ec-189ed5f4a85b__ep5:qa:187,34f07a04-eb37-45a3-95ec-189ed5f4a85b__ep5,ep5,test,4220,4259,23.8865909576416,11.476824760437012,0.3610760271549225,0.6410961747169495
medium_40f_stride20:34f07a04-eb37-45a3-95ec-189ed5f4a85b__ep5:qa:193,34f07a04-eb37-45a3-95ec-189ed5f4a85b__ep5,ep5,test,4360,4399,15.810319900512695,10.80582046508789,0.21397094428539276,0.30379241704940796
medium_40f_stride20:34f07a04-eb37-45a3-95ec-189ed5f4a85b__ep5:qa:194,34f07a04-eb37-45a3-95ec-189ed5f4a85b__ep5,ep5,test,4400,4439,10.357087135314941,11.853137969970703,0.2550925016403198,0.34958794713020325
medium_40f_stride20:34f07a04-eb37-45a3-95ec-189ed5f4a85b__ep5:qa:195,34f07a04-eb37-45a3-95ec-189ed5f4a85b__ep5,ep5,test,4420,4459,14.128058433532715,11.415800094604492,0.315101683139801,0.4421686828136444
medium_40f_stride20:34f07a04-eb37-45a3-95ec-189ed5f4a85b__ep5:qa:196,34f07a04-eb37-45a3-95ec-189ed5f4a85b__ep5,ep5,test,4440,4479,12.56936264038086,10.534164428710938,0.2162962108850479,0.35038092732429504
medium_40f_stride20:34f07a04-eb37-45a3-95ec-189ed5f4a85b__ep5:qa:197,34f07a04-eb37-45a3-95ec-189ed5f4a85b__ep5,ep5,test,4460,4499,13.441169738769531,9.639054298400879,0.22187304496765137,0.3367237150669098
medium_40f_stride20:34f07a04-eb37-45a3-95ec-189ed5f4a85b__ep5:qa:198,34f07a04-eb37-45a3-95ec-189ed5f4a85b__ep5,ep5,test,4480,4519,16.286649703979492,9.205327033996582,0.30435118079185486,0.40348848700523376
medium_40f_stride20:34f07a04-eb37-45a3-95ec-189ed5f4a85b__ep5:qa:199,34f07a04-eb37-45a3-95ec-189ed5f4a85b__ep5,ep5,test,4500,4539,16.490602493286133,9.088899612426758,0.24784398078918457,0.33598291873931885
medium_40f_stride20:34f07a04-eb37-45a3-95ec-189ed5f4a85b__ep5:qa:200,34f07a04-eb37-45a3-95ec-189ed5f4a85b__ep5,ep5,test,4520,4559,16.494234085083008,9.521285057067871,0.22176745533943176,0.2929493188858032
medium_40f_stride20:34f07a04-eb37-45a3-95ec-189ed5f4a85b__ep5:qa:209,34f07a04-eb37-45a3-95ec-189ed5f4a85b__ep5,ep5,test,4720,4759,13.228096008300781,12.133221626281738,0.07701659202575684,0.1111864447593689
medium_40f_stride20:34f07a04-eb37-45a3-95ec-189ed5f4a85b__ep5:qa:210,34f07a04-eb37-45a3-95ec-189ed5f4a85b__ep5,ep5,test,4740,4779,11.920222282409668,11.060758590698242,0.10750412940979004,0.14766615629196167
medium_40f_stride20:34f07a04-eb37-45a3-95ec-189ed5f4a85b__ep5:qa:211,34f07a04-eb37-45a3-95ec-189ed5f4a85b__ep5,ep5,test,4760,4799,11.834094047546387,10.405065536499023,0.1109166294336319,0.16271281242370605
medium_40f_stride20:34f07a04-eb37-45a3-95ec-189ed5f4a85b__ep5:qa:212,34f07a04-eb37-45a3-95ec-189ed5f4a85b__ep5,ep5,test,4800,4839,13.488510131835938,10.195775032043457,0.1476839780807495,0.211111918091774
medium_40f_stride20:34f07a04-eb37-45a3-95ec-189ed5f4a85b__ep5:qa:213,34f07a04-eb37-45a3-95ec-189ed5f4a85b__ep5,ep5,test,4820,4859,13.822020530700684,11.535493850708008,0.12290854007005692,0.19503523409366608
medium_40f_stride20:34f07a04-eb37-45a3-95ec-189ed5f4a85b__ep5:qa:214,34f07a04-eb37-45a3-95ec-189ed5f4a85b__ep5,ep5,test,4840,4879,14.68032455444336,12.177851676940918,0.10916008800268173,0.17754873633384705
medium_40f_stride20:34f07a04-eb37-45a3-95ec-189ed5f4a85b__ep5:qa:215,34f07a04-eb37-45a3-95ec-189ed5f4a85b__ep5,ep5,test,4880,4919,15.031469345092773,12.320693016052246,0.12161970138549805,0.21230758726596832
medium_40f_stride20:34f07a04-eb37-45a3-95ec-189ed5f4a85b__ep5:qa:216,34f07a04-eb37-45a3-95ec-189ed5f4a85b__ep5,ep5,test,4900,4939,14.954056739807129,12.41781234741211,0.11520960181951523,0.21809306740760803
medium_40f_stride20:34f07a04-eb37-45a3-95ec-189ed5f4a85b__ep5:qa:217,34f07a04-eb37-45a3-95ec-189ed5f4a85b__ep5,ep5,test,4920,4959,15.038639068603516,12.354812622070312,0.12541717290878296,0.2309180051088333
medium_40f_stride20:34f07a04-eb37-45a3-95ec-189ed5f4a85b__ep5:qa:218,34f07a04-eb37-45a3-95ec-189ed5f4a85b__ep5,ep5,test,4940,4979,15.085164070129395,12.295380592346191,0.12335865944623947,0.22120662033557892
medium_40f_stride20:34f07a04-eb37-45a3-95ec-189ed5f4a85b__ep5:qa:219,34f07a04-eb37-45a3-95ec-189ed5f4a85b__ep5,ep5,test,4960,4999,15.092473030090332,12.30454158782959,0.12031733244657516,0.21831755340099335
medium_40f_stride20:34f07a04-eb37-45a3-95ec-189ed5f4a85b__ep5:qa:220,34f07a04-eb37-45a3-95ec-189ed5f4a85b__ep5,ep5,test,4980,5019,14.9727144241333,12.3856201171875,0.2776602804660797,0.4231576919555664
medium_40f_stride20:b9dd769b-e31a-4fdb-945e-5a60db6487b0__ep2:qa:0,b9dd769b-e31a-4fdb-945e-5a60db6487b0__ep2,ep2,test,0,39,0.0,12.366433143615723,0.20441579818725586,0.4163994789123535
medium_40f_stride20:b9dd769b-e31a-4fdb-945e-5a60db6487b0__ep2:qa:1,b9dd769b-e31a-4fdb-945e-5a60db6487b0__ep2,ep2,test,20,59,0.0,12.395675659179688,0.20552997291088104,0.4173841178417206
medium_40f_stride20:b9dd769b-e31a-4fdb-945e-5a60db6487b0__ep2:qa:2,b9dd769b-e31a-4fdb-945e-5a60db6487b0__ep2,ep2,test,40,79,0.0,12.353989601135254,0.20441101491451263,0.4159804582595825
medium_40f_stride20:b9dd769b-e31a-4fdb-945e-5a60db6487b0__ep2:qa:3,b9dd769b-e31a-4fdb-945e-5a60db6487b0__ep2,ep2,test,60,99,12.06467342376709,12.306035995483398,0.2374698668718338,0.3937213122844696
medium_40f_stride20:b9dd769b-e31a-4fdb-945e-5a60db6487b0__ep2:qa:4,b9dd769b-e31a-4fdb-945e-5a60db6487b0__ep2,ep2,test,80,119,13.22695255279541,12.369028091430664,0.20269814133644104,0.36122724413871765
medium_40f_stride20:b9dd769b-e31a-4fdb-945e-5a60db6487b0__ep2:qa:5,b9dd769b-e31a-4fdb-945e-5a60db6487b0__ep2,ep2,test,100,139,14.784751892089844,12.508011817932129,0.09556565433740616,0.15609359741210938
medium_40f_stride20:b9dd769b-e31a-4fdb-945e-5a60db6487b0__ep2:qa:6,b9dd769b-e31a-4fdb-945e-5a60db6487b0__ep2,ep2,test,120,159,14.986444473266602,12.538907051086426,0.1046835333108902,0.16223475337028503
medium_40f_stride20:b9dd769b-e31a-4fdb-945e-5a60db6487b0__ep2:qa:7,b9dd769b-e31a-4fdb-945e-5a60db6487b0__ep2,ep2,test,140,179,14.83332347869873,12.285155296325684,0.10157542675733566,0.16422663629055023
medium_40f_stride20:b9dd769b-e31a-4fdb-945e-5a60db6487b0__ep2:qa:8,b9dd769b-e31a-4fdb-945e-5a60db6487b0__ep2,ep2,test,160,199,14.62069320678711,12.298691749572754,0.08401942253112793,0.13265198469161987
medium_40f_stride20:b9dd769b-e31a-4fdb-945e-5a60db6487b0__ep2:qa:9,b9dd769b-e31a-4fdb-945e-5a60db6487b0__ep2,ep2,test,180,219,14.313314437866211,9.87144947052002,0.23422737419605255,0.339455246925354
medium_40f_stride20:b9dd769b-e31a-4fdb-945e-5a60db6487b0__ep2:qa:10,b9dd769b-e31a-4fdb-945e-5a60db6487b0__ep2,ep2,test,200,239,14.139087677001953,9.300074577331543,0.3020157814025879,0.45114925503730774
medium_40f_stride20:b9dd769b-e31a-4fdb-945e-5a60db6487b0__ep2:qa:11,b9dd769b-e31a-4fdb-945e-5a60db6487b0__ep2,ep2,test,220,259,0.0,8.990208625793457,0.20248748362064362,0.30271604657173157
medium_40f_stride20:b9dd769b-e31a-4fdb-945e-5a60db6487b0__ep2:qa:39,b9dd769b-e31a-4fdb-945e-5a60db6487b0__ep2,ep2,test,800,839,0.0,9.396563529968262,0.2028788924217224,0.3163987696170807
medium_40f_stride20:b9dd769b-e31a-4fdb-945e-5a60db6487b0__ep2:qa:40,b9dd769b-e31a-4fdb-945e-5a60db6487b0__ep2,ep2,test,820,859,0.0,9.345331192016602,0.20964616537094116,0.31467366218566895
medium_40f_stride20:b9dd769b-e31a-4fdb-945e-5a60db6487b0__ep2:qa:41,b9dd769b-e31a-4fdb-945e-5a60db6487b0__ep2,ep2,test,840,879,0.0,11.191282272338867,0.251718670129776,0.3768300712108612
medium_40f_stride20:b9dd769b-e31a-4fdb-945e-5a60db6487b0__ep2:qa:42,b9dd769b-e31a-4fdb-945e-5a60db6487b0__ep2,ep2,test,860,899,0.0,12.095715522766113,0.2041160613298416,0.4072839617729187
medium_40f_stride20:b9dd769b-e31a-4fdb-945e-5a60db6487b0__ep2:qa:43,b9dd769b-e31a-4fdb-945e-5a60db6487b0__ep2,ep2,test,880,919,0.0,10.62252140045166,0.189825177192688,0.35767892003059387
medium_40f_stride20:b9dd769b-e31a-4fdb-945e-5a60db6487b0__ep2:qa:44,b9dd769b-e31a-4fdb-945e-5a60db6487b0__ep2,ep2,test,900,939,0.0,10.79336929321289,0.20153473317623138,0.3634316623210907
medium_40f_stride20:b9dd769b-e31a-4fdb-945e-5a60db6487b0__ep2:qa:45,b9dd769b-e31a-4fdb-945e-5a60db6487b0__ep2,ep2,test,920,959,0.0,11.294425964355469,0.19275794923305511,0.3803030848503113
medium_40f_stride20:b9dd769b-e31a-4fdb-945e-5a60db6487b0__ep2:qa:46,b9dd769b-e31a-4fdb-945e-5a60db6487b0__ep2,ep2,test,940,979,0.0,11.8518705368042,0.19583183526992798,0.3990732729434967
medium_40f_stride20:b9dd769b-e31a-4fdb-945e-5a60db6487b0__ep2:qa:47,b9dd769b-e31a-4fdb-945e-5a60db6487b0__ep2,ep2,test,960,999,0.0,11.792985916137695,0.2064669281244278,0.39709043502807617
medium_40f_stride20:b9dd769b-e31a-4fdb-945e-5a60db6487b0__ep2:qa:48,b9dd769b-e31a-4fdb-945e-5a60db6487b0__ep2,ep2,test,980,1019,11.472923278808594,10.609567642211914,0.24359215795993805,0.39134979248046875
medium_40f_stride20:b9dd769b-e31a-4fdb-945e-5a60db6487b0__ep2:qa:49,b9dd769b-e31a-4fdb-945e-5a60db6487b0__ep2,ep2,test,1000,1039,12.64011287689209,9.937307357788086,0.22933921217918396,0.34654828906059265
medium_40f_stride20:b9dd769b-e31a-4fdb-945e-5a60db6487b0__ep2:qa:50,b9dd769b-e31a-4fdb-945e-5a60db6487b0__ep2,ep2,test,1020,1059,14.451619148254395,10.288348197937012,0.14303377270698547,0.21295125782489777
medium_40f_stride20:b9dd769b-e31a-4fdb-945e-5a60db6487b0__ep2:qa:51,b9dd769b-e31a-4fdb-945e-5a60db6487b0__ep2,ep2,test,1040,1079,13.76230239868164,10.311542510986328,0.1510811299085617,0.21279487013816833
medium_40f_stride20:b9dd769b-e31a-4fdb-945e-5a60db6487b0__ep2:qa:68,b9dd769b-e31a-4fdb-945e-5a60db6487b0__ep2,ep2,test,1400,1439,13.215603828430176,11.538442611694336,0.07627648860216141,0.12778277695178986
medium_40f_stride20:b9dd769b-e31a-4fdb-945e-5a60db6487b0__ep2:qa:69,b9dd769b-e31a-4fdb-945e-5a60db6487b0__ep2,ep2,test,1420,1459,13.243232727050781,11.864768981933594,0.07198911905288696,0.12206435203552246
medium_40f_stride20:b9dd769b-e31a-4fdb-945e-5a60db6487b0__ep2:qa:70,b9dd769b-e31a-4fdb-945e-5a60db6487b0__ep2,ep2,test,1440,1479,13.237805366516113,11.973546981811523,0.07879593968391418,0.12428376078605652
medium_40f_stride20:b9dd769b-e31a-4fdb-945e-5a60db6487b0__ep2:qa:71,b9dd769b-e31a-4fdb-945e-5a60db6487b0__ep2,ep2,test,1460,1499,13.190896987915039,11.70212459564209,0.08390965312719345,0.13071195781230927
medium_40f_stride20:b9dd769b-e31a-4fdb-945e-5a60db6487b0__ep2:qa:72,b9dd769b-e31a-4fdb-945e-5a60db6487b0__ep2,ep2,test,1480,1519,13.284061431884766,11.384204864501953,0.1291111260652542,0.18208497762680054
medium_40f_stride20:b9dd769b-e31a-4fdb-945e-5a60db6487b0__ep2:qa:73,b9dd769b-e31a-4fdb-945e-5a60db6487b0__ep2,ep2,test,1500,1539,13.844684600830078,10.808849334716797,0.21066196262836456,0.32864895462989807
medium_40f_stride20:b9dd769b-e31a-4fdb-945e-5a60db6487b0__ep2:qa:74,b9dd769b-e31a-4fdb-945e-5a60db6487b0__ep2,ep2,test,1520,1559,12.736061096191406,9.66256332397461,0.2267739325761795,0.3408375084400177
medium_40f_stride20:b9dd769b-e31a-4fdb-945e-5a60db6487b0__ep2:qa:75,b9dd769b-e31a-4fdb-945e-5a60db6487b0__ep2,ep2,test,1540,1579,0.0,8.74200439453125,0.17002159357070923,0.29435861110687256
medium_40f_stride20:b9dd769b-e31a-4fdb-945e-5a60db6487b0__ep2:qa:76,b9dd769b-e31a-4fdb-945e-5a60db6487b0__ep2,ep2,test,1560,1599,0.0,8.062987327575684,0.1945989727973938,0.27149492502212524
medium_40f_stride20:b9dd769b-e31a-4fdb-945e-5a60db6487b0__ep2:qa:77,b9dd769b-e31a-4fdb-945e-5a60db6487b0__ep2,ep2,test,1580,1619,0.0,6.789381980895996,0.16804823279380798,0.22861039638519287
medium_40f_stride20:b9dd769b-e31a-4fdb-945e-5a60db6487b0__ep2:qa:78,b9dd769b-e31a-4fdb-945e-5a60db6487b0__ep2,ep2,test,1600,1639,0.0,8.19890022277832,0.18685895204544067,0.27607133984565735
medium_40f_stride20:b9dd769b-e31a-4fdb-945e-5a60db6487b0__ep2:qa:79,b9dd769b-e31a-4fdb-945e-5a60db6487b0__ep2,ep2,test,1620,1659,0.0,8.613077163696289,0.18813484907150269,0.29001739621162415
medium_40f_stride20:b9dd769b-e31a-4fdb-945e-5a60db6487b0__ep2:qa:80,b9dd769b-e31a-4fdb-945e-5a60db6487b0__ep2,ep2,test,1640,1679,0.0,9.44278621673584,0.20315644145011902,0.3179551661014557
medium_40f_stride20:b9dd769b-e31a-4fdb-945e-5a60db6487b0__ep2:qa:87,b9dd769b-e31a-4fdb-945e-5a60db6487b0__ep2,ep2,test,1800,1839,0.0,9.682219505310059,0.17919833958148956,0.32601726055145264
medium_40f_stride20:b9dd769b-e31a-4fdb-945e-5a60db6487b0__ep2:qa:88,b9dd769b-e31a-4fdb-945e-5a60db6487b0__ep2,ep2,test,1820,1859,0.0,10.216304779052734,0.18677639961242676,0.34400084614753723
medium_40f_stride20:b9dd769b-e31a-4fdb-945e-5a60db6487b0__ep2:qa:89,b9dd769b-e31a-4fdb-945e-5a60db6487b0__ep2,ep2,test,1840,1879,0.0,10.577665328979492,0.19151145219802856,0.3561685085296631
medium_40f_stride20:b9dd769b-e31a-4fdb-945e-5a60db6487b0__ep2:qa:90,b9dd769b-e31a-4fdb-945e-5a60db6487b0__ep2,ep2,test,1880,1919,0.0,11.791934967041016,0.19894927740097046,0.39705508947372437
medium_40f_stride20:b9dd769b-e31a-4fdb-945e-5a60db6487b0__ep2:qa:91,b9dd769b-e31a-4fdb-945e-5a60db6487b0__ep2,ep2,test,1900,1939,0.0,11.698528289794922,0.1991545557975769,0.39390993118286133
medium_40f_stride20:b9dd769b-e31a-4fdb-945e-5a60db6487b0__ep2:qa:92,b9dd769b-e31a-4fdb-945e-5a60db6487b0__ep2,ep2,test,1920,1959,0.0,11.211462020874023,0.19639289379119873,0.37750956416130066
medium_40f_stride20:b9dd769b-e31a-4fdb-945e-5a60db6487b0__ep2:qa:93,b9dd769b-e31a-4fdb-945e-5a60db6487b0__ep2,ep2,test,1940,1979,0.0,11.549359321594238,0.19738537073135376,0.3888871371746063
medium_40f_stride20:b9dd769b-e31a-4fdb-945e-5a60db6487b0__ep2:qa:94,b9dd769b-e31a-4fdb-945e-5a60db6487b0__ep2,ep2,test,1960,1999,0.0,12.028733253479004,0.2021971195936203,0.4050285220146179
medium_40f_stride20:b9dd769b-e31a-4fdb-945e-5a60db6487b0__ep2:qa:95,b9dd769b-e31a-4fdb-945e-5a60db6487b0__ep2,ep2,test,1980,2019,0.0,12.049325942993164,0.20458193123340607,0.4057219326496124
medium_40f_stride20:b9dd769b-e31a-4fdb-945e-5a60db6487b0__ep2:qa:96,b9dd769b-e31a-4fdb-945e-5a60db6487b0__ep2,ep2,test,2000,2039,0.0,11.784143447875977,0.2057405561208725,0.3967927396297455
medium_40f_stride20:b9dd769b-e31a-4fdb-945e-5a60db6487b0__ep2:qa:97,b9dd769b-e31a-4fdb-945e-5a60db6487b0__ep2,ep2,test,2020,2059,0.0,11.730876922607422,0.2028924524784088,0.3949991464614868
medium_40f_stride20:b9dd769b-e31a-4fdb-945e-5a60db6487b0__ep2:qa:98,b9dd769b-e31a-4fdb-945e-5a60db6487b0__ep2,ep2,test,2040,2079,0.0,11.815199851989746,0.20269374549388885,0.3978384733200073
medium_40f_stride20:b9dd769b-e31a-4fdb-945e-5a60db6487b0__ep2:qa:99,b9dd769b-e31a-4fdb-945e-5a60db6487b0__ep2,ep2,test,2060,2099,0.0,11.979365348815918,0.20679958164691925,0.40336620807647705
medium_40f_stride20:b9dd769b-e31a-4fdb-945e-5a60db6487b0__ep2:qa:100,b9dd769b-e31a-4fdb-945e-5a60db6487b0__ep2,ep2,test,2080,2119,0.0,12.154975891113281,0.2099788933992386,0.40927931666374207
medium_40f_stride20:b9dd769b-e31a-4fdb-945e-5a60db6487b0__ep2:qa:101,b9dd769b-e31a-4fdb-945e-5a60db6487b0__ep2,ep2,test,2100,2139,0.0,12.161304473876953,0.20941957831382751,0.4094924330711365
medium_40f_stride20:b9dd769b-e31a-4fdb-945e-5a60db6487b0__ep2:qa:102,b9dd769b-e31a-4fdb-945e-5a60db6487b0__ep2,ep2,test,2120,2159,0.0,11.738529205322266,0.21892334520816803,0.39525681734085083
medium_40f_stride20:b9dd769b-e31a-4fdb-945e-5a60db6487b0__ep2:qa:109,b9dd769b-e31a-4fdb-945e-5a60db6487b0__ep2,ep2,test,2280,2319,9.659004211425781,11.50007152557373,0.20863384008407593,0.36426278948783875
medium_40f_stride20:b9dd769b-e31a-4fdb-945e-5a60db6487b0__ep2:qa:110,b9dd769b-e31a-4fdb-945e-5a60db6487b0__ep2,ep2,test,2300,2339,13.66596508026123,11.023721694946289,0.22166751325130463,0.3705202341079712
medium_40f_stride20:b9dd769b-e31a-4fdb-945e-5a60db6487b0__ep2:qa:111,b9dd769b-e31a-4fdb-945e-5a60db6487b0__ep2,ep2,test,2320,2359,13.93933391571045,11.141863822937012,0.10187234729528427,0.15317024290561676
medium_40f_stride20:b9dd769b-e31a-4fdb-945e-5a60db6487b0__ep2:qa:112,b9dd769b-e31a-4fdb-945e-5a60db6487b0__ep2,ep2,test,2340,2379,14.677336692810059,11.935479164123535,0.07717345654964447,0.12481755763292313
medium_40f_stride20:b9dd769b-e31a-4fdb-945e-5a60db6487b0__ep2:qa:113,b9dd769b-e31a-4fdb-945e-5a60db6487b0__ep2,ep2,test,2360,2399,14.639421463012695,11.87319278717041,0.08223674446344376,0.1255234032869339
medium_40f_stride20:b9dd769b-e31a-4fdb-945e-5a60db6487b0__ep2:qa:114,b9dd769b-e31a-4fdb-945e-5a60db6487b0__ep2,ep2,test,2400,2439,15.677262306213379,10.73712158203125,0.25347068905830383,0.3583793044090271
medium_40f_stride20:b9dd769b-e31a-4fdb-945e-5a60db6487b0__ep2:qa:115,b9dd769b-e31a-4fdb-945e-5a60db6487b0__ep2,ep2,test,2420,2459,13.481395721435547,10.786246299743652,0.2811492681503296,0.44813457131385803
medium_40f_stride20:b9dd769b-e31a-4fdb-945e-5a60db6487b0__ep2:qa:116,b9dd769b-e31a-4fdb-945e-5a60db6487b0__ep2,ep2,test,2440,2479,13.924186706542969,8.966310501098633,0.27058133482933044,0.4213840961456299
medium_40f_stride20:b9dd769b-e31a-4fdb-945e-5a60db6487b0__ep2:qa:117,b9dd769b-e31a-4fdb-945e-5a60db6487b0__ep2,ep2,test,2460,2499,12.788759231567383,9.023170471191406,0.1997784525156021,0.27921298146247864
medium_40f_stride20:b9dd769b-e31a-4fdb-945e-5a60db6487b0__ep2:qa:118,b9dd769b-e31a-4fdb-945e-5a60db6487b0__ep2,ep2,test,2480,2519,12.457535743713379,10.39967155456543,0.2074563354253769,0.293838769197464
medium_40f_stride20:b9dd769b-e31a-4fdb-945e-5a60db6487b0__ep2:qa:119,b9dd769b-e31a-4fdb-945e-5a60db6487b0__ep2,ep2,test,2500,2539,12.992079734802246,9.221705436706543,0.12327516824007034,0.17851510643959045
medium_40f_stride20:b9dd769b-e31a-4fdb-945e-5a60db6487b0__ep2:qa:120,b9dd769b-e31a-4fdb-945e-5a60db6487b0__ep2,ep2,test,2520,2559,12.914984703063965,11.425581932067871,0.06534300744533539,0.10460145771503448
medium_40f_stride20:b9dd769b-e31a-4fdb-945e-5a60db6487b0__ep2:qa:121,b9dd769b-e31a-4fdb-945e-5a60db6487b0__ep2,ep2,test,2540,2579,12.830939292907715,11.580493927001953,0.0641750767827034,0.09911912679672241
medium_40f_stride20:b9dd769b-e31a-4fdb-945e-5a60db6487b0__ep2:qa:122,b9dd769b-e31a-4fdb-945e-5a60db6487b0__ep2,ep2,test,2560,2599,12.793607711791992,11.534852027893066,0.05526838079094887,0.08498857915401459
medium_40f_stride20:b9dd769b-e31a-4fdb-945e-5a60db6487b0__ep2:qa:123,b9dd769b-e31a-4fdb-945e-5a60db6487b0__ep2,ep2,test,2580,2619,12.788436889648438,11.537978172302246,0.05712714046239853,0.08251617848873138
medium_40f_stride20:b9dd769b-e31a-4fdb-945e-5a60db6487b0__ep2:qa:124,b9dd769b-e31a-4fdb-945e-5a60db6487b0__ep2,ep2,test,2600,2639,12.693275451660156,11.585953712463379,0.05289196968078613,0.07788368314504623
medium_40f_stride20:b9dd769b-e31a-4fdb-945e-5a60db6487b0__ep2:qa:125,b9dd769b-e31a-4fdb-945e-5a60db6487b0__ep2,ep2,test,2620,2659,12.62963581085205,11.965503692626953,0.05299244076013565,0.0878540500998497
medium_40f_stride20:b9dd769b-e31a-4fdb-945e-5a60db6487b0__ep2:qa:126,b9dd769b-e31a-4fdb-945e-5a60db6487b0__ep2,ep2,test,2640,2679,12.617635726928711,11.82921028137207,0.05033530667424202,0.08102819323539734
medium_40f_stride20:b9dd769b-e31a-4fdb-945e-5a60db6487b0__ep2:qa:137,b9dd769b-e31a-4fdb-945e-5a60db6487b0__ep2,ep2,test,2880,2919,12.265422821044922,10.700750350952148,0.08312327414751053,0.11958939582109451
medium_40f_stride20:b9dd769b-e31a-4fdb-945e-5a60db6487b0__ep2:qa:138,b9dd769b-e31a-4fdb-945e-5a60db6487b0__ep2,ep2,test,2900,2939,11.926944732666016,11.011695861816406,0.1542777717113495,0.3108951151371002
medium_40f_stride20:b9dd769b-e31a-4fdb-945e-5a60db6487b0__ep2:qa:139,b9dd769b-e31a-4fdb-945e-5a60db6487b0__ep2,ep2,test,2920,2959,10.821830749511719,9.966163635253906,0.18365994095802307,0.32494431734085083
medium_40f_stride20:b9dd769b-e31a-4fdb-945e-5a60db6487b0__ep2:qa:140,b9dd769b-e31a-4fdb-945e-5a60db6487b0__ep2,ep2,test,2940,2979,0.0,9.188456535339355,0.18039841949939728,0.30939143896102905
medium_40f_stride20:b9dd769b-e31a-4fdb-945e-5a60db6487b0__ep2:qa:141,b9dd769b-e31a-4fdb-945e-5a60db6487b0__ep2,ep2,test,2960,2999,0.0,9.000879287719727,0.17863281071186066,0.30307537317276
medium_40f_stride20:b9dd769b-e31a-4fdb-945e-5a60db6487b0__ep2:qa:142,b9dd769b-e31a-4fdb-945e-5a60db6487b0__ep2,ep2,test,2980,3019,0.0,9.917603492736816,0.17164891958236694,0.33394309878349304
medium_40f_stride20:b9dd769b-e31a-4fdb-945e-5a60db6487b0__ep2:qa:143,b9dd769b-e31a-4fdb-945e-5a60db6487b0__ep2,ep2,test,3000,3039,0.0,9.794197082519531,0.17032001912593842,0.3297877609729767
medium_40f_stride20:b9dd769b-e31a-4fdb-945e-5a60db6487b0__ep2:qa:144,b9dd769b-e31a-4fdb-945e-5a60db6487b0__ep2,ep2,test,3020,3059,0.0,9.730297088623047,0.19365067780017853,0.32763615250587463
medium_40f_stride20:b9dd769b-e31a-4fdb-945e-5a60db6487b0__ep2:qa:145,b9dd769b-e31a-4fdb-945e-5a60db6487b0__ep2,ep2,test,3040,3079,12.01610279083252,9.088277816772461,0.21117845177650452,0.3337182104587555
medium_40f_stride20:b9dd769b-e31a-4fdb-945e-5a60db6487b0__ep2:qa:146,b9dd769b-e31a-4fdb-945e-5a60db6487b0__ep2,ep2,test,3060,3099,12.780153274536133,10.170683860778809,0.2457086145877838,0.3605065643787384
medium_40f_stride20:b9dd769b-e31a-4fdb-945e-5a60db6487b0__ep2:qa:147,b9dd769b-e31a-4fdb-945e-5a60db6487b0__ep2,ep2,test,3080,3119,12.555187225341797,10.588140487670898,0.07734470814466476,0.12778614461421967
medium_40f_stride20:b9dd769b-e31a-4fdb-945e-5a60db6487b0__ep2:qa:148,b9dd769b-e31a-4fdb-945e-5a60db6487b0__ep2,ep2,test,3100,3139,12.476173400878906,11.93902587890625,0.044442594051361084,0.0850212499499321
medium_40f_stride20:b9dd769b-e31a-4fdb-945e-5a60db6487b0__ep2:qa:181,b9dd769b-e31a-4fdb-945e-5a60db6487b0__ep2,ep2,test,3800,3839,0.0,10.221833229064941,0.18524301052093506,0.34418702125549316
medium_40f_stride20:b9dd769b-e31a-4fdb-945e-5a60db6487b0__ep2:qa:182,b9dd769b-e31a-4fdb-945e-5a60db6487b0__ep2,ep2,test,3820,3859,0.0,11.400007247924805,0.19700786471366882,0.38385820388793945
medium_40f_stride20:b9dd769b-e31a-4fdb-945e-5a60db6487b0__ep2:qa:183,b9dd769b-e31a-4fdb-945e-5a60db6487b0__ep2,ep2,test,3840,3879,0.0,11.756524085998535,0.19741809368133545,0.39586278796195984
medium_40f_stride20:b9dd769b-e31a-4fdb-945e-5a60db6487b0__ep2:qa:184,b9dd769b-e31a-4fdb-945e-5a60db6487b0__ep2,ep2,test,3860,3899,9.129213333129883,9.032041549682617,0.20236441493034363,0.3213405907154083
medium_40f_stride20:b9dd769b-e31a-4fdb-945e-5a60db6487b0__ep2:qa:185,b9dd769b-e31a-4fdb-945e-5a60db6487b0__ep2,ep2,test,3880,3919,12.851675987243652,8.566143989562988,0.2443658709526062,0.37699735164642334
medium_40f_stride20:b9dd769b-e31a-4fdb-945e-5a60db6487b0__ep2:qa:186,b9dd769b-e31a-4fdb-945e-5a60db6487b0__ep2,ep2,test,3900,3939,13.137730598449707,7.956540107727051,0.18245096504688263,0.2635696232318878
medium_40f_stride20:b9dd769b-e31a-4fdb-945e-5a60db6487b0__ep2:qa:187,b9dd769b-e31a-4fdb-945e-5a60db6487b0__ep2,ep2,test,3920,3959,13.937280654907227,11.576069831848145,0.09909974783658981,0.14669619500637054
medium_40f_stride20:b9dd769b-e31a-4fdb-945e-5a60db6487b0__ep2:qa:188,b9dd769b-e31a-4fdb-945e-5a60db6487b0__ep2,ep2,test,3940,3979,13.834385871887207,11.644450187683105,0.08194082230329514,0.1258351057767868
medium_40f_stride20:b9dd769b-e31a-4fdb-945e-5a60db6487b0__ep2:qa:189,b9dd769b-e31a-4fdb-945e-5a60db6487b0__ep2,ep2,test,3960,3999,13.8116455078125,11.61389446258545,0.08888760209083557,0.136308491230011
medium_40f_stride20:b9dd769b-e31a-4fdb-945e-5a60db6487b0__ep2:qa:190,b9dd769b-e31a-4fdb-945e-5a60db6487b0__ep2,ep2,test,3980,4019,13.723325729370117,9.999683380126953,0.09249009191989899,0.1524008810520172
medium_40f_stride20:b9dd769b-e31a-4fdb-945e-5a60db6487b0__ep2:qa:191,b9dd769b-e31a-4fdb-945e-5a60db6487b0__ep2,ep2,test,4000,4039,13.480945587158203,8.722587585449219,0.14867055416107178,0.23076365888118744
medium_40f_stride20:b9dd769b-e31a-4fdb-945e-5a60db6487b0__ep2:qa:192,b9dd769b-e31a-4fdb-945e-5a60db6487b0__ep2,ep2,test,4020,4059,13.012655258178711,7.970303535461426,0.18029353022575378,0.3119608163833618
medium_40f_stride20:ba045ed4-ef25-404d-b756-8dcbd45b18fa__ep2:qa:0,ba045ed4-ef25-404d-b756-8dcbd45b18fa__ep2,ep2,test,0,39,14.849333763122559,10.573058128356934,0.17991375923156738,0.30261147022247314
medium_40f_stride20:ba045ed4-ef25-404d-b756-8dcbd45b18fa__ep2:qa:1,ba045ed4-ef25-404d-b756-8dcbd45b18fa__ep2,ep2,test,20,59,14.838898658752441,10.502662658691406,0.17040245234966278,0.2741611897945404
medium_40f_stride20:ba045ed4-ef25-404d-b756-8dcbd45b18fa__ep2:qa:2,ba045ed4-ef25-404d-b756-8dcbd45b18fa__ep2,ep2,test,40,79,14.91926383972168,11.538619041442871,0.1618092954158783,0.26529058814048767
medium_40f_stride20:ba045ed4-ef25-404d-b756-8dcbd45b18fa__ep2:qa:3,ba045ed4-ef25-404d-b756-8dcbd45b18fa__ep2,ep2,test,60,99,15.002169609069824,11.36691665649414,0.16186371445655823,0.2638150453567505
medium_40f_stride20:ba045ed4-ef25-404d-b756-8dcbd45b18fa__ep2:qa:4,ba045ed4-ef25-404d-b756-8dcbd45b18fa__ep2,ep2,test,80,119,15.21326732635498,11.348796844482422,0.1789204478263855,0.2872035503387451
medium_40f_stride20:ba045ed4-ef25-404d-b756-8dcbd45b18fa__ep2:qa:19,ba045ed4-ef25-404d-b756-8dcbd45b18fa__ep2,ep2,test,400,439,15.164752960205078,11.788491249084473,0.3227289617061615,0.44056862592697144
medium_40f_stride20:ba045ed4-ef25-404d-b756-8dcbd45b18fa__ep2:qa:20,ba045ed4-ef25-404d-b756-8dcbd45b18fa__ep2,ep2,test,420,459,10.621492385864258,11.785201072692871,0.2337803691625595,0.34253576397895813
medium_40f_stride20:ba045ed4-ef25-404d-b756-8dcbd45b18fa__ep2:qa:21,ba045ed4-ef25-404d-b756-8dcbd45b18fa__ep2,ep2,test,440,479,13.044381141662598,11.47503662109375,0.32091042399406433,0.42198750376701355
medium_40f_stride20:ba045ed4-ef25-404d-b756-8dcbd45b18fa__ep2:qa:22,ba045ed4-ef25-404d-b756-8dcbd45b18fa__ep2,ep2,test,460,499,13.626917839050293,11.538790702819824,0.2033776193857193,0.3277685046195984
medium_40f_stride20:ba045ed4-ef25-404d-b756-8dcbd45b18fa__ep2:qa:23,ba045ed4-ef25-404d-b756-8dcbd45b18fa__ep2,ep2,test,480,519,14.773116111755371,10.567633628845215,0.1899162232875824,0.28267696499824524
medium_40f_stride20:ba045ed4-ef25-404d-b756-8dcbd45b18fa__ep2:qa:24,ba045ed4-ef25-404d-b756-8dcbd45b18fa__ep2,ep2,test,500,539,15.221141815185547,10.730826377868652,0.20176589488983154,0.2990337312221527
medium_40f_stride20:ba045ed4-ef25-404d-b756-8dcbd45b18fa__ep2:qa:28,ba045ed4-ef25-404d-b756-8dcbd45b18fa__ep2,ep2,test,600,639,13.33548641204834,11.212620735168457,0.22731426358222961,0.32086920738220215
medium_40f_stride20:ba045ed4-ef25-404d-b756-8dcbd45b18fa__ep2:qa:29,ba045ed4-ef25-404d-b756-8dcbd45b18fa__ep2,ep2,test,620,659,16.783191680908203,10.998320579528809,0.23281626403331757,0.33740177750587463
medium_40f_stride20:ba045ed4-ef25-404d-b756-8dcbd45b18fa__ep2:qa:30,ba045ed4-ef25-404d-b756-8dcbd45b18fa__ep2,ep2,test,640,679,16.186857223510742,11.36674690246582,0.1860894411802292,0.28910329937934875
medium_40f_stride20:ba045ed4-ef25-404d-b756-8dcbd45b18fa__ep2:qa:31,ba045ed4-ef25-404d-b756-8dcbd45b18fa__ep2,ep2,test,660,699,15.973210334777832,11.59097671508789,0.16181914508342743,0.24019435048103333
medium_40f_stride20:ba045ed4-ef25-404d-b756-8dcbd45b18fa__ep2:qa:32,ba045ed4-ef25-404d-b756-8dcbd45b18fa__ep2,ep2,test,680,719,15.425774574279785,11.805127143859863,0.15273407101631165,0.2680862843990326
medium_40f_stride20:ba045ed4-ef25-404d-b756-8dcbd45b18fa__ep2:qa:33,ba045ed4-ef25-404d-b756-8dcbd45b18fa__ep2,ep2,test,700,739,15.40279769897461,11.92172622680664,0.15093360841274261,0.2602420151233673
medium_40f_stride20:ba045ed4-ef25-404d-b756-8dcbd45b18fa__ep2:qa:37,ba045ed4-ef25-404d-b756-8dcbd45b18fa__ep2,ep2,test,800,839,13.847304344177246,11.60056209564209,0.20429874956607819,0.3003261685371399
medium_40f_stride20:ba045ed4-ef25-404d-b756-8dcbd45b18fa__ep2:qa:38,ba045ed4-ef25-404d-b756-8dcbd45b18fa__ep2,ep2,test,820,859,15.450166702270508,9.961831092834473,0.27611032128334045,0.40950071811676025
medium_40f_stride20:ba045ed4-ef25-404d-b756-8dcbd45b18fa__ep2:qa:39,ba045ed4-ef25-404d-b756-8dcbd45b18fa__ep2,ep2,test,840,879,15.768743515014648,9.516252517700195,0.307794988155365,0.4365134835243225
medium_40f_stride20:ba045ed4-ef25-404d-b756-8dcbd45b18fa__ep2:qa:40,ba045ed4-ef25-404d-b756-8dcbd45b18fa__ep2,ep2,test,860,899,16.008901596069336,9.695418357849121,0.3747669458389282,0.5376980900764465
medium_40f_stride20:ba045ed4-ef25-404d-b756-8dcbd45b18fa__ep2:qa:41,ba045ed4-ef25-404d-b756-8dcbd45b18fa__ep2,ep2,test,880,919,15.976960182189941,9.563916206359863,0.2823858857154846,0.40295591950416565
medium_40f_stride20:ba045ed4-ef25-404d-b756-8dcbd45b18fa__ep2:qa:65,ba045ed4-ef25-404d-b756-8dcbd45b18fa__ep2,ep2,test,1400,1439,12.735857963562012,11.7610445022583,0.3167704641819,0.4204053580760956
medium_40f_stride20:ba045ed4-ef25-404d-b756-8dcbd45b18fa__ep2:qa:66,ba045ed4-ef25-404d-b756-8dcbd45b18fa__ep2,ep2,test,1420,1459,13.934714317321777,10.910165786743164,0.17573654651641846,0.275960236787796
medium_40f_stride20:ba045ed4-ef25-404d-b756-8dcbd45b18fa__ep2:qa:67,ba045ed4-ef25-404d-b756-8dcbd45b18fa__ep2,ep2,test,1440,1479,14.137421607971191,11.349042892456055,0.1661372035741806,0.2556290924549103
medium_40f_stride20:ba045ed4-ef25-404d-b756-8dcbd45b18fa__ep2:qa:68,ba045ed4-ef25-404d-b756-8dcbd45b18fa__ep2,ep2,test,1460,1499,14.626705169677734,12.166668891906738,0.16289496421813965,0.250758558511734
medium_40f_stride20:ba045ed4-ef25-404d-b756-8dcbd45b18fa__ep2:qa:69,ba045ed4-ef25-404d-b756-8dcbd45b18fa__ep2,ep2,test,1480,1519,13.98441219329834,12.231895446777344,0.1674385666847229,0.26003941893577576
medium_40f_stride20:ba045ed4-ef25-404d-b756-8dcbd45b18fa__ep2:qa:70,ba045ed4-ef25-404d-b756-8dcbd45b18fa__ep2,ep2,test,1500,1539,13.895465850830078,12.201136589050293,0.16093546152114868,0.2515673339366913
medium_40f_stride20:ba045ed4-ef25-404d-b756-8dcbd45b18fa__ep2:qa:164,ba045ed4-ef25-404d-b756-8dcbd45b18fa__ep2,ep2,test,3400,3439,15.068172454833984,11.928729057312012,0.17956262826919556,0.3039613366127014
medium_40f_stride20:ba045ed4-ef25-404d-b756-8dcbd45b18fa__ep2:qa:165,ba045ed4-ef25-404d-b756-8dcbd45b18fa__ep2,ep2,test,3420,3459,15.256797790527344,11.601724624633789,0.1793253868818283,0.30619168281555176
medium_40f_stride20:ba045ed4-ef25-404d-b756-8dcbd45b18fa__ep2:qa:166,ba045ed4-ef25-404d-b756-8dcbd45b18fa__ep2,ep2,test,3440,3479,15.88157844543457,11.371147155761719,0.23759227991104126,0.38902345299720764
medium_40f_stride20:ba045ed4-ef25-404d-b756-8dcbd45b18fa__ep2:qa:167,ba045ed4-ef25-404d-b756-8dcbd45b18fa__ep2,ep2,test,3460,3499,16.366531372070312,9.448720932006836,0.28563469648361206,0.42034271359443665
medium_40f_stride20:ba045ed4-ef25-404d-b756-8dcbd45b18fa__ep2:qa:168,ba045ed4-ef25-404d-b756-8dcbd45b18fa__ep2,ep2,test,3480,3519,15.916703224182129,9.537117004394531,0.2692823112010956,0.3956628143787384
medium_40f_stride20:ba045ed4-ef25-404d-b756-8dcbd45b18fa__ep2:qa:169,ba045ed4-ef25-404d-b756-8dcbd45b18fa__ep2,ep2,test,3520,3559,16.152734756469727,9.480443000793457,0.22159118950366974,0.2970069944858551
medium_40f_stride20:ba045ed4-ef25-404d-b756-8dcbd45b18fa__ep2:qa:170,ba045ed4-ef25-404d-b756-8dcbd45b18fa__ep2,ep2,test,3540,3579,16.29757308959961,9.919082641601562,0.20713217556476593,0.3039967715740204
medium_40f_stride20:ba045ed4-ef25-404d-b756-8dcbd45b18fa__ep2:qa:171,ba045ed4-ef25-404d-b756-8dcbd45b18fa__ep2,ep2,test,3560,3599,16.664810180664062,9.633822441101074,0.2555828392505646,0.36163777112960815
medium_40f_stride20:ba045ed4-ef25-404d-b756-8dcbd45b18fa__ep2:qa:172,ba045ed4-ef25-404d-b756-8dcbd45b18fa__ep2,ep2,test,3580,3619,17.204179763793945,9.6693754196167,0.25934693217277527,0.37158069014549255
medium_40f_stride20:ba045ed4-ef25-404d-b756-8dcbd45b18fa__ep2:qa:173,ba045ed4-ef25-404d-b756-8dcbd45b18fa__ep2,ep2,test,3600,3639,16.99856948852539,9.105636596679688,0.22340555489063263,0.3487236499786377
medium_40f_stride20:ba045ed4-ef25-404d-b756-8dcbd45b18fa__ep2:qa:174,ba045ed4-ef25-404d-b756-8dcbd45b18fa__ep2,ep2,test,3640,3679,16.52938461303711,10.12060260772705,0.24766896665096283,0.37018105387687683
medium_40f_stride20:ba045ed4-ef25-404d-b756-8dcbd45b18fa__ep2:qa:175,ba045ed4-ef25-404d-b756-8dcbd45b18fa__ep2,ep2,test,3660,3699,16.251686096191406,10.256062507629395,0.24645467102527618,0.369935005903244
medium_40f_stride20:ba045ed4-ef25-404d-b756-8dcbd45b18fa__ep2:qa:176,ba045ed4-ef25-404d-b756-8dcbd45b18fa__ep2,ep2,test,3680,3719,16.58063316345215,10.910077095031738,0.19275915622711182,0.3141806721687317
medium_40f_stride20:ba045ed4-ef25-404d-b756-8dcbd45b18fa__ep2:qa:177,ba045ed4-ef25-404d-b756-8dcbd45b18fa__ep2,ep2,test,3700,3739,16.932178497314453,10.814452171325684,0.21690960228443146,0.3417966663837433
medium_40f_stride20:ba045ed4-ef25-404d-b756-8dcbd45b18fa__ep2:qa:178,ba045ed4-ef25-404d-b756-8dcbd45b18fa__ep2,ep2,test,3720,3759,17.018924713134766,11.154126167297363,0.2008005827665329,0.31395211815834045
medium_40f_stride20:ba045ed4-ef25-404d-b756-8dcbd45b18fa__ep2:qa:181,ba045ed4-ef25-404d-b756-8dcbd45b18fa__ep2,ep2,test,3800,3839,16.808176040649414,10.460405349731445,0.21852070093154907,0.3284465968608856
medium_40f_stride20:ba045ed4-ef25-404d-b756-8dcbd45b18fa__ep2:qa:182,ba045ed4-ef25-404d-b756-8dcbd45b18fa__ep2,ep2,test,3820,3859,14.216418266296387,10.500112533569336,0.22725705802440643,0.31906789541244507
medium_40f_stride20:ba045ed4-ef25-404d-b756-8dcbd45b18fa__ep2:qa:183,ba045ed4-ef25-404d-b756-8dcbd45b18fa__ep2,ep2,test,3840,3879,14.324874877929688,10.622791290283203,0.23377835750579834,0.33375078439712524
medium_40f_stride20:ba045ed4-ef25-404d-b756-8dcbd45b18fa__ep2:qa:184,ba045ed4-ef25-404d-b756-8dcbd45b18fa__ep2,ep2,test,3860,3899,16.297616958618164,11.01705551147461,0.22311566770076752,0.31869080662727356
medium_40f_stride20:ba045ed4-ef25-404d-b756-8dcbd45b18fa__ep2:qa:185,ba045ed4-ef25-404d-b756-8dcbd45b18fa__ep2,ep2,test,3880,3919,15.907682418823242,11.802310943603516,0.2013329714536667,0.28415319323539734
medium_40f_stride20:ba045ed4-ef25-404d-b756-8dcbd45b18fa__ep2:qa:190,ba045ed4-ef25-404d-b756-8dcbd45b18fa__ep2,ep2,test,4000,4039,16.745752334594727,12.085339546203613,0.1582585722208023,0.232367143034935
medium_40f_stride20:ba045ed4-ef25-404d-b756-8dcbd45b18fa__ep2:qa:191,ba045ed4-ef25-404d-b756-8dcbd45b18fa__ep2,ep2,test,4020,4059,16.108409881591797,11.538102149963379,0.18465562164783478,0.2680245637893677
medium_40f_stride20:ba045ed4-ef25-404d-b756-8dcbd45b18fa__ep2:qa:192,ba045ed4-ef25-404d-b756-8dcbd45b18fa__ep2,ep2,test,4040,4079,16.016958236694336,10.912793159484863,0.19991618394851685,0.2818044126033783
medium_40f_stride20:ba045ed4-ef25-404d-b756-8dcbd45b18fa__ep2:qa:193,ba045ed4-ef25-404d-b756-8dcbd45b18fa__ep2,ep2,test,4060,4099,15.897134780883789,11.164997100830078,0.19724196195602417,0.29096072912216187
medium_40f_stride20:ba045ed4-ef25-404d-b756-8dcbd45b18fa__ep2:qa:194,ba045ed4-ef25-404d-b756-8dcbd45b18fa__ep2,ep2,test,4080,4119,14.904289245605469,11.400725364685059,0.17998181283473969,0.3020540475845337
medium_40f_stride20:ba045ed4-ef25-404d-b756-8dcbd45b18fa__ep2:qa:203,ba045ed4-ef25-404d-b756-8dcbd45b18fa__ep2,ep2,test,4280,4319,15.195821762084961,9.666211128234863,0.20772314071655273,0.3052237033843994
medium_40f_stride20:ba045ed4-ef25-404d-b756-8dcbd45b18fa__ep2:qa:204,ba045ed4-ef25-404d-b756-8dcbd45b18fa__ep2,ep2,test,4300,4339,14.933568000793457,10.531000137329102,0.16799184679985046,0.2619631588459015
medium_40f_stride20:ba045ed4-ef25-404d-b756-8dcbd45b18fa__ep2:qa:205,ba045ed4-ef25-404d-b756-8dcbd45b18fa__ep2,ep2,test,4320,4359,14.663997650146484,11.014482498168945,0.15208940207958221,0.257872998714447
medium_40f_stride20:ba045ed4-ef25-404d-b756-8dcbd45b18fa__ep2:qa:206,ba045ed4-ef25-404d-b756-8dcbd45b18fa__ep2,ep2,test,4340,4379,14.617745399475098,10.858115196228027,0.15701241791248322,0.2611352801322937
medium_40f_stride20:ba045ed4-ef25-404d-b756-8dcbd45b18fa__ep2:qa:207,ba045ed4-ef25-404d-b756-8dcbd45b18fa__ep2,ep2,test,4360,4399,14.615607261657715,10.935992240905762,0.1604401171207428,0.2735084891319275
medium_40f_stride20:ba045ed4-ef25-404d-b756-8dcbd45b18fa__ep2:qa:208,ba045ed4-ef25-404d-b756-8dcbd45b18fa__ep2,ep2,test,4400,4439,14.76882553100586,11.174888610839844,0.15612223744392395,0.26682183146476746
medium_40f_stride20:ba045ed4-ef25-404d-b756-8dcbd45b18fa__ep2:qa:209,ba045ed4-ef25-404d-b756-8dcbd45b18fa__ep2,ep2,test,4420,4459,14.850415229797363,10.895809173583984,0.15841145813465118,0.26291248202323914
medium_40f_stride20:ba045ed4-ef25-404d-b756-8dcbd45b18fa__ep2:qa:210,ba045ed4-ef25-404d-b756-8dcbd45b18fa__ep2,ep2,test,4440,4479,12.550278663635254,10.895491600036621,0.17122028768062592,0.2773338556289673
medium_40f_stride20:ba045ed4-ef25-404d-b756-8dcbd45b18fa__ep2:qa:211,ba045ed4-ef25-404d-b756-8dcbd45b18fa__ep2,ep2,test,4460,4499,12.499629020690918,10.863513946533203,0.17794881761074066,0.2903263568878174
medium_40f_stride20:ba045ed4-ef25-404d-b756-8dcbd45b18fa__ep2:qa:212,ba045ed4-ef25-404d-b756-8dcbd45b18fa__ep2,ep2,test,4480,4519,14.517213821411133,11.472931861877441,0.1563480943441391,0.26087701320648193
medium_40f_stride20:ba045ed4-ef25-404d-b756-8dcbd45b18fa__ep2:qa:217,ba045ed4-ef25-404d-b756-8dcbd45b18fa__ep2,ep2,test,4600,4639,15.489484786987305,12.270779609680176,0.1831882745027542,0.31128376722335815
medium_40f_stride20:ba045ed4-ef25-404d-b756-8dcbd45b18fa__ep2:qa:218,ba045ed4-ef25-404d-b756-8dcbd45b18fa__ep2,ep2,test,4620,4659,15.533576965332031,12.103504180908203,0.2632348835468292,0.43096092343330383
medium_40f_stride20:ba045ed4-ef25-404d-b756-8dcbd45b18fa__ep2:qa:219,ba045ed4-ef25-404d-b756-8dcbd45b18fa__ep2,ep2,test,4640,4679,15.337565422058105,10.378334999084473,0.27315402030944824,0.40717992186546326
medium_40f_stride20:ba045ed4-ef25-404d-b756-8dcbd45b18fa__ep2:qa:220,ba045ed4-ef25-404d-b756-8dcbd45b18fa__ep2,ep2,test,4660,4699,15.327948570251465,9.917816162109375,0.2376023828983307,0.36323049664497375
medium_40f_stride20:ba045ed4-ef25-404d-b756-8dcbd45b18fa__ep2:qa:221,ba045ed4-ef25-404d-b756-8dcbd45b18fa__ep2,ep2,test,4680,4719,15.211332321166992,10.489991188049316,0.31556040048599243,0.43350857496261597
medium_40f_stride20:ba045ed4-ef25-404d-b756-8dcbd45b18fa__ep2:qa:222,ba045ed4-ef25-404d-b756-8dcbd45b18fa__ep2,ep2,test,4700,4739,14.088523864746094,10.51734447479248,0.31888866424560547,0.4413912892341614
medium_40f_stride20:ba045ed4-ef25-404d-b756-8dcbd45b18fa__ep2:qa:226,ba045ed4-ef25-404d-b756-8dcbd45b18fa__ep2,ep2,test,4800,4839,16.11362648010254,10.641475677490234,0.27723073959350586,0.3913385272026062
medium_40f_stride20:ba045ed4-ef25-404d-b756-8dcbd45b18fa__ep2:qa:227,ba045ed4-ef25-404d-b756-8dcbd45b18fa__ep2,ep2,test,4820,4859,16.132993698120117,10.11284065246582,0.2017442286014557,0.26949965953826904
medium_40f_stride20:ba045ed4-ef25-404d-b756-8dcbd45b18fa__ep2:qa:228,ba045ed4-ef25-404d-b756-8dcbd45b18fa__ep2,ep2,test,4840,4879,16.23460578918457,10.690014839172363,0.2031649500131607,0.28699713945388794
medium_40f_stride20:ba045ed4-ef25-404d-b756-8dcbd45b18fa__ep2:qa:229,ba045ed4-ef25-404d-b756-8dcbd45b18fa__ep2,ep2,test,4860,4899,15.62105941772461,11.48717975616455,0.17524577677249908,0.2793635427951813
medium_40f_stride20:ba045ed4-ef25-404d-b756-8dcbd45b18fa__ep2:qa:230,ba045ed4-ef25-404d-b756-8dcbd45b18fa__ep2,ep2,test,4880,4919,15.81335735321045,12.350290298461914,0.1604960560798645,0.2786952555179596
medium_40f_stride20:ba045ed4-ef25-404d-b756-8dcbd45b18fa__ep2:qa:235,ba045ed4-ef25-404d-b756-8dcbd45b18fa__ep2,ep2,test,5000,5039,15.178406715393066,11.51386833190918,0.17757511138916016,0.29345205426216125
medium_40f_stride20:ba045ed4-ef25-404d-b756-8dcbd45b18fa__ep2:qa:236,ba045ed4-ef25-404d-b756-8dcbd45b18fa__ep2,ep2,test,5020,5059,16.119190216064453,10.87263298034668,0.1937030553817749,0.3172686994075775
medium_40f_stride20:ba045ed4-ef25-404d-b756-8dcbd45b18fa__ep2:qa:237,ba045ed4-ef25-404d-b756-8dcbd45b18fa__ep2,ep2,test,5040,5079,16.90625,10.779457092285156,0.21834971010684967,0.3249136805534363
medium_40f_stride20:ba045ed4-ef25-404d-b756-8dcbd45b18fa__ep2:qa:238,ba045ed4-ef25-404d-b756-8dcbd45b18fa__ep2,ep2,test,5060,5099,17.13416862487793,11.18671989440918,0.20210349559783936,0.28745725750923157
medium_40f_stride20:ba045ed4-ef25-404d-b756-8dcbd45b18fa__ep2:qa:239,ba045ed4-ef25-404d-b756-8dcbd45b18fa__ep2,ep2,test,5080,5119,17.492673873901367,11.829522132873535,0.1865779608488083,0.26964300870895386
medium_40f_stride20:ba045ed4-ef25-404d-b756-8dcbd45b18fa__ep2:qa:242,ba045ed4-ef25-404d-b756-8dcbd45b18fa__ep2,ep2,test,5160,5199,13.31356430053711,11.528361320495605,0.2782438099384308,0.4334914982318878
medium_40f_stride20:ba045ed4-ef25-404d-b756-8dcbd45b18fa__ep2:qa:243,ba045ed4-ef25-404d-b756-8dcbd45b18fa__ep2,ep2,test,5180,5219,0.0,12.25352668762207,0.1915208101272583,0.4125977158546448
medium_40f_stride20:ba045ed4-ef25-404d-b756-8dcbd45b18fa__ep2:qa:244,ba045ed4-ef25-404d-b756-8dcbd45b18fa__ep2,ep2,test,5200,5239,0.0,12.323895454406738,0.19535976648330688,0.4149671196937561
medium_40f_stride20:ba045ed4-ef25-404d-b756-8dcbd45b18fa__ep2:qa:245,ba045ed4-ef25-404d-b756-8dcbd45b18fa__ep2,ep2,test,5220,5259,14.35894775390625,11.456745147705078,0.3398244380950928,0.45696163177490234
medium_40f_stride20:ba045ed4-ef25-404d-b756-8dcbd45b18fa__ep2:qa:246,ba045ed4-ef25-404d-b756-8dcbd45b18fa__ep2,ep2,test,5240,5279,15.384603500366211,11.170514106750488,0.30612069368362427,0.43407905101776123
medium_40f_stride20:ba045ed4-ef25-404d-b756-8dcbd45b18fa__ep2:qa:253,ba045ed4-ef25-404d-b756-8dcbd45b18fa__ep2,ep2,test,5400,5439,0.0,11.147842407226562,0.19720929861068726,0.3753673732280731
medium_40f_stride20:ba045ed4-ef25-404d-b756-8dcbd45b18fa__ep2:qa:254,ba045ed4-ef25-404d-b756-8dcbd45b18fa__ep2,ep2,test,5420,5459,0.0,11.331304550170898,0.1864321231842041,0.38154488801956177
medium_40f_stride20:ba045ed4-ef25-404d-b756-8dcbd45b18fa__ep2:qa:255,ba045ed4-ef25-404d-b756-8dcbd45b18fa__ep2,ep2,test,5440,5479,11.033540725708008,11.66954231262207,0.31294137239456177,0.4290549159049988
medium_40f_stride20:ba045ed4-ef25-404d-b756-8dcbd45b18fa__ep2:qa:256,ba045ed4-ef25-404d-b756-8dcbd45b18fa__ep2,ep2,test,5460,5499,13.499137878417969,11.61644172668457,0.3192664682865143,0.42397651076316833
medium_40f_stride20:ba045ed4-ef25-404d-b756-8dcbd45b18fa__ep2:qa:257,ba045ed4-ef25-404d-b756-8dcbd45b18fa__ep2,ep2,test,5480,5519,13.91555404663086,11.672967910766602,0.1734939068555832,0.2566535174846649
medium_40f_stride20:ba045ed4-ef25-404d-b756-8dcbd45b18fa__ep2:qa:258,ba045ed4-ef25-404d-b756-8dcbd45b18fa__ep2,ep2,test,5500,5539,14.126486778259277,11.945253372192383,0.13328182697296143,0.22479066252708435
medium_40f_stride20:ba045ed4-ef25-404d-b756-8dcbd45b18fa__ep2:qa:272,ba045ed4-ef25-404d-b756-8dcbd45b18fa__ep2,ep2,test,5800,5839,14.892569541931152,12.304030418395996,0.15834647417068481,0.2674313187599182
medium_40f_stride20:ba045ed4-ef25-404d-b756-8dcbd45b18fa__ep2:qa:273,ba045ed4-ef25-404d-b756-8dcbd45b18fa__ep2,ep2,test,5820,5859,14.89148235321045,12.377673149108887,0.15100863575935364,0.2588931918144226
medium_40f_stride20:ba045ed4-ef25-404d-b756-8dcbd45b18fa__ep2:qa:274,ba045ed4-ef25-404d-b756-8dcbd45b18fa__ep2,ep2,test,5840,5879,15.013016700744629,12.417217254638672,0.15640465915203094,0.2611294388771057
medium_40f_stride20:ba045ed4-ef25-404d-b756-8dcbd45b18fa__ep2:qa:275,ba045ed4-ef25-404d-b756-8dcbd45b18fa__ep2,ep2,test,5860,5899,15.87758731842041,11.778219223022461,0.31379467248916626,0.4366483986377716
medium_40f_stride20:ba045ed4-ef25-404d-b756-8dcbd45b18fa__ep2:qa:276,ba045ed4-ef25-404d-b756-8dcbd45b18fa__ep2,ep2,test,5880,5919,14.69908332824707,11.645865440368652,0.3412002921104431,0.4504797160625458
medium_40f_stride20:ba045ed4-ef25-404d-b756-8dcbd45b18fa__ep2:qa:277,ba045ed4-ef25-404d-b756-8dcbd45b18fa__ep2,ep2,test,5900,5939,0.0,11.58985710144043,0.19043733179569244,0.3902507424354553
medium_40f_stride20:4b02bb38-384a-438a-b5f9-6131d85c34b0__ep1:qa:0,4b02bb38-384a-438a-b5f9-6131d85c34b0__ep1,ep1,test,0,39,0.0,10.456809997558594,0.17738255858421326,0.35209909081459045
medium_40f_stride20:4b02bb38-384a-438a-b5f9-6131d85c34b0__ep1:qa:1,4b02bb38-384a-438a-b5f9-6131d85c34b0__ep1,ep1,test,20,59,0.0,11.07766056060791,0.17932917177677155,0.3730042576789856
medium_40f_stride20:4b02bb38-384a-438a-b5f9-6131d85c34b0__ep1:qa:2,4b02bb38-384a-438a-b5f9-6131d85c34b0__ep1,ep1,test,40,79,0.0,10.626958847045898,0.18965591490268707,0.3578283190727234
medium_40f_stride20:4b02bb38-384a-438a-b5f9-6131d85c34b0__ep1:qa:3,4b02bb38-384a-438a-b5f9-6131d85c34b0__ep1,ep1,test,60,99,0.0,10.146451950073242,0.1895473748445511,0.34164878726005554
medium_40f_stride20:4b02bb38-384a-438a-b5f9-6131d85c34b0__ep1:qa:4,4b02bb38-384a-438a-b5f9-6131d85c34b0__ep1,ep1,test,80,119,0.0,10.405536651611328,0.19911405444145203,0.35037264227867126
medium_40f_stride20:4b02bb38-384a-438a-b5f9-6131d85c34b0__ep1:qa:5,4b02bb38-384a-438a-b5f9-6131d85c34b0__ep1,ep1,test,100,139,12.016766548156738,9.035359382629395,0.3085522949695587,0.4138149917125702
medium_40f_stride20:4b02bb38-384a-438a-b5f9-6131d85c34b0__ep1:qa:6,4b02bb38-384a-438a-b5f9-6131d85c34b0__ep1,ep1,test,120,159,17.818096160888672,8.930188179016113,0.38048720359802246,0.5172936916351318
medium_40f_stride20:4b02bb38-384a-438a-b5f9-6131d85c34b0__ep1:qa:7,4b02bb38-384a-438a-b5f9-6131d85c34b0__ep1,ep1,test,140,179,18.03852081298828,9.638708114624023,0.3208436965942383,0.4736762046813965
medium_40f_stride20:4b02bb38-384a-438a-b5f9-6131d85c34b0__ep1:qa:8,4b02bb38-384a-438a-b5f9-6131d85c34b0__ep1,ep1,test,160,199,18.981630325317383,11.105496406555176,0.3562678396701813,0.5046127438545227
medium_40f_stride20:4b02bb38-384a-438a-b5f9-6131d85c34b0__ep1:qa:13,4b02bb38-384a-438a-b5f9-6131d85c34b0__ep1,ep1,test,280,319,0.0,11.299688339233398,0.19991950690746307,0.3804802894592285
medium_40f_stride20:4b02bb38-384a-438a-b5f9-6131d85c34b0__ep1:qa:14,4b02bb38-384a-438a-b5f9-6131d85c34b0__ep1,ep1,test,300,339,0.0,10.492029190063477,0.20251305401325226,0.353285014629364
medium_40f_stride20:4b02bb38-384a-438a-b5f9-6131d85c34b0__ep1:qa:15,4b02bb38-384a-438a-b5f9-6131d85c34b0__ep1,ep1,test,320,359,0.0,9.962531089782715,0.1958596408367157,0.33545583486557007
medium_40f_stride20:4b02bb38-384a-438a-b5f9-6131d85c34b0__ep1:qa:16,4b02bb38-384a-438a-b5f9-6131d85c34b0__ep1,ep1,test,340,379,0.0,8.678494453430176,0.21241138875484467,0.2922200858592987
medium_40f_stride20:4b02bb38-384a-438a-b5f9-6131d85c34b0__ep1:qa:17,4b02bb38-384a-438a-b5f9-6131d85c34b0__ep1,ep1,test,360,399,0.0,8.737475395202637,0.21320462226867676,0.2942061126232147
medium_40f_stride20:4b02bb38-384a-438a-b5f9-6131d85c34b0__ep1:qa:18,4b02bb38-384a-438a-b5f9-6131d85c34b0__ep1,ep1,test,400,439,0.0,8.946022987365723,0.17482693493366241,0.30122828483581543
medium_40f_stride20:4b02bb38-384a-438a-b5f9-6131d85c34b0__ep1:qa:19,4b02bb38-384a-438a-b5f9-6131d85c34b0__ep1,ep1,test,420,459,0.0,11.809011459350586,0.2842716872692108,0.39763006567955017
medium_40f_stride20:4b02bb38-384a-438a-b5f9-6131d85c34b0__ep1:qa:20,4b02bb38-384a-438a-b5f9-6131d85c34b0__ep1,ep1,test,440,479,0.0,10.199287414550781,0.24657489359378815,0.3434278666973114
medium_40f_stride20:4b02bb38-384a-438a-b5f9-6131d85c34b0__ep1:qa:21,4b02bb38-384a-438a-b5f9-6131d85c34b0__ep1,ep1,test,460,499,0.0,7.958917140960693,0.17332781851291656,0.26799067854881287
medium_40f_stride20:4b02bb38-384a-438a-b5f9-6131d85c34b0__ep1:qa:22,4b02bb38-384a-438a-b5f9-6131d85c34b0__ep1,ep1,test,480,519,0.0,10.11301326751709,0.23198753595352173,0.3405228853225708
medium_40f_stride20:4b02bb38-384a-438a-b5f9-6131d85c34b0__ep1:qa:23,4b02bb38-384a-438a-b5f9-6131d85c34b0__ep1,ep1,test,500,539,0.0,10.131975173950195,0.2211528718471527,0.3411613404750824
medium_40f_stride20:4b02bb38-384a-438a-b5f9-6131d85c34b0__ep1:qa:24,4b02bb38-384a-438a-b5f9-6131d85c34b0__ep1,ep1,test,520,559,0.0,9.991883277893066,0.22340385615825653,0.3364441990852356
medium_40f_stride20:4b02bb38-384a-438a-b5f9-6131d85c34b0__ep1:qa:25,4b02bb38-384a-438a-b5f9-6131d85c34b0__ep1,ep1,test,540,579,0.0,8.630463600158691,0.20402443408966064,0.29060283303260803
medium_40f_stride20:4b02bb38-384a-438a-b5f9-6131d85c34b0__ep1:qa:26,4b02bb38-384a-438a-b5f9-6131d85c34b0__ep1,ep1,test,560,599,0.0,10.206947326660156,0.23927105963230133,0.3436858057975769
medium_40f_stride20:4b02bb38-384a-438a-b5f9-6131d85c34b0__ep1:qa:29,4b02bb38-384a-438a-b5f9-6131d85c34b0__ep1,ep1,test,640,679,0.0,10.63399600982666,0.1782301664352417,0.35806527733802795
medium_40f_stride20:4b02bb38-384a-438a-b5f9-6131d85c34b0__ep1:qa:30,4b02bb38-384a-438a-b5f9-6131d85c34b0__ep1,ep1,test,660,699,0.0,10.533486366271973,0.17600999772548676,0.3546809256076813
medium_40f_stride20:4b02bb38-384a-438a-b5f9-6131d85c34b0__ep1:qa:31,4b02bb38-384a-438a-b5f9-6131d85c34b0__ep1,ep1,test,680,719,18.35382843017578,10.175676345825195,0.37666192650794983,0.5307971835136414
medium_40f_stride20:4b02bb38-384a-438a-b5f9-6131d85c34b0__ep1:qa:32,4b02bb38-384a-438a-b5f9-6131d85c34b0__ep1,ep1,test,700,739,20.595762252807617,9.990254402160645,0.4240245819091797,0.5762349963188171
medium_40f_stride20:4b02bb38-384a-438a-b5f9-6131d85c34b0__ep1:qa:33,4b02bb38-384a-438a-b5f9-6131d85c34b0__ep1,ep1,test,720,759,21.905006408691406,10.460058212280273,0.34517422318458557,0.4916042983531952
medium_40f_stride20:4b02bb38-384a-438a-b5f9-6131d85c34b0__ep1:qa:34,4b02bb38-384a-438a-b5f9-6131d85c34b0__ep1,ep1,test,740,779,21.677753448486328,10.261665344238281,0.32990655303001404,0.487726092338562
medium_40f_stride20:4b02bb38-384a-438a-b5f9-6131d85c34b0__ep1:qa:35,4b02bb38-384a-438a-b5f9-6131d85c34b0__ep1,ep1,test,760,799,21.189626693725586,10.06032657623291,0.35527896881103516,0.5121047496795654
medium_40f_stride20:4b02bb38-384a-438a-b5f9-6131d85c34b0__ep1:qa:36,4b02bb38-384a-438a-b5f9-6131d85c34b0__ep1,ep1,test,780,819,20.635055541992188,11.47461986541748,0.2988220155239105,0.43538087606430054
medium_40f_stride20:4b02bb38-384a-438a-b5f9-6131d85c34b0__ep1:qa:37,4b02bb38-384a-438a-b5f9-6131d85c34b0__ep1,ep1,test,800,839,20.11431312561035,12.53120231628418,0.2801991403102875,0.4620809555053711
medium_40f_stride20:4b02bb38-384a-438a-b5f9-6131d85c34b0__ep1:qa:46,4b02bb38-384a-438a-b5f9-6131d85c34b0__ep1,ep1,test,1000,1039,15.802652359008789,12.39333724975586,0.38807412981987,0.5351354479789734
medium_40f_stride20:4b02bb38-384a-438a-b5f9-6131d85c34b0__ep1:qa:47,4b02bb38-384a-438a-b5f9-6131d85c34b0__ep1,ep1,test,1020,1059,19.245576858520508,12.33816909790039,0.41060784459114075,0.5724624991416931
medium_40f_stride20:4b02bb38-384a-438a-b5f9-6131d85c34b0__ep1:qa:48,4b02bb38-384a-438a-b5f9-6131d85c34b0__ep1,ep1,test,1040,1079,19.645496368408203,9.926077842712402,0.3171969950199127,0.4678631126880646
medium_40f_stride20:4b02bb38-384a-438a-b5f9-6131d85c34b0__ep1:qa:49,4b02bb38-384a-438a-b5f9-6131d85c34b0__ep1,ep1,test,1060,1099,20.218420028686523,8.008543968200684,0.34195518493652344,0.5164581537246704
medium_40f_stride20:4b02bb38-384a-438a-b5f9-6131d85c34b0__ep1:qa:50,4b02bb38-384a-438a-b5f9-6131d85c34b0__ep1,ep1,test,1080,1119,19.769275665283203,9.93619441986084,0.3033384680747986,0.42736974358558655
medium_40f_stride20:4b02bb38-384a-438a-b5f9-6131d85c34b0__ep1:qa:51,4b02bb38-384a-438a-b5f9-6131d85c34b0__ep1,ep1,test,1100,1139,19.31170654296875,12.205171585083008,0.2741868495941162,0.4023851156234741
medium_40f_stride20:4b02bb38-384a-438a-b5f9-6131d85c34b0__ep1:qa:52,4b02bb38-384a-438a-b5f9-6131d85c34b0__ep1,ep1,test,1120,1159,19.670501708984375,12.209232330322266,0.3593304753303528,0.5361734628677368
medium_40f_stride20:4b02bb38-384a-438a-b5f9-6131d85c34b0__ep1:qa:53,4b02bb38-384a-438a-b5f9-6131d85c34b0__ep1,ep1,test,1140,1179,15.909823417663574,12.314420700073242,0.2523004412651062,0.38174155354499817
medium_40f_stride20:4b02bb38-384a-438a-b5f9-6131d85c34b0__ep1:qa:54,4b02bb38-384a-438a-b5f9-6131d85c34b0__ep1,ep1,test,1160,1199,19.481657028198242,12.444382667541504,0.35274815559387207,0.5310423970222473
medium_40f_stride20:4b02bb38-384a-438a-b5f9-6131d85c34b0__ep1:qa:65,4b02bb38-384a-438a-b5f9-6131d85c34b0__ep1,ep1,test,1400,1439,19.051048278808594,12.496533393859863,0.2318308800458908,0.36764371395111084
medium_40f_stride20:4b02bb38-384a-438a-b5f9-6131d85c34b0__ep1:qa:66,4b02bb38-384a-438a-b5f9-6131d85c34b0__ep1,ep1,test,1420,1459,18.9475154876709,12.564712524414062,0.2297878861427307,0.3652198016643524
medium_40f_stride20:4b02bb38-384a-438a-b5f9-6131d85c34b0__ep1:qa:67,4b02bb38-384a-438a-b5f9-6131d85c34b0__ep1,ep1,test,1440,1479,18.92171859741211,12.533942222595215,0.2302907258272171,0.3673078119754791
medium_40f_stride20:4b02bb38-384a-438a-b5f9-6131d85c34b0__ep1:qa:68,4b02bb38-384a-438a-b5f9-6131d85c34b0__ep1,ep1,test,1460,1499,16.399702072143555,12.3998384475708,0.29439592361450195,0.41035518050193787
medium_40f_stride20:4b02bb38-384a-438a-b5f9-6131d85c34b0__ep1:qa:69,4b02bb38-384a-438a-b5f9-6131d85c34b0__ep1,ep1,test,1480,1519,16.497243881225586,12.16272258758545,0.29084235429763794,0.4094450771808624
medium_40f_stride20:4b02bb38-384a-438a-b5f9-6131d85c34b0__ep1:qa:70,4b02bb38-384a-438a-b5f9-6131d85c34b0__ep1,ep1,test,1500,1539,18.68156623840332,12.38857364654541,0.25860869884490967,0.43173521757125854
medium_40f_stride20:4b02bb38-384a-438a-b5f9-6131d85c34b0__ep1:qa:71,4b02bb38-384a-438a-b5f9-6131d85c34b0__ep1,ep1,test,1520,1559,18.936351776123047,11.790043830871582,0.2622208595275879,0.38376960158348083
medium_40f_stride20:4b02bb38-384a-438a-b5f9-6131d85c34b0__ep1:qa:72,4b02bb38-384a-438a-b5f9-6131d85c34b0__ep1,ep1,test,1540,1579,19.450342178344727,11.099092483520508,0.29595014452934265,0.4123859107494354
medium_40f_stride20:4b02bb38-384a-438a-b5f9-6131d85c34b0__ep1:qa:73,4b02bb38-384a-438a-b5f9-6131d85c34b0__ep1,ep1,test,1560,1599,20.482357025146484,11.071752548217773,0.29804351925849915,0.4443843960762024
medium_40f_stride20:4b02bb38-384a-438a-b5f9-6131d85c34b0__ep1:qa:74,4b02bb38-384a-438a-b5f9-6131d85c34b0__ep1,ep1,test,1580,1619,20.322765350341797,10.098876953125,0.30872488021850586,0.4455893933773041
medium_40f_stride20:4b02bb38-384a-438a-b5f9-6131d85c34b0__ep1:qa:94,4b02bb38-384a-438a-b5f9-6131d85c34b0__ep1,ep1,test,2000,2039,19.91590118408203,11.773143768310547,0.30072489380836487,0.494793176651001
medium_40f_stride20:4b02bb38-384a-438a-b5f9-6131d85c34b0__ep1:qa:95,4b02bb38-384a-438a-b5f9-6131d85c34b0__ep1,ep1,test,2020,2059,19.71613311767578,12.441061019897461,0.3021342158317566,0.5084224343299866
medium_40f_stride20:4b02bb38-384a-438a-b5f9-6131d85c34b0__ep1:qa:96,4b02bb38-384a-438a-b5f9-6131d85c34b0__ep1,ep1,test,2040,2079,19.57036781311035,12.401561737060547,0.296720951795578,0.49583086371421814
medium_40f_stride20:4b02bb38-384a-438a-b5f9-6131d85c34b0__ep1:qa:97,4b02bb38-384a-438a-b5f9-6131d85c34b0__ep1,ep1,test,2060,2099,19.462276458740234,12.473413467407227,0.2870970368385315,0.4907206892967224
medium_40f_stride20:4b02bb38-384a-438a-b5f9-6131d85c34b0__ep1:qa:98,4b02bb38-384a-438a-b5f9-6131d85c34b0__ep1,ep1,test,2080,2119,19.36396598815918,12.479811668395996,0.2777646780014038,0.4876381754875183
medium_40f_stride20:4b02bb38-384a-438a-b5f9-6131d85c34b0__ep1:qa:99,4b02bb38-384a-438a-b5f9-6131d85c34b0__ep1,ep1,test,2100,2139,19.380897521972656,12.490584373474121,0.27912670373916626,0.48731330037117004
medium_40f_stride20:4b02bb38-384a-438a-b5f9-6131d85c34b0__ep1:qa:100,4b02bb38-384a-438a-b5f9-6131d85c34b0__ep1,ep1,test,2120,2159,19.412416458129883,12.536107063293457,0.28176841139793396,0.4866939187049866
medium_40f_stride20:4b02bb38-384a-438a-b5f9-6131d85c34b0__ep1:qa:101,4b02bb38-384a-438a-b5f9-6131d85c34b0__ep1,ep1,test,2140,2179,19.427349090576172,12.505582809448242,0.2824605107307434,0.48756518959999084
medium_40f_stride20:4b02bb38-384a-438a-b5f9-6131d85c34b0__ep1:qa:102,4b02bb38-384a-438a-b5f9-6131d85c34b0__ep1,ep1,test,2160,2199,19.430273056030273,12.510144233703613,0.281493216753006,0.4879262149333954
medium_40f_stride20:4b02bb38-384a-438a-b5f9-6131d85c34b0__ep1:qa:125,4b02bb38-384a-438a-b5f9-6131d85c34b0__ep1,ep1,test,2640,2679,0.0,11.089681625366211,0.18598005175590515,0.3734090030193329
medium_40f_stride20:4b02bb38-384a-438a-b5f9-6131d85c34b0__ep1:qa:126,4b02bb38-384a-438a-b5f9-6131d85c34b0__ep1,ep1,test,2660,2699,0.0,11.217681884765625,0.19202974438667297,0.377718985080719
medium_40f_stride20:4b02bb38-384a-438a-b5f9-6131d85c34b0__ep1:qa:127,4b02bb38-384a-438a-b5f9-6131d85c34b0__ep1,ep1,test,2680,2719,0.0,9.666717529296875,0.16143465042114258,0.32549530267715454
medium_40f_stride20:4b02bb38-384a-438a-b5f9-6131d85c34b0__ep1:qa:128,4b02bb38-384a-438a-b5f9-6131d85c34b0__ep1,ep1,test,2700,2739,17.123987197875977,6.756381034851074,0.35735538601875305,0.49431753158569336
medium_40f_stride20:4b02bb38-384a-438a-b5f9-6131d85c34b0__ep1:qa:129,4b02bb38-384a-438a-b5f9-6131d85c34b0__ep1,ep1,test,2720,2759,20.26435089111328,8.90544319152832,0.4115632176399231,0.580565869808197
medium_40f_stride20:4b02bb38-384a-438a-b5f9-6131d85c34b0__ep1:qa:130,4b02bb38-384a-438a-b5f9-6131d85c34b0__ep1,ep1,test,2740,2779,19.87531089782715,9.480088233947754,0.35653209686279297,0.48514971137046814
medium_40f_stride20:4b02bb38-384a-438a-b5f9-6131d85c34b0__ep1:qa:131,4b02bb38-384a-438a-b5f9-6131d85c34b0__ep1,ep1,test,2760,2799,19.42647361755371,10.403486251831055,0.32023870944976807,0.45746564865112305
medium_40f_stride20:4b02bb38-384a-438a-b5f9-6131d85c34b0__ep1:qa:132,4b02bb38-384a-438a-b5f9-6131d85c34b0__ep1,ep1,test,2780,2819,18.873247146606445,10.409175872802734,0.31960001587867737,0.44775593280792236
medium_40f_stride20:4b02bb38-384a-438a-b5f9-6131d85c34b0__ep1:qa:133,4b02bb38-384a-438a-b5f9-6131d85c34b0__ep1,ep1,test,2800,2839,18.9312801361084,10.712538719177246,0.28632432222366333,0.4368898868560791
medium_40f_stride20:4b02bb38-384a-438a-b5f9-6131d85c34b0__ep1:qa:175,4b02bb38-384a-438a-b5f9-6131d85c34b0__ep1,ep1,test,3680,3719,20.87971305847168,12.035621643066406,0.3320467174053192,0.5467460751533508
medium_40f_stride20:4b02bb38-384a-438a-b5f9-6131d85c34b0__ep1:qa:176,4b02bb38-384a-438a-b5f9-6131d85c34b0__ep1,ep1,test,3700,3739,21.37665557861328,12.240077018737793,0.3109065592288971,0.5130199790000916
medium_40f_stride20:4b02bb38-384a-438a-b5f9-6131d85c34b0__ep1:qa:177,4b02bb38-384a-438a-b5f9-6131d85c34b0__ep1,ep1,test,3720,3759,20.15190887451172,12.328471183776855,0.30408042669296265,0.4896336793899536
medium_40f_stride20:4b02bb38-384a-438a-b5f9-6131d85c34b0__ep1:qa:178,4b02bb38-384a-438a-b5f9-6131d85c34b0__ep1,ep1,test,3740,3779,19.674419403076172,8.799928665161133,0.40841156244277954,0.551703929901123
medium_40f_stride20:4b02bb38-384a-438a-b5f9-6131d85c34b0__ep1:qa:179,4b02bb38-384a-438a-b5f9-6131d85c34b0__ep1,ep1,test,3760,3799,16.08849334716797,7.5298357009887695,0.28812095522880554,0.38874298334121704
medium_40f_stride20:4b02bb38-384a-438a-b5f9-6131d85c34b0__ep1:qa:180,4b02bb38-384a-438a-b5f9-6131d85c34b0__ep1,ep1,test,3780,3819,19.623672485351562,10.198166847229004,0.3756055533885956,0.5112489461898804
medium_40f_stride20:4b02bb38-384a-438a-b5f9-6131d85c34b0__ep1:qa:181,4b02bb38-384a-438a-b5f9-6131d85c34b0__ep1,ep1,test,3800,3839,19.297853469848633,11.890231132507324,0.24817529320716858,0.37478047609329224
medium_40f_stride20:4b02bb38-384a-438a-b5f9-6131d85c34b0__ep1:qa:182,4b02bb38-384a-438a-b5f9-6131d85c34b0__ep1,ep1,test,3820,3859,19.40981674194336,10.92798137664795,0.2728249132633209,0.3997601568698883
medium_40f_stride20:4b02bb38-384a-438a-b5f9-6131d85c34b0__ep1:qa:183,4b02bb38-384a-438a-b5f9-6131d85c34b0__ep1,ep1,test,3840,3879,19.457136154174805,10.597901344299316,0.30307045578956604,0.450949490070343
medium_40f_stride20:4b02bb38-384a-438a-b5f9-6131d85c34b0__ep1:qa:190,4b02bb38-384a-438a-b5f9-6131d85c34b0__ep1,ep1,test,4000,4039,0.0,12.42025375366211,0.19638508558273315,0.4182116687297821
medium_40f_stride20:4b02bb38-384a-438a-b5f9-6131d85c34b0__ep1:qa:191,4b02bb38-384a-438a-b5f9-6131d85c34b0__ep1,ep1,test,4020,4059,15.568842887878418,12.2919282913208,0.363521933555603,0.5034676194190979
medium_40f_stride20:4b02bb38-384a-438a-b5f9-6131d85c34b0__ep1:qa:192,4b02bb38-384a-438a-b5f9-6131d85c34b0__ep1,ep1,test,4040,4079,18.614316940307617,12.085314750671387,0.3719576597213745,0.5319162607192993
medium_40f_stride20:4b02bb38-384a-438a-b5f9-6131d85c34b0__ep1:qa:193,4b02bb38-384a-438a-b5f9-6131d85c34b0__ep1,ep1,test,4060,4099,18.437225341796875,12.38454818725586,0.2510926127433777,0.39078059792518616
medium_40f_stride20:4b02bb38-384a-438a-b5f9-6131d85c34b0__ep1:qa:194,4b02bb38-384a-438a-b5f9-6131d85c34b0__ep1,ep1,test,4080,4119,18.73828125,12.43356990814209,0.2454644739627838,0.37644049525260925
medium_40f_stride20:4b02bb38-384a-438a-b5f9-6131d85c34b0__ep1:qa:195,4b02bb38-384a-438a-b5f9-6131d85c34b0__ep1,ep1,test,4100,4139,19.31308937072754,11.219971656799316,0.25617292523384094,0.3727602958679199
medium_40f_stride20:4b02bb38-384a-438a-b5f9-6131d85c34b0__ep1:qa:196,4b02bb38-384a-438a-b5f9-6131d85c34b0__ep1,ep1,test,4120,4159,18.76940155029297,10.189498901367188,0.3925040662288666,0.5283285975456238
medium_40f_stride20:4b02bb38-384a-438a-b5f9-6131d85c34b0__ep1:qa:197,4b02bb38-384a-438a-b5f9-6131d85c34b0__ep1,ep1,test,4140,4179,17.5900936126709,6.754990100860596,0.37171295285224915,0.5472357869148254
medium_40f_stride20:4b02bb38-384a-438a-b5f9-6131d85c34b0__ep1:qa:198,4b02bb38-384a-438a-b5f9-6131d85c34b0__ep1,ep1,test,4160,4199,0.0,5.030378341674805,0.09123459458351135,0.16938166320323944
medium_40f_stride20:4b02bb38-384a-438a-b5f9-6131d85c34b0__ep1:qa:209,4b02bb38-384a-438a-b5f9-6131d85c34b0__ep1,ep1,test,4400,4439,16.55398941040039,9.870440483093262,0.35039079189300537,0.5176013112068176
medium_40f_stride20:4b02bb38-384a-438a-b5f9-6131d85c34b0__ep1:qa:210,4b02bb38-384a-438a-b5f9-6131d85c34b0__ep1,ep1,test,4420,4459,18.59739112854004,10.385724067687988,0.37163659930229187,0.5318384766578674
medium_40f_stride20:4b02bb38-384a-438a-b5f9-6131d85c34b0__ep1:qa:211,4b02bb38-384a-438a-b5f9-6131d85c34b0__ep1,ep1,test,4440,4479,19.87458038330078,10.626532554626465,0.2837683856487274,0.44928568601608276
medium_40f_stride20:4b02bb38-384a-438a-b5f9-6131d85c34b0__ep1:qa:212,4b02bb38-384a-438a-b5f9-6131d85c34b0__ep1,ep1,test,4460,4499,19.744029998779297,10.159085273742676,0.29463496804237366,0.465792715549469
medium_40f_stride20:4b02bb38-384a-438a-b5f9-6131d85c34b0__ep1:qa:213,4b02bb38-384a-438a-b5f9-6131d85c34b0__ep1,ep1,test,4480,4519,19.691492080688477,11.270976066589355,0.2878150939941406,0.45760154724121094
medium_40f_stride20:4b02bb38-384a-438a-b5f9-6131d85c34b0__ep1:qa:214,4b02bb38-384a-438a-b5f9-6131d85c34b0__ep1,ep1,test,4500,4539,19.02403450012207,11.694243431091309,0.27430886030197144,0.4121837317943573
medium_40f_stride20:4b02bb38-384a-438a-b5f9-6131d85c34b0__ep1:qa:215,4b02bb38-384a-438a-b5f9-6131d85c34b0__ep1,ep1,test,4520,4559,18.984188079833984,11.810961723327637,0.2765963077545166,0.3895908296108246
medium_40f_stride20:4b02bb38-384a-438a-b5f9-6131d85c34b0__ep1:qa:216,4b02bb38-384a-438a-b5f9-6131d85c34b0__ep1,ep1,test,4540,4579,19.194849014282227,12.473562240600586,0.26822590827941895,0.3853035271167755
medium_40f_stride20:4b02bb38-384a-438a-b5f9-6131d85c34b0__ep1:qa:217,4b02bb38-384a-438a-b5f9-6131d85c34b0__ep1,ep1,test,4560,4599,19.225757598876953,12.503721237182617,0.19647842645645142,0.32984262704849243
medium_40f_stride20:5399ef86-4df9-49bc-809f-8f4f92f9e659__ep6:qa:0,5399ef86-4df9-49bc-809f-8f4f92f9e659__ep6,ep6,test,0,39,9.993982315063477,9.934764862060547,0.09212949126958847,0.133611261844635
medium_40f_stride20:5399ef86-4df9-49bc-809f-8f4f92f9e659__ep6:qa:1,5399ef86-4df9-49bc-809f-8f4f92f9e659__ep6,ep6,test,20,59,10.3295316696167,9.700860023498535,0.11091694235801697,0.1708475798368454
medium_40f_stride20:5399ef86-4df9-49bc-809f-8f4f92f9e659__ep6:qa:2,5399ef86-4df9-49bc-809f-8f4f92f9e659__ep6,ep6,test,40,79,7.590953350067139,9.984243392944336,0.07046766579151154,0.10745447874069214
medium_40f_stride20:5399ef86-4df9-49bc-809f-8f4f92f9e659__ep6:qa:3,5399ef86-4df9-49bc-809f-8f4f92f9e659__ep6,ep6,test,60,99,7.580494403839111,9.615937232971191,0.07649726420640945,0.11188634485006332
medium_40f_stride20:5399ef86-4df9-49bc-809f-8f4f92f9e659__ep6:qa:4,5399ef86-4df9-49bc-809f-8f4f92f9e659__ep6,ep6,test,80,119,10.177373886108398,9.182538986206055,0.0824698805809021,0.13719531893730164
medium_40f_stride20:5399ef86-4df9-49bc-809f-8f4f92f9e659__ep6:qa:5,5399ef86-4df9-49bc-809f-8f4f92f9e659__ep6,ep6,test,100,139,10.646607398986816,9.576810836791992,0.1041332334280014,0.16705086827278137
medium_40f_stride20:5399ef86-4df9-49bc-809f-8f4f92f9e659__ep6:qa:6,5399ef86-4df9-49bc-809f-8f4f92f9e659__ep6,ep6,test,120,159,10.328771591186523,10.509685516357422,0.1227886900305748,0.17002636194229126
medium_40f_stride20:5399ef86-4df9-49bc-809f-8f4f92f9e659__ep6:qa:7,5399ef86-4df9-49bc-809f-8f4f92f9e659__ep6,ep6,test,160,199,10.577961921691895,10.2869291305542,0.13810381293296814,0.18854068219661713
medium_40f_stride20:5399ef86-4df9-49bc-809f-8f4f92f9e659__ep6:qa:8,5399ef86-4df9-49bc-809f-8f4f92f9e659__ep6,ep6,test,180,219,12.770829200744629,9.00793170928955,0.13639867305755615,0.19723427295684814
medium_40f_stride20:5399ef86-4df9-49bc-809f-8f4f92f9e659__ep6:qa:9,5399ef86-4df9-49bc-809f-8f4f92f9e659__ep6,ep6,test,200,239,13.420619010925293,10.297952651977539,0.1102161630988121,0.16374605894088745
medium_40f_stride20:5399ef86-4df9-49bc-809f-8f4f92f9e659__ep6:qa:10,5399ef86-4df9-49bc-809f-8f4f92f9e659__ep6,ep6,test,220,259,13.75051212310791,10.45400333404541,0.09925023466348648,0.17284837365150452
medium_40f_stride20:5399ef86-4df9-49bc-809f-8f4f92f9e659__ep6:qa:11,5399ef86-4df9-49bc-809f-8f4f92f9e659__ep6,ep6,test,240,279,13.919702529907227,10.263317108154297,0.10922469943761826,0.18111950159072876
medium_40f_stride20:5399ef86-4df9-49bc-809f-8f4f92f9e659__ep6:qa:12,5399ef86-4df9-49bc-809f-8f4f92f9e659__ep6,ep6,test,260,299,14.269476890563965,10.485770225524902,0.11591245979070663,0.19837038218975067
medium_40f_stride20:5399ef86-4df9-49bc-809f-8f4f92f9e659__ep6:qa:13,5399ef86-4df9-49bc-809f-8f4f92f9e659__ep6,ep6,test,280,319,14.423117637634277,10.55300235748291,0.12355916202068329,0.20314547419548035
medium_40f_stride20:5399ef86-4df9-49bc-809f-8f4f92f9e659__ep6:qa:14,5399ef86-4df9-49bc-809f-8f4f92f9e659__ep6,ep6,test,300,339,13.582427024841309,10.948264122009277,0.1319609135389328,0.19183039665222168
medium_40f_stride20:5399ef86-4df9-49bc-809f-8f4f92f9e659__ep6:qa:15,5399ef86-4df9-49bc-809f-8f4f92f9e659__ep6,ep6,test,320,359,13.058996200561523,10.753993034362793,0.11966952681541443,0.17209959030151367
medium_40f_stride20:5399ef86-4df9-49bc-809f-8f4f92f9e659__ep6:qa:18,5399ef86-4df9-49bc-809f-8f4f92f9e659__ep6,ep6,test,400,439,12.99886703491211,10.20504379272461,0.13260714709758759,0.18695470690727234
medium_40f_stride20:5399ef86-4df9-49bc-809f-8f4f92f9e659__ep6:qa:19,5399ef86-4df9-49bc-809f-8f4f92f9e659__ep6,ep6,test,420,459,12.651432991027832,10.438870429992676,0.10615263879299164,0.15679018199443817
medium_40f_stride20:5399ef86-4df9-49bc-809f-8f4f92f9e659__ep6:qa:20,5399ef86-4df9-49bc-809f-8f4f92f9e659__ep6,ep6,test,440,479,12.66655158996582,10.443285942077637,0.1088319718837738,0.16019073128700256
medium_40f_stride20:5399ef86-4df9-49bc-809f-8f4f92f9e659__ep6:qa:21,5399ef86-4df9-49bc-809f-8f4f92f9e659__ep6,ep6,test,460,499,12.727581977844238,10.526350021362305,0.12801285088062286,0.18139715492725372
medium_40f_stride20:5399ef86-4df9-49bc-809f-8f4f92f9e659__ep6:qa:22,5399ef86-4df9-49bc-809f-8f4f92f9e659__ep6,ep6,test,480,519,12.161635398864746,10.259589195251465,0.1405075192451477,0.19263668358325958
medium_40f_stride20:5399ef86-4df9-49bc-809f-8f4f92f9e659__ep6:qa:23,5399ef86-4df9-49bc-809f-8f4f92f9e659__ep6,ep6,test,500,539,12.021890640258789,10.199590682983398,0.13927368819713593,0.19204747676849365
medium_40f_stride20:5399ef86-4df9-49bc-809f-8f4f92f9e659__ep6:qa:24,5399ef86-4df9-49bc-809f-8f4f92f9e659__ep6,ep6,test,520,559,11.768653869628906,10.149920463562012,0.10593193024396896,0.17230522632598877
medium_40f_stride20:5399ef86-4df9-49bc-809f-8f4f92f9e659__ep6:qa:25,5399ef86-4df9-49bc-809f-8f4f92f9e659__ep6,ep6,test,540,579,11.969943046569824,10.506393432617188,0.11187474429607391,0.177530899643898
medium_40f_stride20:5399ef86-4df9-49bc-809f-8f4f92f9e659__ep6:qa:26,5399ef86-4df9-49bc-809f-8f4f92f9e659__ep6,ep6,test,560,599,11.889922142028809,10.397692680358887,0.11430713534355164,0.1927300989627838
medium_40f_stride20:5399ef86-4df9-49bc-809f-8f4f92f9e659__ep6:qa:27,5399ef86-4df9-49bc-809f-8f4f92f9e659__ep6,ep6,test,580,619,11.842813491821289,10.293350219726562,0.11066277325153351,0.19067597389221191
medium_40f_stride20:5399ef86-4df9-49bc-809f-8f4f92f9e659__ep6:qa:47,5399ef86-4df9-49bc-809f-8f4f92f9e659__ep6,ep6,test,1000,1039,12.829645156860352,7.310810565948486,0.14649079740047455,0.216413214802742
medium_40f_stride20:5399ef86-4df9-49bc-809f-8f4f92f9e659__ep6:qa:48,5399ef86-4df9-49bc-809f-8f4f92f9e659__ep6,ep6,test,1020,1059,13.631328582763672,7.489744663238525,0.1471705287694931,0.2269788384437561
medium_40f_stride20:5399ef86-4df9-49bc-809f-8f4f92f9e659__ep6:qa:49,5399ef86-4df9-49bc-809f-8f4f92f9e659__ep6,ep6,test,1040,1079,14.476378440856934,7.689421653747559,0.15713466703891754,0.23979248106479645
medium_40f_stride20:5399ef86-4df9-49bc-809f-8f4f92f9e659__ep6:qa:50,5399ef86-4df9-49bc-809f-8f4f92f9e659__ep6,ep6,test,1060,1099,13.954051971435547,7.774565696716309,0.1531246453523636,0.22317065298557281
medium_40f_stride20:5399ef86-4df9-49bc-809f-8f4f92f9e659__ep6:qa:51,5399ef86-4df9-49bc-809f-8f4f92f9e659__ep6,ep6,test,1080,1119,13.673080444335938,8.089618682861328,0.1418200582265854,0.20793013274669647
medium_40f_stride20:5399ef86-4df9-49bc-809f-8f4f92f9e659__ep6:qa:52,5399ef86-4df9-49bc-809f-8f4f92f9e659__ep6,ep6,test,1100,1139,12.998799324035645,8.195603370666504,0.12593533098697662,0.19194525480270386
medium_40f_stride20:5399ef86-4df9-49bc-809f-8f4f92f9e659__ep6:qa:53,5399ef86-4df9-49bc-809f-8f4f92f9e659__ep6,ep6,test,1120,1159,13.416257858276367,7.21578311920166,0.14118069410324097,0.23099710047245026
medium_40f_stride20:5399ef86-4df9-49bc-809f-8f4f92f9e659__ep6:qa:54,5399ef86-4df9-49bc-809f-8f4f92f9e659__ep6,ep6,test,1140,1179,13.39065933227539,7.846710681915283,0.2099970579147339,0.3393315076828003
medium_40f_stride20:5399ef86-4df9-49bc-809f-8f4f92f9e659__ep6:qa:55,5399ef86-4df9-49bc-809f-8f4f92f9e659__ep6,ep6,test,1160,1199,11.668439865112305,8.717617988586426,0.2225925177335739,0.34730157256126404
medium_40f_stride20:5399ef86-4df9-49bc-809f-8f4f92f9e659__ep6:qa:56,5399ef86-4df9-49bc-809f-8f4f92f9e659__ep6,ep6,test,1180,1219,12.512426376342773,8.453736305236816,0.23954980075359344,0.36753517389297485
medium_40f_stride20:5399ef86-4df9-49bc-809f-8f4f92f9e659__ep6:qa:86,5399ef86-4df9-49bc-809f-8f4f92f9e659__ep6,ep6,test,1800,1839,10.296272277832031,8.649218559265137,0.05698663741350174,0.08659771829843521
medium_40f_stride20:5399ef86-4df9-49bc-809f-8f4f92f9e659__ep6:qa:87,5399ef86-4df9-49bc-809f-8f4f92f9e659__ep6,ep6,test,1820,1859,11.463961601257324,8.196945190429688,0.12324441969394684,0.1738187074661255
medium_40f_stride20:5399ef86-4df9-49bc-809f-8f4f92f9e659__ep6:qa:88,5399ef86-4df9-49bc-809f-8f4f92f9e659__ep6,ep6,test,1840,1879,11.982763290405273,7.306174278259277,0.12309481203556061,0.19948050379753113
medium_40f_stride20:5399ef86-4df9-49bc-809f-8f4f92f9e659__ep6:qa:89,5399ef86-4df9-49bc-809f-8f4f92f9e659__ep6,ep6,test,1860,1899,13.182891845703125,7.47963285446167,0.1320158839225769,0.22355180978775024
medium_40f_stride20:5399ef86-4df9-49bc-809f-8f4f92f9e659__ep6:qa:90,5399ef86-4df9-49bc-809f-8f4f92f9e659__ep6,ep6,test,1880,1919,13.344095230102539,7.97884464263916,0.11347643285989761,0.20200315117835999
medium_40f_stride20:5399ef86-4df9-49bc-809f-8f4f92f9e659__ep6:qa:91,5399ef86-4df9-49bc-809f-8f4f92f9e659__ep6,ep6,test,1900,1939,13.602021217346191,9.034049034118652,0.0878990963101387,0.17231574654579163
medium_40f_stride20:5399ef86-4df9-49bc-809f-8f4f92f9e659__ep6:qa:92,5399ef86-4df9-49bc-809f-8f4f92f9e659__ep6,ep6,test,1920,1959,13.701295852661133,8.963032722473145,0.09083212912082672,0.18031099438667297
medium_40f_stride20:5399ef86-4df9-49bc-809f-8f4f92f9e659__ep6:qa:93,5399ef86-4df9-49bc-809f-8f4f92f9e659__ep6,ep6,test,1940,1979,13.780903816223145,8.791952133178711,0.09373462200164795,0.1886037439107895
medium_40f_stride20:5399ef86-4df9-49bc-809f-8f4f92f9e659__ep6:qa:94,5399ef86-4df9-49bc-809f-8f4f92f9e659__ep6,ep6,test,1960,1999,14.521882057189941,8.530157089233398,0.1464342623949051,0.2396315187215805
medium_40f_stride20:5399ef86-4df9-49bc-809f-8f4f92f9e659__ep6:qa:95,5399ef86-4df9-49bc-809f-8f4f92f9e659__ep6,ep6,test,2000,2039,14.687554359436035,8.443038940429688,0.1581612527370453,0.24565422534942627
medium_40f_stride20:5399ef86-4df9-49bc-809f-8f4f92f9e659__ep6:qa:96,5399ef86-4df9-49bc-809f-8f4f92f9e659__ep6,ep6,test,2020,2059,13.89104175567627,8.596277236938477,0.09700918197631836,0.19612841308116913
medium_40f_stride20:5399ef86-4df9-49bc-809f-8f4f92f9e659__ep6:qa:97,5399ef86-4df9-49bc-809f-8f4f92f9e659__ep6,ep6,test,2040,2079,13.976097106933594,8.5280179977417,0.1055954322218895,0.2030293494462967
medium_40f_stride20:5399ef86-4df9-49bc-809f-8f4f92f9e659__ep6:qa:98,5399ef86-4df9-49bc-809f-8f4f92f9e659__ep6,ep6,test,2060,2099,13.6339111328125,7.575051784515381,0.136556476354599,0.22866825759410858
medium_40f_stride20:5399ef86-4df9-49bc-809f-8f4f92f9e659__ep6:qa:99,5399ef86-4df9-49bc-809f-8f4f92f9e659__ep6,ep6,test,2080,2119,13.5421724319458,8.217289924621582,0.14751210808753967,0.22929856181144714
medium_40f_stride20:5399ef86-4df9-49bc-809f-8f4f92f9e659__ep6:qa:100,5399ef86-4df9-49bc-809f-8f4f92f9e659__ep6,ep6,test,2100,2139,13.6981840133667,8.548738479614258,0.19301755726337433,0.3015219569206238
medium_40f_stride20:5399ef86-4df9-49bc-809f-8f4f92f9e659__ep6:qa:101,5399ef86-4df9-49bc-809f-8f4f92f9e659__ep6,ep6,test,2120,2159,13.523483276367188,9.171954154968262,0.15814638137817383,0.22895045578479767
medium_40f_stride20:5399ef86-4df9-49bc-809f-8f4f92f9e659__ep6:qa:102,5399ef86-4df9-49bc-809f-8f4f92f9e659__ep6,ep6,test,2140,2179,12.813557624816895,9.582701683044434,0.09344052523374557,0.14131076633930206
medium_40f_stride20:5399ef86-4df9-49bc-809f-8f4f92f9e659__ep6:qa:103,5399ef86-4df9-49bc-809f-8f4f92f9e659__ep6,ep6,test,2160,2199,12.2105073928833,9.579276084899902,0.19755402207374573,0.3254384696483612
medium_40f_stride20:5399ef86-4df9-49bc-809f-8f4f92f9e659__ep6:qa:104,5399ef86-4df9-49bc-809f-8f4f92f9e659__ep6,ep6,test,2180,2219,10.74885368347168,9.048418998718262,0.19432665407657623,0.33451345562934875
medium_40f_stride20:5399ef86-4df9-49bc-809f-8f4f92f9e659__ep6:qa:114,5399ef86-4df9-49bc-809f-8f4f92f9e659__ep6,ep6,test,2400,2439,11.053825378417969,9.484881401062012,0.050448909401893616,0.07318796962499619
medium_40f_stride20:5399ef86-4df9-49bc-809f-8f4f92f9e659__ep6:qa:115,5399ef86-4df9-49bc-809f-8f4f92f9e659__ep6,ep6,test,2420,2459,11.353426933288574,9.19157600402832,0.06571250408887863,0.0962529182434082
medium_40f_stride20:5399ef86-4df9-49bc-809f-8f4f92f9e659__ep6:qa:116,5399ef86-4df9-49bc-809f-8f4f92f9e659__ep6,ep6,test,2440,2479,11.115213394165039,9.995661735534668,0.05204033851623535,0.07914116233587265
medium_40f_stride20:5399ef86-4df9-49bc-809f-8f4f92f9e659__ep6:qa:117,5399ef86-4df9-49bc-809f-8f4f92f9e659__ep6,ep6,test,2460,2499,10.104379653930664,9.970993041992188,0.04361695423722267,0.06266376376152039
medium_40f_stride20:5399ef86-4df9-49bc-809f-8f4f92f9e659__ep6:qa:118,5399ef86-4df9-49bc-809f-8f4f92f9e659__ep6,ep6,test,2480,2519,10.234951972961426,9.402335166931152,0.042901668697595596,0.058443088084459305
medium_40f_stride20:5399ef86-4df9-49bc-809f-8f4f92f9e659__ep6:qa:119,5399ef86-4df9-49bc-809f-8f4f92f9e659__ep6,ep6,test,2500,2539,10.364611625671387,9.509090423583984,0.04731007292866707,0.0658649429678917
medium_40f_stride20:5399ef86-4df9-49bc-809f-8f4f92f9e659__ep6:qa:120,5399ef86-4df9-49bc-809f-8f4f92f9e659__ep6,ep6,test,2520,2559,10.309691429138184,9.769365310668945,0.12822343409061432,0.21055099368095398
medium_40f_stride20:5399ef86-4df9-49bc-809f-8f4f92f9e659__ep6:qa:121,5399ef86-4df9-49bc-809f-8f4f92f9e659__ep6,ep6,test,2540,2579,10.335229873657227,9.645737648010254,0.1173417717218399,0.19918192923069
medium_40f_stride20:5399ef86-4df9-49bc-809f-8f4f92f9e659__ep6:qa:122,5399ef86-4df9-49bc-809f-8f4f92f9e659__ep6,ep6,test,2560,2599,11.604037284851074,8.860601425170898,0.09522023051977158,0.1378137618303299
medium_40f_stride20:5399ef86-4df9-49bc-809f-8f4f92f9e659__ep6:qa:127,5399ef86-4df9-49bc-809f-8f4f92f9e659__ep6,ep6,test,2680,2719,11.264307975769043,7.737208366394043,0.09413103759288788,0.15340149402618408
medium_40f_stride20:5399ef86-4df9-49bc-809f-8f4f92f9e659__ep6:qa:128,5399ef86-4df9-49bc-809f-8f4f92f9e659__ep6,ep6,test,2700,2739,12.07336139678955,8.293607711791992,0.1012330874800682,0.15428239107131958
medium_40f_stride20:5399ef86-4df9-49bc-809f-8f4f92f9e659__ep6:qa:132,5399ef86-4df9-49bc-809f-8f4f92f9e659__ep6,ep6,test,2800,2839,10.139510154724121,10.456146240234375,0.03883619233965874,0.05738665908575058
medium_40f_stride20:5399ef86-4df9-49bc-809f-8f4f92f9e659__ep6:qa:133,5399ef86-4df9-49bc-809f-8f4f92f9e659__ep6,ep6,test,2820,2859,10.102355003356934,10.3628568649292,0.04841811954975128,0.06948158144950867
medium_40f_stride20:5399ef86-4df9-49bc-809f-8f4f92f9e659__ep6:qa:134,5399ef86-4df9-49bc-809f-8f4f92f9e659__ep6,ep6,test,2840,2879,11.369301795959473,8.991162300109863,0.0782674252986908,0.1268831342458725
medium_40f_stride20:5399ef86-4df9-49bc-809f-8f4f92f9e659__ep6:qa:135,5399ef86-4df9-49bc-809f-8f4f92f9e659__ep6,ep6,test,2880,2919,10.66545295715332,8.097784042358398,0.1347849816083908,0.20046113431453705
medium_40f_stride20:5399ef86-4df9-49bc-809f-8f4f92f9e659__ep6:qa:136,5399ef86-4df9-49bc-809f-8f4f92f9e659__ep6,ep6,test,2900,2939,11.65855598449707,8.980253219604492,0.09598899632692337,0.15096630156040192
medium_40f_stride20:5399ef86-4df9-49bc-809f-8f4f92f9e659__ep6:qa:137,5399ef86-4df9-49bc-809f-8f4f92f9e659__ep6,ep6,test,2920,2959,10.116801261901855,10.530461311340332,0.04704596847295761,0.06781939417123795
medium_40f_stride20:5399ef86-4df9-49bc-809f-8f4f92f9e659__ep6:qa:138,5399ef86-4df9-49bc-809f-8f4f92f9e659__ep6,ep6,test,2940,2979,10.10663890838623,10.175097465515137,0.036715731024742126,0.05322025716304779
medium_40f_stride20:5399ef86-4df9-49bc-809f-8f4f92f9e659__ep6:qa:139,5399ef86-4df9-49bc-809f-8f4f92f9e659__ep6,ep6,test,2960,2999,10.03649616241455,10.085113525390625,0.03891360014677048,0.05841223523020744
medium_40f_stride20:5399ef86-4df9-49bc-809f-8f4f92f9e659__ep6:qa:140,5399ef86-4df9-49bc-809f-8f4f92f9e659__ep6,ep6,test,3000,3039,10.052101135253906,9.669466018676758,0.03492312878370285,0.05071370303630829
medium_40f_stride20:5399ef86-4df9-49bc-809f-8f4f92f9e659__ep6:qa:141,5399ef86-4df9-49bc-809f-8f4f92f9e659__ep6,ep6,test,3020,3059,11.45036506652832,8.494722366333008,0.10176600515842438,0.15400785207748413
medium_40f_stride20:5399ef86-4df9-49bc-809f-8f4f92f9e659__ep6:qa:142,5399ef86-4df9-49bc-809f-8f4f92f9e659__ep6,ep6,test,3040,3079,12.100423812866211,8.067015647888184,0.12671132385730743,0.18479402363300323
medium_40f_stride20:5399ef86-4df9-49bc-809f-8f4f92f9e659__ep6:qa:148,5399ef86-4df9-49bc-809f-8f4f92f9e659__ep6,ep6,test,3200,3239,10.153888702392578,9.498533248901367,0.032853953540325165,0.047823093831539154
medium_40f_stride20:5399ef86-4df9-49bc-809f-8f4f92f9e659__ep6:qa:149,5399ef86-4df9-49bc-809f-8f4f92f9e659__ep6,ep6,test,3220,3259,10.157963752746582,10.034976959228516,0.04046965017914772,0.05539287254214287
medium_40f_stride20:5399ef86-4df9-49bc-809f-8f4f92f9e659__ep6:qa:150,5399ef86-4df9-49bc-809f-8f4f92f9e659__ep6,ep6,test,3240,3279,10.082510948181152,10.157334327697754,0.054730288684368134,0.07806581258773804
medium_40f_stride20:5399ef86-4df9-49bc-809f-8f4f92f9e659__ep6:qa:151,5399ef86-4df9-49bc-809f-8f4f92f9e659__ep6,ep6,test,3260,3299,10.109790802001953,9.50295639038086,0.05820250138640404,0.07982189208269119
medium_40f_stride20:5399ef86-4df9-49bc-809f-8f4f92f9e659__ep6:qa:152,5399ef86-4df9-49bc-809f-8f4f92f9e659__ep6,ep6,test,3280,3319,12.212906837463379,8.501938819885254,0.10929455608129501,0.16362565755844116
medium_40f_stride20:5399ef86-4df9-49bc-809f-8f4f92f9e659__ep6:qa:153,5399ef86-4df9-49bc-809f-8f4f92f9e659__ep6,ep6,test,3300,3339,11.044525146484375,8.691133499145508,0.12669174373149872,0.2039777785539627
medium_40f_stride20:5399ef86-4df9-49bc-809f-8f4f92f9e659__ep6:qa:154,5399ef86-4df9-49bc-809f-8f4f92f9e659__ep6,ep6,test,3320,3359,10.876777648925781,8.789977073669434,0.11865158379077911,0.1967632919549942
medium_40f_stride20:5399ef86-4df9-49bc-809f-8f4f92f9e659__ep6:qa:155,5399ef86-4df9-49bc-809f-8f4f92f9e659__ep6,ep6,test,3340,3379,12.97896671295166,8.949467658996582,0.09853305667638779,0.15513545274734497
medium_40f_stride20:5399ef86-4df9-49bc-809f-8f4f92f9e659__ep6:qa:156,5399ef86-4df9-49bc-809f-8f4f92f9e659__ep6,ep6,test,3360,3399,12.46445369720459,8.354023933410645,0.13357383012771606,0.19069844484329224
medium_40f_stride20:5399ef86-4df9-49bc-809f-8f4f92f9e659__ep6:qa:157,5399ef86-4df9-49bc-809f-8f4f92f9e659__ep6,ep6,test,3380,3419,11.995789527893066,7.698065757751465,0.12449047714471817,0.1773502081632614
medium_40f_stride20:5399ef86-4df9-49bc-809f-8f4f92f9e659__ep6:qa:176,5399ef86-4df9-49bc-809f-8f4f92f9e659__ep6,ep6,test,3800,3839,12.008199691772461,9.307281494140625,0.08491039276123047,0.1250944584608078
medium_40f_stride20:5399ef86-4df9-49bc-809f-8f4f92f9e659__ep6:qa:177,5399ef86-4df9-49bc-809f-8f4f92f9e659__ep6,ep6,test,3820,3859,12.793231010437012,8.732741355895996,0.10258030891418457,0.16085457801818848
medium_40f_stride20:5399ef86-4df9-49bc-809f-8f4f92f9e659__ep6:qa:178,5399ef86-4df9-49bc-809f-8f4f92f9e659__ep6,ep6,test,3840,3879,13.097195625305176,8.796907424926758,0.1039128452539444,0.16651727259159088
medium_40f_stride20:5399ef86-4df9-49bc-809f-8f4f92f9e659__ep6:qa:179,5399ef86-4df9-49bc-809f-8f4f92f9e659__ep6,ep6,test,3860,3899,13.086922645568848,9.120014190673828,0.09328842908143997,0.1516483724117279
medium_40f_stride20:5399ef86-4df9-49bc-809f-8f4f92f9e659__ep6:qa:180,5399ef86-4df9-49bc-809f-8f4f92f9e659__ep6,ep6,test,3880,3919,10.769621849060059,9.324368476867676,0.12375526875257492,0.2033439427614212
medium_40f_stride20:5399ef86-4df9-49bc-809f-8f4f92f9e659__ep6:qa:181,5399ef86-4df9-49bc-809f-8f4f92f9e659__ep6,ep6,test,3900,3939,10.569664001464844,9.253140449523926,0.11671027541160583,0.20021148025989532
medium_40f_stride20:5399ef86-4df9-49bc-809f-8f4f92f9e659__ep6:qa:182,5399ef86-4df9-49bc-809f-8f4f92f9e659__ep6,ep6,test,3920,3959,11.973993301391602,9.390088081359863,0.08446582406759262,0.12144311517477036
medium_40f_stride20:5399ef86-4df9-49bc-809f-8f4f92f9e659__ep6:qa:183,5399ef86-4df9-49bc-809f-8f4f92f9e659__ep6,ep6,test,3940,3979,11.573783874511719,9.443253517150879,0.07516355067491531,0.10832931846380234
medium_40f_stride20:5399ef86-4df9-49bc-809f-8f4f92f9e659__ep6:qa:184,5399ef86-4df9-49bc-809f-8f4f92f9e659__ep6,ep6,test,3960,3999,10.533719062805176,9.4381103515625,0.04219835251569748,0.06112680956721306
medium_40f_stride20:b750fab3-7fbb-43a0-b451-c64c4d4a64da__ep1:qa:0,b750fab3-7fbb-43a0-b451-c64c4d4a64da__ep1,ep1,test,0,39,7.800584316253662,11.510366439819336,0.0726771429181099,0.13424748182296753
medium_40f_stride20:b750fab3-7fbb-43a0-b451-c64c4d4a64da__ep1:qa:1,b750fab3-7fbb-43a0-b451-c64c4d4a64da__ep1,ep1,test,20,59,7.814148426055908,11.51884651184082,0.07450123876333237,0.13579288125038147
medium_40f_stride20:b750fab3-7fbb-43a0-b451-c64c4d4a64da__ep1:qa:2,b750fab3-7fbb-43a0-b451-c64c4d4a64da__ep1,ep1,test,40,79,7.821878910064697,11.35115909576416,0.07605738937854767,0.13171535730361938
medium_40f_stride20:b750fab3-7fbb-43a0-b451-c64c4d4a64da__ep1:qa:3,b750fab3-7fbb-43a0-b451-c64c4d4a64da__ep1,ep1,test,60,99,7.8254313468933105,11.294140815734863,0.07532227039337158,0.13049934804439545
medium_40f_stride20:b750fab3-7fbb-43a0-b451-c64c4d4a64da__ep1:qa:4,b750fab3-7fbb-43a0-b451-c64c4d4a64da__ep1,ep1,test,80,119,7.888484477996826,11.372976303100586,0.07431977987289429,0.13403216004371643
medium_40f_stride20:b750fab3-7fbb-43a0-b451-c64c4d4a64da__ep1:qa:5,b750fab3-7fbb-43a0-b451-c64c4d4a64da__ep1,ep1,test,100,139,6.570979118347168,11.157121658325195,0.11249220371246338,0.23391038179397583
medium_40f_stride20:b750fab3-7fbb-43a0-b451-c64c4d4a64da__ep1:qa:19,b750fab3-7fbb-43a0-b451-c64c4d4a64da__ep1,ep1,test,400,439,23.909683227539062,11.459606170654297,0.4761575758457184,0.7620576024055481
medium_40f_stride20:b750fab3-7fbb-43a0-b451-c64c4d4a64da__ep1:qa:20,b750fab3-7fbb-43a0-b451-c64c4d4a64da__ep1,ep1,test,420,459,22.71042251586914,11.401888847351074,0.4377973675727844,0.7662019729614258
medium_40f_stride20:b750fab3-7fbb-43a0-b451-c64c4d4a64da__ep1:qa:21,b750fab3-7fbb-43a0-b451-c64c4d4a64da__ep1,ep1,test,440,479,22.390981674194336,11.264692306518555,0.42250239849090576,0.7425529956817627
medium_40f_stride20:b750fab3-7fbb-43a0-b451-c64c4d4a64da__ep1:qa:22,b750fab3-7fbb-43a0-b451-c64c4d4a64da__ep1,ep1,test,460,499,22.07573127746582,11.611038208007812,0.41679319739341736,0.7242769598960876
medium_40f_stride20:b750fab3-7fbb-43a0-b451-c64c4d4a64da__ep1:qa:23,b750fab3-7fbb-43a0-b451-c64c4d4a64da__ep1,ep1,test,480,519,21.51095962524414,11.989639282226562,0.4207127094268799,0.721854031085968
medium_40f_stride20:b750fab3-7fbb-43a0-b451-c64c4d4a64da__ep1:qa:24,b750fab3-7fbb-43a0-b451-c64c4d4a64da__ep1,ep1,test,500,539,21.448877334594727,11.88425350189209,0.4188128709793091,0.7232869863510132
medium_40f_stride20:b750fab3-7fbb-43a0-b451-c64c4d4a64da__ep1:qa:25,b750fab3-7fbb-43a0-b451-c64c4d4a64da__ep1,ep1,test,520,559,23.81444549560547,11.269495010375977,0.45811155438423157,0.7720638513565063
medium_40f_stride20:b750fab3-7fbb-43a0-b451-c64c4d4a64da__ep1:qa:26,b750fab3-7fbb-43a0-b451-c64c4d4a64da__ep1,ep1,test,560,599,26.58556365966797,9.673233032226562,0.4821428656578064,0.7395254969596863
medium_40f_stride20:b750fab3-7fbb-43a0-b451-c64c4d4a64da__ep1:qa:27,b750fab3-7fbb-43a0-b451-c64c4d4a64da__ep1,ep1,test,580,619,31.389427185058594,10.481399536132812,0.576036274433136,0.8773977756500244
medium_40f_stride20:b750fab3-7fbb-43a0-b451-c64c4d4a64da__ep1:qa:28,b750fab3-7fbb-43a0-b451-c64c4d4a64da__ep1,ep1,test,600,639,31.47796630859375,9.494550704956055,0.6745932698249817,1.126778483390808
medium_40f_stride20:b750fab3-7fbb-43a0-b451-c64c4d4a64da__ep1:qa:29,b750fab3-7fbb-43a0-b451-c64c4d4a64da__ep1,ep1,test,620,659,31.634647369384766,8.909603118896484,0.6214830875396729,1.0305192470550537
medium_40f_stride20:b750fab3-7fbb-43a0-b451-c64c4d4a64da__ep1:qa:30,b750fab3-7fbb-43a0-b451-c64c4d4a64da__ep1,ep1,test,640,679,29.805795669555664,11.47092342376709,0.5482417345046997,0.8015681505203247
medium_40f_stride20:b750fab3-7fbb-43a0-b451-c64c4d4a64da__ep1:qa:31,b750fab3-7fbb-43a0-b451-c64c4d4a64da__ep1,ep1,test,680,719,33.66270446777344,9.769498825073242,0.7449743747711182,1.0359150171279907
medium_40f_stride20:b750fab3-7fbb-43a0-b451-c64c4d4a64da__ep1:qa:32,b750fab3-7fbb-43a0-b451-c64c4d4a64da__ep1,ep1,test,700,739,33.18626403808594,10.064315795898438,0.6137227416038513,1.026612401008606
medium_40f_stride20:b750fab3-7fbb-43a0-b451-c64c4d4a64da__ep1:qa:33,b750fab3-7fbb-43a0-b451-c64c4d4a64da__ep1,ep1,test,720,759,33.093772888183594,10.702375411987305,0.5935692191123962,1.0081952810287476
medium_40f_stride20:b750fab3-7fbb-43a0-b451-c64c4d4a64da__ep1:qa:34,b750fab3-7fbb-43a0-b451-c64c4d4a64da__ep1,ep1,test,740,779,32.56832504272461,10.504117965698242,0.587548553943634,1.0068752765655518
medium_40f_stride20:b750fab3-7fbb-43a0-b451-c64c4d4a64da__ep1:qa:35,b750fab3-7fbb-43a0-b451-c64c4d4a64da__ep1,ep1,test,760,799,31.91713523864746,10.429100036621094,0.5770801305770874,0.9970136880874634
medium_40f_stride20:b750fab3-7fbb-43a0-b451-c64c4d4a64da__ep1:qa:36,b750fab3-7fbb-43a0-b451-c64c4d4a64da__ep1,ep1,test,800,839,32.40305709838867,11.332247734069824,0.7056213021278381,1.0235049724578857
medium_40f_stride20:b750fab3-7fbb-43a0-b451-c64c4d4a64da__ep1:qa:37,b750fab3-7fbb-43a0-b451-c64c4d4a64da__ep1,ep1,test,820,859,29.817886352539062,11.940406799316406,0.6938598155975342,0.9627549052238464
medium_40f_stride20:b750fab3-7fbb-43a0-b451-c64c4d4a64da__ep1:qa:38,b750fab3-7fbb-43a0-b451-c64c4d4a64da__ep1,ep1,test,840,879,29.939096450805664,12.057526588439941,0.7191678285598755,0.99008709192276
medium_40f_stride20:b750fab3-7fbb-43a0-b451-c64c4d4a64da__ep1:qa:39,b750fab3-7fbb-43a0-b451-c64c4d4a64da__ep1,ep1,test,860,899,32.843414306640625,12.10816478729248,0.7218040823936462,1.0661424398422241
medium_40f_stride20:b750fab3-7fbb-43a0-b451-c64c4d4a64da__ep1:qa:40,b750fab3-7fbb-43a0-b451-c64c4d4a64da__ep1,ep1,test,880,919,32.708187103271484,12.100113868713379,0.5595046877861023,1.0131862163543701
medium_40f_stride20:b750fab3-7fbb-43a0-b451-c64c4d4a64da__ep1:qa:41,b750fab3-7fbb-43a0-b451-c64c4d4a64da__ep1,ep1,test,900,939,32.66506576538086,12.169654846191406,0.5597599148750305,1.0135473012924194
medium_40f_stride20:b750fab3-7fbb-43a0-b451-c64c4d4a64da__ep1:qa:65,b750fab3-7fbb-43a0-b451-c64c4d4a64da__ep1,ep1,test,1400,1439,0.0,9.1243896484375,0.18494060635566711,0.3072341978549957
medium_40f_stride20:b750fab3-7fbb-43a0-b451-c64c4d4a64da__ep1:qa:66,b750fab3-7fbb-43a0-b451-c64c4d4a64da__ep1,ep1,test,1420,1459,0.0,8.83590030670166,0.18723180890083313,0.2975202202796936
medium_40f_stride20:b750fab3-7fbb-43a0-b451-c64c4d4a64da__ep1:qa:67,b750fab3-7fbb-43a0-b451-c64c4d4a64da__ep1,ep1,test,1440,1479,0.0,9.198858261108398,0.1963740438222885,0.30974164605140686
medium_40f_stride20:b750fab3-7fbb-43a0-b451-c64c4d4a64da__ep1:qa:68,b750fab3-7fbb-43a0-b451-c64c4d4a64da__ep1,ep1,test,1480,1519,0.0,10.213908195495605,0.19744008779525757,0.34392020106315613
medium_40f_stride20:b750fab3-7fbb-43a0-b451-c64c4d4a64da__ep1:qa:69,b750fab3-7fbb-43a0-b451-c64c4d4a64da__ep1,ep1,test,1500,1539,0.0,9.563739776611328,0.17891937494277954,0.32202786207199097
medium_40f_stride20:b750fab3-7fbb-43a0-b451-c64c4d4a64da__ep1:qa:70,b750fab3-7fbb-43a0-b451-c64c4d4a64da__ep1,ep1,test,1520,1559,0.0,9.952534675598145,0.20272544026374817,0.3351192772388458
medium_40f_stride20:b750fab3-7fbb-43a0-b451-c64c4d4a64da__ep1:qa:71,b750fab3-7fbb-43a0-b451-c64c4d4a64da__ep1,ep1,test,1540,1579,0.0,9.311797142028809,0.19466520845890045,0.31354451179504395
medium_40f_stride20:b750fab3-7fbb-43a0-b451-c64c4d4a64da__ep1:qa:72,b750fab3-7fbb-43a0-b451-c64c4d4a64da__ep1,ep1,test,1560,1599,0.0,9.585874557495117,0.19859275221824646,0.32277315855026245
medium_40f_stride20:b750fab3-7fbb-43a0-b451-c64c4d4a64da__ep1:qa:73,b750fab3-7fbb-43a0-b451-c64c4d4a64da__ep1,ep1,test,1580,1619,0.0,10.281455993652344,0.17561520636081696,0.34619462490081787
medium_40f_stride20:b750fab3-7fbb-43a0-b451-c64c4d4a64da__ep1:qa:74,b750fab3-7fbb-43a0-b451-c64c4d4a64da__ep1,ep1,test,1600,1639,0.0,9.047858238220215,0.1853485405445099,0.3046572506427765
medium_40f_stride20:b750fab3-7fbb-43a0-b451-c64c4d4a64da__ep1:qa:75,b750fab3-7fbb-43a0-b451-c64c4d4a64da__ep1,ep1,test,1640,1679,0.0,8.38807201385498,0.17902033030986786,0.28244104981422424
medium_40f_stride20:b750fab3-7fbb-43a0-b451-c64c4d4a64da__ep1:qa:76,b750fab3-7fbb-43a0-b451-c64c4d4a64da__ep1,ep1,test,1660,1699,0.0,8.798833847045898,0.16231054067611694,0.2962721288204193
medium_40f_stride20:b750fab3-7fbb-43a0-b451-c64c4d4a64da__ep1:qa:77,b750fab3-7fbb-43a0-b451-c64c4d4a64da__ep1,ep1,test,1680,1719,0.0,10.608025550842285,0.1750192493200302,0.3571908175945282
medium_40f_stride20:b750fab3-7fbb-43a0-b451-c64c4d4a64da__ep1:qa:78,b750fab3-7fbb-43a0-b451-c64c4d4a64da__ep1,ep1,test,1700,1739,0.0,9.9865140914917,0.1918003112077713,0.33626341819763184
medium_40f_stride20:b750fab3-7fbb-43a0-b451-c64c4d4a64da__ep1:qa:79,b750fab3-7fbb-43a0-b451-c64c4d4a64da__ep1,ep1,test,1720,1759,0.0,9.0851411819458,0.18735723197460175,0.3059126138687134
medium_40f_stride20:b750fab3-7fbb-43a0-b451-c64c4d4a64da__ep1:qa:80,b750fab3-7fbb-43a0-b451-c64c4d4a64da__ep1,ep1,test,1740,1779,0.0,9.683455467224121,0.16235777735710144,0.32605892419815063
medium_40f_stride20:b750fab3-7fbb-43a0-b451-c64c4d4a64da__ep1:qa:82,b750fab3-7fbb-43a0-b451-c64c4d4a64da__ep1,ep1,test,1800,1839,31.32526206970215,7.783827304840088,0.671046257019043,0.9771069288253784
medium_40f_stride20:b750fab3-7fbb-43a0-b451-c64c4d4a64da__ep1:qa:83,b750fab3-7fbb-43a0-b451-c64c4d4a64da__ep1,ep1,test,1820,1859,33.1657600402832,8.373116493225098,0.5971106290817261,1.0245305299758911
medium_40f_stride20:b750fab3-7fbb-43a0-b451-c64c4d4a64da__ep1:qa:84,b750fab3-7fbb-43a0-b451-c64c4d4a64da__ep1,ep1,test,1840,1879,32.30977249145508,10.849441528320312,0.5558272004127502,1.012372374534607
medium_40f_stride20:b750fab3-7fbb-43a0-b451-c64c4d4a64da__ep1:qa:85,b750fab3-7fbb-43a0-b451-c64c4d4a64da__ep1,ep1,test,1860,1899,32.03871536254883,11.170597076416016,0.548791229724884,1.0062956809997559
medium_40f_stride20:b750fab3-7fbb-43a0-b451-c64c4d4a64da__ep1:qa:86,b750fab3-7fbb-43a0-b451-c64c4d4a64da__ep1,ep1,test,1880,1919,31.959381103515625,11.463037490844727,0.5409009456634521,1.0008856058120728
medium_40f_stride20:b750fab3-7fbb-43a0-b451-c64c4d4a64da__ep1:qa:87,b750fab3-7fbb-43a0-b451-c64c4d4a64da__ep1,ep1,test,1900,1939,30.02971649169922,11.694197654724121,0.6996171474456787,0.9855360388755798
medium_40f_stride20:b750fab3-7fbb-43a0-b451-c64c4d4a64da__ep1:qa:88,b750fab3-7fbb-43a0-b451-c64c4d4a64da__ep1,ep1,test,1920,1959,26.9571533203125,11.718429565429688,0.610434889793396,0.9144259691238403
medium_40f_stride20:b750fab3-7fbb-43a0-b451-c64c4d4a64da__ep1:qa:111,b750fab3-7fbb-43a0-b451-c64c4d4a64da__ep1,ep1,test,2400,2439,0.0,9.1126708984375,0.18238592147827148,0.30683961510658264
medium_40f_stride20:b750fab3-7fbb-43a0-b451-c64c4d4a64da__ep1:qa:112,b750fab3-7fbb-43a0-b451-c64c4d4a64da__ep1,ep1,test,2420,2459,0.0,7.948419094085693,0.18049348890781403,0.2676371932029724
medium_40f_stride20:b750fab3-7fbb-43a0-b451-c64c4d4a64da__ep1:qa:113,b750fab3-7fbb-43a0-b451-c64c4d4a64da__ep1,ep1,test,2440,2479,0.0,8.042881965637207,0.1788700968027115,0.27081790566444397
medium_40f_stride20:b750fab3-7fbb-43a0-b451-c64c4d4a64da__ep1:qa:114,b750fab3-7fbb-43a0-b451-c64c4d4a64da__ep1,ep1,test,2460,2499,0.0,9.64072036743164,0.18412832915782928,0.32461991906166077
medium_40f_stride20:b750fab3-7fbb-43a0-b451-c64c4d4a64da__ep1:qa:115,b750fab3-7fbb-43a0-b451-c64c4d4a64da__ep1,ep1,test,2480,2519,0.0,8.82614517211914,0.17892393469810486,0.2971917390823364
medium_40f_stride20:b750fab3-7fbb-43a0-b451-c64c4d4a64da__ep1:qa:116,b750fab3-7fbb-43a0-b451-c64c4d4a64da__ep1,ep1,test,2500,2539,0.0,9.188291549682617,0.186972513794899,0.30938586592674255
medium_40f_stride20:b750fab3-7fbb-43a0-b451-c64c4d4a64da__ep1:qa:140,b750fab3-7fbb-43a0-b451-c64c4d4a64da__ep1,ep1,test,3000,3039,0.0,11.68239974975586,0.1803896427154541,0.39336690306663513
medium_40f_stride20:b750fab3-7fbb-43a0-b451-c64c4d4a64da__ep1:qa:141,b750fab3-7fbb-43a0-b451-c64c4d4a64da__ep1,ep1,test,3020,3059,0.0,11.681778907775879,0.18131956458091736,0.3933459222316742
medium_40f_stride20:b750fab3-7fbb-43a0-b451-c64c4d4a64da__ep1:qa:142,b750fab3-7fbb-43a0-b451-c64c4d4a64da__ep1,ep1,test,3040,3079,0.0,11.673917770385742,0.1813337504863739,0.3930812478065491
medium_40f_stride20:b750fab3-7fbb-43a0-b451-c64c4d4a64da__ep1:qa:143,b750fab3-7fbb-43a0-b451-c64c4d4a64da__ep1,ep1,test,3060,3099,0.0,11.6707124710083,0.18062232434749603,0.39297327399253845
medium_40f_stride20:b750fab3-7fbb-43a0-b451-c64c4d4a64da__ep1:qa:144,b750fab3-7fbb-43a0-b451-c64c4d4a64da__ep1,ep1,test,3080,3119,0.0,11.627522468566895,0.17843905091285706,0.39151906967163086
medium_40f_stride20:b750fab3-7fbb-43a0-b451-c64c4d4a64da__ep1:qa:145,b750fab3-7fbb-43a0-b451-c64c4d4a64da__ep1,ep1,test,3100,3139,0.0,11.526226043701172,0.17792221903800964,0.3881082236766815
medium_40f_stride20:b750fab3-7fbb-43a0-b451-c64c4d4a64da__ep1:qa:146,b750fab3-7fbb-43a0-b451-c64c4d4a64da__ep1,ep1,test,3120,3159,0.0,11.488632202148438,0.17831405997276306,0.38684237003326416
medium_40f_stride20:b750fab3-7fbb-43a0-b451-c64c4d4a64da__ep1:qa:179,b750fab3-7fbb-43a0-b451-c64c4d4a64da__ep1,ep1,test,3800,3839,34.312339782714844,11.126007080078125,0.750976026058197,1.1039884090423584
medium_40f_stride20:b750fab3-7fbb-43a0-b451-c64c4d4a64da__ep1:qa:180,b750fab3-7fbb-43a0-b451-c64c4d4a64da__ep1,ep1,test,3820,3859,31.284038543701172,11.137683868408203,0.7258927822113037,1.0238779783248901
medium_40f_stride20:b750fab3-7fbb-43a0-b451-c64c4d4a64da__ep1:qa:181,b750fab3-7fbb-43a0-b451-c64c4d4a64da__ep1,ep1,test,3840,3879,30.26010513305664,11.611090660095215,0.6990320682525635,0.9930233955383301
medium_40f_stride20:b750fab3-7fbb-43a0-b451-c64c4d4a64da__ep1:qa:182,b750fab3-7fbb-43a0-b451-c64c4d4a64da__ep1,ep1,test,3860,3899,33.30055236816406,11.654216766357422,0.7390213012695312,1.0714105367660522
medium_40f_stride20:b750fab3-7fbb-43a0-b451-c64c4d4a64da__ep1:qa:183,b750fab3-7fbb-43a0-b451-c64c4d4a64da__ep1,ep1,test,3880,3919,33.81694412231445,11.633885383605957,0.5653831958770752,1.0369588136672974
medium_40f_stride20:b750fab3-7fbb-43a0-b451-c64c4d4a64da__ep1:qa:184,b750fab3-7fbb-43a0-b451-c64c4d4a64da__ep1,ep1,test,3900,3939,33.789798736572266,11.585614204406738,0.5663724541664124,1.0355703830718994
medium_40f_stride20:b750fab3-7fbb-43a0-b451-c64c4d4a64da__ep1:qa:185,b750fab3-7fbb-43a0-b451-c64c4d4a64da__ep1,ep1,test,3920,3959,33.82506561279297,11.616456985473633,0.5658742785453796,1.0359010696411133
medium_40f_stride20:b750fab3-7fbb-43a0-b451-c64c4d4a64da__ep1:qa:208,b750fab3-7fbb-43a0-b451-c64c4d4a64da__ep1,ep1,test,4400,4439,0.0,10.847771644592285,0.2001160979270935,0.3652634620666504
medium_40f_stride20:b750fab3-7fbb-43a0-b451-c64c4d4a64da__ep1:qa:209,b750fab3-7fbb-43a0-b451-c64c4d4a64da__ep1,ep1,test,4420,4459,0.0,11.011600494384766,0.20147262513637543,0.3707799017429352
medium_40f_stride20:b750fab3-7fbb-43a0-b451-c64c4d4a64da__ep1:qa:210,b750fab3-7fbb-43a0-b451-c64c4d4a64da__ep1,ep1,test,4440,4479,0.0,11.441779136657715,0.20125244557857513,0.38526472449302673
medium_40f_stride20:b750fab3-7fbb-43a0-b451-c64c4d4a64da__ep1:qa:211,b750fab3-7fbb-43a0-b451-c64c4d4a64da__ep1,ep1,test,4460,4499,0.0,10.16486644744873,0.20186679065227509,0.3422688841819763
medium_40f_stride20:b750fab3-7fbb-43a0-b451-c64c4d4a64da__ep1:qa:212,b750fab3-7fbb-43a0-b451-c64c4d4a64da__ep1,ep1,test,4480,4519,0.0,9.860574722290039,0.19440922141075134,0.3320228159427643
medium_40f_stride20:b750fab3-7fbb-43a0-b451-c64c4d4a64da__ep1:qa:213,b750fab3-7fbb-43a0-b451-c64c4d4a64da__ep1,ep1,test,4500,4539,0.0,11.371292114257812,0.18390408158302307,0.38289132714271545
medium_40f_stride20:b750fab3-7fbb-43a0-b451-c64c4d4a64da__ep1:qa:214,b750fab3-7fbb-43a0-b451-c64c4d4a64da__ep1,ep1,test,4520,4559,0.0,11.587281227111816,0.1835196167230606,0.3901640474796295
medium_40f_stride20:b750fab3-7fbb-43a0-b451-c64c4d4a64da__ep1:qa:227,b750fab3-7fbb-43a0-b451-c64c4d4a64da__ep1,ep1,test,4800,4839,0.0,12.085878372192383,0.18209099769592285,0.4069526791572571
medium_40f_stride20:b750fab3-7fbb-43a0-b451-c64c4d4a64da__ep1:qa:228,b750fab3-7fbb-43a0-b451-c64c4d4a64da__ep1,ep1,test,4820,4859,0.0,12.077527046203613,0.18096476793289185,0.40667152404785156
medium_40f_stride20:b750fab3-7fbb-43a0-b451-c64c4d4a64da__ep1:qa:229,b750fab3-7fbb-43a0-b451-c64c4d4a64da__ep1,ep1,test,4840,4879,0.0,12.072630882263184,0.181344673037529,0.40650662779808044
medium_40f_stride20:b750fab3-7fbb-43a0-b451-c64c4d4a64da__ep1:qa:230,b750fab3-7fbb-43a0-b451-c64c4d4a64da__ep1,ep1,test,4860,4899,0.0,12.048760414123535,0.18256816267967224,0.4057029187679291
medium_40f_stride20:b750fab3-7fbb-43a0-b451-c64c4d4a64da__ep1:qa:231,b750fab3-7fbb-43a0-b451-c64c4d4a64da__ep1,ep1,test,4880,4919,0.0,12.025711059570312,0.18258926272392273,0.40492674708366394
medium_40f_stride20:b750fab3-7fbb-43a0-b451-c64c4d4a64da__ep1:qa:232,b750fab3-7fbb-43a0-b451-c64c4d4a64da__ep1,ep1,test,4920,4959,0.0,11.777809143066406,0.19027283787727356,0.39657944440841675
medium_40f_stride20:b750fab3-7fbb-43a0-b451-c64c4d4a64da__ep1:qa:233,b750fab3-7fbb-43a0-b451-c64c4d4a64da__ep1,ep1,test,4940,4979,0.0,11.369336128234863,0.1869867444038391,0.38282546401023865
medium_40f_stride20:b750fab3-7fbb-43a0-b451-c64c4d4a64da__ep1:qa:234,b750fab3-7fbb-43a0-b451-c64c4d4a64da__ep1,ep1,test,4960,4999,0.0,11.575600624084473,0.19205832481384277,0.3897707462310791
medium_40f_stride20:b750fab3-7fbb-43a0-b451-c64c4d4a64da__ep1:qa:235,b750fab3-7fbb-43a0-b451-c64c4d4a64da__ep1,ep1,test,5000,5039,32.383113861083984,10.779701232910156,0.6984323263168335,1.042341947555542
medium_40f_stride20:b750fab3-7fbb-43a0-b451-c64c4d4a64da__ep1:qa:236,b750fab3-7fbb-43a0-b451-c64c4d4a64da__ep1,ep1,test,5020,5059,31.434114456176758,11.57022476196289,0.535683810710907,0.9962158203125
medium_40f_stride20:b750fab3-7fbb-43a0-b451-c64c4d4a64da__ep1:qa:237,b750fab3-7fbb-43a0-b451-c64c4d4a64da__ep1,ep1,test,5040,5079,31.437755584716797,11.719474792480469,0.5216041207313538,0.9942920207977295
medium_40f_stride20:b750fab3-7fbb-43a0-b451-c64c4d4a64da__ep1:qa:238,b750fab3-7fbb-43a0-b451-c64c4d4a64da__ep1,ep1,test,5060,5099,31.520523071289062,11.840170860290527,0.5316958427429199,0.992648720741272
medium_40f_stride20:b750fab3-7fbb-43a0-b451-c64c4d4a64da__ep1:qa:239,b750fab3-7fbb-43a0-b451-c64c4d4a64da__ep1,ep1,test,5080,5119,31.629892349243164,11.844429969787598,0.5255601406097412,0.9844763278961182
medium_40f_stride20:b750fab3-7fbb-43a0-b451-c64c4d4a64da__ep1:qa:240,b750fab3-7fbb-43a0-b451-c64c4d4a64da__ep1,ep1,test,5100,5139,31.658119201660156,11.713617324829102,0.5298178195953369,0.9848117828369141
medium_40f_stride20:b750fab3-7fbb-43a0-b451-c64c4d4a64da__ep1:qa:241,b750fab3-7fbb-43a0-b451-c64c4d4a64da__ep1,ep1,test,5120,5159,31.322050094604492,10.812363624572754,0.477863609790802,0.7933228015899658
medium_40f_stride20:b750fab3-7fbb-43a0-b451-c64c4d4a64da__ep1:qa:279,b750fab3-7fbb-43a0-b451-c64c4d4a64da__ep1,ep1,test,5920,5959,32.68202590942383,12.288583755493164,0.5662720203399658,1.075058937072754
medium_40f_stride20:b750fab3-7fbb-43a0-b451-c64c4d4a64da__ep1:qa:280,b750fab3-7fbb-43a0-b451-c64c4d4a64da__ep1,ep1,test,5940,5979,32.65984344482422,12.356858253479004,0.5641126036643982,1.0722788572311401
medium_40f_stride20:877779cd-25f3-4293-a3c4-39067dd9558c__ep4:qa:0,877779cd-25f3-4293-a3c4-39067dd9558c__ep4,ep4,test,0,39,11.205751419067383,12.090165138244629,0.07070030272006989,0.11375900357961655
medium_40f_stride20:877779cd-25f3-4293-a3c4-39067dd9558c__ep4:qa:1,877779cd-25f3-4293-a3c4-39067dd9558c__ep4,ep4,test,20,59,11.084582328796387,12.146015167236328,0.0724584236741066,0.11325237154960632
medium_40f_stride20:877779cd-25f3-4293-a3c4-39067dd9558c__ep4:qa:2,877779cd-25f3-4293-a3c4-39067dd9558c__ep4,ep4,test,40,79,11.12033462524414,11.882455825805664,0.07839035242795944,0.11502600461244583
medium_40f_stride20:877779cd-25f3-4293-a3c4-39067dd9558c__ep4:qa:3,877779cd-25f3-4293-a3c4-39067dd9558c__ep4,ep4,test,60,99,11.345244407653809,11.546060562133789,0.08210057020187378,0.12490996718406677
medium_40f_stride20:877779cd-25f3-4293-a3c4-39067dd9558c__ep4:qa:4,877779cd-25f3-4293-a3c4-39067dd9558c__ep4,ep4,test,80,119,11.01168441772461,10.135098457336426,0.19116535782814026,0.2836308777332306
medium_40f_stride20:877779cd-25f3-4293-a3c4-39067dd9558c__ep4:qa:5,877779cd-25f3-4293-a3c4-39067dd9558c__ep4,ep4,test,100,139,10.039432525634766,9.811447143554688,0.18348093330860138,0.2931411564350128
medium_40f_stride20:877779cd-25f3-4293-a3c4-39067dd9558c__ep4:qa:6,877779cd-25f3-4293-a3c4-39067dd9558c__ep4,ep4,test,120,159,0.0,11.683016777038574,0.1942930370569229,0.39338764548301697
medium_40f_stride20:877779cd-25f3-4293-a3c4-39067dd9558c__ep4:qa:7,877779cd-25f3-4293-a3c4-39067dd9558c__ep4,ep4,test,140,179,0.0,11.467745780944824,0.18112817406654358,0.3861390948295593
medium_40f_stride20:877779cd-25f3-4293-a3c4-39067dd9558c__ep4:qa:8,877779cd-25f3-4293-a3c4-39067dd9558c__ep4,ep4,test,160,199,0.0,7.580387592315674,0.1784999668598175,0.2552449107170105
medium_40f_stride20:877779cd-25f3-4293-a3c4-39067dd9558c__ep4:qa:9,877779cd-25f3-4293-a3c4-39067dd9558c__ep4,ep4,test,180,219,0.0,6.88937520980835,0.15315110981464386,0.23197732865810394
medium_40f_stride20:877779cd-25f3-4293-a3c4-39067dd9558c__ep4:qa:19,877779cd-25f3-4293-a3c4-39067dd9558c__ep4,ep4,test,400,439,10.467801094055176,11.784635543823242,0.21989470720291138,0.36553439497947693
medium_40f_stride20:877779cd-25f3-4293-a3c4-39067dd9558c__ep4:qa:20,877779cd-25f3-4293-a3c4-39067dd9558c__ep4,ep4,test,420,459,11.953608512878418,10.71252155303955,0.22355476021766663,0.3215053975582123
medium_40f_stride20:877779cd-25f3-4293-a3c4-39067dd9558c__ep4:qa:21,877779cd-25f3-4293-a3c4-39067dd9558c__ep4,ep4,test,440,479,11.234687805175781,10.450182914733887,0.08222492784261703,0.11850258708000183
medium_40f_stride20:877779cd-25f3-4293-a3c4-39067dd9558c__ep4:qa:22,877779cd-25f3-4293-a3c4-39067dd9558c__ep4,ep4,test,460,499,11.076958656311035,9.798286437988281,0.0674426481127739,0.09693410992622375
medium_40f_stride20:877779cd-25f3-4293-a3c4-39067dd9558c__ep4:qa:23,877779cd-25f3-4293-a3c4-39067dd9558c__ep4,ep4,test,480,519,10.916104316711426,10.909446716308594,0.0428016372025013,0.0628008022904396
medium_40f_stride20:877779cd-25f3-4293-a3c4-39067dd9558c__ep4:qa:24,877779cd-25f3-4293-a3c4-39067dd9558c__ep4,ep4,test,500,539,10.859198570251465,11.75263500213623,0.05518050119280815,0.08882322162389755
medium_40f_stride20:877779cd-25f3-4293-a3c4-39067dd9558c__ep4:qa:25,877779cd-25f3-4293-a3c4-39067dd9558c__ep4,ep4,test,520,559,10.87053394317627,11.878927230834961,0.06428185105323792,0.1001877412199974
medium_40f_stride20:877779cd-25f3-4293-a3c4-39067dd9558c__ep4:qa:26,877779cd-25f3-4293-a3c4-39067dd9558c__ep4,ep4,test,540,579,10.85344409942627,11.7739839553833,0.05597621947526932,0.09218287467956543
medium_40f_stride20:877779cd-25f3-4293-a3c4-39067dd9558c__ep4:qa:27,877779cd-25f3-4293-a3c4-39067dd9558c__ep4,ep4,test,560,599,10.858643531799316,11.973454475402832,0.05496153607964516,0.08851885050535202
medium_40f_stride20:877779cd-25f3-4293-a3c4-39067dd9558c__ep4:qa:28,877779cd-25f3-4293-a3c4-39067dd9558c__ep4,ep4,test,580,619,10.82979965209961,12.009260177612305,0.06637696176767349,0.10204172134399414
medium_40f_stride20:877779cd-25f3-4293-a3c4-39067dd9558c__ep4:qa:48,877779cd-25f3-4293-a3c4-39067dd9558c__ep4,ep4,test,1000,1039,13.812652587890625,10.209514617919922,0.25981685519218445,0.42582637071609497
medium_40f_stride20:877779cd-25f3-4293-a3c4-39067dd9558c__ep4:qa:49,877779cd-25f3-4293-a3c4-39067dd9558c__ep4,ep4,test,1020,1059,0.0,8.754011154174805,0.16581985354423523,0.29476287961006165
medium_40f_stride20:877779cd-25f3-4293-a3c4-39067dd9558c__ep4:qa:50,877779cd-25f3-4293-a3c4-39067dd9558c__ep4,ep4,test,1040,1079,0.0,7.765141487121582,0.15435008704662323,0.2614659070968628
medium_40f_stride20:877779cd-25f3-4293-a3c4-39067dd9558c__ep4:qa:51,877779cd-25f3-4293-a3c4-39067dd9558c__ep4,ep4,test,1060,1099,0.0,9.26132583618164,0.1922125369310379,0.311845064163208
medium_40f_stride20:877779cd-25f3-4293-a3c4-39067dd9558c__ep4:qa:52,877779cd-25f3-4293-a3c4-39067dd9558c__ep4,ep4,test,1080,1119,0.0,9.955000877380371,0.2003193497657776,0.33520233631134033
medium_40f_stride20:877779cd-25f3-4293-a3c4-39067dd9558c__ep4:qa:53,877779cd-25f3-4293-a3c4-39067dd9558c__ep4,ep4,test,1100,1139,0.0,10.022314071655273,0.18604570627212524,0.33746886253356934
medium_40f_stride20:877779cd-25f3-4293-a3c4-39067dd9558c__ep4:qa:54,877779cd-25f3-4293-a3c4-39067dd9558c__ep4,ep4,test,1120,1159,0.0,11.387429237365723,0.20070506632328033,0.3834347128868103
medium_40f_stride20:877779cd-25f3-4293-a3c4-39067dd9558c__ep4:qa:55,877779cd-25f3-4293-a3c4-39067dd9558c__ep4,ep4,test,1140,1179,0.0,11.124526023864746,0.18608132004737854,0.37458229064941406
medium_40f_stride20:877779cd-25f3-4293-a3c4-39067dd9558c__ep4:qa:56,877779cd-25f3-4293-a3c4-39067dd9558c__ep4,ep4,test,1160,1199,0.0,11.560498237609863,0.18165560066699982,0.38926222920417786
medium_40f_stride20:877779cd-25f3-4293-a3c4-39067dd9558c__ep4:qa:57,877779cd-25f3-4293-a3c4-39067dd9558c__ep4,ep4,test,1180,1219,0.0,11.245721817016602,0.18316876888275146,0.37866318225860596
medium_40f_stride20:877779cd-25f3-4293-a3c4-39067dd9558c__ep4:qa:67,877779cd-25f3-4293-a3c4-39067dd9558c__ep4,ep4,test,1400,1439,0.0,10.686543464660645,0.18229606747627258,0.35983461141586304
medium_40f_stride20:877779cd-25f3-4293-a3c4-39067dd9558c__ep4:qa:68,877779cd-25f3-4293-a3c4-39067dd9558c__ep4,ep4,test,1420,1459,0.0,10.84203052520752,0.17819435894489288,0.3650701940059662
medium_40f_stride20:877779cd-25f3-4293-a3c4-39067dd9558c__ep4:qa:69,877779cd-25f3-4293-a3c4-39067dd9558c__ep4,ep4,test,1440,1479,0.0,7.862025737762451,0.13169191777706146,0.2647281587123871
medium_40f_stride20:877779cd-25f3-4293-a3c4-39067dd9558c__ep4:qa:70,877779cd-25f3-4293-a3c4-39067dd9558c__ep4,ep4,test,1460,1499,0.0,8.117431640625,0.13554337620735168,0.27332815527915955
medium_40f_stride20:877779cd-25f3-4293-a3c4-39067dd9558c__ep4:qa:71,877779cd-25f3-4293-a3c4-39067dd9558c__ep4,ep4,test,1480,1519,0.0,11.104000091552734,0.18539951741695404,0.373891144990921
medium_40f_stride20:877779cd-25f3-4293-a3c4-39067dd9558c__ep4:qa:72,877779cd-25f3-4293-a3c4-39067dd9558c__ep4,ep4,test,1500,1539,0.0,11.183472633361816,0.18065032362937927,0.37656712532043457
medium_40f_stride20:877779cd-25f3-4293-a3c4-39067dd9558c__ep4:qa:73,877779cd-25f3-4293-a3c4-39067dd9558c__ep4,ep4,test,1520,1559,0.0,11.352150917053223,0.181951105594635,0.38224679231643677
medium_40f_stride20:877779cd-25f3-4293-a3c4-39067dd9558c__ep4:qa:74,877779cd-25f3-4293-a3c4-39067dd9558c__ep4,ep4,test,1540,1579,0.0,11.625954627990723,0.18983197212219238,0.39146625995635986
medium_40f_stride20:877779cd-25f3-4293-a3c4-39067dd9558c__ep4:qa:75,877779cd-25f3-4293-a3c4-39067dd9558c__ep4,ep4,test,1560,1599,0.0,9.85589599609375,0.17973309755325317,0.3318652808666229
medium_40f_stride20:877779cd-25f3-4293-a3c4-39067dd9558c__ep4:qa:76,877779cd-25f3-4293-a3c4-39067dd9558c__ep4,ep4,test,1580,1619,0.0,9.646965980529785,0.17447268962860107,0.3248302638530731
medium_40f_stride20:877779cd-25f3-4293-a3c4-39067dd9558c__ep4:qa:96,877779cd-25f3-4293-a3c4-39067dd9558c__ep4,ep4,test,2000,2039,0.0,8.527278900146484,0.16915255784988403,0.28712838888168335
medium_40f_stride20:877779cd-25f3-4293-a3c4-39067dd9558c__ep4:qa:97,877779cd-25f3-4293-a3c4-39067dd9558c__ep4,ep4,test,2020,2059,0.0,8.780461311340332,0.16550347208976746,0.2956535220146179
medium_40f_stride20:877779cd-25f3-4293-a3c4-39067dd9558c__ep4:qa:98,877779cd-25f3-4293-a3c4-39067dd9558c__ep4,ep4,test,2040,2079,0.0,10.438945770263672,0.17478710412979126,0.3514975607395172
medium_40f_stride20:877779cd-25f3-4293-a3c4-39067dd9558c__ep4:qa:99,877779cd-25f3-4293-a3c4-39067dd9558c__ep4,ep4,test,2060,2099,0.0,10.836930274963379,0.16924719512462616,0.3648984134197235
medium_40f_stride20:877779cd-25f3-4293-a3c4-39067dd9558c__ep4:qa:100,877779cd-25f3-4293-a3c4-39067dd9558c__ep4,ep4,test,2080,2119,0.0,11.282830238342285,0.19612495601177216,0.3799126446247101
medium_40f_stride20:877779cd-25f3-4293-a3c4-39067dd9558c__ep4:qa:101,877779cd-25f3-4293-a3c4-39067dd9558c__ep4,ep4,test,2100,2139,0.0,10.889998435974121,0.19835422933101654,0.36668533086776733
medium_40f_stride20:877779cd-25f3-4293-a3c4-39067dd9558c__ep4:qa:102,877779cd-25f3-4293-a3c4-39067dd9558c__ep4,ep4,test,2120,2159,0.0,10.820562362670898,0.2073470503091812,0.36434730887413025
medium_40f_stride20:877779cd-25f3-4293-a3c4-39067dd9558c__ep4:qa:103,877779cd-25f3-4293-a3c4-39067dd9558c__ep4,ep4,test,2160,2199,0.0,7.645971775054932,0.15696799755096436,0.2574532628059387
medium_40f_stride20:877779cd-25f3-4293-a3c4-39067dd9558c__ep4:qa:104,877779cd-25f3-4293-a3c4-39067dd9558c__ep4,ep4,test,2180,2219,0.0,6.855278015136719,0.12282212823629379,0.23082922399044037
medium_40f_stride20:877779cd-25f3-4293-a3c4-39067dd9558c__ep4:qa:105,877779cd-25f3-4293-a3c4-39067dd9558c__ep4,ep4,test,2200,2239,0.0,8.32480525970459,0.16275130212306976,0.2803107798099518
medium_40f_stride20:877779cd-25f3-4293-a3c4-39067dd9558c__ep4:qa:106,877779cd-25f3-4293-a3c4-39067dd9558c__ep4,ep4,test,2220,2259,0.0,11.272378921508789,0.23069989681243896,0.3795607388019562
medium_40f_stride20:877779cd-25f3-4293-a3c4-39067dd9558c__ep4:qa:107,877779cd-25f3-4293-a3c4-39067dd9558c__ep4,ep4,test,2240,2279,0.0,11.296197891235352,0.2284146547317505,0.38036277890205383
medium_40f_stride20:877779cd-25f3-4293-a3c4-39067dd9558c__ep4:qa:108,877779cd-25f3-4293-a3c4-39067dd9558c__ep4,ep4,test,2260,2299,0.0,9.79140853881836,0.20848073065280914,0.32969385385513306
medium_40f_stride20:877779cd-25f3-4293-a3c4-39067dd9558c__ep4:qa:109,877779cd-25f3-4293-a3c4-39067dd9558c__ep4,ep4,test,2280,2319,0.0,9.285311698913574,0.21251283586025238,0.31265270709991455
medium_40f_stride20:877779cd-25f3-4293-a3c4-39067dd9558c__ep4:qa:110,877779cd-25f3-4293-a3c4-39067dd9558c__ep4,ep4,test,2300,2339,0.0,9.827042579650879,0.20502418279647827,0.33089375495910645
medium_40f_stride20:877779cd-25f3-4293-a3c4-39067dd9558c__ep4:qa:111,877779cd-25f3-4293-a3c4-39067dd9558c__ep4,ep4,test,2320,2359,0.0,10.996626853942871,0.176298588514328,0.37027570605278015
medium_40f_stride20:877779cd-25f3-4293-a3c4-39067dd9558c__ep4:qa:112,877779cd-25f3-4293-a3c4-39067dd9558c__ep4,ep4,test,2340,2379,0.0,11.167642593383789,0.1868017464876175,0.37603408098220825
medium_40f_stride20:877779cd-25f3-4293-a3c4-39067dd9558c__ep4:qa:114,877779cd-25f3-4293-a3c4-39067dd9558c__ep4,ep4,test,2400,2439,0.0,10.642361640930176,0.1843203902244568,0.35834693908691406
medium_40f_stride20:877779cd-25f3-4293-a3c4-39067dd9558c__ep4:qa:115,877779cd-25f3-4293-a3c4-39067dd9558c__ep4,ep4,test,2420,2459,0.0,10.766447067260742,0.19255545735359192,0.3625251352787018
medium_40f_stride20:877779cd-25f3-4293-a3c4-39067dd9558c__ep4:qa:116,877779cd-25f3-4293-a3c4-39067dd9558c__ep4,ep4,test,2440,2479,0.0,11.253925323486328,0.19395588338375092,0.3789393901824951
medium_40f_stride20:877779cd-25f3-4293-a3c4-39067dd9558c__ep4:qa:117,877779cd-25f3-4293-a3c4-39067dd9558c__ep4,ep4,test,2460,2499,0.0,12.049013137817383,0.1978122740983963,0.4057113826274872
medium_40f_stride20:877779cd-25f3-4293-a3c4-39067dd9558c__ep4:qa:118,877779cd-25f3-4293-a3c4-39067dd9558c__ep4,ep4,test,2480,2519,0.0,12.15040397644043,0.19479089975357056,0.4091253876686096
medium_40f_stride20:877779cd-25f3-4293-a3c4-39067dd9558c__ep4:qa:119,877779cd-25f3-4293-a3c4-39067dd9558c__ep4,ep4,test,2500,2539,0.0,9.198777198791504,0.19916048645973206,0.30973896384239197
medium_40f_stride20:877779cd-25f3-4293-a3c4-39067dd9558c__ep4:qa:120,877779cd-25f3-4293-a3c4-39067dd9558c__ep4,ep4,test,2520,2559,0.0,9.4302396774292,0.218278169631958,0.3175326883792877
medium_40f_stride20:877779cd-25f3-4293-a3c4-39067dd9558c__ep4:qa:121,877779cd-25f3-4293-a3c4-39067dd9558c__ep4,ep4,test,2540,2579,0.0,10.067351341247559,0.20144996047019958,0.3389853835105896
medium_40f_stride20:877779cd-25f3-4293-a3c4-39067dd9558c__ep4:qa:122,877779cd-25f3-4293-a3c4-39067dd9558c__ep4,ep4,test,2560,2599,0.0,10.652765274047852,0.1920308768749237,0.3586972653865814
medium_40f_stride20:877779cd-25f3-4293-a3c4-39067dd9558c__ep4:qa:123,877779cd-25f3-4293-a3c4-39067dd9558c__ep4,ep4,test,2580,2619,0.0,10.985085487365723,0.19792409241199493,0.3698870539665222
medium_40f_stride20:877779cd-25f3-4293-a3c4-39067dd9558c__ep4:qa:143,877779cd-25f3-4293-a3c4-39067dd9558c__ep4,ep4,test,3000,3039,10.360121726989746,12.00070571899414,0.08712424337863922,0.12980811297893524
medium_40f_stride20:877779cd-25f3-4293-a3c4-39067dd9558c__ep4:qa:144,877779cd-25f3-4293-a3c4-39067dd9558c__ep4,ep4,test,3020,3059,11.492875099182129,11.314650535583496,0.2353617250919342,0.33241239190101624
medium_40f_stride20:877779cd-25f3-4293-a3c4-39067dd9558c__ep4:qa:145,877779cd-25f3-4293-a3c4-39067dd9558c__ep4,ep4,test,3040,3079,10.4666109085083,10.54161548614502,0.2178351879119873,0.3317791521549225
medium_40f_stride20:877779cd-25f3-4293-a3c4-39067dd9558c__ep4:qa:146,877779cd-25f3-4293-a3c4-39067dd9558c__ep4,ep4,test,3060,3099,0.0,9.755827903747559,0.16268132627010345,0.3284958004951477
medium_40f_stride20:877779cd-25f3-4293-a3c4-39067dd9558c__ep4:qa:147,877779cd-25f3-4293-a3c4-39067dd9558c__ep4,ep4,test,3080,3119,0.0,9.642126083374023,0.1699771136045456,0.3246672749519348
medium_40f_stride20:877779cd-25f3-4293-a3c4-39067dd9558c__ep4:qa:148,877779cd-25f3-4293-a3c4-39067dd9558c__ep4,ep4,test,3100,3139,0.0,9.148977279663086,0.15135124325752258,0.3080620765686035
medium_40f_stride20:877779cd-25f3-4293-a3c4-39067dd9558c__ep4:qa:149,877779cd-25f3-4293-a3c4-39067dd9558c__ep4,ep4,test,3120,3159,0.0,9.023575782775879,0.160111203789711,0.3038395941257477
medium_40f_stride20:877779cd-25f3-4293-a3c4-39067dd9558c__ep4:qa:150,877779cd-25f3-4293-a3c4-39067dd9558c__ep4,ep4,test,3140,3179,0.0,7.010733604431152,0.14256608486175537,0.23606368899345398
medium_40f_stride20:877779cd-25f3-4293-a3c4-39067dd9558c__ep4:qa:151,877779cd-25f3-4293-a3c4-39067dd9558c__ep4,ep4,test,3160,3199,0.0,7.78690242767334,0.15455205738544464,0.26219865679740906
medium_40f_stride20:877779cd-25f3-4293-a3c4-39067dd9558c__ep4:qa:152,877779cd-25f3-4293-a3c4-39067dd9558c__ep4,ep4,test,3180,3219,0.0,10.790040969848633,0.182953879237175,0.3633195757865906
medium_40f_stride20:877779cd-25f3-4293-a3c4-39067dd9558c__ep4:qa:162,877779cd-25f3-4293-a3c4-39067dd9558c__ep4,ep4,test,3400,3439,15.483901023864746,11.852587699890137,0.26510652899742126,0.3967559039592743
medium_40f_stride20:877779cd-25f3-4293-a3c4-39067dd9558c__ep4:qa:163,877779cd-25f3-4293-a3c4-39067dd9558c__ep4,ep4,test,3420,3459,14.590909957885742,11.705315589904785,0.12253967672586441,0.21109481155872345
medium_40f_stride20:877779cd-25f3-4293-a3c4-39067dd9558c__ep4:qa:164,877779cd-25f3-4293-a3c4-39067dd9558c__ep4,ep4,test,3440,3479,14.644539833068848,12.06004524230957,0.11020538210868835,0.20236486196517944
medium_40f_stride20:877779cd-25f3-4293-a3c4-39067dd9558c__ep4:qa:165,877779cd-25f3-4293-a3c4-39067dd9558c__ep4,ep4,test,3460,3499,14.65799331665039,12.138558387756348,0.10538235306739807,0.19518886506557465
medium_40f_stride20:877779cd-25f3-4293-a3c4-39067dd9558c__ep4:qa:166,877779cd-25f3-4293-a3c4-39067dd9558c__ep4,ep4,test,3480,3519,14.613051414489746,12.295121192932129,0.10401250422000885,0.1923690289258957
medium_40f_stride20:877779cd-25f3-4293-a3c4-39067dd9558c__ep4:qa:167,877779cd-25f3-4293-a3c4-39067dd9558c__ep4,ep4,test,3500,3539,14.613200187683105,12.538979530334473,0.1015666201710701,0.18786786496639252
medium_40f_stride20:877779cd-25f3-4293-a3c4-39067dd9558c__ep4:qa:168,877779cd-25f3-4293-a3c4-39067dd9558c__ep4,ep4,test,3520,3559,14.615263938903809,12.591089248657227,0.10015255212783813,0.18644453585147858
medium_40f_stride20:877779cd-25f3-4293-a3c4-39067dd9558c__ep4:qa:169,877779cd-25f3-4293-a3c4-39067dd9558c__ep4,ep4,test,3540,3579,14.613947868347168,12.551308631896973,0.09786158055067062,0.18289773166179657
medium_40f_stride20:877779cd-25f3-4293-a3c4-39067dd9558c__ep4:qa:170,877779cd-25f3-4293-a3c4-39067dd9558c__ep4,ep4,test,3560,3599,14.608120918273926,12.48648452758789,0.09755624085664749,0.18240393698215485
medium_40f_stride20:877779cd-25f3-4293-a3c4-39067dd9558c__ep4:qa:191,877779cd-25f3-4293-a3c4-39067dd9558c__ep4,ep4,test,4000,4039,0.0,9.603577613830566,0.1650334745645523,0.32336926460266113
medium_40f_stride20:877779cd-25f3-4293-a3c4-39067dd9558c__ep4:qa:192,877779cd-25f3-4293-a3c4-39067dd9558c__ep4,ep4,test,4020,4059,0.0,9.612813949584961,0.16006986796855927,0.3236802816390991
medium_40f_stride20:877779cd-25f3-4293-a3c4-39067dd9558c__ep4:qa:193,877779cd-25f3-4293-a3c4-39067dd9558c__ep4,ep4,test,4040,4079,0.0,11.061965942382812,0.2129310965538025,0.3724757432937622
medium_40f_stride20:877779cd-25f3-4293-a3c4-39067dd9558c__ep4:qa:194,877779cd-25f3-4293-a3c4-39067dd9558c__ep4,ep4,test,4060,4099,12.26767349243164,11.47794246673584,0.3007212281227112,0.39416274428367615
medium_40f_stride20:877779cd-25f3-4293-a3c4-39067dd9558c__ep4:qa:195,877779cd-25f3-4293-a3c4-39067dd9558c__ep4,ep4,test,4080,4119,13.629660606384277,11.821038246154785,0.15864039957523346,0.2511312961578369
medium_40f_stride20:877779cd-25f3-4293-a3c4-39067dd9558c__ep4:qa:196,877779cd-25f3-4293-a3c4-39067dd9558c__ep4,ep4,test,4100,4139,13.92992877960205,12.206707954406738,0.15642902255058289,0.2539999485015869
medium_40f_stride20:877779cd-25f3-4293-a3c4-39067dd9558c__ep4:qa:197,877779cd-25f3-4293-a3c4-39067dd9558c__ep4,ep4,test,4120,4159,13.990127563476562,12.257079124450684,0.1447480022907257,0.22994787991046906
medium_40f_stride20:877779cd-25f3-4293-a3c4-39067dd9558c__ep4:qa:198,877779cd-25f3-4293-a3c4-39067dd9558c__ep4,ep4,test,4140,4179,13.687685012817383,12.156495094299316,0.13443204760551453,0.2198326289653778
medium_40f_stride20:877779cd-25f3-4293-a3c4-39067dd9558c__ep4:qa:199,877779cd-25f3-4293-a3c4-39067dd9558c__ep4,ep4,test,4160,4199,13.381721496582031,11.976974487304688,0.1329382210969925,0.21816250681877136
medium_40f_stride20:877779cd-25f3-4293-a3c4-39067dd9558c__ep4:qa:200,877779cd-25f3-4293-a3c4-39067dd9558c__ep4,ep4,test,4180,4219,13.536489486694336,11.68087100982666,0.14373555779457092,0.23238851130008698
medium_40f_stride20:1796b943-caad-43c6-b9bd-80b8d601f37d__ep1:qa:0,1796b943-caad-43c6-b9bd-80b8d601f37d__ep1,ep1,test,0,39,0.0,9.976530075073242,0.1642656773328781,0.33592724800109863
medium_40f_stride20:1796b943-caad-43c6-b9bd-80b8d601f37d__ep1:qa:1,1796b943-caad-43c6-b9bd-80b8d601f37d__ep1,ep1,test,20,59,0.0,10.062684059143066,0.1637481451034546,0.3388282060623169
medium_40f_stride20:1796b943-caad-43c6-b9bd-80b8d601f37d__ep1:qa:2,1796b943-caad-43c6-b9bd-80b8d601f37d__ep1,ep1,test,40,79,0.0,10.181795120239258,0.16010339558124542,0.342838853597641
medium_40f_stride20:1796b943-caad-43c6-b9bd-80b8d601f37d__ep1:qa:3,1796b943-caad-43c6-b9bd-80b8d601f37d__ep1,ep1,test,60,99,0.0,10.31579303741455,0.16335347294807434,0.3473508059978485
medium_40f_stride20:1796b943-caad-43c6-b9bd-80b8d601f37d__ep1:qa:4,1796b943-caad-43c6-b9bd-80b8d601f37d__ep1,ep1,test,80,119,0.0,9.403794288635254,0.20370127260684967,0.3166421949863434
medium_40f_stride20:1796b943-caad-43c6-b9bd-80b8d601f37d__ep1:qa:5,1796b943-caad-43c6-b9bd-80b8d601f37d__ep1,ep1,test,100,139,0.0,9.433243751525879,0.22375714778900146,0.31763386726379395
medium_40f_stride20:1796b943-caad-43c6-b9bd-80b8d601f37d__ep1:qa:6,1796b943-caad-43c6-b9bd-80b8d601f37d__ep1,ep1,test,120,159,0.0,11.575667381286621,0.27244099974632263,0.3897729814052582
medium_40f_stride20:1796b943-caad-43c6-b9bd-80b8d601f37d__ep1:qa:7,1796b943-caad-43c6-b9bd-80b8d601f37d__ep1,ep1,test,140,179,0.0,10.420736312866211,0.24534489214420319,0.35088443756103516
medium_40f_stride20:1796b943-caad-43c6-b9bd-80b8d601f37d__ep1:qa:8,1796b943-caad-43c6-b9bd-80b8d601f37d__ep1,ep1,test,160,199,0.0,11.492128372192383,0.263103187084198,0.38696008920669556
medium_40f_stride20:1796b943-caad-43c6-b9bd-80b8d601f37d__ep1:qa:9,1796b943-caad-43c6-b9bd-80b8d601f37d__ep1,ep1,test,200,239,0.0,11.408088684082031,0.2571009397506714,0.3841302990913391
medium_40f_stride20:1796b943-caad-43c6-b9bd-80b8d601f37d__ep1:qa:10,1796b943-caad-43c6-b9bd-80b8d601f37d__ep1,ep1,test,220,259,0.0,9.52091121673584,0.20543520152568817,0.3205857574939728
medium_40f_stride20:1796b943-caad-43c6-b9bd-80b8d601f37d__ep1:qa:11,1796b943-caad-43c6-b9bd-80b8d601f37d__ep1,ep1,test,240,279,0.0,9.095023155212402,0.18321146070957184,0.306245356798172
medium_40f_stride20:1796b943-caad-43c6-b9bd-80b8d601f37d__ep1:qa:12,1796b943-caad-43c6-b9bd-80b8d601f37d__ep1,ep1,test,260,299,0.0,9.39794921875,0.190562903881073,0.3164454400539398
medium_40f_stride20:1796b943-caad-43c6-b9bd-80b8d601f37d__ep1:qa:13,1796b943-caad-43c6-b9bd-80b8d601f37d__ep1,ep1,test,280,319,0.0,10.16132926940918,0.21478603780269623,0.3421497344970703
medium_40f_stride20:1796b943-caad-43c6-b9bd-80b8d601f37d__ep1:qa:14,1796b943-caad-43c6-b9bd-80b8d601f37d__ep1,ep1,test,300,339,0.0,8.952574729919434,0.17431640625,0.30144888162612915
medium_40f_stride20:1796b943-caad-43c6-b9bd-80b8d601f37d__ep1:qa:15,1796b943-caad-43c6-b9bd-80b8d601f37d__ep1,ep1,test,320,359,0.0,7.899197101593018,0.18081039190292358,0.2659797966480255
medium_40f_stride20:1796b943-caad-43c6-b9bd-80b8d601f37d__ep1:qa:16,1796b943-caad-43c6-b9bd-80b8d601f37d__ep1,ep1,test,340,379,0.0,7.403271675109863,0.1697283238172531,0.2492811232805252
medium_40f_stride20:1796b943-caad-43c6-b9bd-80b8d601f37d__ep1:qa:17,1796b943-caad-43c6-b9bd-80b8d601f37d__ep1,ep1,test,360,399,0.0,7.875143051147461,0.17092813551425934,0.2651698589324951
medium_40f_stride20:1796b943-caad-43c6-b9bd-80b8d601f37d__ep1:qa:18,1796b943-caad-43c6-b9bd-80b8d601f37d__ep1,ep1,test,400,439,0.0,9.463203430175781,0.18381410837173462,0.31864264607429504
medium_40f_stride20:1796b943-caad-43c6-b9bd-80b8d601f37d__ep1:qa:19,1796b943-caad-43c6-b9bd-80b8d601f37d__ep1,ep1,test,420,459,0.0,9.080780982971191,0.15850844979286194,0.3057658076286316
medium_40f_stride20:1796b943-caad-43c6-b9bd-80b8d601f37d__ep1:qa:20,1796b943-caad-43c6-b9bd-80b8d601f37d__ep1,ep1,test,440,479,0.0,9.42064094543457,0.165098637342453,0.31720948219299316
medium_40f_stride20:1796b943-caad-43c6-b9bd-80b8d601f37d__ep1:qa:21,1796b943-caad-43c6-b9bd-80b8d601f37d__ep1,ep1,test,460,499,0.0,9.008541107177734,0.16693326830863953,0.3033333420753479
medium_40f_stride20:1796b943-caad-43c6-b9bd-80b8d601f37d__ep1:qa:22,1796b943-caad-43c6-b9bd-80b8d601f37d__ep1,ep1,test,480,519,0.0,9.063920974731445,0.17107988893985748,0.3051981031894684
medium_40f_stride20:1796b943-caad-43c6-b9bd-80b8d601f37d__ep1:qa:23,1796b943-caad-43c6-b9bd-80b8d601f37d__ep1,ep1,test,500,539,0.0,10.455942153930664,0.16352464258670807,0.3520698845386505
medium_40f_stride20:1796b943-caad-43c6-b9bd-80b8d601f37d__ep1:qa:24,1796b943-caad-43c6-b9bd-80b8d601f37d__ep1,ep1,test,520,559,0.0,10.578155517578125,0.166768878698349,0.35618501901626587
medium_40f_stride20:1796b943-caad-43c6-b9bd-80b8d601f37d__ep1:qa:25,1796b943-caad-43c6-b9bd-80b8d601f37d__ep1,ep1,test,560,599,0.0,8.010437965393066,0.15581049025058746,0.269725501537323
medium_40f_stride20:1796b943-caad-43c6-b9bd-80b8d601f37d__ep1:qa:26,1796b943-caad-43c6-b9bd-80b8d601f37d__ep1,ep1,test,580,619,0.0,9.532532691955566,0.17500615119934082,0.3209770619869232
medium_40f_stride20:1796b943-caad-43c6-b9bd-80b8d601f37d__ep1:qa:27,1796b943-caad-43c6-b9bd-80b8d601f37d__ep1,ep1,test,600,639,0.0,10.607587814331055,0.23408940434455872,0.3571760654449463
medium_40f_stride20:1796b943-caad-43c6-b9bd-80b8d601f37d__ep1:qa:28,1796b943-caad-43c6-b9bd-80b8d601f37d__ep1,ep1,test,620,659,0.0,10.85029411315918,0.2396237999200821,0.3653483986854553
medium_40f_stride20:1796b943-caad-43c6-b9bd-80b8d601f37d__ep1:qa:29,1796b943-caad-43c6-b9bd-80b8d601f37d__ep1,ep1,test,640,679,0.0,9.611565589904785,0.2059754878282547,0.32363826036453247
medium_40f_stride20:1796b943-caad-43c6-b9bd-80b8d601f37d__ep1:qa:30,1796b943-caad-43c6-b9bd-80b8d601f37d__ep1,ep1,test,660,699,0.0,8.58655834197998,0.2004970908164978,0.2891244888305664
medium_40f_stride20:1796b943-caad-43c6-b9bd-80b8d601f37d__ep1:qa:31,1796b943-caad-43c6-b9bd-80b8d601f37d__ep1,ep1,test,680,719,0.0,7.37201452255249,0.15873083472251892,0.24822863936424255
medium_40f_stride20:1796b943-caad-43c6-b9bd-80b8d601f37d__ep1:qa:32,1796b943-caad-43c6-b9bd-80b8d601f37d__ep1,ep1,test,700,739,0.0,9.23805046081543,0.19692865014076233,0.3110613226890564
medium_40f_stride20:1796b943-caad-43c6-b9bd-80b8d601f37d__ep1:qa:33,1796b943-caad-43c6-b9bd-80b8d601f37d__ep1,ep1,test,720,759,0.0,9.266512870788574,0.19459760189056396,0.3120197355747223
medium_40f_stride20:1796b943-caad-43c6-b9bd-80b8d601f37d__ep1:qa:34,1796b943-caad-43c6-b9bd-80b8d601f37d__ep1,ep1,test,740,779,0.0,9.200357437133789,0.1707051545381546,0.3097921311855316
medium_40f_stride20:1796b943-caad-43c6-b9bd-80b8d601f37d__ep1:qa:35,1796b943-caad-43c6-b9bd-80b8d601f37d__ep1,ep1,test,760,799,0.0,9.448783874511719,0.19365940988063812,0.3181571066379547
medium_40f_stride20:1796b943-caad-43c6-b9bd-80b8d601f37d__ep1:qa:36,1796b943-caad-43c6-b9bd-80b8d601f37d__ep1,ep1,test,800,839,0.0,8.98086166381836,0.18872998654842377,0.3024013340473175
medium_40f_stride20:1796b943-caad-43c6-b9bd-80b8d601f37d__ep1:qa:37,1796b943-caad-43c6-b9bd-80b8d601f37d__ep1,ep1,test,820,859,0.0,8.620037078857422,0.1794256716966629,0.2902517318725586
medium_40f_stride20:1796b943-caad-43c6-b9bd-80b8d601f37d__ep1:qa:38,1796b943-caad-43c6-b9bd-80b8d601f37d__ep1,ep1,test,840,879,0.0,10.12690258026123,0.1709381639957428,0.3409905433654785
medium_40f_stride20:1796b943-caad-43c6-b9bd-80b8d601f37d__ep1:qa:39,1796b943-caad-43c6-b9bd-80b8d601f37d__ep1,ep1,test,860,899,0.0,10.244550704956055,0.17812563478946686,0.34495195746421814
medium_40f_stride20:1796b943-caad-43c6-b9bd-80b8d601f37d__ep1:qa:40,1796b943-caad-43c6-b9bd-80b8d601f37d__ep1,ep1,test,880,919,0.0,10.08321475982666,0.17407234013080597,0.3395194709300995
medium_40f_stride20:1796b943-caad-43c6-b9bd-80b8d601f37d__ep1:qa:41,1796b943-caad-43c6-b9bd-80b8d601f37d__ep1,ep1,test,900,939,0.0,9.985509872436523,0.16188167035579681,0.3362296223640442
medium_40f_stride20:1796b943-caad-43c6-b9bd-80b8d601f37d__ep1:qa:42,1796b943-caad-43c6-b9bd-80b8d601f37d__ep1,ep1,test,920,959,0.0,10.298542022705078,0.18077978491783142,0.34676992893218994
medium_40f_stride20:1796b943-caad-43c6-b9bd-80b8d601f37d__ep1:qa:43,1796b943-caad-43c6-b9bd-80b8d601f37d__ep1,ep1,test,940,979,0.0,9.570700645446777,0.1581762582063675,0.3222622275352478
medium_40f_stride20:1796b943-caad-43c6-b9bd-80b8d601f37d__ep1:qa:44,1796b943-caad-43c6-b9bd-80b8d601f37d__ep1,ep1,test,960,999,0.0,9.410801887512207,0.1624813675880432,0.31687816977500916
medium_40f_stride20:1796b943-caad-43c6-b9bd-80b8d601f37d__ep1:qa:45,1796b943-caad-43c6-b9bd-80b8d601f37d__ep1,ep1,test,1000,1039,0.0,11.960091590881348,0.27980461716651917,0.4027172327041626
medium_40f_stride20:1796b943-caad-43c6-b9bd-80b8d601f37d__ep1:qa:46,1796b943-caad-43c6-b9bd-80b8d601f37d__ep1,ep1,test,1020,1059,0.0,13.351791381835938,0.3039591610431671,0.449578195810318
medium_40f_stride20:1796b943-caad-43c6-b9bd-80b8d601f37d__ep1:qa:47,1796b943-caad-43c6-b9bd-80b8d601f37d__ep1,ep1,test,1040,1079,0.0,12.844033241271973,0.29204878211021423,0.4324810802936554
medium_40f_stride20:1796b943-caad-43c6-b9bd-80b8d601f37d__ep1:qa:48,1796b943-caad-43c6-b9bd-80b8d601f37d__ep1,ep1,test,1060,1099,0.0,12.120278358459473,0.2692320644855499,0.408111035823822
medium_40f_stride20:1796b943-caad-43c6-b9bd-80b8d601f37d__ep1:qa:49,1796b943-caad-43c6-b9bd-80b8d601f37d__ep1,ep1,test,1080,1119,0.0,8.937370300292969,0.17631949484348297,0.30093690752983093
medium_40f_stride20:1796b943-caad-43c6-b9bd-80b8d601f37d__ep1:qa:50,1796b943-caad-43c6-b9bd-80b8d601f37d__ep1,ep1,test,1100,1139,0.0,11.589900016784668,0.26301953196525574,0.3902522027492523
medium_40f_stride20:1796b943-caad-43c6-b9bd-80b8d601f37d__ep1:qa:51,1796b943-caad-43c6-b9bd-80b8d601f37d__ep1,ep1,test,1120,1159,0.0,13.82054615020752,0.31881287693977356,0.465362012386322
medium_40f_stride20:1796b943-caad-43c6-b9bd-80b8d601f37d__ep1:qa:52,1796b943-caad-43c6-b9bd-80b8d601f37d__ep1,ep1,test,1140,1179,0.0,10.539898872375488,0.22588369250297546,0.3548968732357025
medium_40f_stride20:1796b943-caad-43c6-b9bd-80b8d601f37d__ep1:qa:53,1796b943-caad-43c6-b9bd-80b8d601f37d__ep1,ep1,test,1160,1199,0.0,11.050983428955078,0.22120818495750427,0.37210598587989807
medium_40f_stride20:1796b943-caad-43c6-b9bd-80b8d601f37d__ep1:qa:54,1796b943-caad-43c6-b9bd-80b8d601f37d__ep1,ep1,test,1180,1219,0.0,11.07275104522705,0.2471848577260971,0.37283891439437866
medium_40f_stride20:1796b943-caad-43c6-b9bd-80b8d601f37d__ep1:qa:64,1796b943-caad-43c6-b9bd-80b8d601f37d__ep1,ep1,test,1400,1439,39.163761138916016,8.691696166992188,0.7731465697288513,1.2485861778259277
medium_40f_stride20:1796b943-caad-43c6-b9bd-80b8d601f37d__ep1:qa:65,1796b943-caad-43c6-b9bd-80b8d601f37d__ep1,ep1,test,1420,1459,38.35775375366211,8.722716331481934,0.7575432658195496,1.2154432535171509
medium_40f_stride20:1796b943-caad-43c6-b9bd-80b8d601f37d__ep1:qa:66,1796b943-caad-43c6-b9bd-80b8d601f37d__ep1,ep1,test,1440,1479,37.924964904785156,10.641246795654297,0.6993513107299805,1.1513160467147827
medium_40f_stride20:1796b943-caad-43c6-b9bd-80b8d601f37d__ep1:qa:67,1796b943-caad-43c6-b9bd-80b8d601f37d__ep1,ep1,test,1460,1499,38.292945861816406,11.942548751831055,0.6884037852287292,1.2090733051300049
medium_40f_stride20:1796b943-caad-43c6-b9bd-80b8d601f37d__ep1:qa:68,1796b943-caad-43c6-b9bd-80b8d601f37d__ep1,ep1,test,1480,1519,38.94575119018555,9.686752319335938,0.7178999185562134,1.1730931997299194
medium_40f_stride20:1796b943-caad-43c6-b9bd-80b8d601f37d__ep1:qa:69,1796b943-caad-43c6-b9bd-80b8d601f37d__ep1,ep1,test,1500,1539,39.159976959228516,9.082754135131836,0.7589512467384338,1.2191381454467773
medium_40f_stride20:1796b943-caad-43c6-b9bd-80b8d601f37d__ep1:qa:70,1796b943-caad-43c6-b9bd-80b8d601f37d__ep1,ep1,test,1520,1559,39.59558868408203,7.570416450500488,0.7926511764526367,1.2606185674667358
medium_40f_stride20:1796b943-caad-43c6-b9bd-80b8d601f37d__ep1:qa:71,1796b943-caad-43c6-b9bd-80b8d601f37d__ep1,ep1,test,1540,1579,39.88780212402344,8.553335189819336,0.7800806164741516,1.2672648429870605
medium_40f_stride20:1796b943-caad-43c6-b9bd-80b8d601f37d__ep1:qa:72,1796b943-caad-43c6-b9bd-80b8d601f37d__ep1,ep1,test,1560,1599,40.43299865722656,10.255523681640625,0.764253556728363,1.2774102687835693
medium_40f_stride20:1796b943-caad-43c6-b9bd-80b8d601f37d__ep1:qa:73,1796b943-caad-43c6-b9bd-80b8d601f37d__ep1,ep1,test,1580,1619,40.52165222167969,9.609569549560547,0.7748511433601379,1.2730426788330078
medium_40f_stride20:1796b943-caad-43c6-b9bd-80b8d601f37d__ep1:qa:83,1796b943-caad-43c6-b9bd-80b8d601f37d__ep1,ep1,test,1800,1839,40.8846435546875,10.491926193237305,0.7669969797134399,1.2875932455062866
medium_40f_stride20:1796b943-caad-43c6-b9bd-80b8d601f37d__ep1:qa:84,1796b943-caad-43c6-b9bd-80b8d601f37d__ep1,ep1,test,1820,1859,41.089263916015625,10.695920944213867,0.7564147114753723,1.2806611061096191
medium_40f_stride20:1796b943-caad-43c6-b9bd-80b8d601f37d__ep1:qa:85,1796b943-caad-43c6-b9bd-80b8d601f37d__ep1,ep1,test,1840,1879,40.969661712646484,10.46133041381836,0.776248574256897,1.3038133382797241
medium_40f_stride20:1796b943-caad-43c6-b9bd-80b8d601f37d__ep1:qa:86,1796b943-caad-43c6-b9bd-80b8d601f37d__ep1,ep1,test,1860,1899,40.52054214477539,10.628375053405762,0.7574673295021057,1.2765355110168457
medium_40f_stride20:1796b943-caad-43c6-b9bd-80b8d601f37d__ep1:qa:87,1796b943-caad-43c6-b9bd-80b8d601f37d__ep1,ep1,test,1880,1919,39.95005416870117,11.944317817687988,0.7328578233718872,1.2763700485229492
medium_40f_stride20:1796b943-caad-43c6-b9bd-80b8d601f37d__ep1:qa:88,1796b943-caad-43c6-b9bd-80b8d601f37d__ep1,ep1,test,1900,1939,40.32600402832031,12.023428916931152,0.7183627486228943,1.2219728231430054
medium_40f_stride20:1796b943-caad-43c6-b9bd-80b8d601f37d__ep1:qa:89,1796b943-caad-43c6-b9bd-80b8d601f37d__ep1,ep1,test,1920,1959,40.63509750366211,9.785744667053223,0.7635632753372192,1.2624231576919556
medium_40f_stride20:1796b943-caad-43c6-b9bd-80b8d601f37d__ep1:qa:90,1796b943-caad-43c6-b9bd-80b8d601f37d__ep1,ep1,test,1940,1979,40.6700439453125,10.444575309753418,0.7624078392982483,1.2875837087631226
medium_40f_stride20:1796b943-caad-43c6-b9bd-80b8d601f37d__ep1:qa:91,1796b943-caad-43c6-b9bd-80b8d601f37d__ep1,ep1,test,1960,1999,40.177162170410156,12.108508110046387,0.736283540725708,1.282281517982483
medium_40f_stride20:1796b943-caad-43c6-b9bd-80b8d601f37d__ep1:qa:92,1796b943-caad-43c6-b9bd-80b8d601f37d__ep1,ep1,test,2000,2039,40.10577392578125,12.252889633178711,0.7282990217208862,1.275903582572937
medium_40f_stride20:1796b943-caad-43c6-b9bd-80b8d601f37d__ep1:qa:93,1796b943-caad-43c6-b9bd-80b8d601f37d__ep1,ep1,test,2020,2059,40.097599029541016,12.234704971313477,0.7301803827285767,1.2780725955963135
medium_40f_stride20:1796b943-caad-43c6-b9bd-80b8d601f37d__ep1:qa:94,1796b943-caad-43c6-b9bd-80b8d601f37d__ep1,ep1,test,2040,2079,40.10100555419922,12.22490119934082,0.7323270440101624,1.282004714012146
medium_40f_stride20:1796b943-caad-43c6-b9bd-80b8d601f37d__ep1:qa:95,1796b943-caad-43c6-b9bd-80b8d601f37d__ep1,ep1,test,2060,2099,40.112579345703125,12.245457649230957,0.7309203147888184,1.2795511484146118
medium_40f_stride20:1796b943-caad-43c6-b9bd-80b8d601f37d__ep1:qa:96,1796b943-caad-43c6-b9bd-80b8d601f37d__ep1,ep1,test,2080,2119,40.190494537353516,12.2756929397583,0.7302734851837158,1.2805641889572144
medium_40f_stride20:1796b943-caad-43c6-b9bd-80b8d601f37d__ep1:qa:97,1796b943-caad-43c6-b9bd-80b8d601f37d__ep1,ep1,test,2100,2139,40.232261657714844,12.286947250366211,0.7315568923950195,1.2835019826889038
medium_40f_stride20:1796b943-caad-43c6-b9bd-80b8d601f37d__ep1:qa:98,1796b943-caad-43c6-b9bd-80b8d601f37d__ep1,ep1,test,2120,2159,40.23096466064453,12.298027992248535,0.7323862910270691,1.2841628789901733
medium_40f_stride20:1796b943-caad-43c6-b9bd-80b8d601f37d__ep1:qa:99,1796b943-caad-43c6-b9bd-80b8d601f37d__ep1,ep1,test,2140,2179,40.14065170288086,12.351486206054688,0.7302610278129578,1.2803468704223633
medium_40f_stride20:1796b943-caad-43c6-b9bd-80b8d601f37d__ep1:qa:100,1796b943-caad-43c6-b9bd-80b8d601f37d__ep1,ep1,test,2160,2199,39.739845275878906,12.305267333984375,0.7263402938842773,1.2666305303573608
medium_40f_stride20:1796b943-caad-43c6-b9bd-80b8d601f37d__ep1:qa:101,1796b943-caad-43c6-b9bd-80b8d601f37d__ep1,ep1,test,2180,2219,39.42224884033203,12.298583984375,0.7198473811149597,1.2557258605957031
medium_40f_stride20:1796b943-caad-43c6-b9bd-80b8d601f37d__ep1:qa:102,1796b943-caad-43c6-b9bd-80b8d601f37d__ep1,ep1,test,2200,2239,38.92804718017578,9.46094799041748,0.7175983786582947,1.1700210571289062
medium_40f_stride20:1796b943-caad-43c6-b9bd-80b8d601f37d__ep1:qa:130,1796b943-caad-43c6-b9bd-80b8d601f37d__ep1,ep1,test,2800,2839,40.0772705078125,10.534812927246094,0.7538228034973145,1.263472318649292
medium_40f_stride20:1796b943-caad-43c6-b9bd-80b8d601f37d__ep1:qa:131,1796b943-caad-43c6-b9bd-80b8d601f37d__ep1,ep1,test,2820,2859,40.208065032958984,10.164806365966797,0.7714472413063049,1.311013102531433
medium_40f_stride20:1796b943-caad-43c6-b9bd-80b8d601f37d__ep1:qa:132,1796b943-caad-43c6-b9bd-80b8d601f37d__ep1,ep1,test,2840,2879,40.303466796875,10.50851821899414,0.7664853930473328,1.3045116662979126
medium_40f_stride20:1796b943-caad-43c6-b9bd-80b8d601f37d__ep1:qa:133,1796b943-caad-43c6-b9bd-80b8d601f37d__ep1,ep1,test,2860,2899,40.686580657958984,10.75363826751709,0.7598057389259338,1.2891074419021606
medium_40f_stride20:1796b943-caad-43c6-b9bd-80b8d601f37d__ep1:qa:134,1796b943-caad-43c6-b9bd-80b8d601f37d__ep1,ep1,test,2880,2919,40.314979553222656,10.699202537536621,0.7592694759368896,1.2914245128631592
medium_40f_stride20:1796b943-caad-43c6-b9bd-80b8d601f37d__ep1:qa:135,1796b943-caad-43c6-b9bd-80b8d601f37d__ep1,ep1,test,2900,2939,39.89588928222656,11.955588340759277,0.7427371740341187,1.2813161611557007
medium_40f_stride20:1796b943-caad-43c6-b9bd-80b8d601f37d__ep1:qa:136,1796b943-caad-43c6-b9bd-80b8d601f37d__ep1,ep1,test,2920,2959,39.23786163330078,12.645800590515137,0.7122613191604614,1.2658965587615967
medium_40f_stride20:1796b943-caad-43c6-b9bd-80b8d601f37d__ep1:qa:137,1796b943-caad-43c6-b9bd-80b8d601f37d__ep1,ep1,test,2940,2979,39.28929138183594,12.6231050491333,0.7143795490264893,1.2689476013183594
medium_40f_stride20:1796b943-caad-43c6-b9bd-80b8d601f37d__ep1:qa:138,1796b943-caad-43c6-b9bd-80b8d601f37d__ep1,ep1,test,2960,2999,39.37564468383789,12.549291610717773,0.7205801010131836,1.2761898040771484
medium_40f_stride20:1796b943-caad-43c6-b9bd-80b8d601f37d__ep1:qa:139,1796b943-caad-43c6-b9bd-80b8d601f37d__ep1,ep1,test,2980,3019,39.385746002197266,12.551840782165527,0.7211171984672546,1.2776768207550049
medium_40f_stride20:1796b943-caad-43c6-b9bd-80b8d601f37d__ep1:qa:140,1796b943-caad-43c6-b9bd-80b8d601f37d__ep1,ep1,test,3000,3039,39.421661376953125,12.56387996673584,0.7209834456443787,1.2771978378295898
medium_40f_stride20:ba18b7c1-21ff-45da-8452-41acce7fc8de__ep2:qa:0,ba18b7c1-21ff-45da-8452-41acce7fc8de__ep2,ep2,test,0,39,0.0,10.805851936340332,0.17489281296730042,0.36385196447372437
medium_40f_stride20:ba18b7c1-21ff-45da-8452-41acce7fc8de__ep2:qa:1,ba18b7c1-21ff-45da-8452-41acce7fc8de__ep2,ep2,test,20,59,0.0,10.066569328308105,0.16674776375293732,0.3389590382575989
medium_40f_stride20:ba18b7c1-21ff-45da-8452-41acce7fc8de__ep2:qa:2,ba18b7c1-21ff-45da-8452-41acce7fc8de__ep2,ep2,test,40,79,0.0,10.22310733795166,0.1649637371301651,0.34422993659973145
medium_40f_stride20:ba18b7c1-21ff-45da-8452-41acce7fc8de__ep2:qa:3,ba18b7c1-21ff-45da-8452-41acce7fc8de__ep2,ep2,test,60,99,0.0,10.806242942810059,0.17284217476844788,0.3638651371002197
medium_40f_stride20:ba18b7c1-21ff-45da-8452-41acce7fc8de__ep2:qa:4,ba18b7c1-21ff-45da-8452-41acce7fc8de__ep2,ep2,test,80,119,0.0,9.823883056640625,0.18861088156700134,0.3307873606681824
medium_40f_stride20:ba18b7c1-21ff-45da-8452-41acce7fc8de__ep2:qa:5,ba18b7c1-21ff-45da-8452-41acce7fc8de__ep2,ep2,test,100,139,0.0,9.988027572631836,0.18272341787815094,0.3363143801689148
medium_40f_stride20:ba18b7c1-21ff-45da-8452-41acce7fc8de__ep2:qa:6,ba18b7c1-21ff-45da-8452-41acce7fc8de__ep2,ep2,test,120,159,0.0,11.444174766540527,0.18195900321006775,0.385345458984375
medium_40f_stride20:ba18b7c1-21ff-45da-8452-41acce7fc8de__ep2:qa:7,ba18b7c1-21ff-45da-8452-41acce7fc8de__ep2,ep2,test,140,179,0.0,10.095906257629395,0.16634295880794525,0.33994680643081665
medium_40f_stride20:ba18b7c1-21ff-45da-8452-41acce7fc8de__ep2:qa:8,ba18b7c1-21ff-45da-8452-41acce7fc8de__ep2,ep2,test,160,199,0.0,9.856731414794922,0.1687956601381302,0.3318934142589569
medium_40f_stride20:ba18b7c1-21ff-45da-8452-41acce7fc8de__ep2:qa:9,ba18b7c1-21ff-45da-8452-41acce7fc8de__ep2,ep2,test,180,219,0.0,11.044106483459473,0.17519132792949677,0.3718744218349457
medium_40f_stride20:ba18b7c1-21ff-45da-8452-41acce7fc8de__ep2:qa:10,ba18b7c1-21ff-45da-8452-41acce7fc8de__ep2,ep2,test,200,239,15.94960880279541,10.314447402954102,0.33988943696022034,0.47721582651138306
medium_40f_stride20:ba18b7c1-21ff-45da-8452-41acce7fc8de__ep2:qa:11,ba18b7c1-21ff-45da-8452-41acce7fc8de__ep2,ep2,test,220,259,17.14857292175293,9.557555198669434,0.3218137323856354,0.4558141529560089
medium_40f_stride20:ba18b7c1-21ff-45da-8452-41acce7fc8de__ep2:qa:12,ba18b7c1-21ff-45da-8452-41acce7fc8de__ep2,ep2,test,240,279,17.023550033569336,10.201190948486328,0.22628863155841827,0.3623388111591339
medium_40f_stride20:ba18b7c1-21ff-45da-8452-41acce7fc8de__ep2:qa:13,ba18b7c1-21ff-45da-8452-41acce7fc8de__ep2,ep2,test,260,299,16.804794311523438,11.485824584960938,0.21539318561553955,0.3741946220397949
medium_40f_stride20:ba18b7c1-21ff-45da-8452-41acce7fc8de__ep2:qa:39,ba18b7c1-21ff-45da-8452-41acce7fc8de__ep2,ep2,test,800,839,16.556509017944336,11.901117324829102,0.2309322953224182,0.3893781006336212
medium_40f_stride20:ba18b7c1-21ff-45da-8452-41acce7fc8de__ep2:qa:40,ba18b7c1-21ff-45da-8452-41acce7fc8de__ep2,ep2,test,820,859,16.749248504638672,11.711639404296875,0.22929859161376953,0.3936752676963806
medium_40f_stride20:ba18b7c1-21ff-45da-8452-41acce7fc8de__ep2:qa:41,ba18b7c1-21ff-45da-8452-41acce7fc8de__ep2,ep2,test,840,879,16.843568801879883,11.828557014465332,0.23154181241989136,0.40228578448295593
medium_40f_stride20:ba18b7c1-21ff-45da-8452-41acce7fc8de__ep2:qa:42,ba18b7c1-21ff-45da-8452-41acce7fc8de__ep2,ep2,test,860,899,16.779726028442383,11.886321067810059,0.22663573920726776,0.39420101046562195
medium_40f_stride20:ba18b7c1-21ff-45da-8452-41acce7fc8de__ep2:qa:43,ba18b7c1-21ff-45da-8452-41acce7fc8de__ep2,ep2,test,880,919,16.65776252746582,11.877876281738281,0.2282169610261917,0.3922576308250427
medium_40f_stride20:ba18b7c1-21ff-45da-8452-41acce7fc8de__ep2:qa:44,ba18b7c1-21ff-45da-8452-41acce7fc8de__ep2,ep2,test,900,939,16.555540084838867,11.893930435180664,0.22916874289512634,0.39215195178985596
medium_40f_stride20:ba18b7c1-21ff-45da-8452-41acce7fc8de__ep2:qa:45,ba18b7c1-21ff-45da-8452-41acce7fc8de__ep2,ep2,test,920,959,16.56651496887207,11.850016593933105,0.22775593400001526,0.39101284742355347
medium_40f_stride20:ba18b7c1-21ff-45da-8452-41acce7fc8de__ep2:qa:46,ba18b7c1-21ff-45da-8452-41acce7fc8de__ep2,ep2,test,940,979,16.589139938354492,11.842708587646484,0.22559551894664764,0.3891873359680176
medium_40f_stride20:ba18b7c1-21ff-45da-8452-41acce7fc8de__ep2:qa:47,ba18b7c1-21ff-45da-8452-41acce7fc8de__ep2,ep2,test,960,999,16.6170597076416,11.198393821716309,0.21477870643138885,0.3738425076007843
medium_40f_stride20:ba18b7c1-21ff-45da-8452-41acce7fc8de__ep2:qa:48,ba18b7c1-21ff-45da-8452-41acce7fc8de__ep2,ep2,test,980,1019,16.66364860534668,11.000262260437012,0.2281818687915802,0.3990050256252289
medium_40f_stride20:ba18b7c1-21ff-45da-8452-41acce7fc8de__ep2:qa:49,ba18b7c1-21ff-45da-8452-41acce7fc8de__ep2,ep2,test,1000,1039,16.7131290435791,11.53807258605957,0.23312929272651672,0.4104265570640564
medium_40f_stride20:ba18b7c1-21ff-45da-8452-41acce7fc8de__ep2:qa:50,ba18b7c1-21ff-45da-8452-41acce7fc8de__ep2,ep2,test,1020,1059,16.760696411132812,11.889386177062988,0.22871743142604828,0.3958709239959717
medium_40f_stride20:ba18b7c1-21ff-45da-8452-41acce7fc8de__ep2:qa:51,ba18b7c1-21ff-45da-8452-41acce7fc8de__ep2,ep2,test,1040,1079,16.7545223236084,11.709044456481934,0.2240563929080963,0.38787350058555603
medium_40f_stride20:ba18b7c1-21ff-45da-8452-41acce7fc8de__ep2:qa:52,ba18b7c1-21ff-45da-8452-41acce7fc8de__ep2,ep2,test,1060,1099,16.66490936279297,11.578391075134277,0.2222229242324829,0.3855639398097992
medium_40f_stride20:ba18b7c1-21ff-45da-8452-41acce7fc8de__ep2:qa:58,ba18b7c1-21ff-45da-8452-41acce7fc8de__ep2,ep2,test,1200,1239,16.40416145324707,11.51988697052002,0.21134422719478607,0.362109512090683
medium_40f_stride20:ba18b7c1-21ff-45da-8452-41acce7fc8de__ep2:qa:59,ba18b7c1-21ff-45da-8452-41acce7fc8de__ep2,ep2,test,1220,1259,16.30584716796875,10.026714324951172,0.22398591041564941,0.37484097480773926
medium_40f_stride20:ba18b7c1-21ff-45da-8452-41acce7fc8de__ep2:qa:60,ba18b7c1-21ff-45da-8452-41acce7fc8de__ep2,ep2,test,1240,1279,14.256735801696777,9.6561861038208,0.237741619348526,0.3582972586154938
medium_40f_stride20:ba18b7c1-21ff-45da-8452-41acce7fc8de__ep2:qa:61,ba18b7c1-21ff-45da-8452-41acce7fc8de__ep2,ep2,test,1260,1299,13.946850776672363,11.251843452453613,0.29070255160331726,0.4315093755722046
medium_40f_stride20:ba18b7c1-21ff-45da-8452-41acce7fc8de__ep2:qa:62,ba18b7c1-21ff-45da-8452-41acce7fc8de__ep2,ep2,test,1280,1319,16.795379638671875,11.153703689575195,0.29749593138694763,0.4614103138446808
medium_40f_stride20:ba18b7c1-21ff-45da-8452-41acce7fc8de__ep2:qa:63,ba18b7c1-21ff-45da-8452-41acce7fc8de__ep2,ep2,test,1300,1339,18.378141403198242,10.253811836242676,0.29009753465652466,0.4546554684638977
medium_40f_stride20:ba18b7c1-21ff-45da-8452-41acce7fc8de__ep2:qa:64,ba18b7c1-21ff-45da-8452-41acce7fc8de__ep2,ep2,test,1320,1359,18.290504455566406,10.243168830871582,0.27806785702705383,0.43711215257644653
medium_40f_stride20:ba18b7c1-21ff-45da-8452-41acce7fc8de__ep2:qa:65,ba18b7c1-21ff-45da-8452-41acce7fc8de__ep2,ep2,test,1340,1379,17.881248474121094,11.178138732910156,0.24534659087657928,0.4134984314441681
medium_40f_stride20:ba18b7c1-21ff-45da-8452-41acce7fc8de__ep2:qa:66,ba18b7c1-21ff-45da-8452-41acce7fc8de__ep2,ep2,test,1360,1399,17.309650421142578,11.55671501159668,0.23418503999710083,0.4153161346912384
medium_40f_stride20:ba18b7c1-21ff-45da-8452-41acce7fc8de__ep2:qa:67,ba18b7c1-21ff-45da-8452-41acce7fc8de__ep2,ep2,test,1380,1419,17.0210018157959,11.602170944213867,0.21521618962287903,0.3811033070087433
medium_40f_stride20:ba18b7c1-21ff-45da-8452-41acce7fc8de__ep2:qa:68,ba18b7c1-21ff-45da-8452-41acce7fc8de__ep2,ep2,test,1400,1439,17.181018829345703,11.742095947265625,0.22433540225028992,0.39431527256965637
medium_40f_stride20:ba18b7c1-21ff-45da-8452-41acce7fc8de__ep2:qa:69,ba18b7c1-21ff-45da-8452-41acce7fc8de__ep2,ep2,test,1420,1459,17.323200225830078,11.83011531829834,0.2293536365032196,0.40213268995285034
medium_40f_stride20:ba18b7c1-21ff-45da-8452-41acce7fc8de__ep2:qa:70,ba18b7c1-21ff-45da-8452-41acce7fc8de__ep2,ep2,test,1440,1479,16.20191192626953,11.867886543273926,0.2581450343132019,0.40872758626937866
medium_40f_stride20:ba18b7c1-21ff-45da-8452-41acce7fc8de__ep2:qa:71,ba18b7c1-21ff-45da-8452-41acce7fc8de__ep2,ep2,test,1460,1499,16.095335006713867,11.914499282836914,0.2579067051410675,0.40667128562927246
medium_40f_stride20:ba18b7c1-21ff-45da-8452-41acce7fc8de__ep2:qa:87,ba18b7c1-21ff-45da-8452-41acce7fc8de__ep2,ep2,test,1800,1839,16.617652893066406,11.851605415344238,0.22928987443447113,0.3897036015987396
medium_40f_stride20:ba18b7c1-21ff-45da-8452-41acce7fc8de__ep2:qa:88,ba18b7c1-21ff-45da-8452-41acce7fc8de__ep2,ep2,test,1820,1859,16.69416618347168,11.988759994506836,0.23071755468845367,0.39165595173835754
medium_40f_stride20:ba18b7c1-21ff-45da-8452-41acce7fc8de__ep2:qa:89,ba18b7c1-21ff-45da-8452-41acce7fc8de__ep2,ep2,test,1840,1879,16.704069137573242,11.963329315185547,0.23267009854316711,0.396884560585022
medium_40f_stride20:ba18b7c1-21ff-45da-8452-41acce7fc8de__ep2:qa:90,ba18b7c1-21ff-45da-8452-41acce7fc8de__ep2,ep2,test,1860,1899,16.736845016479492,11.878305435180664,0.23102205991744995,0.39413389563560486
medium_40f_stride20:ba18b7c1-21ff-45da-8452-41acce7fc8de__ep2:qa:91,ba18b7c1-21ff-45da-8452-41acce7fc8de__ep2,ep2,test,1880,1919,16.807233810424805,11.833240509033203,0.22757560014724731,0.394910991191864
medium_40f_stride20:ba18b7c1-21ff-45da-8452-41acce7fc8de__ep2:qa:92,ba18b7c1-21ff-45da-8452-41acce7fc8de__ep2,ep2,test,1900,1939,16.854164123535156,11.759284973144531,0.22633665800094604,0.39462512731552124
medium_40f_stride20:ba18b7c1-21ff-45da-8452-41acce7fc8de__ep2:qa:93,ba18b7c1-21ff-45da-8452-41acce7fc8de__ep2,ep2,test,1920,1959,16.791057586669922,11.742584228515625,0.22833874821662903,0.3952522575855255
medium_40f_stride20:ba18b7c1-21ff-45da-8452-41acce7fc8de__ep2:qa:94,ba18b7c1-21ff-45da-8452-41acce7fc8de__ep2,ep2,test,1940,1979,16.699487686157227,11.797271728515625,0.22991909086704254,0.39629125595092773
medium_40f_stride20:ba18b7c1-21ff-45da-8452-41acce7fc8de__ep2:qa:95,ba18b7c1-21ff-45da-8452-41acce7fc8de__ep2,ep2,test,1960,1999,16.71917724609375,11.873621940612793,0.2287207543849945,0.39410659670829773
medium_40f_stride20:ba18b7c1-21ff-45da-8452-41acce7fc8de__ep2:qa:96,ba18b7c1-21ff-45da-8452-41acce7fc8de__ep2,ep2,test,1980,2019,16.643892288208008,11.725319862365723,0.23002184927463531,0.39803779125213623
medium_40f_stride20:ba18b7c1-21ff-45da-8452-41acce7fc8de__ep2:qa:97,ba18b7c1-21ff-45da-8452-41acce7fc8de__ep2,ep2,test,2000,2039,16.50392723083496,11.68411922454834,0.22839583456516266,0.3939010798931122
medium_40f_stride20:ba18b7c1-21ff-45da-8452-41acce7fc8de__ep2:qa:98,ba18b7c1-21ff-45da-8452-41acce7fc8de__ep2,ep2,test,2020,2059,16.88113784790039,11.541373252868652,0.2221028059720993,0.38669732213020325
medium_40f_stride20:ba18b7c1-21ff-45da-8452-41acce7fc8de__ep2:qa:99,ba18b7c1-21ff-45da-8452-41acce7fc8de__ep2,ep2,test,2040,2079,17.127737045288086,11.562929153442383,0.22017066180706024,0.3911246955394745
medium_40f_stride20:ba18b7c1-21ff-45da-8452-41acce7fc8de__ep2:qa:100,ba18b7c1-21ff-45da-8452-41acce7fc8de__ep2,ep2,test,2060,2099,17.191753387451172,11.180217742919922,0.22620941698551178,0.39630842208862305
medium_40f_stride20:ba18b7c1-21ff-45da-8452-41acce7fc8de__ep2:qa:142,ba18b7c1-21ff-45da-8452-41acce7fc8de__ep2,ep2,test,2920,2959,17.36885643005371,11.681876182556152,0.24253788590431213,0.42703285813331604
medium_40f_stride20:ba18b7c1-21ff-45da-8452-41acce7fc8de__ep2:qa:143,ba18b7c1-21ff-45da-8452-41acce7fc8de__ep2,ep2,test,2940,2979,17.380325317382812,11.933311462402344,0.2473469376564026,0.44297319650650024
medium_40f_stride20:ba18b7c1-21ff-45da-8452-41acce7fc8de__ep2:qa:144,ba18b7c1-21ff-45da-8452-41acce7fc8de__ep2,ep2,test,2960,2999,17.359304428100586,12.158282279968262,0.23423488438129425,0.4201870560646057
medium_40f_stride20:ba18b7c1-21ff-45da-8452-41acce7fc8de__ep2:qa:145,ba18b7c1-21ff-45da-8452-41acce7fc8de__ep2,ep2,test,2980,3019,17.48380470275879,11.925673484802246,0.2609882950782776,0.4692659378051758
medium_40f_stride20:ba18b7c1-21ff-45da-8452-41acce7fc8de__ep2:qa:146,ba18b7c1-21ff-45da-8452-41acce7fc8de__ep2,ep2,test,3000,3039,17.440593719482422,11.88733196258545,0.25506868958473206,0.4595686197280884
medium_40f_stride20:ba18b7c1-21ff-45da-8452-41acce7fc8de__ep2:qa:147,ba18b7c1-21ff-45da-8452-41acce7fc8de__ep2,ep2,test,3020,3059,17.21527671813965,12.087930679321289,0.241135373711586,0.4162992238998413
medium_40f_stride20:ba18b7c1-21ff-45da-8452-41acce7fc8de__ep2:qa:148,ba18b7c1-21ff-45da-8452-41acce7fc8de__ep2,ep2,test,3040,3079,17.0281925201416,12.22796630859375,0.2433384656906128,0.41427817940711975
medium_40f_stride20:ba18b7c1-21ff-45da-8452-41acce7fc8de__ep2:qa:149,ba18b7c1-21ff-45da-8452-41acce7fc8de__ep2,ep2,test,3060,3099,16.74151611328125,12.294194221496582,0.24519667029380798,0.41099268198013306
medium_40f_stride20:ba18b7c1-21ff-45da-8452-41acce7fc8de__ep2:qa:150,ba18b7c1-21ff-45da-8452-41acce7fc8de__ep2,ep2,test,3080,3119,16.515666961669922,12.262632369995117,0.2407905012369156,0.4028884768486023
medium_40f_stride20:ba18b7c1-21ff-45da-8452-41acce7fc8de__ep2:qa:151,ba18b7c1-21ff-45da-8452-41acce7fc8de__ep2,ep2,test,3100,3139,16.351917266845703,12.276651382446289,0.2378828078508377,0.3959352374076843
medium_40f_stride20:ba18b7c1-21ff-45da-8452-41acce7fc8de__ep2:qa:152,ba18b7c1-21ff-45da-8452-41acce7fc8de__ep2,ep2,test,3120,3159,16.912338256835938,11.183218955993652,0.2575310170650482,0.40977150201797485
medium_40f_stride20:ba18b7c1-21ff-45da-8452-41acce7fc8de__ep2:qa:153,ba18b7c1-21ff-45da-8452-41acce7fc8de__ep2,ep2,test,3140,3179,14.270119667053223,10.106733322143555,0.2520945370197296,0.35206180810928345
medium_40f_stride20:ba18b7c1-21ff-45da-8452-41acce7fc8de__ep2:qa:154,ba18b7c1-21ff-45da-8452-41acce7fc8de__ep2,ep2,test,3160,3199,14.249175071716309,10.066344261169434,0.26560357213020325,0.3748856484889984
medium_40f_stride20:ba18b7c1-21ff-45da-8452-41acce7fc8de__ep2:qa:165,ba18b7c1-21ff-45da-8452-41acce7fc8de__ep2,ep2,test,3400,3439,16.929033279418945,11.853715896606445,0.23620553314685822,0.40470391511917114
medium_40f_stride20:ba18b7c1-21ff-45da-8452-41acce7fc8de__ep2:qa:166,ba18b7c1-21ff-45da-8452-41acce7fc8de__ep2,ep2,test,3420,3459,17.02171516418457,12.241362571716309,0.23770825564861298,0.4059300720691681
medium_40f_stride20:ba18b7c1-21ff-45da-8452-41acce7fc8de__ep2:qa:167,ba18b7c1-21ff-45da-8452-41acce7fc8de__ep2,ep2,test,3440,3479,17.12544822692871,12.13365650177002,0.24678540229797363,0.4166020154953003
medium_40f_stride20:ba18b7c1-21ff-45da-8452-41acce7fc8de__ep2:qa:168,ba18b7c1-21ff-45da-8452-41acce7fc8de__ep2,ep2,test,3460,3499,17.0459041595459,11.973371505737305,0.2438756227493286,0.4129546582698822
medium_40f_stride20:ba18b7c1-21ff-45da-8452-41acce7fc8de__ep2:qa:169,ba18b7c1-21ff-45da-8452-41acce7fc8de__ep2,ep2,test,3480,3519,17.025068283081055,11.782588958740234,0.23543068766593933,0.4027928411960602
medium_40f_stride20:ba18b7c1-21ff-45da-8452-41acce7fc8de__ep2:qa:170,ba18b7c1-21ff-45da-8452-41acce7fc8de__ep2,ep2,test,3500,3539,16.873422622680664,11.696805953979492,0.2366056740283966,0.4036028981208801
medium_40f_stride20:ba18b7c1-21ff-45da-8452-41acce7fc8de__ep2:qa:171,ba18b7c1-21ff-45da-8452-41acce7fc8de__ep2,ep2,test,3520,3559,16.644960403442383,11.8661470413208,0.23991991579532623,0.40593308210372925
medium_40f_stride20:ba18b7c1-21ff-45da-8452-41acce7fc8de__ep2:qa:172,ba18b7c1-21ff-45da-8452-41acce7fc8de__ep2,ep2,test,3540,3579,16.503049850463867,11.970532417297363,0.23806820809841156,0.401252418756485
medium_40f_stride20:ba18b7c1-21ff-45da-8452-41acce7fc8de__ep2:qa:173,ba18b7c1-21ff-45da-8452-41acce7fc8de__ep2,ep2,test,3560,3599,16.64438247680664,12.025777816772461,0.24077582359313965,0.40772634744644165
medium_40f_stride20:ba18b7c1-21ff-45da-8452-41acce7fc8de__ep2:qa:174,ba18b7c1-21ff-45da-8452-41acce7fc8de__ep2,ep2,test,3580,3619,16.77511215209961,11.95283031463623,0.23728542029857635,0.40472540259361267
medium_40f_stride20:ba18b7c1-21ff-45da-8452-41acce7fc8de__ep2:qa:175,ba18b7c1-21ff-45da-8452-41acce7fc8de__ep2,ep2,test,3600,3639,16.742877960205078,11.916050910949707,0.2455146461725235,0.4113757312297821
medium_40f_stride20:ba18b7c1-21ff-45da-8452-41acce7fc8de__ep2:qa:176,ba18b7c1-21ff-45da-8452-41acce7fc8de__ep2,ep2,test,3620,3659,16.827743530273438,11.685585975646973,0.24601154029369354,0.4144401550292969
medium_40f_stride20:ba18b7c1-21ff-45da-8452-41acce7fc8de__ep2:qa:177,ba18b7c1-21ff-45da-8452-41acce7fc8de__ep2,ep2,test,3640,3679,16.832162857055664,11.597928047180176,0.23540093004703522,0.39733681082725525
medium_40f_stride20:ba18b7c1-21ff-45da-8452-41acce7fc8de__ep2:qa:178,ba18b7c1-21ff-45da-8452-41acce7fc8de__ep2,ep2,test,3660,3699,16.680992126464844,9.612074851989746,0.24230597913265228,0.3984699547290802
medium_40f_stride20:ba18b7c1-21ff-45da-8452-41acce7fc8de__ep2:qa:234,ba18b7c1-21ff-45da-8452-41acce7fc8de__ep2,ep2,test,4800,4839,16.599279403686523,12.04943561553955,0.24579669535160065,0.41177234053611755
medium_40f_stride20:ba18b7c1-21ff-45da-8452-41acce7fc8de__ep2:qa:235,ba18b7c1-21ff-45da-8452-41acce7fc8de__ep2,ep2,test,4820,4859,16.699020385742188,12.05923843383789,0.24795521795749664,0.4134947657585144
medium_40f_stride20:ba18b7c1-21ff-45da-8452-41acce7fc8de__ep2:qa:236,ba18b7c1-21ff-45da-8452-41acce7fc8de__ep2,ep2,test,4840,4879,16.648056030273438,12.052520751953125,0.24886271357536316,0.4156455993652344
medium_40f_stride20:ba18b7c1-21ff-45da-8452-41acce7fc8de__ep2:qa:237,ba18b7c1-21ff-45da-8452-41acce7fc8de__ep2,ep2,test,4860,4899,16.559446334838867,12.110732078552246,0.25026291608810425,0.4143041968345642
medium_40f_stride20:ba18b7c1-21ff-45da-8452-41acce7fc8de__ep2:qa:238,ba18b7c1-21ff-45da-8452-41acce7fc8de__ep2,ep2,test,4880,4919,16.49361801147461,12.172061920166016,0.24851492047309875,0.41214293241500854
medium_40f_stride20:ba18b7c1-21ff-45da-8452-41acce7fc8de__ep2:qa:239,ba18b7c1-21ff-45da-8452-41acce7fc8de__ep2,ep2,test,4900,4939,16.550289154052734,12.125319480895996,0.24942326545715332,0.4144879877567291
medium_40f_stride20:ba18b7c1-21ff-45da-8452-41acce7fc8de__ep2:qa:240,ba18b7c1-21ff-45da-8452-41acce7fc8de__ep2,ep2,test,4920,4959,16.647268295288086,11.890178680419922,0.24384357035160065,0.4110531806945801
medium_40f_stride20:ba18b7c1-21ff-45da-8452-41acce7fc8de__ep2:qa:241,ba18b7c1-21ff-45da-8452-41acce7fc8de__ep2,ep2,test,4940,4979,16.762733459472656,11.98940658569336,0.24060411751270294,0.4092404842376709
medium_40f_stride20:ba18b7c1-21ff-45da-8452-41acce7fc8de__ep2:qa:242,ba18b7c1-21ff-45da-8452-41acce7fc8de__ep2,ep2,test,4960,4999,16.67510414123535,12.28824520111084,0.24855156242847443,0.41164010763168335
medium_40f_stride20:ba18b7c1-21ff-45da-8452-41acce7fc8de__ep2:qa:243,ba18b7c1-21ff-45da-8452-41acce7fc8de__ep2,ep2,test,4980,5019,16.65285873413086,12.176383018493652,0.2462170273065567,0.41389235854148865
medium_40f_stride20:ba18b7c1-21ff-45da-8452-41acce7fc8de__ep2:qa:244,ba18b7c1-21ff-45da-8452-41acce7fc8de__ep2,ep2,test,5000,5039,16.710241317749023,11.871941566467285,0.23884008824825287,0.40679025650024414
medium_40f_stride20:ba18b7c1-21ff-45da-8452-41acce7fc8de__ep2:qa:245,ba18b7c1-21ff-45da-8452-41acce7fc8de__ep2,ep2,test,5020,5059,16.759023666381836,11.937501907348633,0.2505822479724884,0.42242127656936646
medium_40f_stride20:ba18b7c1-21ff-45da-8452-41acce7fc8de__ep2:qa:246,ba18b7c1-21ff-45da-8452-41acce7fc8de__ep2,ep2,test,5040,5079,16.6677188873291,12.113851547241211,0.25061434507369995,0.4187617301940918
medium_40f_stride20:b6579cb5-0a71-4ca6-8808-1e2700be05c7__ep3:qa:0,b6579cb5-0a71-4ca6-8808-1e2700be05c7__ep3,ep3,test,0,39,12.989812850952148,11.218180656433105,0.050708964467048645,0.07607372105121613
medium_40f_stride20:b6579cb5-0a71-4ca6-8808-1e2700be05c7__ep3:qa:1,b6579cb5-0a71-4ca6-8808-1e2700be05c7__ep3,ep3,test,20,59,12.5671968460083,11.599342346191406,0.03416740149259567,0.050297047942876816
medium_40f_stride20:b6579cb5-0a71-4ca6-8808-1e2700be05c7__ep3:qa:2,b6579cb5-0a71-4ca6-8808-1e2700be05c7__ep3,ep3,test,40,79,12.444602966308594,11.580839157104492,0.025838948786258698,0.04340358451008797
medium_40f_stride20:b6579cb5-0a71-4ca6-8808-1e2700be05c7__ep3:qa:3,b6579cb5-0a71-4ca6-8808-1e2700be05c7__ep3,ep3,test,60,99,12.431913375854492,11.589981079101562,0.03496278077363968,0.052009399980306625
medium_40f_stride20:b6579cb5-0a71-4ca6-8808-1e2700be05c7__ep3:qa:4,b6579cb5-0a71-4ca6-8808-1e2700be05c7__ep3,ep3,test,80,119,12.387718200683594,11.2788667678833,0.039425838738679886,0.05817708000540733
medium_40f_stride20:b6579cb5-0a71-4ca6-8808-1e2700be05c7__ep3:qa:13,b6579cb5-0a71-4ca6-8808-1e2700be05c7__ep3,ep3,test,280,319,13.597277641296387,9.066414833068848,0.09513730555772781,0.16994115710258484
medium_40f_stride20:b6579cb5-0a71-4ca6-8808-1e2700be05c7__ep3:qa:14,b6579cb5-0a71-4ca6-8808-1e2700be05c7__ep3,ep3,test,300,339,13.65425968170166,9.62315559387207,0.11385156959295273,0.16989515721797943
medium_40f_stride20:b6579cb5-0a71-4ca6-8808-1e2700be05c7__ep3:qa:15,b6579cb5-0a71-4ca6-8808-1e2700be05c7__ep3,ep3,test,320,359,13.690630912780762,10.217312812805176,0.08452671766281128,0.13665089011192322
medium_40f_stride20:b6579cb5-0a71-4ca6-8808-1e2700be05c7__ep3:qa:16,b6579cb5-0a71-4ca6-8808-1e2700be05c7__ep3,ep3,test,340,379,13.4241943359375,10.51536750793457,0.07750385254621506,0.11822270601987839
medium_40f_stride20:b6579cb5-0a71-4ca6-8808-1e2700be05c7__ep3:qa:17,b6579cb5-0a71-4ca6-8808-1e2700be05c7__ep3,ep3,test,360,399,13.558856964111328,10.225601196289062,0.0765116885304451,0.12299177050590515
medium_40f_stride20:b6579cb5-0a71-4ca6-8808-1e2700be05c7__ep3:qa:48,b6579cb5-0a71-4ca6-8808-1e2700be05c7__ep3,ep3,test,1000,1039,12.53938102722168,11.674351692199707,0.048001982271671295,0.07056129723787308
medium_40f_stride20:b6579cb5-0a71-4ca6-8808-1e2700be05c7__ep3:qa:49,b6579cb5-0a71-4ca6-8808-1e2700be05c7__ep3,ep3,test,1020,1059,12.457334518432617,11.415810585021973,0.05514562129974365,0.0757393017411232
medium_40f_stride20:b6579cb5-0a71-4ca6-8808-1e2700be05c7__ep3:qa:50,b6579cb5-0a71-4ca6-8808-1e2700be05c7__ep3,ep3,test,1040,1079,12.481128692626953,12.405302047729492,0.04337437450885773,0.06257756054401398
medium_40f_stride20:b6579cb5-0a71-4ca6-8808-1e2700be05c7__ep3:qa:51,b6579cb5-0a71-4ca6-8808-1e2700be05c7__ep3,ep3,test,1060,1099,12.961771011352539,11.579527854919434,0.07665681838989258,0.10808727145195007
medium_40f_stride20:b6579cb5-0a71-4ca6-8808-1e2700be05c7__ep3:qa:52,b6579cb5-0a71-4ca6-8808-1e2700be05c7__ep3,ep3,test,1080,1119,13.302576065063477,11.135068893432617,0.08808372914791107,0.12255442142486572
medium_40f_stride20:b6579cb5-0a71-4ca6-8808-1e2700be05c7__ep3:qa:96,b6579cb5-0a71-4ca6-8808-1e2700be05c7__ep3,ep3,test,2000,2039,13.16625690460205,10.91794490814209,0.056424010545015335,0.09271367639303207
medium_40f_stride20:b6579cb5-0a71-4ca6-8808-1e2700be05c7__ep3:qa:97,b6579cb5-0a71-4ca6-8808-1e2700be05c7__ep3,ep3,test,2020,2059,12.873581886291504,11.578498840332031,0.0568903312087059,0.07579559832811356
medium_40f_stride20:b6579cb5-0a71-4ca6-8808-1e2700be05c7__ep3:qa:98,b6579cb5-0a71-4ca6-8808-1e2700be05c7__ep3,ep3,test,2040,2079,12.542917251586914,12.117905616760254,0.035734619945287704,0.056649357080459595
medium_40f_stride20:b6579cb5-0a71-4ca6-8808-1e2700be05c7__ep3:qa:99,b6579cb5-0a71-4ca6-8808-1e2700be05c7__ep3,ep3,test,2060,2099,12.382292747497559,12.19046688079834,0.04033604636788368,0.06324776262044907
medium_40f_stride20:b6579cb5-0a71-4ca6-8808-1e2700be05c7__ep3:qa:100,b6579cb5-0a71-4ca6-8808-1e2700be05c7__ep3,ep3,test,2080,2119,12.309538841247559,12.545570373535156,0.043119609355926514,0.07122219353914261
medium_40f_stride20:b6579cb5-0a71-4ca6-8808-1e2700be05c7__ep3:qa:101,b6579cb5-0a71-4ca6-8808-1e2700be05c7__ep3,ep3,test,2100,2139,12.5654878616333,11.615647315979004,0.06212720647454262,0.09422916173934937
medium_40f_stride20:b6579cb5-0a71-4ca6-8808-1e2700be05c7__ep3:qa:115,b6579cb5-0a71-4ca6-8808-1e2700be05c7__ep3,ep3,test,2400,2439,13.22546672821045,11.810900688171387,0.07980022579431534,0.1279381364583969
medium_40f_stride20:b6579cb5-0a71-4ca6-8808-1e2700be05c7__ep3:qa:116,b6579cb5-0a71-4ca6-8808-1e2700be05c7__ep3,ep3,test,2420,2459,12.733283996582031,11.41583251953125,0.10077454149723053,0.16360309720039368
medium_40f_stride20:b6579cb5-0a71-4ca6-8808-1e2700be05c7__ep3:qa:117,b6579cb5-0a71-4ca6-8808-1e2700be05c7__ep3,ep3,test,2440,2479,11.1755952835083,11.42447566986084,0.1370564103126526,0.24825513362884521
medium_40f_stride20:b6579cb5-0a71-4ca6-8808-1e2700be05c7__ep3:qa:118,b6579cb5-0a71-4ca6-8808-1e2700be05c7__ep3,ep3,test,2460,2499,11.687457084655762,10.526413917541504,0.13948941230773926,0.22039590775966644
medium_40f_stride20:b6579cb5-0a71-4ca6-8808-1e2700be05c7__ep3:qa:119,b6579cb5-0a71-4ca6-8808-1e2700be05c7__ep3,ep3,test,2480,2519,13.079593658447266,10.017579078674316,0.0989881232380867,0.14146162569522858
medium_40f_stride20:b6579cb5-0a71-4ca6-8808-1e2700be05c7__ep3:qa:120,b6579cb5-0a71-4ca6-8808-1e2700be05c7__ep3,ep3,test,2500,2539,12.659042358398438,11.197696685791016,0.07723933458328247,0.10489220172166824
medium_40f_stride20:b6579cb5-0a71-4ca6-8808-1e2700be05c7__ep3:qa:122,b6579cb5-0a71-4ca6-8808-1e2700be05c7__ep3,ep3,test,2560,2599,12.801414489746094,10.88296127319336,0.07067248225212097,0.09882651269435883
medium_40f_stride20:b6579cb5-0a71-4ca6-8808-1e2700be05c7__ep3:qa:123,b6579cb5-0a71-4ca6-8808-1e2700be05c7__ep3,ep3,test,2580,2619,13.115519523620605,11.694701194763184,0.05045464634895325,0.07791317254304886
medium_40f_stride20:b6579cb5-0a71-4ca6-8808-1e2700be05c7__ep3:qa:124,b6579cb5-0a71-4ca6-8808-1e2700be05c7__ep3,ep3,test,2600,2639,13.201285362243652,11.5711669921875,0.05791281536221504,0.08507979661226273
medium_40f_stride20:b6579cb5-0a71-4ca6-8808-1e2700be05c7__ep3:qa:125,b6579cb5-0a71-4ca6-8808-1e2700be05c7__ep3,ep3,test,2620,2659,13.309394836425781,10.725709915161133,0.06922116130590439,0.11173873394727707
medium_40f_stride20:b6579cb5-0a71-4ca6-8808-1e2700be05c7__ep3:qa:126,b6579cb5-0a71-4ca6-8808-1e2700be05c7__ep3,ep3,test,2640,2679,13.383657455444336,10.541296005249023,0.07619632035493851,0.122927226126194
medium_40f_stride20:b6579cb5-0a71-4ca6-8808-1e2700be05c7__ep3:qa:127,b6579cb5-0a71-4ca6-8808-1e2700be05c7__ep3,ep3,test,2660,2699,13.188165664672852,10.919642448425293,0.06647489964962006,0.0987352579832077
medium_40f_stride20:b6579cb5-0a71-4ca6-8808-1e2700be05c7__ep3:qa:143,b6579cb5-0a71-4ca6-8808-1e2700be05c7__ep3,ep3,test,3000,3039,12.91310977935791,11.794330596923828,0.0447332002222538,0.06602542102336884
medium_40f_stride20:b6579cb5-0a71-4ca6-8808-1e2700be05c7__ep3:qa:144,b6579cb5-0a71-4ca6-8808-1e2700be05c7__ep3,ep3,test,3020,3059,12.743616104125977,11.46857738494873,0.04358157515525818,0.06665903329849243
medium_40f_stride20:b6579cb5-0a71-4ca6-8808-1e2700be05c7__ep3:qa:145,b6579cb5-0a71-4ca6-8808-1e2700be05c7__ep3,ep3,test,3040,3079,12.74111557006836,11.384879112243652,0.04786233603954315,0.06989560276269913
medium_40f_stride20:b6579cb5-0a71-4ca6-8808-1e2700be05c7__ep3:qa:146,b6579cb5-0a71-4ca6-8808-1e2700be05c7__ep3,ep3,test,3060,3099,12.847746849060059,11.314006805419922,0.05690900236368179,0.07867201417684555
medium_40f_stride20:b6579cb5-0a71-4ca6-8808-1e2700be05c7__ep3:qa:147,b6579cb5-0a71-4ca6-8808-1e2700be05c7__ep3,ep3,test,3080,3119,13.029914855957031,10.842022895812988,0.06911817193031311,0.09909210354089737
medium_40f_stride20:b6579cb5-0a71-4ca6-8808-1e2700be05c7__ep3:qa:156,b6579cb5-0a71-4ca6-8808-1e2700be05c7__ep3,ep3,test,3280,3319,12.470332145690918,11.51257610321045,0.05154317244887352,0.06729312241077423
medium_40f_stride20:b6579cb5-0a71-4ca6-8808-1e2700be05c7__ep3:qa:157,b6579cb5-0a71-4ca6-8808-1e2700be05c7__ep3,ep3,test,3300,3339,12.395224571228027,11.620915412902832,0.07297062873840332,0.1145571619272232
medium_40f_stride20:b6579cb5-0a71-4ca6-8808-1e2700be05c7__ep3:qa:158,b6579cb5-0a71-4ca6-8808-1e2700be05c7__ep3,ep3,test,3320,3359,11.833836555480957,10.503520965576172,0.12828150391578674,0.20327511429786682
medium_40f_stride20:b6579cb5-0a71-4ca6-8808-1e2700be05c7__ep3:qa:159,b6579cb5-0a71-4ca6-8808-1e2700be05c7__ep3,ep3,test,3340,3379,9.950519561767578,10.338211059570312,0.12714995443820953,0.213253453373909
medium_40f_stride20:b6579cb5-0a71-4ca6-8808-1e2700be05c7__ep3:qa:160,b6579cb5-0a71-4ca6-8808-1e2700be05c7__ep3,ep3,test,3360,3399,10.088218688964844,11.595815658569336,0.11304821819067001,0.22908516228199005
medium_40f_stride20:b6579cb5-0a71-4ca6-8808-1e2700be05c7__ep3:qa:171,b6579cb5-0a71-4ca6-8808-1e2700be05c7__ep3,ep3,test,3600,3639,14.405760765075684,11.69237232208252,0.07979609817266464,0.11993900686502457
medium_40f_stride20:b6579cb5-0a71-4ca6-8808-1e2700be05c7__ep3:qa:172,b6579cb5-0a71-4ca6-8808-1e2700be05c7__ep3,ep3,test,3620,3659,14.392278671264648,11.787190437316895,0.08029643446207047,0.11998281627893448
medium_40f_stride20:b6579cb5-0a71-4ca6-8808-1e2700be05c7__ep3:qa:173,b6579cb5-0a71-4ca6-8808-1e2700be05c7__ep3,ep3,test,3640,3679,14.39842414855957,12.008308410644531,0.08245378732681274,0.12549275159835815
medium_40f_stride20:b6579cb5-0a71-4ca6-8808-1e2700be05c7__ep3:qa:174,b6579cb5-0a71-4ca6-8808-1e2700be05c7__ep3,ep3,test,3660,3699,14.319887161254883,11.237439155578613,0.10966861993074417,0.15967604517936707
medium_40f_stride20:b6579cb5-0a71-4ca6-8808-1e2700be05c7__ep3:qa:175,b6579cb5-0a71-4ca6-8808-1e2700be05c7__ep3,ep3,test,3680,3719,13.549320220947266,10.6826171875,0.10184874385595322,0.15061309933662415
medium_40f_stride20:b6579cb5-0a71-4ca6-8808-1e2700be05c7__ep3:qa:176,b6579cb5-0a71-4ca6-8808-1e2700be05c7__ep3,ep3,test,3700,3739,13.252943992614746,10.7789306640625,0.1918964684009552,0.3573223948478699
medium_40f_stride20:b6579cb5-0a71-4ca6-8808-1e2700be05c7__ep3:qa:190,b6579cb5-0a71-4ca6-8808-1e2700be05c7__ep3,ep3,test,4000,4039,13.393546104431152,11.74264144897461,0.05190142244100571,0.08390508592128754
medium_40f_stride20:b6579cb5-0a71-4ca6-8808-1e2700be05c7__ep3:qa:191,b6579cb5-0a71-4ca6-8808-1e2700be05c7__ep3,ep3,test,4020,4059,13.344075202941895,11.626143455505371,0.05064123496413231,0.08026832342147827
medium_40f_stride20:b6579cb5-0a71-4ca6-8808-1e2700be05c7__ep3:qa:192,b6579cb5-0a71-4ca6-8808-1e2700be05c7__ep3,ep3,test,4040,4079,13.291192054748535,11.667213439941406,0.05563981458544731,0.08191324025392532
medium_40f_stride20:b6579cb5-0a71-4ca6-8808-1e2700be05c7__ep3:qa:193,b6579cb5-0a71-4ca6-8808-1e2700be05c7__ep3,ep3,test,4060,4099,13.23338508605957,11.771646499633789,0.04711223766207695,0.07604561746120453
medium_40f_stride20:b6579cb5-0a71-4ca6-8808-1e2700be05c7__ep3:qa:194,b6579cb5-0a71-4ca6-8808-1e2700be05c7__ep3,ep3,test,4080,4119,13.351431846618652,11.552481651306152,0.05694827809929848,0.0906171202659607
medium_40f_stride20:b6579cb5-0a71-4ca6-8808-1e2700be05c7__ep3:qa:195,b6579cb5-0a71-4ca6-8808-1e2700be05c7__ep3,ep3,test,4100,4139,13.329635620117188,11.523189544677734,0.05436587706208229,0.08544141799211502
medium_40f_stride20:b6579cb5-0a71-4ca6-8808-1e2700be05c7__ep3:qa:201,b6579cb5-0a71-4ca6-8808-1e2700be05c7__ep3,ep3,test,4240,4279,12.944684982299805,12.00274658203125,0.04568194970488548,0.06792633980512619
medium_40f_stride20:b6579cb5-0a71-4ca6-8808-1e2700be05c7__ep3:qa:202,b6579cb5-0a71-4ca6-8808-1e2700be05c7__ep3,ep3,test,4260,4299,12.504219055175781,12.236762046813965,0.030119599774479866,0.04283031076192856
medium_40f_stride20:b6579cb5-0a71-4ca6-8808-1e2700be05c7__ep3:qa:203,b6579cb5-0a71-4ca6-8808-1e2700be05c7__ep3,ep3,test,4280,4319,12.487127304077148,11.895514488220215,0.028910866007208824,0.04147808626294136
medium_40f_stride20:b6579cb5-0a71-4ca6-8808-1e2700be05c7__ep3:qa:204,b6579cb5-0a71-4ca6-8808-1e2700be05c7__ep3,ep3,test,4300,4339,12.728062629699707,11.571733474731445,0.03764110058546066,0.05559306591749191
medium_40f_stride20:b6579cb5-0a71-4ca6-8808-1e2700be05c7__ep3:qa:205,b6579cb5-0a71-4ca6-8808-1e2700be05c7__ep3,ep3,test,4320,4359,12.791220664978027,11.405448913574219,0.05547959730029106,0.07763984054327011
medium_40f_stride20:b6579cb5-0a71-4ca6-8808-1e2700be05c7__ep3:qa:206,b6579cb5-0a71-4ca6-8808-1e2700be05c7__ep3,ep3,test,4340,4379,12.499109268188477,11.639540672302246,0.07061150670051575,0.10757926106452942
medium_40f_stride20:b6579cb5-0a71-4ca6-8808-1e2700be05c7__ep3:qa:208,b6579cb5-0a71-4ca6-8808-1e2700be05c7__ep3,ep3,test,4400,4439,12.582969665527344,10.951573371887207,0.0680810958147049,0.1052447110414505
medium_40f_stride20:b6579cb5-0a71-4ca6-8808-1e2700be05c7__ep3:qa:209,b6579cb5-0a71-4ca6-8808-1e2700be05c7__ep3,ep3,test,4420,4459,13.306831359863281,11.730416297912598,0.08548811823129654,0.12274584919214249
medium_40f_stride20:b6579cb5-0a71-4ca6-8808-1e2700be05c7__ep3:qa:210,b6579cb5-0a71-4ca6-8808-1e2700be05c7__ep3,ep3,test,4440,4479,13.398207664489746,11.574753761291504,0.06593087315559387,0.09645882993936539
medium_40f_stride20:b6579cb5-0a71-4ca6-8808-1e2700be05c7__ep3:qa:211,b6579cb5-0a71-4ca6-8808-1e2700be05c7__ep3,ep3,test,4460,4499,13.366324424743652,11.78020191192627,0.07753433287143707,0.11188290268182755
medium_40f_stride20:b6579cb5-0a71-4ca6-8808-1e2700be05c7__ep3:qa:212,b6579cb5-0a71-4ca6-8808-1e2700be05c7__ep3,ep3,test,4480,4519,13.333026885986328,11.788105010986328,0.06663994491100311,0.10069528967142105
medium_40f_stride20:b6579cb5-0a71-4ca6-8808-1e2700be05c7__ep3:qa:213,b6579cb5-0a71-4ca6-8808-1e2700be05c7__ep3,ep3,test,4500,4539,13.4664306640625,11.679829597473145,0.0615868978202343,0.09326120465993881
medium_40f_stride20:b6579cb5-0a71-4ca6-8808-1e2700be05c7__ep3:qa:219,b6579cb5-0a71-4ca6-8808-1e2700be05c7__ep3,ep3,test,4640,4679,13.15743637084961,11.816568374633789,0.052781637758016586,0.07972646504640579
medium_40f_stride20:b6579cb5-0a71-4ca6-8808-1e2700be05c7__ep3:qa:220,b6579cb5-0a71-4ca6-8808-1e2700be05c7__ep3,ep3,test,4660,4699,12.562299728393555,11.829805374145508,0.03747473657131195,0.05696101114153862
medium_40f_stride20:b6579cb5-0a71-4ca6-8808-1e2700be05c7__ep3:qa:221,b6579cb5-0a71-4ca6-8808-1e2700be05c7__ep3,ep3,test,4680,4719,13.494712829589844,11.774483680725098,0.07064825296401978,0.10599395632743835
medium_40f_stride20:b6579cb5-0a71-4ca6-8808-1e2700be05c7__ep3:qa:222,b6579cb5-0a71-4ca6-8808-1e2700be05c7__ep3,ep3,test,4700,4739,13.534380912780762,11.658246994018555,0.05948583036661148,0.08821295946836472
medium_40f_stride20:b6579cb5-0a71-4ca6-8808-1e2700be05c7__ep3:qa:223,b6579cb5-0a71-4ca6-8808-1e2700be05c7__ep3,ep3,test,4720,4759,13.743114471435547,11.258227348327637,0.07583829760551453,0.11493244022130966
medium_40f_stride20:b6579cb5-0a71-4ca6-8808-1e2700be05c7__ep3:qa:226,b6579cb5-0a71-4ca6-8808-1e2700be05c7__ep3,ep3,test,4800,4839,12.535764694213867,11.322317123413086,0.03480392321944237,0.05312662199139595
medium_40f_stride20:b6579cb5-0a71-4ca6-8808-1e2700be05c7__ep3:qa:227,b6579cb5-0a71-4ca6-8808-1e2700be05c7__ep3,ep3,test,4820,4859,13.116025924682617,10.960606575012207,0.06310493499040604,0.1001957356929779
medium_40f_stride20:b6579cb5-0a71-4ca6-8808-1e2700be05c7__ep3:qa:228,b6579cb5-0a71-4ca6-8808-1e2700be05c7__ep3,ep3,test,4840,4879,13.920466423034668,10.907937049865723,0.08519375324249268,0.13566087186336517
medium_40f_stride20:b6579cb5-0a71-4ca6-8808-1e2700be05c7__ep3:qa:229,b6579cb5-0a71-4ca6-8808-1e2700be05c7__ep3,ep3,test,4880,4919,12.62215518951416,10.551856994628906,0.10518860071897507,0.16906985640525818
medium_40f_stride20:b6579cb5-0a71-4ca6-8808-1e2700be05c7__ep3:qa:230,b6579cb5-0a71-4ca6-8808-1e2700be05c7__ep3,ep3,test,4900,4939,10.216538429260254,10.13119125366211,0.06813590228557587,0.0982118546962738
medium_40f_stride20:b6579cb5-0a71-4ca6-8808-1e2700be05c7__ep3:qa:231,b6579cb5-0a71-4ca6-8808-1e2700be05c7__ep3,ep3,test,4920,4959,11.802244186401367,9.81865119934082,0.11441861093044281,0.16408726572990417
medium_40f_stride20:b6579cb5-0a71-4ca6-8808-1e2700be05c7__ep3:qa:232,b6579cb5-0a71-4ca6-8808-1e2700be05c7__ep3,ep3,test,4940,4979,12.63083553314209,10.030035018920898,0.08593294024467468,0.13867515325546265
medium_40f_stride20:b6579cb5-0a71-4ca6-8808-1e2700be05c7__ep3:qa:233,b6579cb5-0a71-4ca6-8808-1e2700be05c7__ep3,ep3,test,4960,4999,13.467018127441406,10.391569137573242,0.10376883298158646,0.15082402527332306
medium_40f_stride20:b6579cb5-0a71-4ca6-8808-1e2700be05c7__ep3:qa:234,b6579cb5-0a71-4ca6-8808-1e2700be05c7__ep3,ep3,test,5000,5039,13.590241432189941,11.21175479888916,0.08518809080123901,0.1344425082206726
medium_40f_stride20:b6579cb5-0a71-4ca6-8808-1e2700be05c7__ep3:qa:235,b6579cb5-0a71-4ca6-8808-1e2700be05c7__ep3,ep3,test,5020,5059,13.448705673217773,11.27377700805664,0.07057800889015198,0.11484400928020477
medium_40f_stride20:b6579cb5-0a71-4ca6-8808-1e2700be05c7__ep3:qa:236,b6579cb5-0a71-4ca6-8808-1e2700be05c7__ep3,ep3,test,5040,5079,13.157877922058105,10.797534942626953,0.09148199111223221,0.1331094652414322
medium_40f_stride20:b6579cb5-0a71-4ca6-8808-1e2700be05c7__ep3:qa:237,b6579cb5-0a71-4ca6-8808-1e2700be05c7__ep3,ep3,test,5060,5099,13.198695182800293,10.609183311462402,0.08252472430467606,0.12117322534322739
medium_40f_stride20:b6579cb5-0a71-4ca6-8808-1e2700be05c7__ep3:qa:238,b6579cb5-0a71-4ca6-8808-1e2700be05c7__ep3,ep3,test,5080,5119,13.363118171691895,11.064772605895996,0.0611194372177124,0.0975966528058052
medium_40f_stride20:b6579cb5-0a71-4ca6-8808-1e2700be05c7__ep3:qa:239,b6579cb5-0a71-4ca6-8808-1e2700be05c7__ep3,ep3,test,5120,5159,13.088281631469727,11.614995956420898,0.050064075738191605,0.07830286026000977
medium_40f_stride20:b6579cb5-0a71-4ca6-8808-1e2700be05c7__ep3:qa:240,b6579cb5-0a71-4ca6-8808-1e2700be05c7__ep3,ep3,test,5140,5179,13.040488243103027,11.755867958068848,0.04512792080640793,0.07327624410390854
medium_40f_stride20:b6579cb5-0a71-4ca6-8808-1e2700be05c7__ep3:qa:241,b6579cb5-0a71-4ca6-8808-1e2700be05c7__ep3,ep3,test,5160,5199,13.121003150939941,11.692312240600586,0.05019399896264076,0.07743712514638901
medium_40f_stride20:b6579cb5-0a71-4ca6-8808-1e2700be05c7__ep3:qa:242,b6579cb5-0a71-4ca6-8808-1e2700be05c7__ep3,ep3,test,5180,5219,13.134367942810059,11.272651672363281,0.0506272055208683,0.08259490132331848
medium_40f_stride20:b6579cb5-0a71-4ca6-8808-1e2700be05c7__ep3:qa:243,b6579cb5-0a71-4ca6-8808-1e2700be05c7__ep3,ep3,test,5200,5239,13.191699028015137,11.324764251708984,0.057274047285318375,0.09108174592256546
medium_40f_stride20:b6579cb5-0a71-4ca6-8808-1e2700be05c7__ep3:qa:244,b6579cb5-0a71-4ca6-8808-1e2700be05c7__ep3,ep3,test,5220,5259,13.264172554016113,11.258111953735352,0.05978835001587868,0.09373675286769867
medium_40f_stride20:b6579cb5-0a71-4ca6-8808-1e2700be05c7__ep3:qa:246,b6579cb5-0a71-4ca6-8808-1e2700be05c7__ep3,ep3,test,5280,5319,13.428069114685059,11.351476669311523,0.059016261249780655,0.09942326694726944
medium_40f_stride20:b6579cb5-0a71-4ca6-8808-1e2700be05c7__ep3:qa:247,b6579cb5-0a71-4ca6-8808-1e2700be05c7__ep3,ep3,test,5300,5339,13.378060340881348,11.398317337036133,0.0634177103638649,0.10420475155115128
medium_40f_stride20:b6579cb5-0a71-4ca6-8808-1e2700be05c7__ep3:qa:248,b6579cb5-0a71-4ca6-8808-1e2700be05c7__ep3,ep3,test,5320,5359,13.438645362854004,11.342486381530762,0.07043521851301193,0.10910376161336899
medium_40f_stride20:b6579cb5-0a71-4ca6-8808-1e2700be05c7__ep3:qa:249,b6579cb5-0a71-4ca6-8808-1e2700be05c7__ep3,ep3,test,5340,5379,13.493836402893066,11.3027925491333,0.06683918833732605,0.10540708154439926
medium_40f_stride20:b6579cb5-0a71-4ca6-8808-1e2700be05c7__ep3:qa:250,b6579cb5-0a71-4ca6-8808-1e2700be05c7__ep3,ep3,test,5360,5399,13.311083793640137,11.384844779968262,0.06187957152724266,0.1034667044878006
long_80f_stride40:8a8e1b3c-607e-4ada-b3fd-fa639727e92c__ep1:qa:0,8a8e1b3c-607e-4ada-b3fd-fa639727e92c__ep1,ep1,test,0,79,13.587371826171875,9.74949836730957,0.12574610114097595,0.18686389923095703
long_80f_stride40:8a8e1b3c-607e-4ada-b3fd-fa639727e92c__ep1:qa:1,8a8e1b3c-607e-4ada-b3fd-fa639727e92c__ep1,ep1,test,40,119,15.416836738586426,8.708332061767578,0.1978093385696411,0.3152078092098236
long_80f_stride40:8a8e1b3c-607e-4ada-b3fd-fa639727e92c__ep1:qa:2,8a8e1b3c-607e-4ada-b3fd-fa639727e92c__ep1,ep1,test,80,159,14.29470157623291,8.011178016662598,0.21238747239112854,0.3129890561103821
long_80f_stride40:8a8e1b3c-607e-4ada-b3fd-fa639727e92c__ep1:qa:3,8a8e1b3c-607e-4ada-b3fd-fa639727e92c__ep1,ep1,test,120,199,14.14816951751709,8.920393943786621,0.28622883558273315,0.39772018790245056
long_80f_stride40:8a8e1b3c-607e-4ada-b3fd-fa639727e92c__ep1:qa:4,8a8e1b3c-607e-4ada-b3fd-fa639727e92c__ep1,ep1,test,160,239,14.637798309326172,9.998828887939453,0.22357839345932007,0.3111873269081116
long_80f_stride40:8a8e1b3c-607e-4ada-b3fd-fa639727e92c__ep1:qa:5,8a8e1b3c-607e-4ada-b3fd-fa639727e92c__ep1,ep1,test,200,279,17.81232261657715,12.607417106628418,0.268192857503891,0.37997114658355713
long_80f_stride40:8a8e1b3c-607e-4ada-b3fd-fa639727e92c__ep1:qa:6,8a8e1b3c-607e-4ada-b3fd-fa639727e92c__ep1,ep1,test,240,319,19.672571182250977,8.783825874328613,0.3269496262073517,0.47142884135246277
long_80f_stride40:8a8e1b3c-607e-4ada-b3fd-fa639727e92c__ep1:qa:7,8a8e1b3c-607e-4ada-b3fd-fa639727e92c__ep1,ep1,test,280,359,21.582698822021484,10.997056007385254,0.3062790632247925,0.549108624458313
long_80f_stride40:8a8e1b3c-607e-4ada-b3fd-fa639727e92c__ep1:qa:8,8a8e1b3c-607e-4ada-b3fd-fa639727e92c__ep1,ep1,test,320,399,20.97184944152832,10.914973258972168,0.40007010102272034,0.5940390229225159
long_80f_stride40:8a8e1b3c-607e-4ada-b3fd-fa639727e92c__ep1:qa:9,8a8e1b3c-607e-4ada-b3fd-fa639727e92c__ep1,ep1,test,400,479,17.585180282592773,10.40083122253418,0.33177223801612854,0.5149067640304565
long_80f_stride40:8a8e1b3c-607e-4ada-b3fd-fa639727e92c__ep1:qa:10,8a8e1b3c-607e-4ada-b3fd-fa639727e92c__ep1,ep1,test,440,519,23.46755027770996,9.679524421691895,0.44521161913871765,0.6646900773048401
long_80f_stride40:8a8e1b3c-607e-4ada-b3fd-fa639727e92c__ep1:qa:11,8a8e1b3c-607e-4ada-b3fd-fa639727e92c__ep1,ep1,test,480,559,24.793682098388672,10.355183601379395,0.41955849528312683,0.6877788305282593
long_80f_stride40:8a8e1b3c-607e-4ada-b3fd-fa639727e92c__ep1:qa:12,8a8e1b3c-607e-4ada-b3fd-fa639727e92c__ep1,ep1,test,520,599,25.239425659179688,11.039702415466309,0.4312797486782074,0.7615883350372314
long_80f_stride40:8a8e1b3c-607e-4ada-b3fd-fa639727e92c__ep1:qa:13,8a8e1b3c-607e-4ada-b3fd-fa639727e92c__ep1,ep1,test,560,639,24.490449905395508,10.23043155670166,0.4247530698776245,0.7244486808776855
long_80f_stride40:8a8e1b3c-607e-4ada-b3fd-fa639727e92c__ep1:qa:14,8a8e1b3c-607e-4ada-b3fd-fa639727e92c__ep1,ep1,test,600,679,24.054916381835938,10.415663719177246,0.40376704931259155,0.7084476947784424
long_80f_stride40:8a8e1b3c-607e-4ada-b3fd-fa639727e92c__ep1:qa:15,8a8e1b3c-607e-4ada-b3fd-fa639727e92c__ep1,ep1,test,640,719,23.765316009521484,11.023303985595703,0.3419235050678253,0.5662206411361694
long_80f_stride40:8a8e1b3c-607e-4ada-b3fd-fa639727e92c__ep1:qa:16,8a8e1b3c-607e-4ada-b3fd-fa639727e92c__ep1,ep1,test,680,759,22.02642250061035,8.841499328613281,0.33475831151008606,0.5095272660255432
long_80f_stride40:8a8e1b3c-607e-4ada-b3fd-fa639727e92c__ep1:qa:20,8a8e1b3c-607e-4ada-b3fd-fa639727e92c__ep1,ep1,test,920,999,24.06632423400879,9.633761405944824,0.3941974937915802,0.6522981524467468
long_80f_stride40:8a8e1b3c-607e-4ada-b3fd-fa639727e92c__ep1:qa:21,8a8e1b3c-607e-4ada-b3fd-fa639727e92c__ep1,ep1,test,1000,1079,23.41276741027832,9.553400039672852,0.40265417098999023,0.606289803981781
long_80f_stride40:8a8e1b3c-607e-4ada-b3fd-fa639727e92c__ep1:qa:22,8a8e1b3c-607e-4ada-b3fd-fa639727e92c__ep1,ep1,test,1040,1119,23.319454193115234,10.386025428771973,0.38668227195739746,0.5423458218574524
long_80f_stride40:8a8e1b3c-607e-4ada-b3fd-fa639727e92c__ep1:qa:23,8a8e1b3c-607e-4ada-b3fd-fa639727e92c__ep1,ep1,test,1080,1159,23.87420654296875,8.70789909362793,0.39719030261039734,0.6253578662872314
long_80f_stride40:8a8e1b3c-607e-4ada-b3fd-fa639727e92c__ep1:qa:24,8a8e1b3c-607e-4ada-b3fd-fa639727e92c__ep1,ep1,test,1120,1199,19.690031051635742,8.699451446533203,0.3108656704425812,0.49844756722450256
long_80f_stride40:8a8e1b3c-607e-4ada-b3fd-fa639727e92c__ep1:qa:25,8a8e1b3c-607e-4ada-b3fd-fa639727e92c__ep1,ep1,test,1160,1239,14.74264144897461,9.54394817352295,0.25975149869918823,0.37363263964653015
long_80f_stride40:8a8e1b3c-607e-4ada-b3fd-fa639727e92c__ep1:qa:26,8a8e1b3c-607e-4ada-b3fd-fa639727e92c__ep1,ep1,test,1240,1319,15.873791694641113,8.761465072631836,0.3314974904060364,0.47987860441207886
long_80f_stride40:8a8e1b3c-607e-4ada-b3fd-fa639727e92c__ep1:qa:27,8a8e1b3c-607e-4ada-b3fd-fa639727e92c__ep1,ep1,test,1280,1359,16.75921058654785,10.15735149383545,0.3528335690498352,0.5434656739234924
long_80f_stride40:8a8e1b3c-607e-4ada-b3fd-fa639727e92c__ep1:qa:28,8a8e1b3c-607e-4ada-b3fd-fa639727e92c__ep1,ep1,test,1320,1399,15.697928428649902,8.766034126281738,0.26025620102882385,0.3695647418498993
long_80f_stride40:8a8e1b3c-607e-4ada-b3fd-fa639727e92c__ep1:qa:29,8a8e1b3c-607e-4ada-b3fd-fa639727e92c__ep1,ep1,test,1400,1479,12.75199031829834,11.361124992370605,0.19403277337551117,0.2861039340496063
long_80f_stride40:8a8e1b3c-607e-4ada-b3fd-fa639727e92c__ep1:qa:30,8a8e1b3c-607e-4ada-b3fd-fa639727e92c__ep1,ep1,test,1440,1519,16.314804077148438,10.818045616149902,0.2915034592151642,0.4288736581802368
long_80f_stride40:8a8e1b3c-607e-4ada-b3fd-fa639727e92c__ep1:qa:31,8a8e1b3c-607e-4ada-b3fd-fa639727e92c__ep1,ep1,test,1480,1559,16.367582321166992,10.112403869628906,0.35688722133636475,0.48377037048339844
long_80f_stride40:8a8e1b3c-607e-4ada-b3fd-fa639727e92c__ep1:qa:32,8a8e1b3c-607e-4ada-b3fd-fa639727e92c__ep1,ep1,test,1520,1599,17.915679931640625,9.418169975280762,0.3462369441986084,0.5088703036308289
long_80f_stride40:8a8e1b3c-607e-4ada-b3fd-fa639727e92c__ep1:qa:33,8a8e1b3c-607e-4ada-b3fd-fa639727e92c__ep1,ep1,test,1560,1639,16.622661590576172,9.897782325744629,0.3380180299282074,0.47943779826164246
long_80f_stride40:8a8e1b3c-607e-4ada-b3fd-fa639727e92c__ep1:qa:34,8a8e1b3c-607e-4ada-b3fd-fa639727e92c__ep1,ep1,test,1600,1679,0.0,10.50922966003418,0.23803913593292236,0.3538641631603241
long_80f_stride40:8a8e1b3c-607e-4ada-b3fd-fa639727e92c__ep1:qa:35,8a8e1b3c-607e-4ada-b3fd-fa639727e92c__ep1,ep1,test,1640,1719,12.124356269836426,10.457025527954102,0.25735393166542053,0.38109877705574036
long_80f_stride40:8a8e1b3c-607e-4ada-b3fd-fa639727e92c__ep1:qa:36,8a8e1b3c-607e-4ada-b3fd-fa639727e92c__ep1,ep1,test,1680,1759,12.53443717956543,9.761492729187012,0.18871766328811646,0.2696588933467865
long_80f_stride40:8a8e1b3c-607e-4ada-b3fd-fa639727e92c__ep1:qa:37,8a8e1b3c-607e-4ada-b3fd-fa639727e92c__ep1,ep1,test,1720,1799,9.136445999145508,10.393389701843262,0.10673495382070541,0.16955967247486115
long_80f_stride40:8a8e1b3c-607e-4ada-b3fd-fa639727e92c__ep1:qa:38,8a8e1b3c-607e-4ada-b3fd-fa639727e92c__ep1,ep1,test,1800,1879,8.034149169921875,9.66830062866211,0.11526256054639816,0.152609184384346
long_80f_stride40:8a8e1b3c-607e-4ada-b3fd-fa639727e92c__ep1:qa:39,8a8e1b3c-607e-4ada-b3fd-fa639727e92c__ep1,ep1,test,1840,1919,7.916304588317871,9.271921157836914,0.07473640888929367,0.09762998670339584
long_80f_stride40:8a8e1b3c-607e-4ada-b3fd-fa639727e92c__ep1:qa:40,8a8e1b3c-607e-4ada-b3fd-fa639727e92c__ep1,ep1,test,1880,1959,8.133771896362305,10.04854965209961,0.08313591778278351,0.12411106377840042
long_80f_stride40:8a8e1b3c-607e-4ada-b3fd-fa639727e92c__ep1:qa:41,8a8e1b3c-607e-4ada-b3fd-fa639727e92c__ep1,ep1,test,1920,1999,8.186223983764648,10.507107734680176,0.07126617431640625,0.10865567624568939
long_80f_stride40:8a8e1b3c-607e-4ada-b3fd-fa639727e92c__ep1:qa:42,8a8e1b3c-607e-4ada-b3fd-fa639727e92c__ep1,ep1,test,2000,2079,7.964007377624512,10.985739707946777,0.08529745787382126,0.12461971491575241
long_80f_stride40:8a8e1b3c-607e-4ada-b3fd-fa639727e92c__ep1:qa:43,8a8e1b3c-607e-4ada-b3fd-fa639727e92c__ep1,ep1,test,2040,2119,8.047672271728516,9.9937744140625,0.10427543520927429,0.14793264865875244
long_80f_stride40:8a8e1b3c-607e-4ada-b3fd-fa639727e92c__ep1:qa:44,8a8e1b3c-607e-4ada-b3fd-fa639727e92c__ep1,ep1,test,2080,2159,14.851049423217773,9.402273178100586,0.18188953399658203,0.27572762966156006
long_80f_stride40:8a8e1b3c-607e-4ada-b3fd-fa639727e92c__ep1:qa:45,8a8e1b3c-607e-4ada-b3fd-fa639727e92c__ep1,ep1,test,2120,2199,16.812246322631836,6.916565895080566,0.2606963813304901,0.3960968255996704
long_80f_stride40:8a8e1b3c-607e-4ada-b3fd-fa639727e92c__ep1:qa:46,8a8e1b3c-607e-4ada-b3fd-fa639727e92c__ep1,ep1,test,2160,2239,20.475475311279297,7.825978755950928,0.33957234025001526,0.4993695914745331
long_80f_stride40:8a8e1b3c-607e-4ada-b3fd-fa639727e92c__ep1:qa:47,8a8e1b3c-607e-4ada-b3fd-fa639727e92c__ep1,ep1,test,2200,2279,23.897241592407227,8.127276420593262,0.41936397552490234,0.6330680847167969
long_80f_stride40:8a8e1b3c-607e-4ada-b3fd-fa639727e92c__ep1:qa:48,8a8e1b3c-607e-4ada-b3fd-fa639727e92c__ep1,ep1,test,2240,2319,26.266101837158203,8.327435493469238,0.4436829686164856,0.7525654435157776
long_80f_stride40:8a8e1b3c-607e-4ada-b3fd-fa639727e92c__ep1:qa:49,8a8e1b3c-607e-4ada-b3fd-fa639727e92c__ep1,ep1,test,2280,2359,25.36989402770996,8.644462585449219,0.466499388217926,0.698269248008728
long_80f_stride40:8a8e1b3c-607e-4ada-b3fd-fa639727e92c__ep1:qa:50,8a8e1b3c-607e-4ada-b3fd-fa639727e92c__ep1,ep1,test,2320,2399,21.13670539855957,7.986945629119873,0.37622055411338806,0.543954074382782
long_80f_stride40:8a8e1b3c-607e-4ada-b3fd-fa639727e92c__ep1:qa:51,8a8e1b3c-607e-4ada-b3fd-fa639727e92c__ep1,ep1,test,2400,2479,23.014484405517578,9.594152450561523,0.40556567907333374,0.6414774656295776
long_80f_stride40:8a8e1b3c-607e-4ada-b3fd-fa639727e92c__ep1:qa:52,8a8e1b3c-607e-4ada-b3fd-fa639727e92c__ep1,ep1,test,2440,2519,20.65190887451172,11.572696685791016,0.5342053771018982,0.803796112537384
long_80f_stride40:8a8e1b3c-607e-4ada-b3fd-fa639727e92c__ep1:qa:53,8a8e1b3c-607e-4ada-b3fd-fa639727e92c__ep1,ep1,test,2520,2599,19.764419555664062,8.237019538879395,0.45691850781440735,0.6618510484695435
long_80f_stride40:8a8e1b3c-607e-4ada-b3fd-fa639727e92c__ep1:qa:54,8a8e1b3c-607e-4ada-b3fd-fa639727e92c__ep1,ep1,test,2560,2639,19.334135055541992,9.77504825592041,0.452786922454834,0.6620792150497437
long_80f_stride40:8a8e1b3c-607e-4ada-b3fd-fa639727e92c__ep1:qa:55,8a8e1b3c-607e-4ada-b3fd-fa639727e92c__ep1,ep1,test,2600,2679,19.103315353393555,9.620811462402344,0.43100279569625854,0.601404070854187
long_80f_stride40:8a8e1b3c-607e-4ada-b3fd-fa639727e92c__ep1:qa:56,8a8e1b3c-607e-4ada-b3fd-fa639727e92c__ep1,ep1,test,2680,2759,0.0,10.680987358093262,0.22785377502441406,0.3596475422382355
long_80f_stride40:8a8e1b3c-607e-4ada-b3fd-fa639727e92c__ep1:qa:57,8a8e1b3c-607e-4ada-b3fd-fa639727e92c__ep1,ep1,test,2720,2799,0.0,11.403291702270508,0.22585803270339966,0.3839688301086426
long_80f_stride40:8a8e1b3c-607e-4ada-b3fd-fa639727e92c__ep1:qa:58,8a8e1b3c-607e-4ada-b3fd-fa639727e92c__ep1,ep1,test,2800,2879,0.0,9.415297508239746,0.22255580127239227,0.31702956557273865
long_80f_stride40:8a8e1b3c-607e-4ada-b3fd-fa639727e92c__ep1:qa:59,8a8e1b3c-607e-4ada-b3fd-fa639727e92c__ep1,ep1,test,2840,2919,11.242539405822754,7.075253009796143,0.17643852531909943,0.27644869685173035
long_80f_stride40:8a8e1b3c-607e-4ada-b3fd-fa639727e92c__ep1:qa:60,8a8e1b3c-607e-4ada-b3fd-fa639727e92c__ep1,ep1,test,2880,2959,13.426682472229004,8.009672164916992,0.23715589940547943,0.3303978145122528
long_80f_stride40:8a8e1b3c-607e-4ada-b3fd-fa639727e92c__ep1:qa:61,8a8e1b3c-607e-4ada-b3fd-fa639727e92c__ep1,ep1,test,2920,2999,12.819459915161133,8.312082290649414,0.22180971503257751,0.32441338896751404
long_80f_stride40:8a8e1b3c-607e-4ada-b3fd-fa639727e92c__ep1:qa:62,8a8e1b3c-607e-4ada-b3fd-fa639727e92c__ep1,ep1,test,3000,3079,12.213561058044434,8.181838035583496,0.23727989196777344,0.3518758714199066
long_80f_stride40:8a8e1b3c-607e-4ada-b3fd-fa639727e92c__ep1:qa:63,8a8e1b3c-607e-4ada-b3fd-fa639727e92c__ep1,ep1,test,3040,3119,0.0,7.699116230010986,0.17374582588672638,0.2592427432537079
long_80f_stride40:8a8e1b3c-607e-4ada-b3fd-fa639727e92c__ep1:qa:64,8a8e1b3c-607e-4ada-b3fd-fa639727e92c__ep1,ep1,test,3120,3199,32.09640121459961,8.415271759033203,0.6222096085548401,1.0115588903427124
long_80f_stride40:8a8e1b3c-607e-4ada-b3fd-fa639727e92c__ep1:qa:65,8a8e1b3c-607e-4ada-b3fd-fa639727e92c__ep1,ep1,test,3160,3239,32.66905212402344,12.06751537322998,0.6670202612876892,1.008512020111084
long_80f_stride40:8a8e1b3c-607e-4ada-b3fd-fa639727e92c__ep1:qa:66,8a8e1b3c-607e-4ada-b3fd-fa639727e92c__ep1,ep1,test,3200,3279,31.5020694732666,12.23867130279541,0.664129912853241,1.0218719244003296
long_80f_stride40:8a8e1b3c-607e-4ada-b3fd-fa639727e92c__ep1:qa:67,8a8e1b3c-607e-4ada-b3fd-fa639727e92c__ep1,ep1,test,3240,3319,25.82332992553711,8.986658096313477,0.46474602818489075,0.7687151432037354
long_80f_stride40:8a8e1b3c-607e-4ada-b3fd-fa639727e92c__ep1:qa:68,8a8e1b3c-607e-4ada-b3fd-fa639727e92c__ep1,ep1,test,3320,3399,15.588504791259766,11.003661155700684,0.21060898900032043,0.3621443808078766
long_80f_stride40:8a8e1b3c-607e-4ada-b3fd-fa639727e92c__ep1:qa:69,8a8e1b3c-607e-4ada-b3fd-fa639727e92c__ep1,ep1,test,3400,3479,14.21834659576416,8.656210899353027,0.24922321736812592,0.416037380695343
long_80f_stride40:8a8e1b3c-607e-4ada-b3fd-fa639727e92c__ep1:qa:70,8a8e1b3c-607e-4ada-b3fd-fa639727e92c__ep1,ep1,test,3440,3519,16.783645629882812,7.915448188781738,0.2838176190853119,0.45422694087028503
long_80f_stride40:8a8e1b3c-607e-4ada-b3fd-fa639727e92c__ep1:qa:71,8a8e1b3c-607e-4ada-b3fd-fa639727e92c__ep1,ep1,test,3480,3559,17.654443740844727,8.020472526550293,0.2727002203464508,0.410358190536499
long_80f_stride40:8a8e1b3c-607e-4ada-b3fd-fa639727e92c__ep1:qa:72,8a8e1b3c-607e-4ada-b3fd-fa639727e92c__ep1,ep1,test,3520,3599,18.063201904296875,8.924455642700195,0.19215050339698792,0.33879655599594116
long_80f_stride40:8a8e1b3c-607e-4ada-b3fd-fa639727e92c__ep1:qa:73,8a8e1b3c-607e-4ada-b3fd-fa639727e92c__ep1,ep1,test,3560,3639,17.248029708862305,8.823835372924805,0.21148322522640228,0.33007630705833435
long_80f_stride40:8a8e1b3c-607e-4ada-b3fd-fa639727e92c__ep1:qa:74,8a8e1b3c-607e-4ada-b3fd-fa639727e92c__ep1,ep1,test,3600,3679,17.360504150390625,9.19451904296875,0.2065643072128296,0.33096450567245483
long_80f_stride40:8a8e1b3c-607e-4ada-b3fd-fa639727e92c__ep1:qa:75,8a8e1b3c-607e-4ada-b3fd-fa639727e92c__ep1,ep1,test,3680,3759,17.11111831665039,7.777675628662109,0.2578534185886383,0.4695684015750885
long_80f_stride40:8a8e1b3c-607e-4ada-b3fd-fa639727e92c__ep1:qa:76,8a8e1b3c-607e-4ada-b3fd-fa639727e92c__ep1,ep1,test,3720,3799,11.286446571350098,8.587644577026367,0.22205352783203125,0.35811275243759155
long_80f_stride40:8a8e1b3c-607e-4ada-b3fd-fa639727e92c__ep1:qa:77,8a8e1b3c-607e-4ada-b3fd-fa639727e92c__ep1,ep1,test,3760,3839,0.0,9.759157180786133,0.18038854002952576,0.3286079168319702
long_80f_stride40:8a8e1b3c-607e-4ada-b3fd-fa639727e92c__ep1:qa:78,8a8e1b3c-607e-4ada-b3fd-fa639727e92c__ep1,ep1,test,3840,3919,0.0,9.859231948852539,0.16204550862312317,0.33197763562202454
long_80f_stride40:8a8e1b3c-607e-4ada-b3fd-fa639727e92c__ep1:qa:79,8a8e1b3c-607e-4ada-b3fd-fa639727e92c__ep1,ep1,test,3880,3959,0.0,9.966920852661133,0.178712397813797,0.3356037139892578
long_80f_stride40:8a8e1b3c-607e-4ada-b3fd-fa639727e92c__ep1:qa:80,8a8e1b3c-607e-4ada-b3fd-fa639727e92c__ep1,ep1,test,3920,3999,17.64311408996582,9.46981143951416,0.25536873936653137,0.4660193622112274
long_80f_stride40:8a8e1b3c-607e-4ada-b3fd-fa639727e92c__ep1:qa:81,8a8e1b3c-607e-4ada-b3fd-fa639727e92c__ep1,ep1,test,4000,4079,17.028247833251953,10.43291187286377,0.23395730555057526,0.34862807393074036
long_80f_stride40:8a8e1b3c-607e-4ada-b3fd-fa639727e92c__ep1:qa:82,8a8e1b3c-607e-4ada-b3fd-fa639727e92c__ep1,ep1,test,4080,4159,16.455774307250977,8.159744262695312,0.27591830492019653,0.43855831027030945
long_80f_stride40:8a8e1b3c-607e-4ada-b3fd-fa639727e92c__ep1:qa:83,8a8e1b3c-607e-4ada-b3fd-fa639727e92c__ep1,ep1,test,4120,4199,14.050562858581543,10.500004768371582,0.27058354020118713,0.41461580991744995
long_80f_stride40:8a8e1b3c-607e-4ada-b3fd-fa639727e92c__ep1:qa:84,8a8e1b3c-607e-4ada-b3fd-fa639727e92c__ep1,ep1,test,4160,4239,0.0,10.252121925354004,0.19528229534626007,0.3452068865299225
long_80f_stride40:8a8e1b3c-607e-4ada-b3fd-fa639727e92c__ep1:qa:85,8a8e1b3c-607e-4ada-b3fd-fa639727e92c__ep1,ep1,test,4240,4319,16.27644157409668,10.97565746307373,0.26742151379585266,0.3900284469127655
long_80f_stride40:8a8e1b3c-607e-4ada-b3fd-fa639727e92c__ep1:qa:86,8a8e1b3c-607e-4ada-b3fd-fa639727e92c__ep1,ep1,test,4280,4359,15.901293754577637,8.491312026977539,0.256881445646286,0.3629032075405121
long_80f_stride40:8a8e1b3c-607e-4ada-b3fd-fa639727e92c__ep1:qa:87,8a8e1b3c-607e-4ada-b3fd-fa639727e92c__ep1,ep1,test,4320,4399,15.315642356872559,6.673054218292236,0.25049006938934326,0.35632550716400146
long_80f_stride40:8a8e1b3c-607e-4ada-b3fd-fa639727e92c__ep1:qa:88,8a8e1b3c-607e-4ada-b3fd-fa639727e92c__ep1,ep1,test,4400,4479,16.79157829284668,7.291182994842529,0.29462888836860657,0.4353569746017456
long_80f_stride40:8a8e1b3c-607e-4ada-b3fd-fa639727e92c__ep1:qa:89,8a8e1b3c-607e-4ada-b3fd-fa639727e92c__ep1,ep1,test,4480,4559,23.610002517700195,9.591815948486328,0.42174673080444336,0.6226711273193359
long_80f_stride40:8a8e1b3c-607e-4ada-b3fd-fa639727e92c__ep1:qa:90,8a8e1b3c-607e-4ada-b3fd-fa639727e92c__ep1,ep1,test,4520,4599,23.26753807067871,10.597468376159668,0.435403436422348,0.666122555732727
long_80f_stride40:8a8e1b3c-607e-4ada-b3fd-fa639727e92c__ep1:qa:91,8a8e1b3c-607e-4ada-b3fd-fa639727e92c__ep1,ep1,test,4560,4639,25.90742301940918,9.603121757507324,0.459861695766449,0.7317174077033997
long_80f_stride40:8a8e1b3c-607e-4ada-b3fd-fa639727e92c__ep1:qa:92,8a8e1b3c-607e-4ada-b3fd-fa639727e92c__ep1,ep1,test,4640,4719,0.0,8.186051368713379,0.19196823239326477,0.2756386995315552
long_80f_stride40:8a8e1b3c-607e-4ada-b3fd-fa639727e92c__ep1:qa:93,8a8e1b3c-607e-4ada-b3fd-fa639727e92c__ep1,ep1,test,4720,4799,0.0,6.7199387550354,0.16042308509349823,0.2262721061706543
long_80f_stride40:8a8e1b3c-607e-4ada-b3fd-fa639727e92c__ep1:qa:94,8a8e1b3c-607e-4ada-b3fd-fa639727e92c__ep1,ep1,test,4800,4879,0.0,9.044163703918457,0.1913301944732666,0.30453285574913025
long_80f_stride40:8a8e1b3c-607e-4ada-b3fd-fa639727e92c__ep1:qa:95,8a8e1b3c-607e-4ada-b3fd-fa639727e92c__ep1,ep1,test,4880,4959,0.0,7.4506330490112305,0.1641692817211151,0.250875860452652
long_80f_stride40:8a8e1b3c-607e-4ada-b3fd-fa639727e92c__ep1:qa:96,8a8e1b3c-607e-4ada-b3fd-fa639727e92c__ep1,ep1,test,4920,4999,0.0,8.954463958740234,0.18363428115844727,0.3015124797821045
long_80f_stride40:8a8e1b3c-607e-4ada-b3fd-fa639727e92c__ep1:qa:97,8a8e1b3c-607e-4ada-b3fd-fa639727e92c__ep1,ep1,test,4960,5039,0.0,10.026521682739258,0.1997300386428833,0.33761054277420044
long_80f_stride40:8a8e1b3c-607e-4ada-b3fd-fa639727e92c__ep1:qa:98,8a8e1b3c-607e-4ada-b3fd-fa639727e92c__ep1,ep1,test,5000,5079,0.0,10.743868827819824,0.24407793581485748,0.36176490783691406
long_80f_stride40:a1012a57-385e-45a9-8a59-694a26fe92a5__ep1:qa:0,a1012a57-385e-45a9-8a59-694a26fe92a5__ep1,ep1,test,0,79,13.249161720275879,10.444929122924805,0.09533326327800751,0.15248361229896545
long_80f_stride40:a1012a57-385e-45a9-8a59-694a26fe92a5__ep1:qa:1,a1012a57-385e-45a9-8a59-694a26fe92a5__ep1,ep1,test,40,119,14.269673347473145,11.706009864807129,0.12092535197734833,0.1743631511926651
long_80f_stride40:a1012a57-385e-45a9-8a59-694a26fe92a5__ep1:qa:2,a1012a57-385e-45a9-8a59-694a26fe92a5__ep1,ep1,test,80,159,13.181060791015625,11.617141723632812,0.15715575218200684,0.22969278693199158
long_80f_stride40:a1012a57-385e-45a9-8a59-694a26fe92a5__ep1:qa:3,a1012a57-385e-45a9-8a59-694a26fe92a5__ep1,ep1,test,120,199,14.210121154785156,10.879049301147461,0.2116764634847641,0.27593883872032166
long_80f_stride40:a1012a57-385e-45a9-8a59-694a26fe92a5__ep1:qa:4,a1012a57-385e-45a9-8a59-694a26fe92a5__ep1,ep1,test,160,239,16.797794342041016,9.85607624053955,0.24142731726169586,0.33053314685821533
long_80f_stride40:a1012a57-385e-45a9-8a59-694a26fe92a5__ep1:qa:5,a1012a57-385e-45a9-8a59-694a26fe92a5__ep1,ep1,test,240,319,17.46846580505371,12.85519790649414,0.39225485920906067,0.5218243598937988
long_80f_stride40:a1012a57-385e-45a9-8a59-694a26fe92a5__ep1:qa:6,a1012a57-385e-45a9-8a59-694a26fe92a5__ep1,ep1,test,280,359,16.242948532104492,9.67420768737793,0.28442904353141785,0.40776774287223816
long_80f_stride40:a1012a57-385e-45a9-8a59-694a26fe92a5__ep1:qa:7,a1012a57-385e-45a9-8a59-694a26fe92a5__ep1,ep1,test,400,479,16.938838958740234,10.278950691223145,0.19491498172283173,0.311984658241272
long_80f_stride40:a1012a57-385e-45a9-8a59-694a26fe92a5__ep1:qa:8,a1012a57-385e-45a9-8a59-694a26fe92a5__ep1,ep1,test,440,519,17.164743423461914,10.253273010253906,0.2444170117378235,0.35842645168304443
long_80f_stride40:a1012a57-385e-45a9-8a59-694a26fe92a5__ep1:qa:9,a1012a57-385e-45a9-8a59-694a26fe92a5__ep1,ep1,test,480,559,17.008731842041016,11.428985595703125,0.2439158409833908,0.366950124502182
long_80f_stride40:a1012a57-385e-45a9-8a59-694a26fe92a5__ep1:qa:10,a1012a57-385e-45a9-8a59-694a26fe92a5__ep1,ep1,test,520,599,17.11928939819336,11.27410888671875,0.2532176971435547,0.3601979911327362
long_80f_stride40:a1012a57-385e-45a9-8a59-694a26fe92a5__ep1:qa:11,a1012a57-385e-45a9-8a59-694a26fe92a5__ep1,ep1,test,560,639,16.646528244018555,11.181930541992188,0.23448768258094788,0.3308916687965393
long_80f_stride40:a1012a57-385e-45a9-8a59-694a26fe92a5__ep1:qa:12,a1012a57-385e-45a9-8a59-694a26fe92a5__ep1,ep1,test,600,679,15.973322868347168,11.494346618652344,0.22253213822841644,0.3070586919784546
long_80f_stride40:a1012a57-385e-45a9-8a59-694a26fe92a5__ep1:qa:13,a1012a57-385e-45a9-8a59-694a26fe92a5__ep1,ep1,test,640,719,16.510944366455078,11.071495056152344,0.17428848147392273,0.2458091676235199
long_80f_stride40:a1012a57-385e-45a9-8a59-694a26fe92a5__ep1:qa:14,a1012a57-385e-45a9-8a59-694a26fe92a5__ep1,ep1,test,680,759,16.66080093383789,11.049554824829102,0.16776002943515778,0.2457876205444336
long_80f_stride40:a1012a57-385e-45a9-8a59-694a26fe92a5__ep1:qa:15,a1012a57-385e-45a9-8a59-694a26fe92a5__ep1,ep1,test,720,799,16.09276008605957,10.496129035949707,0.16731621325016022,0.24908269941806793
long_80f_stride40:a1012a57-385e-45a9-8a59-694a26fe92a5__ep1:qa:16,a1012a57-385e-45a9-8a59-694a26fe92a5__ep1,ep1,test,760,839,15.662128448486328,9.92557430267334,0.19015973806381226,0.27604708075523376
long_80f_stride40:a1012a57-385e-45a9-8a59-694a26fe92a5__ep1:qa:17,a1012a57-385e-45a9-8a59-694a26fe92a5__ep1,ep1,test,800,879,15.113961219787598,9.317749977111816,0.1841558963060379,0.2705115079879761
long_80f_stride40:a1012a57-385e-45a9-8a59-694a26fe92a5__ep1:qa:18,a1012a57-385e-45a9-8a59-694a26fe92a5__ep1,ep1,test,840,919,14.28010082244873,9.947768211364746,0.1613205075263977,0.22761043906211853
long_80f_stride40:a1012a57-385e-45a9-8a59-694a26fe92a5__ep1:qa:19,a1012a57-385e-45a9-8a59-694a26fe92a5__ep1,ep1,test,880,959,14.94331169128418,11.19472885131836,0.16294659674167633,0.22424626350402832
long_80f_stride40:a1012a57-385e-45a9-8a59-694a26fe92a5__ep1:qa:20,a1012a57-385e-45a9-8a59-694a26fe92a5__ep1,ep1,test,920,999,15.56690502166748,10.59907341003418,0.15734852850437164,0.22085769474506378
long_80f_stride40:a1012a57-385e-45a9-8a59-694a26fe92a5__ep1:qa:21,a1012a57-385e-45a9-8a59-694a26fe92a5__ep1,ep1,test,960,1039,15.519664764404297,10.415725708007812,0.1215561181306839,0.19454199075698853
long_80f_stride40:a1012a57-385e-45a9-8a59-694a26fe92a5__ep1:qa:22,a1012a57-385e-45a9-8a59-694a26fe92a5__ep1,ep1,test,1000,1079,14.460904121398926,10.563066482543945,0.2291334867477417,0.3782530725002289
long_80f_stride40:a1012a57-385e-45a9-8a59-694a26fe92a5__ep1:qa:23,a1012a57-385e-45a9-8a59-694a26fe92a5__ep1,ep1,test,1040,1119,11.810540199279785,9.810234069824219,0.17118415236473083,0.24979142844676971
long_80f_stride40:a1012a57-385e-45a9-8a59-694a26fe92a5__ep1:qa:24,a1012a57-385e-45a9-8a59-694a26fe92a5__ep1,ep1,test,1080,1159,14.445308685302734,9.614910125732422,0.20186364650726318,0.33302879333496094
long_80f_stride40:a1012a57-385e-45a9-8a59-694a26fe92a5__ep1:qa:25,a1012a57-385e-45a9-8a59-694a26fe92a5__ep1,ep1,test,1120,1199,14.165802955627441,9.383570671081543,0.12531939148902893,0.1866602748632431
long_80f_stride40:a1012a57-385e-45a9-8a59-694a26fe92a5__ep1:qa:26,a1012a57-385e-45a9-8a59-694a26fe92a5__ep1,ep1,test,1160,1239,15.040480613708496,9.973932266235352,0.14767780900001526,0.21851998567581177
long_80f_stride40:a1012a57-385e-45a9-8a59-694a26fe92a5__ep1:qa:27,a1012a57-385e-45a9-8a59-694a26fe92a5__ep1,ep1,test,1200,1279,14.944734573364258,10.324252128601074,0.11864997446537018,0.18587493896484375
long_80f_stride40:a1012a57-385e-45a9-8a59-694a26fe92a5__ep1:qa:28,a1012a57-385e-45a9-8a59-694a26fe92a5__ep1,ep1,test,1240,1319,14.706247329711914,9.217901229858398,0.12742206454277039,0.20427773892879486
long_80f_stride40:a1012a57-385e-45a9-8a59-694a26fe92a5__ep1:qa:29,a1012a57-385e-45a9-8a59-694a26fe92a5__ep1,ep1,test,1280,1359,14.373339653015137,10.320507049560547,0.11305420845746994,0.1725727617740631
long_80f_stride40:a1012a57-385e-45a9-8a59-694a26fe92a5__ep1:qa:30,a1012a57-385e-45a9-8a59-694a26fe92a5__ep1,ep1,test,1320,1399,14.92658519744873,10.561753273010254,0.129896879196167,0.19309069216251373
long_80f_stride40:a1012a57-385e-45a9-8a59-694a26fe92a5__ep1:qa:31,a1012a57-385e-45a9-8a59-694a26fe92a5__ep1,ep1,test,1360,1439,15.667193412780762,10.251514434814453,0.2099081128835678,0.37622499465942383
long_80f_stride40:a1012a57-385e-45a9-8a59-694a26fe92a5__ep1:qa:32,a1012a57-385e-45a9-8a59-694a26fe92a5__ep1,ep1,test,1400,1479,12.20241641998291,10.174239158630371,0.13847115635871887,0.2196604460477829
long_80f_stride40:a1012a57-385e-45a9-8a59-694a26fe92a5__ep1:qa:33,a1012a57-385e-45a9-8a59-694a26fe92a5__ep1,ep1,test,1440,1519,14.338929176330566,10.432534217834473,0.10871034115552902,0.17099329829216003
long_80f_stride40:a1012a57-385e-45a9-8a59-694a26fe92a5__ep1:qa:34,a1012a57-385e-45a9-8a59-694a26fe92a5__ep1,ep1,test,1480,1559,15.115118026733398,10.331650733947754,0.1126527190208435,0.18370826542377472
long_80f_stride40:a1012a57-385e-45a9-8a59-694a26fe92a5__ep1:qa:35,a1012a57-385e-45a9-8a59-694a26fe92a5__ep1,ep1,test,1520,1599,16.289634704589844,12.095295906066895,0.19550390541553497,0.28614315390586853
long_80f_stride40:a1012a57-385e-45a9-8a59-694a26fe92a5__ep1:qa:36,a1012a57-385e-45a9-8a59-694a26fe92a5__ep1,ep1,test,1560,1639,16.525522232055664,12.18920612335205,0.18311120569705963,0.26526376605033875
long_80f_stride40:a1012a57-385e-45a9-8a59-694a26fe92a5__ep1:qa:37,a1012a57-385e-45a9-8a59-694a26fe92a5__ep1,ep1,test,1600,1679,18.262676239013672,11.404974937438965,0.25265219807624817,0.3566841781139374
long_80f_stride40:a1012a57-385e-45a9-8a59-694a26fe92a5__ep1:qa:38,a1012a57-385e-45a9-8a59-694a26fe92a5__ep1,ep1,test,1640,1719,16.220417022705078,9.977665901184082,0.16043470799922943,0.25075918436050415
long_80f_stride40:a1012a57-385e-45a9-8a59-694a26fe92a5__ep1:qa:39,a1012a57-385e-45a9-8a59-694a26fe92a5__ep1,ep1,test,1680,1759,16.408960342407227,9.359785079956055,0.16919022798538208,0.2795242667198181
long_80f_stride40:a1012a57-385e-45a9-8a59-694a26fe92a5__ep1:qa:40,a1012a57-385e-45a9-8a59-694a26fe92a5__ep1,ep1,test,1720,1799,16.397581100463867,9.391858100891113,0.1640929877758026,0.2786879539489746
long_80f_stride40:a1012a57-385e-45a9-8a59-694a26fe92a5__ep1:qa:41,a1012a57-385e-45a9-8a59-694a26fe92a5__ep1,ep1,test,1760,1839,16.235258102416992,10.021156311035156,0.16294588148593903,0.2519586980342865
long_80f_stride40:a1012a57-385e-45a9-8a59-694a26fe92a5__ep1:qa:42,a1012a57-385e-45a9-8a59-694a26fe92a5__ep1,ep1,test,1800,1879,14.848264694213867,9.948973655700684,0.1245255246758461,0.20202937722206116
long_80f_stride40:a1012a57-385e-45a9-8a59-694a26fe92a5__ep1:qa:43,a1012a57-385e-45a9-8a59-694a26fe92a5__ep1,ep1,test,1840,1919,14.514068603515625,10.219319343566895,0.11809009313583374,0.19006969034671783
long_80f_stride40:a1012a57-385e-45a9-8a59-694a26fe92a5__ep1:qa:44,a1012a57-385e-45a9-8a59-694a26fe92a5__ep1,ep1,test,1880,1959,15.075252532958984,10.340697288513184,0.11935551464557648,0.2012312412261963
long_80f_stride40:a1012a57-385e-45a9-8a59-694a26fe92a5__ep1:qa:45,a1012a57-385e-45a9-8a59-694a26fe92a5__ep1,ep1,test,1920,1999,15.225318908691406,10.083600997924805,0.12318626046180725,0.1974695771932602
long_80f_stride40:a1012a57-385e-45a9-8a59-694a26fe92a5__ep1:qa:46,a1012a57-385e-45a9-8a59-694a26fe92a5__ep1,ep1,test,1960,2039,14.286219596862793,9.896846771240234,0.10038070380687714,0.16908018290996552
long_80f_stride40:a1012a57-385e-45a9-8a59-694a26fe92a5__ep1:qa:47,a1012a57-385e-45a9-8a59-694a26fe92a5__ep1,ep1,test,2000,2079,14.28072452545166,9.664462089538574,0.11917773634195328,0.18960770964622498
long_80f_stride40:a1012a57-385e-45a9-8a59-694a26fe92a5__ep1:qa:48,a1012a57-385e-45a9-8a59-694a26fe92a5__ep1,ep1,test,2040,2119,14.07207202911377,8.174201965332031,0.14183299243450165,0.22187577188014984
long_80f_stride40:a1012a57-385e-45a9-8a59-694a26fe92a5__ep1:qa:49,a1012a57-385e-45a9-8a59-694a26fe92a5__ep1,ep1,test,2080,2159,13.886748313903809,7.889093399047852,0.13311222195625305,0.21743501722812653
long_80f_stride40:a1012a57-385e-45a9-8a59-694a26fe92a5__ep1:qa:50,a1012a57-385e-45a9-8a59-694a26fe92a5__ep1,ep1,test,2120,2199,14.421989440917969,8.725526809692383,0.13312338292598724,0.2150309532880783
long_80f_stride40:a1012a57-385e-45a9-8a59-694a26fe92a5__ep1:qa:51,a1012a57-385e-45a9-8a59-694a26fe92a5__ep1,ep1,test,2160,2239,15.311606407165527,9.248416900634766,0.22852322459220886,0.3611811101436615
long_80f_stride40:a1012a57-385e-45a9-8a59-694a26fe92a5__ep1:qa:52,a1012a57-385e-45a9-8a59-694a26fe92a5__ep1,ep1,test,2200,2279,13.781412124633789,9.721617698669434,0.26125454902648926,0.3913715183734894
long_80f_stride40:a1012a57-385e-45a9-8a59-694a26fe92a5__ep1:qa:53,a1012a57-385e-45a9-8a59-694a26fe92a5__ep1,ep1,test,2240,2319,0.0,9.717247009277344,0.19993716478347778,0.32719674706459045
long_80f_stride40:a1012a57-385e-45a9-8a59-694a26fe92a5__ep1:qa:54,a1012a57-385e-45a9-8a59-694a26fe92a5__ep1,ep1,test,2280,2359,0.0,9.011945724487305,0.18395304679870605,0.30344799160957336
long_80f_stride40:a1012a57-385e-45a9-8a59-694a26fe92a5__ep1:qa:55,a1012a57-385e-45a9-8a59-694a26fe92a5__ep1,ep1,test,2320,2399,0.0,8.921442985534668,0.17907510697841644,0.30040058493614197
long_80f_stride40:a1012a57-385e-45a9-8a59-694a26fe92a5__ep1:qa:56,a1012a57-385e-45a9-8a59-694a26fe92a5__ep1,ep1,test,2360,2439,0.0,9.702914237976074,0.196921244263649,0.3267141282558441
long_80f_stride40:a1012a57-385e-45a9-8a59-694a26fe92a5__ep1:qa:57,a1012a57-385e-45a9-8a59-694a26fe92a5__ep1,ep1,test,2400,2479,0.0,9.329344749450684,0.19981428980827332,0.3141353726387024
long_80f_stride40:a1012a57-385e-45a9-8a59-694a26fe92a5__ep1:qa:58,a1012a57-385e-45a9-8a59-694a26fe92a5__ep1,ep1,test,2440,2519,11.331713676452637,11.642448425292969,0.2641003429889679,0.3846695125102997
long_80f_stride40:a1012a57-385e-45a9-8a59-694a26fe92a5__ep1:qa:59,a1012a57-385e-45a9-8a59-694a26fe92a5__ep1,ep1,test,2480,2559,15.049783706665039,11.039036750793457,0.26415708661079407,0.41181010007858276
long_80f_stride40:a1012a57-385e-45a9-8a59-694a26fe92a5__ep1:qa:60,a1012a57-385e-45a9-8a59-694a26fe92a5__ep1,ep1,test,2520,2599,15.787029266357422,10.529438018798828,0.21087968349456787,0.29011261463165283
long_80f_stride40:a1012a57-385e-45a9-8a59-694a26fe92a5__ep1:qa:61,a1012a57-385e-45a9-8a59-694a26fe92a5__ep1,ep1,test,2560,2639,16.985431671142578,11.033291816711426,0.17761455476284027,0.256412148475647
long_80f_stride40:a1012a57-385e-45a9-8a59-694a26fe92a5__ep1:qa:62,a1012a57-385e-45a9-8a59-694a26fe92a5__ep1,ep1,test,2600,2679,16.437976837158203,11.608466148376465,0.12624125182628632,0.18816667795181274
long_80f_stride40:a1012a57-385e-45a9-8a59-694a26fe92a5__ep1:qa:63,a1012a57-385e-45a9-8a59-694a26fe92a5__ep1,ep1,test,2640,2719,16.06498146057129,11.311469078063965,0.1042524054646492,0.17369860410690308
long_80f_stride40:a1012a57-385e-45a9-8a59-694a26fe92a5__ep1:qa:64,a1012a57-385e-45a9-8a59-694a26fe92a5__ep1,ep1,test,2680,2759,15.963400840759277,9.76524543762207,0.1755722165107727,0.2554151713848114
long_80f_stride40:a1012a57-385e-45a9-8a59-694a26fe92a5__ep1:qa:65,a1012a57-385e-45a9-8a59-694a26fe92a5__ep1,ep1,test,2720,2799,16.109472274780273,8.313958168029785,0.22317805886268616,0.31750917434692383
long_80f_stride40:a1012a57-385e-45a9-8a59-694a26fe92a5__ep1:qa:66,a1012a57-385e-45a9-8a59-694a26fe92a5__ep1,ep1,test,2760,2839,16.13896369934082,7.29360818862915,0.2176263928413391,0.33101579546928406
long_80f_stride40:a1012a57-385e-45a9-8a59-694a26fe92a5__ep1:qa:67,a1012a57-385e-45a9-8a59-694a26fe92a5__ep1,ep1,test,2800,2879,16.62228775024414,7.162105560302734,0.20945370197296143,0.3350790739059448
long_80f_stride40:a1012a57-385e-45a9-8a59-694a26fe92a5__ep1:qa:68,a1012a57-385e-45a9-8a59-694a26fe92a5__ep1,ep1,test,2840,2919,16.587404251098633,9.851730346679688,0.16198180615901947,0.24864932894706726
long_80f_stride40:a1012a57-385e-45a9-8a59-694a26fe92a5__ep1:qa:69,a1012a57-385e-45a9-8a59-694a26fe92a5__ep1,ep1,test,2880,2959,15.901065826416016,12.134661674499512,0.08696241676807404,0.1562524437904358
long_80f_stride40:a1012a57-385e-45a9-8a59-694a26fe92a5__ep1:qa:70,a1012a57-385e-45a9-8a59-694a26fe92a5__ep1,ep1,test,2920,2999,16.442182540893555,11.631247520446777,0.1441878080368042,0.2209329754114151
long_80f_stride40:a1012a57-385e-45a9-8a59-694a26fe92a5__ep1:qa:71,a1012a57-385e-45a9-8a59-694a26fe92a5__ep1,ep1,test,2960,3039,16.66824722290039,11.510180473327637,0.14418184757232666,0.21701580286026
long_80f_stride40:a1012a57-385e-45a9-8a59-694a26fe92a5__ep1:qa:72,a1012a57-385e-45a9-8a59-694a26fe92a5__ep1,ep1,test,3000,3079,16.464990615844727,11.482619285583496,0.12467295676469803,0.1992827206850052
long_80f_stride40:a1012a57-385e-45a9-8a59-694a26fe92a5__ep1:qa:73,a1012a57-385e-45a9-8a59-694a26fe92a5__ep1,ep1,test,3040,3119,16.468549728393555,11.342995643615723,0.12436928600072861,0.19751940667629242
long_80f_stride40:a1012a57-385e-45a9-8a59-694a26fe92a5__ep1:qa:74,a1012a57-385e-45a9-8a59-694a26fe92a5__ep1,ep1,test,3080,3159,16.099124908447266,11.007664680480957,0.11681541055440903,0.19066186249256134
long_80f_stride40:a1012a57-385e-45a9-8a59-694a26fe92a5__ep1:qa:75,a1012a57-385e-45a9-8a59-694a26fe92a5__ep1,ep1,test,3120,3199,15.598169326782227,10.46023941040039,0.12165220081806183,0.19286595284938812
long_80f_stride40:a1012a57-385e-45a9-8a59-694a26fe92a5__ep1:qa:76,a1012a57-385e-45a9-8a59-694a26fe92a5__ep1,ep1,test,3160,3239,15.12641716003418,10.20958423614502,0.11713270843029022,0.19003257155418396
long_80f_stride40:a1012a57-385e-45a9-8a59-694a26fe92a5__ep1:qa:77,a1012a57-385e-45a9-8a59-694a26fe92a5__ep1,ep1,test,3200,3279,15.05899429321289,10.12143611907959,0.10844243317842484,0.1900954246520996
long_80f_stride40:a1012a57-385e-45a9-8a59-694a26fe92a5__ep1:qa:78,a1012a57-385e-45a9-8a59-694a26fe92a5__ep1,ep1,test,3240,3319,15.21585750579834,9.513012886047363,0.17298823595046997,0.2426072508096695
long_80f_stride40:a1012a57-385e-45a9-8a59-694a26fe92a5__ep1:qa:79,a1012a57-385e-45a9-8a59-694a26fe92a5__ep1,ep1,test,3280,3359,15.145028114318848,9.523726463317871,0.1630982756614685,0.23230411112308502
long_80f_stride40:a1012a57-385e-45a9-8a59-694a26fe92a5__ep1:qa:80,a1012a57-385e-45a9-8a59-694a26fe92a5__ep1,ep1,test,3320,3399,14.769336700439453,10.156171798706055,0.10509274899959564,0.17649978399276733
long_80f_stride40:a1012a57-385e-45a9-8a59-694a26fe92a5__ep1:qa:81,a1012a57-385e-45a9-8a59-694a26fe92a5__ep1,ep1,test,3360,3439,14.399807929992676,10.067109107971191,0.13352757692337036,0.19439123570919037
long_80f_stride40:a1012a57-385e-45a9-8a59-694a26fe92a5__ep1:qa:82,a1012a57-385e-45a9-8a59-694a26fe92a5__ep1,ep1,test,3400,3479,14.292088508605957,9.883424758911133,0.13778632879257202,0.20069824159145355
long_80f_stride40:a1012a57-385e-45a9-8a59-694a26fe92a5__ep1:qa:83,a1012a57-385e-45a9-8a59-694a26fe92a5__ep1,ep1,test,3440,3519,14.581979751586914,9.564139366149902,0.17676594853401184,0.2498554140329361
long_80f_stride40:a1012a57-385e-45a9-8a59-694a26fe92a5__ep1:qa:84,a1012a57-385e-45a9-8a59-694a26fe92a5__ep1,ep1,test,3480,3559,14.622014999389648,9.482565879821777,0.17869719862937927,0.2605896592140198
long_80f_stride40:a1012a57-385e-45a9-8a59-694a26fe92a5__ep1:qa:85,a1012a57-385e-45a9-8a59-694a26fe92a5__ep1,ep1,test,3520,3599,14.54606819152832,9.525864601135254,0.16163116693496704,0.25296011567115784
long_80f_stride40:a1012a57-385e-45a9-8a59-694a26fe92a5__ep1:qa:86,a1012a57-385e-45a9-8a59-694a26fe92a5__ep1,ep1,test,3560,3639,14.45472526550293,8.833661079406738,0.19766899943351746,0.2790563106536865
long_80f_stride40:a1012a57-385e-45a9-8a59-694a26fe92a5__ep1:qa:121,a1012a57-385e-45a9-8a59-694a26fe92a5__ep1,ep1,test,5000,5079,14.454322814941406,10.748817443847656,0.08931931853294373,0.15003550052642822
long_80f_stride40:a1012a57-385e-45a9-8a59-694a26fe92a5__ep1:qa:122,a1012a57-385e-45a9-8a59-694a26fe92a5__ep1,ep1,test,5040,5119,14.342020034790039,10.293673515319824,0.09813176095485687,0.16500739753246307
long_80f_stride40:a1012a57-385e-45a9-8a59-694a26fe92a5__ep1:qa:123,a1012a57-385e-45a9-8a59-694a26fe92a5__ep1,ep1,test,5080,5159,13.295053482055664,9.9657564163208,0.08100908249616623,0.1398998647928238
long_80f_stride40:a1012a57-385e-45a9-8a59-694a26fe92a5__ep1:qa:124,a1012a57-385e-45a9-8a59-694a26fe92a5__ep1,ep1,test,5120,5199,13.16585636138916,9.779180526733398,0.09707286208868027,0.15822312235832214
long_80f_stride40:a1012a57-385e-45a9-8a59-694a26fe92a5__ep1:qa:125,a1012a57-385e-45a9-8a59-694a26fe92a5__ep1,ep1,test,5160,5239,12.77642822265625,10.265708923339844,0.11352447420358658,0.1586747020483017
long_80f_stride40:a1012a57-385e-45a9-8a59-694a26fe92a5__ep1:qa:126,a1012a57-385e-45a9-8a59-694a26fe92a5__ep1,ep1,test,5200,5279,13.254671096801758,9.976679801940918,0.12983395159244537,0.19391587376594543
long_80f_stride40:a1012a57-385e-45a9-8a59-694a26fe92a5__ep1:qa:127,a1012a57-385e-45a9-8a59-694a26fe92a5__ep1,ep1,test,5240,5319,12.976975440979004,9.176558494567871,0.1986064612865448,0.32083967328071594
long_80f_stride40:a1012a57-385e-45a9-8a59-694a26fe92a5__ep1:qa:128,a1012a57-385e-45a9-8a59-694a26fe92a5__ep1,ep1,test,5280,5359,11.974259376525879,8.972522735595703,0.2198144495487213,0.33395880460739136
long_80f_stride40:a1012a57-385e-45a9-8a59-694a26fe92a5__ep1:qa:129,a1012a57-385e-45a9-8a59-694a26fe92a5__ep1,ep1,test,5320,5399,0.0,8.813872337341309,0.16840298473834991,0.29677850008010864
long_80f_stride40:33f7ae08-ac1d-4321-9cb9-eca79016b359__ep1:qa:0,33f7ae08-ac1d-4321-9cb9-eca79016b359__ep1,ep1,test,0,79,0.0,11.312359809875488,0.253994345664978,0.38090693950653076
long_80f_stride40:33f7ae08-ac1d-4321-9cb9-eca79016b359__ep1:qa:1,33f7ae08-ac1d-4321-9cb9-eca79016b359__ep1,ep1,test,40,119,0.0,8.636058807373047,0.19874490797519684,0.29079121351242065
long_80f_stride40:33f7ae08-ac1d-4321-9cb9-eca79016b359__ep1:qa:2,33f7ae08-ac1d-4321-9cb9-eca79016b359__ep1,ep1,test,80,159,0.0,9.043485641479492,0.20933453738689423,0.3045100271701813
long_80f_stride40:33f7ae08-ac1d-4321-9cb9-eca79016b359__ep1:qa:3,33f7ae08-ac1d-4321-9cb9-eca79016b359__ep1,ep1,test,120,199,0.0,9.291603088378906,0.21811451017856598,0.3128645420074463
long_80f_stride40:33f7ae08-ac1d-4321-9cb9-eca79016b359__ep1:qa:4,33f7ae08-ac1d-4321-9cb9-eca79016b359__ep1,ep1,test,160,239,0.0,9.390923500061035,0.21198321878910065,0.3162088394165039
long_80f_stride40:33f7ae08-ac1d-4321-9cb9-eca79016b359__ep1:qa:5,33f7ae08-ac1d-4321-9cb9-eca79016b359__ep1,ep1,test,200,279,0.0,8.879145622253418,0.18009689450263977,0.2989763915538788
long_80f_stride40:33f7ae08-ac1d-4321-9cb9-eca79016b359__ep1:qa:6,33f7ae08-ac1d-4321-9cb9-eca79016b359__ep1,ep1,test,240,319,0.0,9.778801918029785,0.20829690992832184,0.3292694091796875
long_80f_stride40:33f7ae08-ac1d-4321-9cb9-eca79016b359__ep1:qa:7,33f7ae08-ac1d-4321-9cb9-eca79016b359__ep1,ep1,test,320,399,0.0,9.150463104248047,0.1877138465642929,0.30811214447021484
long_80f_stride40:33f7ae08-ac1d-4321-9cb9-eca79016b359__ep1:qa:8,33f7ae08-ac1d-4321-9cb9-eca79016b359__ep1,ep1,test,400,479,0.0,11.046798706054688,0.20013976097106934,0.37196508049964905
long_80f_stride40:33f7ae08-ac1d-4321-9cb9-eca79016b359__ep1:qa:9,33f7ae08-ac1d-4321-9cb9-eca79016b359__ep1,ep1,test,440,519,0.0,10.291464805603027,0.18606625497341156,0.3465316593647003
long_80f_stride40:33f7ae08-ac1d-4321-9cb9-eca79016b359__ep1:qa:10,33f7ae08-ac1d-4321-9cb9-eca79016b359__ep1,ep1,test,480,559,0.0,9.411751747131348,0.16456106305122375,0.31691014766693115
long_80f_stride40:33f7ae08-ac1d-4321-9cb9-eca79016b359__ep1:qa:11,33f7ae08-ac1d-4321-9cb9-eca79016b359__ep1,ep1,test,520,599,36.73236846923828,18.64718246459961,1.0304030179977417,1.4599114656448364
long_80f_stride40:33f7ae08-ac1d-4321-9cb9-eca79016b359__ep1:qa:12,33f7ae08-ac1d-4321-9cb9-eca79016b359__ep1,ep1,test,560,639,40.134246826171875,17.121110916137695,1.0378485918045044,1.5095207691192627
long_80f_stride40:33f7ae08-ac1d-4321-9cb9-eca79016b359__ep1:qa:13,33f7ae08-ac1d-4321-9cb9-eca79016b359__ep1,ep1,test,600,679,39.788002014160156,8.972734451293945,0.6968625783920288,1.1750050783157349
long_80f_stride40:33f7ae08-ac1d-4321-9cb9-eca79016b359__ep1:qa:14,33f7ae08-ac1d-4321-9cb9-eca79016b359__ep1,ep1,test,640,719,40.26029968261719,11.42078971862793,0.717738687992096,1.2141860723495483
long_80f_stride40:33f7ae08-ac1d-4321-9cb9-eca79016b359__ep1:qa:15,33f7ae08-ac1d-4321-9cb9-eca79016b359__ep1,ep1,test,680,759,40.843936920166016,11.693365097045898,0.7388920187950134,1.28726065158844
long_80f_stride40:33f7ae08-ac1d-4321-9cb9-eca79016b359__ep1:qa:16,33f7ae08-ac1d-4321-9cb9-eca79016b359__ep1,ep1,test,720,799,40.94435119628906,12.153911590576172,0.7162173986434937,1.279186725616455
long_80f_stride40:33f7ae08-ac1d-4321-9cb9-eca79016b359__ep1:qa:17,33f7ae08-ac1d-4321-9cb9-eca79016b359__ep1,ep1,test,760,839,41.18267059326172,12.116073608398438,0.7091900110244751,1.272504448890686
long_80f_stride40:33f7ae08-ac1d-4321-9cb9-eca79016b359__ep1:qa:20,33f7ae08-ac1d-4321-9cb9-eca79016b359__ep1,ep1,test,920,999,39.14468765258789,10.388211250305176,0.800593376159668,1.1836122274398804
long_80f_stride40:33f7ae08-ac1d-4321-9cb9-eca79016b359__ep1:qa:21,33f7ae08-ac1d-4321-9cb9-eca79016b359__ep1,ep1,test,1000,1079,35.19955062866211,10.118573188781738,0.6168192028999329,0.9987944960594177
long_80f_stride40:33f7ae08-ac1d-4321-9cb9-eca79016b359__ep1:qa:22,33f7ae08-ac1d-4321-9cb9-eca79016b359__ep1,ep1,test,1040,1119,26.35386085510254,10.47285270690918,0.4187220633029938,0.7605406641960144
long_80f_stride40:33f7ae08-ac1d-4321-9cb9-eca79016b359__ep1:qa:23,33f7ae08-ac1d-4321-9cb9-eca79016b359__ep1,ep1,test,1080,1159,14.290889739990234,11.305154800415039,0.2462892085313797,0.38891229033470154
long_80f_stride40:33f7ae08-ac1d-4321-9cb9-eca79016b359__ep1:qa:24,33f7ae08-ac1d-4321-9cb9-eca79016b359__ep1,ep1,test,1160,1239,29.080867767333984,10.92527961730957,0.46727705001831055,0.7203090190887451
long_80f_stride40:33f7ae08-ac1d-4321-9cb9-eca79016b359__ep1:qa:25,33f7ae08-ac1d-4321-9cb9-eca79016b359__ep1,ep1,test,1200,1279,31.45269775390625,9.83049201965332,0.5897939205169678,0.9341176152229309
long_80f_stride40:33f7ae08-ac1d-4321-9cb9-eca79016b359__ep1:qa:26,33f7ae08-ac1d-4321-9cb9-eca79016b359__ep1,ep1,test,1280,1359,27.342369079589844,8.59370231628418,0.48934686183929443,0.8180974721908569
long_80f_stride40:33f7ae08-ac1d-4321-9cb9-eca79016b359__ep1:qa:27,33f7ae08-ac1d-4321-9cb9-eca79016b359__ep1,ep1,test,1320,1399,0.0,17.080778121948242,0.3958394527435303,0.5751397013664246
long_80f_stride40:33f7ae08-ac1d-4321-9cb9-eca79016b359__ep1:qa:28,33f7ae08-ac1d-4321-9cb9-eca79016b359__ep1,ep1,test,1400,1479,0.0,9.53465747833252,0.22333334386348724,0.32104864716529846
long_80f_stride40:33f7ae08-ac1d-4321-9cb9-eca79016b359__ep1:qa:29,33f7ae08-ac1d-4321-9cb9-eca79016b359__ep1,ep1,test,1440,1519,0.0,7.432705879211426,0.1714084893465042,0.2502722144126892
long_80f_stride40:33f7ae08-ac1d-4321-9cb9-eca79016b359__ep1:qa:30,33f7ae08-ac1d-4321-9cb9-eca79016b359__ep1,ep1,test,1520,1599,26.80320930480957,7.824595928192139,0.4491112232208252,0.7325407862663269
long_80f_stride40:33f7ae08-ac1d-4321-9cb9-eca79016b359__ep1:qa:31,33f7ae08-ac1d-4321-9cb9-eca79016b359__ep1,ep1,test,1560,1639,26.63288116455078,7.020796298980713,0.4144170880317688,0.7194505333900452
long_80f_stride40:33f7ae08-ac1d-4321-9cb9-eca79016b359__ep1:qa:32,33f7ae08-ac1d-4321-9cb9-eca79016b359__ep1,ep1,test,1600,1679,26.667404174804688,8.382719993591309,0.376620352268219,0.6519672870635986
long_80f_stride40:33f7ae08-ac1d-4321-9cb9-eca79016b359__ep1:qa:33,33f7ae08-ac1d-4321-9cb9-eca79016b359__ep1,ep1,test,1640,1719,22.739315032958984,7.793082237243652,0.3324873745441437,0.5773491263389587
long_80f_stride40:33f7ae08-ac1d-4321-9cb9-eca79016b359__ep1:qa:34,33f7ae08-ac1d-4321-9cb9-eca79016b359__ep1,ep1,test,1680,1759,22.534496307373047,7.03320837020874,0.3242039382457733,0.5773442387580872
long_80f_stride40:33f7ae08-ac1d-4321-9cb9-eca79016b359__ep1:qa:35,33f7ae08-ac1d-4321-9cb9-eca79016b359__ep1,ep1,test,1720,1799,25.817712783813477,7.189406871795654,0.3857380151748657,0.6735029816627502
long_80f_stride40:33f7ae08-ac1d-4321-9cb9-eca79016b359__ep1:qa:36,33f7ae08-ac1d-4321-9cb9-eca79016b359__ep1,ep1,test,1760,1839,26.17351722717285,7.558656215667725,0.3996003568172455,0.6717740893363953
long_80f_stride40:33f7ae08-ac1d-4321-9cb9-eca79016b359__ep1:qa:37,33f7ae08-ac1d-4321-9cb9-eca79016b359__ep1,ep1,test,1800,1879,22.884157180786133,7.854986667633057,0.33239731192588806,0.5741872191429138
long_80f_stride40:33f7ae08-ac1d-4321-9cb9-eca79016b359__ep1:qa:38,33f7ae08-ac1d-4321-9cb9-eca79016b359__ep1,ep1,test,1840,1919,23.085174560546875,9.989197731018066,0.36535200476646423,0.6240662336349487
long_80f_stride40:33f7ae08-ac1d-4321-9cb9-eca79016b359__ep1:qa:39,33f7ae08-ac1d-4321-9cb9-eca79016b359__ep1,ep1,test,1880,1959,22.818262100219727,7.852665901184082,0.3941088616847992,0.6518624424934387
long_80f_stride40:33f7ae08-ac1d-4321-9cb9-eca79016b359__ep1:qa:41,33f7ae08-ac1d-4321-9cb9-eca79016b359__ep1,ep1,test,2000,2079,25.478029251098633,8.769596099853516,0.3527842164039612,0.6389565467834473
long_80f_stride40:33f7ae08-ac1d-4321-9cb9-eca79016b359__ep1:qa:42,33f7ae08-ac1d-4321-9cb9-eca79016b359__ep1,ep1,test,2040,2119,27.072769165039062,8.157002449035645,0.44079825282096863,0.7270685434341431
long_80f_stride40:33f7ae08-ac1d-4321-9cb9-eca79016b359__ep1:qa:43,33f7ae08-ac1d-4321-9cb9-eca79016b359__ep1,ep1,test,2080,2159,26.815460205078125,7.805985450744629,0.5191584229469299,0.7705021500587463
long_80f_stride40:33f7ae08-ac1d-4321-9cb9-eca79016b359__ep1:qa:44,33f7ae08-ac1d-4321-9cb9-eca79016b359__ep1,ep1,test,2120,2199,24.986379623413086,8.465542793273926,0.45182740688323975,0.7385727763175964
long_80f_stride40:33f7ae08-ac1d-4321-9cb9-eca79016b359__ep1:qa:45,33f7ae08-ac1d-4321-9cb9-eca79016b359__ep1,ep1,test,2160,2239,0.0,8.18073558807373,0.18920515477657318,0.2754597067832947
long_80f_stride40:33f7ae08-ac1d-4321-9cb9-eca79016b359__ep1:qa:46,33f7ae08-ac1d-4321-9cb9-eca79016b359__ep1,ep1,test,2200,2279,26.189355850219727,7.4304962158203125,0.43305766582489014,0.7531984448432922
long_80f_stride40:33f7ae08-ac1d-4321-9cb9-eca79016b359__ep1:qa:47,33f7ae08-ac1d-4321-9cb9-eca79016b359__ep1,ep1,test,2240,2319,28.966032028198242,10.282417297363281,0.5515686869621277,0.8673546314239502
long_80f_stride40:33f7ae08-ac1d-4321-9cb9-eca79016b359__ep1:qa:48,33f7ae08-ac1d-4321-9cb9-eca79016b359__ep1,ep1,test,2280,2359,29.091596603393555,13.123111724853516,0.47507938742637634,0.7962840795516968
long_80f_stride40:33f7ae08-ac1d-4321-9cb9-eca79016b359__ep1:qa:49,33f7ae08-ac1d-4321-9cb9-eca79016b359__ep1,ep1,test,2320,2399,31.889711380004883,12.957474708557129,0.5419550538063049,0.90127032995224
long_80f_stride40:33f7ae08-ac1d-4321-9cb9-eca79016b359__ep1:qa:50,33f7ae08-ac1d-4321-9cb9-eca79016b359__ep1,ep1,test,2360,2439,32.38933181762695,11.085325241088867,0.5467511415481567,0.9469903707504272
long_80f_stride40:33f7ae08-ac1d-4321-9cb9-eca79016b359__ep1:qa:53,33f7ae08-ac1d-4321-9cb9-eca79016b359__ep1,ep1,test,2520,2599,33.12828826904297,10.837739944458008,0.5528869032859802,0.9735342860221863
long_80f_stride40:33f7ae08-ac1d-4321-9cb9-eca79016b359__ep1:qa:54,33f7ae08-ac1d-4321-9cb9-eca79016b359__ep1,ep1,test,2560,2639,34.110477447509766,11.012136459350586,0.5794867277145386,1.028195858001709
long_80f_stride40:33f7ae08-ac1d-4321-9cb9-eca79016b359__ep1:qa:55,33f7ae08-ac1d-4321-9cb9-eca79016b359__ep1,ep1,test,2600,2679,35.102806091308594,10.735751152038574,0.6027101278305054,1.0313506126403809
long_80f_stride40:33f7ae08-ac1d-4321-9cb9-eca79016b359__ep1:qa:56,33f7ae08-ac1d-4321-9cb9-eca79016b359__ep1,ep1,test,2640,2719,32.89029312133789,10.016066551208496,0.6057119369506836,0.9390238523483276
long_80f_stride40:33f7ae08-ac1d-4321-9cb9-eca79016b359__ep1:qa:57,33f7ae08-ac1d-4321-9cb9-eca79016b359__ep1,ep1,test,2680,2759,30.817678451538086,8.64538288116455,0.5704336166381836,0.8387722969055176
long_80f_stride40:33f7ae08-ac1d-4321-9cb9-eca79016b359__ep1:qa:58,33f7ae08-ac1d-4321-9cb9-eca79016b359__ep1,ep1,test,2800,2879,14.312576293945312,10.084649085998535,0.23180100321769714,0.3412545919418335
long_80f_stride40:33f7ae08-ac1d-4321-9cb9-eca79016b359__ep1:qa:59,33f7ae08-ac1d-4321-9cb9-eca79016b359__ep1,ep1,test,2840,2919,10.188078880310059,9.891606330871582,0.16164234280586243,0.23696205019950867
long_80f_stride40:33f7ae08-ac1d-4321-9cb9-eca79016b359__ep1:qa:60,33f7ae08-ac1d-4321-9cb9-eca79016b359__ep1,ep1,test,2880,2959,10.318026542663574,11.888632774353027,0.17380782961845398,0.24077370762825012
long_80f_stride40:33f7ae08-ac1d-4321-9cb9-eca79016b359__ep1:qa:61,33f7ae08-ac1d-4321-9cb9-eca79016b359__ep1,ep1,test,2920,2999,11.289422988891602,9.913227081298828,0.14009377360343933,0.21855655312538147
long_80f_stride40:33f7ae08-ac1d-4321-9cb9-eca79016b359__ep1:qa:62,33f7ae08-ac1d-4321-9cb9-eca79016b359__ep1,ep1,test,3000,3079,28.69246482849121,7.9359965324401855,0.5211106538772583,0.7670245170593262
long_80f_stride40:33f7ae08-ac1d-4321-9cb9-eca79016b359__ep1:qa:63,33f7ae08-ac1d-4321-9cb9-eca79016b359__ep1,ep1,test,3040,3119,32.523773193359375,8.532161712646484,0.5619174242019653,0.9501019716262817
long_80f_stride40:33f7ae08-ac1d-4321-9cb9-eca79016b359__ep1:qa:64,33f7ae08-ac1d-4321-9cb9-eca79016b359__ep1,ep1,test,3080,3159,34.705902099609375,9.477409362792969,0.6097612977027893,1.0803682804107666
long_80f_stride40:33f7ae08-ac1d-4321-9cb9-eca79016b359__ep1:qa:65,33f7ae08-ac1d-4321-9cb9-eca79016b359__ep1,ep1,test,3120,3199,35.46588134765625,13.827958106994629,0.5385705828666687,0.9356810450553894
long_80f_stride40:33f7ae08-ac1d-4321-9cb9-eca79016b359__ep1:qa:66,33f7ae08-ac1d-4321-9cb9-eca79016b359__ep1,ep1,test,3160,3239,35.544925689697266,9.195241928100586,0.6328417062759399,1.079979419708252
long_80f_stride40:33f7ae08-ac1d-4321-9cb9-eca79016b359__ep1:qa:67,33f7ae08-ac1d-4321-9cb9-eca79016b359__ep1,ep1,test,3200,3279,35.29653549194336,8.880219459533691,0.6654462218284607,1.1377061605453491
long_80f_stride40:33f7ae08-ac1d-4321-9cb9-eca79016b359__ep1:qa:68,33f7ae08-ac1d-4321-9cb9-eca79016b359__ep1,ep1,test,3280,3359,35.51809310913086,12.810874938964844,0.694629967212677,1.2012341022491455
long_80f_stride40:33f7ae08-ac1d-4321-9cb9-eca79016b359__ep1:qa:69,33f7ae08-ac1d-4321-9cb9-eca79016b359__ep1,ep1,test,3320,3399,34.588924407958984,8.170029640197754,0.6790471076965332,1.1633553504943848
long_80f_stride40:33f7ae08-ac1d-4321-9cb9-eca79016b359__ep1:qa:70,33f7ae08-ac1d-4321-9cb9-eca79016b359__ep1,ep1,test,3360,3439,28.276168823242188,9.915447235107422,0.5035631656646729,0.8364031314849854
long_80f_stride40:33f7ae08-ac1d-4321-9cb9-eca79016b359__ep1:qa:71,33f7ae08-ac1d-4321-9cb9-eca79016b359__ep1,ep1,test,3440,3519,33.44643020629883,10.890680313110352,0.5799635052680969,0.9829341173171997
long_80f_stride40:33f7ae08-ac1d-4321-9cb9-eca79016b359__ep1:qa:72,33f7ae08-ac1d-4321-9cb9-eca79016b359__ep1,ep1,test,3480,3559,33.257320404052734,10.547063827514648,0.5703082084655762,0.9552284479141235
long_80f_stride40:33f7ae08-ac1d-4321-9cb9-eca79016b359__ep1:qa:73,33f7ae08-ac1d-4321-9cb9-eca79016b359__ep1,ep1,test,3520,3599,33.58858871459961,10.951704978942871,0.5826572179794312,0.9756382703781128
long_80f_stride40:33f7ae08-ac1d-4321-9cb9-eca79016b359__ep1:qa:74,33f7ae08-ac1d-4321-9cb9-eca79016b359__ep1,ep1,test,3560,3639,34.08782958984375,11.614738464355469,0.6012560725212097,1.059247374534607
long_80f_stride40:33f7ae08-ac1d-4321-9cb9-eca79016b359__ep1:qa:75,33f7ae08-ac1d-4321-9cb9-eca79016b359__ep1,ep1,test,3640,3719,34.03980255126953,9.609780311584473,0.5671998262405396,0.9505589604377747
long_80f_stride40:33f7ae08-ac1d-4321-9cb9-eca79016b359__ep1:qa:76,33f7ae08-ac1d-4321-9cb9-eca79016b359__ep1,ep1,test,3680,3759,34.33098602294922,10.527689933776855,0.5537871718406677,0.9539099931716919
long_80f_stride40:33f7ae08-ac1d-4321-9cb9-eca79016b359__ep1:qa:77,33f7ae08-ac1d-4321-9cb9-eca79016b359__ep1,ep1,test,3720,3799,34.27077102661133,9.62600040435791,0.590335488319397,0.9802559614181519
long_80f_stride40:33f7ae08-ac1d-4321-9cb9-eca79016b359__ep1:qa:78,33f7ae08-ac1d-4321-9cb9-eca79016b359__ep1,ep1,test,3760,3839,34.16960906982422,9.742673873901367,0.5977488160133362,1.00143301486969
long_80f_stride40:33f7ae08-ac1d-4321-9cb9-eca79016b359__ep1:qa:79,33f7ae08-ac1d-4321-9cb9-eca79016b359__ep1,ep1,test,3800,3879,31.93794822692871,9.753753662109375,0.687458336353302,0.9726942181587219
long_80f_stride40:33f7ae08-ac1d-4321-9cb9-eca79016b359__ep1:qa:80,33f7ae08-ac1d-4321-9cb9-eca79016b359__ep1,ep1,test,3840,3919,26.739065170288086,9.25852108001709,0.5284495949745178,0.8498378992080688
long_80f_stride40:33f7ae08-ac1d-4321-9cb9-eca79016b359__ep1:qa:81,33f7ae08-ac1d-4321-9cb9-eca79016b359__ep1,ep1,test,3880,3959,0.0,9.530472755432129,0.1719895601272583,0.32090771198272705
long_80f_stride40:33f7ae08-ac1d-4321-9cb9-eca79016b359__ep1:qa:82,33f7ae08-ac1d-4321-9cb9-eca79016b359__ep1,ep1,test,3920,3999,30.307432174682617,9.818541526794434,0.6121474504470825,0.9243919849395752
long_80f_stride40:33f7ae08-ac1d-4321-9cb9-eca79016b359__ep1:qa:83,33f7ae08-ac1d-4321-9cb9-eca79016b359__ep1,ep1,test,4000,4079,34.053436279296875,9.81484603881836,0.533573567867279,0.9326555728912354
long_80f_stride40:33f7ae08-ac1d-4321-9cb9-eca79016b359__ep1:qa:84,33f7ae08-ac1d-4321-9cb9-eca79016b359__ep1,ep1,test,4040,4119,34.839866638183594,10.188542366027832,0.5628464221954346,1.00846266746521
long_80f_stride40:33f7ae08-ac1d-4321-9cb9-eca79016b359__ep1:qa:85,33f7ae08-ac1d-4321-9cb9-eca79016b359__ep1,ep1,test,4080,4159,34.93802261352539,10.347381591796875,0.5690540075302124,1.0114076137542725
long_80f_stride40:33f7ae08-ac1d-4321-9cb9-eca79016b359__ep1:qa:86,33f7ae08-ac1d-4321-9cb9-eca79016b359__ep1,ep1,test,4120,4199,34.43467712402344,10.843547821044922,0.5364817380905151,0.9733352065086365
long_80f_stride40:33f7ae08-ac1d-4321-9cb9-eca79016b359__ep1:qa:87,33f7ae08-ac1d-4321-9cb9-eca79016b359__ep1,ep1,test,4160,4239,34.43514633178711,10.900104522705078,0.5381587147712708,0.9795793890953064
long_80f_stride40:33f7ae08-ac1d-4321-9cb9-eca79016b359__ep1:qa:88,33f7ae08-ac1d-4321-9cb9-eca79016b359__ep1,ep1,test,4200,4279,33.929019927978516,10.21277904510498,0.5611575245857239,0.9344348311424255
long_80f_stride40:33f7ae08-ac1d-4321-9cb9-eca79016b359__ep1:qa:95,33f7ae08-ac1d-4321-9cb9-eca79016b359__ep1,ep1,test,4520,4599,33.518489837646484,12.06625747680664,0.5411394834518433,0.9339442253112793
long_80f_stride40:33f7ae08-ac1d-4321-9cb9-eca79016b359__ep1:qa:96,33f7ae08-ac1d-4321-9cb9-eca79016b359__ep1,ep1,test,4560,4639,33.05643844604492,9.691909790039062,0.5740175247192383,1.0088725090026855
long_80f_stride40:33f7ae08-ac1d-4321-9cb9-eca79016b359__ep1:qa:97,33f7ae08-ac1d-4321-9cb9-eca79016b359__ep1,ep1,test,4600,4679,32.254520416259766,9.364825248718262,0.5966349840164185,1.0661797523498535
long_80f_stride40:33f7ae08-ac1d-4321-9cb9-eca79016b359__ep1:qa:98,33f7ae08-ac1d-4321-9cb9-eca79016b359__ep1,ep1,test,4640,4719,32.09440994262695,10.104177474975586,0.5788010358810425,1.0254371166229248
long_80f_stride40:33f7ae08-ac1d-4321-9cb9-eca79016b359__ep1:qa:99,33f7ae08-ac1d-4321-9cb9-eca79016b359__ep1,ep1,test,4680,4759,33.082454681396484,9.097249984741211,0.5800030827522278,0.9580771923065186
long_80f_stride40:33f7ae08-ac1d-4321-9cb9-eca79016b359__ep1:qa:100,33f7ae08-ac1d-4321-9cb9-eca79016b359__ep1,ep1,test,4720,4799,28.878890991210938,10.251059532165527,0.3981408476829529,0.7168639302253723
long_80f_stride40:33f7ae08-ac1d-4321-9cb9-eca79016b359__ep1:qa:101,33f7ae08-ac1d-4321-9cb9-eca79016b359__ep1,ep1,test,4760,4839,28.869997024536133,10.308265686035156,0.4137304723262787,0.7482322454452515
long_80f_stride40:33f7ae08-ac1d-4321-9cb9-eca79016b359__ep1:qa:102,33f7ae08-ac1d-4321-9cb9-eca79016b359__ep1,ep1,test,4800,4879,31.510162353515625,9.145844459533691,0.6015968322753906,0.8833672404289246
long_80f_stride40:33f7ae08-ac1d-4321-9cb9-eca79016b359__ep1:qa:103,33f7ae08-ac1d-4321-9cb9-eca79016b359__ep1,ep1,test,4880,4959,0.0,9.533947944641113,0.2001388818025589,0.32102474570274353
long_80f_stride40:33f7ae08-ac1d-4321-9cb9-eca79016b359__ep1:qa:104,33f7ae08-ac1d-4321-9cb9-eca79016b359__ep1,ep1,test,4920,4999,0.0,10.082319259643555,0.19529658555984497,0.3394893705844879
long_80f_stride40:33f7ae08-ac1d-4321-9cb9-eca79016b359__ep1:qa:105,33f7ae08-ac1d-4321-9cb9-eca79016b359__ep1,ep1,test,4960,5039,0.0,10.285640716552734,0.20202399790287018,0.3463355302810669
long_80f_stride40:33f7ae08-ac1d-4321-9cb9-eca79016b359__ep1:qa:106,33f7ae08-ac1d-4321-9cb9-eca79016b359__ep1,ep1,test,5000,5079,0.0,10.311720848083496,0.23893523216247559,0.3472137153148651
long_80f_stride40:9c553886-83c5-4dc4-be5c-dcb269b3a771__ep2:qa:0,9c553886-83c5-4dc4-be5c-dcb269b3a771__ep2,ep2,test,0,79,11.762821197509766,12.087213516235352,0.09025894850492477,0.13545043766498566
long_80f_stride40:9c553886-83c5-4dc4-be5c-dcb269b3a771__ep2:qa:1,9c553886-83c5-4dc4-be5c-dcb269b3a771__ep2,ep2,test,40,119,11.613499641418457,12.404479026794434,0.11015055328607559,0.1613505631685257
long_80f_stride40:9c553886-83c5-4dc4-be5c-dcb269b3a771__ep2:qa:2,9c553886-83c5-4dc4-be5c-dcb269b3a771__ep2,ep2,test,80,159,11.495196342468262,12.194255828857422,0.10021743178367615,0.15570001304149628
long_80f_stride40:9c553886-83c5-4dc4-be5c-dcb269b3a771__ep2:qa:3,9c553886-83c5-4dc4-be5c-dcb269b3a771__ep2,ep2,test,120,199,11.630016326904297,12.29861068725586,0.09361690282821655,0.14812204241752625
long_80f_stride40:9c553886-83c5-4dc4-be5c-dcb269b3a771__ep2:qa:4,9c553886-83c5-4dc4-be5c-dcb269b3a771__ep2,ep2,test,160,239,11.66590690612793,12.047624588012695,0.0754685178399086,0.12406692653894424
long_80f_stride40:9c553886-83c5-4dc4-be5c-dcb269b3a771__ep2:qa:5,9c553886-83c5-4dc4-be5c-dcb269b3a771__ep2,ep2,test,200,279,11.406496047973633,12.114200592041016,0.09637313336133957,0.1337600201368332
long_80f_stride40:9c553886-83c5-4dc4-be5c-dcb269b3a771__ep2:qa:6,9c553886-83c5-4dc4-be5c-dcb269b3a771__ep2,ep2,test,240,319,10.938309669494629,12.406947135925293,0.10734793543815613,0.14512819051742554
long_80f_stride40:9c553886-83c5-4dc4-be5c-dcb269b3a771__ep2:qa:7,9c553886-83c5-4dc4-be5c-dcb269b3a771__ep2,ep2,test,280,359,10.835920333862305,12.38343334197998,0.07845529913902283,0.11301026493310928
long_80f_stride40:9c553886-83c5-4dc4-be5c-dcb269b3a771__ep2:qa:8,9c553886-83c5-4dc4-be5c-dcb269b3a771__ep2,ep2,test,320,399,11.008543014526367,12.38460636138916,0.0865502879023552,0.1175529733300209
long_80f_stride40:9c553886-83c5-4dc4-be5c-dcb269b3a771__ep2:qa:9,9c553886-83c5-4dc4-be5c-dcb269b3a771__ep2,ep2,test,360,439,11.676424980163574,12.360111236572266,0.1045125350356102,0.14944231510162354
long_80f_stride40:9c553886-83c5-4dc4-be5c-dcb269b3a771__ep2:qa:10,9c553886-83c5-4dc4-be5c-dcb269b3a771__ep2,ep2,test,400,479,11.819079399108887,12.130306243896484,0.07947040349245071,0.13309358060359955
long_80f_stride40:9c553886-83c5-4dc4-be5c-dcb269b3a771__ep2:qa:11,9c553886-83c5-4dc4-be5c-dcb269b3a771__ep2,ep2,test,440,519,11.639284133911133,11.883828163146973,0.06524752825498581,0.11403466761112213
long_80f_stride40:9c553886-83c5-4dc4-be5c-dcb269b3a771__ep2:qa:12,9c553886-83c5-4dc4-be5c-dcb269b3a771__ep2,ep2,test,520,599,11.55189323425293,12.389395713806152,0.05621768534183502,0.08796845376491547
long_80f_stride40:9c553886-83c5-4dc4-be5c-dcb269b3a771__ep2:qa:13,9c553886-83c5-4dc4-be5c-dcb269b3a771__ep2,ep2,test,600,679,12.069634437561035,12.465287208557129,0.07639829814434052,0.1212121844291687
long_80f_stride40:9c553886-83c5-4dc4-be5c-dcb269b3a771__ep2:qa:14,9c553886-83c5-4dc4-be5c-dcb269b3a771__ep2,ep2,test,640,719,12.374391555786133,12.205130577087402,0.06189939007163048,0.10588127374649048
long_80f_stride40:9c553886-83c5-4dc4-be5c-dcb269b3a771__ep2:qa:15,9c553886-83c5-4dc4-be5c-dcb269b3a771__ep2,ep2,test,680,759,12.544422149658203,11.90192985534668,0.0742921531200409,0.12100841104984283
long_80f_stride40:9c553886-83c5-4dc4-be5c-dcb269b3a771__ep2:qa:16,9c553886-83c5-4dc4-be5c-dcb269b3a771__ep2,ep2,test,720,799,13.480881690979004,12.163005828857422,0.123151034116745,0.177699476480484
long_80f_stride40:9c553886-83c5-4dc4-be5c-dcb269b3a771__ep2:qa:17,9c553886-83c5-4dc4-be5c-dcb269b3a771__ep2,ep2,test,800,879,14.684829711914062,11.922104835510254,0.14321735501289368,0.22871260344982147
long_80f_stride40:9c553886-83c5-4dc4-be5c-dcb269b3a771__ep2:qa:18,9c553886-83c5-4dc4-be5c-dcb269b3a771__ep2,ep2,test,880,959,14.47904109954834,12.185892105102539,0.10175026953220367,0.1582273542881012
long_80f_stride40:9c553886-83c5-4dc4-be5c-dcb269b3a771__ep2:qa:19,9c553886-83c5-4dc4-be5c-dcb269b3a771__ep2,ep2,test,1000,1079,14.581538200378418,12.202995300292969,0.12945029139518738,0.2075115144252777
long_80f_stride40:9c553886-83c5-4dc4-be5c-dcb269b3a771__ep2:qa:20,9c553886-83c5-4dc4-be5c-dcb269b3a771__ep2,ep2,test,1040,1119,14.662330627441406,12.25821304321289,0.11973357200622559,0.19624723494052887
long_80f_stride40:9c553886-83c5-4dc4-be5c-dcb269b3a771__ep2:qa:21,9c553886-83c5-4dc4-be5c-dcb269b3a771__ep2,ep2,test,1080,1159,14.570768356323242,12.035547256469727,0.11614049226045609,0.18997631967067719
long_80f_stride40:9c553886-83c5-4dc4-be5c-dcb269b3a771__ep2:qa:22,9c553886-83c5-4dc4-be5c-dcb269b3a771__ep2,ep2,test,1120,1199,14.667451858520508,11.73772144317627,0.13388139009475708,0.21218496561050415
long_80f_stride40:9c553886-83c5-4dc4-be5c-dcb269b3a771__ep2:qa:23,9c553886-83c5-4dc4-be5c-dcb269b3a771__ep2,ep2,test,1160,1239,14.577107429504395,11.879621505737305,0.12720878422260284,0.21348686516284943
long_80f_stride40:9c553886-83c5-4dc4-be5c-dcb269b3a771__ep2:qa:24,9c553886-83c5-4dc4-be5c-dcb269b3a771__ep2,ep2,test,1200,1279,14.572653770446777,12.221994400024414,0.12494706362485886,0.21011678874492645
long_80f_stride40:9c553886-83c5-4dc4-be5c-dcb269b3a771__ep2:qa:25,9c553886-83c5-4dc4-be5c-dcb269b3a771__ep2,ep2,test,1280,1359,14.661198616027832,11.694405555725098,0.14001646637916565,0.22145488858222961
long_80f_stride40:9c553886-83c5-4dc4-be5c-dcb269b3a771__ep2:qa:26,9c553886-83c5-4dc4-be5c-dcb269b3a771__ep2,ep2,test,1320,1399,14.717806816101074,11.717222213745117,0.14228200912475586,0.2269749641418457
long_80f_stride40:9c553886-83c5-4dc4-be5c-dcb269b3a771__ep2:qa:27,9c553886-83c5-4dc4-be5c-dcb269b3a771__ep2,ep2,test,1400,1479,13.949258804321289,11.969828605651855,0.10807342082262039,0.1880778819322586
long_80f_stride40:9c553886-83c5-4dc4-be5c-dcb269b3a771__ep2:qa:28,9c553886-83c5-4dc4-be5c-dcb269b3a771__ep2,ep2,test,1440,1519,13.283916473388672,12.022175788879395,0.09793087095022202,0.15716026723384857
long_80f_stride40:9c553886-83c5-4dc4-be5c-dcb269b3a771__ep2:qa:29,9c553886-83c5-4dc4-be5c-dcb269b3a771__ep2,ep2,test,1520,1599,12.816376686096191,12.047038078308105,0.07330619543790817,0.12537133693695068
long_80f_stride40:9c553886-83c5-4dc4-be5c-dcb269b3a771__ep2:qa:30,9c553886-83c5-4dc4-be5c-dcb269b3a771__ep2,ep2,test,1560,1639,12.734807968139648,12.204248428344727,0.07427798956632614,0.12128068506717682
long_80f_stride40:9c553886-83c5-4dc4-be5c-dcb269b3a771__ep2:qa:31,9c553886-83c5-4dc4-be5c-dcb269b3a771__ep2,ep2,test,1600,1679,12.613316535949707,12.090373039245605,0.07400693744421005,0.12295366823673248
long_80f_stride40:9c553886-83c5-4dc4-be5c-dcb269b3a771__ep2:qa:32,9c553886-83c5-4dc4-be5c-dcb269b3a771__ep2,ep2,test,1680,1759,12.553019523620605,12.012584686279297,0.07772732526063919,0.12201076745986938
long_80f_stride40:9c553886-83c5-4dc4-be5c-dcb269b3a771__ep2:qa:33,9c553886-83c5-4dc4-be5c-dcb269b3a771__ep2,ep2,test,1720,1799,12.70111083984375,12.201910018920898,0.07901601493358612,0.12475433200597763
long_80f_stride40:9c553886-83c5-4dc4-be5c-dcb269b3a771__ep2:qa:34,9c553886-83c5-4dc4-be5c-dcb269b3a771__ep2,ep2,test,1800,1879,12.19462776184082,11.153228759765625,0.1236526221036911,0.19363677501678467
long_80f_stride40:9c553886-83c5-4dc4-be5c-dcb269b3a771__ep2:qa:35,9c553886-83c5-4dc4-be5c-dcb269b3a771__ep2,ep2,test,1840,1919,12.1464262008667,10.804348945617676,0.10756636410951614,0.1651754528284073
long_80f_stride40:9c553886-83c5-4dc4-be5c-dcb269b3a771__ep2:qa:36,9c553886-83c5-4dc4-be5c-dcb269b3a771__ep2,ep2,test,1880,1959,13.497967720031738,12.176436424255371,0.08482151478528976,0.13769781589508057
long_80f_stride40:9c553886-83c5-4dc4-be5c-dcb269b3a771__ep2:qa:37,9c553886-83c5-4dc4-be5c-dcb269b3a771__ep2,ep2,test,1920,1999,13.610058784484863,11.293947219848633,0.11999372392892838,0.18600162863731384
long_80f_stride40:9c553886-83c5-4dc4-be5c-dcb269b3a771__ep2:qa:38,9c553886-83c5-4dc4-be5c-dcb269b3a771__ep2,ep2,test,2000,2079,13.5738525390625,11.326831817626953,0.10681228339672089,0.14764128625392914
long_80f_stride40:9c553886-83c5-4dc4-be5c-dcb269b3a771__ep2:qa:39,9c553886-83c5-4dc4-be5c-dcb269b3a771__ep2,ep2,test,2040,2119,13.529130935668945,12.002809524536133,0.08744685351848602,0.12744779884815216
long_80f_stride40:9c553886-83c5-4dc4-be5c-dcb269b3a771__ep2:qa:40,9c553886-83c5-4dc4-be5c-dcb269b3a771__ep2,ep2,test,2080,2159,13.688980102539062,12.022875785827637,0.10013091564178467,0.15177808701992035
long_80f_stride40:9c553886-83c5-4dc4-be5c-dcb269b3a771__ep2:qa:41,9c553886-83c5-4dc4-be5c-dcb269b3a771__ep2,ep2,test,2120,2199,13.241415023803711,11.023710250854492,0.1485230028629303,0.2061104029417038
long_80f_stride40:9c553886-83c5-4dc4-be5c-dcb269b3a771__ep2:qa:42,9c553886-83c5-4dc4-be5c-dcb269b3a771__ep2,ep2,test,2200,2279,12.544978141784668,10.794114112854004,0.14086563885211945,0.2118348777294159
long_80f_stride40:9c553886-83c5-4dc4-be5c-dcb269b3a771__ep2:qa:43,9c553886-83c5-4dc4-be5c-dcb269b3a771__ep2,ep2,test,2240,2319,12.01221752166748,11.98819351196289,0.0957210585474968,0.13967499136924744
long_80f_stride40:9c553886-83c5-4dc4-be5c-dcb269b3a771__ep2:qa:44,9c553886-83c5-4dc4-be5c-dcb269b3a771__ep2,ep2,test,2280,2359,12.033218383789062,12.400320053100586,0.10482817143201828,0.1598396897315979
long_80f_stride40:9c553886-83c5-4dc4-be5c-dcb269b3a771__ep2:qa:45,9c553886-83c5-4dc4-be5c-dcb269b3a771__ep2,ep2,test,2320,2399,11.588411331176758,12.504340171813965,0.11553512513637543,0.17368990182876587
long_80f_stride40:9c553886-83c5-4dc4-be5c-dcb269b3a771__ep2:qa:46,9c553886-83c5-4dc4-be5c-dcb269b3a771__ep2,ep2,test,2360,2439,11.604022026062012,12.636164665222168,0.1161736398935318,0.17672154307365417
long_80f_stride40:9c553886-83c5-4dc4-be5c-dcb269b3a771__ep2:qa:47,9c553886-83c5-4dc4-be5c-dcb269b3a771__ep2,ep2,test,2400,2479,12.039600372314453,12.665270805358887,0.10562258958816528,0.16524170339107513
long_80f_stride40:9c553886-83c5-4dc4-be5c-dcb269b3a771__ep2:qa:48,9c553886-83c5-4dc4-be5c-dcb269b3a771__ep2,ep2,test,2440,2519,11.916102409362793,12.67765998840332,0.10866930335760117,0.16927440464496613
long_80f_stride40:9c553886-83c5-4dc4-be5c-dcb269b3a771__ep2:qa:49,9c553886-83c5-4dc4-be5c-dcb269b3a771__ep2,ep2,test,2480,2559,11.963519096374512,12.651065826416016,0.1121506467461586,0.17752395570278168
long_80f_stride40:9c553886-83c5-4dc4-be5c-dcb269b3a771__ep2:qa:50,9c553886-83c5-4dc4-be5c-dcb269b3a771__ep2,ep2,test,2520,2599,11.98782730102539,12.607107162475586,0.10941784083843231,0.17368552088737488
long_80f_stride40:9c553886-83c5-4dc4-be5c-dcb269b3a771__ep2:qa:51,9c553886-83c5-4dc4-be5c-dcb269b3a771__ep2,ep2,test,2560,2639,11.900482177734375,12.748122215270996,0.1114811822772026,0.1719319075345993
long_80f_stride40:9c553886-83c5-4dc4-be5c-dcb269b3a771__ep2:qa:52,9c553886-83c5-4dc4-be5c-dcb269b3a771__ep2,ep2,test,2600,2679,11.943987846374512,12.779706001281738,0.11099614948034286,0.17382799088954926
long_80f_stride40:9c553886-83c5-4dc4-be5c-dcb269b3a771__ep2:qa:53,9c553886-83c5-4dc4-be5c-dcb269b3a771__ep2,ep2,test,2640,2719,12.046211242675781,12.744174003601074,0.10923083871603012,0.1701289713382721
long_80f_stride40:9c553886-83c5-4dc4-be5c-dcb269b3a771__ep2:qa:54,9c553886-83c5-4dc4-be5c-dcb269b3a771__ep2,ep2,test,2680,2759,11.554311752319336,12.742683410644531,0.12149234116077423,0.18603630363941193
long_80f_stride40:9c553886-83c5-4dc4-be5c-dcb269b3a771__ep2:qa:55,9c553886-83c5-4dc4-be5c-dcb269b3a771__ep2,ep2,test,2720,2799,11.524600982666016,12.756356239318848,0.12412551045417786,0.1869123876094818
long_80f_stride40:9c553886-83c5-4dc4-be5c-dcb269b3a771__ep2:qa:56,9c553886-83c5-4dc4-be5c-dcb269b3a771__ep2,ep2,test,2760,2839,11.607963562011719,12.732402801513672,0.11840352416038513,0.1816169172525406
long_80f_stride40:9c553886-83c5-4dc4-be5c-dcb269b3a771__ep2:qa:57,9c553886-83c5-4dc4-be5c-dcb269b3a771__ep2,ep2,test,2800,2879,12.052544593811035,12.76380729675293,0.1057204157114029,0.16708475351333618
long_80f_stride40:9c553886-83c5-4dc4-be5c-dcb269b3a771__ep2:qa:58,9c553886-83c5-4dc4-be5c-dcb269b3a771__ep2,ep2,test,2840,2919,12.050271987915039,12.701793670654297,0.10706325620412827,0.16871586441993713
long_80f_stride40:9c553886-83c5-4dc4-be5c-dcb269b3a771__ep2:qa:59,9c553886-83c5-4dc4-be5c-dcb269b3a771__ep2,ep2,test,2880,2959,12.139989852905273,12.626094818115234,0.09702221304178238,0.14529486000537872
long_80f_stride40:9c553886-83c5-4dc4-be5c-dcb269b3a771__ep2:qa:60,9c553886-83c5-4dc4-be5c-dcb269b3a771__ep2,ep2,test,2920,2999,11.753541946411133,12.426557540893555,0.12619009613990784,0.1826014518737793
long_80f_stride40:9c553886-83c5-4dc4-be5c-dcb269b3a771__ep2:qa:61,9c553886-83c5-4dc4-be5c-dcb269b3a771__ep2,ep2,test,3000,3079,12.343510627746582,11.98158073425293,0.10930154472589493,0.1658744215965271
long_80f_stride40:9c553886-83c5-4dc4-be5c-dcb269b3a771__ep2:qa:62,9c553886-83c5-4dc4-be5c-dcb269b3a771__ep2,ep2,test,3040,3119,12.72576904296875,12.193687438964844,0.08904008567333221,0.14742007851600647
long_80f_stride40:9c553886-83c5-4dc4-be5c-dcb269b3a771__ep2:qa:63,9c553886-83c5-4dc4-be5c-dcb269b3a771__ep2,ep2,test,3080,3159,12.767601013183594,11.903204917907715,0.09351111948490143,0.1533137857913971
long_80f_stride40:9c553886-83c5-4dc4-be5c-dcb269b3a771__ep2:qa:64,9c553886-83c5-4dc4-be5c-dcb269b3a771__ep2,ep2,test,3120,3199,12.992511749267578,12.323246002197266,0.08666978031396866,0.1451142579317093
long_80f_stride40:9c553886-83c5-4dc4-be5c-dcb269b3a771__ep2:qa:65,9c553886-83c5-4dc4-be5c-dcb269b3a771__ep2,ep2,test,3160,3239,13.437079429626465,12.544682502746582,0.09051081538200378,0.16126467287540436
long_80f_stride40:9c553886-83c5-4dc4-be5c-dcb269b3a771__ep2:qa:66,9c553886-83c5-4dc4-be5c-dcb269b3a771__ep2,ep2,test,3200,3279,13.325224876403809,12.537056922912598,0.08923113346099854,0.1562325358390808
long_80f_stride40:9c553886-83c5-4dc4-be5c-dcb269b3a771__ep2:qa:67,9c553886-83c5-4dc4-be5c-dcb269b3a771__ep2,ep2,test,3240,3319,13.268450736999512,12.50606918334961,0.08975031226873398,0.16039137542247772
long_80f_stride40:9c553886-83c5-4dc4-be5c-dcb269b3a771__ep2:qa:68,9c553886-83c5-4dc4-be5c-dcb269b3a771__ep2,ep2,test,3280,3359,13.172551155090332,12.5336275100708,0.09338432550430298,0.1639636904001236
long_80f_stride40:9c553886-83c5-4dc4-be5c-dcb269b3a771__ep2:qa:69,9c553886-83c5-4dc4-be5c-dcb269b3a771__ep2,ep2,test,3320,3399,13.091723442077637,12.605173110961914,0.0950445681810379,0.16562756896018982
long_80f_stride40:9c553886-83c5-4dc4-be5c-dcb269b3a771__ep2:qa:70,9c553886-83c5-4dc4-be5c-dcb269b3a771__ep2,ep2,test,3400,3479,13.078986167907715,12.666407585144043,0.09667333960533142,0.16562527418136597
long_80f_stride40:9c553886-83c5-4dc4-be5c-dcb269b3a771__ep2:qa:71,9c553886-83c5-4dc4-be5c-dcb269b3a771__ep2,ep2,test,3440,3519,13.120762825012207,12.616035461425781,0.0972009226679802,0.16783808171749115
long_80f_stride40:9c553886-83c5-4dc4-be5c-dcb269b3a771__ep2:qa:72,9c553886-83c5-4dc4-be5c-dcb269b3a771__ep2,ep2,test,3480,3559,13.136687278747559,12.628082275390625,0.09782242029905319,0.1679639220237732
long_80f_stride40:9c553886-83c5-4dc4-be5c-dcb269b3a771__ep2:qa:73,9c553886-83c5-4dc4-be5c-dcb269b3a771__ep2,ep2,test,3520,3599,13.116519927978516,12.602635383605957,0.097925566136837,0.16793979704380035
long_80f_stride40:9c553886-83c5-4dc4-be5c-dcb269b3a771__ep2:qa:74,9c553886-83c5-4dc4-be5c-dcb269b3a771__ep2,ep2,test,3560,3639,13.126544952392578,12.593260765075684,0.09677570313215256,0.166558638215065
long_80f_stride40:9c553886-83c5-4dc4-be5c-dcb269b3a771__ep2:qa:75,9c553886-83c5-4dc4-be5c-dcb269b3a771__ep2,ep2,test,3600,3679,13.09646224975586,12.70071792602539,0.09638994932174683,0.16218098998069763
long_80f_stride40:9c553886-83c5-4dc4-be5c-dcb269b3a771__ep2:qa:76,9c553886-83c5-4dc4-be5c-dcb269b3a771__ep2,ep2,test,3640,3719,13.036164283752441,12.738842010498047,0.09676113724708557,0.16345810890197754
long_80f_stride40:9c553886-83c5-4dc4-be5c-dcb269b3a771__ep2:qa:77,9c553886-83c5-4dc4-be5c-dcb269b3a771__ep2,ep2,test,3680,3759,12.945645332336426,12.685270309448242,0.09706729650497437,0.16446024179458618
long_80f_stride40:9c553886-83c5-4dc4-be5c-dcb269b3a771__ep2:qa:78,9c553886-83c5-4dc4-be5c-dcb269b3a771__ep2,ep2,test,3720,3799,12.926389694213867,12.659184455871582,0.10336459428071976,0.1704009473323822
long_80f_stride40:9c553886-83c5-4dc4-be5c-dcb269b3a771__ep2:qa:79,9c553886-83c5-4dc4-be5c-dcb269b3a771__ep2,ep2,test,3800,3879,13.093464851379395,12.341767311096191,0.13437244296073914,0.21231713891029358
long_80f_stride40:9c553886-83c5-4dc4-be5c-dcb269b3a771__ep2:qa:80,9c553886-83c5-4dc4-be5c-dcb269b3a771__ep2,ep2,test,3840,3919,13.212950706481934,12.159577369689941,0.11612194776535034,0.18383486568927765
long_80f_stride40:9c553886-83c5-4dc4-be5c-dcb269b3a771__ep2:qa:81,9c553886-83c5-4dc4-be5c-dcb269b3a771__ep2,ep2,test,3880,3959,13.106579780578613,12.180459022521973,0.10504347831010818,0.16492249071598053
long_80f_stride40:9c553886-83c5-4dc4-be5c-dcb269b3a771__ep2:qa:82,9c553886-83c5-4dc4-be5c-dcb269b3a771__ep2,ep2,test,3920,3999,13.214061737060547,11.398165702819824,0.1338871270418167,0.2064119130373001
long_80f_stride40:9c553886-83c5-4dc4-be5c-dcb269b3a771__ep2:qa:83,9c553886-83c5-4dc4-be5c-dcb269b3a771__ep2,ep2,test,3960,4039,13.095807075500488,11.21715259552002,0.12243932485580444,0.18585941195487976
long_80f_stride40:9c553886-83c5-4dc4-be5c-dcb269b3a771__ep2:qa:84,9c553886-83c5-4dc4-be5c-dcb269b3a771__ep2,ep2,test,4000,4079,12.902034759521484,11.912538528442383,0.09626338630914688,0.15381942689418793
long_80f_stride40:9c553886-83c5-4dc4-be5c-dcb269b3a771__ep2:qa:85,9c553886-83c5-4dc4-be5c-dcb269b3a771__ep2,ep2,test,4040,4119,12.867877960205078,11.569905281066895,0.1226063147187233,0.18185319006443024
long_80f_stride40:9c553886-83c5-4dc4-be5c-dcb269b3a771__ep2:qa:86,9c553886-83c5-4dc4-be5c-dcb269b3a771__ep2,ep2,test,4080,4159,12.580188751220703,11.7825345993042,0.10695286840200424,0.1644163727760315
long_80f_stride40:9c553886-83c5-4dc4-be5c-dcb269b3a771__ep2:qa:98,9c553886-83c5-4dc4-be5c-dcb269b3a771__ep2,ep2,test,4600,4679,12.121481895446777,12.607182502746582,0.0906844511628151,0.1358748823404312
long_80f_stride40:9c553886-83c5-4dc4-be5c-dcb269b3a771__ep2:qa:99,9c553886-83c5-4dc4-be5c-dcb269b3a771__ep2,ep2,test,4640,4719,12.110908508300781,12.730269432067871,0.09600399434566498,0.14214031398296356
long_80f_stride40:9c553886-83c5-4dc4-be5c-dcb269b3a771__ep2:qa:100,9c553886-83c5-4dc4-be5c-dcb269b3a771__ep2,ep2,test,4680,4759,12.24910831451416,12.814849853515625,0.09195626527070999,0.14228971302509308
long_80f_stride40:9c553886-83c5-4dc4-be5c-dcb269b3a771__ep2:qa:101,9c553886-83c5-4dc4-be5c-dcb269b3a771__ep2,ep2,test,4720,4799,12.652379035949707,12.685874938964844,0.08522360771894455,0.12899883091449738
long_80f_stride40:9c553886-83c5-4dc4-be5c-dcb269b3a771__ep2:qa:119,9c553886-83c5-4dc4-be5c-dcb269b3a771__ep2,ep2,test,5520,5599,11.530984878540039,11.713889122009277,0.10354731976985931,0.1487705260515213
long_80f_stride40:9c553886-83c5-4dc4-be5c-dcb269b3a771__ep2:qa:120,9c553886-83c5-4dc4-be5c-dcb269b3a771__ep2,ep2,test,5560,5639,11.907012939453125,11.552519798278809,0.10238981246948242,0.1537960171699524
long_80f_stride40:9c553886-83c5-4dc4-be5c-dcb269b3a771__ep2:qa:121,9c553886-83c5-4dc4-be5c-dcb269b3a771__ep2,ep2,test,5640,5719,12.126160621643066,11.695743560791016,0.11355274170637131,0.16842563450336456
long_80f_stride40:9c553886-83c5-4dc4-be5c-dcb269b3a771__ep2:qa:122,9c553886-83c5-4dc4-be5c-dcb269b3a771__ep2,ep2,test,5680,5759,12.105950355529785,11.508774757385254,0.11250930279493332,0.1659286618232727
long_80f_stride40:9c553886-83c5-4dc4-be5c-dcb269b3a771__ep2:qa:123,9c553886-83c5-4dc4-be5c-dcb269b3a771__ep2,ep2,test,5720,5799,11.989864349365234,12.377643585205078,0.0936199203133583,0.14238402247428894
long_80f_stride40:34f07a04-eb37-45a3-95ec-189ed5f4a85b__ep5:qa:0,34f07a04-eb37-45a3-95ec-189ed5f4a85b__ep5,ep5,test,0,79,13.95495319366455,9.052414894104004,0.19594915211200714,0.3629233241081238
long_80f_stride40:34f07a04-eb37-45a3-95ec-189ed5f4a85b__ep5:qa:1,34f07a04-eb37-45a3-95ec-189ed5f4a85b__ep5,ep5,test,40,119,15.291406631469727,8.756468772888184,0.16691236197948456,0.27151018381118774
long_80f_stride40:34f07a04-eb37-45a3-95ec-189ed5f4a85b__ep5:qa:2,34f07a04-eb37-45a3-95ec-189ed5f4a85b__ep5,ep5,test,80,159,16.738975524902344,9.68549633026123,0.15975090861320496,0.2624148726463318
long_80f_stride40:34f07a04-eb37-45a3-95ec-189ed5f4a85b__ep5:qa:3,34f07a04-eb37-45a3-95ec-189ed5f4a85b__ep5,ep5,test,120,199,18.636598587036133,11.448077201843262,0.16897082328796387,0.2738685607910156
long_80f_stride40:34f07a04-eb37-45a3-95ec-189ed5f4a85b__ep5:qa:4,34f07a04-eb37-45a3-95ec-189ed5f4a85b__ep5,ep5,test,160,239,19.417985916137695,10.843323707580566,0.16285637021064758,0.32046571373939514
long_80f_stride40:34f07a04-eb37-45a3-95ec-189ed5f4a85b__ep5:qa:5,34f07a04-eb37-45a3-95ec-189ed5f4a85b__ep5,ep5,test,240,319,15.299755096435547,12.129446983337402,0.17584314942359924,0.2487388700246811
long_80f_stride40:34f07a04-eb37-45a3-95ec-189ed5f4a85b__ep5:qa:6,34f07a04-eb37-45a3-95ec-189ed5f4a85b__ep5,ep5,test,280,359,17.039247512817383,12.75694751739502,0.21076835691928864,0.30125752091407776
long_80f_stride40:34f07a04-eb37-45a3-95ec-189ed5f4a85b__ep5:qa:7,34f07a04-eb37-45a3-95ec-189ed5f4a85b__ep5,ep5,test,320,399,16.719532012939453,9.941983222961426,0.19042718410491943,0.3009144067764282
long_80f_stride40:34f07a04-eb37-45a3-95ec-189ed5f4a85b__ep5:qa:8,34f07a04-eb37-45a3-95ec-189ed5f4a85b__ep5,ep5,test,400,479,15.638946533203125,11.309796333312988,0.1668425351381302,0.265432745218277
long_80f_stride40:34f07a04-eb37-45a3-95ec-189ed5f4a85b__ep5:qa:9,34f07a04-eb37-45a3-95ec-189ed5f4a85b__ep5,ep5,test,440,519,16.372486114501953,11.2230224609375,0.21286053955554962,0.30532199144363403
long_80f_stride40:34f07a04-eb37-45a3-95ec-189ed5f4a85b__ep5:qa:10,34f07a04-eb37-45a3-95ec-189ed5f4a85b__ep5,ep5,test,480,559,16.472240447998047,10.25368595123291,0.13780038058757782,0.2461182028055191
long_80f_stride40:34f07a04-eb37-45a3-95ec-189ed5f4a85b__ep5:qa:11,34f07a04-eb37-45a3-95ec-189ed5f4a85b__ep5,ep5,test,560,639,16.01363182067871,11.041463851928711,0.19376465678215027,0.3162269592285156
long_80f_stride40:34f07a04-eb37-45a3-95ec-189ed5f4a85b__ep5:qa:12,34f07a04-eb37-45a3-95ec-189ed5f4a85b__ep5,ep5,test,600,679,13.367571830749512,6.301605701446533,0.1379317343235016,0.25281718373298645
long_80f_stride40:34f07a04-eb37-45a3-95ec-189ed5f4a85b__ep5:qa:13,34f07a04-eb37-45a3-95ec-189ed5f4a85b__ep5,ep5,test,640,719,11.841719627380371,7.158762454986572,0.11799933016300201,0.1970560997724533
long_80f_stride40:34f07a04-eb37-45a3-95ec-189ed5f4a85b__ep5:qa:14,34f07a04-eb37-45a3-95ec-189ed5f4a85b__ep5,ep5,test,680,759,15.002664566040039,10.845538139343262,0.20448601245880127,0.2965906858444214
long_80f_stride40:34f07a04-eb37-45a3-95ec-189ed5f4a85b__ep5:qa:15,34f07a04-eb37-45a3-95ec-189ed5f4a85b__ep5,ep5,test,720,799,16.094478607177734,12.195610046386719,0.18720705807209015,0.2682032883167267
long_80f_stride40:34f07a04-eb37-45a3-95ec-189ed5f4a85b__ep5:qa:16,34f07a04-eb37-45a3-95ec-189ed5f4a85b__ep5,ep5,test,800,879,16.441770553588867,10.242812156677246,0.16258321702480316,0.2565414607524872
long_80f_stride40:34f07a04-eb37-45a3-95ec-189ed5f4a85b__ep5:qa:17,34f07a04-eb37-45a3-95ec-189ed5f4a85b__ep5,ep5,test,880,959,16.604331970214844,12.107669830322266,0.15044833719730377,0.2359069287776947
long_80f_stride40:34f07a04-eb37-45a3-95ec-189ed5f4a85b__ep5:qa:18,34f07a04-eb37-45a3-95ec-189ed5f4a85b__ep5,ep5,test,920,999,16.751182556152344,10.916908264160156,0.1989704966545105,0.3670237064361572
long_80f_stride40:34f07a04-eb37-45a3-95ec-189ed5f4a85b__ep5:qa:19,34f07a04-eb37-45a3-95ec-189ed5f4a85b__ep5,ep5,test,1000,1079,13.583098411560059,11.521697998046875,0.24439536035060883,0.42454248666763306
long_80f_stride40:34f07a04-eb37-45a3-95ec-189ed5f4a85b__ep5:qa:20,34f07a04-eb37-45a3-95ec-189ed5f4a85b__ep5,ep5,test,1080,1159,17.53612518310547,11.730013847351074,0.1266719400882721,0.22672078013420105
long_80f_stride40:34f07a04-eb37-45a3-95ec-189ed5f4a85b__ep5:qa:21,34f07a04-eb37-45a3-95ec-189ed5f4a85b__ep5,ep5,test,1120,1199,16.837249755859375,12.017182350158691,0.16760364174842834,0.2601369023323059
long_80f_stride40:34f07a04-eb37-45a3-95ec-189ed5f4a85b__ep5:qa:22,34f07a04-eb37-45a3-95ec-189ed5f4a85b__ep5,ep5,test,1160,1239,17.413909912109375,12.03779411315918,0.15888582170009613,0.2579766511917114
long_80f_stride40:34f07a04-eb37-45a3-95ec-189ed5f4a85b__ep5:qa:23,34f07a04-eb37-45a3-95ec-189ed5f4a85b__ep5,ep5,test,1200,1279,16.161640167236328,12.052939414978027,0.15306328237056732,0.2556084394454956
long_80f_stride40:34f07a04-eb37-45a3-95ec-189ed5f4a85b__ep5:qa:24,34f07a04-eb37-45a3-95ec-189ed5f4a85b__ep5,ep5,test,1280,1359,18.138288497924805,11.911599159240723,0.13674351572990417,0.23452624678611755
long_80f_stride40:34f07a04-eb37-45a3-95ec-189ed5f4a85b__ep5:qa:25,34f07a04-eb37-45a3-95ec-189ed5f4a85b__ep5,ep5,test,1320,1399,17.320892333984375,11.173718452453613,0.15569989383220673,0.2523852586746216
long_80f_stride40:34f07a04-eb37-45a3-95ec-189ed5f4a85b__ep5:qa:26,34f07a04-eb37-45a3-95ec-189ed5f4a85b__ep5,ep5,test,1400,1479,15.966919898986816,10.839971542358398,0.10248755663633347,0.18821242451667786
long_80f_stride40:34f07a04-eb37-45a3-95ec-189ed5f4a85b__ep5:qa:27,34f07a04-eb37-45a3-95ec-189ed5f4a85b__ep5,ep5,test,1440,1519,15.76353645324707,10.931346893310547,0.09993670880794525,0.18476063013076782
long_80f_stride40:34f07a04-eb37-45a3-95ec-189ed5f4a85b__ep5:qa:28,34f07a04-eb37-45a3-95ec-189ed5f4a85b__ep5,ep5,test,1480,1559,15.30830192565918,11.838183403015137,0.09644350409507751,0.147340789437294
long_80f_stride40:34f07a04-eb37-45a3-95ec-189ed5f4a85b__ep5:qa:29,34f07a04-eb37-45a3-95ec-189ed5f4a85b__ep5,ep5,test,1520,1599,15.907211303710938,11.071473121643066,0.1146542876958847,0.1894322782754898
long_80f_stride40:34f07a04-eb37-45a3-95ec-189ed5f4a85b__ep5:qa:30,34f07a04-eb37-45a3-95ec-189ed5f4a85b__ep5,ep5,test,1560,1639,15.03587818145752,9.224519729614258,0.1909065991640091,0.2859756648540497
long_80f_stride40:34f07a04-eb37-45a3-95ec-189ed5f4a85b__ep5:qa:31,34f07a04-eb37-45a3-95ec-189ed5f4a85b__ep5,ep5,test,1640,1719,17.559114456176758,12.097145080566406,0.1588708460330963,0.2432393580675125
long_80f_stride40:34f07a04-eb37-45a3-95ec-189ed5f4a85b__ep5:qa:32,34f07a04-eb37-45a3-95ec-189ed5f4a85b__ep5,ep5,test,1680,1759,17.6533260345459,12.355218887329102,0.11492451280355453,0.2097604125738144
long_80f_stride40:34f07a04-eb37-45a3-95ec-189ed5f4a85b__ep5:qa:33,34f07a04-eb37-45a3-95ec-189ed5f4a85b__ep5,ep5,test,1720,1799,17.651063919067383,11.806072235107422,0.11400113254785538,0.22055843472480774
long_80f_stride40:34f07a04-eb37-45a3-95ec-189ed5f4a85b__ep5:qa:34,34f07a04-eb37-45a3-95ec-189ed5f4a85b__ep5,ep5,test,1800,1879,17.7144718170166,12.56200122833252,0.14941929280757904,0.23591665923595428
long_80f_stride40:34f07a04-eb37-45a3-95ec-189ed5f4a85b__ep5:qa:35,34f07a04-eb37-45a3-95ec-189ed5f4a85b__ep5,ep5,test,1880,1959,18.012535095214844,12.462030410766602,0.16924962401390076,0.27300167083740234
long_80f_stride40:34f07a04-eb37-45a3-95ec-189ed5f4a85b__ep5:qa:36,34f07a04-eb37-45a3-95ec-189ed5f4a85b__ep5,ep5,test,1920,1999,18.16439437866211,11.525890350341797,0.1512163281440735,0.25199034810066223
long_80f_stride40:34f07a04-eb37-45a3-95ec-189ed5f4a85b__ep5:qa:37,34f07a04-eb37-45a3-95ec-189ed5f4a85b__ep5,ep5,test,1960,2039,17.58853530883789,11.813658714294434,0.12467987835407257,0.23121441900730133
long_80f_stride40:34f07a04-eb37-45a3-95ec-189ed5f4a85b__ep5:qa:38,34f07a04-eb37-45a3-95ec-189ed5f4a85b__ep5,ep5,test,2000,2079,18.206581115722656,12.31835651397705,0.16963821649551392,0.270097941160202
long_80f_stride40:34f07a04-eb37-45a3-95ec-189ed5f4a85b__ep5:qa:39,34f07a04-eb37-45a3-95ec-189ed5f4a85b__ep5,ep5,test,2040,2119,18.105899810791016,12.076958656311035,0.13193635642528534,0.2341480702161789
long_80f_stride40:34f07a04-eb37-45a3-95ec-189ed5f4a85b__ep5:qa:40,34f07a04-eb37-45a3-95ec-189ed5f4a85b__ep5,ep5,test,2120,2199,17.7185115814209,11.813481330871582,0.16896957159042358,0.2560102939605713
long_80f_stride40:34f07a04-eb37-45a3-95ec-189ed5f4a85b__ep5:qa:41,34f07a04-eb37-45a3-95ec-189ed5f4a85b__ep5,ep5,test,2160,2239,17.192703247070312,12.557271957397461,0.17258627712726593,0.2609909772872925
long_80f_stride40:34f07a04-eb37-45a3-95ec-189ed5f4a85b__ep5:qa:42,34f07a04-eb37-45a3-95ec-189ed5f4a85b__ep5,ep5,test,2200,2279,17.81702995300293,14.043313980102539,0.2766176164150238,0.434588760137558
long_80f_stride40:34f07a04-eb37-45a3-95ec-189ed5f4a85b__ep5:qa:43,34f07a04-eb37-45a3-95ec-189ed5f4a85b__ep5,ep5,test,2240,2319,15.888062477111816,11.701355934143066,0.24855145812034607,0.4275212287902832
long_80f_stride40:34f07a04-eb37-45a3-95ec-189ed5f4a85b__ep5:qa:44,34f07a04-eb37-45a3-95ec-189ed5f4a85b__ep5,ep5,test,2280,2359,15.526551246643066,12.098173141479492,0.23377788066864014,0.41299107670783997
long_80f_stride40:34f07a04-eb37-45a3-95ec-189ed5f4a85b__ep5:qa:45,34f07a04-eb37-45a3-95ec-189ed5f4a85b__ep5,ep5,test,2320,2399,18.036069869995117,12.443629264831543,0.2273034155368805,0.44671207666397095
long_80f_stride40:34f07a04-eb37-45a3-95ec-189ed5f4a85b__ep5:qa:46,34f07a04-eb37-45a3-95ec-189ed5f4a85b__ep5,ep5,test,2400,2479,18.17843246459961,10.66846752166748,0.166753888130188,0.2723158001899719
long_80f_stride40:34f07a04-eb37-45a3-95ec-189ed5f4a85b__ep5:qa:47,34f07a04-eb37-45a3-95ec-189ed5f4a85b__ep5,ep5,test,2440,2519,19.06494140625,11.489985466003418,0.16207914054393768,0.2777680456638336
long_80f_stride40:34f07a04-eb37-45a3-95ec-189ed5f4a85b__ep5:qa:48,34f07a04-eb37-45a3-95ec-189ed5f4a85b__ep5,ep5,test,2480,2559,19.029272079467773,11.234428405761719,0.15083825588226318,0.277409166097641
long_80f_stride40:34f07a04-eb37-45a3-95ec-189ed5f4a85b__ep5:qa:49,34f07a04-eb37-45a3-95ec-189ed5f4a85b__ep5,ep5,test,2520,2599,18.268362045288086,11.48255729675293,0.14853407442569733,0.2577964961528778
long_80f_stride40:34f07a04-eb37-45a3-95ec-189ed5f4a85b__ep5:qa:50,34f07a04-eb37-45a3-95ec-189ed5f4a85b__ep5,ep5,test,2560,2639,17.680259704589844,11.809149742126465,0.11824042350053787,0.21676206588745117
long_80f_stride40:34f07a04-eb37-45a3-95ec-189ed5f4a85b__ep5:qa:51,34f07a04-eb37-45a3-95ec-189ed5f4a85b__ep5,ep5,test,2600,2679,16.530771255493164,10.123100280761719,0.14929959177970886,0.2537982761859894
long_80f_stride40:34f07a04-eb37-45a3-95ec-189ed5f4a85b__ep5:qa:52,34f07a04-eb37-45a3-95ec-189ed5f4a85b__ep5,ep5,test,2640,2719,16.390810012817383,10.174834251403809,0.18681274354457855,0.30068841576576233
long_80f_stride40:34f07a04-eb37-45a3-95ec-189ed5f4a85b__ep5:qa:53,34f07a04-eb37-45a3-95ec-189ed5f4a85b__ep5,ep5,test,2680,2759,17.200647354125977,11.008683204650879,0.16473065316677094,0.2622528076171875
long_80f_stride40:34f07a04-eb37-45a3-95ec-189ed5f4a85b__ep5:qa:54,34f07a04-eb37-45a3-95ec-189ed5f4a85b__ep5,ep5,test,2720,2799,18.329042434692383,11.567204475402832,0.2408321350812912,0.4440605640411377
long_80f_stride40:34f07a04-eb37-45a3-95ec-189ed5f4a85b__ep5:qa:55,34f07a04-eb37-45a3-95ec-189ed5f4a85b__ep5,ep5,test,2800,2879,0.0,11.889487266540527,0.20153723657131195,0.40033984184265137
long_80f_stride40:34f07a04-eb37-45a3-95ec-189ed5f4a85b__ep5:qa:56,34f07a04-eb37-45a3-95ec-189ed5f4a85b__ep5,ep5,test,2840,2919,0.0,11.708985328674316,0.1900455504655838,0.39426204562187195
long_80f_stride40:34f07a04-eb37-45a3-95ec-189ed5f4a85b__ep5:qa:57,34f07a04-eb37-45a3-95ec-189ed5f4a85b__ep5,ep5,test,2880,2959,0.0,11.291674613952637,0.19434897601604462,0.38021042943000793
long_80f_stride40:34f07a04-eb37-45a3-95ec-189ed5f4a85b__ep5:qa:58,34f07a04-eb37-45a3-95ec-189ed5f4a85b__ep5,ep5,test,2920,2999,16.855770111083984,11.466080665588379,0.25315582752227783,0.45051831007003784
long_80f_stride40:34f07a04-eb37-45a3-95ec-189ed5f4a85b__ep5:qa:59,34f07a04-eb37-45a3-95ec-189ed5f4a85b__ep5,ep5,test,3000,3079,17.451431274414062,11.670585632324219,0.1155380979180336,0.2130766063928604
long_80f_stride40:34f07a04-eb37-45a3-95ec-189ed5f4a85b__ep5:qa:60,34f07a04-eb37-45a3-95ec-189ed5f4a85b__ep5,ep5,test,3080,3159,17.691987991333008,11.66440486907959,0.1490144282579422,0.23854854702949524
long_80f_stride40:34f07a04-eb37-45a3-95ec-189ed5f4a85b__ep5:qa:61,34f07a04-eb37-45a3-95ec-189ed5f4a85b__ep5,ep5,test,3120,3199,17.196006774902344,11.240827560424805,0.15554068982601166,0.24755141139030457
long_80f_stride40:34f07a04-eb37-45a3-95ec-189ed5f4a85b__ep5:qa:62,34f07a04-eb37-45a3-95ec-189ed5f4a85b__ep5,ep5,test,3200,3279,13.766654968261719,12.33899211883545,0.2038608193397522,0.29059576988220215
long_80f_stride40:34f07a04-eb37-45a3-95ec-189ed5f4a85b__ep5:qa:63,34f07a04-eb37-45a3-95ec-189ed5f4a85b__ep5,ep5,test,3240,3319,13.35468578338623,9.069474220275879,0.15908142924308777,0.3065866231918335
long_80f_stride40:34f07a04-eb37-45a3-95ec-189ed5f4a85b__ep5:qa:64,34f07a04-eb37-45a3-95ec-189ed5f4a85b__ep5,ep5,test,3320,3399,11.672362327575684,11.081635475158691,0.16492024064064026,0.2249709963798523
long_80f_stride40:34f07a04-eb37-45a3-95ec-189ed5f4a85b__ep5:qa:65,34f07a04-eb37-45a3-95ec-189ed5f4a85b__ep5,ep5,test,3400,3479,15.204583168029785,11.145899772644043,0.18680791556835175,0.2511117160320282
long_80f_stride40:34f07a04-eb37-45a3-95ec-189ed5f4a85b__ep5:qa:66,34f07a04-eb37-45a3-95ec-189ed5f4a85b__ep5,ep5,test,3440,3519,16.165653228759766,12.740519523620605,0.2985318899154663,0.3994900584220886
long_80f_stride40:34f07a04-eb37-45a3-95ec-189ed5f4a85b__ep5:qa:67,34f07a04-eb37-45a3-95ec-189ed5f4a85b__ep5,ep5,test,3480,3559,18.883535385131836,10.276573181152344,0.36383628845214844,0.48381108045578003
long_80f_stride40:34f07a04-eb37-45a3-95ec-189ed5f4a85b__ep5:qa:68,34f07a04-eb37-45a3-95ec-189ed5f4a85b__ep5,ep5,test,3520,3599,17.357624053955078,11.680652618408203,0.20432636141777039,0.3257356882095337
long_80f_stride40:34f07a04-eb37-45a3-95ec-189ed5f4a85b__ep5:qa:69,34f07a04-eb37-45a3-95ec-189ed5f4a85b__ep5,ep5,test,3560,3639,16.112192153930664,10.127056121826172,0.29135242104530334,0.40539366006851196
long_80f_stride40:34f07a04-eb37-45a3-95ec-189ed5f4a85b__ep5:qa:70,34f07a04-eb37-45a3-95ec-189ed5f4a85b__ep5,ep5,test,3600,3679,13.389910697937012,10.063267707824707,0.2348792999982834,0.34881192445755005
long_80f_stride40:34f07a04-eb37-45a3-95ec-189ed5f4a85b__ep5:qa:71,34f07a04-eb37-45a3-95ec-189ed5f4a85b__ep5,ep5,test,3640,3719,9.641228675842285,11.454590797424316,0.20879846811294556,0.33453577756881714
long_80f_stride40:34f07a04-eb37-45a3-95ec-189ed5f4a85b__ep5:qa:72,34f07a04-eb37-45a3-95ec-189ed5f4a85b__ep5,ep5,test,3680,3759,10.253724098205566,11.716510772705078,0.15440012514591217,0.2893446981906891
long_80f_stride40:34f07a04-eb37-45a3-95ec-189ed5f4a85b__ep5:qa:74,34f07a04-eb37-45a3-95ec-189ed5f4a85b__ep5,ep5,test,3800,3879,10.302957534790039,11.697813987731934,0.06667336821556091,0.11206717044115067
long_80f_stride40:34f07a04-eb37-45a3-95ec-189ed5f4a85b__ep5:qa:75,34f07a04-eb37-45a3-95ec-189ed5f4a85b__ep5,ep5,test,3840,3919,10.240487098693848,11.953116416931152,0.06898210197687149,0.11653201282024384
long_80f_stride40:34f07a04-eb37-45a3-95ec-189ed5f4a85b__ep5:qa:76,34f07a04-eb37-45a3-95ec-189ed5f4a85b__ep5,ep5,test,3880,3959,15.877388000488281,11.477330207824707,0.21312043070793152,0.32479244470596313
long_80f_stride40:34f07a04-eb37-45a3-95ec-189ed5f4a85b__ep5:qa:77,34f07a04-eb37-45a3-95ec-189ed5f4a85b__ep5,ep5,test,4000,4079,33.40351104736328,11.989240646362305,0.5440763831138611,0.9890282154083252
long_80f_stride40:34f07a04-eb37-45a3-95ec-189ed5f4a85b__ep5:qa:78,34f07a04-eb37-45a3-95ec-189ed5f4a85b__ep5,ep5,test,4040,4119,28.450883865356445,11.559945106506348,0.48891058564186096,0.8357376456260681
long_80f_stride40:34f07a04-eb37-45a3-95ec-189ed5f4a85b__ep5:qa:79,34f07a04-eb37-45a3-95ec-189ed5f4a85b__ep5,ep5,test,4120,4199,32.69903564453125,11.712904930114746,0.6099420189857483,1.0533396005630493
long_80f_stride40:34f07a04-eb37-45a3-95ec-189ed5f4a85b__ep5:qa:80,34f07a04-eb37-45a3-95ec-189ed5f4a85b__ep5,ep5,test,4160,4239,29.340261459350586,11.466526985168457,0.5731990337371826,0.9548220634460449
long_80f_stride40:34f07a04-eb37-45a3-95ec-189ed5f4a85b__ep5:qa:81,34f07a04-eb37-45a3-95ec-189ed5f4a85b__ep5,ep5,test,4200,4279,25.49616241455078,11.525644302368164,0.44145467877388,0.7725400328636169
long_80f_stride40:34f07a04-eb37-45a3-95ec-189ed5f4a85b__ep5:qa:82,34f07a04-eb37-45a3-95ec-189ed5f4a85b__ep5,ep5,test,4240,4319,22.717607498168945,11.556964874267578,0.3930903375148773,0.6848489046096802
long_80f_stride40:34f07a04-eb37-45a3-95ec-189ed5f4a85b__ep5:qa:83,34f07a04-eb37-45a3-95ec-189ed5f4a85b__ep5,ep5,test,4280,4359,22.795719146728516,10.487672805786133,0.3855970799922943,0.5921878218650818
long_80f_stride40:34f07a04-eb37-45a3-95ec-189ed5f4a85b__ep5:qa:84,34f07a04-eb37-45a3-95ec-189ed5f4a85b__ep5,ep5,test,4400,4479,11.265013694763184,11.990239143371582,0.2768124043941498,0.3746449947357178
long_80f_stride40:34f07a04-eb37-45a3-95ec-189ed5f4a85b__ep5:qa:85,34f07a04-eb37-45a3-95ec-189ed5f4a85b__ep5,ep5,test,4440,4519,16.008926391601562,11.824658393859863,0.35389968752861023,0.49857378005981445
long_80f_stride40:34f07a04-eb37-45a3-95ec-189ed5f4a85b__ep5:qa:86,34f07a04-eb37-45a3-95ec-189ed5f4a85b__ep5,ep5,test,4480,4559,15.704912185668945,9.898054122924805,0.2237807959318161,0.3199770152568817
long_80f_stride40:34f07a04-eb37-45a3-95ec-189ed5f4a85b__ep5:qa:87,34f07a04-eb37-45a3-95ec-189ed5f4a85b__ep5,ep5,test,4520,4599,16.423616409301758,10.461146354675293,0.18929144740104675,0.26900890469551086
long_80f_stride40:34f07a04-eb37-45a3-95ec-189ed5f4a85b__ep5:qa:88,34f07a04-eb37-45a3-95ec-189ed5f4a85b__ep5,ep5,test,4560,4639,13.687686920166016,10.33958625793457,0.14328797161579132,0.2148219645023346
long_80f_stride40:34f07a04-eb37-45a3-95ec-189ed5f4a85b__ep5:qa:89,34f07a04-eb37-45a3-95ec-189ed5f4a85b__ep5,ep5,test,4600,4679,9.850447654724121,11.177499771118164,0.1208510771393776,0.1672002226114273
long_80f_stride40:34f07a04-eb37-45a3-95ec-189ed5f4a85b__ep5:qa:90,34f07a04-eb37-45a3-95ec-189ed5f4a85b__ep5,ep5,test,4640,4719,11.874985694885254,11.905553817749023,0.10533000528812408,0.14528530836105347
long_80f_stride40:34f07a04-eb37-45a3-95ec-189ed5f4a85b__ep5:qa:91,34f07a04-eb37-45a3-95ec-189ed5f4a85b__ep5,ep5,test,4720,4799,12.225129127502441,11.582772254943848,0.078519307076931,0.11210714280605316
long_80f_stride40:34f07a04-eb37-45a3-95ec-189ed5f4a85b__ep5:qa:92,34f07a04-eb37-45a3-95ec-189ed5f4a85b__ep5,ep5,test,4800,4879,13.915523529052734,10.865612983703613,0.14305107295513153,0.20365354418754578
long_80f_stride40:34f07a04-eb37-45a3-95ec-189ed5f4a85b__ep5:qa:93,34f07a04-eb37-45a3-95ec-189ed5f4a85b__ep5,ep5,test,4880,4959,15.057768821716309,12.421080589294434,0.12245699018239975,0.21679523587226868
long_80f_stride40:34f07a04-eb37-45a3-95ec-189ed5f4a85b__ep5:qa:94,34f07a04-eb37-45a3-95ec-189ed5f4a85b__ep5,ep5,test,4920,4999,15.039230346679688,12.397543907165527,0.11978038400411606,0.22076158225536346
long_80f_stride40:34f07a04-eb37-45a3-95ec-189ed5f4a85b__ep5:qa:95,34f07a04-eb37-45a3-95ec-189ed5f4a85b__ep5,ep5,test,4960,5039,14.503473281860352,12.377902030944824,0.28257498145103455,0.4261297285556793
long_80f_stride40:34f07a04-eb37-45a3-95ec-189ed5f4a85b__ep5:qa:96,34f07a04-eb37-45a3-95ec-189ed5f4a85b__ep5,ep5,test,5000,5079,13.087238311767578,12.399181365966797,0.30109703540802,0.4544896185398102
long_80f_stride40:b9dd769b-e31a-4fdb-945e-5a60db6487b0__ep2:qa:0,b9dd769b-e31a-4fdb-945e-5a60db6487b0__ep2,ep2,test,0,79,0.0,12.485182762145996,0.2077324241399765,0.42039796710014343
long_80f_stride40:b9dd769b-e31a-4fdb-945e-5a60db6487b0__ep2:qa:1,b9dd769b-e31a-4fdb-945e-5a60db6487b0__ep2,ep2,test,40,119,12.08289909362793,12.295369148254395,0.23189255595207214,0.39064928889274597
long_80f_stride40:b9dd769b-e31a-4fdb-945e-5a60db6487b0__ep2:qa:2,b9dd769b-e31a-4fdb-945e-5a60db6487b0__ep2,ep2,test,80,159,15.50218391418457,12.483566284179688,0.22228194773197174,0.39866799116134644
long_80f_stride40:b9dd769b-e31a-4fdb-945e-5a60db6487b0__ep2:qa:3,b9dd769b-e31a-4fdb-945e-5a60db6487b0__ep2,ep2,test,120,199,14.986916542053223,12.391406059265137,0.09702598303556442,0.16435910761356354
long_80f_stride40:b9dd769b-e31a-4fdb-945e-5a60db6487b0__ep2:qa:4,b9dd769b-e31a-4fdb-945e-5a60db6487b0__ep2,ep2,test,160,239,14.91210651397705,10.066536903381348,0.2888298034667969,0.4269956052303314
long_80f_stride40:b9dd769b-e31a-4fdb-945e-5a60db6487b0__ep2:qa:5,b9dd769b-e31a-4fdb-945e-5a60db6487b0__ep2,ep2,test,200,279,13.760309219360352,10.79577922821045,0.3073376417160034,0.437129944562912
long_80f_stride40:b9dd769b-e31a-4fdb-945e-5a60db6487b0__ep2:qa:6,b9dd769b-e31a-4fdb-945e-5a60db6487b0__ep2,ep2,test,240,319,0.0,11.84808349609375,0.21767424046993256,0.39894571900367737
long_80f_stride40:b9dd769b-e31a-4fdb-945e-5a60db6487b0__ep2:qa:7,b9dd769b-e31a-4fdb-945e-5a60db6487b0__ep2,ep2,test,280,359,0.0,11.234383583068848,0.2013976126909256,0.3782813549041748
long_80f_stride40:b9dd769b-e31a-4fdb-945e-5a60db6487b0__ep2:qa:8,b9dd769b-e31a-4fdb-945e-5a60db6487b0__ep2,ep2,test,320,399,0.0,11.818743705749512,0.21969884634017944,0.39795780181884766
long_80f_stride40:b9dd769b-e31a-4fdb-945e-5a60db6487b0__ep2:qa:9,b9dd769b-e31a-4fdb-945e-5a60db6487b0__ep2,ep2,test,360,439,0.0,11.89633846282959,0.2002192884683609,0.4005705714225769
long_80f_stride40:b9dd769b-e31a-4fdb-945e-5a60db6487b0__ep2:qa:10,b9dd769b-e31a-4fdb-945e-5a60db6487b0__ep2,ep2,test,400,479,12.275147438049316,11.572566032409668,0.24600695073604584,0.4223954379558563
long_80f_stride40:b9dd769b-e31a-4fdb-945e-5a60db6487b0__ep2:qa:11,b9dd769b-e31a-4fdb-945e-5a60db6487b0__ep2,ep2,test,440,519,12.687719345092773,10.791376113891602,0.19766579568386078,0.2998031973838806
long_80f_stride40:b9dd769b-e31a-4fdb-945e-5a60db6487b0__ep2:qa:12,b9dd769b-e31a-4fdb-945e-5a60db6487b0__ep2,ep2,test,480,559,13.833118438720703,10.891160011291504,0.1322789043188095,0.18754449486732483
long_80f_stride40:b9dd769b-e31a-4fdb-945e-5a60db6487b0__ep2:qa:13,b9dd769b-e31a-4fdb-945e-5a60db6487b0__ep2,ep2,test,520,599,13.577301979064941,11.887746810913086,0.09186813235282898,0.14141210913658142
long_80f_stride40:b9dd769b-e31a-4fdb-945e-5a60db6487b0__ep2:qa:14,b9dd769b-e31a-4fdb-945e-5a60db6487b0__ep2,ep2,test,560,639,13.701207160949707,12.045446395874023,0.0804455578327179,0.13204970955848694
long_80f_stride40:b9dd769b-e31a-4fdb-945e-5a60db6487b0__ep2:qa:15,b9dd769b-e31a-4fdb-945e-5a60db6487b0__ep2,ep2,test,600,679,13.503785133361816,11.831796646118164,0.08238112926483154,0.11066390573978424
long_80f_stride40:b9dd769b-e31a-4fdb-945e-5a60db6487b0__ep2:qa:19,b9dd769b-e31a-4fdb-945e-5a60db6487b0__ep2,ep2,test,800,879,0.0,10.254169464111328,0.23110809922218323,0.3452758491039276
long_80f_stride40:b9dd769b-e31a-4fdb-945e-5a60db6487b0__ep2:qa:20,b9dd769b-e31a-4fdb-945e-5a60db6487b0__ep2,ep2,test,840,919,0.0,10.815508842468262,0.23454858362674713,0.3641771674156189
long_80f_stride40:b9dd769b-e31a-4fdb-945e-5a60db6487b0__ep2:qa:21,b9dd769b-e31a-4fdb-945e-5a60db6487b0__ep2,ep2,test,880,959,0.0,10.951401710510254,0.19827841222286224,0.3687528967857361
long_80f_stride40:b9dd769b-e31a-4fdb-945e-5a60db6487b0__ep2:qa:22,b9dd769b-e31a-4fdb-945e-5a60db6487b0__ep2,ep2,test,920,999,0.0,12.23289680480957,0.213250070810318,0.41190305352211
long_80f_stride40:b9dd769b-e31a-4fdb-945e-5a60db6487b0__ep2:qa:23,b9dd769b-e31a-4fdb-945e-5a60db6487b0__ep2,ep2,test,960,1039,11.902989387512207,11.05954647064209,0.23057760298252106,0.3642253875732422
long_80f_stride40:b9dd769b-e31a-4fdb-945e-5a60db6487b0__ep2:qa:24,b9dd769b-e31a-4fdb-945e-5a60db6487b0__ep2,ep2,test,1000,1079,14.221161842346191,10.793761253356934,0.22889193892478943,0.3369840085506439
long_80f_stride40:b9dd769b-e31a-4fdb-945e-5a60db6487b0__ep2:qa:25,b9dd769b-e31a-4fdb-945e-5a60db6487b0__ep2,ep2,test,1040,1119,13.87053394317627,11.2244234085083,0.11935367435216904,0.16801312565803528
long_80f_stride40:b9dd769b-e31a-4fdb-945e-5a60db6487b0__ep2:qa:26,b9dd769b-e31a-4fdb-945e-5a60db6487b0__ep2,ep2,test,1080,1159,12.263510704040527,12.156989097595215,0.13164636492729187,0.24374055862426758
long_80f_stride40:b9dd769b-e31a-4fdb-945e-5a60db6487b0__ep2:qa:27,b9dd769b-e31a-4fdb-945e-5a60db6487b0__ep2,ep2,test,1120,1199,12.39944839477539,12.005721092224121,0.15243634581565857,0.25557154417037964
long_80f_stride40:b9dd769b-e31a-4fdb-945e-5a60db6487b0__ep2:qa:28,b9dd769b-e31a-4fdb-945e-5a60db6487b0__ep2,ep2,test,1160,1239,13.322633743286133,12.103409767150879,0.0791136845946312,0.12691840529441833
long_80f_stride40:b9dd769b-e31a-4fdb-945e-5a60db6487b0__ep2:qa:29,b9dd769b-e31a-4fdb-945e-5a60db6487b0__ep2,ep2,test,1200,1279,13.37646484375,12.071762084960938,0.07647936046123505,0.12711718678474426
long_80f_stride40:b9dd769b-e31a-4fdb-945e-5a60db6487b0__ep2:qa:30,b9dd769b-e31a-4fdb-945e-5a60db6487b0__ep2,ep2,test,1240,1319,13.34666919708252,11.905660629272461,0.07271914184093475,0.12558244168758392
long_80f_stride40:b9dd769b-e31a-4fdb-945e-5a60db6487b0__ep2:qa:31,b9dd769b-e31a-4fdb-945e-5a60db6487b0__ep2,ep2,test,1280,1359,13.319459915161133,12.008567810058594,0.07319501042366028,0.12415091693401337
long_80f_stride40:b9dd769b-e31a-4fdb-945e-5a60db6487b0__ep2:qa:32,b9dd769b-e31a-4fdb-945e-5a60db6487b0__ep2,ep2,test,1320,1399,13.214003562927246,12.049236297607422,0.07209217548370361,0.11920814216136932
long_80f_stride40:b9dd769b-e31a-4fdb-945e-5a60db6487b0__ep2:qa:33,b9dd769b-e31a-4fdb-945e-5a60db6487b0__ep2,ep2,test,1400,1479,13.229372024536133,11.728938102722168,0.07810452580451965,0.1260741949081421
long_80f_stride40:b9dd769b-e31a-4fdb-945e-5a60db6487b0__ep2:qa:34,b9dd769b-e31a-4fdb-945e-5a60db6487b0__ep2,ep2,test,1440,1519,13.270215034484863,11.738971710205078,0.10767914354801178,0.15627369284629822
long_80f_stride40:b9dd769b-e31a-4fdb-945e-5a60db6487b0__ep2:qa:35,b9dd769b-e31a-4fdb-945e-5a60db6487b0__ep2,ep2,test,1480,1559,13.515412330627441,10.904614448547363,0.21272346377372742,0.32398512959480286
long_80f_stride40:b9dd769b-e31a-4fdb-945e-5a60db6487b0__ep2:qa:36,b9dd769b-e31a-4fdb-945e-5a60db6487b0__ep2,ep2,test,1520,1599,12.315114974975586,9.901774406433105,0.24383170902729034,0.362824022769928
long_80f_stride40:b9dd769b-e31a-4fdb-945e-5a60db6487b0__ep2:qa:37,b9dd769b-e31a-4fdb-945e-5a60db6487b0__ep2,ep2,test,1560,1639,0.0,8.918670654296875,0.21406900882720947,0.3003072738647461
long_80f_stride40:b9dd769b-e31a-4fdb-945e-5a60db6487b0__ep2:qa:38,b9dd769b-e31a-4fdb-945e-5a60db6487b0__ep2,ep2,test,1600,1679,0.0,10.037543296813965,0.22918818891048431,0.3379816710948944
long_80f_stride40:b9dd769b-e31a-4fdb-945e-5a60db6487b0__ep2:qa:39,b9dd769b-e31a-4fdb-945e-5a60db6487b0__ep2,ep2,test,1640,1719,0.0,10.90574836730957,0.22603760659694672,0.367215633392334
long_80f_stride40:b9dd769b-e31a-4fdb-945e-5a60db6487b0__ep2:qa:40,b9dd769b-e31a-4fdb-945e-5a60db6487b0__ep2,ep2,test,1680,1759,0.0,9.884757041931152,0.21378196775913239,0.3328370749950409
long_80f_stride40:b9dd769b-e31a-4fdb-945e-5a60db6487b0__ep2:qa:41,b9dd769b-e31a-4fdb-945e-5a60db6487b0__ep2,ep2,test,1720,1799,0.0,9.912084579467773,0.20026127994060516,0.3337572515010834
long_80f_stride40:b9dd769b-e31a-4fdb-945e-5a60db6487b0__ep2:qa:42,b9dd769b-e31a-4fdb-945e-5a60db6487b0__ep2,ep2,test,1800,1879,0.0,10.049943923950195,0.18631739914417267,0.338399201631546
long_80f_stride40:b9dd769b-e31a-4fdb-945e-5a60db6487b0__ep2:qa:43,b9dd769b-e31a-4fdb-945e-5a60db6487b0__ep2,ep2,test,1880,1959,0.0,11.465209007263184,0.19218938052654266,0.3860536813735962
long_80f_stride40:b9dd769b-e31a-4fdb-945e-5a60db6487b0__ep2:qa:44,b9dd769b-e31a-4fdb-945e-5a60db6487b0__ep2,ep2,test,1920,1999,0.0,11.616637229919434,0.1987372487783432,0.3911525309085846
long_80f_stride40:b9dd769b-e31a-4fdb-945e-5a60db6487b0__ep2:qa:45,b9dd769b-e31a-4fdb-945e-5a60db6487b0__ep2,ep2,test,1960,2039,0.0,11.89957332611084,0.20414724946022034,0.40067946910858154
long_80f_stride40:b9dd769b-e31a-4fdb-945e-5a60db6487b0__ep2:qa:46,b9dd769b-e31a-4fdb-945e-5a60db6487b0__ep2,ep2,test,2000,2079,0.0,11.657272338867188,0.2037106156349182,0.3925207853317261
long_80f_stride40:b9dd769b-e31a-4fdb-945e-5a60db6487b0__ep2:qa:47,b9dd769b-e31a-4fdb-945e-5a60db6487b0__ep2,ep2,test,2040,2119,0.0,12.002124786376953,0.2086763232946396,0.40413257479667664
long_80f_stride40:b9dd769b-e31a-4fdb-945e-5a60db6487b0__ep2:qa:48,b9dd769b-e31a-4fdb-945e-5a60db6487b0__ep2,ep2,test,2080,2159,0.0,11.955280303955078,0.22362537682056427,0.4025551974773407
long_80f_stride40:b9dd769b-e31a-4fdb-945e-5a60db6487b0__ep2:qa:49,b9dd769b-e31a-4fdb-945e-5a60db6487b0__ep2,ep2,test,2120,2199,0.0,11.40955638885498,0.20128223299980164,0.3841798007488251
long_80f_stride40:b9dd769b-e31a-4fdb-945e-5a60db6487b0__ep2:qa:50,b9dd769b-e31a-4fdb-945e-5a60db6487b0__ep2,ep2,test,2160,2239,0.0,10.884346008300781,0.20924408733844757,0.3664949834346771
long_80f_stride40:b9dd769b-e31a-4fdb-945e-5a60db6487b0__ep2:qa:51,b9dd769b-e31a-4fdb-945e-5a60db6487b0__ep2,ep2,test,2200,2279,0.0,10.172042846679688,0.22421784698963165,0.34251052141189575
long_80f_stride40:b9dd769b-e31a-4fdb-945e-5a60db6487b0__ep2:qa:52,b9dd769b-e31a-4fdb-945e-5a60db6487b0__ep2,ep2,test,2280,2359,13.73197078704834,11.592623710632324,0.21665331721305847,0.37142863869667053
long_80f_stride40:b9dd769b-e31a-4fdb-945e-5a60db6487b0__ep2:qa:53,b9dd769b-e31a-4fdb-945e-5a60db6487b0__ep2,ep2,test,2320,2399,14.072324752807617,11.399260520935059,0.10993291437625885,0.165180042386055
long_80f_stride40:b9dd769b-e31a-4fdb-945e-5a60db6487b0__ep2:qa:54,b9dd769b-e31a-4fdb-945e-5a60db6487b0__ep2,ep2,test,2400,2479,13.448381423950195,11.726805686950684,0.27761542797088623,0.3952736556529999
long_80f_stride40:b9dd769b-e31a-4fdb-945e-5a60db6487b0__ep2:qa:55,b9dd769b-e31a-4fdb-945e-5a60db6487b0__ep2,ep2,test,2440,2519,14.543728828430176,10.907313346862793,0.2993914783000946,0.4540051519870758
long_80f_stride40:b9dd769b-e31a-4fdb-945e-5a60db6487b0__ep2:qa:56,b9dd769b-e31a-4fdb-945e-5a60db6487b0__ep2,ep2,test,2480,2559,12.572356224060059,11.18726634979248,0.16118523478507996,0.22997494041919708
long_80f_stride40:b9dd769b-e31a-4fdb-945e-5a60db6487b0__ep2:qa:57,b9dd769b-e31a-4fdb-945e-5a60db6487b0__ep2,ep2,test,2520,2599,12.884684562683105,11.673240661621094,0.06967849284410477,0.11091097444295883
long_80f_stride40:b9dd769b-e31a-4fdb-945e-5a60db6487b0__ep2:qa:58,b9dd769b-e31a-4fdb-945e-5a60db6487b0__ep2,ep2,test,2560,2639,12.734414100646973,11.570651054382324,0.054296378046274185,0.08169940859079361
long_80f_stride40:b9dd769b-e31a-4fdb-945e-5a60db6487b0__ep2:qa:59,b9dd769b-e31a-4fdb-945e-5a60db6487b0__ep2,ep2,test,2600,2679,12.672873497009277,11.6888427734375,0.05642915889620781,0.08606097102165222
long_80f_stride40:b9dd769b-e31a-4fdb-945e-5a60db6487b0__ep2:qa:60,b9dd769b-e31a-4fdb-945e-5a60db6487b0__ep2,ep2,test,2640,2719,12.93377685546875,11.07515811920166,0.2004600465297699,0.33784425258636475
long_80f_stride40:b9dd769b-e31a-4fdb-945e-5a60db6487b0__ep2:qa:61,b9dd769b-e31a-4fdb-945e-5a60db6487b0__ep2,ep2,test,2680,2759,10.351112365722656,10.832830429077148,0.16099755465984344,0.2650102972984314
long_80f_stride40:b9dd769b-e31a-4fdb-945e-5a60db6487b0__ep2:qa:62,b9dd769b-e31a-4fdb-945e-5a60db6487b0__ep2,ep2,test,2720,2799,13.208196640014648,11.587882041931152,0.2174920290708542,0.358510285615921
long_80f_stride40:b9dd769b-e31a-4fdb-945e-5a60db6487b0__ep2:qa:63,b9dd769b-e31a-4fdb-945e-5a60db6487b0__ep2,ep2,test,2760,2839,12.994888305664062,11.73199462890625,0.05328100174665451,0.07173562794923782
long_80f_stride40:b9dd769b-e31a-4fdb-945e-5a60db6487b0__ep2:qa:64,b9dd769b-e31a-4fdb-945e-5a60db6487b0__ep2,ep2,test,2800,2879,12.884039878845215,11.669346809387207,0.05718770623207092,0.07999864965677261
long_80f_stride40:b9dd769b-e31a-4fdb-945e-5a60db6487b0__ep2:qa:65,b9dd769b-e31a-4fdb-945e-5a60db6487b0__ep2,ep2,test,2880,2959,11.93504810333252,10.349501609802246,0.16355358064174652,0.30831173062324524
long_80f_stride40:b9dd769b-e31a-4fdb-945e-5a60db6487b0__ep2:qa:66,b9dd769b-e31a-4fdb-945e-5a60db6487b0__ep2,ep2,test,2920,2999,10.380566596984863,9.421607971191406,0.17870891094207764,0.3079386055469513
long_80f_stride40:b9dd769b-e31a-4fdb-945e-5a60db6487b0__ep2:qa:67,b9dd769b-e31a-4fdb-945e-5a60db6487b0__ep2,ep2,test,2960,3039,0.0,9.487924575805664,0.18641622364521027,0.3194750249385834
long_80f_stride40:b9dd769b-e31a-4fdb-945e-5a60db6487b0__ep2:qa:68,b9dd769b-e31a-4fdb-945e-5a60db6487b0__ep2,ep2,test,3000,3079,11.719040870666504,9.360241889953613,0.1944376528263092,0.3195440173149109
long_80f_stride40:b9dd769b-e31a-4fdb-945e-5a60db6487b0__ep2:qa:69,b9dd769b-e31a-4fdb-945e-5a60db6487b0__ep2,ep2,test,3040,3119,12.604866027832031,10.318572044372559,0.2049810290336609,0.3212248682975769
long_80f_stride40:b9dd769b-e31a-4fdb-945e-5a60db6487b0__ep2:qa:70,b9dd769b-e31a-4fdb-945e-5a60db6487b0__ep2,ep2,test,3080,3159,12.557924270629883,10.961033821105957,0.07175980508327484,0.11458839476108551
long_80f_stride40:b9dd769b-e31a-4fdb-945e-5a60db6487b0__ep2:qa:71,b9dd769b-e31a-4fdb-945e-5a60db6487b0__ep2,ep2,test,3120,3199,12.399747848510742,12.033246994018555,0.0488351471722126,0.08550667017698288
long_80f_stride40:b9dd769b-e31a-4fdb-945e-5a60db6487b0__ep2:qa:72,b9dd769b-e31a-4fdb-945e-5a60db6487b0__ep2,ep2,test,3160,3239,12.204412460327148,12.320172309875488,0.06036379188299179,0.09619759023189545
long_80f_stride40:b9dd769b-e31a-4fdb-945e-5a60db6487b0__ep2:qa:73,b9dd769b-e31a-4fdb-945e-5a60db6487b0__ep2,ep2,test,3200,3279,12.125528335571289,11.346399307250977,0.20691558718681335,0.3445720076560974
long_80f_stride40:b9dd769b-e31a-4fdb-945e-5a60db6487b0__ep2:qa:74,b9dd769b-e31a-4fdb-945e-5a60db6487b0__ep2,ep2,test,3240,3319,11.06102180480957,10.332134246826172,0.20865853130817413,0.3099161386489868
long_80f_stride40:b9dd769b-e31a-4fdb-945e-5a60db6487b0__ep2:qa:75,b9dd769b-e31a-4fdb-945e-5a60db6487b0__ep2,ep2,test,3280,3359,0.0,12.386359214782715,0.2852489650249481,0.4170704185962677
long_80f_stride40:b9dd769b-e31a-4fdb-945e-5a60db6487b0__ep2:qa:76,b9dd769b-e31a-4fdb-945e-5a60db6487b0__ep2,ep2,test,3320,3399,14.47869873046875,9.217364311218262,0.2416493445634842,0.38467368483543396
long_80f_stride40:b9dd769b-e31a-4fdb-945e-5a60db6487b0__ep2:qa:77,b9dd769b-e31a-4fdb-945e-5a60db6487b0__ep2,ep2,test,3400,3479,16.236629486083984,10.540207862854004,0.16678579151630402,0.24933408200740814
long_80f_stride40:b9dd769b-e31a-4fdb-945e-5a60db6487b0__ep2:qa:78,b9dd769b-e31a-4fdb-945e-5a60db6487b0__ep2,ep2,test,3440,3519,16.027013778686523,8.588943481445312,0.2652709484100342,0.4155605733394623
long_80f_stride40:b9dd769b-e31a-4fdb-945e-5a60db6487b0__ep2:qa:79,b9dd769b-e31a-4fdb-945e-5a60db6487b0__ep2,ep2,test,3480,3559,14.393321990966797,8.704936027526855,0.23403561115264893,0.39111125469207764
long_80f_stride40:b9dd769b-e31a-4fdb-945e-5a60db6487b0__ep2:qa:80,b9dd769b-e31a-4fdb-945e-5a60db6487b0__ep2,ep2,test,3520,3599,0.0,9.518684387207031,0.1961449533700943,0.32051077485084534
long_80f_stride40:b9dd769b-e31a-4fdb-945e-5a60db6487b0__ep2:qa:81,b9dd769b-e31a-4fdb-945e-5a60db6487b0__ep2,ep2,test,3560,3639,0.0,11.706250190734863,0.2506411373615265,0.3941699266433716
long_80f_stride40:b9dd769b-e31a-4fdb-945e-5a60db6487b0__ep2:qa:82,b9dd769b-e31a-4fdb-945e-5a60db6487b0__ep2,ep2,test,3600,3679,0.0,9.814868927001953,0.17977452278137207,0.3304838538169861
long_80f_stride40:b9dd769b-e31a-4fdb-945e-5a60db6487b0__ep2:qa:86,b9dd769b-e31a-4fdb-945e-5a60db6487b0__ep2,ep2,test,3800,3879,0.0,10.744482040405273,0.19118422269821167,0.36178553104400635
long_80f_stride40:b9dd769b-e31a-4fdb-945e-5a60db6487b0__ep2:qa:87,b9dd769b-e31a-4fdb-945e-5a60db6487b0__ep2,ep2,test,3840,3919,12.204221725463867,9.3284273147583,0.2253580540418625,0.34740185737609863
long_80f_stride40:b9dd769b-e31a-4fdb-945e-5a60db6487b0__ep2:qa:88,b9dd769b-e31a-4fdb-945e-5a60db6487b0__ep2,ep2,test,3880,3959,13.449886322021484,9.20456600189209,0.22115157544612885,0.348982036113739
long_80f_stride40:b9dd769b-e31a-4fdb-945e-5a60db6487b0__ep2:qa:89,b9dd769b-e31a-4fdb-945e-5a60db6487b0__ep2,ep2,test,3920,3999,13.856067657470703,11.58364200592041,0.09499090909957886,0.1427832692861557
long_80f_stride40:b9dd769b-e31a-4fdb-945e-5a60db6487b0__ep2:qa:90,b9dd769b-e31a-4fdb-945e-5a60db6487b0__ep2,ep2,test,3960,4039,13.647705078125,9.517476081848145,0.14330191910266876,0.21122382581233978
long_80f_stride40:b9dd769b-e31a-4fdb-945e-5a60db6487b0__ep2:qa:91,b9dd769b-e31a-4fdb-945e-5a60db6487b0__ep2,ep2,test,4000,4079,12.888163566589355,8.661980628967285,0.16395926475524902,0.30665165185928345
long_80f_stride40:b9dd769b-e31a-4fdb-945e-5a60db6487b0__ep2:qa:92,b9dd769b-e31a-4fdb-945e-5a60db6487b0__ep2,ep2,test,4040,4119,9.17090892791748,9.77925968170166,0.16414012014865875,0.23538917303085327
long_80f_stride40:b9dd769b-e31a-4fdb-945e-5a60db6487b0__ep2:qa:93,b9dd769b-e31a-4fdb-945e-5a60db6487b0__ep2,ep2,test,4080,4159,12.938989639282227,10.710844039916992,0.2258111536502838,0.3583466410636902
long_80f_stride40:b9dd769b-e31a-4fdb-945e-5a60db6487b0__ep2:qa:94,b9dd769b-e31a-4fdb-945e-5a60db6487b0__ep2,ep2,test,4120,4199,13.576199531555176,10.65380859375,0.12018264085054398,0.16885878145694733
long_80f_stride40:b9dd769b-e31a-4fdb-945e-5a60db6487b0__ep2:qa:95,b9dd769b-e31a-4fdb-945e-5a60db6487b0__ep2,ep2,test,4160,4239,13.70987606048584,10.84736442565918,0.09829013049602509,0.14770011603832245
long_80f_stride40:b9dd769b-e31a-4fdb-945e-5a60db6487b0__ep2:qa:96,b9dd769b-e31a-4fdb-945e-5a60db6487b0__ep2,ep2,test,4200,4279,13.6656494140625,11.776688575744629,0.0952930748462677,0.13776962459087372
long_80f_stride40:b9dd769b-e31a-4fdb-945e-5a60db6487b0__ep2:qa:97,b9dd769b-e31a-4fdb-945e-5a60db6487b0__ep2,ep2,test,4240,4319,13.467838287353516,11.558759689331055,0.07392966002225876,0.1155238226056099
long_80f_stride40:b9dd769b-e31a-4fdb-945e-5a60db6487b0__ep2:qa:98,b9dd769b-e31a-4fdb-945e-5a60db6487b0__ep2,ep2,test,4280,4359,13.47586441040039,11.821338653564453,0.07181043177843094,0.11118121445178986
long_80f_stride40:b9dd769b-e31a-4fdb-945e-5a60db6487b0__ep2:qa:99,b9dd769b-e31a-4fdb-945e-5a60db6487b0__ep2,ep2,test,4320,4399,13.4280366897583,12.189470291137695,0.06864088773727417,0.11464593559503555
long_80f_stride40:b9dd769b-e31a-4fdb-945e-5a60db6487b0__ep2:qa:100,b9dd769b-e31a-4fdb-945e-5a60db6487b0__ep2,ep2,test,4360,4439,13.428443908691406,12.206096649169922,0.06688699126243591,0.11202649772167206
long_80f_stride40:b9dd769b-e31a-4fdb-945e-5a60db6487b0__ep2:qa:101,b9dd769b-e31a-4fdb-945e-5a60db6487b0__ep2,ep2,test,4400,4479,13.348690032958984,11.755752563476562,0.0731421411037445,0.11535678803920746
long_80f_stride40:ba045ed4-ef25-404d-b756-8dcbd45b18fa__ep2:qa:0,ba045ed4-ef25-404d-b756-8dcbd45b18fa__ep2,ep2,test,0,79,14.806310653686523,11.080711364746094,0.1743679940700531,0.29056796431541443
long_80f_stride40:ba045ed4-ef25-404d-b756-8dcbd45b18fa__ep2:qa:1,ba045ed4-ef25-404d-b756-8dcbd45b18fa__ep2,ep2,test,40,119,15.157025337219238,11.438151359558105,0.18211720883846283,0.28539183735847473
long_80f_stride40:ba045ed4-ef25-404d-b756-8dcbd45b18fa__ep2:qa:2,ba045ed4-ef25-404d-b756-8dcbd45b18fa__ep2,ep2,test,80,159,15.533495903015137,11.285531997680664,0.19411244988441467,0.3100336492061615
long_80f_stride40:ba045ed4-ef25-404d-b756-8dcbd45b18fa__ep2:qa:3,ba045ed4-ef25-404d-b756-8dcbd45b18fa__ep2,ep2,test,120,199,15.645359992980957,11.757613182067871,0.18056043982505798,0.31019631028175354
long_80f_stride40:ba045ed4-ef25-404d-b756-8dcbd45b18fa__ep2:qa:4,ba045ed4-ef25-404d-b756-8dcbd45b18fa__ep2,ep2,test,160,239,15.836792945861816,11.938552856445312,0.20195916295051575,0.3246954083442688
long_80f_stride40:ba045ed4-ef25-404d-b756-8dcbd45b18fa__ep2:qa:5,ba045ed4-ef25-404d-b756-8dcbd45b18fa__ep2,ep2,test,200,279,15.719435691833496,11.919522285461426,0.1851433962583542,0.2963687479496002
long_80f_stride40:ba045ed4-ef25-404d-b756-8dcbd45b18fa__ep2:qa:6,ba045ed4-ef25-404d-b756-8dcbd45b18fa__ep2,ep2,test,240,319,13.007091522216797,12.307052612304688,0.18182359635829926,0.3139210641384125
long_80f_stride40:ba045ed4-ef25-404d-b756-8dcbd45b18fa__ep2:qa:7,ba045ed4-ef25-404d-b756-8dcbd45b18fa__ep2,ep2,test,280,359,13.072975158691406,12.278519630432129,0.1864127218723297,0.3205772936344147
long_80f_stride40:ba045ed4-ef25-404d-b756-8dcbd45b18fa__ep2:qa:8,ba045ed4-ef25-404d-b756-8dcbd45b18fa__ep2,ep2,test,320,399,15.796993255615234,12.24577808380127,0.16555556654930115,0.27296707034111023
long_80f_stride40:ba045ed4-ef25-404d-b756-8dcbd45b18fa__ep2:qa:9,ba045ed4-ef25-404d-b756-8dcbd45b18fa__ep2,ep2,test,400,479,12.17637825012207,11.722801208496094,0.23611892759799957,0.32822293043136597
long_80f_stride40:ba045ed4-ef25-404d-b756-8dcbd45b18fa__ep2:qa:10,ba045ed4-ef25-404d-b756-8dcbd45b18fa__ep2,ep2,test,440,519,15.229981422424316,10.591437339782715,0.2913185954093933,0.42018428444862366
long_80f_stride40:ba045ed4-ef25-404d-b756-8dcbd45b18fa__ep2:qa:11,ba045ed4-ef25-404d-b756-8dcbd45b18fa__ep2,ep2,test,480,559,15.050764083862305,11.084107398986816,0.19964617490768433,0.2850443720817566
long_80f_stride40:ba045ed4-ef25-404d-b756-8dcbd45b18fa__ep2:qa:12,ba045ed4-ef25-404d-b756-8dcbd45b18fa__ep2,ep2,test,520,599,15.509556770324707,10.771808624267578,0.1916206330060959,0.2716166377067566
long_80f_stride40:ba045ed4-ef25-404d-b756-8dcbd45b18fa__ep2:qa:13,ba045ed4-ef25-404d-b756-8dcbd45b18fa__ep2,ep2,test,600,679,14.181624412536621,11.665759086608887,0.2111796885728836,0.30678790807724
long_80f_stride40:ba045ed4-ef25-404d-b756-8dcbd45b18fa__ep2:qa:14,ba045ed4-ef25-404d-b756-8dcbd45b18fa__ep2,ep2,test,640,719,16.07128143310547,11.60615348815918,0.16763721406459808,0.25788989663124084
long_80f_stride40:ba045ed4-ef25-404d-b756-8dcbd45b18fa__ep2:qa:15,ba045ed4-ef25-404d-b756-8dcbd45b18fa__ep2,ep2,test,680,759,15.43288516998291,11.920144081115723,0.15799251198768616,0.276072233915329
long_80f_stride40:ba045ed4-ef25-404d-b756-8dcbd45b18fa__ep2:qa:16,ba045ed4-ef25-404d-b756-8dcbd45b18fa__ep2,ep2,test,720,799,14.8410005569458,11.896951675415039,0.17292667925357819,0.27174094319343567
long_80f_stride40:ba045ed4-ef25-404d-b756-8dcbd45b18fa__ep2:qa:17,ba045ed4-ef25-404d-b756-8dcbd45b18fa__ep2,ep2,test,800,879,15.378300666809082,10.720253944396973,0.2591283321380615,0.387805312871933
long_80f_stride40:ba045ed4-ef25-404d-b756-8dcbd45b18fa__ep2:qa:18,ba045ed4-ef25-404d-b756-8dcbd45b18fa__ep2,ep2,test,840,919,15.923205375671387,10.958821296691895,0.31736481189727783,0.4581044614315033
long_80f_stride40:ba045ed4-ef25-404d-b756-8dcbd45b18fa__ep2:qa:19,ba045ed4-ef25-404d-b756-8dcbd45b18fa__ep2,ep2,test,880,959,15.89036750793457,12.828645706176758,0.23420777916908264,0.351366251707077
long_80f_stride40:ba045ed4-ef25-404d-b756-8dcbd45b18fa__ep2:qa:20,ba045ed4-ef25-404d-b756-8dcbd45b18fa__ep2,ep2,test,920,999,14.808991432189941,11.059979438781738,0.23181772232055664,0.3603980541229248
long_80f_stride40:ba045ed4-ef25-404d-b756-8dcbd45b18fa__ep2:qa:21,ba045ed4-ef25-404d-b756-8dcbd45b18fa__ep2,ep2,test,1000,1079,13.577027320861816,12.179468154907227,0.186297208070755,0.2715267241001129
long_80f_stride40:ba045ed4-ef25-404d-b756-8dcbd45b18fa__ep2:qa:22,ba045ed4-ef25-404d-b756-8dcbd45b18fa__ep2,ep2,test,1040,1119,12.089507102966309,11.846819877624512,0.18034727871418,0.2968471646308899
long_80f_stride40:ba045ed4-ef25-404d-b756-8dcbd45b18fa__ep2:qa:23,ba045ed4-ef25-404d-b756-8dcbd45b18fa__ep2,ep2,test,1080,1159,12.775131225585938,11.926654815673828,0.19586513936519623,0.31185537576675415
long_80f_stride40:ba045ed4-ef25-404d-b756-8dcbd45b18fa__ep2:qa:24,ba045ed4-ef25-404d-b756-8dcbd45b18fa__ep2,ep2,test,1120,1199,14.61602783203125,11.47132396697998,0.2996436655521393,0.4102083742618561
long_80f_stride40:ba045ed4-ef25-404d-b756-8dcbd45b18fa__ep2:qa:25,ba045ed4-ef25-404d-b756-8dcbd45b18fa__ep2,ep2,test,1160,1239,12.888996124267578,11.422762870788574,0.2988194525241852,0.423098087310791
long_80f_stride40:ba045ed4-ef25-404d-b756-8dcbd45b18fa__ep2:qa:26,ba045ed4-ef25-404d-b756-8dcbd45b18fa__ep2,ep2,test,1200,1279,0.0,11.830780982971191,0.20005442202091217,0.3983631134033203
long_80f_stride40:ba045ed4-ef25-404d-b756-8dcbd45b18fa__ep2:qa:27,ba045ed4-ef25-404d-b756-8dcbd45b18fa__ep2,ep2,test,1240,1319,0.0,11.867589950561523,0.20189832150936127,0.3996025621891022
long_80f_stride40:ba045ed4-ef25-404d-b756-8dcbd45b18fa__ep2:qa:28,ba045ed4-ef25-404d-b756-8dcbd45b18fa__ep2,ep2,test,1280,1359,0.0,12.052281379699707,0.1984414905309677,0.40582141280174255
long_80f_stride40:ba045ed4-ef25-404d-b756-8dcbd45b18fa__ep2:qa:30,ba045ed4-ef25-404d-b756-8dcbd45b18fa__ep2,ep2,test,1400,1479,14.28127384185791,11.552286148071289,0.29929086565971375,0.40615129470825195
long_80f_stride40:ba045ed4-ef25-404d-b756-8dcbd45b18fa__ep2:qa:31,ba045ed4-ef25-404d-b756-8dcbd45b18fa__ep2,ep2,test,1440,1519,14.112208366394043,11.635259628295898,0.17595523595809937,0.2795006334781647
long_80f_stride40:ba045ed4-ef25-404d-b756-8dcbd45b18fa__ep2:qa:32,ba045ed4-ef25-404d-b756-8dcbd45b18fa__ep2,ep2,test,1480,1559,14.553067207336426,12.111875534057617,0.15584659576416016,0.2483060508966446
long_80f_stride40:ba045ed4-ef25-404d-b756-8dcbd45b18fa__ep2:qa:33,ba045ed4-ef25-404d-b756-8dcbd45b18fa__ep2,ep2,test,1520,1599,14.505461692810059,12.13453483581543,0.15963248908519745,0.255290150642395
long_80f_stride40:ba045ed4-ef25-404d-b756-8dcbd45b18fa__ep2:qa:34,ba045ed4-ef25-404d-b756-8dcbd45b18fa__ep2,ep2,test,1560,1639,14.20984935760498,11.963797569274902,0.14644715189933777,0.23237070441246033
long_80f_stride40:ba045ed4-ef25-404d-b756-8dcbd45b18fa__ep2:qa:35,ba045ed4-ef25-404d-b756-8dcbd45b18fa__ep2,ep2,test,1600,1679,13.877741813659668,12.312626838684082,0.12551787495613098,0.20113205909729004
long_80f_stride40:ba045ed4-ef25-404d-b756-8dcbd45b18fa__ep2:qa:36,ba045ed4-ef25-404d-b756-8dcbd45b18fa__ep2,ep2,test,1640,1719,13.669937133789062,12.216937065124512,0.12265598028898239,0.20732279121875763
long_80f_stride40:ba045ed4-ef25-404d-b756-8dcbd45b18fa__ep2:qa:37,ba045ed4-ef25-404d-b756-8dcbd45b18fa__ep2,ep2,test,1680,1759,13.700716018676758,12.107038497924805,0.12268336862325668,0.20456616580486298
long_80f_stride40:ba045ed4-ef25-404d-b756-8dcbd45b18fa__ep2:qa:38,ba045ed4-ef25-404d-b756-8dcbd45b18fa__ep2,ep2,test,1720,1799,13.824713706970215,12.15172004699707,0.13945922255516052,0.23021671175956726
long_80f_stride40:ba045ed4-ef25-404d-b756-8dcbd45b18fa__ep2:qa:39,ba045ed4-ef25-404d-b756-8dcbd45b18fa__ep2,ep2,test,1760,1839,14.614882469177246,11.864960670471191,0.1724044382572174,0.26887160539627075
long_80f_stride40:ba045ed4-ef25-404d-b756-8dcbd45b18fa__ep2:qa:40,ba045ed4-ef25-404d-b756-8dcbd45b18fa__ep2,ep2,test,1800,1879,14.859384536743164,11.438937187194824,0.20531617105007172,0.30839475989341736
long_80f_stride40:ba045ed4-ef25-404d-b756-8dcbd45b18fa__ep2:qa:41,ba045ed4-ef25-404d-b756-8dcbd45b18fa__ep2,ep2,test,1840,1919,13.25209903717041,11.562440872192383,0.20904767513275146,0.3186374008655548
long_80f_stride40:ba045ed4-ef25-404d-b756-8dcbd45b18fa__ep2:qa:42,ba045ed4-ef25-404d-b756-8dcbd45b18fa__ep2,ep2,test,1880,1959,13.038311004638672,11.164691925048828,0.2037469893693924,0.313310444355011
long_80f_stride40:ba045ed4-ef25-404d-b756-8dcbd45b18fa__ep2:qa:43,ba045ed4-ef25-404d-b756-8dcbd45b18fa__ep2,ep2,test,1920,1999,15.220075607299805,11.603774070739746,0.19106322526931763,0.30816954374313354
long_80f_stride40:ba045ed4-ef25-404d-b756-8dcbd45b18fa__ep2:qa:44,ba045ed4-ef25-404d-b756-8dcbd45b18fa__ep2,ep2,test,1960,2039,14.831952095031738,11.789855003356934,0.17699891328811646,0.28936007618904114
long_80f_stride40:ba045ed4-ef25-404d-b756-8dcbd45b18fa__ep2:qa:45,ba045ed4-ef25-404d-b756-8dcbd45b18fa__ep2,ep2,test,2000,2079,14.22281265258789,12.100767135620117,0.1509408801794052,0.23883935809135437
long_80f_stride40:ba045ed4-ef25-404d-b756-8dcbd45b18fa__ep2:qa:46,ba045ed4-ef25-404d-b756-8dcbd45b18fa__ep2,ep2,test,2040,2119,14.326802253723145,12.376365661621094,0.14119252562522888,0.23255382478237152
long_80f_stride40:ba045ed4-ef25-404d-b756-8dcbd45b18fa__ep2:qa:79,ba045ed4-ef25-404d-b756-8dcbd45b18fa__ep2,ep2,test,3400,3479,15.692937850952148,12.112308502197266,0.226811483502388,0.36163410544395447
long_80f_stride40:ba045ed4-ef25-404d-b756-8dcbd45b18fa__ep2:qa:80,ba045ed4-ef25-404d-b756-8dcbd45b18fa__ep2,ep2,test,3440,3519,15.788743019104004,10.019094467163086,0.2642000615596771,0.3885398507118225
long_80f_stride40:ba045ed4-ef25-404d-b756-8dcbd45b18fa__ep2:qa:81,ba045ed4-ef25-404d-b756-8dcbd45b18fa__ep2,ep2,test,3520,3599,16.495637893676758,10.149264335632324,0.22625161707401276,0.32241955399513245
long_80f_stride40:ba045ed4-ef25-404d-b756-8dcbd45b18fa__ep2:qa:82,ba045ed4-ef25-404d-b756-8dcbd45b18fa__ep2,ep2,test,3560,3639,16.699344635009766,9.475132942199707,0.2576194107532501,0.36311453580856323
long_80f_stride40:ba045ed4-ef25-404d-b756-8dcbd45b18fa__ep2:qa:83,ba045ed4-ef25-404d-b756-8dcbd45b18fa__ep2,ep2,test,3640,3719,16.447261810302734,10.633451461791992,0.23645935952663422,0.3468663990497589
long_80f_stride40:ba045ed4-ef25-404d-b756-8dcbd45b18fa__ep2:qa:84,ba045ed4-ef25-404d-b756-8dcbd45b18fa__ep2,ep2,test,3680,3759,16.68115234375,11.236353874206543,0.199751079082489,0.3127943277359009
long_80f_stride40:ba045ed4-ef25-404d-b756-8dcbd45b18fa__ep2:qa:85,ba045ed4-ef25-404d-b756-8dcbd45b18fa__ep2,ep2,test,3720,3799,17.096111297607422,11.024762153625488,0.21315085887908936,0.3154349625110626
long_80f_stride40:ba045ed4-ef25-404d-b756-8dcbd45b18fa__ep2:qa:86,ba045ed4-ef25-404d-b756-8dcbd45b18fa__ep2,ep2,test,3800,3879,14.627164840698242,10.694091796875,0.218150332570076,0.31213682889938354
long_80f_stride40:ba045ed4-ef25-404d-b756-8dcbd45b18fa__ep2:qa:87,ba045ed4-ef25-404d-b756-8dcbd45b18fa__ep2,ep2,test,3840,3919,14.762442588806152,10.918397903442383,0.24805988371372223,0.3462955057621002
long_80f_stride40:ba045ed4-ef25-404d-b756-8dcbd45b18fa__ep2:qa:88,ba045ed4-ef25-404d-b756-8dcbd45b18fa__ep2,ep2,test,3880,3959,16.175817489624023,11.965001106262207,0.18595123291015625,0.27385109663009644
long_80f_stride40:ba045ed4-ef25-404d-b756-8dcbd45b18fa__ep2:qa:89,ba045ed4-ef25-404d-b756-8dcbd45b18fa__ep2,ep2,test,3920,3999,16.719270706176758,11.555950164794922,0.21114400029182434,0.2975597381591797
long_80f_stride40:ba045ed4-ef25-404d-b756-8dcbd45b18fa__ep2:qa:90,ba045ed4-ef25-404d-b756-8dcbd45b18fa__ep2,ep2,test,4000,4079,16.027469635009766,11.511585235595703,0.18784040212631226,0.2707379460334778
long_80f_stride40:ba045ed4-ef25-404d-b756-8dcbd45b18fa__ep2:qa:91,ba045ed4-ef25-404d-b756-8dcbd45b18fa__ep2,ep2,test,4040,4119,15.971537590026855,11.326148986816406,0.19249874353408813,0.2809787094593048
long_80f_stride40:ba045ed4-ef25-404d-b756-8dcbd45b18fa__ep2:qa:92,ba045ed4-ef25-404d-b756-8dcbd45b18fa__ep2,ep2,test,4080,4159,14.987796783447266,12.0007963180542,0.17732113599777222,0.28435102105140686
long_80f_stride40:ba045ed4-ef25-404d-b756-8dcbd45b18fa__ep2:qa:93,ba045ed4-ef25-404d-b756-8dcbd45b18fa__ep2,ep2,test,4120,4199,15.325002670288086,11.161198616027832,0.19757530093193054,0.30853739380836487
long_80f_stride40:ba045ed4-ef25-404d-b756-8dcbd45b18fa__ep2:qa:94,ba045ed4-ef25-404d-b756-8dcbd45b18fa__ep2,ep2,test,4160,4239,15.29971694946289,11.16681957244873,0.19510528445243835,0.3129904866218567
long_80f_stride40:ba045ed4-ef25-404d-b756-8dcbd45b18fa__ep2:qa:95,ba045ed4-ef25-404d-b756-8dcbd45b18fa__ep2,ep2,test,4200,4279,15.014899253845215,12.303759574890137,0.18509525060653687,0.287953644990921
long_80f_stride40:ba045ed4-ef25-404d-b756-8dcbd45b18fa__ep2:qa:96,ba045ed4-ef25-404d-b756-8dcbd45b18fa__ep2,ep2,test,4280,4359,15.070868492126465,10.183140754699707,0.18868181109428406,0.2740142047405243
long_80f_stride40:ba045ed4-ef25-404d-b756-8dcbd45b18fa__ep2:qa:97,ba045ed4-ef25-404d-b756-8dcbd45b18fa__ep2,ep2,test,4320,4399,14.637654304504395,11.01980209350586,0.15420222282409668,0.25895240902900696
long_80f_stride40:ba045ed4-ef25-404d-b756-8dcbd45b18fa__ep2:qa:98,ba045ed4-ef25-404d-b756-8dcbd45b18fa__ep2,ep2,test,4400,4479,12.452874183654785,11.053677558898926,0.15542194247245789,0.26809218525886536
long_80f_stride40:ba045ed4-ef25-404d-b756-8dcbd45b18fa__ep2:qa:99,ba045ed4-ef25-404d-b756-8dcbd45b18fa__ep2,ep2,test,4440,4519,12.457273483276367,11.099474906921387,0.16789335012435913,0.28541696071624756
long_80f_stride40:ba045ed4-ef25-404d-b756-8dcbd45b18fa__ep2:qa:100,ba045ed4-ef25-404d-b756-8dcbd45b18fa__ep2,ep2,test,4480,4559,14.817681312561035,11.211316108703613,0.17444193363189697,0.27995431423187256
long_80f_stride40:ba045ed4-ef25-404d-b756-8dcbd45b18fa__ep2:qa:101,ba045ed4-ef25-404d-b756-8dcbd45b18fa__ep2,ep2,test,4520,4599,15.080501556396484,11.500981330871582,0.1807258278131485,0.3001100718975067
long_80f_stride40:ba045ed4-ef25-404d-b756-8dcbd45b18fa__ep2:qa:102,ba045ed4-ef25-404d-b756-8dcbd45b18fa__ep2,ep2,test,4600,4679,15.314109802246094,11.628278732299805,0.25219735503196716,0.38099047541618347
long_80f_stride40:ba045ed4-ef25-404d-b756-8dcbd45b18fa__ep2:qa:103,ba045ed4-ef25-404d-b756-8dcbd45b18fa__ep2,ep2,test,4640,4719,15.9502592086792,10.8109712600708,0.31130093336105347,0.44080308079719543
long_80f_stride40:ba045ed4-ef25-404d-b756-8dcbd45b18fa__ep2:qa:104,ba045ed4-ef25-404d-b756-8dcbd45b18fa__ep2,ep2,test,4680,4759,12.632405281066895,11.151690483093262,0.2495580017566681,0.3359048664569855
long_80f_stride40:ba045ed4-ef25-404d-b756-8dcbd45b18fa__ep2:qa:105,ba045ed4-ef25-404d-b756-8dcbd45b18fa__ep2,ep2,test,4720,4799,15.851590156555176,11.024168014526367,0.3231228291988373,0.4368738532066345
long_80f_stride40:ba045ed4-ef25-404d-b756-8dcbd45b18fa__ep2:qa:106,ba045ed4-ef25-404d-b756-8dcbd45b18fa__ep2,ep2,test,4800,4879,16.247230529785156,12.355395317077637,0.2627292573451996,0.3998757302761078
long_80f_stride40:ba045ed4-ef25-404d-b756-8dcbd45b18fa__ep2:qa:107,ba045ed4-ef25-404d-b756-8dcbd45b18fa__ep2,ep2,test,4840,4919,16.348783493041992,11.39929485321045,0.1916893869638443,0.27627915143966675
long_80f_stride40:ba045ed4-ef25-404d-b756-8dcbd45b18fa__ep2:qa:108,ba045ed4-ef25-404d-b756-8dcbd45b18fa__ep2,ep2,test,4880,4959,15.605542182922363,11.93149185180664,0.1605352759361267,0.27576038241386414
long_80f_stride40:ba045ed4-ef25-404d-b756-8dcbd45b18fa__ep2:qa:109,ba045ed4-ef25-404d-b756-8dcbd45b18fa__ep2,ep2,test,4920,4999,15.45177173614502,11.5142240524292,0.15617047250270844,0.26365765929222107
long_80f_stride40:ba045ed4-ef25-404d-b756-8dcbd45b18fa__ep2:qa:110,ba045ed4-ef25-404d-b756-8dcbd45b18fa__ep2,ep2,test,5000,5079,16.136552810668945,11.223379135131836,0.2048054039478302,0.3124197721481323
long_80f_stride40:ba045ed4-ef25-404d-b756-8dcbd45b18fa__ep2:qa:111,ba045ed4-ef25-404d-b756-8dcbd45b18fa__ep2,ep2,test,5040,5119,16.96998405456543,11.118721008300781,0.209886372089386,0.3053630590438843
long_80f_stride40:ba045ed4-ef25-404d-b756-8dcbd45b18fa__ep2:qa:112,ba045ed4-ef25-404d-b756-8dcbd45b18fa__ep2,ep2,test,5080,5159,17.110538482666016,11.15163516998291,0.20790795981884003,0.3006855845451355
long_80f_stride40:ba045ed4-ef25-404d-b756-8dcbd45b18fa__ep2:qa:113,ba045ed4-ef25-404d-b756-8dcbd45b18fa__ep2,ep2,test,5160,5239,13.087594985961914,12.07645320892334,0.2689005732536316,0.44282928109169006
long_80f_stride40:ba045ed4-ef25-404d-b756-8dcbd45b18fa__ep2:qa:114,ba045ed4-ef25-404d-b756-8dcbd45b18fa__ep2,ep2,test,5200,5279,14.175804138183594,11.661657333374023,0.3151889443397522,0.427769273519516
long_80f_stride40:ba045ed4-ef25-404d-b756-8dcbd45b18fa__ep2:qa:115,ba045ed4-ef25-404d-b756-8dcbd45b18fa__ep2,ep2,test,5240,5319,15.18242359161377,11.473614692687988,0.2894440293312073,0.42785951495170593
long_80f_stride40:ba045ed4-ef25-404d-b756-8dcbd45b18fa__ep2:qa:116,ba045ed4-ef25-404d-b756-8dcbd45b18fa__ep2,ep2,test,5280,5359,14.562698364257812,11.795634269714355,0.15828201174736023,0.25932326912879944
long_80f_stride40:ba045ed4-ef25-404d-b756-8dcbd45b18fa__ep2:qa:117,ba045ed4-ef25-404d-b756-8dcbd45b18fa__ep2,ep2,test,5320,5399,15.132031440734863,11.520145416259766,0.2799857556819916,0.40445348620414734
long_80f_stride40:ba045ed4-ef25-404d-b756-8dcbd45b18fa__ep2:qa:118,ba045ed4-ef25-404d-b756-8dcbd45b18fa__ep2,ep2,test,5400,5479,10.839746475219727,11.6314058303833,0.28402966260910034,0.4066820740699768
long_80f_stride40:ba045ed4-ef25-404d-b756-8dcbd45b18fa__ep2:qa:119,ba045ed4-ef25-404d-b756-8dcbd45b18fa__ep2,ep2,test,5440,5519,13.416332244873047,11.769344329833984,0.308393657207489,0.4202234148979187
long_80f_stride40:ba045ed4-ef25-404d-b756-8dcbd45b18fa__ep2:qa:120,ba045ed4-ef25-404d-b756-8dcbd45b18fa__ep2,ep2,test,5480,5559,13.997459411621094,11.900116920471191,0.1699119508266449,0.2544090449810028
long_80f_stride40:ba045ed4-ef25-404d-b756-8dcbd45b18fa__ep2:qa:121,ba045ed4-ef25-404d-b756-8dcbd45b18fa__ep2,ep2,test,5520,5599,14.342927932739258,11.857196807861328,0.13651834428310394,0.23206062614917755
long_80f_stride40:ba045ed4-ef25-404d-b756-8dcbd45b18fa__ep2:qa:122,ba045ed4-ef25-404d-b756-8dcbd45b18fa__ep2,ep2,test,5560,5639,14.534747123718262,11.760392189025879,0.14162860810756683,0.24077501893043518
long_80f_stride40:ba045ed4-ef25-404d-b756-8dcbd45b18fa__ep2:qa:123,ba045ed4-ef25-404d-b756-8dcbd45b18fa__ep2,ep2,test,5600,5679,14.605877876281738,11.954343795776367,0.14530308544635773,0.24332916736602783
long_80f_stride40:ba045ed4-ef25-404d-b756-8dcbd45b18fa__ep2:qa:124,ba045ed4-ef25-404d-b756-8dcbd45b18fa__ep2,ep2,test,5640,5719,14.847856521606445,12.009268760681152,0.1706116795539856,0.28582102060317993
long_80f_stride40:ba045ed4-ef25-404d-b756-8dcbd45b18fa__ep2:qa:125,ba045ed4-ef25-404d-b756-8dcbd45b18fa__ep2,ep2,test,5680,5759,14.840575218200684,12.07935619354248,0.1629471480846405,0.27619537711143494
long_80f_stride40:ba045ed4-ef25-404d-b756-8dcbd45b18fa__ep2:qa:126,ba045ed4-ef25-404d-b756-8dcbd45b18fa__ep2,ep2,test,5720,5799,14.679875373840332,12.246163368225098,0.14470431208610535,0.2470264583826065
long_80f_stride40:ba045ed4-ef25-404d-b756-8dcbd45b18fa__ep2:qa:127,ba045ed4-ef25-404d-b756-8dcbd45b18fa__ep2,ep2,test,5800,5879,14.973170280456543,12.449725151062012,0.16379447281360626,0.27058032155036926
long_80f_stride40:ba045ed4-ef25-404d-b756-8dcbd45b18fa__ep2:qa:128,ba045ed4-ef25-404d-b756-8dcbd45b18fa__ep2,ep2,test,5840,5919,15.255558967590332,11.942806243896484,0.3177732527256012,0.43185916543006897
long_80f_stride40:4b02bb38-384a-438a-b5f9-6131d85c34b0__ep1:qa:0,4b02bb38-384a-438a-b5f9-6131d85c34b0__ep1,ep1,test,0,79,0.0,10.789207458496094,0.18822982907295227,0.36329150199890137
long_80f_stride40:4b02bb38-384a-438a-b5f9-6131d85c34b0__ep1:qa:1,4b02bb38-384a-438a-b5f9-6131d85c34b0__ep1,ep1,test,40,119,0.0,10.769750595092773,0.20849132537841797,0.3626363277435303
long_80f_stride40:4b02bb38-384a-438a-b5f9-6131d85c34b0__ep1:qa:2,4b02bb38-384a-438a-b5f9-6131d85c34b0__ep1,ep1,test,80,159,16.954748153686523,9.56000804901123,0.35869839787483215,0.49020031094551086
long_80f_stride40:4b02bb38-384a-438a-b5f9-6131d85c34b0__ep1:qa:3,4b02bb38-384a-438a-b5f9-6131d85c34b0__ep1,ep1,test,120,199,18.967519760131836,10.119596481323242,0.3786535859107971,0.5423811674118042
long_80f_stride40:4b02bb38-384a-438a-b5f9-6131d85c34b0__ep1:qa:4,4b02bb38-384a-438a-b5f9-6131d85c34b0__ep1,ep1,test,160,239,18.91181755065918,11.604532241821289,0.343816876411438,0.5039810538291931
long_80f_stride40:4b02bb38-384a-438a-b5f9-6131d85c34b0__ep1:qa:5,4b02bb38-384a-438a-b5f9-6131d85c34b0__ep1,ep1,test,200,279,16.710176467895508,11.653104782104492,0.3763134777545929,0.5389102101325989
long_80f_stride40:4b02bb38-384a-438a-b5f9-6131d85c34b0__ep1:qa:6,4b02bb38-384a-438a-b5f9-6131d85c34b0__ep1,ep1,test,280,359,0.0,10.978411674499512,0.20388461649417877,0.3696623146533966
long_80f_stride40:4b02bb38-384a-438a-b5f9-6131d85c34b0__ep1:qa:7,4b02bb38-384a-438a-b5f9-6131d85c34b0__ep1,ep1,test,320,399,0.0,10.106610298156738,0.23066489398479462,0.3403072655200958
long_80f_stride40:4b02bb38-384a-438a-b5f9-6131d85c34b0__ep1:qa:8,4b02bb38-384a-438a-b5f9-6131d85c34b0__ep1,ep1,test,400,479,0.0,10.548653602600098,0.2502842843532562,0.3551916480064392
long_80f_stride40:4b02bb38-384a-438a-b5f9-6131d85c34b0__ep1:qa:9,4b02bb38-384a-438a-b5f9-6131d85c34b0__ep1,ep1,test,440,519,0.0,10.974448204040527,0.26096612215042114,0.3695289194583893
long_80f_stride40:4b02bb38-384a-438a-b5f9-6131d85c34b0__ep1:qa:10,4b02bb38-384a-438a-b5f9-6131d85c34b0__ep1,ep1,test,480,559,0.0,8.729400634765625,0.18614576756954193,0.2939341962337494
long_80f_stride40:4b02bb38-384a-438a-b5f9-6131d85c34b0__ep1:qa:11,4b02bb38-384a-438a-b5f9-6131d85c34b0__ep1,ep1,test,520,599,0.0,10.20373821258545,0.2339429408311844,0.3435777425765991
long_80f_stride40:4b02bb38-384a-438a-b5f9-6131d85c34b0__ep1:qa:12,4b02bb38-384a-438a-b5f9-6131d85c34b0__ep1,ep1,test,560,639,0.0,11.39193058013916,0.2638396620750427,0.38358622789382935
long_80f_stride40:4b02bb38-384a-438a-b5f9-6131d85c34b0__ep1:qa:13,4b02bb38-384a-438a-b5f9-6131d85c34b0__ep1,ep1,test,640,719,17.838266372680664,10.088916778564453,0.36829063296318054,0.5344211459159851
long_80f_stride40:4b02bb38-384a-438a-b5f9-6131d85c34b0__ep1:qa:14,4b02bb38-384a-438a-b5f9-6131d85c34b0__ep1,ep1,test,680,759,21.011104583740234,10.427072525024414,0.40068504214286804,0.574155330657959
long_80f_stride40:4b02bb38-384a-438a-b5f9-6131d85c34b0__ep1:qa:15,4b02bb38-384a-438a-b5f9-6131d85c34b0__ep1,ep1,test,720,799,21.56562614440918,10.233240127563477,0.36571574211120605,0.5113638043403625
long_80f_stride40:4b02bb38-384a-438a-b5f9-6131d85c34b0__ep1:qa:16,4b02bb38-384a-438a-b5f9-6131d85c34b0__ep1,ep1,test,760,839,20.97332000732422,10.525201797485352,0.31724169850349426,0.46248212456703186
long_80f_stride40:4b02bb38-384a-438a-b5f9-6131d85c34b0__ep1:qa:17,4b02bb38-384a-438a-b5f9-6131d85c34b0__ep1,ep1,test,800,879,20.387714385986328,9.524805068969727,0.35690370202064514,0.5495607256889343
long_80f_stride40:4b02bb38-384a-438a-b5f9-6131d85c34b0__ep1:qa:18,4b02bb38-384a-438a-b5f9-6131d85c34b0__ep1,ep1,test,840,919,20.463335037231445,9.614788055419922,0.3693530857563019,0.5587180852890015
long_80f_stride40:4b02bb38-384a-438a-b5f9-6131d85c34b0__ep1:qa:19,4b02bb38-384a-438a-b5f9-6131d85c34b0__ep1,ep1,test,880,959,20.891088485717773,11.926778793334961,0.3898478150367737,0.5641167163848877
long_80f_stride40:4b02bb38-384a-438a-b5f9-6131d85c34b0__ep1:qa:20,4b02bb38-384a-438a-b5f9-6131d85c34b0__ep1,ep1,test,920,999,19.03056526184082,11.883331298828125,0.39641645550727844,0.5528298020362854
long_80f_stride40:4b02bb38-384a-438a-b5f9-6131d85c34b0__ep1:qa:21,4b02bb38-384a-438a-b5f9-6131d85c34b0__ep1,ep1,test,1000,1079,19.076929092407227,11.059181213378906,0.3693588376045227,0.5486472845077515
long_80f_stride40:4b02bb38-384a-438a-b5f9-6131d85c34b0__ep1:qa:22,4b02bb38-384a-438a-b5f9-6131d85c34b0__ep1,ep1,test,1040,1119,19.897069931030273,9.381036758422852,0.33628714084625244,0.4841912090778351
long_80f_stride40:4b02bb38-384a-438a-b5f9-6131d85c34b0__ep1:qa:23,4b02bb38-384a-438a-b5f9-6131d85c34b0__ep1,ep1,test,1080,1159,20.679872512817383,10.797262191772461,0.345755934715271,0.5245829224586487
long_80f_stride40:4b02bb38-384a-438a-b5f9-6131d85c34b0__ep1:qa:24,4b02bb38-384a-438a-b5f9-6131d85c34b0__ep1,ep1,test,1120,1199,16.02214813232422,12.307623863220215,0.23712408542633057,0.3685057461261749
long_80f_stride40:4b02bb38-384a-438a-b5f9-6131d85c34b0__ep1:qa:25,4b02bb38-384a-438a-b5f9-6131d85c34b0__ep1,ep1,test,1160,1239,19.477245330810547,12.483133316040039,0.34347981214523315,0.5299468040466309
long_80f_stride40:4b02bb38-384a-438a-b5f9-6131d85c34b0__ep1:qa:26,4b02bb38-384a-438a-b5f9-6131d85c34b0__ep1,ep1,test,1200,1279,19.41162109375,12.535572052001953,0.2307795286178589,0.36695149540901184
long_80f_stride40:4b02bb38-384a-438a-b5f9-6131d85c34b0__ep1:qa:27,4b02bb38-384a-438a-b5f9-6131d85c34b0__ep1,ep1,test,1240,1319,16.140220642089844,12.515320777893066,0.2628709077835083,0.3963643014431
long_80f_stride40:4b02bb38-384a-438a-b5f9-6131d85c34b0__ep1:qa:28,4b02bb38-384a-438a-b5f9-6131d85c34b0__ep1,ep1,test,1280,1359,16.168231964111328,12.504871368408203,0.2640911638736725,0.4031446576118469
long_80f_stride40:4b02bb38-384a-438a-b5f9-6131d85c34b0__ep1:qa:29,4b02bb38-384a-438a-b5f9-6131d85c34b0__ep1,ep1,test,1320,1399,19.47789192199707,12.503819465637207,0.25053465366363525,0.3903781771659851
long_80f_stride40:4b02bb38-384a-438a-b5f9-6131d85c34b0__ep1:qa:30,4b02bb38-384a-438a-b5f9-6131d85c34b0__ep1,ep1,test,1400,1479,18.972469329833984,12.524249076843262,0.2311299443244934,0.3668820261955261
long_80f_stride40:4b02bb38-384a-438a-b5f9-6131d85c34b0__ep1:qa:31,4b02bb38-384a-438a-b5f9-6131d85c34b0__ep1,ep1,test,1440,1519,16.50625991821289,12.216842651367188,0.2890198528766632,0.4122907817363739
long_80f_stride40:4b02bb38-384a-438a-b5f9-6131d85c34b0__ep1:qa:32,4b02bb38-384a-438a-b5f9-6131d85c34b0__ep1,ep1,test,1480,1559,16.38665199279785,11.832076072692871,0.25711897015571594,0.3886986970901489
long_80f_stride40:4b02bb38-384a-438a-b5f9-6131d85c34b0__ep1:qa:33,4b02bb38-384a-438a-b5f9-6131d85c34b0__ep1,ep1,test,1520,1599,19.635663986206055,11.504071235656738,0.29148057103157043,0.41799649596214294
long_80f_stride40:4b02bb38-384a-438a-b5f9-6131d85c34b0__ep1:qa:34,4b02bb38-384a-438a-b5f9-6131d85c34b0__ep1,ep1,test,1560,1639,20.334089279174805,9.767085075378418,0.3442935645580292,0.4889354407787323
long_80f_stride40:4b02bb38-384a-438a-b5f9-6131d85c34b0__ep1:qa:35,4b02bb38-384a-438a-b5f9-6131d85c34b0__ep1,ep1,test,1600,1679,20.336772918701172,9.699091911315918,0.32848310470581055,0.48570719361305237
long_80f_stride40:4b02bb38-384a-438a-b5f9-6131d85c34b0__ep1:qa:36,4b02bb38-384a-438a-b5f9-6131d85c34b0__ep1,ep1,test,1640,1719,17.784751892089844,11.008567810058594,0.3111622929573059,0.4427512586116791
long_80f_stride40:4b02bb38-384a-438a-b5f9-6131d85c34b0__ep1:qa:37,4b02bb38-384a-438a-b5f9-6131d85c34b0__ep1,ep1,test,1680,1759,17.508634567260742,11.59467601776123,0.28996267914772034,0.4139993190765381
long_80f_stride40:4b02bb38-384a-438a-b5f9-6131d85c34b0__ep1:qa:38,4b02bb38-384a-438a-b5f9-6131d85c34b0__ep1,ep1,test,1720,1799,19.021738052368164,12.321858406066895,0.27605918049812317,0.45737066864967346
long_80f_stride40:4b02bb38-384a-438a-b5f9-6131d85c34b0__ep1:qa:39,4b02bb38-384a-438a-b5f9-6131d85c34b0__ep1,ep1,test,1760,1839,19.059524536132812,12.309247970581055,0.2986984848976135,0.48408350348472595
long_80f_stride40:4b02bb38-384a-438a-b5f9-6131d85c34b0__ep1:qa:40,4b02bb38-384a-438a-b5f9-6131d85c34b0__ep1,ep1,test,1800,1879,18.980287551879883,12.21948528289795,0.294547438621521,0.4740576148033142
long_80f_stride40:4b02bb38-384a-438a-b5f9-6131d85c34b0__ep1:qa:41,4b02bb38-384a-438a-b5f9-6131d85c34b0__ep1,ep1,test,1840,1919,19.09919548034668,12.028327941894531,0.2956233620643616,0.4722781479358673
long_80f_stride40:4b02bb38-384a-438a-b5f9-6131d85c34b0__ep1:qa:42,4b02bb38-384a-438a-b5f9-6131d85c34b0__ep1,ep1,test,1880,1959,19.388370513916016,12.0469970703125,0.2993922531604767,0.4787711501121521
long_80f_stride40:4b02bb38-384a-438a-b5f9-6131d85c34b0__ep1:qa:43,4b02bb38-384a-438a-b5f9-6131d85c34b0__ep1,ep1,test,1920,1999,19.78274917602539,12.451009750366211,0.2863212525844574,0.4766038656234741
long_80f_stride40:4b02bb38-384a-438a-b5f9-6131d85c34b0__ep1:qa:44,4b02bb38-384a-438a-b5f9-6131d85c34b0__ep1,ep1,test,2000,2079,19.69623374938965,12.131111145019531,0.29547858238220215,0.4883628189563751
long_80f_stride40:4b02bb38-384a-438a-b5f9-6131d85c34b0__ep1:qa:45,4b02bb38-384a-438a-b5f9-6131d85c34b0__ep1,ep1,test,2040,2119,19.53322410583496,12.42539119720459,0.2887202799320221,0.4866471588611603
long_80f_stride40:4b02bb38-384a-438a-b5f9-6131d85c34b0__ep1:qa:46,4b02bb38-384a-438a-b5f9-6131d85c34b0__ep1,ep1,test,2080,2159,19.405885696411133,12.530301094055176,0.2821132242679596,0.4866931438446045
long_80f_stride40:4b02bb38-384a-438a-b5f9-6131d85c34b0__ep1:qa:47,4b02bb38-384a-438a-b5f9-6131d85c34b0__ep1,ep1,test,2120,2199,19.41694450378418,12.556997299194336,0.280595988035202,0.48643216490745544
long_80f_stride40:4b02bb38-384a-438a-b5f9-6131d85c34b0__ep1:qa:48,4b02bb38-384a-438a-b5f9-6131d85c34b0__ep1,ep1,test,2160,2239,19.43414306640625,12.534757614135742,0.2785058319568634,0.484331876039505
long_80f_stride40:4b02bb38-384a-438a-b5f9-6131d85c34b0__ep1:qa:49,4b02bb38-384a-438a-b5f9-6131d85c34b0__ep1,ep1,test,2200,2279,19.466840744018555,12.541385650634766,0.2794635593891144,0.4827801585197449
long_80f_stride40:4b02bb38-384a-438a-b5f9-6131d85c34b0__ep1:qa:50,4b02bb38-384a-438a-b5f9-6131d85c34b0__ep1,ep1,test,2240,2319,19.551815032958984,12.59329605102539,0.28229743242263794,0.48536691069602966
long_80f_stride40:4b02bb38-384a-438a-b5f9-6131d85c34b0__ep1:qa:51,4b02bb38-384a-438a-b5f9-6131d85c34b0__ep1,ep1,test,2280,2359,19.650306701660156,12.559454917907715,0.2812287211418152,0.4866223633289337
long_80f_stride40:4b02bb38-384a-438a-b5f9-6131d85c34b0__ep1:qa:52,4b02bb38-384a-438a-b5f9-6131d85c34b0__ep1,ep1,test,2320,2399,19.655981063842773,12.550785064697266,0.2822573781013489,0.4880932569503784
long_80f_stride40:4b02bb38-384a-438a-b5f9-6131d85c34b0__ep1:qa:53,4b02bb38-384a-438a-b5f9-6131d85c34b0__ep1,ep1,test,2360,2439,19.319379806518555,12.32396411895752,0.29603514075279236,0.48128002882003784
long_80f_stride40:4b02bb38-384a-438a-b5f9-6131d85c34b0__ep1:qa:54,4b02bb38-384a-438a-b5f9-6131d85c34b0__ep1,ep1,test,2400,2479,19.82138442993164,11.67803955078125,0.2939949333667755,0.47709617018699646
long_80f_stride40:4b02bb38-384a-438a-b5f9-6131d85c34b0__ep1:qa:55,4b02bb38-384a-438a-b5f9-6131d85c34b0__ep1,ep1,test,2440,2519,20.26103401184082,11.316596031188965,0.35522931814193726,0.5545147061347961
long_80f_stride40:4b02bb38-384a-438a-b5f9-6131d85c34b0__ep1:qa:56,4b02bb38-384a-438a-b5f9-6131d85c34b0__ep1,ep1,test,2480,2559,20.489280700683594,9.277606964111328,0.4117109179496765,0.6358867883682251
long_80f_stride40:4b02bb38-384a-438a-b5f9-6131d85c34b0__ep1:qa:57,4b02bb38-384a-438a-b5f9-6131d85c34b0__ep1,ep1,test,2520,2599,21.049793243408203,9.080991744995117,0.4657847285270691,0.6638469099998474
long_80f_stride40:4b02bb38-384a-438a-b5f9-6131d85c34b0__ep1:qa:59,4b02bb38-384a-438a-b5f9-6131d85c34b0__ep1,ep1,test,2640,2719,0.0,10.074888229370117,0.17199720442295074,0.33923912048339844
long_80f_stride40:4b02bb38-384a-438a-b5f9-6131d85c34b0__ep1:qa:60,4b02bb38-384a-438a-b5f9-6131d85c34b0__ep1,ep1,test,2680,2759,18.840721130371094,9.206231117248535,0.35831284523010254,0.5298455357551575
long_80f_stride40:4b02bb38-384a-438a-b5f9-6131d85c34b0__ep1:qa:61,4b02bb38-384a-438a-b5f9-6131d85c34b0__ep1,ep1,test,2720,2799,19.814453125,8.91662311553955,0.3694165349006653,0.5149726271629333
long_80f_stride40:4b02bb38-384a-438a-b5f9-6131d85c34b0__ep1:qa:62,4b02bb38-384a-438a-b5f9-6131d85c34b0__ep1,ep1,test,2760,2839,19.254615783691406,10.366758346557617,0.2996428608894348,0.42783206701278687
long_80f_stride40:4b02bb38-384a-438a-b5f9-6131d85c34b0__ep1:qa:63,4b02bb38-384a-438a-b5f9-6131d85c34b0__ep1,ep1,test,2800,2879,18.93444061279297,11.236276626586914,0.27540323138237,0.4308490455150604
long_80f_stride40:4b02bb38-384a-438a-b5f9-6131d85c34b0__ep1:qa:64,4b02bb38-384a-438a-b5f9-6131d85c34b0__ep1,ep1,test,2840,2919,19.23126983642578,12.340022087097168,0.2737833857536316,0.451127827167511
long_80f_stride40:4b02bb38-384a-438a-b5f9-6131d85c34b0__ep1:qa:65,4b02bb38-384a-438a-b5f9-6131d85c34b0__ep1,ep1,test,2880,2959,19.20963478088379,12.375861167907715,0.2770495116710663,0.4547065794467926
long_80f_stride40:4b02bb38-384a-438a-b5f9-6131d85c34b0__ep1:qa:66,4b02bb38-384a-438a-b5f9-6131d85c34b0__ep1,ep1,test,2920,2999,19.197004318237305,12.245826721191406,0.27864351868629456,0.4575420320034027
long_80f_stride40:4b02bb38-384a-438a-b5f9-6131d85c34b0__ep1:qa:83,4b02bb38-384a-438a-b5f9-6131d85c34b0__ep1,ep1,test,3680,3759,20.501943588256836,12.41643238067627,0.3248845338821411,0.509326159954071
long_80f_stride40:4b02bb38-384a-438a-b5f9-6131d85c34b0__ep1:qa:84,4b02bb38-384a-438a-b5f9-6131d85c34b0__ep1,ep1,test,3720,3799,17.031085968017578,9.545931816101074,0.29640817642211914,0.41056013107299805
long_80f_stride40:4b02bb38-384a-438a-b5f9-6131d85c34b0__ep1:qa:85,4b02bb38-384a-438a-b5f9-6131d85c34b0__ep1,ep1,test,3760,3839,16.457439422607422,9.234516143798828,0.2583844065666199,0.35730794072151184
long_80f_stride40:4b02bb38-384a-438a-b5f9-6131d85c34b0__ep1:qa:86,4b02bb38-384a-438a-b5f9-6131d85c34b0__ep1,ep1,test,3800,3879,19.60992431640625,11.22307300567627,0.276362806558609,0.4117569923400879
long_80f_stride40:4b02bb38-384a-438a-b5f9-6131d85c34b0__ep1:qa:87,4b02bb38-384a-438a-b5f9-6131d85c34b0__ep1,ep1,test,3840,3919,19.214372634887695,11.282926559448242,0.28664112091064453,0.4360952079296112
long_80f_stride40:4b02bb38-384a-438a-b5f9-6131d85c34b0__ep1:qa:88,4b02bb38-384a-438a-b5f9-6131d85c34b0__ep1,ep1,test,3880,3959,19.095691680908203,11.785479545593262,0.2780827581882477,0.42679184675216675
long_80f_stride40:4b02bb38-384a-438a-b5f9-6131d85c34b0__ep1:qa:89,4b02bb38-384a-438a-b5f9-6131d85c34b0__ep1,ep1,test,3920,3999,18.482881546020508,11.727136611938477,0.38141798973083496,0.5303577780723572
long_80f_stride40:4b02bb38-384a-438a-b5f9-6131d85c34b0__ep1:qa:90,4b02bb38-384a-438a-b5f9-6131d85c34b0__ep1,ep1,test,4000,4079,17.193620681762695,12.24074935913086,0.3769685924053192,0.5292994379997253
long_80f_stride40:4b02bb38-384a-438a-b5f9-6131d85c34b0__ep1:qa:91,4b02bb38-384a-438a-b5f9-6131d85c34b0__ep1,ep1,test,4040,4119,18.82868194580078,12.278202056884766,0.3533477783203125,0.5202239155769348
long_80f_stride40:4b02bb38-384a-438a-b5f9-6131d85c34b0__ep1:qa:92,4b02bb38-384a-438a-b5f9-6131d85c34b0__ep1,ep1,test,4080,4159,19.18352699279785,10.794611930847168,0.3711966872215271,0.5149993896484375
long_80f_stride40:4b02bb38-384a-438a-b5f9-6131d85c34b0__ep1:qa:93,4b02bb38-384a-438a-b5f9-6131d85c34b0__ep1,ep1,test,4120,4199,17.564664840698242,6.904219150543213,0.33882787823677063,0.5064625144004822
long_80f_stride40:4b02bb38-384a-438a-b5f9-6131d85c34b0__ep1:qa:94,4b02bb38-384a-438a-b5f9-6131d85c34b0__ep1,ep1,test,4160,4239,0.0,7.022310733795166,0.1406230628490448,0.23645351827144623
long_80f_stride40:4b02bb38-384a-438a-b5f9-6131d85c34b0__ep1:qa:95,4b02bb38-384a-438a-b5f9-6131d85c34b0__ep1,ep1,test,4200,4279,0.0,9.318573951721191,0.1767817884683609,0.31377270817756653
long_80f_stride40:4b02bb38-384a-438a-b5f9-6131d85c34b0__ep1:qa:96,4b02bb38-384a-438a-b5f9-6131d85c34b0__ep1,ep1,test,4240,4319,0.0,9.989587783813477,0.19116540253162384,0.3363668918609619
long_80f_stride40:4b02bb38-384a-438a-b5f9-6131d85c34b0__ep1:qa:97,4b02bb38-384a-438a-b5f9-6131d85c34b0__ep1,ep1,test,4280,4359,0.0,15.656126022338867,0.3537396490573883,0.5271691679954529
long_80f_stride40:4b02bb38-384a-438a-b5f9-6131d85c34b0__ep1:qa:98,4b02bb38-384a-438a-b5f9-6131d85c34b0__ep1,ep1,test,4320,4399,0.0,13.77890396118164,0.30929672718048096,0.46395981311798096
long_80f_stride40:4b02bb38-384a-438a-b5f9-6131d85c34b0__ep1:qa:99,4b02bb38-384a-438a-b5f9-6131d85c34b0__ep1,ep1,test,4400,4479,18.416954040527344,10.020344734191895,0.3709486424922943,0.5318338871002197
long_80f_stride40:4b02bb38-384a-438a-b5f9-6131d85c34b0__ep1:qa:100,4b02bb38-384a-438a-b5f9-6131d85c34b0__ep1,ep1,test,4440,4519,19.80925178527832,10.671643257141113,0.2975060045719147,0.4677116274833679
long_80f_stride40:4b02bb38-384a-438a-b5f9-6131d85c34b0__ep1:qa:101,4b02bb38-384a-438a-b5f9-6131d85c34b0__ep1,ep1,test,4480,4559,19.31102180480957,11.301740646362305,0.2907112240791321,0.4221629500389099
long_80f_stride40:4b02bb38-384a-438a-b5f9-6131d85c34b0__ep1:qa:102,4b02bb38-384a-438a-b5f9-6131d85c34b0__ep1,ep1,test,4520,4599,19.11055564880371,11.988687515258789,0.2706053555011749,0.3858306109905243
long_80f_stride40:4b02bb38-384a-438a-b5f9-6131d85c34b0__ep1:qa:103,4b02bb38-384a-438a-b5f9-6131d85c34b0__ep1,ep1,test,4560,4639,19.700754165649414,9.772302627563477,0.3406495451927185,0.5222539901733398
long_80f_stride40:4b02bb38-384a-438a-b5f9-6131d85c34b0__ep1:qa:104,4b02bb38-384a-438a-b5f9-6131d85c34b0__ep1,ep1,test,4600,4679,17.03767967224121,7.590502738952637,0.24949486553668976,0.3725588619709015
long_80f_stride40:4b02bb38-384a-438a-b5f9-6131d85c34b0__ep1:qa:105,4b02bb38-384a-438a-b5f9-6131d85c34b0__ep1,ep1,test,4640,4719,18.835744857788086,7.630218505859375,0.3014993369579315,0.45179054141044617
long_80f_stride40:4b02bb38-384a-438a-b5f9-6131d85c34b0__ep1:qa:106,4b02bb38-384a-438a-b5f9-6131d85c34b0__ep1,ep1,test,4680,4759,18.706832885742188,10.253616333007812,0.2879246771335602,0.4016329348087311
long_80f_stride40:4b02bb38-384a-438a-b5f9-6131d85c34b0__ep1:qa:107,4b02bb38-384a-438a-b5f9-6131d85c34b0__ep1,ep1,test,4720,4799,19.98149299621582,10.25645923614502,0.3108367919921875,0.48153746128082275
long_80f_stride40:4b02bb38-384a-438a-b5f9-6131d85c34b0__ep1:qa:108,4b02bb38-384a-438a-b5f9-6131d85c34b0__ep1,ep1,test,4760,4839,20.013568878173828,10.095478057861328,0.3161701261997223,0.47854623198509216
long_80f_stride40:4b02bb38-384a-438a-b5f9-6131d85c34b0__ep1:qa:109,4b02bb38-384a-438a-b5f9-6131d85c34b0__ep1,ep1,test,4800,4879,19.78059196472168,11.731937408447266,0.27279987931251526,0.42231452465057373
long_80f_stride40:4b02bb38-384a-438a-b5f9-6131d85c34b0__ep1:qa:110,4b02bb38-384a-438a-b5f9-6131d85c34b0__ep1,ep1,test,4840,4919,19.82719612121582,12.261794090270996,0.2613198459148407,0.42332738637924194
long_80f_stride40:4b02bb38-384a-438a-b5f9-6131d85c34b0__ep1:qa:111,4b02bb38-384a-438a-b5f9-6131d85c34b0__ep1,ep1,test,4880,4959,19.758384704589844,12.230978012084961,0.2582415044307709,0.41797080636024475
long_80f_stride40:4b02bb38-384a-438a-b5f9-6131d85c34b0__ep1:qa:112,4b02bb38-384a-438a-b5f9-6131d85c34b0__ep1,ep1,test,4920,4999,19.67427635192871,12.32536792755127,0.25358811020851135,0.41426894068717957
long_80f_stride40:5399ef86-4df9-49bc-809f-8f4f92f9e659__ep6:qa:0,5399ef86-4df9-49bc-809f-8f4f92f9e659__ep6,ep6,test,0,79,9.749433517456055,9.882346153259277,0.08219290524721146,0.12166345864534378
long_80f_stride40:5399ef86-4df9-49bc-809f-8f4f92f9e659__ep6:qa:1,5399ef86-4df9-49bc-809f-8f4f92f9e659__ep6,ep6,test,40,119,9.937200546264648,9.87341022491455,0.0897161066532135,0.14031760394573212
long_80f_stride40:5399ef86-4df9-49bc-809f-8f4f92f9e659__ep6:qa:2,5399ef86-4df9-49bc-809f-8f4f92f9e659__ep6,ep6,test,80,159,10.113248825073242,9.821306228637695,0.08212912082672119,0.12706485390663147
long_80f_stride40:5399ef86-4df9-49bc-809f-8f4f92f9e659__ep6:qa:3,5399ef86-4df9-49bc-809f-8f4f92f9e659__ep6,ep6,test,160,239,12.286447525024414,9.795821189880371,0.13962849974632263,0.19250169396400452
long_80f_stride40:5399ef86-4df9-49bc-809f-8f4f92f9e659__ep6:qa:4,5399ef86-4df9-49bc-809f-8f4f92f9e659__ep6,ep6,test,200,279,13.71934986114502,10.630921363830566,0.13520239293575287,0.19055891036987305
long_80f_stride40:5399ef86-4df9-49bc-809f-8f4f92f9e659__ep6:qa:5,5399ef86-4df9-49bc-809f-8f4f92f9e659__ep6,ep6,test,240,319,14.168886184692383,10.468704223632812,0.11532598733901978,0.19422613084316254
long_80f_stride40:5399ef86-4df9-49bc-809f-8f4f92f9e659__ep6:qa:6,5399ef86-4df9-49bc-809f-8f4f92f9e659__ep6,ep6,test,280,359,13.465319633483887,10.756261825561523,0.12243787199258804,0.18563318252563477
long_80f_stride40:5399ef86-4df9-49bc-809f-8f4f92f9e659__ep6:qa:7,5399ef86-4df9-49bc-809f-8f4f92f9e659__ep6,ep6,test,320,399,13.19495677947998,10.561817169189453,0.10869906097650528,0.1663370430469513
long_80f_stride40:5399ef86-4df9-49bc-809f-8f4f92f9e659__ep6:qa:8,5399ef86-4df9-49bc-809f-8f4f92f9e659__ep6,ep6,test,400,479,12.989790916442871,10.37309741973877,0.13072752952575684,0.1852746605873108
long_80f_stride40:5399ef86-4df9-49bc-809f-8f4f92f9e659__ep6:qa:9,5399ef86-4df9-49bc-809f-8f4f92f9e659__ep6,ep6,test,440,519,12.423393249511719,10.366498947143555,0.14163394272327423,0.19734467566013336
long_80f_stride40:5399ef86-4df9-49bc-809f-8f4f92f9e659__ep6:qa:10,5399ef86-4df9-49bc-809f-8f4f92f9e659__ep6,ep6,test,480,559,12.223864555358887,10.266507148742676,0.13798876106739044,0.19251592457294464
long_80f_stride40:5399ef86-4df9-49bc-809f-8f4f92f9e659__ep6:qa:11,5399ef86-4df9-49bc-809f-8f4f92f9e659__ep6,ep6,test,520,599,11.788971900939941,10.424192428588867,0.10618805885314941,0.18086731433868408
long_80f_stride40:5399ef86-4df9-49bc-809f-8f4f92f9e659__ep6:qa:12,5399ef86-4df9-49bc-809f-8f4f92f9e659__ep6,ep6,test,560,639,11.871541976928711,10.358156204223633,0.11126307398080826,0.189824178814888
long_80f_stride40:5399ef86-4df9-49bc-809f-8f4f92f9e659__ep6:qa:13,5399ef86-4df9-49bc-809f-8f4f92f9e659__ep6,ep6,test,600,679,11.866168975830078,10.078998565673828,0.10202178359031677,0.17207185924053192
long_80f_stride40:5399ef86-4df9-49bc-809f-8f4f92f9e659__ep6:qa:14,5399ef86-4df9-49bc-809f-8f4f92f9e659__ep6,ep6,test,640,719,10.623903274536133,9.24024486541748,0.10600773245096207,0.16883672773838043
long_80f_stride40:5399ef86-4df9-49bc-809f-8f4f92f9e659__ep6:qa:15,5399ef86-4df9-49bc-809f-8f4f92f9e659__ep6,ep6,test,680,759,10.610408782958984,8.59510326385498,0.10817626863718033,0.16498567163944244
long_80f_stride40:5399ef86-4df9-49bc-809f-8f4f92f9e659__ep6:qa:16,5399ef86-4df9-49bc-809f-8f4f92f9e659__ep6,ep6,test,720,799,9.83377742767334,9.6345796585083,0.07743430882692337,0.1082555428147316
long_80f_stride40:5399ef86-4df9-49bc-809f-8f4f92f9e659__ep6:qa:17,5399ef86-4df9-49bc-809f-8f4f92f9e659__ep6,ep6,test,760,839,9.531607627868652,9.53040599822998,0.10048150271177292,0.14880357682704926
long_80f_stride40:5399ef86-4df9-49bc-809f-8f4f92f9e659__ep6:qa:18,5399ef86-4df9-49bc-809f-8f4f92f9e659__ep6,ep6,test,800,879,9.848809242248535,9.73659610748291,0.10171392560005188,0.145188570022583
long_80f_stride40:5399ef86-4df9-49bc-809f-8f4f92f9e659__ep6:qa:19,5399ef86-4df9-49bc-809f-8f4f92f9e659__ep6,ep6,test,840,919,9.620757102966309,10.295146942138672,0.10618551820516586,0.15813414752483368
long_80f_stride40:5399ef86-4df9-49bc-809f-8f4f92f9e659__ep6:qa:20,5399ef86-4df9-49bc-809f-8f4f92f9e659__ep6,ep6,test,880,959,9.331643104553223,9.687363624572754,0.0962296724319458,0.13950644433498383
long_80f_stride40:5399ef86-4df9-49bc-809f-8f4f92f9e659__ep6:qa:21,5399ef86-4df9-49bc-809f-8f4f92f9e659__ep6,ep6,test,920,999,10.305952072143555,8.647451400756836,0.1270022690296173,0.18744954466819763
long_80f_stride40:5399ef86-4df9-49bc-809f-8f4f92f9e659__ep6:qa:22,5399ef86-4df9-49bc-809f-8f4f92f9e659__ep6,ep6,test,1000,1079,13.449687957763672,7.692293167114258,0.15771256387233734,0.22483016550540924
long_80f_stride40:5399ef86-4df9-49bc-809f-8f4f92f9e659__ep6:qa:23,5399ef86-4df9-49bc-809f-8f4f92f9e659__ep6,ep6,test,1040,1119,13.842945098876953,7.9406280517578125,0.14989598095417023,0.21668316423892975
long_80f_stride40:5399ef86-4df9-49bc-809f-8f4f92f9e659__ep6:qa:24,5399ef86-4df9-49bc-809f-8f4f92f9e659__ep6,ep6,test,1080,1159,13.998895645141602,7.634159088134766,0.1466827541589737,0.22941318154335022
long_80f_stride40:5399ef86-4df9-49bc-809f-8f4f92f9e659__ep6:qa:25,5399ef86-4df9-49bc-809f-8f4f92f9e659__ep6,ep6,test,1120,1199,12.695878982543945,8.07472038269043,0.1989758312702179,0.32016175985336304
long_80f_stride40:5399ef86-4df9-49bc-809f-8f4f92f9e659__ep6:qa:26,5399ef86-4df9-49bc-809f-8f4f92f9e659__ep6,ep6,test,1160,1239,10.560149192810059,8.859947204589844,0.15781782567501068,0.22161488234996796
long_80f_stride40:5399ef86-4df9-49bc-809f-8f4f92f9e659__ep6:qa:27,5399ef86-4df9-49bc-809f-8f4f92f9e659__ep6,ep6,test,1200,1279,12.294597625732422,8.584094047546387,0.18660928308963776,0.2800387740135193
long_80f_stride40:5399ef86-4df9-49bc-809f-8f4f92f9e659__ep6:qa:28,5399ef86-4df9-49bc-809f-8f4f92f9e659__ep6,ep6,test,1240,1319,12.561460494995117,8.620122909545898,0.10995227098464966,0.15720044076442719
long_80f_stride40:5399ef86-4df9-49bc-809f-8f4f92f9e659__ep6:qa:29,5399ef86-4df9-49bc-809f-8f4f92f9e659__ep6,ep6,test,1280,1359,12.57667064666748,8.993481636047363,0.09192721545696259,0.13664263486862183
long_80f_stride40:5399ef86-4df9-49bc-809f-8f4f92f9e659__ep6:qa:30,5399ef86-4df9-49bc-809f-8f4f92f9e659__ep6,ep6,test,1320,1399,12.39318561553955,8.618474006652832,0.10084888339042664,0.167012020945549
long_80f_stride40:5399ef86-4df9-49bc-809f-8f4f92f9e659__ep6:qa:31,5399ef86-4df9-49bc-809f-8f4f92f9e659__ep6,ep6,test,1360,1439,11.08390998840332,8.655714988708496,0.12848401069641113,0.19178415834903717
long_80f_stride40:5399ef86-4df9-49bc-809f-8f4f92f9e659__ep6:qa:32,5399ef86-4df9-49bc-809f-8f4f92f9e659__ep6,ep6,test,1400,1479,11.025595664978027,8.726640701293945,0.1264796406030655,0.20005890727043152
long_80f_stride40:5399ef86-4df9-49bc-809f-8f4f92f9e659__ep6:qa:33,5399ef86-4df9-49bc-809f-8f4f92f9e659__ep6,ep6,test,1440,1519,12.082213401794434,8.837886810302734,0.09656909853219986,0.14235654473304749
long_80f_stride40:5399ef86-4df9-49bc-809f-8f4f92f9e659__ep6:qa:34,5399ef86-4df9-49bc-809f-8f4f92f9e659__ep6,ep6,test,1480,1559,10.666481018066406,8.961044311523438,0.10726869106292725,0.1859988123178482
long_80f_stride40:5399ef86-4df9-49bc-809f-8f4f92f9e659__ep6:qa:35,5399ef86-4df9-49bc-809f-8f4f92f9e659__ep6,ep6,test,1520,1599,11.031355857849121,8.64480972290039,0.13255085051059723,0.20746861398220062
long_80f_stride40:5399ef86-4df9-49bc-809f-8f4f92f9e659__ep6:qa:36,5399ef86-4df9-49bc-809f-8f4f92f9e659__ep6,ep6,test,1560,1639,11.395631790161133,8.67294692993164,0.07183614373207092,0.10719401389360428
long_80f_stride40:5399ef86-4df9-49bc-809f-8f4f92f9e659__ep6:qa:37,5399ef86-4df9-49bc-809f-8f4f92f9e659__ep6,ep6,test,1600,1679,12.015884399414062,9.038342475891113,0.07728210836648941,0.1198166161775589
long_80f_stride40:5399ef86-4df9-49bc-809f-8f4f92f9e659__ep6:qa:38,5399ef86-4df9-49bc-809f-8f4f92f9e659__ep6,ep6,test,1640,1719,10.751255989074707,8.883883476257324,0.12674550712108612,0.20514819025993347
long_80f_stride40:5399ef86-4df9-49bc-809f-8f4f92f9e659__ep6:qa:41,5399ef86-4df9-49bc-809f-8f4f92f9e659__ep6,ep6,test,1800,1879,11.74747085571289,8.14565372467041,0.09641536325216293,0.15585488080978394
long_80f_stride40:5399ef86-4df9-49bc-809f-8f4f92f9e659__ep6:qa:42,5399ef86-4df9-49bc-809f-8f4f92f9e659__ep6,ep6,test,1840,1919,12.742563247680664,7.664738178253174,0.12112264335155487,0.2041558027267456
long_80f_stride40:5399ef86-4df9-49bc-809f-8f4f92f9e659__ep6:qa:43,5399ef86-4df9-49bc-809f-8f4f92f9e659__ep6,ep6,test,1880,1959,13.493206024169922,8.697892189025879,0.11246071755886078,0.1926344633102417
long_80f_stride40:5399ef86-4df9-49bc-809f-8f4f92f9e659__ep6:qa:44,5399ef86-4df9-49bc-809f-8f4f92f9e659__ep6,ep6,test,1920,1999,14.423791885375977,8.840505599975586,0.12950146198272705,0.22405701875686646
long_80f_stride40:5399ef86-4df9-49bc-809f-8f4f92f9e659__ep6:qa:45,5399ef86-4df9-49bc-809f-8f4f92f9e659__ep6,ep6,test,2000,2079,14.747420310974121,8.620171546936035,0.14809435606002808,0.23944489657878876
long_80f_stride40:5399ef86-4df9-49bc-809f-8f4f92f9e659__ep6:qa:46,5399ef86-4df9-49bc-809f-8f4f92f9e659__ep6,ep6,test,2040,2119,13.925032615661621,8.638415336608887,0.13440072536468506,0.22168821096420288
long_80f_stride40:5399ef86-4df9-49bc-809f-8f4f92f9e659__ep6:qa:47,5399ef86-4df9-49bc-809f-8f4f92f9e659__ep6,ep6,test,2080,2159,13.44709587097168,9.00178050994873,0.15511967241764069,0.2313690483570099
long_80f_stride40:5399ef86-4df9-49bc-809f-8f4f92f9e659__ep6:qa:48,5399ef86-4df9-49bc-809f-8f4f92f9e659__ep6,ep6,test,2120,2199,13.74309253692627,10.158878326416016,0.21214468777179718,0.35387587547302246
long_80f_stride40:5399ef86-4df9-49bc-809f-8f4f92f9e659__ep6:qa:49,5399ef86-4df9-49bc-809f-8f4f92f9e659__ep6,ep6,test,2160,2239,9.683528900146484,9.362290382385254,0.1348380595445633,0.2156272828578949
long_80f_stride40:5399ef86-4df9-49bc-809f-8f4f92f9e659__ep6:qa:50,5399ef86-4df9-49bc-809f-8f4f92f9e659__ep6,ep6,test,2200,2279,10.384716987609863,9.103556632995605,0.134990856051445,0.25489917397499084
long_80f_stride40:5399ef86-4df9-49bc-809f-8f4f92f9e659__ep6:qa:51,5399ef86-4df9-49bc-809f-8f4f92f9e659__ep6,ep6,test,2240,2319,10.166031837463379,9.083982467651367,0.05968799814581871,0.08891499042510986
long_80f_stride40:5399ef86-4df9-49bc-809f-8f4f92f9e659__ep6:qa:52,5399ef86-4df9-49bc-809f-8f4f92f9e659__ep6,ep6,test,2280,2359,10.31773853302002,10.085010528564453,0.046675436198711395,0.0640573501586914
long_80f_stride40:5399ef86-4df9-49bc-809f-8f4f92f9e659__ep6:qa:53,5399ef86-4df9-49bc-809f-8f4f92f9e659__ep6,ep6,test,2320,2399,10.481256484985352,9.681419372558594,0.041930560022592545,0.06227643042802811
long_80f_stride40:5399ef86-4df9-49bc-809f-8f4f92f9e659__ep6:qa:54,5399ef86-4df9-49bc-809f-8f4f92f9e659__ep6,ep6,test,2400,2479,11.295370101928711,9.82614517211914,0.05425260588526726,0.08162820339202881
long_80f_stride40:5399ef86-4df9-49bc-809f-8f4f92f9e659__ep6:qa:55,5399ef86-4df9-49bc-809f-8f4f92f9e659__ep6,ep6,test,2440,2519,11.088369369506836,9.910170555114746,0.05642090365290642,0.0830441266298294
long_80f_stride40:5399ef86-4df9-49bc-809f-8f4f92f9e659__ep6:qa:56,5399ef86-4df9-49bc-809f-8f4f92f9e659__ep6,ep6,test,2480,2559,10.123429298400879,9.57628059387207,0.10695294290781021,0.19600793719291687
long_80f_stride40:5399ef86-4df9-49bc-809f-8f4f92f9e659__ep6:qa:57,5399ef86-4df9-49bc-809f-8f4f92f9e659__ep6,ep6,test,2520,2599,9.986676216125488,9.45704460144043,0.10602282732725143,0.18128636479377747
long_80f_stride40:5399ef86-4df9-49bc-809f-8f4f92f9e659__ep6:qa:58,5399ef86-4df9-49bc-809f-8f4f92f9e659__ep6,ep6,test,2560,2639,11.446805953979492,8.307143211364746,0.08892139792442322,0.13833443820476532
long_80f_stride40:5399ef86-4df9-49bc-809f-8f4f92f9e659__ep6:qa:59,5399ef86-4df9-49bc-809f-8f4f92f9e659__ep6,ep6,test,2600,2679,9.741365432739258,7.436553955078125,0.05962872505187988,0.1048179566860199
long_80f_stride40:5399ef86-4df9-49bc-809f-8f4f92f9e659__ep6:qa:60,5399ef86-4df9-49bc-809f-8f4f92f9e659__ep6,ep6,test,2680,2759,10.692441940307617,8.453994750976562,0.11503506451845169,0.1817614734172821
long_80f_stride40:5399ef86-4df9-49bc-809f-8f4f92f9e659__ep6:qa:61,5399ef86-4df9-49bc-809f-8f4f92f9e659__ep6,ep6,test,2720,2799,10.706243515014648,8.935688018798828,0.12021549046039581,0.18310818076133728
long_80f_stride40:5399ef86-4df9-49bc-809f-8f4f92f9e659__ep6:qa:62,5399ef86-4df9-49bc-809f-8f4f92f9e659__ep6,ep6,test,2800,2879,11.339761734008789,9.736894607543945,0.07542967796325684,0.12017098814249039
long_80f_stride40:5399ef86-4df9-49bc-809f-8f4f92f9e659__ep6:qa:63,5399ef86-4df9-49bc-809f-8f4f92f9e659__ep6,ep6,test,2880,2959,10.35902214050293,9.870723724365234,0.1216382086277008,0.19650898873806
long_80f_stride40:5399ef86-4df9-49bc-809f-8f4f92f9e659__ep6:qa:64,5399ef86-4df9-49bc-809f-8f4f92f9e659__ep6,ep6,test,2920,2999,10.095122337341309,10.313244819641113,0.04908432066440582,0.0703851580619812
long_80f_stride40:5399ef86-4df9-49bc-809f-8f4f92f9e659__ep6:qa:65,5399ef86-4df9-49bc-809f-8f4f92f9e659__ep6,ep6,test,3000,3079,11.912332534790039,9.075149536132812,0.11850279569625854,0.17159952223300934
long_80f_stride40:5399ef86-4df9-49bc-809f-8f4f92f9e659__ep6:qa:66,5399ef86-4df9-49bc-809f-8f4f92f9e659__ep6,ep6,test,3080,3159,10.31814193725586,9.445478439331055,0.11499238014221191,0.19678203761577606
long_80f_stride40:5399ef86-4df9-49bc-809f-8f4f92f9e659__ep6:qa:67,5399ef86-4df9-49bc-809f-8f4f92f9e659__ep6,ep6,test,3120,3199,11.568758964538574,9.5759916305542,0.08498977869749069,0.1191682294011116
long_80f_stride40:5399ef86-4df9-49bc-809f-8f4f92f9e659__ep6:qa:68,5399ef86-4df9-49bc-809f-8f4f92f9e659__ep6,ep6,test,3200,3279,10.133511543273926,9.916796684265137,0.04475390538573265,0.0635744035243988
long_80f_stride40:5399ef86-4df9-49bc-809f-8f4f92f9e659__ep6:qa:69,5399ef86-4df9-49bc-809f-8f4f92f9e659__ep6,ep6,test,3240,3319,11.932202339172363,9.423579216003418,0.09112372249364853,0.1430511623620987
long_80f_stride40:5399ef86-4df9-49bc-809f-8f4f92f9e659__ep6:qa:70,5399ef86-4df9-49bc-809f-8f4f92f9e659__ep6,ep6,test,3280,3359,11.125127792358398,8.628437042236328,0.13651660084724426,0.21000787615776062
long_80f_stride40:5399ef86-4df9-49bc-809f-8f4f92f9e659__ep6:qa:71,5399ef86-4df9-49bc-809f-8f4f92f9e659__ep6,ep6,test,3320,3399,11.133944511413574,9.278395652770996,0.137024387717247,0.2068004608154297
long_80f_stride40:5399ef86-4df9-49bc-809f-8f4f92f9e659__ep6:qa:72,5399ef86-4df9-49bc-809f-8f4f92f9e659__ep6,ep6,test,3360,3439,12.045965194702148,9.020304679870605,0.12192948162555695,0.17064397037029266
long_80f_stride40:5399ef86-4df9-49bc-809f-8f4f92f9e659__ep6:qa:73,5399ef86-4df9-49bc-809f-8f4f92f9e659__ep6,ep6,test,3400,3479,11.04515552520752,9.574044227600098,0.05566226691007614,0.08612772077322006
long_80f_stride40:5399ef86-4df9-49bc-809f-8f4f92f9e659__ep6:qa:74,5399ef86-4df9-49bc-809f-8f4f92f9e659__ep6,ep6,test,3440,3519,11.06371784210205,9.722099304199219,0.04459398239850998,0.0725603848695755
long_80f_stride40:5399ef86-4df9-49bc-809f-8f4f92f9e659__ep6:qa:75,5399ef86-4df9-49bc-809f-8f4f92f9e659__ep6,ep6,test,3480,3559,10.1856050491333,9.504871368408203,0.03529082238674164,0.049387622624635696
long_80f_stride40:5399ef86-4df9-49bc-809f-8f4f92f9e659__ep6:qa:76,5399ef86-4df9-49bc-809f-8f4f92f9e659__ep6,ep6,test,3560,3639,10.407563209533691,10.023080825805664,0.0490499846637249,0.06864797323942184
long_80f_stride40:5399ef86-4df9-49bc-809f-8f4f92f9e659__ep6:qa:77,5399ef86-4df9-49bc-809f-8f4f92f9e659__ep6,ep6,test,3600,3679,10.402151107788086,10.162826538085938,0.044668637216091156,0.06453879177570343
long_80f_stride40:5399ef86-4df9-49bc-809f-8f4f92f9e659__ep6:qa:78,5399ef86-4df9-49bc-809f-8f4f92f9e659__ep6,ep6,test,3640,3719,10.310338973999023,10.239739418029785,0.03814070671796799,0.055372126400470734
long_80f_stride40:5399ef86-4df9-49bc-809f-8f4f92f9e659__ep6:qa:79,5399ef86-4df9-49bc-809f-8f4f92f9e659__ep6,ep6,test,3680,3759,10.218316078186035,10.456426620483398,0.030399583280086517,0.04297235235571861
long_80f_stride40:5399ef86-4df9-49bc-809f-8f4f92f9e659__ep6:qa:80,5399ef86-4df9-49bc-809f-8f4f92f9e659__ep6,ep6,test,3720,3799,11.44959545135498,9.663030624389648,0.06880634278059006,0.09625108540058136
long_80f_stride40:5399ef86-4df9-49bc-809f-8f4f92f9e659__ep6:qa:81,5399ef86-4df9-49bc-809f-8f4f92f9e659__ep6,ep6,test,3800,3879,12.47854995727539,9.038507461547852,0.100244902074337,0.1504891961812973
long_80f_stride40:5399ef86-4df9-49bc-809f-8f4f92f9e659__ep6:qa:82,5399ef86-4df9-49bc-809f-8f4f92f9e659__ep6,ep6,test,3840,3919,10.866347312927246,9.092707633972168,0.11342259496450424,0.19862574338912964
long_80f_stride40:5399ef86-4df9-49bc-809f-8f4f92f9e659__ep6:qa:83,5399ef86-4df9-49bc-809f-8f4f92f9e659__ep6,ep6,test,3880,3959,10.856714248657227,9.548967361450195,0.12166816741228104,0.20331472158432007
long_80f_stride40:5399ef86-4df9-49bc-809f-8f4f92f9e659__ep6:qa:84,5399ef86-4df9-49bc-809f-8f4f92f9e659__ep6,ep6,test,3920,3999,11.739596366882324,9.551984786987305,0.07369156181812286,0.10613954812288284
long_80f_stride40:5399ef86-4df9-49bc-809f-8f4f92f9e659__ep6:qa:85,5399ef86-4df9-49bc-809f-8f4f92f9e659__ep6,ep6,test,3960,4039,11.314748764038086,9.490689277648926,0.04573235660791397,0.07491057366132736
long_80f_stride40:5399ef86-4df9-49bc-809f-8f4f92f9e659__ep6:qa:86,5399ef86-4df9-49bc-809f-8f4f92f9e659__ep6,ep6,test,4000,4079,12.008376121520996,9.329357147216797,0.0942239910364151,0.13529588282108307
long_80f_stride40:5399ef86-4df9-49bc-809f-8f4f92f9e659__ep6:qa:87,5399ef86-4df9-49bc-809f-8f4f92f9e659__ep6,ep6,test,4040,4119,12.36806869506836,9.084542274475098,0.10377150028944016,0.1469111144542694
long_80f_stride40:5399ef86-4df9-49bc-809f-8f4f92f9e659__ep6:qa:88,5399ef86-4df9-49bc-809f-8f4f92f9e659__ep6,ep6,test,4080,4159,11.698365211486816,8.953372955322266,0.08117631822824478,0.12494856864213943
long_80f_stride40:5399ef86-4df9-49bc-809f-8f4f92f9e659__ep6:qa:89,5399ef86-4df9-49bc-809f-8f4f92f9e659__ep6,ep6,test,4120,4199,10.044110298156738,8.74266529083252,0.04339894652366638,0.07045789062976837
long_80f_stride40:5399ef86-4df9-49bc-809f-8f4f92f9e659__ep6:qa:90,5399ef86-4df9-49bc-809f-8f4f92f9e659__ep6,ep6,test,4160,4239,11.086326599121094,8.73227596282959,0.05677273869514465,0.09101181477308273
long_80f_stride40:5399ef86-4df9-49bc-809f-8f4f92f9e659__ep6:qa:91,5399ef86-4df9-49bc-809f-8f4f92f9e659__ep6,ep6,test,4200,4279,11.465511322021484,8.804640769958496,0.07129903137683868,0.10303132981061935
long_80f_stride40:5399ef86-4df9-49bc-809f-8f4f92f9e659__ep6:qa:92,5399ef86-4df9-49bc-809f-8f4f92f9e659__ep6,ep6,test,4240,4319,12.007109642028809,9.038835525512695,0.09387566894292831,0.12976562976837158
long_80f_stride40:5399ef86-4df9-49bc-809f-8f4f92f9e659__ep6:qa:93,5399ef86-4df9-49bc-809f-8f4f92f9e659__ep6,ep6,test,4280,4359,11.711390495300293,9.71716022491455,0.06754188239574432,0.09492434561252594
long_80f_stride40:5399ef86-4df9-49bc-809f-8f4f92f9e659__ep6:qa:94,5399ef86-4df9-49bc-809f-8f4f92f9e659__ep6,ep6,test,4320,4399,11.692211151123047,10.04033088684082,0.06166604161262512,0.08909092098474503
long_80f_stride40:5399ef86-4df9-49bc-809f-8f4f92f9e659__ep6:qa:95,5399ef86-4df9-49bc-809f-8f4f92f9e659__ep6,ep6,test,4360,4439,11.752667427062988,9.830960273742676,0.05941673740744591,0.08986305445432663
long_80f_stride40:5399ef86-4df9-49bc-809f-8f4f92f9e659__ep6:qa:96,5399ef86-4df9-49bc-809f-8f4f92f9e659__ep6,ep6,test,4400,4479,11.8533353805542,9.61396312713623,0.07995342463254929,0.11205865442752838
long_80f_stride40:5399ef86-4df9-49bc-809f-8f4f92f9e659__ep6:qa:97,5399ef86-4df9-49bc-809f-8f4f92f9e659__ep6,ep6,test,4440,4519,11.459219932556152,9.372763633728027,0.05821820721030235,0.08602828532457352
long_80f_stride40:b750fab3-7fbb-43a0-b451-c64c4d4a64da__ep1:qa:0,b750fab3-7fbb-43a0-b451-c64c4d4a64da__ep1,ep1,test,0,79,7.8215484619140625,11.401095390319824,0.07558498531579971,0.13227607309818268
long_80f_stride40:b750fab3-7fbb-43a0-b451-c64c4d4a64da__ep1:qa:1,b750fab3-7fbb-43a0-b451-c64c4d4a64da__ep1,ep1,test,40,119,7.890359401702881,11.31578254699707,0.07576758414506912,0.1303146481513977
long_80f_stride40:b750fab3-7fbb-43a0-b451-c64c4d4a64da__ep1:qa:2,b750fab3-7fbb-43a0-b451-c64c4d4a64da__ep1,ep1,test,80,159,6.94858980178833,11.365055084228516,0.12614025175571442,0.24416786432266235
long_80f_stride40:b750fab3-7fbb-43a0-b451-c64c4d4a64da__ep1:qa:3,b750fab3-7fbb-43a0-b451-c64c4d4a64da__ep1,ep1,test,120,199,7.498126029968262,11.215559005737305,0.14812585711479187,0.24887870252132416
long_80f_stride40:b750fab3-7fbb-43a0-b451-c64c4d4a64da__ep1:qa:4,b750fab3-7fbb-43a0-b451-c64c4d4a64da__ep1,ep1,test,160,239,8.727773666381836,11.087464332580566,0.123161680996418,0.18501460552215576
long_80f_stride40:b750fab3-7fbb-43a0-b451-c64c4d4a64da__ep1:qa:5,b750fab3-7fbb-43a0-b451-c64c4d4a64da__ep1,ep1,test,200,279,8.419652938842773,10.273738861083984,0.1826896369457245,0.2781098186969757
long_80f_stride40:b750fab3-7fbb-43a0-b451-c64c4d4a64da__ep1:qa:6,b750fab3-7fbb-43a0-b451-c64c4d4a64da__ep1,ep1,test,240,319,7.65635871887207,10.155288696289062,0.19463756680488586,0.3042837679386139
long_80f_stride40:b750fab3-7fbb-43a0-b451-c64c4d4a64da__ep1:qa:7,b750fab3-7fbb-43a0-b451-c64c4d4a64da__ep1,ep1,test,280,359,12.976581573486328,11.055660247802734,0.3067340552806854,0.44789716601371765
long_80f_stride40:b750fab3-7fbb-43a0-b451-c64c4d4a64da__ep1:qa:8,b750fab3-7fbb-43a0-b451-c64c4d4a64da__ep1,ep1,test,320,399,20.3206729888916,11.55482292175293,0.44085365533828735,0.6188579797744751
long_80f_stride40:b750fab3-7fbb-43a0-b451-c64c4d4a64da__ep1:qa:9,b750fab3-7fbb-43a0-b451-c64c4d4a64da__ep1,ep1,test,400,479,23.68389892578125,11.260573387145996,0.46951231360435486,0.7605113387107849
long_80f_stride40:b750fab3-7fbb-43a0-b451-c64c4d4a64da__ep1:qa:10,b750fab3-7fbb-43a0-b451-c64c4d4a64da__ep1,ep1,test,440,519,21.870370864868164,11.50479507446289,0.4168311655521393,0.715961754322052
long_80f_stride40:b750fab3-7fbb-43a0-b451-c64c4d4a64da__ep1:qa:11,b750fab3-7fbb-43a0-b451-c64c4d4a64da__ep1,ep1,test,480,559,23.52202796936035,11.573028564453125,0.44804883003234863,0.7607710957527161
long_80f_stride40:b750fab3-7fbb-43a0-b451-c64c4d4a64da__ep1:qa:12,b750fab3-7fbb-43a0-b451-c64c4d4a64da__ep1,ep1,test,560,639,27.381582260131836,9.81712532043457,0.46796295046806335,0.7686400413513184
long_80f_stride40:b750fab3-7fbb-43a0-b451-c64c4d4a64da__ep1:qa:13,b750fab3-7fbb-43a0-b451-c64c4d4a64da__ep1,ep1,test,600,679,31.908109664916992,11.967687606811523,0.5751159191131592,0.8733565211296082
long_80f_stride40:b750fab3-7fbb-43a0-b451-c64c4d4a64da__ep1:qa:14,b750fab3-7fbb-43a0-b451-c64c4d4a64da__ep1,ep1,test,680,759,34.013587951660156,10.245448112487793,0.7192003726959229,1.0509917736053467
long_80f_stride40:b750fab3-7fbb-43a0-b451-c64c4d4a64da__ep1:qa:15,b750fab3-7fbb-43a0-b451-c64c4d4a64da__ep1,ep1,test,720,799,32.549400329589844,10.361055374145508,0.5806764364242554,1.0113139152526855
long_80f_stride40:b750fab3-7fbb-43a0-b451-c64c4d4a64da__ep1:qa:16,b750fab3-7fbb-43a0-b451-c64c4d4a64da__ep1,ep1,test,800,879,25.08359146118164,11.689455032348633,0.48149383068084717,0.7711905241012573
long_80f_stride40:b750fab3-7fbb-43a0-b451-c64c4d4a64da__ep1:qa:17,b750fab3-7fbb-43a0-b451-c64c4d4a64da__ep1,ep1,test,840,919,31.419212341308594,12.092833518981934,0.7170426249504089,1.0263105630874634
long_80f_stride40:b750fab3-7fbb-43a0-b451-c64c4d4a64da__ep1:qa:18,b750fab3-7fbb-43a0-b451-c64c4d4a64da__ep1,ep1,test,880,959,32.668392181396484,12.186431884765625,0.557637095451355,1.010959506034851
long_80f_stride40:b750fab3-7fbb-43a0-b451-c64c4d4a64da__ep1:qa:19,b750fab3-7fbb-43a0-b451-c64c4d4a64da__ep1,ep1,test,920,999,32.503875732421875,12.13164234161377,0.5574180483818054,1.0038641691207886
long_80f_stride40:b750fab3-7fbb-43a0-b451-c64c4d4a64da__ep1:qa:20,b750fab3-7fbb-43a0-b451-c64c4d4a64da__ep1,ep1,test,960,1039,30.076486587524414,11.969504356384277,0.6995201706886292,0.9800958037376404
long_80f_stride40:b750fab3-7fbb-43a0-b451-c64c4d4a64da__ep1:qa:21,b750fab3-7fbb-43a0-b451-c64c4d4a64da__ep1,ep1,test,1000,1079,26.785991668701172,9.667062759399414,0.5496271252632141,0.8641196489334106
long_80f_stride40:b750fab3-7fbb-43a0-b451-c64c4d4a64da__ep1:qa:22,b750fab3-7fbb-43a0-b451-c64c4d4a64da__ep1,ep1,test,1040,1119,0.0,9.105870246887207,0.17951202392578125,0.3066105842590332
long_80f_stride40:b750fab3-7fbb-43a0-b451-c64c4d4a64da__ep1:qa:23,b750fab3-7fbb-43a0-b451-c64c4d4a64da__ep1,ep1,test,1080,1159,0.0,10.707074165344238,0.18967771530151367,0.3605259358882904
long_80f_stride40:b750fab3-7fbb-43a0-b451-c64c4d4a64da__ep1:qa:24,b750fab3-7fbb-43a0-b451-c64c4d4a64da__ep1,ep1,test,1120,1199,0.0,11.83837604522705,0.1817774623632431,0.3986188769340515
long_80f_stride40:b750fab3-7fbb-43a0-b451-c64c4d4a64da__ep1:qa:25,b750fab3-7fbb-43a0-b451-c64c4d4a64da__ep1,ep1,test,1160,1239,0.0,11.920584678649902,0.19042335450649261,0.40138697624206543
long_80f_stride40:b750fab3-7fbb-43a0-b451-c64c4d4a64da__ep1:qa:30,b750fab3-7fbb-43a0-b451-c64c4d4a64da__ep1,ep1,test,1400,1479,0.0,9.230106353759766,0.2042495161294937,0.31079384684562683
long_80f_stride40:b750fab3-7fbb-43a0-b451-c64c4d4a64da__ep1:qa:31,b750fab3-7fbb-43a0-b451-c64c4d4a64da__ep1,ep1,test,1480,1559,0.0,10.207633972167969,0.20659640431404114,0.34370890259742737
long_80f_stride40:b750fab3-7fbb-43a0-b451-c64c4d4a64da__ep1:qa:32,b750fab3-7fbb-43a0-b451-c64c4d4a64da__ep1,ep1,test,1520,1599,0.0,9.991326332092285,0.21882110834121704,0.33642542362213135
long_80f_stride40:b750fab3-7fbb-43a0-b451-c64c4d4a64da__ep1:qa:33,b750fab3-7fbb-43a0-b451-c64c4d4a64da__ep1,ep1,test,1560,1639,0.0,9.302361488342285,0.1921791136264801,0.3132267892360687
long_80f_stride40:b750fab3-7fbb-43a0-b451-c64c4d4a64da__ep1:qa:34,b750fab3-7fbb-43a0-b451-c64c4d4a64da__ep1,ep1,test,1640,1719,0.0,9.229982376098633,0.19762252271175385,0.31078967452049255
long_80f_stride40:b750fab3-7fbb-43a0-b451-c64c4d4a64da__ep1:qa:35,b750fab3-7fbb-43a0-b451-c64c4d4a64da__ep1,ep1,test,1680,1759,0.0,10.016143798828125,0.2045484483242035,0.3372610807418823
long_80f_stride40:b750fab3-7fbb-43a0-b451-c64c4d4a64da__ep1:qa:36,b750fab3-7fbb-43a0-b451-c64c4d4a64da__ep1,ep1,test,1720,1799,0.0,9.785751342773438,0.19628293812274933,0.3295033872127533
long_80f_stride40:b750fab3-7fbb-43a0-b451-c64c4d4a64da__ep1:qa:37,b750fab3-7fbb-43a0-b451-c64c4d4a64da__ep1,ep1,test,1800,1879,32.262123107910156,9.020087242126465,0.6753961443901062,0.9965721368789673
long_80f_stride40:b750fab3-7fbb-43a0-b451-c64c4d4a64da__ep1:qa:38,b750fab3-7fbb-43a0-b451-c64c4d4a64da__ep1,ep1,test,1840,1919,32.20856857299805,11.213603019714355,0.5456873178482056,0.996014416217804
long_80f_stride40:b750fab3-7fbb-43a0-b451-c64c4d4a64da__ep1:qa:39,b750fab3-7fbb-43a0-b451-c64c4d4a64da__ep1,ep1,test,1880,1959,29.667638778686523,11.579142570495605,0.6831327080726624,0.9746822118759155
long_80f_stride40:b750fab3-7fbb-43a0-b451-c64c4d4a64da__ep1:qa:40,b750fab3-7fbb-43a0-b451-c64c4d4a64da__ep1,ep1,test,1920,1999,26.555553436279297,10.714709281921387,0.5304650664329529,0.8527777791023254
long_80f_stride40:b750fab3-7fbb-43a0-b451-c64c4d4a64da__ep1:qa:41,b750fab3-7fbb-43a0-b451-c64c4d4a64da__ep1,ep1,test,1960,2039,0.0,9.463119506835938,0.19008632004261017,0.3186398148536682
long_80f_stride40:b750fab3-7fbb-43a0-b451-c64c4d4a64da__ep1:qa:42,b750fab3-7fbb-43a0-b451-c64c4d4a64da__ep1,ep1,test,2000,2079,0.0,9.081189155578613,0.18370477855205536,0.3057795464992523
long_80f_stride40:b750fab3-7fbb-43a0-b451-c64c4d4a64da__ep1:qa:43,b750fab3-7fbb-43a0-b451-c64c4d4a64da__ep1,ep1,test,2040,2119,0.0,10.15849494934082,0.1952671855688095,0.3420542776584625
long_80f_stride40:b750fab3-7fbb-43a0-b451-c64c4d4a64da__ep1:qa:44,b750fab3-7fbb-43a0-b451-c64c4d4a64da__ep1,ep1,test,2080,2159,0.0,10.72018051147461,0.17289318144321442,0.3609672784805298
long_80f_stride40:b750fab3-7fbb-43a0-b451-c64c4d4a64da__ep1:qa:45,b750fab3-7fbb-43a0-b451-c64c4d4a64da__ep1,ep1,test,2120,2199,0.0,9.740487098693848,0.18273770809173584,0.32797926664352417
long_80f_stride40:b750fab3-7fbb-43a0-b451-c64c4d4a64da__ep1:qa:46,b750fab3-7fbb-43a0-b451-c64c4d4a64da__ep1,ep1,test,2160,2239,0.0,9.868692398071289,0.18543235957622528,0.33229613304138184
long_80f_stride40:b750fab3-7fbb-43a0-b451-c64c4d4a64da__ep1:qa:51,b750fab3-7fbb-43a0-b451-c64c4d4a64da__ep1,ep1,test,2400,2479,0.0,8.665931701660156,0.18571676313877106,0.29179710149765015
long_80f_stride40:b750fab3-7fbb-43a0-b451-c64c4d4a64da__ep1:qa:52,b750fab3-7fbb-43a0-b451-c64c4d4a64da__ep1,ep1,test,2440,2519,0.0,8.505960464477539,0.18143562972545624,0.2864105999469757
long_80f_stride40:b750fab3-7fbb-43a0-b451-c64c4d4a64da__ep1:qa:53,b750fab3-7fbb-43a0-b451-c64c4d4a64da__ep1,ep1,test,2480,2559,0.0,9.097357749938965,0.18015725910663605,0.3063240051269531
long_80f_stride40:b750fab3-7fbb-43a0-b451-c64c4d4a64da__ep1:qa:54,b750fab3-7fbb-43a0-b451-c64c4d4a64da__ep1,ep1,test,2520,2599,27.712705612182617,9.628547668457031,0.5394352078437805,0.871961236000061
long_80f_stride40:b750fab3-7fbb-43a0-b451-c64c4d4a64da__ep1:qa:55,b750fab3-7fbb-43a0-b451-c64c4d4a64da__ep1,ep1,test,2560,2639,30.467910766601562,9.07332992553711,0.6206651329994202,0.9177709817886353
long_80f_stride40:b750fab3-7fbb-43a0-b451-c64c4d4a64da__ep1:qa:56,b750fab3-7fbb-43a0-b451-c64c4d4a64da__ep1,ep1,test,2600,2679,32.083003997802734,9.601309776306152,0.5359824299812317,0.9328849911689758
long_80f_stride40:b750fab3-7fbb-43a0-b451-c64c4d4a64da__ep1:qa:57,b750fab3-7fbb-43a0-b451-c64c4d4a64da__ep1,ep1,test,2640,2719,33.17245864868164,8.662931442260742,0.6244798898696899,1.0826448202133179
long_80f_stride40:b750fab3-7fbb-43a0-b451-c64c4d4a64da__ep1:qa:58,b750fab3-7fbb-43a0-b451-c64c4d4a64da__ep1,ep1,test,2680,2759,33.13654708862305,8.760662078857422,0.5953606963157654,1.0538575649261475
long_80f_stride40:b750fab3-7fbb-43a0-b451-c64c4d4a64da__ep1:qa:59,b750fab3-7fbb-43a0-b451-c64c4d4a64da__ep1,ep1,test,2720,2799,32.74402618408203,9.951957702636719,0.5597288012504578,1.0280805826187134
long_80f_stride40:b750fab3-7fbb-43a0-b451-c64c4d4a64da__ep1:qa:60,b750fab3-7fbb-43a0-b451-c64c4d4a64da__ep1,ep1,test,2760,2839,32.88924026489258,9.99979305267334,0.5625280141830444,1.0265095233917236
long_80f_stride40:b750fab3-7fbb-43a0-b451-c64c4d4a64da__ep1:qa:65,b750fab3-7fbb-43a0-b451-c64c4d4a64da__ep1,ep1,test,3000,3079,0.0,11.678631782531738,0.18084685504436493,0.3932400047779083
long_80f_stride40:b750fab3-7fbb-43a0-b451-c64c4d4a64da__ep1:qa:66,b750fab3-7fbb-43a0-b451-c64c4d4a64da__ep1,ep1,test,3040,3119,0.0,11.688224792480469,0.18103060126304626,0.39356303215026855
long_80f_stride40:b750fab3-7fbb-43a0-b451-c64c4d4a64da__ep1:qa:67,b750fab3-7fbb-43a0-b451-c64c4d4a64da__ep1,ep1,test,3080,3159,0.0,11.577528953552246,0.17989987134933472,0.3898357152938843
long_80f_stride40:b750fab3-7fbb-43a0-b451-c64c4d4a64da__ep1:qa:68,b750fab3-7fbb-43a0-b451-c64c4d4a64da__ep1,ep1,test,3120,3199,0.0,10.577680587768555,0.19012339413166046,0.35616904497146606
long_80f_stride40:b750fab3-7fbb-43a0-b451-c64c4d4a64da__ep1:qa:69,b750fab3-7fbb-43a0-b451-c64c4d4a64da__ep1,ep1,test,3160,3239,0.0,10.42978572845459,0.1848086416721344,0.35118919610977173
long_80f_stride40:b750fab3-7fbb-43a0-b451-c64c4d4a64da__ep1:qa:70,b750fab3-7fbb-43a0-b451-c64c4d4a64da__ep1,ep1,test,3200,3279,0.0,11.301872253417969,0.18236736953258514,0.38055381178855896
long_80f_stride40:b750fab3-7fbb-43a0-b451-c64c4d4a64da__ep1:qa:71,b750fab3-7fbb-43a0-b451-c64c4d4a64da__ep1,ep1,test,3240,3319,0.0,11.37949275970459,0.18088383972644806,0.38316744565963745
long_80f_stride40:b750fab3-7fbb-43a0-b451-c64c4d4a64da__ep1:qa:72,b750fab3-7fbb-43a0-b451-c64c4d4a64da__ep1,ep1,test,3280,3359,0.0,10.355769157409668,0.1864469051361084,0.34869688749313354
long_80f_stride40:b750fab3-7fbb-43a0-b451-c64c4d4a64da__ep1:qa:73,b750fab3-7fbb-43a0-b451-c64c4d4a64da__ep1,ep1,test,3320,3399,0.0,10.77955436706543,0.19484910368919373,0.36296647787094116
long_80f_stride40:b750fab3-7fbb-43a0-b451-c64c4d4a64da__ep1:qa:74,b750fab3-7fbb-43a0-b451-c64c4d4a64da__ep1,ep1,test,3360,3439,0.0,11.66841983795166,0.18107347190380096,0.3928961157798767
long_80f_stride40:b750fab3-7fbb-43a0-b451-c64c4d4a64da__ep1:qa:84,b750fab3-7fbb-43a0-b451-c64c4d4a64da__ep1,ep1,test,3800,3879,25.814918518066406,11.225130081176758,0.4999937415122986,0.8127416968345642
long_80f_stride40:b750fab3-7fbb-43a0-b451-c64c4d4a64da__ep1:qa:85,b750fab3-7fbb-43a0-b451-c64c4d4a64da__ep1,ep1,test,3840,3919,32.10415267944336,11.64793872833252,0.7096712589263916,1.0367419719696045
long_80f_stride40:b750fab3-7fbb-43a0-b451-c64c4d4a64da__ep1:qa:86,b750fab3-7fbb-43a0-b451-c64c4d4a64da__ep1,ep1,test,3880,3959,33.835655212402344,11.625092506408691,0.5659422874450684,1.0364371538162231
long_80f_stride40:b750fab3-7fbb-43a0-b451-c64c4d4a64da__ep1:qa:87,b750fab3-7fbb-43a0-b451-c64c4d4a64da__ep1,ep1,test,3920,3999,33.900299072265625,11.626334190368652,0.5671657919883728,1.038298487663269
long_80f_stride40:b750fab3-7fbb-43a0-b451-c64c4d4a64da__ep1:qa:88,b750fab3-7fbb-43a0-b451-c64c4d4a64da__ep1,ep1,test,3960,4039,33.99759292602539,11.584370613098145,0.5685548782348633,1.0401118993759155
long_80f_stride40:b750fab3-7fbb-43a0-b451-c64c4d4a64da__ep1:qa:89,b750fab3-7fbb-43a0-b451-c64c4d4a64da__ep1,ep1,test,4000,4079,34.020111083984375,11.580144882202148,0.5693342089653015,1.0420047044754028
long_80f_stride40:b750fab3-7fbb-43a0-b451-c64c4d4a64da__ep1:qa:90,b750fab3-7fbb-43a0-b451-c64c4d4a64da__ep1,ep1,test,4040,4119,34.0975456237793,11.60593318939209,0.5717788934707642,1.043233871459961
long_80f_stride40:b750fab3-7fbb-43a0-b451-c64c4d4a64da__ep1:qa:91,b750fab3-7fbb-43a0-b451-c64c4d4a64da__ep1,ep1,test,4080,4159,34.058555603027344,11.592799186706543,0.5689279437065125,1.0416162014007568
long_80f_stride40:b750fab3-7fbb-43a0-b451-c64c4d4a64da__ep1:qa:92,b750fab3-7fbb-43a0-b451-c64c4d4a64da__ep1,ep1,test,4120,4199,27.957843780517578,11.580184936523438,0.4785311222076416,0.8717020750045776
long_80f_stride40:b750fab3-7fbb-43a0-b451-c64c4d4a64da__ep1:qa:93,b750fab3-7fbb-43a0-b451-c64c4d4a64da__ep1,ep1,test,4160,4239,28.256860733032227,11.501482963562012,0.48813965916633606,0.8807808756828308
long_80f_stride40:b750fab3-7fbb-43a0-b451-c64c4d4a64da__ep1:qa:98,b750fab3-7fbb-43a0-b451-c64c4d4a64da__ep1,ep1,test,4400,4479,0.0,10.927299499511719,0.19658926129341125,0.36794131994247437
long_80f_stride40:b750fab3-7fbb-43a0-b451-c64c4d4a64da__ep1:qa:99,b750fab3-7fbb-43a0-b451-c64c4d4a64da__ep1,ep1,test,4440,4519,0.0,10.815206527709961,0.22187837958335876,0.3641669452190399
long_80f_stride40:b750fab3-7fbb-43a0-b451-c64c4d4a64da__ep1:qa:100,b750fab3-7fbb-43a0-b451-c64c4d4a64da__ep1,ep1,test,4480,4559,0.0,10.610970497131348,0.20835185050964355,0.35728996992111206
long_80f_stride40:b750fab3-7fbb-43a0-b451-c64c4d4a64da__ep1:qa:101,b750fab3-7fbb-43a0-b451-c64c4d4a64da__ep1,ep1,test,4520,4599,0.0,11.810837745666504,0.18931157886981964,0.3976915776729584
long_80f_stride40:b750fab3-7fbb-43a0-b451-c64c4d4a64da__ep1:qa:102,b750fab3-7fbb-43a0-b451-c64c4d4a64da__ep1,ep1,test,4560,4639,0.0,11.064359664916992,0.1712988317012787,0.3725563585758209
long_80f_stride40:b750fab3-7fbb-43a0-b451-c64c4d4a64da__ep1:qa:103,b750fab3-7fbb-43a0-b451-c64c4d4a64da__ep1,ep1,test,4600,4679,0.0,9.745584487915039,0.15176425874233246,0.3281508982181549
long_80f_stride40:b750fab3-7fbb-43a0-b451-c64c4d4a64da__ep1:qa:104,b750fab3-7fbb-43a0-b451-c64c4d4a64da__ep1,ep1,test,4640,4719,0.0,10.089913368225098,0.153895765542984,0.33974504470825195
long_80f_stride40:b750fab3-7fbb-43a0-b451-c64c4d4a64da__ep1:qa:105,b750fab3-7fbb-43a0-b451-c64c4d4a64da__ep1,ep1,test,4680,4759,0.0,11.908202171325684,0.18024419248104095,0.40097007155418396
long_80f_stride40:b750fab3-7fbb-43a0-b451-c64c4d4a64da__ep1:qa:106,b750fab3-7fbb-43a0-b451-c64c4d4a64da__ep1,ep1,test,4720,4799,0.0,12.043095588684082,0.18411877751350403,0.40551209449768066
long_80f_stride40:b750fab3-7fbb-43a0-b451-c64c4d4a64da__ep1:qa:107,b750fab3-7fbb-43a0-b451-c64c4d4a64da__ep1,ep1,test,4800,4879,0.0,12.079435348510742,0.18137876689434052,0.40673574805259705
long_80f_stride40:b750fab3-7fbb-43a0-b451-c64c4d4a64da__ep1:qa:108,b750fab3-7fbb-43a0-b451-c64c4d4a64da__ep1,ep1,test,4840,4919,0.0,12.06824779510498,0.18309958279132843,0.40635907649993896
long_80f_stride40:b750fab3-7fbb-43a0-b451-c64c4d4a64da__ep1:qa:109,b750fab3-7fbb-43a0-b451-c64c4d4a64da__ep1,ep1,test,4920,4999,0.0,11.663942337036133,0.18605321645736694,0.39274540543556213
long_80f_stride40:b750fab3-7fbb-43a0-b451-c64c4d4a64da__ep1:qa:110,b750fab3-7fbb-43a0-b451-c64c4d4a64da__ep1,ep1,test,5000,5079,32.67085266113281,11.410696029663086,0.6961398720741272,1.0737571716308594
long_80f_stride40:b750fab3-7fbb-43a0-b451-c64c4d4a64da__ep1:qa:111,b750fab3-7fbb-43a0-b451-c64c4d4a64da__ep1,ep1,test,5040,5119,31.464691162109375,11.814545631408691,0.5199695825576782,0.9919080138206482
long_80f_stride40:b750fab3-7fbb-43a0-b451-c64c4d4a64da__ep1:qa:112,b750fab3-7fbb-43a0-b451-c64c4d4a64da__ep1,ep1,test,5080,5159,31.375646591186523,11.106239318847656,0.513127863407135,0.8691906332969666
long_80f_stride40:b750fab3-7fbb-43a0-b451-c64c4d4a64da__ep1:qa:113,b750fab3-7fbb-43a0-b451-c64c4d4a64da__ep1,ep1,test,5120,5199,30.981952667236328,10.853900909423828,0.5302109718322754,0.920739471912384
long_80f_stride40:b750fab3-7fbb-43a0-b451-c64c4d4a64da__ep1:qa:114,b750fab3-7fbb-43a0-b451-c64c4d4a64da__ep1,ep1,test,5160,5239,30.7510986328125,9.733743667602539,0.5507094860076904,0.9484127759933472
long_80f_stride40:b750fab3-7fbb-43a0-b451-c64c4d4a64da__ep1:qa:115,b750fab3-7fbb-43a0-b451-c64c4d4a64da__ep1,ep1,test,5200,5279,31.333173751831055,11.700712203979492,0.5231494903564453,0.97646164894104
long_80f_stride40:b750fab3-7fbb-43a0-b451-c64c4d4a64da__ep1:qa:116,b750fab3-7fbb-43a0-b451-c64c4d4a64da__ep1,ep1,test,5240,5319,31.484149932861328,11.652495384216309,0.5249829888343811,0.9800806045532227
long_80f_stride40:b750fab3-7fbb-43a0-b451-c64c4d4a64da__ep1:qa:117,b750fab3-7fbb-43a0-b451-c64c4d4a64da__ep1,ep1,test,5280,5359,31.33585548400879,11.64596176147461,0.5303344130516052,0.9886994361877441
long_80f_stride40:b750fab3-7fbb-43a0-b451-c64c4d4a64da__ep1:qa:118,b750fab3-7fbb-43a0-b451-c64c4d4a64da__ep1,ep1,test,5320,5399,31.34007453918457,11.654730796813965,0.5199210047721863,0.9851562976837158
long_80f_stride40:b750fab3-7fbb-43a0-b451-c64c4d4a64da__ep1:qa:119,b750fab3-7fbb-43a0-b451-c64c4d4a64da__ep1,ep1,test,5360,5439,31.25979995727539,10.907278060913086,0.5566026568412781,0.9893352389335632
long_80f_stride40:b750fab3-7fbb-43a0-b451-c64c4d4a64da__ep1:qa:120,b750fab3-7fbb-43a0-b451-c64c4d4a64da__ep1,ep1,test,5400,5479,24.696447372436523,10.891064643859863,0.4935760200023651,0.7699027061462402
long_80f_stride40:877779cd-25f3-4293-a3c4-39067dd9558c__ep4:qa:0,877779cd-25f3-4293-a3c4-39067dd9558c__ep4,ep4,test,0,79,11.166838645935059,12.043392181396484,0.0786944180727005,0.11816318333148956
long_80f_stride40:877779cd-25f3-4293-a3c4-39067dd9558c__ep4:qa:1,877779cd-25f3-4293-a3c4-39067dd9558c__ep4,ep4,test,40,119,11.234517097473145,11.396536827087402,0.17873834073543549,0.2804605960845947
long_80f_stride40:877779cd-25f3-4293-a3c4-39067dd9558c__ep4:qa:2,877779cd-25f3-4293-a3c4-39067dd9558c__ep4,ep4,test,80,159,10.227008819580078,11.287964820861816,0.2042766511440277,0.30792638659477234
long_80f_stride40:877779cd-25f3-4293-a3c4-39067dd9558c__ep4:qa:3,877779cd-25f3-4293-a3c4-39067dd9558c__ep4,ep4,test,120,199,0.0,8.604962348937988,0.18465553224086761,0.28974413871765137
long_80f_stride40:877779cd-25f3-4293-a3c4-39067dd9558c__ep4:qa:4,877779cd-25f3-4293-a3c4-39067dd9558c__ep4,ep4,test,160,239,0.0,9.038100242614746,0.1994827836751938,0.30432870984077454
long_80f_stride40:877779cd-25f3-4293-a3c4-39067dd9558c__ep4:qa:5,877779cd-25f3-4293-a3c4-39067dd9558c__ep4,ep4,test,200,279,0.0,10.349035263061523,0.20036670565605164,0.34847018122673035
long_80f_stride40:877779cd-25f3-4293-a3c4-39067dd9558c__ep4:qa:6,877779cd-25f3-4293-a3c4-39067dd9558c__ep4,ep4,test,240,319,0.0,10.642660140991211,0.19691768288612366,0.3583570122718811
long_80f_stride40:877779cd-25f3-4293-a3c4-39067dd9558c__ep4:qa:7,877779cd-25f3-4293-a3c4-39067dd9558c__ep4,ep4,test,280,359,0.0,10.870155334472656,0.21147647500038147,0.3660171926021576
long_80f_stride40:877779cd-25f3-4293-a3c4-39067dd9558c__ep4:qa:8,877779cd-25f3-4293-a3c4-39067dd9558c__ep4,ep4,test,320,399,0.0,10.522647857666016,0.2207021415233612,0.35431599617004395
long_80f_stride40:877779cd-25f3-4293-a3c4-39067dd9558c__ep4:qa:9,877779cd-25f3-4293-a3c4-39067dd9558c__ep4,ep4,test,400,479,11.746103286743164,10.883111000061035,0.18386945128440857,0.2874053418636322
long_80f_stride40:877779cd-25f3-4293-a3c4-39067dd9558c__ep4:qa:10,877779cd-25f3-4293-a3c4-39067dd9558c__ep4,ep4,test,440,519,11.112926483154297,10.454873085021973,0.07593453675508499,0.09863699227571487
long_80f_stride40:877779cd-25f3-4293-a3c4-39067dd9558c__ep4:qa:11,877779cd-25f3-4293-a3c4-39067dd9558c__ep4,ep4,test,480,559,10.916789054870605,11.620011329650879,0.05887160822749138,0.09033652395009995
long_80f_stride40:877779cd-25f3-4293-a3c4-39067dd9558c__ep4:qa:12,877779cd-25f3-4293-a3c4-39067dd9558c__ep4,ep4,test,520,599,10.861947059631348,11.991242408752441,0.061721716076135635,0.09962332248687744
long_80f_stride40:877779cd-25f3-4293-a3c4-39067dd9558c__ep4:qa:13,877779cd-25f3-4293-a3c4-39067dd9558c__ep4,ep4,test,560,639,10.989933967590332,12.104913711547852,0.06854250282049179,0.10324647277593613
long_80f_stride40:877779cd-25f3-4293-a3c4-39067dd9558c__ep4:qa:14,877779cd-25f3-4293-a3c4-39067dd9558c__ep4,ep4,test,600,679,11.085529327392578,12.340703010559082,0.184446319937706,0.296703577041626
long_80f_stride40:877779cd-25f3-4293-a3c4-39067dd9558c__ep4:qa:15,877779cd-25f3-4293-a3c4-39067dd9558c__ep4,ep4,test,640,719,10.28470516204834,10.711334228515625,0.18979120254516602,0.32294920086860657
long_80f_stride40:877779cd-25f3-4293-a3c4-39067dd9558c__ep4:qa:16,877779cd-25f3-4293-a3c4-39067dd9558c__ep4,ep4,test,680,759,0.0,10.941926956176758,0.1900605857372284,0.3684338331222534
long_80f_stride40:877779cd-25f3-4293-a3c4-39067dd9558c__ep4:qa:17,877779cd-25f3-4293-a3c4-39067dd9558c__ep4,ep4,test,720,799,14.047962188720703,11.912429809570312,0.26330000162124634,0.42287522554397583
long_80f_stride40:877779cd-25f3-4293-a3c4-39067dd9558c__ep4:qa:18,877779cd-25f3-4293-a3c4-39067dd9558c__ep4,ep4,test,760,839,15.824673652648926,11.976707458496094,0.2529638707637787,0.4140823781490326
long_80f_stride40:877779cd-25f3-4293-a3c4-39067dd9558c__ep4:qa:19,877779cd-25f3-4293-a3c4-39067dd9558c__ep4,ep4,test,800,879,14.209147453308105,10.680025100708008,0.20919103920459747,0.2967296838760376
long_80f_stride40:877779cd-25f3-4293-a3c4-39067dd9558c__ep4:qa:20,877779cd-25f3-4293-a3c4-39067dd9558c__ep4,ep4,test,840,919,13.600679397583008,9.371650695800781,0.2062903642654419,0.3084040880203247
long_80f_stride40:877779cd-25f3-4293-a3c4-39067dd9558c__ep4:qa:21,877779cd-25f3-4293-a3c4-39067dd9558c__ep4,ep4,test,880,959,13.500850677490234,9.66462230682373,0.16674624383449554,0.2407541126012802
long_80f_stride40:877779cd-25f3-4293-a3c4-39067dd9558c__ep4:qa:23,877779cd-25f3-4293-a3c4-39067dd9558c__ep4,ep4,test,1000,1079,13.713554382324219,8.883882522583008,0.241500124335289,0.4111298620700836
long_80f_stride40:877779cd-25f3-4293-a3c4-39067dd9558c__ep4:qa:24,877779cd-25f3-4293-a3c4-39067dd9558c__ep4,ep4,test,1040,1119,0.0,8.61454963684082,0.17476533353328705,0.29006698727607727
long_80f_stride40:877779cd-25f3-4293-a3c4-39067dd9558c__ep4:qa:25,877779cd-25f3-4293-a3c4-39067dd9558c__ep4,ep4,test,1080,1159,0.0,10.56440258026123,0.20967087149620056,0.35572195053100586
long_80f_stride40:877779cd-25f3-4293-a3c4-39067dd9558c__ep4:qa:26,877779cd-25f3-4293-a3c4-39067dd9558c__ep4,ep4,test,1120,1199,0.0,11.69010066986084,0.2094152420759201,0.3936261534690857
long_80f_stride40:877779cd-25f3-4293-a3c4-39067dd9558c__ep4:qa:27,877779cd-25f3-4293-a3c4-39067dd9558c__ep4,ep4,test,1160,1239,0.0,11.32652759552002,0.18687742948532104,0.3813840448856354
long_80f_stride40:877779cd-25f3-4293-a3c4-39067dd9558c__ep4:qa:28,877779cd-25f3-4293-a3c4-39067dd9558c__ep4,ep4,test,1200,1279,0.0,11.228245735168457,0.19667914509773254,0.3780747056007385
long_80f_stride40:877779cd-25f3-4293-a3c4-39067dd9558c__ep4:qa:29,877779cd-25f3-4293-a3c4-39067dd9558c__ep4,ep4,test,1240,1319,0.0,10.203583717346191,0.18000443279743195,0.34357255697250366
long_80f_stride40:877779cd-25f3-4293-a3c4-39067dd9558c__ep4:qa:30,877779cd-25f3-4293-a3c4-39067dd9558c__ep4,ep4,test,1280,1359,0.0,10.532931327819824,0.19051997363567352,0.3546622395515442
long_80f_stride40:877779cd-25f3-4293-a3c4-39067dd9558c__ep4:qa:31,877779cd-25f3-4293-a3c4-39067dd9558c__ep4,ep4,test,1320,1399,0.0,10.930049896240234,0.20065365731716156,0.3680339455604553
long_80f_stride40:877779cd-25f3-4293-a3c4-39067dd9558c__ep4:qa:32,877779cd-25f3-4293-a3c4-39067dd9558c__ep4,ep4,test,1400,1479,0.0,8.773417472839355,0.15456661581993103,0.29541632533073425
long_80f_stride40:877779cd-25f3-4293-a3c4-39067dd9558c__ep4:qa:33,877779cd-25f3-4293-a3c4-39067dd9558c__ep4,ep4,test,1440,1519,0.0,9.168547630310059,0.161539226770401,0.30872106552124023
long_80f_stride40:877779cd-25f3-4293-a3c4-39067dd9558c__ep4:qa:34,877779cd-25f3-4293-a3c4-39067dd9558c__ep4,ep4,test,1480,1559,0.0,11.270054817199707,0.1871751993894577,0.3794824779033661
long_80f_stride40:877779cd-25f3-4293-a3c4-39067dd9558c__ep4:qa:35,877779cd-25f3-4293-a3c4-39067dd9558c__ep4,ep4,test,1520,1599,0.0,10.380622863769531,0.1880367547273636,0.34953373670578003
long_80f_stride40:877779cd-25f3-4293-a3c4-39067dd9558c__ep4:qa:36,877779cd-25f3-4293-a3c4-39067dd9558c__ep4,ep4,test,1560,1639,0.0,10.479485511779785,0.19590146839618683,0.3528626263141632
long_80f_stride40:877779cd-25f3-4293-a3c4-39067dd9558c__ep4:qa:37,877779cd-25f3-4293-a3c4-39067dd9558c__ep4,ep4,test,1600,1679,0.0,10.772682189941406,0.1800192892551422,0.3627350628376007
long_80f_stride40:877779cd-25f3-4293-a3c4-39067dd9558c__ep4:qa:38,877779cd-25f3-4293-a3c4-39067dd9558c__ep4,ep4,test,1640,1719,0.0,10.011942863464355,0.1728953719139099,0.3371196389198303
long_80f_stride40:877779cd-25f3-4293-a3c4-39067dd9558c__ep4:qa:39,877779cd-25f3-4293-a3c4-39067dd9558c__ep4,ep4,test,1680,1759,0.0,9.66318416595459,0.17450270056724548,0.32537633180618286
long_80f_stride40:877779cd-25f3-4293-a3c4-39067dd9558c__ep4:qa:40,877779cd-25f3-4293-a3c4-39067dd9558c__ep4,ep4,test,1720,1799,0.0,10.324502944946289,0.19310294091701508,0.3476440906524658
long_80f_stride40:877779cd-25f3-4293-a3c4-39067dd9558c__ep4:qa:41,877779cd-25f3-4293-a3c4-39067dd9558c__ep4,ep4,test,1760,1839,0.0,10.130017280578613,0.19108152389526367,0.3410954177379608
long_80f_stride40:877779cd-25f3-4293-a3c4-39067dd9558c__ep4:qa:42,877779cd-25f3-4293-a3c4-39067dd9558c__ep4,ep4,test,1800,1879,0.0,9.857247352600098,0.21568205952644348,0.33191075921058655
long_80f_stride40:877779cd-25f3-4293-a3c4-39067dd9558c__ep4:qa:43,877779cd-25f3-4293-a3c4-39067dd9558c__ep4,ep4,test,1840,1919,0.0,9.832653045654297,0.2225489765405655,0.33108261227607727
long_80f_stride40:877779cd-25f3-4293-a3c4-39067dd9558c__ep4:qa:46,877779cd-25f3-4293-a3c4-39067dd9558c__ep4,ep4,test,2000,2079,0.0,9.2429780960083,0.18358011543750763,0.3112272620201111
long_80f_stride40:877779cd-25f3-4293-a3c4-39067dd9558c__ep4:qa:47,877779cd-25f3-4293-a3c4-39067dd9558c__ep4,ep4,test,2040,2119,0.0,11.017656326293945,0.19655191898345947,0.3709837794303894
long_80f_stride40:877779cd-25f3-4293-a3c4-39067dd9558c__ep4:qa:48,877779cd-25f3-4293-a3c4-39067dd9558c__ep4,ep4,test,2080,2159,0.0,11.408486366271973,0.21402966976165771,0.3841437101364136
long_80f_stride40:877779cd-25f3-4293-a3c4-39067dd9558c__ep4:qa:49,877779cd-25f3-4293-a3c4-39067dd9558c__ep4,ep4,test,2160,2239,0.0,8.054482460021973,0.15429753065109253,0.2712085247039795
long_80f_stride40:877779cd-25f3-4293-a3c4-39067dd9558c__ep4:qa:50,877779cd-25f3-4293-a3c4-39067dd9558c__ep4,ep4,test,2200,2279,0.0,9.354660034179688,0.17739224433898926,0.31498777866363525
long_80f_stride40:877779cd-25f3-4293-a3c4-39067dd9558c__ep4:qa:51,877779cd-25f3-4293-a3c4-39067dd9558c__ep4,ep4,test,2240,2319,0.0,10.035857200622559,0.22485029697418213,0.33792489767074585
long_80f_stride40:877779cd-25f3-4293-a3c4-39067dd9558c__ep4:qa:52,877779cd-25f3-4293-a3c4-39067dd9558c__ep4,ep4,test,2280,2359,0.0,9.515568733215332,0.20743274688720703,0.32040587067604065
long_80f_stride40:877779cd-25f3-4293-a3c4-39067dd9558c__ep4:qa:53,877779cd-25f3-4293-a3c4-39067dd9558c__ep4,ep4,test,2320,2399,0.0,11.066593170166016,0.18068411946296692,0.37263160943984985
long_80f_stride40:877779cd-25f3-4293-a3c4-39067dd9558c__ep4:qa:54,877779cd-25f3-4293-a3c4-39067dd9558c__ep4,ep4,test,2400,2479,0.0,10.971101760864258,0.1880260705947876,0.3694162368774414
long_80f_stride40:877779cd-25f3-4293-a3c4-39067dd9558c__ep4:qa:55,877779cd-25f3-4293-a3c4-39067dd9558c__ep4,ep4,test,2440,2519,0.0,11.724898338317871,0.19347922503948212,0.3947978615760803
long_80f_stride40:877779cd-25f3-4293-a3c4-39067dd9558c__ep4:qa:56,877779cd-25f3-4293-a3c4-39067dd9558c__ep4,ep4,test,2480,2559,0.0,10.545397758483887,0.23609967529773712,0.3550820052623749
long_80f_stride40:877779cd-25f3-4293-a3c4-39067dd9558c__ep4:qa:57,877779cd-25f3-4293-a3c4-39067dd9558c__ep4,ep4,test,2520,2599,0.0,11.047830581665039,0.25458046793937683,0.3719998002052307
long_80f_stride40:877779cd-25f3-4293-a3c4-39067dd9558c__ep4:qa:58,877779cd-25f3-4293-a3c4-39067dd9558c__ep4,ep4,test,2560,2639,0.0,11.163500785827637,0.21219241619110107,0.3758946657180786
long_80f_stride40:877779cd-25f3-4293-a3c4-39067dd9558c__ep4:qa:59,877779cd-25f3-4293-a3c4-39067dd9558c__ep4,ep4,test,2600,2679,0.0,11.261737823486328,0.18974252045154572,0.3792024552822113
long_80f_stride40:877779cd-25f3-4293-a3c4-39067dd9558c__ep4:qa:60,877779cd-25f3-4293-a3c4-39067dd9558c__ep4,ep4,test,2640,2719,0.0,12.075532913208008,0.20794358849525452,0.4066043198108673
long_80f_stride40:877779cd-25f3-4293-a3c4-39067dd9558c__ep4:qa:61,877779cd-25f3-4293-a3c4-39067dd9558c__ep4,ep4,test,2680,2759,0.0,12.025254249572754,0.1966661661863327,0.4049113988876343
long_80f_stride40:877779cd-25f3-4293-a3c4-39067dd9558c__ep4:qa:62,877779cd-25f3-4293-a3c4-39067dd9558c__ep4,ep4,test,2720,2799,9.626294136047363,11.914742469787598,0.19908511638641357,0.3511649966239929
long_80f_stride40:877779cd-25f3-4293-a3c4-39067dd9558c__ep4:qa:63,877779cd-25f3-4293-a3c4-39067dd9558c__ep4,ep4,test,2760,2839,11.236122131347656,11.82980728149414,0.18939830362796783,0.3210703432559967
long_80f_stride40:877779cd-25f3-4293-a3c4-39067dd9558c__ep4:qa:64,877779cd-25f3-4293-a3c4-39067dd9558c__ep4,ep4,test,2800,2879,11.021772384643555,12.178898811340332,0.08507829159498215,0.1198217123746872
long_80f_stride40:877779cd-25f3-4293-a3c4-39067dd9558c__ep4:qa:65,877779cd-25f3-4293-a3c4-39067dd9558c__ep4,ep4,test,2840,2919,10.833219528198242,12.106352806091309,0.07541637122631073,0.10986752063035965
long_80f_stride40:877779cd-25f3-4293-a3c4-39067dd9558c__ep4:qa:68,877779cd-25f3-4293-a3c4-39067dd9558c__ep4,ep4,test,3000,3079,11.289212226867676,11.440460205078125,0.2135121077299118,0.31838250160217285
long_80f_stride40:877779cd-25f3-4293-a3c4-39067dd9558c__ep4:qa:69,877779cd-25f3-4293-a3c4-39067dd9558c__ep4,ep4,test,3040,3119,10.27775764465332,11.245993614196777,0.23009392619132996,0.3402879238128662
long_80f_stride40:877779cd-25f3-4293-a3c4-39067dd9558c__ep4:qa:70,877779cd-25f3-4293-a3c4-39067dd9558c__ep4,ep4,test,3080,3159,0.0,9.498794555664062,0.17094379663467407,0.31984105706214905
long_80f_stride40:877779cd-25f3-4293-a3c4-39067dd9558c__ep4:qa:71,877779cd-25f3-4293-a3c4-39067dd9558c__ep4,ep4,test,3120,3199,0.0,8.886622428894043,0.18377560377120972,0.29922816157341003
long_80f_stride40:877779cd-25f3-4293-a3c4-39067dd9558c__ep4:qa:72,877779cd-25f3-4293-a3c4-39067dd9558c__ep4,ep4,test,3160,3239,0.0,8.697722434997559,0.16830123960971832,0.292867511510849
long_80f_stride40:877779cd-25f3-4293-a3c4-39067dd9558c__ep4:qa:73,877779cd-25f3-4293-a3c4-39067dd9558c__ep4,ep4,test,3200,3279,0.0,9.04658031463623,0.20070049166679382,0.30461418628692627
long_80f_stride40:877779cd-25f3-4293-a3c4-39067dd9558c__ep4:qa:74,877779cd-25f3-4293-a3c4-39067dd9558c__ep4,ep4,test,3240,3319,0.0,8.850894927978516,0.19132988154888153,0.29802513122558594
long_80f_stride40:877779cd-25f3-4293-a3c4-39067dd9558c__ep4:qa:75,877779cd-25f3-4293-a3c4-39067dd9558c__ep4,ep4,test,3280,3359,0.0,9.521297454833984,0.18488633632659912,0.3205987513065338
long_80f_stride40:877779cd-25f3-4293-a3c4-39067dd9558c__ep4:qa:76,877779cd-25f3-4293-a3c4-39067dd9558c__ep4,ep4,test,3320,3399,0.0,10.990248680114746,0.20424342155456543,0.37006089091300964
long_80f_stride40:877779cd-25f3-4293-a3c4-39067dd9558c__ep4:qa:77,877779cd-25f3-4293-a3c4-39067dd9558c__ep4,ep4,test,3400,3479,15.471070289611816,12.171528816223145,0.2533552944660187,0.3952781558036804
long_80f_stride40:877779cd-25f3-4293-a3c4-39067dd9558c__ep4:qa:78,877779cd-25f3-4293-a3c4-39067dd9558c__ep4,ep4,test,3440,3519,14.63698959350586,12.134328842163086,0.10977401584386826,0.2014879435300827
long_80f_stride40:877779cd-25f3-4293-a3c4-39067dd9558c__ep4:qa:79,877779cd-25f3-4293-a3c4-39067dd9558c__ep4,ep4,test,3480,3559,14.612119674682617,12.415216445922852,0.10309727489948273,0.18972815573215485
long_80f_stride40:877779cd-25f3-4293-a3c4-39067dd9558c__ep4:qa:80,877779cd-25f3-4293-a3c4-39067dd9558c__ep4,ep4,test,3520,3599,14.621100425720215,12.541177749633789,0.09819728136062622,0.18437688052654266
long_80f_stride40:877779cd-25f3-4293-a3c4-39067dd9558c__ep4:qa:81,877779cd-25f3-4293-a3c4-39067dd9558c__ep4,ep4,test,3560,3639,14.123371124267578,12.500484466552734,0.15277861058712006,0.23291562497615814
long_80f_stride40:877779cd-25f3-4293-a3c4-39067dd9558c__ep4:qa:82,877779cd-25f3-4293-a3c4-39067dd9558c__ep4,ep4,test,3600,3679,15.452170372009277,10.75281810760498,0.26295652985572815,0.3752918243408203
long_80f_stride40:877779cd-25f3-4293-a3c4-39067dd9558c__ep4:qa:83,877779cd-25f3-4293-a3c4-39067dd9558c__ep4,ep4,test,3640,3719,13.557863235473633,9.720961570739746,0.23876070976257324,0.36327308416366577
long_80f_stride40:877779cd-25f3-4293-a3c4-39067dd9558c__ep4:qa:84,877779cd-25f3-4293-a3c4-39067dd9558c__ep4,ep4,test,3680,3759,0.0,9.75684642791748,0.19876311719417572,0.32853013277053833
long_80f_stride40:877779cd-25f3-4293-a3c4-39067dd9558c__ep4:qa:85,877779cd-25f3-4293-a3c4-39067dd9558c__ep4,ep4,test,3720,3799,0.0,10.202693939208984,0.18635164201259613,0.34354257583618164
long_80f_stride40:877779cd-25f3-4293-a3c4-39067dd9558c__ep4:qa:86,877779cd-25f3-4293-a3c4-39067dd9558c__ep4,ep4,test,3760,3839,0.0,11.190970420837402,0.1989910751581192,0.37681958079338074
long_80f_stride40:877779cd-25f3-4293-a3c4-39067dd9558c__ep4:qa:87,877779cd-25f3-4293-a3c4-39067dd9558c__ep4,ep4,test,3800,3879,0.0,11.38052749633789,0.18524661660194397,0.38320228457450867
long_80f_stride40:877779cd-25f3-4293-a3c4-39067dd9558c__ep4:qa:88,877779cd-25f3-4293-a3c4-39067dd9558c__ep4,ep4,test,3840,3919,0.0,11.436652183532715,0.1824483722448349,0.3850920796394348
long_80f_stride40:877779cd-25f3-4293-a3c4-39067dd9558c__ep4:qa:91,877779cd-25f3-4293-a3c4-39067dd9558c__ep4,ep4,test,4000,4079,0.0,10.714872360229492,0.21022658050060272,0.3607885241508484
long_80f_stride40:877779cd-25f3-4293-a3c4-39067dd9558c__ep4:qa:92,877779cd-25f3-4293-a3c4-39067dd9558c__ep4,ep4,test,4040,4119,12.793044090270996,11.285690307617188,0.2971540093421936,0.39913660287857056
long_80f_stride40:877779cd-25f3-4293-a3c4-39067dd9558c__ep4:qa:93,877779cd-25f3-4293-a3c4-39067dd9558c__ep4,ep4,test,4080,4159,13.833767890930176,11.936056137084961,0.14744368195533752,0.22505713999271393
long_80f_stride40:877779cd-25f3-4293-a3c4-39067dd9558c__ep4:qa:94,877779cd-25f3-4293-a3c4-39067dd9558c__ep4,ep4,test,4120,4199,13.828256607055664,12.061800003051758,0.14072786271572113,0.2252558171749115
long_80f_stride40:877779cd-25f3-4293-a3c4-39067dd9558c__ep4:qa:95,877779cd-25f3-4293-a3c4-39067dd9558c__ep4,ep4,test,4160,4239,13.546631813049316,11.801775932312012,0.1490737646818161,0.2254774421453476
long_80f_stride40:877779cd-25f3-4293-a3c4-39067dd9558c__ep4:qa:96,877779cd-25f3-4293-a3c4-39067dd9558c__ep4,ep4,test,4200,4279,13.635357856750488,11.058603286743164,0.14836806058883667,0.2160511165857315
long_80f_stride40:877779cd-25f3-4293-a3c4-39067dd9558c__ep4:qa:97,877779cd-25f3-4293-a3c4-39067dd9558c__ep4,ep4,test,4240,4319,13.646514892578125,10.842978477478027,0.14649230241775513,0.23555991053581238
long_80f_stride40:877779cd-25f3-4293-a3c4-39067dd9558c__ep4:qa:98,877779cd-25f3-4293-a3c4-39067dd9558c__ep4,ep4,test,4280,4359,13.7039794921875,11.857270240783691,0.14428961277008057,0.22966037690639496
long_80f_stride40:877779cd-25f3-4293-a3c4-39067dd9558c__ep4:qa:99,877779cd-25f3-4293-a3c4-39067dd9558c__ep4,ep4,test,4320,4399,11.2911958694458,11.432640075683594,0.18013133108615875,0.27742883563041687
long_80f_stride40:877779cd-25f3-4293-a3c4-39067dd9558c__ep4:qa:100,877779cd-25f3-4293-a3c4-39067dd9558c__ep4,ep4,test,4360,4439,11.443086624145508,11.296213150024414,0.17607071995735168,0.27149340510368347
long_80f_stride40:877779cd-25f3-4293-a3c4-39067dd9558c__ep4:qa:101,877779cd-25f3-4293-a3c4-39067dd9558c__ep4,ep4,test,4400,4479,14.489177703857422,10.922640800476074,0.15350711345672607,0.23391608893871307
long_80f_stride40:877779cd-25f3-4293-a3c4-39067dd9558c__ep4:qa:102,877779cd-25f3-4293-a3c4-39067dd9558c__ep4,ep4,test,4440,4519,14.416781425476074,10.451045036315918,0.2417956441640854,0.3743293583393097
long_80f_stride40:1796b943-caad-43c6-b9bd-80b8d601f37d__ep1:qa:0,1796b943-caad-43c6-b9bd-80b8d601f37d__ep1,ep1,test,0,79,0.0,10.093111991882324,0.16459648311138153,0.3398527503013611
long_80f_stride40:1796b943-caad-43c6-b9bd-80b8d601f37d__ep1:qa:1,1796b943-caad-43c6-b9bd-80b8d601f37d__ep1,ep1,test,40,119,0.0,9.15501880645752,0.19205735623836517,0.3082655072212219
long_80f_stride40:1796b943-caad-43c6-b9bd-80b8d601f37d__ep1:qa:2,1796b943-caad-43c6-b9bd-80b8d601f37d__ep1,ep1,test,80,159,0.0,9.689363479614258,0.23268848657608032,0.3262578248977661
long_80f_stride40:1796b943-caad-43c6-b9bd-80b8d601f37d__ep1:qa:3,1796b943-caad-43c6-b9bd-80b8d601f37d__ep1,ep1,test,120,199,0.0,12.627938270568848,0.29933691024780273,0.4252047836780548
long_80f_stride40:1796b943-caad-43c6-b9bd-80b8d601f37d__ep1:qa:4,1796b943-caad-43c6-b9bd-80b8d601f37d__ep1,ep1,test,200,279,0.0,10.905436515808105,0.24703066051006317,0.3672051429748535
long_80f_stride40:1796b943-caad-43c6-b9bd-80b8d601f37d__ep1:qa:5,1796b943-caad-43c6-b9bd-80b8d601f37d__ep1,ep1,test,240,319,0.0,9.902127265930176,0.20779505372047424,0.3334220051765442
long_80f_stride40:1796b943-caad-43c6-b9bd-80b8d601f37d__ep1:qa:6,1796b943-caad-43c6-b9bd-80b8d601f37d__ep1,ep1,test,280,359,0.0,9.104744911193848,0.20899513363838196,0.30657270550727844
long_80f_stride40:1796b943-caad-43c6-b9bd-80b8d601f37d__ep1:qa:7,1796b943-caad-43c6-b9bd-80b8d601f37d__ep1,ep1,test,320,399,0.0,8.058633804321289,0.18028676509857178,0.27134832739830017
long_80f_stride40:1796b943-caad-43c6-b9bd-80b8d601f37d__ep1:qa:8,1796b943-caad-43c6-b9bd-80b8d601f37d__ep1,ep1,test,400,479,0.0,9.668766021728516,0.18677639961242676,0.32556429505348206
long_80f_stride40:1796b943-caad-43c6-b9bd-80b8d601f37d__ep1:qa:9,1796b943-caad-43c6-b9bd-80b8d601f37d__ep1,ep1,test,440,519,0.0,9.417621612548828,0.17593799531459808,0.31710782647132874
long_80f_stride40:1796b943-caad-43c6-b9bd-80b8d601f37d__ep1:qa:10,1796b943-caad-43c6-b9bd-80b8d601f37d__ep1,ep1,test,480,559,0.0,9.662853240966797,0.178915336728096,0.32536521553993225
long_80f_stride40:1796b943-caad-43c6-b9bd-80b8d601f37d__ep1:qa:11,1796b943-caad-43c6-b9bd-80b8d601f37d__ep1,ep1,test,560,639,0.0,9.637304306030273,0.20877419412136078,0.32450491189956665
long_80f_stride40:1796b943-caad-43c6-b9bd-80b8d601f37d__ep1:qa:12,1796b943-caad-43c6-b9bd-80b8d601f37d__ep1,ep1,test,600,679,0.0,11.269298553466797,0.2558017671108246,0.379457026720047
long_80f_stride40:1796b943-caad-43c6-b9bd-80b8d601f37d__ep1:qa:13,1796b943-caad-43c6-b9bd-80b8d601f37d__ep1,ep1,test,640,719,0.0,9.400384902954102,0.20918329060077667,0.31652745604515076
long_80f_stride40:1796b943-caad-43c6-b9bd-80b8d601f37d__ep1:qa:14,1796b943-caad-43c6-b9bd-80b8d601f37d__ep1,ep1,test,680,759,0.0,8.907129287719727,0.1994847059249878,0.29991865158081055
long_80f_stride40:1796b943-caad-43c6-b9bd-80b8d601f37d__ep1:qa:15,1796b943-caad-43c6-b9bd-80b8d601f37d__ep1,ep1,test,720,799,0.0,9.322158813476562,0.1960577517747879,0.3138934075832367
long_80f_stride40:1796b943-caad-43c6-b9bd-80b8d601f37d__ep1:qa:16,1796b943-caad-43c6-b9bd-80b8d601f37d__ep1,ep1,test,800,879,0.0,9.71290111541748,0.2036852091550827,0.3270503878593445
long_80f_stride40:1796b943-caad-43c6-b9bd-80b8d601f37d__ep1:qa:17,1796b943-caad-43c6-b9bd-80b8d601f37d__ep1,ep1,test,840,919,0.0,10.069881439208984,0.1762547641992569,0.33907055854797363
long_80f_stride40:1796b943-caad-43c6-b9bd-80b8d601f37d__ep1:qa:18,1796b943-caad-43c6-b9bd-80b8d601f37d__ep1,ep1,test,880,959,0.0,10.219582557678223,0.18228518962860107,0.34411123394966125
long_80f_stride40:1796b943-caad-43c6-b9bd-80b8d601f37d__ep1:qa:19,1796b943-caad-43c6-b9bd-80b8d601f37d__ep1,ep1,test,920,999,0.0,9.746360778808594,0.17043472826480865,0.3281770646572113
long_80f_stride40:1796b943-caad-43c6-b9bd-80b8d601f37d__ep1:qa:20,1796b943-caad-43c6-b9bd-80b8d601f37d__ep1,ep1,test,1000,1079,0.0,13.187173843383789,0.3013274073600769,0.44403523206710815
long_80f_stride40:1796b943-caad-43c6-b9bd-80b8d601f37d__ep1:qa:21,1796b943-caad-43c6-b9bd-80b8d601f37d__ep1,ep1,test,1040,1119,0.0,11.576462745666504,0.26345112919807434,0.3897997736930847
long_80f_stride40:1796b943-caad-43c6-b9bd-80b8d601f37d__ep1:qa:22,1796b943-caad-43c6-b9bd-80b8d601f37d__ep1,ep1,test,1080,1159,0.0,12.261106491088867,0.27081725001335144,0.412852942943573
long_80f_stride40:1796b943-caad-43c6-b9bd-80b8d601f37d__ep1:qa:23,1796b943-caad-43c6-b9bd-80b8d601f37d__ep1,ep1,test,1120,1199,0.0,12.777234077453613,0.2870163917541504,0.43023183941841125
long_80f_stride40:1796b943-caad-43c6-b9bd-80b8d601f37d__ep1:qa:24,1796b943-caad-43c6-b9bd-80b8d601f37d__ep1,ep1,test,1160,1239,0.0,12.9808349609375,0.2881203889846802,0.43708744645118713
long_80f_stride40:1796b943-caad-43c6-b9bd-80b8d601f37d__ep1:qa:25,1796b943-caad-43c6-b9bd-80b8d601f37d__ep1,ep1,test,1200,1279,0.0,12.747802734375,0.2827933132648468,0.4292408525943756
long_80f_stride40:1796b943-caad-43c6-b9bd-80b8d601f37d__ep1:qa:26,1796b943-caad-43c6-b9bd-80b8d601f37d__ep1,ep1,test,1240,1319,0.0,11.281216621398926,0.21661591529846191,0.3798583149909973
long_80f_stride40:1796b943-caad-43c6-b9bd-80b8d601f37d__ep1:qa:27,1796b943-caad-43c6-b9bd-80b8d601f37d__ep1,ep1,test,1280,1359,32.851505279541016,10.220415115356445,0.7050467133522034,1.089996099472046
long_80f_stride40:1796b943-caad-43c6-b9bd-80b8d601f37d__ep1:qa:28,1796b943-caad-43c6-b9bd-80b8d601f37d__ep1,ep1,test,1320,1399,37.533775329589844,10.368804931640625,0.879815399646759,1.2211743593215942
long_80f_stride40:1796b943-caad-43c6-b9bd-80b8d601f37d__ep1:qa:29,1796b943-caad-43c6-b9bd-80b8d601f37d__ep1,ep1,test,1400,1479,38.625064849853516,9.638313293457031,0.7499118447303772,1.2194353342056274
long_80f_stride40:1796b943-caad-43c6-b9bd-80b8d601f37d__ep1:qa:30,1796b943-caad-43c6-b9bd-80b8d601f37d__ep1,ep1,test,1440,1519,38.372371673583984,9.47470474243164,0.7235385775566101,1.1673200130462646
long_80f_stride40:1796b943-caad-43c6-b9bd-80b8d601f37d__ep1:qa:31,1796b943-caad-43c6-b9bd-80b8d601f37d__ep1,ep1,test,1480,1559,39.24985122680664,7.570984363555908,0.7850323915481567,1.2537225484848022
long_80f_stride40:1796b943-caad-43c6-b9bd-80b8d601f37d__ep1:qa:32,1796b943-caad-43c6-b9bd-80b8d601f37d__ep1,ep1,test,1520,1599,39.915672302246094,8.553766250610352,0.7836166024208069,1.2653542757034302
long_80f_stride40:1796b943-caad-43c6-b9bd-80b8d601f37d__ep1:qa:33,1796b943-caad-43c6-b9bd-80b8d601f37d__ep1,ep1,test,1560,1639,39.68458557128906,9.705240249633789,0.7677749395370483,1.261763095855713
long_80f_stride40:1796b943-caad-43c6-b9bd-80b8d601f37d__ep1:qa:34,1796b943-caad-43c6-b9bd-80b8d601f37d__ep1,ep1,test,1600,1679,38.865596771240234,9.612310409545898,0.7381255626678467,1.2157118320465088
long_80f_stride40:1796b943-caad-43c6-b9bd-80b8d601f37d__ep1:qa:35,1796b943-caad-43c6-b9bd-80b8d601f37d__ep1,ep1,test,1640,1719,38.5036735534668,9.525766372680664,0.7341825366020203,1.2026755809783936
long_80f_stride40:1796b943-caad-43c6-b9bd-80b8d601f37d__ep1:qa:36,1796b943-caad-43c6-b9bd-80b8d601f37d__ep1,ep1,test,1680,1759,39.616981506347656,9.64970588684082,0.7645885348320007,1.2278467416763306
long_80f_stride40:1796b943-caad-43c6-b9bd-80b8d601f37d__ep1:qa:37,1796b943-caad-43c6-b9bd-80b8d601f37d__ep1,ep1,test,1720,1799,40.00374984741211,10.41294002532959,0.7412903904914856,1.2221952676773071
long_80f_stride40:1796b943-caad-43c6-b9bd-80b8d601f37d__ep1:qa:38,1796b943-caad-43c6-b9bd-80b8d601f37d__ep1,ep1,test,1800,1879,40.9249382019043,10.138928413391113,0.7695990800857544,1.2874226570129395
long_80f_stride40:1796b943-caad-43c6-b9bd-80b8d601f37d__ep1:qa:39,1796b943-caad-43c6-b9bd-80b8d601f37d__ep1,ep1,test,1840,1919,40.629154205322266,10.461272239685059,0.7553355693817139,1.2740752696990967
long_80f_stride40:1796b943-caad-43c6-b9bd-80b8d601f37d__ep1:qa:40,1796b943-caad-43c6-b9bd-80b8d601f37d__ep1,ep1,test,1880,1959,40.470211029052734,10.614335060119629,0.7552833557128906,1.267484426498413
long_80f_stride40:1796b943-caad-43c6-b9bd-80b8d601f37d__ep1:qa:41,1796b943-caad-43c6-b9bd-80b8d601f37d__ep1,ep1,test,1920,1999,40.527076721191406,10.646055221557617,0.7549067735671997,1.2694401741027832
long_80f_stride40:1796b943-caad-43c6-b9bd-80b8d601f37d__ep1:qa:42,1796b943-caad-43c6-b9bd-80b8d601f37d__ep1,ep1,test,2000,2079,40.104644775390625,12.257612228393555,0.7297259569168091,1.2785450220108032
long_80f_stride40:1796b943-caad-43c6-b9bd-80b8d601f37d__ep1:qa:43,1796b943-caad-43c6-b9bd-80b8d601f37d__ep1,ep1,test,2040,2119,40.14814376831055,12.238001823425293,0.7318720817565918,1.2811399698257446
long_80f_stride40:1796b943-caad-43c6-b9bd-80b8d601f37d__ep1:qa:44,1796b943-caad-43c6-b9bd-80b8d601f37d__ep1,ep1,test,2080,2159,40.2030143737793,12.298431396484375,0.7303668856620789,1.2809613943099976
long_80f_stride40:1796b943-caad-43c6-b9bd-80b8d601f37d__ep1:qa:45,1796b943-caad-43c6-b9bd-80b8d601f37d__ep1,ep1,test,2120,2199,39.87269973754883,12.299951553344727,0.7311546802520752,1.2708044052124023
long_80f_stride40:1796b943-caad-43c6-b9bd-80b8d601f37d__ep1:qa:46,1796b943-caad-43c6-b9bd-80b8d601f37d__ep1,ep1,test,2160,2239,39.227577209472656,10.929190635681152,0.7203591465950012,1.192021131515503
long_80f_stride40:1796b943-caad-43c6-b9bd-80b8d601f37d__ep1:qa:47,1796b943-caad-43c6-b9bd-80b8d601f37d__ep1,ep1,test,2200,2279,37.65791320800781,11.652507781982422,0.7118170261383057,1.0897074937820435
long_80f_stride40:1796b943-caad-43c6-b9bd-80b8d601f37d__ep1:qa:48,1796b943-caad-43c6-b9bd-80b8d601f37d__ep1,ep1,test,2240,2319,44.335235595703125,17.12746810913086,0.6899980306625366,1.1079179048538208
long_80f_stride40:1796b943-caad-43c6-b9bd-80b8d601f37d__ep1:qa:49,1796b943-caad-43c6-b9bd-80b8d601f37d__ep1,ep1,test,2280,2359,40.75651931762695,18.190662384033203,0.5601479411125183,0.9494715332984924
long_80f_stride40:1796b943-caad-43c6-b9bd-80b8d601f37d__ep1:qa:50,1796b943-caad-43c6-b9bd-80b8d601f37d__ep1,ep1,test,2320,2399,38.97378921508789,12.625940322875977,0.6319168210029602,1.0003911256790161
long_80f_stride40:1796b943-caad-43c6-b9bd-80b8d601f37d__ep1:qa:51,1796b943-caad-43c6-b9bd-80b8d601f37d__ep1,ep1,test,2400,2479,39.19778060913086,9.804888725280762,0.7326368689537048,1.1441353559494019
long_80f_stride40:1796b943-caad-43c6-b9bd-80b8d601f37d__ep1:qa:52,1796b943-caad-43c6-b9bd-80b8d601f37d__ep1,ep1,test,2440,2519,40.0634651184082,8.536261558532715,0.7565854787826538,1.2321109771728516
long_80f_stride40:1796b943-caad-43c6-b9bd-80b8d601f37d__ep1:qa:53,1796b943-caad-43c6-b9bd-80b8d601f37d__ep1,ep1,test,2480,2559,39.794281005859375,12.142757415771484,0.7142758965492249,1.2222462892532349
long_80f_stride40:1796b943-caad-43c6-b9bd-80b8d601f37d__ep1:qa:54,1796b943-caad-43c6-b9bd-80b8d601f37d__ep1,ep1,test,2520,2599,40.23829650878906,10.781112670898438,0.7687497138977051,1.2707749605178833
long_80f_stride40:1796b943-caad-43c6-b9bd-80b8d601f37d__ep1:qa:55,1796b943-caad-43c6-b9bd-80b8d601f37d__ep1,ep1,test,2560,2639,40.654178619384766,11.011223793029785,0.8078606128692627,1.332372784614563
long_80f_stride40:1796b943-caad-43c6-b9bd-80b8d601f37d__ep1:qa:56,1796b943-caad-43c6-b9bd-80b8d601f37d__ep1,ep1,test,2600,2679,41.03504943847656,10.96425724029541,0.7546409964561462,1.290833830833435
long_80f_stride40:1796b943-caad-43c6-b9bd-80b8d601f37d__ep1:qa:57,1796b943-caad-43c6-b9bd-80b8d601f37d__ep1,ep1,test,2640,2719,41.10285568237305,11.173734664916992,0.7529280185699463,1.2982761859893799
long_80f_stride40:1796b943-caad-43c6-b9bd-80b8d601f37d__ep1:qa:58,1796b943-caad-43c6-b9bd-80b8d601f37d__ep1,ep1,test,2680,2759,40.9745979309082,9.914931297302246,0.7982732653617859,1.3306066989898682
long_80f_stride40:1796b943-caad-43c6-b9bd-80b8d601f37d__ep1:qa:59,1796b943-caad-43c6-b9bd-80b8d601f37d__ep1,ep1,test,2720,2799,33.62922668457031,9.357826232910156,0.637593150138855,1.0589044094085693
long_80f_stride40:1796b943-caad-43c6-b9bd-80b8d601f37d__ep1:qa:60,1796b943-caad-43c6-b9bd-80b8d601f37d__ep1,ep1,test,2800,2879,40.15176773071289,10.579833984375,0.7562254667282104,1.2823114395141602
long_80f_stride40:1796b943-caad-43c6-b9bd-80b8d601f37d__ep1:qa:61,1796b943-caad-43c6-b9bd-80b8d601f37d__ep1,ep1,test,2840,2919,40.266780853271484,11.076737403869629,0.7541204690933228,1.2881464958190918
long_80f_stride40:1796b943-caad-43c6-b9bd-80b8d601f37d__ep1:qa:62,1796b943-caad-43c6-b9bd-80b8d601f37d__ep1,ep1,test,2880,2959,39.996395111083984,11.348663330078125,0.7310121059417725,1.2521905899047852
long_80f_stride40:1796b943-caad-43c6-b9bd-80b8d601f37d__ep1:qa:63,1796b943-caad-43c6-b9bd-80b8d601f37d__ep1,ep1,test,2920,2999,39.30455780029297,12.635136604309082,0.7146338224411011,1.2677159309387207
long_80f_stride40:1796b943-caad-43c6-b9bd-80b8d601f37d__ep1:qa:64,1796b943-caad-43c6-b9bd-80b8d601f37d__ep1,ep1,test,2960,3039,39.39556121826172,12.567709922790527,0.719359815120697,1.2745506763458252
long_80f_stride40:1796b943-caad-43c6-b9bd-80b8d601f37d__ep1:qa:65,1796b943-caad-43c6-b9bd-80b8d601f37d__ep1,ep1,test,3000,3079,39.45429229736328,12.60641860961914,0.7202827334403992,1.2755016088485718
long_80f_stride40:1796b943-caad-43c6-b9bd-80b8d601f37d__ep1:qa:66,1796b943-caad-43c6-b9bd-80b8d601f37d__ep1,ep1,test,3040,3119,39.682552337646484,12.67346477508545,0.7230443358421326,1.2820357084274292
long_80f_stride40:1796b943-caad-43c6-b9bd-80b8d601f37d__ep1:qa:67,1796b943-caad-43c6-b9bd-80b8d601f37d__ep1,ep1,test,3080,3159,39.88277816772461,12.662382125854492,0.7273061275482178,1.2880312204360962
long_80f_stride40:1796b943-caad-43c6-b9bd-80b8d601f37d__ep1:qa:68,1796b943-caad-43c6-b9bd-80b8d601f37d__ep1,ep1,test,3120,3199,39.94495391845703,12.649161338806152,0.7275833487510681,1.2891792058944702
long_80f_stride40:1796b943-caad-43c6-b9bd-80b8d601f37d__ep1:qa:69,1796b943-caad-43c6-b9bd-80b8d601f37d__ep1,ep1,test,3160,3239,39.982810974121094,12.640543937683105,0.7277770638465881,1.2922512292861938
long_80f_stride40:1796b943-caad-43c6-b9bd-80b8d601f37d__ep1:qa:70,1796b943-caad-43c6-b9bd-80b8d601f37d__ep1,ep1,test,3200,3279,40.01235580444336,12.652721405029297,0.7287859916687012,1.2926443815231323
long_80f_stride40:1796b943-caad-43c6-b9bd-80b8d601f37d__ep1:qa:71,1796b943-caad-43c6-b9bd-80b8d601f37d__ep1,ep1,test,3240,3319,40.00042724609375,12.51650333404541,0.7321007251739502,1.2951264381408691
long_80f_stride40:1796b943-caad-43c6-b9bd-80b8d601f37d__ep1:qa:72,1796b943-caad-43c6-b9bd-80b8d601f37d__ep1,ep1,test,3280,3359,39.99884796142578,12.532780647277832,0.7339926362037659,1.297949194908142
long_80f_stride40:1796b943-caad-43c6-b9bd-80b8d601f37d__ep1:qa:73,1796b943-caad-43c6-b9bd-80b8d601f37d__ep1,ep1,test,3320,3399,39.97269821166992,12.629877090454102,0.7291045188903809,1.2919596433639526
long_80f_stride40:1796b943-caad-43c6-b9bd-80b8d601f37d__ep1:qa:74,1796b943-caad-43c6-b9bd-80b8d601f37d__ep1,ep1,test,3360,3439,39.94140625,12.653558731079102,0.7273451685905457,1.2891331911087036
long_80f_stride40:1796b943-caad-43c6-b9bd-80b8d601f37d__ep1:qa:75,1796b943-caad-43c6-b9bd-80b8d601f37d__ep1,ep1,test,3400,3479,39.67888641357422,12.673653602600098,0.7267877459526062,1.2800958156585693
long_80f_stride40:1796b943-caad-43c6-b9bd-80b8d601f37d__ep1:qa:76,1796b943-caad-43c6-b9bd-80b8d601f37d__ep1,ep1,test,3440,3519,39.301170349121094,12.443279266357422,0.7196816802024841,1.2607147693634033
long_80f_stride40:1796b943-caad-43c6-b9bd-80b8d601f37d__ep1:qa:77,1796b943-caad-43c6-b9bd-80b8d601f37d__ep1,ep1,test,3480,3559,39.16737365722656,12.475931167602539,0.7118443250656128,1.2553092241287231
long_80f_stride40:1796b943-caad-43c6-b9bd-80b8d601f37d__ep1:qa:78,1796b943-caad-43c6-b9bd-80b8d601f37d__ep1,ep1,test,3520,3599,39.428001403808594,12.642728805541992,0.7207590341567993,1.2753015756607056
long_80f_stride40:1796b943-caad-43c6-b9bd-80b8d601f37d__ep1:qa:79,1796b943-caad-43c6-b9bd-80b8d601f37d__ep1,ep1,test,3560,3639,39.66709518432617,12.641820907592773,0.7225744724273682,1.2833292484283447
long_80f_stride40:1796b943-caad-43c6-b9bd-80b8d601f37d__ep1:qa:80,1796b943-caad-43c6-b9bd-80b8d601f37d__ep1,ep1,test,3600,3679,39.62165832519531,12.652176856994629,0.7207815051078796,1.2803431749343872
long_80f_stride40:1796b943-caad-43c6-b9bd-80b8d601f37d__ep1:qa:81,1796b943-caad-43c6-b9bd-80b8d601f37d__ep1,ep1,test,3640,3719,40.694793701171875,11.485037803649902,0.7555345296859741,1.2749271392822266
long_80f_stride40:1796b943-caad-43c6-b9bd-80b8d601f37d__ep1:qa:82,1796b943-caad-43c6-b9bd-80b8d601f37d__ep1,ep1,test,3680,3759,41.09902572631836,10.357585906982422,0.7878881096839905,1.3134554624557495
long_80f_stride40:1796b943-caad-43c6-b9bd-80b8d601f37d__ep1:qa:83,1796b943-caad-43c6-b9bd-80b8d601f37d__ep1,ep1,test,3720,3799,41.09434127807617,10.752850532531738,0.7711360454559326,1.3090027570724487
long_80f_stride40:1796b943-caad-43c6-b9bd-80b8d601f37d__ep1:qa:84,1796b943-caad-43c6-b9bd-80b8d601f37d__ep1,ep1,test,3760,3839,40.55292510986328,11.300724983215332,0.7643516063690186,1.3037344217300415
long_80f_stride40:1796b943-caad-43c6-b9bd-80b8d601f37d__ep1:qa:85,1796b943-caad-43c6-b9bd-80b8d601f37d__ep1,ep1,test,3800,3879,40.15556716918945,11.003251075744629,0.7443904876708984,1.2711812257766724
long_80f_stride40:1796b943-caad-43c6-b9bd-80b8d601f37d__ep1:qa:86,1796b943-caad-43c6-b9bd-80b8d601f37d__ep1,ep1,test,3840,3919,40.554962158203125,10.42712688446045,0.7672262191772461,1.2853666543960571
long_80f_stride40:1796b943-caad-43c6-b9bd-80b8d601f37d__ep1:qa:87,1796b943-caad-43c6-b9bd-80b8d601f37d__ep1,ep1,test,3880,3959,41.16090774536133,9.999378204345703,0.7911942601203918,1.308357834815979
long_80f_stride40:1796b943-caad-43c6-b9bd-80b8d601f37d__ep1:qa:88,1796b943-caad-43c6-b9bd-80b8d601f37d__ep1,ep1,test,3920,3999,41.71339797973633,10.22706127166748,0.7789263725280762,1.3157442808151245
long_80f_stride40:1796b943-caad-43c6-b9bd-80b8d601f37d__ep1:qa:89,1796b943-caad-43c6-b9bd-80b8d601f37d__ep1,ep1,test,3960,4039,41.4489631652832,10.177800178527832,0.7862778306007385,1.3119988441467285
long_80f_stride40:1796b943-caad-43c6-b9bd-80b8d601f37d__ep1:qa:90,1796b943-caad-43c6-b9bd-80b8d601f37d__ep1,ep1,test,4000,4079,41.08045959472656,10.471238136291504,0.7614883780479431,1.2820301055908203
long_80f_stride40:1796b943-caad-43c6-b9bd-80b8d601f37d__ep1:qa:91,1796b943-caad-43c6-b9bd-80b8d601f37d__ep1,ep1,test,4040,4119,40.805694580078125,10.23827075958252,0.7616117000579834,1.2747013568878174
long_80f_stride40:1796b943-caad-43c6-b9bd-80b8d601f37d__ep1:qa:92,1796b943-caad-43c6-b9bd-80b8d601f37d__ep1,ep1,test,4080,4159,40.7672119140625,9.343573570251465,0.8113541007041931,1.3400248289108276
long_80f_stride40:1796b943-caad-43c6-b9bd-80b8d601f37d__ep1:qa:93,1796b943-caad-43c6-b9bd-80b8d601f37d__ep1,ep1,test,4120,4199,40.52625274658203,10.194435119628906,0.7920140624046326,1.3236159086227417
long_80f_stride40:1796b943-caad-43c6-b9bd-80b8d601f37d__ep1:qa:94,1796b943-caad-43c6-b9bd-80b8d601f37d__ep1,ep1,test,4160,4239,39.959285736083984,12.055916786193848,0.7330198884010315,1.2785413265228271
long_80f_stride40:1796b943-caad-43c6-b9bd-80b8d601f37d__ep1:qa:95,1796b943-caad-43c6-b9bd-80b8d601f37d__ep1,ep1,test,4200,4279,39.76068878173828,12.623725891113281,0.7232460975646973,1.2801700830459595
long_80f_stride40:ba18b7c1-21ff-45da-8452-41acce7fc8de__ep2:qa:0,ba18b7c1-21ff-45da-8452-41acce7fc8de__ep2,ep2,test,0,79,0.0,10.507695198059082,0.1729668378829956,0.3538125157356262
long_80f_stride40:ba18b7c1-21ff-45da-8452-41acce7fc8de__ep2:qa:1,ba18b7c1-21ff-45da-8452-41acce7fc8de__ep2,ep2,test,40,119,0.0,10.116552352905273,0.1939222514629364,0.3406420350074768
long_80f_stride40:ba18b7c1-21ff-45da-8452-41acce7fc8de__ep2:qa:2,ba18b7c1-21ff-45da-8452-41acce7fc8de__ep2,ep2,test,80,159,0.0,10.255667686462402,0.1862642616033554,0.3453262746334076
long_80f_stride40:ba18b7c1-21ff-45da-8452-41acce7fc8de__ep2:qa:3,ba18b7c1-21ff-45da-8452-41acce7fc8de__ep2,ep2,test,120,199,0.0,10.393170356750488,0.17906507849693298,0.3499562740325928
long_80f_stride40:ba18b7c1-21ff-45da-8452-41acce7fc8de__ep2:qa:4,ba18b7c1-21ff-45da-8452-41acce7fc8de__ep2,ep2,test,160,239,15.418685913085938,10.420106887817383,0.2990533411502838,0.4531959891319275
long_80f_stride40:ba18b7c1-21ff-45da-8452-41acce7fc8de__ep2:qa:5,ba18b7c1-21ff-45da-8452-41acce7fc8de__ep2,ep2,test,200,279,16.6275577545166,9.927315711975098,0.32360148429870605,0.45102164149284363
long_80f_stride40:ba18b7c1-21ff-45da-8452-41acce7fc8de__ep2:qa:6,ba18b7c1-21ff-45da-8452-41acce7fc8de__ep2,ep2,test,240,319,16.836740493774414,10.76826000213623,0.227730855345726,0.37070539593696594
long_80f_stride40:ba18b7c1-21ff-45da-8452-41acce7fc8de__ep2:qa:7,ba18b7c1-21ff-45da-8452-41acce7fc8de__ep2,ep2,test,280,359,16.881532669067383,11.138819694519043,0.22773918509483337,0.38537293672561646
long_80f_stride40:ba18b7c1-21ff-45da-8452-41acce7fc8de__ep2:qa:8,ba18b7c1-21ff-45da-8452-41acce7fc8de__ep2,ep2,test,320,399,14.606870651245117,10.018805503845215,0.18799227476119995,0.300010621547699
long_80f_stride40:ba18b7c1-21ff-45da-8452-41acce7fc8de__ep2:qa:9,ba18b7c1-21ff-45da-8452-41acce7fc8de__ep2,ep2,test,360,439,14.740168571472168,10.079495429992676,0.20335343480110168,0.31433168053627014
long_80f_stride40:ba18b7c1-21ff-45da-8452-41acce7fc8de__ep2:qa:10,ba18b7c1-21ff-45da-8452-41acce7fc8de__ep2,ep2,test,400,479,17.29761505126953,11.517257690429688,0.22207145392894745,0.36074113845825195
long_80f_stride40:ba18b7c1-21ff-45da-8452-41acce7fc8de__ep2:qa:11,ba18b7c1-21ff-45da-8452-41acce7fc8de__ep2,ep2,test,440,519,17.104263305664062,11.712350845336914,0.22656548023223877,0.39707085490226746
long_80f_stride40:ba18b7c1-21ff-45da-8452-41acce7fc8de__ep2:qa:12,ba18b7c1-21ff-45da-8452-41acce7fc8de__ep2,ep2,test,480,559,16.775306701660156,11.688241958618164,0.23617495596408844,0.3945167362689972
long_80f_stride40:ba18b7c1-21ff-45da-8452-41acce7fc8de__ep2:qa:13,ba18b7c1-21ff-45da-8452-41acce7fc8de__ep2,ep2,test,520,599,16.65571403503418,10.34200668334961,0.2792242169380188,0.4904017150402069
long_80f_stride40:ba18b7c1-21ff-45da-8452-41acce7fc8de__ep2:qa:14,ba18b7c1-21ff-45da-8452-41acce7fc8de__ep2,ep2,test,560,639,15.428092002868652,9.284293174743652,0.33535173535346985,0.45452597737312317
long_80f_stride40:ba18b7c1-21ff-45da-8452-41acce7fc8de__ep2:qa:15,ba18b7c1-21ff-45da-8452-41acce7fc8de__ep2,ep2,test,600,679,12.87168025970459,9.77991008758545,0.23268376290798187,0.3230670094490051
long_80f_stride40:ba18b7c1-21ff-45da-8452-41acce7fc8de__ep2:qa:19,ba18b7c1-21ff-45da-8452-41acce7fc8de__ep2,ep2,test,800,879,16.662538528442383,11.840928077697754,0.22910262644290924,0.3936123251914978
long_80f_stride40:ba18b7c1-21ff-45da-8452-41acce7fc8de__ep2:qa:20,ba18b7c1-21ff-45da-8452-41acce7fc8de__ep2,ep2,test,840,919,16.757732391357422,11.846935272216797,0.23035109043121338,0.39926865696907043
long_80f_stride40:ba18b7c1-21ff-45da-8452-41acce7fc8de__ep2:qa:21,ba18b7c1-21ff-45da-8452-41acce7fc8de__ep2,ep2,test,880,959,16.615192413330078,11.844902038574219,0.22902286052703857,0.39329254627227783
long_80f_stride40:ba18b7c1-21ff-45da-8452-41acce7fc8de__ep2:qa:22,ba18b7c1-21ff-45da-8452-41acce7fc8de__ep2,ep2,test,920,999,16.58422088623047,11.451009750366211,0.2212764173746109,0.3842499256134033
long_80f_stride40:ba18b7c1-21ff-45da-8452-41acce7fc8de__ep2:qa:23,ba18b7c1-21ff-45da-8452-41acce7fc8de__ep2,ep2,test,960,1039,16.68154525756836,11.412999153137207,0.2351795881986618,0.40837162733078003
long_80f_stride40:ba18b7c1-21ff-45da-8452-41acce7fc8de__ep2:qa:24,ba18b7c1-21ff-45da-8452-41acce7fc8de__ep2,ep2,test,1000,1079,16.73052978515625,11.728530883789062,0.23843441903591156,0.4110931158065796
long_80f_stride40:ba18b7c1-21ff-45da-8452-41acce7fc8de__ep2:qa:25,ba18b7c1-21ff-45da-8452-41acce7fc8de__ep2,ep2,test,1040,1119,16.724018096923828,11.528998374938965,0.22888904809951782,0.3918749690055847
long_80f_stride40:ba18b7c1-21ff-45da-8452-41acce7fc8de__ep2:qa:26,ba18b7c1-21ff-45da-8452-41acce7fc8de__ep2,ep2,test,1080,1159,14.970006942749023,10.512218475341797,0.2098761796951294,0.3602231740951538
long_80f_stride40:ba18b7c1-21ff-45da-8452-41acce7fc8de__ep2:qa:27,ba18b7c1-21ff-45da-8452-41acce7fc8de__ep2,ep2,test,1120,1199,15.101658821105957,10.731550216674805,0.20622920989990234,0.3598066568374634
long_80f_stride40:ba18b7c1-21ff-45da-8452-41acce7fc8de__ep2:qa:28,ba18b7c1-21ff-45da-8452-41acce7fc8de__ep2,ep2,test,1200,1279,14.36068344116211,10.497897148132324,0.2124784141778946,0.35161706805229187
long_80f_stride40:ba18b7c1-21ff-45da-8452-41acce7fc8de__ep2:qa:29,ba18b7c1-21ff-45da-8452-41acce7fc8de__ep2,ep2,test,1240,1319,15.138762474060059,10.423949241638184,0.24930058419704437,0.3931807577610016
long_80f_stride40:ba18b7c1-21ff-45da-8452-41acce7fc8de__ep2:qa:30,ba18b7c1-21ff-45da-8452-41acce7fc8de__ep2,ep2,test,1280,1359,17.82790756225586,10.423239707946777,0.27752482891082764,0.44570067524909973
long_80f_stride40:ba18b7c1-21ff-45da-8452-41acce7fc8de__ep2:qa:31,ba18b7c1-21ff-45da-8452-41acce7fc8de__ep2,ep2,test,1320,1399,17.910959243774414,10.718873023986816,0.2603675127029419,0.4151584804058075
long_80f_stride40:ba18b7c1-21ff-45da-8452-41acce7fc8de__ep2:qa:32,ba18b7c1-21ff-45da-8452-41acce7fc8de__ep2,ep2,test,1360,1439,17.33620262145996,11.792089462280273,0.24019888043403625,0.42351219058036804
long_80f_stride40:ba18b7c1-21ff-45da-8452-41acce7fc8de__ep2:qa:33,ba18b7c1-21ff-45da-8452-41acce7fc8de__ep2,ep2,test,1400,1479,16.335351943969727,11.81928825378418,0.2536131739616394,0.40597856044769287
long_80f_stride40:ba18b7c1-21ff-45da-8452-41acce7fc8de__ep2:qa:34,ba18b7c1-21ff-45da-8452-41acce7fc8de__ep2,ep2,test,1440,1519,16.24070167541504,11.767820358276367,0.2508385181427002,0.4062878489494324
long_80f_stride40:ba18b7c1-21ff-45da-8452-41acce7fc8de__ep2:qa:35,ba18b7c1-21ff-45da-8452-41acce7fc8de__ep2,ep2,test,1480,1559,16.7846622467041,11.0595121383667,0.21650806069374084,0.3801419734954834
long_80f_stride40:ba18b7c1-21ff-45da-8452-41acce7fc8de__ep2:qa:36,ba18b7c1-21ff-45da-8452-41acce7fc8de__ep2,ep2,test,1520,1599,14.31945514678955,10.142905235290527,0.1636299192905426,0.25417086482048035
long_80f_stride40:ba18b7c1-21ff-45da-8452-41acce7fc8de__ep2:qa:37,ba18b7c1-21ff-45da-8452-41acce7fc8de__ep2,ep2,test,1560,1639,14.164101600646973,10.102715492248535,0.16223858296871185,0.26761630177497864
long_80f_stride40:ba18b7c1-21ff-45da-8452-41acce7fc8de__ep2:qa:38,ba18b7c1-21ff-45da-8452-41acce7fc8de__ep2,ep2,test,1600,1679,16.5783748626709,11.667821884155273,0.2420111745595932,0.3625134229660034
long_80f_stride40:ba18b7c1-21ff-45da-8452-41acce7fc8de__ep2:qa:39,ba18b7c1-21ff-45da-8452-41acce7fc8de__ep2,ep2,test,1640,1719,16.890363693237305,10.73187255859375,0.2589758634567261,0.4007972180843353
long_80f_stride40:ba18b7c1-21ff-45da-8452-41acce7fc8de__ep2:qa:40,ba18b7c1-21ff-45da-8452-41acce7fc8de__ep2,ep2,test,1680,1759,14.281194686889648,9.973191261291504,0.1839623898267746,0.31661245226860046
long_80f_stride40:ba18b7c1-21ff-45da-8452-41acce7fc8de__ep2:qa:41,ba18b7c1-21ff-45da-8452-41acce7fc8de__ep2,ep2,test,1720,1799,14.363659858703613,10.493223190307617,0.20380710065364838,0.3246413767337799
long_80f_stride40:ba18b7c1-21ff-45da-8452-41acce7fc8de__ep2:qa:42,ba18b7c1-21ff-45da-8452-41acce7fc8de__ep2,ep2,test,1800,1879,16.63275909423828,11.883512496948242,0.23197698593139648,0.3933654725551605
long_80f_stride40:ba18b7c1-21ff-45da-8452-41acce7fc8de__ep2:qa:43,ba18b7c1-21ff-45da-8452-41acce7fc8de__ep2,ep2,test,1840,1919,16.75783920288086,11.910530090332031,0.22983667254447937,0.395276814699173
long_80f_stride40:ba18b7c1-21ff-45da-8452-41acce7fc8de__ep2:qa:44,ba18b7c1-21ff-45da-8452-41acce7fc8de__ep2,ep2,test,1880,1959,16.816741943359375,11.790701866149902,0.2276715636253357,0.39612099528312683
long_80f_stride40:ba18b7c1-21ff-45da-8452-41acce7fc8de__ep2:qa:45,ba18b7c1-21ff-45da-8452-41acce7fc8de__ep2,ep2,test,1920,1999,16.781770706176758,11.792152404785156,0.22936668992042542,0.3960039019584656
long_80f_stride40:ba18b7c1-21ff-45da-8452-41acce7fc8de__ep2:qa:46,ba18b7c1-21ff-45da-8452-41acce7fc8de__ep2,ep2,test,1960,2039,16.57107925415039,11.780621528625488,0.23172122240066528,0.39688944816589355
long_80f_stride40:ba18b7c1-21ff-45da-8452-41acce7fc8de__ep2:qa:47,ba18b7c1-21ff-45da-8452-41acce7fc8de__ep2,ep2,test,2000,2079,16.938024520874023,11.66040325164795,0.22463922202587128,0.39232537150382996
long_80f_stride40:ba18b7c1-21ff-45da-8452-41acce7fc8de__ep2:qa:48,ba18b7c1-21ff-45da-8452-41acce7fc8de__ep2,ep2,test,2040,2119,17.074914932250977,11.415444374084473,0.21782831847667694,0.3962687849998474
long_80f_stride40:ba18b7c1-21ff-45da-8452-41acce7fc8de__ep2:qa:49,ba18b7c1-21ff-45da-8452-41acce7fc8de__ep2,ep2,test,2080,2159,16.941884994506836,11.634905815124512,0.22700940072536469,0.39551782608032227
long_80f_stride40:ba18b7c1-21ff-45da-8452-41acce7fc8de__ep2:qa:50,ba18b7c1-21ff-45da-8452-41acce7fc8de__ep2,ep2,test,2120,2199,16.561019897460938,12.124471664428711,0.23106074333190918,0.38713496923446655
long_80f_stride40:ba18b7c1-21ff-45da-8452-41acce7fc8de__ep2:qa:51,ba18b7c1-21ff-45da-8452-41acce7fc8de__ep2,ep2,test,2160,2239,16.499956130981445,12.146551132202148,0.23468221724033356,0.39333850145339966
long_80f_stride40:ba18b7c1-21ff-45da-8452-41acce7fc8de__ep2:qa:52,ba18b7c1-21ff-45da-8452-41acce7fc8de__ep2,ep2,test,2200,2279,16.56096839904785,12.096273422241211,0.23436963558197021,0.3961200714111328
long_80f_stride40:ba18b7c1-21ff-45da-8452-41acce7fc8de__ep2:qa:53,ba18b7c1-21ff-45da-8452-41acce7fc8de__ep2,ep2,test,2240,2319,16.58502197265625,12.041385650634766,0.23675031960010529,0.40147459506988525
long_80f_stride40:ba18b7c1-21ff-45da-8452-41acce7fc8de__ep2:qa:54,ba18b7c1-21ff-45da-8452-41acce7fc8de__ep2,ep2,test,2280,2359,16.543460845947266,12.058667182922363,0.23568616807460785,0.4007580876350403
long_80f_stride40:ba18b7c1-21ff-45da-8452-41acce7fc8de__ep2:qa:55,ba18b7c1-21ff-45da-8452-41acce7fc8de__ep2,ep2,test,2320,2399,16.580686569213867,11.9940824508667,0.23207993805408478,0.39584946632385254
long_80f_stride40:ba18b7c1-21ff-45da-8452-41acce7fc8de__ep2:qa:56,ba18b7c1-21ff-45da-8452-41acce7fc8de__ep2,ep2,test,2360,2439,16.76483154296875,11.902057647705078,0.23028674721717834,0.394334077835083
long_80f_stride40:ba18b7c1-21ff-45da-8452-41acce7fc8de__ep2:qa:57,ba18b7c1-21ff-45da-8452-41acce7fc8de__ep2,ep2,test,2400,2479,16.891874313354492,11.945765495300293,0.23435424268245697,0.4017563462257385
long_80f_stride40:ba18b7c1-21ff-45da-8452-41acce7fc8de__ep2:qa:69,ba18b7c1-21ff-45da-8452-41acce7fc8de__ep2,ep2,test,2920,2999,17.372880935668945,12.038176536560059,0.24848990142345428,0.43317124247550964
long_80f_stride40:ba18b7c1-21ff-45da-8452-41acce7fc8de__ep2:qa:70,ba18b7c1-21ff-45da-8452-41acce7fc8de__ep2,ep2,test,2960,3039,17.399372100830078,12.141711235046387,0.2676529884338379,0.473164826631546
long_80f_stride40:ba18b7c1-21ff-45da-8452-41acce7fc8de__ep2:qa:71,ba18b7c1-21ff-45da-8452-41acce7fc8de__ep2,ep2,test,3000,3079,17.32196617126465,12.2924165725708,0.26984354853630066,0.4673508405685425
long_80f_stride40:ba18b7c1-21ff-45da-8452-41acce7fc8de__ep2:qa:72,ba18b7c1-21ff-45da-8452-41acce7fc8de__ep2,ep2,test,3040,3119,16.843116760253906,12.26771354675293,0.24572929739952087,0.41040313243865967
long_80f_stride40:ba18b7c1-21ff-45da-8452-41acce7fc8de__ep2:qa:73,ba18b7c1-21ff-45da-8452-41acce7fc8de__ep2,ep2,test,3080,3159,16.909862518310547,11.83375358581543,0.2657178044319153,0.41444116830825806
long_80f_stride40:ba18b7c1-21ff-45da-8452-41acce7fc8de__ep2:qa:74,ba18b7c1-21ff-45da-8452-41acce7fc8de__ep2,ep2,test,3120,3199,14.293549537658691,10.48620319366455,0.21147598326206207,0.3329923152923584
long_80f_stride40:ba18b7c1-21ff-45da-8452-41acce7fc8de__ep2:qa:75,ba18b7c1-21ff-45da-8452-41acce7fc8de__ep2,ep2,test,3160,3239,14.378154754638672,10.728205680847168,0.24650663137435913,0.3694950044155121
long_80f_stride40:ba18b7c1-21ff-45da-8452-41acce7fc8de__ep2:qa:76,ba18b7c1-21ff-45da-8452-41acce7fc8de__ep2,ep2,test,3200,3279,16.475046157836914,11.790653228759766,0.23736970126628876,0.40131399035453796
long_80f_stride40:ba18b7c1-21ff-45da-8452-41acce7fc8de__ep2:qa:77,ba18b7c1-21ff-45da-8452-41acce7fc8de__ep2,ep2,test,3240,3319,16.497589111328125,11.977079391479492,0.24368715286254883,0.4087752103805542
long_80f_stride40:ba18b7c1-21ff-45da-8452-41acce7fc8de__ep2:qa:78,ba18b7c1-21ff-45da-8452-41acce7fc8de__ep2,ep2,test,3280,3359,16.354568481445312,12.149626731872559,0.24028189480304718,0.4004250764846802
long_80f_stride40:ba18b7c1-21ff-45da-8452-41acce7fc8de__ep2:qa:79,ba18b7c1-21ff-45da-8452-41acce7fc8de__ep2,ep2,test,3320,3399,16.570816040039062,11.74178695678711,0.23270712792873383,0.4013702869415283
long_80f_stride40:ba18b7c1-21ff-45da-8452-41acce7fc8de__ep2:qa:80,ba18b7c1-21ff-45da-8452-41acce7fc8de__ep2,ep2,test,3400,3479,17.017915725708008,11.940351486206055,0.2503478527069092,0.41845324635505676
long_80f_stride40:ba18b7c1-21ff-45da-8452-41acce7fc8de__ep2:qa:81,ba18b7c1-21ff-45da-8452-41acce7fc8de__ep2,ep2,test,3440,3519,17.06837272644043,11.952012062072754,0.23662817478179932,0.40524008870124817
long_80f_stride40:ba18b7c1-21ff-45da-8452-41acce7fc8de__ep2:qa:82,ba18b7c1-21ff-45da-8452-41acce7fc8de__ep2,ep2,test,3480,3559,16.82638168334961,11.8980073928833,0.23756225407123566,0.40102043747901917
long_80f_stride40:ba18b7c1-21ff-45da-8452-41acce7fc8de__ep2:qa:83,ba18b7c1-21ff-45da-8452-41acce7fc8de__ep2,ep2,test,3520,3599,16.65431022644043,11.931367874145508,0.23963266611099243,0.408476859331131
long_80f_stride40:ba18b7c1-21ff-45da-8452-41acce7fc8de__ep2:qa:84,ba18b7c1-21ff-45da-8452-41acce7fc8de__ep2,ep2,test,3560,3639,16.67585563659668,12.013978958129883,0.24504801630973816,0.41096845269203186
long_80f_stride40:ba18b7c1-21ff-45da-8452-41acce7fc8de__ep2:qa:85,ba18b7c1-21ff-45da-8452-41acce7fc8de__ep2,ep2,test,3600,3679,16.8254451751709,11.781039237976074,0.23621095716953278,0.4008837938308716
long_80f_stride40:ba18b7c1-21ff-45da-8452-41acce7fc8de__ep2:qa:86,ba18b7c1-21ff-45da-8452-41acce7fc8de__ep2,ep2,test,3640,3719,16.463340759277344,10.06854248046875,0.23411159217357635,0.40453338623046875
long_80f_stride40:ba18b7c1-21ff-45da-8452-41acce7fc8de__ep2:qa:87,ba18b7c1-21ff-45da-8452-41acce7fc8de__ep2,ep2,test,3680,3759,13.917339324951172,9.908333778381348,0.16838741302490234,0.2661969065666199
long_80f_stride40:ba18b7c1-21ff-45da-8452-41acce7fc8de__ep2:qa:88,ba18b7c1-21ff-45da-8452-41acce7fc8de__ep2,ep2,test,3720,3799,14.11913013458252,9.932812690734863,0.22126467525959015,0.3248910903930664
long_80f_stride40:ba18b7c1-21ff-45da-8452-41acce7fc8de__ep2:qa:89,ba18b7c1-21ff-45da-8452-41acce7fc8de__ep2,ep2,test,3760,3839,16.995891571044922,11.14377212524414,0.22614026069641113,0.386821985244751
long_80f_stride40:ba18b7c1-21ff-45da-8452-41acce7fc8de__ep2:qa:90,ba18b7c1-21ff-45da-8452-41acce7fc8de__ep2,ep2,test,3800,3879,16.82581901550293,11.617873191833496,0.21954280138015747,0.38281214237213135
long_80f_stride40:ba18b7c1-21ff-45da-8452-41acce7fc8de__ep2:qa:91,ba18b7c1-21ff-45da-8452-41acce7fc8de__ep2,ep2,test,3840,3919,16.73467254638672,11.230936050415039,0.2287864089012146,0.39601898193359375
long_80f_stride40:ba18b7c1-21ff-45da-8452-41acce7fc8de__ep2:qa:92,ba18b7c1-21ff-45da-8452-41acce7fc8de__ep2,ep2,test,3880,3959,14.374517440795898,10.501635551452637,0.19108717143535614,0.3299313187599182
long_80f_stride40:ba18b7c1-21ff-45da-8452-41acce7fc8de__ep2:qa:93,ba18b7c1-21ff-45da-8452-41acce7fc8de__ep2,ep2,test,3920,3999,14.416351318359375,10.690686225891113,0.19714315235614777,0.332867294549942
long_80f_stride40:ba18b7c1-21ff-45da-8452-41acce7fc8de__ep2:qa:94,ba18b7c1-21ff-45da-8452-41acce7fc8de__ep2,ep2,test,3960,4039,16.462139129638672,11.481460571289062,0.22569486498832703,0.39015254378318787
long_80f_stride40:ba18b7c1-21ff-45da-8452-41acce7fc8de__ep2:qa:95,ba18b7c1-21ff-45da-8452-41acce7fc8de__ep2,ep2,test,4000,4079,16.309816360473633,11.569087028503418,0.22533585131168365,0.38492122292518616
long_80f_stride40:ba18b7c1-21ff-45da-8452-41acce7fc8de__ep2:qa:114,ba18b7c1-21ff-45da-8452-41acce7fc8de__ep2,ep2,test,4800,4879,16.613161087036133,12.100728988647461,0.24830316007137299,0.414029061794281
long_80f_stride40:ba18b7c1-21ff-45da-8452-41acce7fc8de__ep2:qa:115,ba18b7c1-21ff-45da-8452-41acce7fc8de__ep2,ep2,test,4840,4919,16.56169319152832,12.174015045166016,0.2496330738067627,0.4134162962436676
long_80f_stride40:ba18b7c1-21ff-45da-8452-41acce7fc8de__ep2:qa:116,ba18b7c1-21ff-45da-8452-41acce7fc8de__ep2,ep2,test,4880,4959,16.60788917541504,12.067782402038574,0.24936752021312714,0.41526636481285095
long_80f_stride40:ba18b7c1-21ff-45da-8452-41acce7fc8de__ep2:qa:117,ba18b7c1-21ff-45da-8452-41acce7fc8de__ep2,ep2,test,4920,4999,16.64870262145996,12.07028865814209,0.24820859730243683,0.4153382182121277
long_80f_stride40:ba18b7c1-21ff-45da-8452-41acce7fc8de__ep2:qa:118,ba18b7c1-21ff-45da-8452-41acce7fc8de__ep2,ep2,test,4960,5039,16.705224990844727,11.999796867370605,0.245815247297287,0.41383734345436096
long_80f_stride40:ba18b7c1-21ff-45da-8452-41acce7fc8de__ep2:qa:119,ba18b7c1-21ff-45da-8452-41acce7fc8de__ep2,ep2,test,5000,5079,16.694108963012695,11.996698379516602,0.24347878992557526,0.41228073835372925
long_80f_stride40:ba18b7c1-21ff-45da-8452-41acce7fc8de__ep2:qa:120,ba18b7c1-21ff-45da-8452-41acce7fc8de__ep2,ep2,test,5040,5119,16.71237564086914,12.030289649963379,0.2505967915058136,0.41940516233444214
long_80f_stride40:ba18b7c1-21ff-45da-8452-41acce7fc8de__ep2:qa:121,ba18b7c1-21ff-45da-8452-41acce7fc8de__ep2,ep2,test,5080,5159,16.642147064208984,11.876104354858398,0.2410861998796463,0.4003906548023224
long_80f_stride40:ba18b7c1-21ff-45da-8452-41acce7fc8de__ep2:qa:122,ba18b7c1-21ff-45da-8452-41acce7fc8de__ep2,ep2,test,5120,5199,17.46433448791504,11.344566345214844,0.3433418571949005,0.49682024121284485
long_80f_stride40:ba18b7c1-21ff-45da-8452-41acce7fc8de__ep2:qa:123,ba18b7c1-21ff-45da-8452-41acce7fc8de__ep2,ep2,test,5160,5239,14.756657600402832,10.610450744628906,0.24702204763889313,0.385364294052124
long_80f_stride40:ba18b7c1-21ff-45da-8452-41acce7fc8de__ep2:qa:124,ba18b7c1-21ff-45da-8452-41acce7fc8de__ep2,ep2,test,5200,5279,17.429922103881836,9.22397518157959,0.28626883029937744,0.4320019483566284
long_80f_stride40:ba18b7c1-21ff-45da-8452-41acce7fc8de__ep2:qa:125,ba18b7c1-21ff-45da-8452-41acce7fc8de__ep2,ep2,test,5240,5319,16.818134307861328,9.977273941040039,0.26092618703842163,0.40453580021858215
long_80f_stride40:ba18b7c1-21ff-45da-8452-41acce7fc8de__ep2:qa:126,ba18b7c1-21ff-45da-8452-41acce7fc8de__ep2,ep2,test,5280,5359,16.643293380737305,11.425607681274414,0.24800977110862732,0.40901851654052734
long_80f_stride40:ba18b7c1-21ff-45da-8452-41acce7fc8de__ep2:qa:127,ba18b7c1-21ff-45da-8452-41acce7fc8de__ep2,ep2,test,5320,5399,16.566123962402344,11.958909034729004,0.2408449500799179,0.40039029717445374
long_80f_stride40:b6579cb5-0a71-4ca6-8808-1e2700be05c7__ep3:qa:0,b6579cb5-0a71-4ca6-8808-1e2700be05c7__ep3,ep3,test,0,79,12.883055686950684,11.368780136108398,0.04804280400276184,0.07274193316698074
long_80f_stride40:b6579cb5-0a71-4ca6-8808-1e2700be05c7__ep3:qa:1,b6579cb5-0a71-4ca6-8808-1e2700be05c7__ep3,ep3,test,40,119,12.409061431884766,11.626163482666016,0.03282743692398071,0.04867936298251152
long_80f_stride40:b6579cb5-0a71-4ca6-8808-1e2700be05c7__ep3:qa:2,b6579cb5-0a71-4ca6-8808-1e2700be05c7__ep3,ep3,test,80,159,12.582540512084961,11.373282432556152,0.040044885128736496,0.06203704699873924
long_80f_stride40:b6579cb5-0a71-4ca6-8808-1e2700be05c7__ep3:qa:3,b6579cb5-0a71-4ca6-8808-1e2700be05c7__ep3,ep3,test,120,199,12.75728702545166,11.192533493041992,0.04542926326394081,0.06802750378847122
long_80f_stride40:b6579cb5-0a71-4ca6-8808-1e2700be05c7__ep3:qa:4,b6579cb5-0a71-4ca6-8808-1e2700be05c7__ep3,ep3,test,160,239,12.920134544372559,11.482069969177246,0.042616214603185654,0.06365181505680084
long_80f_stride40:b6579cb5-0a71-4ca6-8808-1e2700be05c7__ep3:qa:5,b6579cb5-0a71-4ca6-8808-1e2700be05c7__ep3,ep3,test,200,279,13.849803924560547,10.80806827545166,0.0830163061618805,0.13401925563812256
long_80f_stride40:b6579cb5-0a71-4ca6-8808-1e2700be05c7__ep3:qa:6,b6579cb5-0a71-4ca6-8808-1e2700be05c7__ep3,ep3,test,280,359,13.762113571166992,9.633191108703613,0.11239171028137207,0.17733719944953918
long_80f_stride40:b6579cb5-0a71-4ca6-8808-1e2700be05c7__ep3:qa:7,b6579cb5-0a71-4ca6-8808-1e2700be05c7__ep3,ep3,test,320,399,13.701642036437988,10.386863708496094,0.08226565271615982,0.1322251707315445
long_80f_stride40:b6579cb5-0a71-4ca6-8808-1e2700be05c7__ep3:qa:8,b6579cb5-0a71-4ca6-8808-1e2700be05c7__ep3,ep3,test,360,439,13.398052215576172,10.304037094116211,0.15767031908035278,0.2209256887435913
long_80f_stride40:b6579cb5-0a71-4ca6-8808-1e2700be05c7__ep3:qa:9,b6579cb5-0a71-4ca6-8808-1e2700be05c7__ep3,ep3,test,400,479,12.535041809082031,9.143257141113281,0.10524602979421616,0.1595451682806015
long_80f_stride40:b6579cb5-0a71-4ca6-8808-1e2700be05c7__ep3:qa:10,b6579cb5-0a71-4ca6-8808-1e2700be05c7__ep3,ep3,test,440,519,11.454689979553223,9.634501457214355,0.0958118885755539,0.15719404816627502
long_80f_stride40:b6579cb5-0a71-4ca6-8808-1e2700be05c7__ep3:qa:11,b6579cb5-0a71-4ca6-8808-1e2700be05c7__ep3,ep3,test,480,559,10.553754806518555,9.869039535522461,0.0888984203338623,0.13951070606708527
long_80f_stride40:b6579cb5-0a71-4ca6-8808-1e2700be05c7__ep3:qa:12,b6579cb5-0a71-4ca6-8808-1e2700be05c7__ep3,ep3,test,520,599,8.392674446105957,9.5704984664917,0.08786787837743759,0.11744678765535355
long_80f_stride40:b6579cb5-0a71-4ca6-8808-1e2700be05c7__ep3:qa:13,b6579cb5-0a71-4ca6-8808-1e2700be05c7__ep3,ep3,test,560,639,8.535391807556152,10.074490547180176,0.11974463611841202,0.16658782958984375
long_80f_stride40:b6579cb5-0a71-4ca6-8808-1e2700be05c7__ep3:qa:23,b6579cb5-0a71-4ca6-8808-1e2700be05c7__ep3,ep3,test,1000,1079,12.548272132873535,11.879260063171387,0.05855827406048775,0.08051993697881699
long_80f_stride40:b6579cb5-0a71-4ca6-8808-1e2700be05c7__ep3:qa:24,b6579cb5-0a71-4ca6-8808-1e2700be05c7__ep3,ep3,test,1040,1119,13.081396102905273,11.7304105758667,0.06378114223480225,0.09303955733776093
long_80f_stride40:b6579cb5-0a71-4ca6-8808-1e2700be05c7__ep3:qa:25,b6579cb5-0a71-4ca6-8808-1e2700be05c7__ep3,ep3,test,1080,1159,13.144847869873047,11.587658882141113,0.06704439967870712,0.10439614951610565
long_80f_stride40:b6579cb5-0a71-4ca6-8808-1e2700be05c7__ep3:qa:26,b6579cb5-0a71-4ca6-8808-1e2700be05c7__ep3,ep3,test,1120,1199,12.266702651977539,11.467071533203125,0.049937423318624496,0.07097571343183517
long_80f_stride40:b6579cb5-0a71-4ca6-8808-1e2700be05c7__ep3:qa:27,b6579cb5-0a71-4ca6-8808-1e2700be05c7__ep3,ep3,test,1160,1239,12.696288108825684,10.841492652893066,0.060642059892416,0.09195784479379654
long_80f_stride40:b6579cb5-0a71-4ca6-8808-1e2700be05c7__ep3:qa:28,b6579cb5-0a71-4ca6-8808-1e2700be05c7__ep3,ep3,test,1200,1279,13.722723960876465,10.829622268676758,0.07651762664318085,0.12552396953105927
long_80f_stride40:b6579cb5-0a71-4ca6-8808-1e2700be05c7__ep3:qa:29,b6579cb5-0a71-4ca6-8808-1e2700be05c7__ep3,ep3,test,1240,1319,13.320043563842773,9.45161247253418,0.08902231603860855,0.15597222745418549
long_80f_stride40:b6579cb5-0a71-4ca6-8808-1e2700be05c7__ep3:qa:30,b6579cb5-0a71-4ca6-8808-1e2700be05c7__ep3,ep3,test,1280,1359,12.398199081420898,8.786635398864746,0.10796969383955002,0.16702450811862946
long_80f_stride40:b6579cb5-0a71-4ca6-8808-1e2700be05c7__ep3:qa:32,b6579cb5-0a71-4ca6-8808-1e2700be05c7__ep3,ep3,test,1400,1479,12.482044219970703,10.802045822143555,0.07220334559679031,0.12357776612043381
long_80f_stride40:b6579cb5-0a71-4ca6-8808-1e2700be05c7__ep3:qa:33,b6579cb5-0a71-4ca6-8808-1e2700be05c7__ep3,ep3,test,1440,1519,13.053668975830078,10.687223434448242,0.06367706507444382,0.10377088934183121
long_80f_stride40:b6579cb5-0a71-4ca6-8808-1e2700be05c7__ep3:qa:46,b6579cb5-0a71-4ca6-8808-1e2700be05c7__ep3,ep3,test,2000,2079,12.979736328125,11.626867294311523,0.053398218005895615,0.08102551102638245
long_80f_stride40:b6579cb5-0a71-4ca6-8808-1e2700be05c7__ep3:qa:47,b6579cb5-0a71-4ca6-8808-1e2700be05c7__ep3,ep3,test,2040,2119,12.49560546875,12.349725723266602,0.04358627647161484,0.07186311483383179
long_80f_stride40:b6579cb5-0a71-4ca6-8808-1e2700be05c7__ep3:qa:48,b6579cb5-0a71-4ca6-8808-1e2700be05c7__ep3,ep3,test,2080,2159,12.623309135437012,11.483890533447266,0.0628320500254631,0.09023210406303406
long_80f_stride40:b6579cb5-0a71-4ca6-8808-1e2700be05c7__ep3:qa:49,b6579cb5-0a71-4ca6-8808-1e2700be05c7__ep3,ep3,test,2120,2199,12.776250839233398,10.853340148925781,0.11431547999382019,0.17301619052886963
long_80f_stride40:b6579cb5-0a71-4ca6-8808-1e2700be05c7__ep3:qa:50,b6579cb5-0a71-4ca6-8808-1e2700be05c7__ep3,ep3,test,2160,2239,12.568338394165039,10.336572647094727,0.11622823774814606,0.18198995292186737
long_80f_stride40:b6579cb5-0a71-4ca6-8808-1e2700be05c7__ep3:qa:51,b6579cb5-0a71-4ca6-8808-1e2700be05c7__ep3,ep3,test,2200,2279,12.655632972717285,10.82223892211914,0.10290417820215225,0.14683139324188232
long_80f_stride40:b6579cb5-0a71-4ca6-8808-1e2700be05c7__ep3:qa:52,b6579cb5-0a71-4ca6-8808-1e2700be05c7__ep3,ep3,test,2240,2319,12.549661636352539,10.482378005981445,0.0855475440621376,0.12893758714199066
long_80f_stride40:b6579cb5-0a71-4ca6-8808-1e2700be05c7__ep3:qa:53,b6579cb5-0a71-4ca6-8808-1e2700be05c7__ep3,ep3,test,2280,2359,12.42236614227295,10.883061408996582,0.06670273840427399,0.09487871080636978
long_80f_stride40:b6579cb5-0a71-4ca6-8808-1e2700be05c7__ep3:qa:55,b6579cb5-0a71-4ca6-8808-1e2700be05c7__ep3,ep3,test,2400,2479,11.279844284057617,11.581756591796875,0.12599855661392212,0.23449762165546417
long_80f_stride40:b6579cb5-0a71-4ca6-8808-1e2700be05c7__ep3:qa:56,b6579cb5-0a71-4ca6-8808-1e2700be05c7__ep3,ep3,test,2440,2519,11.544609069824219,10.791743278503418,0.13514746725559235,0.2172432243824005
long_80f_stride40:b6579cb5-0a71-4ca6-8808-1e2700be05c7__ep3:qa:57,b6579cb5-0a71-4ca6-8808-1e2700be05c7__ep3,ep3,test,2480,2559,12.99721908569336,10.76307487487793,0.08497963845729828,0.11898759752511978
long_80f_stride40:b6579cb5-0a71-4ca6-8808-1e2700be05c7__ep3:qa:58,b6579cb5-0a71-4ca6-8808-1e2700be05c7__ep3,ep3,test,2560,2639,12.901541709899902,11.419258117675781,0.0739251896739006,0.10206152498722076
long_80f_stride40:b6579cb5-0a71-4ca6-8808-1e2700be05c7__ep3:qa:59,b6579cb5-0a71-4ca6-8808-1e2700be05c7__ep3,ep3,test,2600,2679,13.292181968688965,11.033310890197754,0.06416041404008865,0.10534826666116714
long_80f_stride40:b6579cb5-0a71-4ca6-8808-1e2700be05c7__ep3:qa:60,b6579cb5-0a71-4ca6-8808-1e2700be05c7__ep3,ep3,test,2640,2719,13.248893737792969,10.94824504852295,0.08863465487957001,0.12675605714321136
long_80f_stride40:b6579cb5-0a71-4ca6-8808-1e2700be05c7__ep3:qa:61,b6579cb5-0a71-4ca6-8808-1e2700be05c7__ep3,ep3,test,2680,2759,13.152828216552734,11.219964027404785,0.08118803799152374,0.11340737342834473
long_80f_stride40:b6579cb5-0a71-4ca6-8808-1e2700be05c7__ep3:qa:62,b6579cb5-0a71-4ca6-8808-1e2700be05c7__ep3,ep3,test,2720,2799,13.281957626342773,11.233606338500977,0.08059290796518326,0.12127455323934555
long_80f_stride40:b6579cb5-0a71-4ca6-8808-1e2700be05c7__ep3:qa:63,b6579cb5-0a71-4ca6-8808-1e2700be05c7__ep3,ep3,test,2760,2839,13.221933364868164,11.495950698852539,0.07875415682792664,0.11844446510076523
long_80f_stride40:b6579cb5-0a71-4ca6-8808-1e2700be05c7__ep3:qa:64,b6579cb5-0a71-4ca6-8808-1e2700be05c7__ep3,ep3,test,2800,2879,12.908231735229492,11.789135932922363,0.044407229870557785,0.06792889535427094
long_80f_stride40:b6579cb5-0a71-4ca6-8808-1e2700be05c7__ep3:qa:65,b6579cb5-0a71-4ca6-8808-1e2700be05c7__ep3,ep3,test,2840,2919,13.002503395080566,11.52077579498291,0.04995262250304222,0.07593883574008942
long_80f_stride40:b6579cb5-0a71-4ca6-8808-1e2700be05c7__ep3:qa:68,b6579cb5-0a71-4ca6-8808-1e2700be05c7__ep3,ep3,test,3000,3079,12.85104751586914,11.463476181030273,0.04854825884103775,0.07795219868421555
long_80f_stride40:b6579cb5-0a71-4ca6-8808-1e2700be05c7__ep3:qa:69,b6579cb5-0a71-4ca6-8808-1e2700be05c7__ep3,ep3,test,3040,3119,12.9285306930542,11.088190078735352,0.06090030074119568,0.09012731164693832
long_80f_stride40:b6579cb5-0a71-4ca6-8808-1e2700be05c7__ep3:qa:70,b6579cb5-0a71-4ca6-8808-1e2700be05c7__ep3,ep3,test,3080,3159,12.846468925476074,11.217392921447754,0.07322260737419128,0.10278967767953873
long_80f_stride40:b6579cb5-0a71-4ca6-8808-1e2700be05c7__ep3:qa:71,b6579cb5-0a71-4ca6-8808-1e2700be05c7__ep3,ep3,test,3120,3199,12.763882637023926,11.34063720703125,0.07143361121416092,0.09854167699813843
long_80f_stride40:b6579cb5-0a71-4ca6-8808-1e2700be05c7__ep3:qa:72,b6579cb5-0a71-4ca6-8808-1e2700be05c7__ep3,ep3,test,3160,3239,12.463754653930664,11.673957824707031,0.04669966176152229,0.0656641498208046
long_80f_stride40:b6579cb5-0a71-4ca6-8808-1e2700be05c7__ep3:qa:73,b6579cb5-0a71-4ca6-8808-1e2700be05c7__ep3,ep3,test,3200,3279,12.340527534484863,11.674373626708984,0.045212697237730026,0.06397772580385208
long_80f_stride40:b6579cb5-0a71-4ca6-8808-1e2700be05c7__ep3:qa:74,b6579cb5-0a71-4ca6-8808-1e2700be05c7__ep3,ep3,test,3280,3359,12.071064949035645,10.384337425231934,0.10437498986721039,0.1559446156024933
long_80f_stride40:b6579cb5-0a71-4ca6-8808-1e2700be05c7__ep3:qa:75,b6579cb5-0a71-4ca6-8808-1e2700be05c7__ep3,ep3,test,3320,3399,10.486985206604004,10.91268253326416,0.13888797163963318,0.23456065356731415
long_80f_stride40:b6579cb5-0a71-4ca6-8808-1e2700be05c7__ep3:qa:76,b6579cb5-0a71-4ca6-8808-1e2700be05c7__ep3,ep3,test,3360,3439,10.78849983215332,11.55504035949707,0.13334466516971588,0.23744969069957733
long_80f_stride40:b6579cb5-0a71-4ca6-8808-1e2700be05c7__ep3:qa:77,b6579cb5-0a71-4ca6-8808-1e2700be05c7__ep3,ep3,test,3400,3479,12.606186866760254,11.161857604980469,0.09662000089883804,0.14365354180335999
long_80f_stride40:b6579cb5-0a71-4ca6-8808-1e2700be05c7__ep3:qa:78,b6579cb5-0a71-4ca6-8808-1e2700be05c7__ep3,ep3,test,3440,3519,12.970989227294922,10.494261741638184,0.08789730072021484,0.12418194860219955
long_80f_stride40:b6579cb5-0a71-4ca6-8808-1e2700be05c7__ep3:qa:79,b6579cb5-0a71-4ca6-8808-1e2700be05c7__ep3,ep3,test,3480,3559,12.760732650756836,11.052501678466797,0.07080906629562378,0.10455929487943649
long_80f_stride40:b6579cb5-0a71-4ca6-8808-1e2700be05c7__ep3:qa:80,b6579cb5-0a71-4ca6-8808-1e2700be05c7__ep3,ep3,test,3520,3599,13.400663375854492,11.124275207519531,0.07688303291797638,0.10903018712997437
long_80f_stride40:b6579cb5-0a71-4ca6-8808-1e2700be05c7__ep3:qa:81,b6579cb5-0a71-4ca6-8808-1e2700be05c7__ep3,ep3,test,3600,3679,14.416576385498047,11.890584945678711,0.08774299174547195,0.1257842630147934
long_80f_stride40:b6579cb5-0a71-4ca6-8808-1e2700be05c7__ep3:qa:82,b6579cb5-0a71-4ca6-8808-1e2700be05c7__ep3,ep3,test,3640,3719,13.652219772338867,11.220928192138672,0.09805138409137726,0.1489846557378769
long_80f_stride40:b6579cb5-0a71-4ca6-8808-1e2700be05c7__ep3:qa:83,b6579cb5-0a71-4ca6-8808-1e2700be05c7__ep3,ep3,test,3680,3759,13.418787002563477,10.960807800292969,0.19188199937343597,0.35367444157600403
long_80f_stride40:b6579cb5-0a71-4ca6-8808-1e2700be05c7__ep3:qa:84,b6579cb5-0a71-4ca6-8808-1e2700be05c7__ep3,ep3,test,3720,3799,8.477210998535156,11.156001091003418,0.19526541233062744,0.3513413071632385
long_80f_stride40:b6579cb5-0a71-4ca6-8808-1e2700be05c7__ep3:qa:85,b6579cb5-0a71-4ca6-8808-1e2700be05c7__ep3,ep3,test,3760,3839,10.878166198730469,11.014297485351562,0.19742365181446075,0.3531038761138916
long_80f_stride40:b6579cb5-0a71-4ca6-8808-1e2700be05c7__ep3:qa:86,b6579cb5-0a71-4ca6-8808-1e2700be05c7__ep3,ep3,test,3800,3879,12.302828788757324,10.858800888061523,0.17936643958091736,0.30879026651382446
long_80f_stride40:b6579cb5-0a71-4ca6-8808-1e2700be05c7__ep3:qa:87,b6579cb5-0a71-4ca6-8808-1e2700be05c7__ep3,ep3,test,3840,3919,12.3558988571167,10.527471542358398,0.07301858067512512,0.1070188656449318
long_80f_stride40:b6579cb5-0a71-4ca6-8808-1e2700be05c7__ep3:qa:88,b6579cb5-0a71-4ca6-8808-1e2700be05c7__ep3,ep3,test,3880,3959,12.934110641479492,10.573943138122559,0.08246725052595139,0.12286748737096786
long_80f_stride40:b6579cb5-0a71-4ca6-8808-1e2700be05c7__ep3:qa:90,b6579cb5-0a71-4ca6-8808-1e2700be05c7__ep3,ep3,test,4000,4079,13.390673637390137,11.685470581054688,0.05640917271375656,0.08685517311096191
long_80f_stride40:b6579cb5-0a71-4ca6-8808-1e2700be05c7__ep3:qa:91,b6579cb5-0a71-4ca6-8808-1e2700be05c7__ep3,ep3,test,4040,4119,13.31146240234375,11.722825050354004,0.05448838323354721,0.08474835008382797
long_80f_stride40:b6579cb5-0a71-4ca6-8808-1e2700be05c7__ep3:qa:92,b6579cb5-0a71-4ca6-8808-1e2700be05c7__ep3,ep3,test,4080,4159,13.337178230285645,11.75593090057373,0.0497862882912159,0.08193393051624298
long_80f_stride40:b6579cb5-0a71-4ca6-8808-1e2700be05c7__ep3:qa:93,b6579cb5-0a71-4ca6-8808-1e2700be05c7__ep3,ep3,test,4120,4199,13.438257217407227,11.790847778320312,0.05960996448993683,0.09319862723350525
long_80f_stride40:b6579cb5-0a71-4ca6-8808-1e2700be05c7__ep3:qa:94,b6579cb5-0a71-4ca6-8808-1e2700be05c7__ep3,ep3,test,4160,4239,13.475359916687012,11.82922077178955,0.07124285399913788,0.1056741401553154
long_80f_stride40:b6579cb5-0a71-4ca6-8808-1e2700be05c7__ep3:qa:95,b6579cb5-0a71-4ca6-8808-1e2700be05c7__ep3,ep3,test,4240,4319,12.854066848754883,12.027031898498535,0.043323077261447906,0.06560846418142319
long_80f_stride40:b6579cb5-0a71-4ca6-8808-1e2700be05c7__ep3:qa:96,b6579cb5-0a71-4ca6-8808-1e2700be05c7__ep3,ep3,test,4280,4359,12.68316650390625,11.881372451782227,0.04376108944416046,0.06169659271836281
long_80f_stride40:b6579cb5-0a71-4ca6-8808-1e2700be05c7__ep3:qa:97,b6579cb5-0a71-4ca6-8808-1e2700be05c7__ep3,ep3,test,4320,4399,12.618797302246094,11.847926139831543,0.06888968497514725,0.10455196350812912
long_80f_stride40:b6579cb5-0a71-4ca6-8808-1e2700be05c7__ep3:qa:98,b6579cb5-0a71-4ca6-8808-1e2700be05c7__ep3,ep3,test,4400,4479,13.14697265625,11.169211387634277,0.07534979283809662,0.11006151884794235
long_80f_stride40:b6579cb5-0a71-4ca6-8808-1e2700be05c7__ep3:qa:99,b6579cb5-0a71-4ca6-8808-1e2700be05c7__ep3,ep3,test,4440,4519,13.426464080810547,11.639745712280273,0.07390988618135452,0.10524625331163406
long_80f_stride40:b6579cb5-0a71-4ca6-8808-1e2700be05c7__ep3:qa:100,b6579cb5-0a71-4ca6-8808-1e2700be05c7__ep3,ep3,test,4480,4559,13.264686584472656,11.867794036865234,0.052353423088788986,0.07929031550884247
long_80f_stride40:b6579cb5-0a71-4ca6-8808-1e2700be05c7__ep3:qa:101,b6579cb5-0a71-4ca6-8808-1e2700be05c7__ep3,ep3,test,4520,4599,13.486823081970215,11.908679962158203,0.07623238116502762,0.11099325865507126
long_80f_stride40:b6579cb5-0a71-4ca6-8808-1e2700be05c7__ep3:qa:102,b6579cb5-0a71-4ca6-8808-1e2700be05c7__ep3,ep3,test,4560,4639,13.539491653442383,11.84716510772705,0.06559792906045914,0.0944143757224083
long_80f_stride40:b6579cb5-0a71-4ca6-8808-1e2700be05c7__ep3:qa:103,b6579cb5-0a71-4ca6-8808-1e2700be05c7__ep3,ep3,test,4640,4719,13.29304313659668,11.802916526794434,0.051859449595212936,0.07611292600631714
long_80f_stride40:b6579cb5-0a71-4ca6-8808-1e2700be05c7__ep3:qa:104,b6579cb5-0a71-4ca6-8808-1e2700be05c7__ep3,ep3,test,4680,4759,13.61823844909668,11.554441452026367,0.06750578433275223,0.10603033006191254
long_80f_stride40:b6579cb5-0a71-4ca6-8808-1e2700be05c7__ep3:qa:105,b6579cb5-0a71-4ca6-8808-1e2700be05c7__ep3,ep3,test,4720,4799,13.426319122314453,11.032328605651855,0.07480711489915848,0.11261977255344391
long_80f_stride40:b6579cb5-0a71-4ca6-8808-1e2700be05c7__ep3:qa:106,b6579cb5-0a71-4ca6-8808-1e2700be05c7__ep3,ep3,test,4800,4879,13.674936294555664,11.594884872436523,0.07835265249013901,0.11581145226955414
long_80f_stride40:b6579cb5-0a71-4ca6-8808-1e2700be05c7__ep3:qa:107,b6579cb5-0a71-4ca6-8808-1e2700be05c7__ep3,ep3,test,4880,4959,12.156261444091797,10.17454719543457,0.09302008897066116,0.13566526770591736
long_80f_stride40:b6579cb5-0a71-4ca6-8808-1e2700be05c7__ep3:qa:108,b6579cb5-0a71-4ca6-8808-1e2700be05c7__ep3,ep3,test,4920,4999,12.654272079467773,9.924503326416016,0.09766093641519547,0.157410129904747
long_80f_stride40:b6579cb5-0a71-4ca6-8808-1e2700be05c7__ep3:qa:109,b6579cb5-0a71-4ca6-8808-1e2700be05c7__ep3,ep3,test,5000,5079,13.386366844177246,11.116543769836426,0.10291452705860138,0.14696572721004486
long_80f_stride40:b6579cb5-0a71-4ca6-8808-1e2700be05c7__ep3:qa:110,b6579cb5-0a71-4ca6-8808-1e2700be05c7__ep3,ep3,test,5040,5119,13.235502243041992,11.087054252624512,0.08917248249053955,0.13093961775302887
long_80f_stride40:b6579cb5-0a71-4ca6-8808-1e2700be05c7__ep3:qa:111,b6579cb5-0a71-4ca6-8808-1e2700be05c7__ep3,ep3,test,5120,5199,13.116857528686523,11.79263973236084,0.04821854457259178,0.07873418927192688
long_80f_stride40:b6579cb5-0a71-4ca6-8808-1e2700be05c7__ep3:qa:112,b6579cb5-0a71-4ca6-8808-1e2700be05c7__ep3,ep3,test,5160,5239,13.164069175720215,11.533086776733398,0.05445332080125809,0.08683781325817108
long_80f_stride40:b6579cb5-0a71-4ca6-8808-1e2700be05c7__ep3:qa:113,b6579cb5-0a71-4ca6-8808-1e2700be05c7__ep3,ep3,test,5200,5279,13.323992729187012,11.321025848388672,0.06417020410299301,0.10155267268419266
long_80f_stride40:b6579cb5-0a71-4ca6-8808-1e2700be05c7__ep3:qa:114,b6579cb5-0a71-4ca6-8808-1e2700be05c7__ep3,ep3,test,5280,5359,13.458621978759766,11.447651863098145,0.0679301917552948,0.10639620572328568
long_80f_stride40:b6579cb5-0a71-4ca6-8808-1e2700be05c7__ep3:qa:115,b6579cb5-0a71-4ca6-8808-1e2700be05c7__ep3,ep3,test,5320,5399,13.38171672821045,11.364739418029785,0.0684349313378334,0.10814127326011658
long_80f_stride40:b6579cb5-0a71-4ca6-8808-1e2700be05c7__ep3:qa:116,b6579cb5-0a71-4ca6-8808-1e2700be05c7__ep3,ep3,test,5360,5439,13.265913009643555,11.45338249206543,0.08528406918048859,0.13436485826969147
long_80f_stride40:b6579cb5-0a71-4ca6-8808-1e2700be05c7__ep3:qa:117,b6579cb5-0a71-4ca6-8808-1e2700be05c7__ep3,ep3,test,5400,5479,13.296079635620117,10.62044906616211,0.09608323127031326,0.1406230628490448
long_80f_stride40:b6579cb5-0a71-4ca6-8808-1e2700be05c7__ep3:qa:118,b6579cb5-0a71-4ca6-8808-1e2700be05c7__ep3,ep3,test,5440,5519,13.708870887756348,10.921473503112793,0.08399564027786255,0.12916898727416992
long_80f_stride40:b6579cb5-0a71-4ca6-8808-1e2700be05c7__ep3:qa:119,b6579cb5-0a71-4ca6-8808-1e2700be05c7__ep3,ep3,test,5480,5559,13.69974136352539,11.524307250976562,0.07191413640975952,0.11208873987197876
long_80f_stride40:b6579cb5-0a71-4ca6-8808-1e2700be05c7__ep3:qa:120,b6579cb5-0a71-4ca6-8808-1e2700be05c7__ep3,ep3,test,5520,5599,12.730374336242676,11.49478530883789,0.06577355414628983,0.09767133742570877
long_80f_stride40:b6579cb5-0a71-4ca6-8808-1e2700be05c7__ep3:qa:121,b6579cb5-0a71-4ca6-8808-1e2700be05c7__ep3,ep3,test,5560,5639,12.896665573120117,11.101489067077637,0.0730581060051918,0.10156538337469101
