class_id,class_name,support,predicted,precision,recall,f1
0,steady,332,306,0.9705882352941176,0.8945783132530121,0.9310344827586207
1,transition,16,42,0.16666666666666666,0.4375,0.24137931034482757
