id,episode_id,split,start_frame,end_frame,main_task,true_label,predicted_label,confidence,correct
dense_20f_stride10:8a8e1b3c-607e-4ada-b3fd-fa639727e92c__ep1:qa:0,8a8e1b3c-607e-4ada-b3fd-fa639727e92c__ep1,test,0,19,Cooking and cleaning in the kitchen,Using a smartphone,Wiping the plastic jar,0.0019205197459086776,0
dense_20f_stride10:8a8e1b3c-607e-4ada-b3fd-fa639727e92c__ep1:qa:1,8a8e1b3c-607e-4ada-b3fd-fa639727e92c__ep1,test,10,29,Cooking and cleaning in the kitchen,Using a smartphone,Wiping the plastic jar,0.0019189906306564808,0
dense_20f_stride10:8a8e1b3c-607e-4ada-b3fd-fa639727e92c__ep1:qa:2,8a8e1b3c-607e-4ada-b3fd-fa639727e92c__ep1,test,20,39,Cooking and cleaning in the kitchen,Using a smartphone,Wiping the plastic jar,0.0019244125578552485,0
dense_20f_stride10:8a8e1b3c-607e-4ada-b3fd-fa639727e92c__ep1:qa:3,8a8e1b3c-607e-4ada-b3fd-fa639727e92c__ep1,test,30,49,Cooking and cleaning in the kitchen,Using a smartphone,Wiping the plastic jar,0.0019232877530157566,0
dense_20f_stride10:8a8e1b3c-607e-4ada-b3fd-fa639727e92c__ep1:qa:39,8a8e1b3c-607e-4ada-b3fd-fa639727e92c__ep1,test,400,419,Cooking and cleaning in the kitchen,Using a smartphone,Wiping the plastic jar,0.001912639825604856,0
dense_20f_stride10:8a8e1b3c-607e-4ada-b3fd-fa639727e92c__ep1:qa:40,8a8e1b3c-607e-4ada-b3fd-fa639727e92c__ep1,test,410,429,Cooking and cleaning in the kitchen,Using a smartphone,Wiping the plastic jar,0.0018946788040921092,0
dense_20f_stride10:8a8e1b3c-607e-4ada-b3fd-fa639727e92c__ep1:qa:41,8a8e1b3c-607e-4ada-b3fd-fa639727e92c__ep1,test,420,439,Cooking and cleaning in the kitchen,Using a smartphone,Wiping the plastic jar,0.001906334306113422,0
dense_20f_stride10:8a8e1b3c-607e-4ada-b3fd-fa639727e92c__ep1:qa:89,8a8e1b3c-607e-4ada-b3fd-fa639727e92c__ep1,test,920,939,Cooking and cleaning in the kitchen,Tidying workspace,Wiping the plastic jar,0.0018884744495153427,0
dense_20f_stride10:8a8e1b3c-607e-4ada-b3fd-fa639727e92c__ep1:qa:90,8a8e1b3c-607e-4ada-b3fd-fa639727e92c__ep1,test,930,949,Cooking and cleaning in the kitchen,Tidying workspace,Wiping the plastic jar,0.001908247359097004,0
dense_20f_stride10:8a8e1b3c-607e-4ada-b3fd-fa639727e92c__ep1:qa:91,8a8e1b3c-607e-4ada-b3fd-fa639727e92c__ep1,test,940,959,Cooking and cleaning in the kitchen,Tidying workspace,Wiping the plastic jar,0.0018988007213920355,0
dense_20f_stride10:8a8e1b3c-607e-4ada-b3fd-fa639727e92c__ep1:qa:96,8a8e1b3c-607e-4ada-b3fd-fa639727e92c__ep1,test,1000,1019,Cooking and cleaning in the kitchen,Tidying workspace,Wiping the plastic jar,0.0019131115404888988,0
dense_20f_stride10:8a8e1b3c-607e-4ada-b3fd-fa639727e92c__ep1:qa:97,8a8e1b3c-607e-4ada-b3fd-fa639727e92c__ep1,test,1010,1029,Cooking and cleaning in the kitchen,Tidying workspace,Wiping the plastic jar,0.0018843355355784297,0
dense_20f_stride10:8a8e1b3c-607e-4ada-b3fd-fa639727e92c__ep1:qa:98,8a8e1b3c-607e-4ada-b3fd-fa639727e92c__ep1,test,1020,1039,Cooking and cleaning in the kitchen,Tidying workspace,Wiping the plastic jar,0.0019046299858018756,0
dense_20f_stride10:8a8e1b3c-607e-4ada-b3fd-fa639727e92c__ep1:qa:99,8a8e1b3c-607e-4ada-b3fd-fa639727e92c__ep1,test,1030,1049,Cooking and cleaning in the kitchen,Tidying workspace,Wiping the plastic jar,0.0018735138000920415,0
dense_20f_stride10:8a8e1b3c-607e-4ada-b3fd-fa639727e92c__ep1:qa:119,8a8e1b3c-607e-4ada-b3fd-fa639727e92c__ep1,test,1240,1259,Cooking and cleaning in the kitchen,Handling container lid,Wiping the plastic jar,0.0018721797969192266,0
dense_20f_stride10:8a8e1b3c-607e-4ada-b3fd-fa639727e92c__ep1:qa:120,8a8e1b3c-607e-4ada-b3fd-fa639727e92c__ep1,test,1250,1269,Cooking and cleaning in the kitchen,Handling container lid,Wiping the plastic jar,0.0018982354085892439,0
dense_20f_stride10:8a8e1b3c-607e-4ada-b3fd-fa639727e92c__ep1:qa:121,8a8e1b3c-607e-4ada-b3fd-fa639727e92c__ep1,test,1260,1279,Cooking and cleaning in the kitchen,Handling container lid,Wiping the plastic jar,0.0019060446647927165,0
dense_20f_stride10:8a8e1b3c-607e-4ada-b3fd-fa639727e92c__ep1:qa:122,8a8e1b3c-607e-4ada-b3fd-fa639727e92c__ep1,test,1270,1289,Cooking and cleaning in the kitchen,Handling container lid,Wiping the plastic jar,0.00189207901712507,0
dense_20f_stride10:8a8e1b3c-607e-4ada-b3fd-fa639727e92c__ep1:qa:134,8a8e1b3c-607e-4ada-b3fd-fa639727e92c__ep1,test,1400,1419,Cooking and cleaning in the kitchen,Handling container lid,Wiping the plastic jar,0.0018926507327705622,0
dense_20f_stride10:8a8e1b3c-607e-4ada-b3fd-fa639727e92c__ep1:qa:135,8a8e1b3c-607e-4ada-b3fd-fa639727e92c__ep1,test,1410,1429,Cooking and cleaning in the kitchen,Handling container lid,Wiping the plastic jar,0.0018907164921984076,0
dense_20f_stride10:8a8e1b3c-607e-4ada-b3fd-fa639727e92c__ep1:qa:136,8a8e1b3c-607e-4ada-b3fd-fa639727e92c__ep1,test,1420,1439,Cooking and cleaning in the kitchen,Handling container lid,Wiping the plastic jar,0.0018884099554270506,0
dense_20f_stride10:8a8e1b3c-607e-4ada-b3fd-fa639727e92c__ep1:qa:137,8a8e1b3c-607e-4ada-b3fd-fa639727e92c__ep1,test,1430,1449,Cooking and cleaning in the kitchen,Handling container lid,Wiping the plastic jar,0.0018978998996317387,0
dense_20f_stride10:8a8e1b3c-607e-4ada-b3fd-fa639727e92c__ep1:qa:173,8a8e1b3c-607e-4ada-b3fd-fa639727e92c__ep1,test,1800,1819,Cooking and cleaning in the kitchen,Approaching the stove,Wiping the plastic jar,0.0018738872604444623,0
dense_20f_stride10:8a8e1b3c-607e-4ada-b3fd-fa639727e92c__ep1:qa:174,8a8e1b3c-607e-4ada-b3fd-fa639727e92c__ep1,test,1810,1829,Cooking and cleaning in the kitchen,Approaching the stove,Inspecting the cleaned plastic jar,0.0018732282333076,0
dense_20f_stride10:8a8e1b3c-607e-4ada-b3fd-fa639727e92c__ep1:qa:175,8a8e1b3c-607e-4ada-b3fd-fa639727e92c__ep1,test,1820,1839,Cooking and cleaning in the kitchen,Approaching the stove,Wiping the plastic jar,0.0018963520415127277,0
dense_20f_stride10:8a8e1b3c-607e-4ada-b3fd-fa639727e92c__ep1:qa:176,8a8e1b3c-607e-4ada-b3fd-fa639727e92c__ep1,test,1830,1849,Cooking and cleaning in the kitchen,Checking cooking pot,Inspecting the cleaned plastic jar,0.0018567782826721668,0
dense_20f_stride10:8a8e1b3c-607e-4ada-b3fd-fa639727e92c__ep1:qa:192,8a8e1b3c-607e-4ada-b3fd-fa639727e92c__ep1,test,2000,2019,Cooking and cleaning in the kitchen,Checking cooking pot,Wiping the plastic jar,0.0018858920084312558,0
dense_20f_stride10:8a8e1b3c-607e-4ada-b3fd-fa639727e92c__ep1:qa:193,8a8e1b3c-607e-4ada-b3fd-fa639727e92c__ep1,test,2010,2029,Cooking and cleaning in the kitchen,Checking cooking pot,Wiping the plastic jar,0.0018690648721531034,0
dense_20f_stride10:8a8e1b3c-607e-4ada-b3fd-fa639727e92c__ep1:qa:194,8a8e1b3c-607e-4ada-b3fd-fa639727e92c__ep1,test,2020,2039,Cooking and cleaning in the kitchen,Checking cooking pot,Wiping the plastic jar,0.0018947147764265537,0
dense_20f_stride10:8a8e1b3c-607e-4ada-b3fd-fa639727e92c__ep1:qa:195,8a8e1b3c-607e-4ada-b3fd-fa639727e92c__ep1,test,2030,2049,Cooking and cleaning in the kitchen,Checking cooking pot,Wiping the plastic jar,0.0018734898185357451,0
dense_20f_stride10:8a8e1b3c-607e-4ada-b3fd-fa639727e92c__ep1:qa:231,8a8e1b3c-607e-4ada-b3fd-fa639727e92c__ep1,test,2400,2419,Cooking and cleaning in the kitchen,Moving around the kitchen,Inspecting the cleaned plastic jar,0.0018940541194751859,0
dense_20f_stride10:8a8e1b3c-607e-4ada-b3fd-fa639727e92c__ep1:qa:232,8a8e1b3c-607e-4ada-b3fd-fa639727e92c__ep1,test,2410,2429,Cooking and cleaning in the kitchen,Moving around the kitchen,Wiping the plastic jar,0.0018882902804762125,0
dense_20f_stride10:8a8e1b3c-607e-4ada-b3fd-fa639727e92c__ep1:qa:233,8a8e1b3c-607e-4ada-b3fd-fa639727e92c__ep1,test,2420,2439,Cooking and cleaning in the kitchen,Moving around the kitchen,Wiping the plastic jar,0.0018774832133203745,0
dense_20f_stride10:8a8e1b3c-607e-4ada-b3fd-fa639727e92c__ep1:qa:242,8a8e1b3c-607e-4ada-b3fd-fa639727e92c__ep1,test,2520,2539,Cooking and cleaning in the kitchen,Moving around the kitchen,Inspecting the cleaned plastic jar,0.0018657753244042397,0
dense_20f_stride10:8a8e1b3c-607e-4ada-b3fd-fa639727e92c__ep1:qa:243,8a8e1b3c-607e-4ada-b3fd-fa639727e92c__ep1,test,2530,2549,Cooking and cleaning in the kitchen,Moving around the kitchen,Wiping the plastic jar,0.001880671945400536,0
dense_20f_stride10:8a8e1b3c-607e-4ada-b3fd-fa639727e92c__ep1:qa:244,8a8e1b3c-607e-4ada-b3fd-fa639727e92c__ep1,test,2540,2559,Cooking and cleaning in the kitchen,Moving around the kitchen,Inspecting the cleaned plastic jar,0.0018928740173578262,0
dense_20f_stride10:8a8e1b3c-607e-4ada-b3fd-fa639727e92c__ep1:qa:245,8a8e1b3c-607e-4ada-b3fd-fa639727e92c__ep1,test,2550,2569,Cooking and cleaning in the kitchen,Moving around the kitchen,Inspecting shelf contents,0.0018817741656675935,0
dense_20f_stride10:8a8e1b3c-607e-4ada-b3fd-fa639727e92c__ep1:qa:257,8a8e1b3c-607e-4ada-b3fd-fa639727e92c__ep1,test,2680,2699,Cooking and cleaning in the kitchen,Wiping counter,Inspecting the cleaned plastic jar,0.0019072031136602163,0
dense_20f_stride10:8a8e1b3c-607e-4ada-b3fd-fa639727e92c__ep1:qa:258,8a8e1b3c-607e-4ada-b3fd-fa639727e92c__ep1,test,2690,2709,Cooking and cleaning in the kitchen,Wiping counter,Inspecting the cleaned plastic jar,0.0018942974274978042,0
dense_20f_stride10:8a8e1b3c-607e-4ada-b3fd-fa639727e92c__ep1:qa:259,8a8e1b3c-607e-4ada-b3fd-fa639727e92c__ep1,test,2700,2719,Cooking and cleaning in the kitchen,Wiping counter,Inspecting the cleaned plastic jar,0.0018991476390510798,0
dense_20f_stride10:8a8e1b3c-607e-4ada-b3fd-fa639727e92c__ep1:qa:260,8a8e1b3c-607e-4ada-b3fd-fa639727e92c__ep1,test,2710,2729,Cooking and cleaning in the kitchen,Wiping counter,Wiping the plastic jar,0.001888777012936771,0
dense_20f_stride10:8a8e1b3c-607e-4ada-b3fd-fa639727e92c__ep1:qa:268,8a8e1b3c-607e-4ada-b3fd-fa639727e92c__ep1,test,2800,2819,Cooking and cleaning in the kitchen,Wiping counter,Inspecting the cleaned plastic jar,0.0019011892145499587,0
dense_20f_stride10:8a8e1b3c-607e-4ada-b3fd-fa639727e92c__ep1:qa:269,8a8e1b3c-607e-4ada-b3fd-fa639727e92c__ep1,test,2810,2829,Cooking and cleaning in the kitchen,Wiping counter,Inspecting the cleaned plastic jar,0.0019003583583980799,0
dense_20f_stride10:8a8e1b3c-607e-4ada-b3fd-fa639727e92c__ep1:qa:270,8a8e1b3c-607e-4ada-b3fd-fa639727e92c__ep1,test,2820,2839,Cooking and cleaning in the kitchen,Wiping counter,Inspecting the cleaned plastic jar,0.0019034198485314846,0
dense_20f_stride10:8a8e1b3c-607e-4ada-b3fd-fa639727e92c__ep1:qa:287,8a8e1b3c-607e-4ada-b3fd-fa639727e92c__ep1,test,3000,3019,Cooking and cleaning in the kitchen,Cleaning cloth maintenance,Inspecting the cleaned plastic jar,0.0018582852790132165,0
dense_20f_stride10:8a8e1b3c-607e-4ada-b3fd-fa639727e92c__ep1:qa:288,8a8e1b3c-607e-4ada-b3fd-fa639727e92c__ep1,test,3010,3029,Cooking and cleaning in the kitchen,Cleaning cloth maintenance,Inspecting the cleaned plastic jar,0.0018834591610357165,0
dense_20f_stride10:8a8e1b3c-607e-4ada-b3fd-fa639727e92c__ep1:qa:289,8a8e1b3c-607e-4ada-b3fd-fa639727e92c__ep1,test,3020,3039,Cooking and cleaning in the kitchen,Cleaning cloth maintenance,Inspecting the cleaned plastic jar,0.0019051287090405822,0
dense_20f_stride10:8a8e1b3c-607e-4ada-b3fd-fa639727e92c__ep1:qa:298,8a8e1b3c-607e-4ada-b3fd-fa639727e92c__ep1,test,3120,3139,Cooking and cleaning in the kitchen,Cleaning cloth maintenance,Inspecting the cleaned plastic jar,0.0018877320690080523,0
dense_20f_stride10:8a8e1b3c-607e-4ada-b3fd-fa639727e92c__ep1:qa:299,8a8e1b3c-607e-4ada-b3fd-fa639727e92c__ep1,test,3130,3149,Cooking and cleaning in the kitchen,Cleaning cloth maintenance,Inspecting the cleaned plastic jar,0.001894247718155384,0
dense_20f_stride10:8a8e1b3c-607e-4ada-b3fd-fa639727e92c__ep1:qa:300,8a8e1b3c-607e-4ada-b3fd-fa639727e92c__ep1,test,3140,3159,Cooking and cleaning in the kitchen,Cleaning cloth maintenance,Inspecting the cleaned plastic jar,0.0018944117473438382,0
dense_20f_stride10:8a8e1b3c-607e-4ada-b3fd-fa639727e92c__ep1:qa:301,8a8e1b3c-607e-4ada-b3fd-fa639727e92c__ep1,test,3150,3169,Cooking and cleaning in the kitchen,Cleaning cloth maintenance,Inspecting the cleaned plastic jar,0.0018984206253662705,0
dense_20f_stride10:8a8e1b3c-607e-4ada-b3fd-fa639727e92c__ep1:qa:317,8a8e1b3c-607e-4ada-b3fd-fa639727e92c__ep1,test,3320,3339,Cooking and cleaning in the kitchen,Retrieving cleaning supplies,Wiping the plastic jar,0.0018713569734245539,0
dense_20f_stride10:8a8e1b3c-607e-4ada-b3fd-fa639727e92c__ep1:qa:318,8a8e1b3c-607e-4ada-b3fd-fa639727e92c__ep1,test,3330,3349,Cooking and cleaning in the kitchen,Retrieving cleaning supplies,Inspecting the cleaned plastic jar,0.0018907187040895224,0
dense_20f_stride10:8a8e1b3c-607e-4ada-b3fd-fa639727e92c__ep1:qa:319,8a8e1b3c-607e-4ada-b3fd-fa639727e92c__ep1,test,3340,3359,Cooking and cleaning in the kitchen,Retrieving cleaning supplies,Wiping the plastic jar,0.0018883150769397616,0
dense_20f_stride10:8a8e1b3c-607e-4ada-b3fd-fa639727e92c__ep1:qa:320,8a8e1b3c-607e-4ada-b3fd-fa639727e92c__ep1,test,3350,3369,Cooking and cleaning in the kitchen,Retrieving cleaning supplies,Inspecting the cleaned plastic jar,0.0018661841750144958,0
dense_20f_stride10:8a8e1b3c-607e-4ada-b3fd-fa639727e92c__ep1:qa:324,8a8e1b3c-607e-4ada-b3fd-fa639727e92c__ep1,test,3400,3419,Cooking and cleaning in the kitchen,Retrieving cleaning supplies,Inspecting the cleaned plastic jar,0.0018844662699848413,0
dense_20f_stride10:8a8e1b3c-607e-4ada-b3fd-fa639727e92c__ep1:qa:325,8a8e1b3c-607e-4ada-b3fd-fa639727e92c__ep1,test,3410,3429,Cooking and cleaning in the kitchen,Retrieving cleaning supplies,Inspecting shelf contents,0.001860635238699615,0
dense_20f_stride10:8a8e1b3c-607e-4ada-b3fd-fa639727e92c__ep1:qa:326,8a8e1b3c-607e-4ada-b3fd-fa639727e92c__ep1,test,3420,3439,Cooking and cleaning in the kitchen,Retrieving cleaning supplies,Inspecting the cleaned plastic jar,0.0018665286479517817,0
dense_20f_stride10:8a8e1b3c-607e-4ada-b3fd-fa639727e92c__ep1:qa:351,8a8e1b3c-607e-4ada-b3fd-fa639727e92c__ep1,test,3680,3699,Cooking and cleaning in the kitchen,Retrieving cleaning supplies,Drawing lines and checking smartphone,0.0018669978016987443,0
dense_20f_stride10:8a8e1b3c-607e-4ada-b3fd-fa639727e92c__ep1:qa:352,8a8e1b3c-607e-4ada-b3fd-fa639727e92c__ep1,test,3690,3709,Cooking and cleaning in the kitchen,Retrieving cleaning supplies,Inspecting the cleaned plastic jar,0.0018954596016556025,0
dense_20f_stride10:8a8e1b3c-607e-4ada-b3fd-fa639727e92c__ep1:qa:353,8a8e1b3c-607e-4ada-b3fd-fa639727e92c__ep1,test,3700,3719,Cooking and cleaning in the kitchen,Retrieving cleaning supplies,Inspecting shelf contents,0.0018996188882738352,0
dense_20f_stride10:8a8e1b3c-607e-4ada-b3fd-fa639727e92c__ep1:qa:354,8a8e1b3c-607e-4ada-b3fd-fa639727e92c__ep1,test,3710,3729,Cooking and cleaning in the kitchen,Retrieving cleaning supplies,Drawing lines and checking smartphone,0.002294151345267892,0
dense_20f_stride10:8a8e1b3c-607e-4ada-b3fd-fa639727e92c__ep1:qa:366,8a8e1b3c-607e-4ada-b3fd-fa639727e92c__ep1,test,3840,3859,Cooking and cleaning in the kitchen,Cleaning kitchen surfaces,Inspecting the cleaned plastic jar,0.0018954856786876917,0
dense_20f_stride10:8a8e1b3c-607e-4ada-b3fd-fa639727e92c__ep1:qa:367,8a8e1b3c-607e-4ada-b3fd-fa639727e92c__ep1,test,3850,3869,Cooking and cleaning in the kitchen,Cleaning kitchen surfaces,Inspecting shelf contents,0.0018806332955136895,0
dense_20f_stride10:8a8e1b3c-607e-4ada-b3fd-fa639727e92c__ep1:qa:368,8a8e1b3c-607e-4ada-b3fd-fa639727e92c__ep1,test,3860,3879,Cooking and cleaning in the kitchen,Cleaning kitchen surfaces,Inspecting the cleaned plastic jar,0.0019033183343708515,0
dense_20f_stride10:8a8e1b3c-607e-4ada-b3fd-fa639727e92c__ep1:qa:381,8a8e1b3c-607e-4ada-b3fd-fa639727e92c__ep1,test,4000,4019,Cooking and cleaning in the kitchen,Cleaning kitchen surfaces,Inspecting the cleaned plastic jar,0.0018744384869933128,0
dense_20f_stride10:8a8e1b3c-607e-4ada-b3fd-fa639727e92c__ep1:qa:382,8a8e1b3c-607e-4ada-b3fd-fa639727e92c__ep1,test,4010,4029,Cooking and cleaning in the kitchen,Cleaning kitchen surfaces,Inspecting the cleaned plastic jar,0.001897576730698347,0
dense_20f_stride10:8a8e1b3c-607e-4ada-b3fd-fa639727e92c__ep1:qa:383,8a8e1b3c-607e-4ada-b3fd-fa639727e92c__ep1,test,4020,4039,Cooking and cleaning in the kitchen,Cleaning kitchen surfaces,Inspecting the cleaned plastic jar,0.001890484127216041,0
dense_20f_stride10:8a8e1b3c-607e-4ada-b3fd-fa639727e92c__ep1:qa:388,8a8e1b3c-607e-4ada-b3fd-fa639727e92c__ep1,test,4080,4099,Cooking and cleaning in the kitchen,Cleaning kitchen surfaces,Inspecting the cleaned plastic jar,0.0018812041962519288,0
dense_20f_stride10:8a8e1b3c-607e-4ada-b3fd-fa639727e92c__ep1:qa:389,8a8e1b3c-607e-4ada-b3fd-fa639727e92c__ep1,test,4090,4109,Cooking and cleaning in the kitchen,Cleaning kitchen surfaces,Inspecting the cleaned plastic jar,0.0018807495944201946,0
dense_20f_stride10:8a8e1b3c-607e-4ada-b3fd-fa639727e92c__ep1:qa:390,8a8e1b3c-607e-4ada-b3fd-fa639727e92c__ep1,test,4100,4119,Cooking and cleaning in the kitchen,Cleaning kitchen surfaces,Inspecting shelf contents,0.001902228919789195,0
dense_20f_stride10:8a8e1b3c-607e-4ada-b3fd-fa639727e92c__ep1:qa:391,8a8e1b3c-607e-4ada-b3fd-fa639727e92c__ep1,test,4110,4129,Cooking and cleaning in the kitchen,Cleaning kitchen surfaces,Inspecting shelf contents,0.0019154808251187205,0
dense_20f_stride10:8a8e1b3c-607e-4ada-b3fd-fa639727e92c__ep1:qa:403,8a8e1b3c-607e-4ada-b3fd-fa639727e92c__ep1,test,4240,4259,Cooking and cleaning in the kitchen,Cooking at the stove,Inspecting shelf contents,0.0019082864746451378,0
dense_20f_stride10:8a8e1b3c-607e-4ada-b3fd-fa639727e92c__ep1:qa:404,8a8e1b3c-607e-4ada-b3fd-fa639727e92c__ep1,test,4250,4269,Cooking and cleaning in the kitchen,Cooking at the stove,Inspecting shelf contents,0.0018681831425055861,0
dense_20f_stride10:8a8e1b3c-607e-4ada-b3fd-fa639727e92c__ep1:qa:405,8a8e1b3c-607e-4ada-b3fd-fa639727e92c__ep1,test,4260,4279,Cooking and cleaning in the kitchen,Cooking at the stove,Inspecting shelf contents,0.0019183569820597768,0
dense_20f_stride10:8a8e1b3c-607e-4ada-b3fd-fa639727e92c__ep1:qa:418,8a8e1b3c-607e-4ada-b3fd-fa639727e92c__ep1,test,4400,4419,Cooking and cleaning in the kitchen,Cooking at the stove,Inspecting the cleaned plastic jar,0.0019737647380679846,0
dense_20f_stride10:8a8e1b3c-607e-4ada-b3fd-fa639727e92c__ep1:qa:419,8a8e1b3c-607e-4ada-b3fd-fa639727e92c__ep1,test,4410,4429,Cooking and cleaning in the kitchen,Cooking at the stove,Inspecting shelf contents,0.0018962962785735726,0
dense_20f_stride10:8a8e1b3c-607e-4ada-b3fd-fa639727e92c__ep1:qa:420,8a8e1b3c-607e-4ada-b3fd-fa639727e92c__ep1,test,4420,4439,Cooking and cleaning in the kitchen,Cooking at the stove,Inspecting shelf contents,0.0018700201762840152,0
dense_20f_stride10:8a8e1b3c-607e-4ada-b3fd-fa639727e92c__ep1:qa:421,8a8e1b3c-607e-4ada-b3fd-fa639727e92c__ep1,test,4430,4449,Cooking and cleaning in the kitchen,Cooking at the stove,Inspecting shelf contents,0.0018861251883208752,0
dense_20f_stride10:8a8e1b3c-607e-4ada-b3fd-fa639727e92c__ep1:qa:425,8a8e1b3c-607e-4ada-b3fd-fa639727e92c__ep1,test,4480,4499,Cooking and cleaning in the kitchen,Cooking at the stove,Inspecting shelf contents,0.0018878694390878081,0
dense_20f_stride10:8a8e1b3c-607e-4ada-b3fd-fa639727e92c__ep1:qa:426,8a8e1b3c-607e-4ada-b3fd-fa639727e92c__ep1,test,4490,4509,Cooking and cleaning in the kitchen,Cooking at the stove,Inspecting the cleaned plastic jar,0.0018627275712788105,0
dense_20f_stride10:8a8e1b3c-607e-4ada-b3fd-fa639727e92c__ep1:qa:427,8a8e1b3c-607e-4ada-b3fd-fa639727e92c__ep1,test,4500,4519,Cooking and cleaning in the kitchen,Cooking at the stove,Inspecting shelf contents,0.0018954224651679397,0
dense_20f_stride10:8a8e1b3c-607e-4ada-b3fd-fa639727e92c__ep1:qa:440,8a8e1b3c-607e-4ada-b3fd-fa639727e92c__ep1,test,4640,4659,Cooking and cleaning in the kitchen,Cooking at the stove,Inspecting shelf contents,0.0018923635361716151,0
dense_20f_stride10:8a8e1b3c-607e-4ada-b3fd-fa639727e92c__ep1:qa:441,8a8e1b3c-607e-4ada-b3fd-fa639727e92c__ep1,test,4650,4669,Cooking and cleaning in the kitchen,Cooking at the stove,Inspecting shelf contents,0.001895909197628498,0
dense_20f_stride10:8a8e1b3c-607e-4ada-b3fd-fa639727e92c__ep1:qa:442,8a8e1b3c-607e-4ada-b3fd-fa639727e92c__ep1,test,4660,4679,Cooking and cleaning in the kitchen,Cooking at the stove,Inspecting shelf contents,0.0018892788793891668,0
dense_20f_stride10:8a8e1b3c-607e-4ada-b3fd-fa639727e92c__ep1:qa:447,8a8e1b3c-607e-4ada-b3fd-fa639727e92c__ep1,test,4720,4739,Cooking and cleaning in the kitchen,Adjusting cookware,Inspecting shelf contents,0.0019267579773440957,0
dense_20f_stride10:8a8e1b3c-607e-4ada-b3fd-fa639727e92c__ep1:qa:448,8a8e1b3c-607e-4ada-b3fd-fa639727e92c__ep1,test,4730,4749,Cooking and cleaning in the kitchen,Adjusting cookware,Inspecting shelf contents,0.0018714129691943526,0
dense_20f_stride10:8a8e1b3c-607e-4ada-b3fd-fa639727e92c__ep1:qa:449,8a8e1b3c-607e-4ada-b3fd-fa639727e92c__ep1,test,4740,4759,Cooking and cleaning in the kitchen,Adjusting cookware,Inspecting shelf contents,0.0019282693974673748,0
dense_20f_stride10:8a8e1b3c-607e-4ada-b3fd-fa639727e92c__ep1:qa:450,8a8e1b3c-607e-4ada-b3fd-fa639727e92c__ep1,test,4750,4769,Cooking and cleaning in the kitchen,Adjusting cookware,Inspecting shelf contents,0.0018717817729339004,0
dense_20f_stride10:8a8e1b3c-607e-4ada-b3fd-fa639727e92c__ep1:qa:454,8a8e1b3c-607e-4ada-b3fd-fa639727e92c__ep1,test,4800,4819,Cooking and cleaning in the kitchen,Adjusting cookware,Inspecting shelf contents,0.0019277643878012896,0
dense_20f_stride10:8a8e1b3c-607e-4ada-b3fd-fa639727e92c__ep1:qa:455,8a8e1b3c-607e-4ada-b3fd-fa639727e92c__ep1,test,4810,4829,Cooking and cleaning in the kitchen,Adjusting cookware,Inspecting shelf contents,0.0019165503326803446,0
dense_20f_stride10:8a8e1b3c-607e-4ada-b3fd-fa639727e92c__ep1:qa:456,8a8e1b3c-607e-4ada-b3fd-fa639727e92c__ep1,test,4820,4839,Cooking and cleaning in the kitchen,Adjusting cookware,Inspecting shelf contents,0.0019237552769482136,0
dense_20f_stride10:8a8e1b3c-607e-4ada-b3fd-fa639727e92c__ep1:qa:457,8a8e1b3c-607e-4ada-b3fd-fa639727e92c__ep1,test,4830,4849,Cooking and cleaning in the kitchen,Adjusting cookware,Inspecting shelf contents,0.0019037389429286122,0
dense_20f_stride10:8a8e1b3c-607e-4ada-b3fd-fa639727e92c__ep1:qa:461,8a8e1b3c-607e-4ada-b3fd-fa639727e92c__ep1,test,4880,4899,Cooking and cleaning in the kitchen,Adjusting cookware,Inspecting shelf contents,0.0019308441551402211,0
dense_20f_stride10:8a8e1b3c-607e-4ada-b3fd-fa639727e92c__ep1:qa:462,8a8e1b3c-607e-4ada-b3fd-fa639727e92c__ep1,test,4890,4909,Cooking and cleaning in the kitchen,Adjusting cookware,Inspecting shelf contents,0.0018981577595695853,0
dense_20f_stride10:8a8e1b3c-607e-4ada-b3fd-fa639727e92c__ep1:qa:463,8a8e1b3c-607e-4ada-b3fd-fa639727e92c__ep1,test,4900,4919,Cooking and cleaning in the kitchen,Adjusting cookware,Inspecting shelf contents,0.0019362681778147817,0
dense_20f_stride10:a1012a57-385e-45a9-8a59-694a26fe92a5__ep1:qa:0,a1012a57-385e-45a9-8a59-694a26fe92a5__ep1,test,0,19,Cutting cardboard with a utility knife,Prepare to cut cardboard,unknown,0.0017728164093568921,0
dense_20f_stride10:a1012a57-385e-45a9-8a59-694a26fe92a5__ep1:qa:1,a1012a57-385e-45a9-8a59-694a26fe92a5__ep1,test,10,29,Cutting cardboard with a utility knife,Prepare to cut cardboard,unknown,0.001782432897016406,0
dense_20f_stride10:a1012a57-385e-45a9-8a59-694a26fe92a5__ep1:qa:2,a1012a57-385e-45a9-8a59-694a26fe92a5__ep1,test,20,39,Cutting cardboard with a utility knife,Prepare to cut cardboard,unknown,0.0017759829061105847,0
dense_20f_stride10:a1012a57-385e-45a9-8a59-694a26fe92a5__ep1:qa:3,a1012a57-385e-45a9-8a59-694a26fe92a5__ep1,test,30,49,Cutting cardboard with a utility knife,Prepare to cut cardboard,unknown,0.0017711578402668238,0
dense_20f_stride10:a1012a57-385e-45a9-8a59-694a26fe92a5__ep1:qa:4,a1012a57-385e-45a9-8a59-694a26fe92a5__ep1,test,40,59,Cutting cardboard with a utility knife,Prepare to cut cardboard,unknown,0.0017888728762045503,0
dense_20f_stride10:a1012a57-385e-45a9-8a59-694a26fe92a5__ep1:qa:5,a1012a57-385e-45a9-8a59-694a26fe92a5__ep1,test,50,69,Cutting cardboard with a utility knife,Prepare to cut cardboard,unknown,0.0017755877925083041,0
dense_20f_stride10:a1012a57-385e-45a9-8a59-694a26fe92a5__ep1:qa:6,a1012a57-385e-45a9-8a59-694a26fe92a5__ep1,test,60,79,Cutting cardboard with a utility knife,Prepare to cut cardboard,unknown,0.001780403545126319,0
dense_20f_stride10:a1012a57-385e-45a9-8a59-694a26fe92a5__ep1:qa:7,a1012a57-385e-45a9-8a59-694a26fe92a5__ep1,test,70,89,Cutting cardboard with a utility knife,Prepare to cut cardboard,unknown,0.001782138366252184,0
dense_20f_stride10:a1012a57-385e-45a9-8a59-694a26fe92a5__ep1:qa:8,a1012a57-385e-45a9-8a59-694a26fe92a5__ep1,test,80,99,Cutting cardboard with a utility knife,Prepare to cut cardboard,unknown,0.001774949487298727,0
dense_20f_stride10:a1012a57-385e-45a9-8a59-694a26fe92a5__ep1:qa:9,a1012a57-385e-45a9-8a59-694a26fe92a5__ep1,test,90,109,Cutting cardboard with a utility knife,Prepare to cut cardboard,unknown,0.001813662936910987,0
dense_20f_stride10:a1012a57-385e-45a9-8a59-694a26fe92a5__ep1:qa:10,a1012a57-385e-45a9-8a59-694a26fe92a5__ep1,test,100,119,Cutting cardboard with a utility knife,Prepare to cut cardboard,unknown,0.0017668419750407338,0
dense_20f_stride10:a1012a57-385e-45a9-8a59-694a26fe92a5__ep1:qa:11,a1012a57-385e-45a9-8a59-694a26fe92a5__ep1,test,110,129,Cutting cardboard with a utility knife,Prepare to cut cardboard,unknown,0.0017848925199359655,0
dense_20f_stride10:a1012a57-385e-45a9-8a59-694a26fe92a5__ep1:qa:12,a1012a57-385e-45a9-8a59-694a26fe92a5__ep1,test,120,139,Cutting cardboard with a utility knife,Prepare to cut cardboard,unknown,0.001782917184755206,0
dense_20f_stride10:a1012a57-385e-45a9-8a59-694a26fe92a5__ep1:qa:13,a1012a57-385e-45a9-8a59-694a26fe92a5__ep1,test,130,149,Cutting cardboard with a utility knife,Prepare to cut cardboard,Cutting cardboard shapes,0.0017655446426942945,0
dense_20f_stride10:a1012a57-385e-45a9-8a59-694a26fe92a5__ep1:qa:14,a1012a57-385e-45a9-8a59-694a26fe92a5__ep1,test,140,159,Cutting cardboard with a utility knife,Prepare to cut cardboard,unknown,0.0017936481162905693,0
dense_20f_stride10:a1012a57-385e-45a9-8a59-694a26fe92a5__ep1:qa:15,a1012a57-385e-45a9-8a59-694a26fe92a5__ep1,test,150,169,Cutting cardboard with a utility knife,Prepare to cut cardboard,Cutting cardboard shapes,0.0017582977889105678,0
dense_20f_stride10:a1012a57-385e-45a9-8a59-694a26fe92a5__ep1:qa:16,a1012a57-385e-45a9-8a59-694a26fe92a5__ep1,test,160,179,Cutting cardboard with a utility knife,Prepare to cut cardboard,unknown,0.0017809562850743532,0
dense_20f_stride10:a1012a57-385e-45a9-8a59-694a26fe92a5__ep1:qa:17,a1012a57-385e-45a9-8a59-694a26fe92a5__ep1,test,170,189,Cutting cardboard with a utility knife,Prepare to cut cardboard,unknown,0.001787498127669096,0
dense_20f_stride10:a1012a57-385e-45a9-8a59-694a26fe92a5__ep1:qa:18,a1012a57-385e-45a9-8a59-694a26fe92a5__ep1,test,180,199,Cutting cardboard with a utility knife,Prepare to cut cardboard,unknown,0.0017724588979035616,0
dense_20f_stride10:a1012a57-385e-45a9-8a59-694a26fe92a5__ep1:qa:19,a1012a57-385e-45a9-8a59-694a26fe92a5__ep1,test,190,209,Cutting cardboard with a utility knife,Prepare to cut cardboard,unknown,0.0017835322069004178,0
dense_20f_stride10:a1012a57-385e-45a9-8a59-694a26fe92a5__ep1:qa:20,a1012a57-385e-45a9-8a59-694a26fe92a5__ep1,test,200,219,Cutting cardboard with a utility knife,Prepare to cut cardboard,unknown,0.001790890353731811,0
dense_20f_stride10:a1012a57-385e-45a9-8a59-694a26fe92a5__ep1:qa:21,a1012a57-385e-45a9-8a59-694a26fe92a5__ep1,test,210,229,Cutting cardboard with a utility knife,Prepare to cut cardboard,unknown,0.0017723421333357692,0
dense_20f_stride10:a1012a57-385e-45a9-8a59-694a26fe92a5__ep1:qa:22,a1012a57-385e-45a9-8a59-694a26fe92a5__ep1,test,220,239,Cutting cardboard with a utility knife,Prepare to cut cardboard,unknown,0.0017597428523004055,0
dense_20f_stride10:a1012a57-385e-45a9-8a59-694a26fe92a5__ep1:qa:23,a1012a57-385e-45a9-8a59-694a26fe92a5__ep1,test,240,259,Cutting cardboard with a utility knife,Prepare to cut cardboard,unknown,0.0017977170646190643,0
dense_20f_stride10:a1012a57-385e-45a9-8a59-694a26fe92a5__ep1:qa:24,a1012a57-385e-45a9-8a59-694a26fe92a5__ep1,test,250,269,Cutting cardboard with a utility knife,Prepare to cut cardboard,unknown,0.0017778159817680717,0
dense_20f_stride10:a1012a57-385e-45a9-8a59-694a26fe92a5__ep1:qa:25,a1012a57-385e-45a9-8a59-694a26fe92a5__ep1,test,260,279,Cutting cardboard with a utility knife,Prepare to cut cardboard,unknown,0.0017801494104787707,0
dense_20f_stride10:a1012a57-385e-45a9-8a59-694a26fe92a5__ep1:qa:26,a1012a57-385e-45a9-8a59-694a26fe92a5__ep1,test,270,289,Cutting cardboard with a utility knife,Prepare to cut cardboard,unknown,0.001835764735005796,0
dense_20f_stride10:a1012a57-385e-45a9-8a59-694a26fe92a5__ep1:qa:27,a1012a57-385e-45a9-8a59-694a26fe92a5__ep1,test,280,299,Cutting cardboard with a utility knife,Prepare to cut cardboard,unknown,0.0019027135567739606,0
dense_20f_stride10:a1012a57-385e-45a9-8a59-694a26fe92a5__ep1:qa:28,a1012a57-385e-45a9-8a59-694a26fe92a5__ep1,test,290,309,Cutting cardboard with a utility knife,Cut cardboard,Mark fabric with pen and remove ruler,0.0018152069533243775,0
dense_20f_stride10:a1012a57-385e-45a9-8a59-694a26fe92a5__ep1:qa:29,a1012a57-385e-45a9-8a59-694a26fe92a5__ep1,test,300,319,Cutting cardboard with a utility knife,Cut cardboard,unknown,0.0018349478486925364,0
dense_20f_stride10:a1012a57-385e-45a9-8a59-694a26fe92a5__ep1:qa:30,a1012a57-385e-45a9-8a59-694a26fe92a5__ep1,test,310,329,Cutting cardboard with a utility knife,Cut cardboard,unknown,0.00179132423363626,0
dense_20f_stride10:a1012a57-385e-45a9-8a59-694a26fe92a5__ep1:qa:31,a1012a57-385e-45a9-8a59-694a26fe92a5__ep1,test,320,339,Cutting cardboard with a utility knife,Cut cardboard,unknown,0.0018280999502167106,0
dense_20f_stride10:a1012a57-385e-45a9-8a59-694a26fe92a5__ep1:qa:32,a1012a57-385e-45a9-8a59-694a26fe92a5__ep1,test,330,349,Cutting cardboard with a utility knife,Cut cardboard,unknown,0.0017668859800323844,0
dense_20f_stride10:a1012a57-385e-45a9-8a59-694a26fe92a5__ep1:qa:33,a1012a57-385e-45a9-8a59-694a26fe92a5__ep1,test,340,359,Cutting cardboard with a utility knife,Cut cardboard,unknown,0.0018376205116510391,0
dense_20f_stride10:a1012a57-385e-45a9-8a59-694a26fe92a5__ep1:qa:34,a1012a57-385e-45a9-8a59-694a26fe92a5__ep1,test,360,379,Cutting cardboard with a utility knife,Cut cardboard,unknown,0.0017962588462978601,0
dense_20f_stride10:a1012a57-385e-45a9-8a59-694a26fe92a5__ep1:qa:35,a1012a57-385e-45a9-8a59-694a26fe92a5__ep1,test,370,389,Cutting cardboard with a utility knife,Cut cardboard,unknown,0.0017854627221822739,0
dense_20f_stride10:a1012a57-385e-45a9-8a59-694a26fe92a5__ep1:qa:36,a1012a57-385e-45a9-8a59-694a26fe92a5__ep1,test,380,399,Cutting cardboard with a utility knife,Cut cardboard,unknown,0.0017969034379348159,0
dense_20f_stride10:a1012a57-385e-45a9-8a59-694a26fe92a5__ep1:qa:37,a1012a57-385e-45a9-8a59-694a26fe92a5__ep1,test,400,419,Cutting cardboard with a utility knife,Cut cardboard,unknown,0.0017963368445634842,0
dense_20f_stride10:a1012a57-385e-45a9-8a59-694a26fe92a5__ep1:qa:38,a1012a57-385e-45a9-8a59-694a26fe92a5__ep1,test,410,429,Cutting cardboard with a utility knife,Cut cardboard,Cutting cardboard shapes,0.0017551877535879612,0
dense_20f_stride10:a1012a57-385e-45a9-8a59-694a26fe92a5__ep1:qa:39,a1012a57-385e-45a9-8a59-694a26fe92a5__ep1,test,420,439,Cutting cardboard with a utility knife,Cut cardboard,unknown,0.0017739173490554094,0
dense_20f_stride10:a1012a57-385e-45a9-8a59-694a26fe92a5__ep1:qa:40,a1012a57-385e-45a9-8a59-694a26fe92a5__ep1,test,430,449,Cutting cardboard with a utility knife,Cut cardboard,unknown,0.0017875256016850471,0
dense_20f_stride10:a1012a57-385e-45a9-8a59-694a26fe92a5__ep1:qa:41,a1012a57-385e-45a9-8a59-694a26fe92a5__ep1,test,440,459,Cutting cardboard with a utility knife,Cut cardboard,unknown,0.001766684465110302,0
dense_20f_stride10:a1012a57-385e-45a9-8a59-694a26fe92a5__ep1:qa:42,a1012a57-385e-45a9-8a59-694a26fe92a5__ep1,test,450,469,Cutting cardboard with a utility knife,Cut cardboard,unknown,0.001780168735422194,0
dense_20f_stride10:a1012a57-385e-45a9-8a59-694a26fe92a5__ep1:qa:43,a1012a57-385e-45a9-8a59-694a26fe92a5__ep1,test,460,479,Cutting cardboard with a utility knife,Cut cardboard,unknown,0.0017773490399122238,0
dense_20f_stride10:a1012a57-385e-45a9-8a59-694a26fe92a5__ep1:qa:44,a1012a57-385e-45a9-8a59-694a26fe92a5__ep1,test,470,489,Cutting cardboard with a utility knife,Cut cardboard,Cutting cardboard shapes,0.0017643020255491138,0
dense_20f_stride10:a1012a57-385e-45a9-8a59-694a26fe92a5__ep1:qa:45,a1012a57-385e-45a9-8a59-694a26fe92a5__ep1,test,480,499,Cutting cardboard with a utility knife,Cut cardboard,Cutting cardboard shapes,0.0017693679546937346,0
dense_20f_stride10:a1012a57-385e-45a9-8a59-694a26fe92a5__ep1:qa:46,a1012a57-385e-45a9-8a59-694a26fe92a5__ep1,test,490,509,Cutting cardboard with a utility knife,Cut cardboard,Cutting cardboard into triangles,0.0017692249966785312,0
dense_20f_stride10:a1012a57-385e-45a9-8a59-694a26fe92a5__ep1:qa:47,a1012a57-385e-45a9-8a59-694a26fe92a5__ep1,test,500,519,Cutting cardboard with a utility knife,Cut cardboard,unknown,0.0017991071799769998,0
dense_20f_stride10:a1012a57-385e-45a9-8a59-694a26fe92a5__ep1:qa:48,a1012a57-385e-45a9-8a59-694a26fe92a5__ep1,test,510,529,Cutting cardboard with a utility knife,Cut cardboard,unknown,0.0017690649256110191,0
dense_20f_stride10:a1012a57-385e-45a9-8a59-694a26fe92a5__ep1:qa:49,a1012a57-385e-45a9-8a59-694a26fe92a5__ep1,test,520,539,Cutting cardboard with a utility knife,Cut cardboard,unknown,0.0017645155312493443,0
dense_20f_stride10:a1012a57-385e-45a9-8a59-694a26fe92a5__ep1:qa:50,a1012a57-385e-45a9-8a59-694a26fe92a5__ep1,test,530,549,Cutting cardboard with a utility knife,Cut cardboard,unknown,0.0018051555380225182,0
dense_20f_stride10:a1012a57-385e-45a9-8a59-694a26fe92a5__ep1:qa:51,a1012a57-385e-45a9-8a59-694a26fe92a5__ep1,test,540,559,Cutting cardboard with a utility knife,Cut cardboard,unknown,0.0017709136009216309,0
dense_20f_stride10:a1012a57-385e-45a9-8a59-694a26fe92a5__ep1:qa:52,a1012a57-385e-45a9-8a59-694a26fe92a5__ep1,test,550,569,Cutting cardboard with a utility knife,Cut cardboard,unknown,0.0017749019898474216,0
dense_20f_stride10:a1012a57-385e-45a9-8a59-694a26fe92a5__ep1:qa:53,a1012a57-385e-45a9-8a59-694a26fe92a5__ep1,test,560,579,Cutting cardboard with a utility knife,Cut cardboard,unknown,0.001783922198228538,0
dense_20f_stride10:a1012a57-385e-45a9-8a59-694a26fe92a5__ep1:qa:54,a1012a57-385e-45a9-8a59-694a26fe92a5__ep1,test,570,589,Cutting cardboard with a utility knife,Cut cardboard,Trace and remove pattern,0.0017807907424867153,0
dense_20f_stride10:a1012a57-385e-45a9-8a59-694a26fe92a5__ep1:qa:55,a1012a57-385e-45a9-8a59-694a26fe92a5__ep1,test,580,599,Cutting cardboard with a utility knife,Cut cardboard,unknown,0.0017861495725810528,0
dense_20f_stride10:a1012a57-385e-45a9-8a59-694a26fe92a5__ep1:qa:56,a1012a57-385e-45a9-8a59-694a26fe92a5__ep1,test,590,609,Cutting cardboard with a utility knife,Cut cardboard,unknown,0.0018009461928158998,0
dense_20f_stride10:a1012a57-385e-45a9-8a59-694a26fe92a5__ep1:qa:57,a1012a57-385e-45a9-8a59-694a26fe92a5__ep1,test,600,619,Cutting cardboard with a utility knife,Cut cardboard,unknown,0.0017982145072892308,0
dense_20f_stride10:a1012a57-385e-45a9-8a59-694a26fe92a5__ep1:qa:58,a1012a57-385e-45a9-8a59-694a26fe92a5__ep1,test,610,629,Cutting cardboard with a utility knife,Cut cardboard,unknown,0.001773475087247789,0
dense_20f_stride10:a1012a57-385e-45a9-8a59-694a26fe92a5__ep1:qa:59,a1012a57-385e-45a9-8a59-694a26fe92a5__ep1,test,620,639,Cutting cardboard with a utility knife,Cut cardboard,Cutting cardboard shapes,0.0017753358697518706,0
dense_20f_stride10:a1012a57-385e-45a9-8a59-694a26fe92a5__ep1:qa:60,a1012a57-385e-45a9-8a59-694a26fe92a5__ep1,test,630,649,Cutting cardboard with a utility knife,Cut cardboard,unknown,0.0017783066723495722,0
dense_20f_stride10:a1012a57-385e-45a9-8a59-694a26fe92a5__ep1:qa:61,a1012a57-385e-45a9-8a59-694a26fe92a5__ep1,test,640,659,Cutting cardboard with a utility knife,Cut cardboard,unknown,0.00179204938467592,0
dense_20f_stride10:a1012a57-385e-45a9-8a59-694a26fe92a5__ep1:qa:62,a1012a57-385e-45a9-8a59-694a26fe92a5__ep1,test,650,669,Cutting cardboard with a utility knife,Cut cardboard,unknown,0.0017947154119610786,0
dense_20f_stride10:a1012a57-385e-45a9-8a59-694a26fe92a5__ep1:qa:63,a1012a57-385e-45a9-8a59-694a26fe92a5__ep1,test,660,679,Cutting cardboard with a utility knife,Cut cardboard,unknown,0.0018055352848023176,0
dense_20f_stride10:a1012a57-385e-45a9-8a59-694a26fe92a5__ep1:qa:496,a1012a57-385e-45a9-8a59-694a26fe92a5__ep1,test,5000,5019,Cutting cardboard with a utility knife,Cut along the marked line,Sliding utility knife along ruler,0.0017924591666087508,0
dense_20f_stride10:a1012a57-385e-45a9-8a59-694a26fe92a5__ep1:qa:497,a1012a57-385e-45a9-8a59-694a26fe92a5__ep1,test,5010,5029,Cutting cardboard with a utility knife,Cut along the marked line,unknown,0.0017700032331049442,0
dense_20f_stride10:a1012a57-385e-45a9-8a59-694a26fe92a5__ep1:qa:498,a1012a57-385e-45a9-8a59-694a26fe92a5__ep1,test,5020,5039,Cutting cardboard with a utility knife,Cut along the marked line,Wiping product jars and shelf stocking,0.0017689833184704185,0
dense_20f_stride10:a1012a57-385e-45a9-8a59-694a26fe92a5__ep1:qa:499,a1012a57-385e-45a9-8a59-694a26fe92a5__ep1,test,5030,5049,Cutting cardboard with a utility knife,Cut along the marked line,Wiping product jars and shelf stocking,0.0017881535459309816,0
dense_20f_stride10:a1012a57-385e-45a9-8a59-694a26fe92a5__ep1:qa:500,a1012a57-385e-45a9-8a59-694a26fe92a5__ep1,test,5040,5059,Cutting cardboard with a utility knife,Cut along the marked line,Resuming cutting cardboard,0.0017950693145394325,0
dense_20f_stride10:a1012a57-385e-45a9-8a59-694a26fe92a5__ep1:qa:501,a1012a57-385e-45a9-8a59-694a26fe92a5__ep1,test,5050,5069,Cutting cardboard with a utility knife,Cut along the marked line,Wiping product jars and shelf stocking,0.0018318650545552373,0
dense_20f_stride10:a1012a57-385e-45a9-8a59-694a26fe92a5__ep1:qa:502,a1012a57-385e-45a9-8a59-694a26fe92a5__ep1,test,5060,5079,Cutting cardboard with a utility knife,Cut along the marked line,Resuming cutting cardboard,0.0017778194742277265,0
dense_20f_stride10:a1012a57-385e-45a9-8a59-694a26fe92a5__ep1:qa:503,a1012a57-385e-45a9-8a59-694a26fe92a5__ep1,test,5070,5089,Cutting cardboard with a utility knife,Cut along the marked line,Inspecting and placing cardboard strips,0.0020494009368121624,0
dense_20f_stride10:a1012a57-385e-45a9-8a59-694a26fe92a5__ep1:qa:504,a1012a57-385e-45a9-8a59-694a26fe92a5__ep1,test,5080,5099,Cutting cardboard with a utility knife,Cut along the marked line,Wiping product jars and shelf stocking,0.001806554850190878,0
dense_20f_stride10:a1012a57-385e-45a9-8a59-694a26fe92a5__ep1:qa:505,a1012a57-385e-45a9-8a59-694a26fe92a5__ep1,test,5090,5109,Cutting cardboard with a utility knife,Cut along the marked line,Measuring and marking cardboard,0.0017888068687170744,0
dense_20f_stride10:a1012a57-385e-45a9-8a59-694a26fe92a5__ep1:qa:506,a1012a57-385e-45a9-8a59-694a26fe92a5__ep1,test,5100,5119,Cutting cardboard with a utility knife,Cut along the marked line,Wiping product jars and shelf stocking,0.0017800015630200505,0
dense_20f_stride10:a1012a57-385e-45a9-8a59-694a26fe92a5__ep1:qa:507,a1012a57-385e-45a9-8a59-694a26fe92a5__ep1,test,5110,5129,Cutting cardboard with a utility knife,Cut along the marked line,Using phone,0.001823925063945353,0
dense_20f_stride10:a1012a57-385e-45a9-8a59-694a26fe92a5__ep1:qa:508,a1012a57-385e-45a9-8a59-694a26fe92a5__ep1,test,5120,5139,Cutting cardboard with a utility knife,Cut along the marked line,Wiping product jars and shelf stocking,0.0017703432822600007,0
dense_20f_stride10:a1012a57-385e-45a9-8a59-694a26fe92a5__ep1:qa:509,a1012a57-385e-45a9-8a59-694a26fe92a5__ep1,test,5130,5149,Cutting cardboard with a utility knife,Cut along the marked line,Wiping product jars and shelf stocking,0.0017965913284569979,0
dense_20f_stride10:a1012a57-385e-45a9-8a59-694a26fe92a5__ep1:qa:510,a1012a57-385e-45a9-8a59-694a26fe92a5__ep1,test,5140,5159,Cutting cardboard with a utility knife,Cut along the marked line,Wiping product jars and shelf stocking,0.0017741282936185598,0
dense_20f_stride10:a1012a57-385e-45a9-8a59-694a26fe92a5__ep1:qa:511,a1012a57-385e-45a9-8a59-694a26fe92a5__ep1,test,5150,5169,Cutting cardboard with a utility knife,Cut along the marked line,Organizing cardboard pieces,0.001793098053894937,0
dense_20f_stride10:a1012a57-385e-45a9-8a59-694a26fe92a5__ep1:qa:512,a1012a57-385e-45a9-8a59-694a26fe92a5__ep1,test,5160,5179,Cutting cardboard with a utility knife,Cut along the marked line,Sliding utility knife along ruler,0.0017919131787493825,0
dense_20f_stride10:a1012a57-385e-45a9-8a59-694a26fe92a5__ep1:qa:513,a1012a57-385e-45a9-8a59-694a26fe92a5__ep1,test,5170,5189,Cutting cardboard with a utility knife,Cut along the marked line,Wiping product jars and shelf stocking,0.0017784243682399392,0
dense_20f_stride10:a1012a57-385e-45a9-8a59-694a26fe92a5__ep1:qa:514,a1012a57-385e-45a9-8a59-694a26fe92a5__ep1,test,5180,5199,Cutting cardboard with a utility knife,Cut along the marked line,Selecting and packing spice jars,0.0018654082668945193,0
dense_20f_stride10:a1012a57-385e-45a9-8a59-694a26fe92a5__ep1:qa:515,a1012a57-385e-45a9-8a59-694a26fe92a5__ep1,test,5190,5209,Cutting cardboard with a utility knife,Cut along the marked line,Tapping and putting away smartphone,0.0019296947866678238,0
dense_20f_stride10:a1012a57-385e-45a9-8a59-694a26fe92a5__ep1:qa:516,a1012a57-385e-45a9-8a59-694a26fe92a5__ep1,test,5200,5219,Cutting cardboard with a utility knife,Cut along the marked line,Resuming cutting cardboard,0.0018139878520742059,0
dense_20f_stride10:a1012a57-385e-45a9-8a59-694a26fe92a5__ep1:qa:517,a1012a57-385e-45a9-8a59-694a26fe92a5__ep1,test,5210,5229,Cutting cardboard with a utility knife,Cut along the marked line,Sliding utility knife along ruler,0.0018216086318716407,0
dense_20f_stride10:a1012a57-385e-45a9-8a59-694a26fe92a5__ep1:qa:518,a1012a57-385e-45a9-8a59-694a26fe92a5__ep1,test,5220,5239,Cutting cardboard with a utility knife,Cut along the marked line,Sliding utility knife along ruler,0.0017901307437568903,0
dense_20f_stride10:a1012a57-385e-45a9-8a59-694a26fe92a5__ep1:qa:519,a1012a57-385e-45a9-8a59-694a26fe92a5__ep1,test,5230,5249,Cutting cardboard with a utility knife,Cut along the marked line,Sliding utility knife along ruler,0.001779652084223926,0
dense_20f_stride10:a1012a57-385e-45a9-8a59-694a26fe92a5__ep1:qa:520,a1012a57-385e-45a9-8a59-694a26fe92a5__ep1,test,5240,5259,Cutting cardboard with a utility knife,Cut along the marked line,unknown,0.0018005911260843277,0
dense_20f_stride10:a1012a57-385e-45a9-8a59-694a26fe92a5__ep1:qa:521,a1012a57-385e-45a9-8a59-694a26fe92a5__ep1,test,5250,5269,Cutting cardboard with a utility knife,Cut along the marked line,Cutting cardboard,0.001860491349361837,0
dense_20f_stride10:a1012a57-385e-45a9-8a59-694a26fe92a5__ep1:qa:522,a1012a57-385e-45a9-8a59-694a26fe92a5__ep1,test,5260,5279,Cutting cardboard with a utility knife,Cut along the marked line,Wiping product jars and shelf stocking,0.0017774059670045972,0
dense_20f_stride10:33f7ae08-ac1d-4321-9cb9-eca79016b359__ep1:qa:0,33f7ae08-ac1d-4321-9cb9-eca79016b359__ep1,test,0,19,Stocking retail store shelves,Walk to shelf location,Holding and grasping product bags,0.0019826367497444153,0
dense_20f_stride10:33f7ae08-ac1d-4321-9cb9-eca79016b359__ep1:qa:1,33f7ae08-ac1d-4321-9cb9-eca79016b359__ep1,test,10,29,Stocking retail store shelves,Walk to shelf location,Holding and grasping product bags,0.001923898933455348,0
dense_20f_stride10:33f7ae08-ac1d-4321-9cb9-eca79016b359__ep1:qa:2,33f7ae08-ac1d-4321-9cb9-eca79016b359__ep1,test,20,39,Stocking retail store shelves,Walk to shelf location,Holding and grasping product bags,0.0020116844680160284,0
dense_20f_stride10:33f7ae08-ac1d-4321-9cb9-eca79016b359__ep1:qa:3,33f7ae08-ac1d-4321-9cb9-eca79016b359__ep1,test,30,49,Stocking retail store shelves,Walk to shelf location,Picking up and packing products,0.0019431475084275007,0
dense_20f_stride10:33f7ae08-ac1d-4321-9cb9-eca79016b359__ep1:qa:4,33f7ae08-ac1d-4321-9cb9-eca79016b359__ep1,test,40,59,Stocking retail store shelves,Walk to shelf location,Holding and grasping product bags,0.002020760904997587,0
dense_20f_stride10:33f7ae08-ac1d-4321-9cb9-eca79016b359__ep1:qa:31,33f7ae08-ac1d-4321-9cb9-eca79016b359__ep1,test,320,339,Stocking retail store shelves,Inspect shelf condition,Holding and grasping product bags,0.0019673812203109264,0
dense_20f_stride10:33f7ae08-ac1d-4321-9cb9-eca79016b359__ep1:qa:32,33f7ae08-ac1d-4321-9cb9-eca79016b359__ep1,test,330,349,Stocking retail store shelves,Inspect shelf condition,Retrieving items from boxes,0.0018502605380490422,0
dense_20f_stride10:33f7ae08-ac1d-4321-9cb9-eca79016b359__ep1:qa:33,33f7ae08-ac1d-4321-9cb9-eca79016b359__ep1,test,340,359,Stocking retail store shelves,Inspect shelf condition,Placing products on shelf,0.0019035703735426068,0
dense_20f_stride10:33f7ae08-ac1d-4321-9cb9-eca79016b359__ep1:qa:34,33f7ae08-ac1d-4321-9cb9-eca79016b359__ep1,test,350,369,Stocking retail store shelves,Inspect shelf condition,Placing items and transitioning,0.0019111218862235546,0
dense_20f_stride10:33f7ae08-ac1d-4321-9cb9-eca79016b359__ep1:qa:35,33f7ae08-ac1d-4321-9cb9-eca79016b359__ep1,test,360,379,Stocking retail store shelves,Inspect shelf condition,Picking up and packing products,0.0019520154455676675,0
dense_20f_stride10:33f7ae08-ac1d-4321-9cb9-eca79016b359__ep1:qa:38,33f7ae08-ac1d-4321-9cb9-eca79016b359__ep1,test,400,419,Stocking retail store shelves,Inspect shelf condition,Pick up cereal boxes,0.0019605045672506094,0
dense_20f_stride10:33f7ae08-ac1d-4321-9cb9-eca79016b359__ep1:qa:39,33f7ae08-ac1d-4321-9cb9-eca79016b359__ep1,test,410,429,Stocking retail store shelves,Inspect shelf condition,Pick up cereal boxes,0.0018899074057117105,0
dense_20f_stride10:33f7ae08-ac1d-4321-9cb9-eca79016b359__ep1:qa:40,33f7ae08-ac1d-4321-9cb9-eca79016b359__ep1,test,420,439,Stocking retail store shelves,Inspect shelf condition,Pick up cereal boxes,0.0020607204642146826,0
dense_20f_stride10:33f7ae08-ac1d-4321-9cb9-eca79016b359__ep1:qa:41,33f7ae08-ac1d-4321-9cb9-eca79016b359__ep1,test,430,449,Stocking retail store shelves,Inspect shelf condition,Pick up cereal boxes,0.0019014725694432855,0
dense_20f_stride10:33f7ae08-ac1d-4321-9cb9-eca79016b359__ep1:qa:42,33f7ae08-ac1d-4321-9cb9-eca79016b359__ep1,test,440,459,Stocking retail store shelves,Inspect shelf condition,Placing products on shelf,0.001915494678542018,0
dense_20f_stride10:33f7ae08-ac1d-4321-9cb9-eca79016b359__ep1:qa:89,33f7ae08-ac1d-4321-9cb9-eca79016b359__ep1,test,920,939,Stocking retail store shelves,Approach inventory boxes,Positioning shelving dividers,0.0020560959819704294,0
dense_20f_stride10:33f7ae08-ac1d-4321-9cb9-eca79016b359__ep1:qa:90,33f7ae08-ac1d-4321-9cb9-eca79016b359__ep1,test,930,949,Stocking retail store shelves,Approach inventory boxes,Placing products on shelf,0.0018829833716154099,0
dense_20f_stride10:33f7ae08-ac1d-4321-9cb9-eca79016b359__ep1:qa:91,33f7ae08-ac1d-4321-9cb9-eca79016b359__ep1,test,940,959,Stocking retail store shelves,Approach inventory boxes,Positioning shelving dividers,0.0019181211246177554,0
dense_20f_stride10:33f7ae08-ac1d-4321-9cb9-eca79016b359__ep1:qa:92,33f7ae08-ac1d-4321-9cb9-eca79016b359__ep1,test,950,969,Stocking retail store shelves,Approach inventory boxes,Placing products on shelf,0.0019157244823873043,0
dense_20f_stride10:33f7ae08-ac1d-4321-9cb9-eca79016b359__ep1:qa:93,33f7ae08-ac1d-4321-9cb9-eca79016b359__ep1,test,960,979,Stocking retail store shelves,Approach inventory boxes,Positioning shelving dividers,0.0019285217858850956,0
dense_20f_stride10:33f7ae08-ac1d-4321-9cb9-eca79016b359__ep1:qa:96,33f7ae08-ac1d-4321-9cb9-eca79016b359__ep1,test,1000,1019,Stocking retail store shelves,Approach inventory boxes,Placing products on shelf,0.0018723804969340563,0
dense_20f_stride10:33f7ae08-ac1d-4321-9cb9-eca79016b359__ep1:qa:97,33f7ae08-ac1d-4321-9cb9-eca79016b359__ep1,test,1010,1029,Stocking retail store shelves,Approach inventory boxes,Stocking and repositioning box,0.001843805075623095,0
dense_20f_stride10:33f7ae08-ac1d-4321-9cb9-eca79016b359__ep1:qa:98,33f7ae08-ac1d-4321-9cb9-eca79016b359__ep1,test,1020,1039,Stocking retail store shelves,Approach inventory boxes,Transferring products from box to shelf,0.0018638382898643613,0
dense_20f_stride10:33f7ae08-ac1d-4321-9cb9-eca79016b359__ep1:qa:99,33f7ae08-ac1d-4321-9cb9-eca79016b359__ep1,test,1030,1049,Stocking retail store shelves,Approach inventory boxes,Stocking and repositioning box,0.0018467094050720334,0
dense_20f_stride10:33f7ae08-ac1d-4321-9cb9-eca79016b359__ep1:qa:100,33f7ae08-ac1d-4321-9cb9-eca79016b359__ep1,test,1040,1059,Stocking retail store shelves,Approach inventory boxes,Transferring products from box to shelf,0.0019853683188557625,0
dense_20f_stride10:33f7ae08-ac1d-4321-9cb9-eca79016b359__ep1:qa:111,33f7ae08-ac1d-4321-9cb9-eca79016b359__ep1,test,1160,1179,Stocking retail store shelves,Approach inventory boxes,Placing products on shelf,0.001905858633108437,0
dense_20f_stride10:33f7ae08-ac1d-4321-9cb9-eca79016b359__ep1:qa:112,33f7ae08-ac1d-4321-9cb9-eca79016b359__ep1,test,1170,1189,Stocking retail store shelves,Approach inventory boxes,Placing products on shelf,0.0019653469789773226,0
dense_20f_stride10:33f7ae08-ac1d-4321-9cb9-eca79016b359__ep1:qa:113,33f7ae08-ac1d-4321-9cb9-eca79016b359__ep1,test,1180,1199,Stocking retail store shelves,Approach inventory boxes,Pick up and place product on shelf,0.0018903864547610283,0
dense_20f_stride10:33f7ae08-ac1d-4321-9cb9-eca79016b359__ep1:qa:114,33f7ae08-ac1d-4321-9cb9-eca79016b359__ep1,test,1190,1209,Stocking retail store shelves,Approach inventory boxes,Aligning cardboard strip,0.0020214838441461325,0
dense_20f_stride10:33f7ae08-ac1d-4321-9cb9-eca79016b359__ep1:qa:115,33f7ae08-ac1d-4321-9cb9-eca79016b359__ep1,test,1200,1219,Stocking retail store shelves,Approach inventory boxes,Transferring products from box to shelf,0.0019375077681615949,0
dense_20f_stride10:33f7ae08-ac1d-4321-9cb9-eca79016b359__ep1:qa:122,33f7ae08-ac1d-4321-9cb9-eca79016b359__ep1,test,1280,1299,Stocking retail store shelves,Extract wire hangers from inventory,Marking cardboard squares,0.0020274841226637363,0
dense_20f_stride10:33f7ae08-ac1d-4321-9cb9-eca79016b359__ep1:qa:123,33f7ae08-ac1d-4321-9cb9-eca79016b359__ep1,test,1290,1309,Stocking retail store shelves,Extract wire hangers from inventory,Placing product bags on shelf,0.0019866786897182465,0
dense_20f_stride10:33f7ae08-ac1d-4321-9cb9-eca79016b359__ep1:qa:124,33f7ae08-ac1d-4321-9cb9-eca79016b359__ep1,test,1300,1319,Stocking retail store shelves,Extract wire hangers from inventory,Placing products on shelf,0.0018639257177710533,0
dense_20f_stride10:33f7ae08-ac1d-4321-9cb9-eca79016b359__ep1:qa:125,33f7ae08-ac1d-4321-9cb9-eca79016b359__ep1,test,1310,1329,Stocking retail store shelves,Extract wire hangers from inventory,Stocking products on shelf,0.0018417510436847806,0
dense_20f_stride10:33f7ae08-ac1d-4321-9cb9-eca79016b359__ep1:qa:126,33f7ae08-ac1d-4321-9cb9-eca79016b359__ep1,test,1320,1339,Stocking retail store shelves,Extract wire hangers from inventory,Positioning shelving dividers,0.0019813906401395798,0
dense_20f_stride10:33f7ae08-ac1d-4321-9cb9-eca79016b359__ep1:qa:127,33f7ae08-ac1d-4321-9cb9-eca79016b359__ep1,test,1330,1349,Stocking retail store shelves,Extract wire hangers from inventory,Cleaning and boxing jars,0.0018674229504540563,0
dense_20f_stride10:33f7ae08-ac1d-4321-9cb9-eca79016b359__ep1:qa:133,33f7ae08-ac1d-4321-9cb9-eca79016b359__ep1,test,1400,1419,Stocking retail store shelves,Extract wire hangers from inventory,Placing products on shelf,0.0018647897522896528,0
dense_20f_stride10:33f7ae08-ac1d-4321-9cb9-eca79016b359__ep1:qa:134,33f7ae08-ac1d-4321-9cb9-eca79016b359__ep1,test,1410,1429,Stocking retail store shelves,Extract wire hangers from inventory,Placing products on shelf,0.0018593119457364082,0
dense_20f_stride10:33f7ae08-ac1d-4321-9cb9-eca79016b359__ep1:qa:135,33f7ae08-ac1d-4321-9cb9-eca79016b359__ep1,test,1420,1439,Stocking retail store shelves,Extract wire hangers from inventory,Cleaning and boxing jars,0.0019714299123734236,0
dense_20f_stride10:33f7ae08-ac1d-4321-9cb9-eca79016b359__ep1:qa:136,33f7ae08-ac1d-4321-9cb9-eca79016b359__ep1,test,1430,1449,Stocking retail store shelves,Extract wire hangers from inventory,Placing products on shelf,0.0019353324314579368,0
dense_20f_stride10:33f7ae08-ac1d-4321-9cb9-eca79016b359__ep1:qa:137,33f7ae08-ac1d-4321-9cb9-eca79016b359__ep1,test,1440,1459,Stocking retail store shelves,Extract wire hangers from inventory,Placing products on shelf,0.0018963884795084596,0
dense_20f_stride10:33f7ae08-ac1d-4321-9cb9-eca79016b359__ep1:qa:144,33f7ae08-ac1d-4321-9cb9-eca79016b359__ep1,test,1520,1539,Stocking retail store shelves,Extract wire hangers from inventory,Stacking cardboard pieces,0.0020208756905049086,0
dense_20f_stride10:33f7ae08-ac1d-4321-9cb9-eca79016b359__ep1:qa:145,33f7ae08-ac1d-4321-9cb9-eca79016b359__ep1,test,1530,1549,Stocking retail store shelves,Extract wire hangers from inventory,Placing and adjusting plush toys,0.0018576300935819745,0
dense_20f_stride10:33f7ae08-ac1d-4321-9cb9-eca79016b359__ep1:qa:146,33f7ae08-ac1d-4321-9cb9-eca79016b359__ep1,test,1540,1559,Stocking retail store shelves,Extract wire hangers from inventory,Retrieving and shelving container,0.0020960934925824404,0
dense_20f_stride10:33f7ae08-ac1d-4321-9cb9-eca79016b359__ep1:qa:147,33f7ae08-ac1d-4321-9cb9-eca79016b359__ep1,test,1550,1569,Stocking retail store shelves,Extract wire hangers from inventory,Retrieving and shelving container,0.0018886011093854904,0
dense_20f_stride10:33f7ae08-ac1d-4321-9cb9-eca79016b359__ep1:qa:148,33f7ae08-ac1d-4321-9cb9-eca79016b359__ep1,test,1560,1579,Stocking retail store shelves,Extract wire hangers from inventory,Transport cereal to shelf,0.002041464438661933,0
dense_20f_stride10:33f7ae08-ac1d-4321-9cb9-eca79016b359__ep1:qa:191,33f7ae08-ac1d-4321-9cb9-eca79016b359__ep1,test,2000,2019,Stocking retail store shelves,Bundle display hooks,Retrieving and carrying containers,0.001931406557559967,0
dense_20f_stride10:33f7ae08-ac1d-4321-9cb9-eca79016b359__ep1:qa:192,33f7ae08-ac1d-4321-9cb9-eca79016b359__ep1,test,2010,2029,Stocking retail store shelves,Bundle display hooks,Retrieving and carrying containers,0.0019210935570299625,0
dense_20f_stride10:33f7ae08-ac1d-4321-9cb9-eca79016b359__ep1:qa:193,33f7ae08-ac1d-4321-9cb9-eca79016b359__ep1,test,2020,2039,Stocking retail store shelves,Bundle display hooks,Retrieving and carrying containers,0.0019429103704169393,0
dense_20f_stride10:33f7ae08-ac1d-4321-9cb9-eca79016b359__ep1:qa:194,33f7ae08-ac1d-4321-9cb9-eca79016b359__ep1,test,2030,2049,Stocking retail store shelves,Bundle display hooks,Retrieving and carrying containers,0.0018839756958186626,0
dense_20f_stride10:33f7ae08-ac1d-4321-9cb9-eca79016b359__ep1:qa:195,33f7ae08-ac1d-4321-9cb9-eca79016b359__ep1,test,2040,2059,Stocking retail store shelves,Bundle display hooks,Retrieving and carrying containers,0.0019348111236467957,0
dense_20f_stride10:33f7ae08-ac1d-4321-9cb9-eca79016b359__ep1:qa:196,33f7ae08-ac1d-4321-9cb9-eca79016b359__ep1,test,2050,2069,Stocking retail store shelves,Bundle display hooks,Cleaning shelves and handling pickle jars,0.0018161728512495756,0
dense_20f_stride10:33f7ae08-ac1d-4321-9cb9-eca79016b359__ep1:qa:242,33f7ae08-ac1d-4321-9cb9-eca79016b359__ep1,test,2520,2539,Stocking retail store shelves,Install display hooks,Reach for items in box,0.002049831673502922,0
dense_20f_stride10:33f7ae08-ac1d-4321-9cb9-eca79016b359__ep1:qa:243,33f7ae08-ac1d-4321-9cb9-eca79016b359__ep1,test,2530,2549,Stocking retail store shelves,Install display hooks,Reach for items in box,0.0018507452914491296,0
dense_20f_stride10:33f7ae08-ac1d-4321-9cb9-eca79016b359__ep1:qa:244,33f7ae08-ac1d-4321-9cb9-eca79016b359__ep1,test,2540,2559,Stocking retail store shelves,Install display hooks,Organizing snack pouches into containers,0.0019252675119787455,0
dense_20f_stride10:33f7ae08-ac1d-4321-9cb9-eca79016b359__ep1:qa:245,33f7ae08-ac1d-4321-9cb9-eca79016b359__ep1,test,2550,2569,Stocking retail store shelves,Install display hooks,Organize inventory and reach for products,0.001876065623946488,0
dense_20f_stride10:33f7ae08-ac1d-4321-9cb9-eca79016b359__ep1:qa:246,33f7ae08-ac1d-4321-9cb9-eca79016b359__ep1,test,2560,2579,Stocking retail store shelves,Install display hooks,"Placing, rearranging, and cleaning shelf items",0.001997216371819377,0
dense_20f_stride10:33f7ae08-ac1d-4321-9cb9-eca79016b359__ep1:qa:265,33f7ae08-ac1d-4321-9cb9-eca79016b359__ep1,test,2760,2779,Stocking retail store shelves,Move to stocking area,Stocking product boxes,0.0018918139394372702,0
dense_20f_stride10:33f7ae08-ac1d-4321-9cb9-eca79016b359__ep1:qa:266,33f7ae08-ac1d-4321-9cb9-eca79016b359__ep1,test,2770,2789,Stocking retail store shelves,Move to stocking area,Stocking product boxes,0.001882121548987925,0
dense_20f_stride10:33f7ae08-ac1d-4321-9cb9-eca79016b359__ep1:qa:267,33f7ae08-ac1d-4321-9cb9-eca79016b359__ep1,test,2780,2799,Stocking retail store shelves,Move to stocking area,Stocking product boxes,0.0019267392344772816,0
dense_20f_stride10:33f7ae08-ac1d-4321-9cb9-eca79016b359__ep1:qa:268,33f7ae08-ac1d-4321-9cb9-eca79016b359__ep1,test,2800,2819,Stocking retail store shelves,Move to stocking area,Pick up grocery item,0.0019089041743427515,0
dense_20f_stride10:33f7ae08-ac1d-4321-9cb9-eca79016b359__ep1:qa:269,33f7ae08-ac1d-4321-9cb9-eca79016b359__ep1,test,2810,2829,Stocking retail store shelves,Move to stocking area,Stocking product boxes,0.0019393282709643245,0
dense_20f_stride10:33f7ae08-ac1d-4321-9cb9-eca79016b359__ep1:qa:270,33f7ae08-ac1d-4321-9cb9-eca79016b359__ep1,test,2820,2839,Stocking retail store shelves,Move to stocking area,Pick up grocery item,0.002026404021307826,0
dense_20f_stride10:33f7ae08-ac1d-4321-9cb9-eca79016b359__ep1:qa:271,33f7ae08-ac1d-4321-9cb9-eca79016b359__ep1,test,2830,2849,Stocking retail store shelves,Unpack and place items on shelf,Placing container on floor,0.0019219277892261744,0
dense_20f_stride10:33f7ae08-ac1d-4321-9cb9-eca79016b359__ep1:qa:272,33f7ae08-ac1d-4321-9cb9-eca79016b359__ep1,test,2840,2859,Stocking retail store shelves,Unpack and place items on shelf,Stocking product boxes,0.001954401610419154,0
dense_20f_stride10:33f7ae08-ac1d-4321-9cb9-eca79016b359__ep1:qa:287,33f7ae08-ac1d-4321-9cb9-eca79016b359__ep1,test,3000,3019,Stocking retail store shelves,Unpack and place items on shelf,Stocking product boxes,0.0021017424296587706,0
dense_20f_stride10:33f7ae08-ac1d-4321-9cb9-eca79016b359__ep1:qa:288,33f7ae08-ac1d-4321-9cb9-eca79016b359__ep1,test,3010,3029,Stocking retail store shelves,Unpack and place items on shelf,Drawing grid lines,0.001891962718218565,0
dense_20f_stride10:33f7ae08-ac1d-4321-9cb9-eca79016b359__ep1:qa:289,33f7ae08-ac1d-4321-9cb9-eca79016b359__ep1,test,3020,3039,Stocking retail store shelves,Unpack and place items on shelf,Stocking product boxes,0.0018984826747328043,0
dense_20f_stride10:33f7ae08-ac1d-4321-9cb9-eca79016b359__ep1:qa:290,33f7ae08-ac1d-4321-9cb9-eca79016b359__ep1,test,3030,3049,Stocking retail store shelves,Unpack and place items on shelf,Placing and adjusting plush toys,0.0018324796110391617,0
dense_20f_stride10:33f7ae08-ac1d-4321-9cb9-eca79016b359__ep1:qa:291,33f7ae08-ac1d-4321-9cb9-eca79016b359__ep1,test,3040,3059,Stocking retail store shelves,Unpack and place items on shelf,Stocking product boxes,0.0019245913717895746,0
dense_20f_stride10:33f7ae08-ac1d-4321-9cb9-eca79016b359__ep1:qa:314,33f7ae08-ac1d-4321-9cb9-eca79016b359__ep1,test,3280,3299,Stocking retail store shelves,Unpack and place items on shelf,Placing snack packages on shelf,0.0018640448106452823,0
dense_20f_stride10:33f7ae08-ac1d-4321-9cb9-eca79016b359__ep1:qa:315,33f7ae08-ac1d-4321-9cb9-eca79016b359__ep1,test,3290,3309,Stocking retail store shelves,Place and adjust items on shelf,Handling snack packages,0.001879154471680522,0
dense_20f_stride10:33f7ae08-ac1d-4321-9cb9-eca79016b359__ep1:qa:316,33f7ae08-ac1d-4321-9cb9-eca79016b359__ep1,test,3300,3319,Stocking retail store shelves,Place and adjust items on shelf,Stocking product boxes,0.0019424842903390527,0
dense_20f_stride10:33f7ae08-ac1d-4321-9cb9-eca79016b359__ep1:qa:317,33f7ae08-ac1d-4321-9cb9-eca79016b359__ep1,test,3310,3329,Stocking retail store shelves,Place and adjust items on shelf,Moving along the aisle to assess stock,0.001872357213869691,0
dense_20f_stride10:33f7ae08-ac1d-4321-9cb9-eca79016b359__ep1:qa:318,33f7ae08-ac1d-4321-9cb9-eca79016b359__ep1,test,3320,3339,Stocking retail store shelves,Place and adjust items on shelf,Organizing canned goods in container,0.001817716402001679,0
dense_20f_stride10:33f7ae08-ac1d-4321-9cb9-eca79016b359__ep1:qa:329,33f7ae08-ac1d-4321-9cb9-eca79016b359__ep1,test,3440,3459,Stocking retail store shelves,Place and adjust items on shelf,Stocking product boxes,0.0020596368703991175,0
dense_20f_stride10:33f7ae08-ac1d-4321-9cb9-eca79016b359__ep1:qa:330,33f7ae08-ac1d-4321-9cb9-eca79016b359__ep1,test,3450,3469,Stocking retail store shelves,Place and adjust items on shelf,Stocking product boxes,0.0018664810340851545,0
dense_20f_stride10:33f7ae08-ac1d-4321-9cb9-eca79016b359__ep1:qa:331,33f7ae08-ac1d-4321-9cb9-eca79016b359__ep1,test,3460,3479,Stocking retail store shelves,Place and adjust items on shelf,Stocking product boxes,0.0019549219869077206,0
dense_20f_stride10:33f7ae08-ac1d-4321-9cb9-eca79016b359__ep1:qa:332,33f7ae08-ac1d-4321-9cb9-eca79016b359__ep1,test,3470,3489,Stocking retail store shelves,Place and adjust items on shelf,Placing and adjusting plush toys,0.0018489148933440447,0
dense_20f_stride10:33f7ae08-ac1d-4321-9cb9-eca79016b359__ep1:qa:333,33f7ae08-ac1d-4321-9cb9-eca79016b359__ep1,test,3480,3499,Stocking retail store shelves,Place and adjust items on shelf,Stocking product boxes,0.001910849241539836,0
dense_20f_stride10:33f7ae08-ac1d-4321-9cb9-eca79016b359__ep1:qa:348,33f7ae08-ac1d-4321-9cb9-eca79016b359__ep1,test,3640,3659,Stocking retail store shelves,Place and adjust items on shelf,Retrieving next product,0.001993586076423526,0
dense_20f_stride10:33f7ae08-ac1d-4321-9cb9-eca79016b359__ep1:qa:349,33f7ae08-ac1d-4321-9cb9-eca79016b359__ep1,test,3650,3669,Stocking retail store shelves,Place and adjust items on shelf,Stocking product boxes,0.0018568478990346193,0
dense_20f_stride10:33f7ae08-ac1d-4321-9cb9-eca79016b359__ep1:qa:350,33f7ae08-ac1d-4321-9cb9-eca79016b359__ep1,test,3660,3679,Stocking retail store shelves,Place and adjust items on shelf,Transporting snack packages to shelf,0.0019520457135513425,0
dense_20f_stride10:33f7ae08-ac1d-4321-9cb9-eca79016b359__ep1:qa:351,33f7ae08-ac1d-4321-9cb9-eca79016b359__ep1,test,3670,3689,Stocking retail store shelves,Place and adjust items on shelf,Preparing shopping bag,0.0018788594752550125,0
dense_20f_stride10:33f7ae08-ac1d-4321-9cb9-eca79016b359__ep1:qa:352,33f7ae08-ac1d-4321-9cb9-eca79016b359__ep1,test,3680,3699,Stocking retail store shelves,Place and adjust items on shelf,Retrieving next product,0.0020641975570470095,0
dense_20f_stride10:33f7ae08-ac1d-4321-9cb9-eca79016b359__ep1:qa:353,33f7ae08-ac1d-4321-9cb9-eca79016b359__ep1,test,3690,3709,Stocking retail store shelves,Place and adjust items on shelf,Placing and adjusting plush toys,0.0018933563260361552,0
dense_20f_stride10:33f7ae08-ac1d-4321-9cb9-eca79016b359__ep1:qa:434,33f7ae08-ac1d-4321-9cb9-eca79016b359__ep1,test,4520,4539,Stocking retail store shelves,Place and retrieve items for stocking,Sort beads and adjust phone,0.0019274312071502209,0
dense_20f_stride10:33f7ae08-ac1d-4321-9cb9-eca79016b359__ep1:qa:435,33f7ae08-ac1d-4321-9cb9-eca79016b359__ep1,test,4530,4549,Stocking retail store shelves,Place and retrieve items for stocking,Placing and adjusting plush toys,0.0019748781342059374,0
dense_20f_stride10:33f7ae08-ac1d-4321-9cb9-eca79016b359__ep1:qa:436,33f7ae08-ac1d-4321-9cb9-eca79016b359__ep1,test,4540,4559,Stocking retail store shelves,Place and retrieve items for stocking,Placing and adjusting plush toys,0.0019306591711938381,0
dense_20f_stride10:33f7ae08-ac1d-4321-9cb9-eca79016b359__ep1:qa:437,33f7ae08-ac1d-4321-9cb9-eca79016b359__ep1,test,4550,4569,Stocking retail store shelves,Place and retrieve items for stocking,Organizing shelf products,0.001860636519268155,0
dense_20f_stride10:33f7ae08-ac1d-4321-9cb9-eca79016b359__ep1:qa:438,33f7ae08-ac1d-4321-9cb9-eca79016b359__ep1,test,4560,4579,Stocking retail store shelves,Place and retrieve items for stocking,Stocking product boxes,0.001990570919588208,0
dense_20f_stride10:33f7ae08-ac1d-4321-9cb9-eca79016b359__ep1:qa:469,33f7ae08-ac1d-4321-9cb9-eca79016b359__ep1,test,4880,4899,Stocking retail store shelves,Place and retrieve items for stocking,Replenishing shelf stock,0.0020039600785821676,0
dense_20f_stride10:33f7ae08-ac1d-4321-9cb9-eca79016b359__ep1:qa:470,33f7ae08-ac1d-4321-9cb9-eca79016b359__ep1,test,4890,4909,Stocking retail store shelves,Place and retrieve items for stocking,Opening cardboard box,0.0020322599448263645,0
dense_20f_stride10:33f7ae08-ac1d-4321-9cb9-eca79016b359__ep1:qa:471,33f7ae08-ac1d-4321-9cb9-eca79016b359__ep1,test,4900,4919,Stocking retail store shelves,Place and retrieve items for stocking,Replenishing shelf stock,0.002002684399485588,0
dense_20f_stride10:9c553886-83c5-4dc4-be5c-dcb269b3a771__ep2:qa:0,9c553886-83c5-4dc4-be5c-dcb269b3a771__ep2,test,0,19,Labeling and processing cardboard pieces,Labeling cardboard pieces,Cutting and measuring cardboard,0.0019715609960258007,0
dense_20f_stride10:9c553886-83c5-4dc4-be5c-dcb269b3a771__ep2:qa:1,9c553886-83c5-4dc4-be5c-dcb269b3a771__ep2,test,10,29,Labeling and processing cardboard pieces,Labeling cardboard pieces,Cutting and measuring cardboard,0.0019393310649320483,0
dense_20f_stride10:9c553886-83c5-4dc4-be5c-dcb269b3a771__ep2:qa:2,9c553886-83c5-4dc4-be5c-dcb269b3a771__ep2,test,20,39,Labeling and processing cardboard pieces,Labeling cardboard pieces,Cutting and measuring cardboard,0.001969123026356101,0
dense_20f_stride10:9c553886-83c5-4dc4-be5c-dcb269b3a771__ep2:qa:3,9c553886-83c5-4dc4-be5c-dcb269b3a771__ep2,test,30,49,Labeling and processing cardboard pieces,Labeling cardboard pieces,Cutting and measuring cardboard,0.0019438976887613535,0
dense_20f_stride10:9c553886-83c5-4dc4-be5c-dcb269b3a771__ep2:qa:4,9c553886-83c5-4dc4-be5c-dcb269b3a771__ep2,test,40,59,Labeling and processing cardboard pieces,Labeling cardboard pieces,Cutting and measuring cardboard,0.0019995439797639847,0
dense_20f_stride10:9c553886-83c5-4dc4-be5c-dcb269b3a771__ep2:qa:5,9c553886-83c5-4dc4-be5c-dcb269b3a771__ep2,test,50,69,Labeling and processing cardboard pieces,Labeling cardboard pieces,Labeling cardboard squares,0.001892806845717132,0
dense_20f_stride10:9c553886-83c5-4dc4-be5c-dcb269b3a771__ep2:qa:6,9c553886-83c5-4dc4-be5c-dcb269b3a771__ep2,test,60,79,Labeling and processing cardboard pieces,Labeling cardboard pieces,Cutting and measuring cardboard,0.0019480533665046096,0
dense_20f_stride10:9c553886-83c5-4dc4-be5c-dcb269b3a771__ep2:qa:7,9c553886-83c5-4dc4-be5c-dcb269b3a771__ep2,test,70,89,Labeling and processing cardboard pieces,Labeling cardboard pieces,Positioning ruler for cutting,0.0018714875914156437,0
dense_20f_stride10:9c553886-83c5-4dc4-be5c-dcb269b3a771__ep2:qa:8,9c553886-83c5-4dc4-be5c-dcb269b3a771__ep2,test,80,99,Labeling and processing cardboard pieces,Labeling cardboard pieces,Cutting and measuring cardboard,0.0019628950394690037,0
dense_20f_stride10:9c553886-83c5-4dc4-be5c-dcb269b3a771__ep2:qa:51,9c553886-83c5-4dc4-be5c-dcb269b3a771__ep2,test,520,539,Labeling and processing cardboard pieces,Labeling cardboard pieces,Cutting cardboard,0.0018393131904304028,0
dense_20f_stride10:9c553886-83c5-4dc4-be5c-dcb269b3a771__ep2:qa:52,9c553886-83c5-4dc4-be5c-dcb269b3a771__ep2,test,530,549,Labeling and processing cardboard pieces,Labeling cardboard pieces,Labeling cardboard squares,0.001868579420261085,0
dense_20f_stride10:9c553886-83c5-4dc4-be5c-dcb269b3a771__ep2:qa:53,9c553886-83c5-4dc4-be5c-dcb269b3a771__ep2,test,540,559,Labeling and processing cardboard pieces,Labeling cardboard pieces,Stabilizing cardboard for cutting,0.001872763386927545,0
dense_20f_stride10:9c553886-83c5-4dc4-be5c-dcb269b3a771__ep2:qa:54,9c553886-83c5-4dc4-be5c-dcb269b3a771__ep2,test,550,569,Labeling and processing cardboard pieces,Labeling cardboard pieces,Labeling cardboard squares,0.0018682223744690418,0
dense_20f_stride10:9c553886-83c5-4dc4-be5c-dcb269b3a771__ep2:qa:55,9c553886-83c5-4dc4-be5c-dcb269b3a771__ep2,test,560,579,Labeling and processing cardboard pieces,Labeling cardboard pieces,Labeling cardboard squares,0.0018681474030017853,0
dense_20f_stride10:9c553886-83c5-4dc4-be5c-dcb269b3a771__ep2:qa:56,9c553886-83c5-4dc4-be5c-dcb269b3a771__ep2,test,570,589,Labeling and processing cardboard pieces,Labeling cardboard pieces,Cutting cardboard,0.001819816417992115,0
dense_20f_stride10:9c553886-83c5-4dc4-be5c-dcb269b3a771__ep2:qa:57,9c553886-83c5-4dc4-be5c-dcb269b3a771__ep2,test,580,599,Labeling and processing cardboard pieces,Labeling cardboard pieces,Positioning cardboard pieces,0.001864551450125873,0
dense_20f_stride10:9c553886-83c5-4dc4-be5c-dcb269b3a771__ep2:qa:58,9c553886-83c5-4dc4-be5c-dcb269b3a771__ep2,test,600,619,Labeling and processing cardboard pieces,Labeling cardboard pieces,Stabilizing cardboard for cutting,0.0019646300934255123,0
dense_20f_stride10:9c553886-83c5-4dc4-be5c-dcb269b3a771__ep2:qa:59,9c553886-83c5-4dc4-be5c-dcb269b3a771__ep2,test,610,629,Labeling and processing cardboard pieces,Labeling cardboard pieces,Stabilizing cardboard for cutting,0.0018322314135730267,0
dense_20f_stride10:9c553886-83c5-4dc4-be5c-dcb269b3a771__ep2:qa:60,9c553886-83c5-4dc4-be5c-dcb269b3a771__ep2,test,620,639,Labeling and processing cardboard pieces,Labeling cardboard pieces,Stabilizing cardboard for cutting,0.0020552841015160084,0
dense_20f_stride10:9c553886-83c5-4dc4-be5c-dcb269b3a771__ep2:qa:61,9c553886-83c5-4dc4-be5c-dcb269b3a771__ep2,test,630,649,Labeling and processing cardboard pieces,Labeling cardboard pieces,Positioning ruler for cutting,0.0019146180711686611,0
dense_20f_stride10:9c553886-83c5-4dc4-be5c-dcb269b3a771__ep2:qa:62,9c553886-83c5-4dc4-be5c-dcb269b3a771__ep2,test,640,659,Labeling and processing cardboard pieces,Labeling cardboard pieces,Stabilizing cardboard for cutting,0.0019101669313386083,0
dense_20f_stride10:9c553886-83c5-4dc4-be5c-dcb269b3a771__ep2:qa:63,9c553886-83c5-4dc4-be5c-dcb269b3a771__ep2,test,650,669,Labeling and processing cardboard pieces,Labeling cardboard pieces,Labeling cardboard squares,0.001809149282053113,0
dense_20f_stride10:9c553886-83c5-4dc4-be5c-dcb269b3a771__ep2:qa:64,9c553886-83c5-4dc4-be5c-dcb269b3a771__ep2,test,660,679,Labeling and processing cardboard pieces,Labeling cardboard pieces,Labeling cardboard squares,0.0018972719553858042,0
dense_20f_stride10:9c553886-83c5-4dc4-be5c-dcb269b3a771__ep2:qa:65,9c553886-83c5-4dc4-be5c-dcb269b3a771__ep2,test,670,689,Labeling and processing cardboard pieces,Labeling cardboard pieces,Labeling cardboard squares,0.0018288112478330731,0
dense_20f_stride10:9c553886-83c5-4dc4-be5c-dcb269b3a771__ep2:qa:84,9c553886-83c5-4dc4-be5c-dcb269b3a771__ep2,test,880,899,Labeling and processing cardboard pieces,Labeling cardboard pieces,Labeling cardboard squares,0.0019267976749688387,0
dense_20f_stride10:9c553886-83c5-4dc4-be5c-dcb269b3a771__ep2:qa:132,9c553886-83c5-4dc4-be5c-dcb269b3a771__ep2,test,1400,1419,Labeling and processing cardboard pieces,Labeling cardboard pieces,Labeling and placing cardboard square,0.0019040092593058944,0
dense_20f_stride10:9c553886-83c5-4dc4-be5c-dcb269b3a771__ep2:qa:133,9c553886-83c5-4dc4-be5c-dcb269b3a771__ep2,test,1410,1429,Labeling and processing cardboard pieces,Labeling cardboard pieces,Labeling cardboard squares,0.001842609024606645,0
dense_20f_stride10:9c553886-83c5-4dc4-be5c-dcb269b3a771__ep2:qa:134,9c553886-83c5-4dc4-be5c-dcb269b3a771__ep2,test,1420,1439,Labeling and processing cardboard pieces,Labeling cardboard pieces,Labeling cardboard squares,0.0018307979917153716,0
dense_20f_stride10:9c553886-83c5-4dc4-be5c-dcb269b3a771__ep2:qa:135,9c553886-83c5-4dc4-be5c-dcb269b3a771__ep2,test,1430,1449,Labeling and processing cardboard pieces,Labeling cardboard pieces,Labeling cardboard squares,0.001858396572060883,0
dense_20f_stride10:9c553886-83c5-4dc4-be5c-dcb269b3a771__ep2:qa:136,9c553886-83c5-4dc4-be5c-dcb269b3a771__ep2,test,1440,1459,Labeling and processing cardboard pieces,Labeling cardboard pieces,Labeling cardboard squares,0.0018559377640485764,0
dense_20f_stride10:9c553886-83c5-4dc4-be5c-dcb269b3a771__ep2:qa:137,9c553886-83c5-4dc4-be5c-dcb269b3a771__ep2,test,1450,1469,Labeling and processing cardboard pieces,Labeling cardboard pieces,Adjusting and folding cardboard,0.0018572427798062563,0
dense_20f_stride10:9c553886-83c5-4dc4-be5c-dcb269b3a771__ep2:qa:138,9c553886-83c5-4dc4-be5c-dcb269b3a771__ep2,test,1460,1479,Labeling and processing cardboard pieces,Labeling cardboard pieces,Labeling cardboard squares,0.0018188204849138856,0
dense_20f_stride10:9c553886-83c5-4dc4-be5c-dcb269b3a771__ep2:qa:139,9c553886-83c5-4dc4-be5c-dcb269b3a771__ep2,test,1470,1489,Labeling and processing cardboard pieces,Labeling cardboard pieces,Cutting and measuring cardboard,0.0018860895652323961,0
dense_20f_stride10:9c553886-83c5-4dc4-be5c-dcb269b3a771__ep2:qa:140,9c553886-83c5-4dc4-be5c-dcb269b3a771__ep2,test,1480,1499,Labeling and processing cardboard pieces,Labeling cardboard pieces,Positioning cardboard pieces,0.0018673855811357498,0
dense_20f_stride10:9c553886-83c5-4dc4-be5c-dcb269b3a771__ep2:qa:169,9c553886-83c5-4dc4-be5c-dcb269b3a771__ep2,test,1800,1819,Labeling and processing cardboard pieces,Organizing cardboard pieces,Labeling cardboard square,0.0020106786396354437,0
dense_20f_stride10:9c553886-83c5-4dc4-be5c-dcb269b3a771__ep2:qa:170,9c553886-83c5-4dc4-be5c-dcb269b3a771__ep2,test,1810,1829,Labeling and processing cardboard pieces,Organizing cardboard pieces,Labeling cardboard square,0.001943079987540841,0
dense_20f_stride10:9c553886-83c5-4dc4-be5c-dcb269b3a771__ep2:qa:171,9c553886-83c5-4dc4-be5c-dcb269b3a771__ep2,test,1820,1839,Labeling and processing cardboard pieces,Organizing cardboard pieces,Labeling cardboard square,0.0019142698729410768,0
dense_20f_stride10:9c553886-83c5-4dc4-be5c-dcb269b3a771__ep2:qa:172,9c553886-83c5-4dc4-be5c-dcb269b3a771__ep2,test,1830,1849,Labeling and processing cardboard pieces,Organizing cardboard pieces,Positioning cardboard pieces,0.0018076000269502401,0
dense_20f_stride10:9c553886-83c5-4dc4-be5c-dcb269b3a771__ep2:qa:173,9c553886-83c5-4dc4-be5c-dcb269b3a771__ep2,test,1840,1859,Labeling and processing cardboard pieces,Organizing cardboard pieces,Labeling cardboard square,0.0018871884094551206,0
dense_20f_stride10:9c553886-83c5-4dc4-be5c-dcb269b3a771__ep2:qa:174,9c553886-83c5-4dc4-be5c-dcb269b3a771__ep2,test,1850,1869,Labeling and processing cardboard pieces,Organizing cardboard pieces,Labeling and placing cardboard squares,0.0018771970644593239,0
dense_20f_stride10:9c553886-83c5-4dc4-be5c-dcb269b3a771__ep2:qa:175,9c553886-83c5-4dc4-be5c-dcb269b3a771__ep2,test,1860,1879,Labeling and processing cardboard pieces,Organizing cardboard pieces,Removing old shelf labels,0.0018326236167922616,0
dense_20f_stride10:9c553886-83c5-4dc4-be5c-dcb269b3a771__ep2:qa:176,9c553886-83c5-4dc4-be5c-dcb269b3a771__ep2,test,1870,1889,Labeling and processing cardboard pieces,Cutting cardboard pieces,Cutting and measuring cardboard,0.0019080891506746411,0
dense_20f_stride10:9c553886-83c5-4dc4-be5c-dcb269b3a771__ep2:qa:207,9c553886-83c5-4dc4-be5c-dcb269b3a771__ep2,test,2200,2219,Labeling and processing cardboard pieces,Cutting cardboard pieces,Positioning cardboard pieces,0.0018819438992068172,0
dense_20f_stride10:9c553886-83c5-4dc4-be5c-dcb269b3a771__ep2:qa:208,9c553886-83c5-4dc4-be5c-dcb269b3a771__ep2,test,2210,2229,Labeling and processing cardboard pieces,Cutting cardboard pieces,Cutting and pausing,0.001876555965282023,0
dense_20f_stride10:9c553886-83c5-4dc4-be5c-dcb269b3a771__ep2:qa:209,9c553886-83c5-4dc4-be5c-dcb269b3a771__ep2,test,2220,2239,Labeling and processing cardboard pieces,Cutting cardboard pieces,Positioning cardboard pieces,0.0019024108769372106,0
dense_20f_stride10:9c553886-83c5-4dc4-be5c-dcb269b3a771__ep2:qa:210,9c553886-83c5-4dc4-be5c-dcb269b3a771__ep2,test,2230,2249,Labeling and processing cardboard pieces,Cutting cardboard pieces,Positioning cardboard pieces,0.0019469003891572356,0
dense_20f_stride10:9c553886-83c5-4dc4-be5c-dcb269b3a771__ep2:qa:211,9c553886-83c5-4dc4-be5c-dcb269b3a771__ep2,test,2240,2259,Labeling and processing cardboard pieces,Cutting cardboard pieces,Labeling and placing cardboard squares,0.0019665893632918596,0
dense_20f_stride10:9c553886-83c5-4dc4-be5c-dcb269b3a771__ep2:qa:212,9c553886-83c5-4dc4-be5c-dcb269b3a771__ep2,test,2250,2269,Labeling and processing cardboard pieces,Cutting cardboard pieces,Positioning cardboard pieces,0.0018518593860790133,0
dense_20f_stride10:9c553886-83c5-4dc4-be5c-dcb269b3a771__ep2:qa:213,9c553886-83c5-4dc4-be5c-dcb269b3a771__ep2,test,2260,2279,Labeling and processing cardboard pieces,Cutting cardboard pieces,Labeling and placing cardboard squares,0.0019102777587249875,0
dense_20f_stride10:9c553886-83c5-4dc4-be5c-dcb269b3a771__ep2:qa:214,9c553886-83c5-4dc4-be5c-dcb269b3a771__ep2,test,2270,2289,Labeling and processing cardboard pieces,Cutting cardboard pieces,Positioning cardboard pieces,0.0018483070889487863,0
dense_20f_stride10:9c553886-83c5-4dc4-be5c-dcb269b3a771__ep2:qa:215,9c553886-83c5-4dc4-be5c-dcb269b3a771__ep2,test,2280,2299,Labeling and processing cardboard pieces,Cutting cardboard pieces,Labeling and placing cardboard square,0.0020178670529276133,0
dense_20f_stride10:9c553886-83c5-4dc4-be5c-dcb269b3a771__ep2:qa:325,9c553886-83c5-4dc4-be5c-dcb269b3a771__ep2,test,3400,3419,Labeling and processing cardboard pieces,Labeling cardboard pieces,Labeling and switching markers,0.0019278880208730698,0
dense_20f_stride10:9c553886-83c5-4dc4-be5c-dcb269b3a771__ep2:qa:326,9c553886-83c5-4dc4-be5c-dcb269b3a771__ep2,test,3410,3429,Labeling and processing cardboard pieces,Labeling cardboard pieces,Labeling and switching markers,0.0019311686046421528,0
dense_20f_stride10:9c553886-83c5-4dc4-be5c-dcb269b3a771__ep2:qa:327,9c553886-83c5-4dc4-be5c-dcb269b3a771__ep2,test,3420,3439,Labeling and processing cardboard pieces,Labeling cardboard pieces,Labeling and switching markers,0.0020364047959446907,0
dense_20f_stride10:9c553886-83c5-4dc4-be5c-dcb269b3a771__ep2:qa:328,9c553886-83c5-4dc4-be5c-dcb269b3a771__ep2,test,3430,3449,Labeling and processing cardboard pieces,Labeling cardboard pieces,Labeling and switching markers,0.001901079318486154,0
dense_20f_stride10:9c553886-83c5-4dc4-be5c-dcb269b3a771__ep2:qa:329,9c553886-83c5-4dc4-be5c-dcb269b3a771__ep2,test,3440,3459,Labeling and processing cardboard pieces,Labeling cardboard pieces,Labeling and switching markers,0.0019560621585696936,0
dense_20f_stride10:9c553886-83c5-4dc4-be5c-dcb269b3a771__ep2:qa:330,9c553886-83c5-4dc4-be5c-dcb269b3a771__ep2,test,3450,3469,Labeling and processing cardboard pieces,Labeling cardboard pieces,Positioning cardboard pieces,0.0018790550529956818,0
dense_20f_stride10:9c553886-83c5-4dc4-be5c-dcb269b3a771__ep2:qa:331,9c553886-83c5-4dc4-be5c-dcb269b3a771__ep2,test,3460,3479,Labeling and processing cardboard pieces,Labeling cardboard pieces,Labeling and switching markers,0.0018930721562355757,0
dense_20f_stride10:9c553886-83c5-4dc4-be5c-dcb269b3a771__ep2:qa:332,9c553886-83c5-4dc4-be5c-dcb269b3a771__ep2,test,3470,3489,Labeling and processing cardboard pieces,Labeling cardboard pieces,Positioning cardboard pieces,0.0019100506324321032,0
dense_20f_stride10:9c553886-83c5-4dc4-be5c-dcb269b3a771__ep2:qa:333,9c553886-83c5-4dc4-be5c-dcb269b3a771__ep2,test,3480,3499,Labeling and processing cardboard pieces,Labeling cardboard pieces,Labeling and switching markers,0.001911298488266766,0
dense_20f_stride10:9c553886-83c5-4dc4-be5c-dcb269b3a771__ep2:qa:443,9c553886-83c5-4dc4-be5c-dcb269b3a771__ep2,test,4600,4619,Labeling and processing cardboard pieces,Labeling cardboard pieces,Positioning cardboard pieces,0.0019952368456870317,0
dense_20f_stride10:9c553886-83c5-4dc4-be5c-dcb269b3a771__ep2:qa:444,9c553886-83c5-4dc4-be5c-dcb269b3a771__ep2,test,4610,4629,Labeling and processing cardboard pieces,Labeling cardboard pieces,Labeling and placing cardboard square,0.0019036760786548257,0
dense_20f_stride10:9c553886-83c5-4dc4-be5c-dcb269b3a771__ep2:qa:445,9c553886-83c5-4dc4-be5c-dcb269b3a771__ep2,test,4620,4639,Labeling and processing cardboard pieces,Labeling cardboard pieces,Cutting and stacking cardboard pieces,0.0018669974524527788,0
dense_20f_stride10:9c553886-83c5-4dc4-be5c-dcb269b3a771__ep2:qa:446,9c553886-83c5-4dc4-be5c-dcb269b3a771__ep2,test,4630,4649,Labeling and processing cardboard pieces,Labeling cardboard pieces,Positioning cardboard pieces,0.0019016111036762595,0
dense_20f_stride10:9c553886-83c5-4dc4-be5c-dcb269b3a771__ep2:qa:447,9c553886-83c5-4dc4-be5c-dcb269b3a771__ep2,test,4640,4659,Labeling and processing cardboard pieces,Labeling cardboard pieces,Positioning cardboard pieces,0.0018817817326635122,0
dense_20f_stride10:9c553886-83c5-4dc4-be5c-dcb269b3a771__ep2:qa:448,9c553886-83c5-4dc4-be5c-dcb269b3a771__ep2,test,4650,4669,Labeling and processing cardboard pieces,Labeling cardboard pieces,Positioning cardboard pieces,0.001866998733021319,0
dense_20f_stride10:9c553886-83c5-4dc4-be5c-dcb269b3a771__ep2:qa:449,9c553886-83c5-4dc4-be5c-dcb269b3a771__ep2,test,4660,4679,Labeling and processing cardboard pieces,Labeling cardboard pieces,Marking cardboard with pen,0.0018856845563277602,0
dense_20f_stride10:9c553886-83c5-4dc4-be5c-dcb269b3a771__ep2:qa:450,9c553886-83c5-4dc4-be5c-dcb269b3a771__ep2,test,4670,4689,Labeling and processing cardboard pieces,Labeling cardboard pieces,Labeling and placing cardboard square,0.002047095214948058,0
dense_20f_stride10:9c553886-83c5-4dc4-be5c-dcb269b3a771__ep2:qa:533,9c553886-83c5-4dc4-be5c-dcb269b3a771__ep2,test,5520,5539,Labeling and processing cardboard pieces,Labeling cardboard pieces,Positioning cardboard pieces,0.0018942994065582752,0
dense_20f_stride10:9c553886-83c5-4dc4-be5c-dcb269b3a771__ep2:qa:534,9c553886-83c5-4dc4-be5c-dcb269b3a771__ep2,test,5530,5549,Labeling and processing cardboard pieces,Labeling cardboard pieces,Positioning cardboard pieces,0.001855244510807097,0
dense_20f_stride10:9c553886-83c5-4dc4-be5c-dcb269b3a771__ep2:qa:535,9c553886-83c5-4dc4-be5c-dcb269b3a771__ep2,test,5540,5559,Labeling and processing cardboard pieces,Labeling cardboard pieces,Manipulate paper piece,0.0018581411568447948,0
dense_20f_stride10:9c553886-83c5-4dc4-be5c-dcb269b3a771__ep2:qa:536,9c553886-83c5-4dc4-be5c-dcb269b3a771__ep2,test,5550,5569,Labeling and processing cardboard pieces,Labeling cardboard pieces,Positioning cardboard pieces,0.001924702082760632,0
dense_20f_stride10:9c553886-83c5-4dc4-be5c-dcb269b3a771__ep2:qa:537,9c553886-83c5-4dc4-be5c-dcb269b3a771__ep2,test,5560,5579,Labeling and processing cardboard pieces,Labeling cardboard pieces,Positioning cardboard pieces,0.0019279930274933577,0
dense_20f_stride10:9c553886-83c5-4dc4-be5c-dcb269b3a771__ep2:qa:538,9c553886-83c5-4dc4-be5c-dcb269b3a771__ep2,test,5570,5589,Labeling and processing cardboard pieces,Labeling cardboard pieces,Positioning cardboard pieces,0.0018906538607552648,0
dense_20f_stride10:9c553886-83c5-4dc4-be5c-dcb269b3a771__ep2:qa:539,9c553886-83c5-4dc4-be5c-dcb269b3a771__ep2,test,5580,5599,Labeling and processing cardboard pieces,Labeling cardboard pieces,Positioning cardboard pieces,0.001956924330443144,0
dense_20f_stride10:9c553886-83c5-4dc4-be5c-dcb269b3a771__ep2:qa:540,9c553886-83c5-4dc4-be5c-dcb269b3a771__ep2,test,5590,5609,Labeling and processing cardboard pieces,Labeling cardboard pieces,Positioning cardboard pieces,0.0018326351419091225,0
dense_20f_stride10:9c553886-83c5-4dc4-be5c-dcb269b3a771__ep2:qa:544,9c553886-83c5-4dc4-be5c-dcb269b3a771__ep2,test,5640,5659,Labeling and processing cardboard pieces,Labeling cardboard pieces,Positioning cardboard pieces,0.0019115493632853031,0
dense_20f_stride10:9c553886-83c5-4dc4-be5c-dcb269b3a771__ep2:qa:545,9c553886-83c5-4dc4-be5c-dcb269b3a771__ep2,test,5650,5669,Labeling and processing cardboard pieces,Labeling cardboard pieces,Positioning cardboard pieces,0.0018602226627990603,0
dense_20f_stride10:9c553886-83c5-4dc4-be5c-dcb269b3a771__ep2:qa:546,9c553886-83c5-4dc4-be5c-dcb269b3a771__ep2,test,5660,5679,Labeling and processing cardboard pieces,Labeling cardboard pieces,Positioning cardboard pieces,0.0018931239610537887,0
dense_20f_stride10:9c553886-83c5-4dc4-be5c-dcb269b3a771__ep2:qa:547,9c553886-83c5-4dc4-be5c-dcb269b3a771__ep2,test,5670,5689,Labeling and processing cardboard pieces,Observing and pausing,Positioning cardboard pieces,0.0019818819127976894,0
dense_20f_stride10:9c553886-83c5-4dc4-be5c-dcb269b3a771__ep2:qa:548,9c553886-83c5-4dc4-be5c-dcb269b3a771__ep2,test,5680,5699,Labeling and processing cardboard pieces,Observing and pausing,Finalizing marks on cardboard,0.0019188087899237871,0
dense_20f_stride10:9c553886-83c5-4dc4-be5c-dcb269b3a771__ep2:qa:549,9c553886-83c5-4dc4-be5c-dcb269b3a771__ep2,test,5690,5709,Labeling and processing cardboard pieces,Observing and pausing,Positioning cardboard pieces,0.0018804443534463644,0
dense_20f_stride10:9c553886-83c5-4dc4-be5c-dcb269b3a771__ep2:qa:550,9c553886-83c5-4dc4-be5c-dcb269b3a771__ep2,test,5700,5719,Labeling and processing cardboard pieces,Observing and pausing,Organizing cardboard pieces,0.0019662531558424234,0
dense_20f_stride10:9c553886-83c5-4dc4-be5c-dcb269b3a771__ep2:qa:551,9c553886-83c5-4dc4-be5c-dcb269b3a771__ep2,test,5710,5729,Labeling and processing cardboard pieces,Observing and pausing,Positioning cardboard pieces,0.0019290833733975887,0
dense_20f_stride10:9c553886-83c5-4dc4-be5c-dcb269b3a771__ep2:qa:552,9c553886-83c5-4dc4-be5c-dcb269b3a771__ep2,test,5720,5739,Labeling and processing cardboard pieces,Observing and pausing,Finalizing marks on cardboard,0.0021824336145073175,0
dense_20f_stride10:9c553886-83c5-4dc4-be5c-dcb269b3a771__ep2:qa:559,9c553886-83c5-4dc4-be5c-dcb269b3a771__ep2,test,5800,5819,Labeling and processing cardboard pieces,Observing and pausing,Positioning cardboard pieces,0.0018984760390594602,0
dense_20f_stride10:9c553886-83c5-4dc4-be5c-dcb269b3a771__ep2:qa:560,9c553886-83c5-4dc4-be5c-dcb269b3a771__ep2,test,5810,5829,Labeling and processing cardboard pieces,Observing and pausing,Labeling and switching markers,0.0019147429848089814,0
dense_20f_stride10:9c553886-83c5-4dc4-be5c-dcb269b3a771__ep2:qa:561,9c553886-83c5-4dc4-be5c-dcb269b3a771__ep2,test,5820,5839,Labeling and processing cardboard pieces,Observing and pausing,Positioning cardboard pieces,0.0019440875621512532,0
dense_20f_stride10:34f07a04-eb37-45a3-95ec-189ed5f4a85b__ep5:qa:0,34f07a04-eb37-45a3-95ec-189ed5f4a85b__ep5,test,0,19,Stocking shelves in a retail store,Placing canned goods on the shelf,Picking and stocking items from container,0.0021859006956219673,0
dense_20f_stride10:34f07a04-eb37-45a3-95ec-189ed5f4a85b__ep5:qa:1,34f07a04-eb37-45a3-95ec-189ed5f4a85b__ep5,test,10,29,Stocking shelves in a retail store,Placing canned goods on the shelf,Picking and stocking items from container,0.0021235591266304255,0
dense_20f_stride10:34f07a04-eb37-45a3-95ec-189ed5f4a85b__ep5:qa:2,34f07a04-eb37-45a3-95ec-189ed5f4a85b__ep5,test,20,39,Stocking shelves in a retail store,Placing canned goods on the shelf,Picking and stocking items from container,0.0021861260756850243,0
dense_20f_stride10:34f07a04-eb37-45a3-95ec-189ed5f4a85b__ep5:qa:3,34f07a04-eb37-45a3-95ec-189ed5f4a85b__ep5,test,30,49,Stocking shelves in a retail store,Placing canned goods on the shelf,Picking and stocking items from container,0.002129817847162485,0
dense_20f_stride10:34f07a04-eb37-45a3-95ec-189ed5f4a85b__ep5:qa:4,34f07a04-eb37-45a3-95ec-189ed5f4a85b__ep5,test,40,59,Stocking shelves in a retail store,Placing canned goods on the shelf,Picking and stocking items from container,0.0021240285132080317,0
dense_20f_stride10:34f07a04-eb37-45a3-95ec-189ed5f4a85b__ep5:qa:23,34f07a04-eb37-45a3-95ec-189ed5f4a85b__ep5,test,240,259,Stocking shelves in a retail store,Placing canned goods on the shelf,Stocking items and carrying container,0.0021576436702162027,0
dense_20f_stride10:34f07a04-eb37-45a3-95ec-189ed5f4a85b__ep5:qa:24,34f07a04-eb37-45a3-95ec-189ed5f4a85b__ep5,test,250,269,Stocking shelves in a retail store,Placing canned goods on the shelf,Stocking items and carrying container,0.0020741696935147047,0
dense_20f_stride10:34f07a04-eb37-45a3-95ec-189ed5f4a85b__ep5:qa:25,34f07a04-eb37-45a3-95ec-189ed5f4a85b__ep5,test,260,279,Stocking shelves in a retail store,Placing canned goods on the shelf,Stocking items and carrying container,0.0021677061449736357,0
dense_20f_stride10:34f07a04-eb37-45a3-95ec-189ed5f4a85b__ep5:qa:26,34f07a04-eb37-45a3-95ec-189ed5f4a85b__ep5,test,270,289,Stocking shelves in a retail store,Placing canned goods on the shelf,Stocking items and carrying container,0.002079162746667862,0
dense_20f_stride10:34f07a04-eb37-45a3-95ec-189ed5f4a85b__ep5:qa:27,34f07a04-eb37-45a3-95ec-189ed5f4a85b__ep5,test,280,299,Stocking shelves in a retail store,Placing canned goods on the shelf,Stocking items and carrying container,0.002144074300304055,0
dense_20f_stride10:34f07a04-eb37-45a3-95ec-189ed5f4a85b__ep5:qa:120,34f07a04-eb37-45a3-95ec-189ed5f4a85b__ep5,test,1280,1299,Stocking shelves in a retail store,Reaching into the box for more stock,Handling shipping box,0.002133796224370599,0
dense_20f_stride10:34f07a04-eb37-45a3-95ec-189ed5f4a85b__ep5:qa:121,34f07a04-eb37-45a3-95ec-189ed5f4a85b__ep5,test,1290,1309,Stocking shelves in a retail store,Reaching into the box for more stock,Stocking items and carrying container,0.0020606080070137978,0
dense_20f_stride10:34f07a04-eb37-45a3-95ec-189ed5f4a85b__ep5:qa:122,34f07a04-eb37-45a3-95ec-189ed5f4a85b__ep5,test,1300,1319,Stocking shelves in a retail store,Reaching into the box for more stock,Moving container and stocking items,0.002141473116353154,0
dense_20f_stride10:34f07a04-eb37-45a3-95ec-189ed5f4a85b__ep5:qa:123,34f07a04-eb37-45a3-95ec-189ed5f4a85b__ep5,test,1310,1329,Stocking shelves in a retail store,Reaching into the box for more stock,Moving container and stocking items,0.002019166946411133,0
dense_20f_stride10:34f07a04-eb37-45a3-95ec-189ed5f4a85b__ep5:qa:124,34f07a04-eb37-45a3-95ec-189ed5f4a85b__ep5,test,1320,1339,Stocking shelves in a retail store,Reaching into the box for more stock,Moving container and stocking items,0.0022308900952339172,0
dense_20f_stride10:34f07a04-eb37-45a3-95ec-189ed5f4a85b__ep5:qa:131,34f07a04-eb37-45a3-95ec-189ed5f4a85b__ep5,test,1400,1419,Stocking shelves in a retail store,Reaching into the box for more stock,Moving container and stocking items,0.0020458786748349667,0
dense_20f_stride10:34f07a04-eb37-45a3-95ec-189ed5f4a85b__ep5:qa:132,34f07a04-eb37-45a3-95ec-189ed5f4a85b__ep5,test,1410,1429,Stocking shelves in a retail store,Reaching into the box for more stock,Moving container and stocking items,0.002017577411606908,0
dense_20f_stride10:34f07a04-eb37-45a3-95ec-189ed5f4a85b__ep5:qa:133,34f07a04-eb37-45a3-95ec-189ed5f4a85b__ep5,test,1420,1439,Stocking shelves in a retail store,Reaching into the box for more stock,Handling shipping box,0.0020357659086585045,0
dense_20f_stride10:34f07a04-eb37-45a3-95ec-189ed5f4a85b__ep5:qa:134,34f07a04-eb37-45a3-95ec-189ed5f4a85b__ep5,test,1430,1449,Stocking shelves in a retail store,Reaching into the box for more stock,Moving container and stocking items,0.0021833248902112246,0
dense_20f_stride10:34f07a04-eb37-45a3-95ec-189ed5f4a85b__ep5:qa:135,34f07a04-eb37-45a3-95ec-189ed5f4a85b__ep5,test,1440,1459,Stocking shelves in a retail store,Reaching into the box for more stock,Moving container and stocking items,0.0020664844196289778,0
dense_20f_stride10:34f07a04-eb37-45a3-95ec-189ed5f4a85b__ep5:qa:136,34f07a04-eb37-45a3-95ec-189ed5f4a85b__ep5,test,1450,1469,Stocking shelves in a retail store,Reaching into the box for more stock,Moving container and stocking items,0.00199321866966784,0
dense_20f_stride10:34f07a04-eb37-45a3-95ec-189ed5f4a85b__ep5:qa:154,34f07a04-eb37-45a3-95ec-189ed5f4a85b__ep5,test,1640,1659,Stocking shelves in a retail store,Reaching into the box for more stock,Moving container and stocking items,0.0020577656105160713,0
dense_20f_stride10:34f07a04-eb37-45a3-95ec-189ed5f4a85b__ep5:qa:155,34f07a04-eb37-45a3-95ec-189ed5f4a85b__ep5,test,1650,1669,Stocking shelves in a retail store,Picking up and placing canned goods,Placing items on shelf,0.001992453122511506,0
dense_20f_stride10:34f07a04-eb37-45a3-95ec-189ed5f4a85b__ep5:qa:156,34f07a04-eb37-45a3-95ec-189ed5f4a85b__ep5,test,1660,1679,Stocking shelves in a retail store,Picking up and placing canned goods,Moving container and stocking items,0.002069873036816716,0
dense_20f_stride10:34f07a04-eb37-45a3-95ec-189ed5f4a85b__ep5:qa:157,34f07a04-eb37-45a3-95ec-189ed5f4a85b__ep5,test,1670,1689,Stocking shelves in a retail store,Picking up and placing canned goods,Cut newspaper,0.002021771389991045,0
dense_20f_stride10:34f07a04-eb37-45a3-95ec-189ed5f4a85b__ep5:qa:158,34f07a04-eb37-45a3-95ec-189ed5f4a85b__ep5,test,1680,1699,Stocking shelves in a retail store,Picking up and placing canned goods,Moving container and stocking items,0.0020892403554171324,0
dense_20f_stride10:34f07a04-eb37-45a3-95ec-189ed5f4a85b__ep5:qa:169,34f07a04-eb37-45a3-95ec-189ed5f4a85b__ep5,test,1800,1819,Stocking shelves in a retail store,Picking up and placing canned goods,Stocking items and reaching for container,0.0020356825552880764,0
dense_20f_stride10:34f07a04-eb37-45a3-95ec-189ed5f4a85b__ep5:qa:170,34f07a04-eb37-45a3-95ec-189ed5f4a85b__ep5,test,1810,1829,Stocking shelves in a retail store,Picking up and placing canned goods,Preparing container on shelf,0.0019714084919542074,0
dense_20f_stride10:34f07a04-eb37-45a3-95ec-189ed5f4a85b__ep5:qa:171,34f07a04-eb37-45a3-95ec-189ed5f4a85b__ep5,test,1820,1839,Stocking shelves in a retail store,Picking up and placing canned goods,Moving container and stocking items,0.002107578096911311,0
dense_20f_stride10:34f07a04-eb37-45a3-95ec-189ed5f4a85b__ep5:qa:172,34f07a04-eb37-45a3-95ec-189ed5f4a85b__ep5,test,1830,1849,Stocking shelves in a retail store,unknown,Placing items on shelf,0.0019602652173489332,0
dense_20f_stride10:34f07a04-eb37-45a3-95ec-189ed5f4a85b__ep5:qa:173,34f07a04-eb37-45a3-95ec-189ed5f4a85b__ep5,test,1840,1859,Stocking shelves in a retail store,unknown,Placing items and transitioning,0.0021217428147792816,0
dense_20f_stride10:34f07a04-eb37-45a3-95ec-189ed5f4a85b__ep5:qa:199,34f07a04-eb37-45a3-95ec-189ed5f4a85b__ep5,test,2120,2139,Stocking shelves in a retail store,Placing and retrieving canned goods,Stocking items and reaching for container,0.0020573087967932224,0
dense_20f_stride10:34f07a04-eb37-45a3-95ec-189ed5f4a85b__ep5:qa:200,34f07a04-eb37-45a3-95ec-189ed5f4a85b__ep5,test,2130,2149,Stocking shelves in a retail store,Placing and retrieving canned goods,Moving container and stocking items,0.002136777387931943,0
dense_20f_stride10:34f07a04-eb37-45a3-95ec-189ed5f4a85b__ep5:qa:201,34f07a04-eb37-45a3-95ec-189ed5f4a85b__ep5,test,2140,2159,Stocking shelves in a retail store,Placing and retrieving canned goods,Stocking items and reaching for container,0.002156645990908146,0
dense_20f_stride10:34f07a04-eb37-45a3-95ec-189ed5f4a85b__ep5:qa:202,34f07a04-eb37-45a3-95ec-189ed5f4a85b__ep5,test,2150,2169,Stocking shelves in a retail store,Placing and retrieving canned goods,Stocking items and reaching for container,0.002105266787111759,0
dense_20f_stride10:34f07a04-eb37-45a3-95ec-189ed5f4a85b__ep5:qa:203,34f07a04-eb37-45a3-95ec-189ed5f4a85b__ep5,test,2160,2179,Stocking shelves in a retail store,Placing and retrieving canned goods,Moving container and stocking items,0.00208194088190794,0
dense_20f_stride10:34f07a04-eb37-45a3-95ec-189ed5f4a85b__ep5:qa:265,34f07a04-eb37-45a3-95ec-189ed5f4a85b__ep5,test,2800,2819,Stocking shelves in a retail store,Aligning canned goods on the shelf,Placing container on floor,0.002135795308277011,0
dense_20f_stride10:34f07a04-eb37-45a3-95ec-189ed5f4a85b__ep5:qa:266,34f07a04-eb37-45a3-95ec-189ed5f4a85b__ep5,test,2810,2829,Stocking shelves in a retail store,Aligning canned goods on the shelf,Placing container on floor,0.0020561134442687035,0
dense_20f_stride10:34f07a04-eb37-45a3-95ec-189ed5f4a85b__ep5:qa:267,34f07a04-eb37-45a3-95ec-189ed5f4a85b__ep5,test,2820,2839,Stocking shelves in a retail store,Aligning canned goods on the shelf,Placing container on floor,0.00224225502461195,0
dense_20f_stride10:34f07a04-eb37-45a3-95ec-189ed5f4a85b__ep5:qa:268,34f07a04-eb37-45a3-95ec-189ed5f4a85b__ep5,test,2830,2849,Stocking shelves in a retail store,Stocking multiple cans on the shelf,Placing container on floor,0.0021270238794386387,0
dense_20f_stride10:34f07a04-eb37-45a3-95ec-189ed5f4a85b__ep5:qa:269,34f07a04-eb37-45a3-95ec-189ed5f4a85b__ep5,test,2840,2859,Stocking shelves in a retail store,Stocking multiple cans on the shelf,Placing container on floor,0.002068813657388091,0
dense_20f_stride10:34f07a04-eb37-45a3-95ec-189ed5f4a85b__ep5:qa:270,34f07a04-eb37-45a3-95ec-189ed5f4a85b__ep5,test,2850,2869,Stocking shelves in a retail store,Stocking multiple cans on the shelf,Preparing container on shelf,0.0019415648421272635,0
dense_20f_stride10:34f07a04-eb37-45a3-95ec-189ed5f4a85b__ep5:qa:291,34f07a04-eb37-45a3-95ec-189ed5f4a85b__ep5,test,3080,3099,Stocking shelves in a retail store,Stocking multiple cans on the shelf,Preparing container on shelf,0.0020298724994063377,0
dense_20f_stride10:34f07a04-eb37-45a3-95ec-189ed5f4a85b__ep5:qa:292,34f07a04-eb37-45a3-95ec-189ed5f4a85b__ep5,test,3090,3109,Stocking shelves in a retail store,Stocking multiple cans on the shelf,Preparing container on shelf,0.0019224047427996993,0
dense_20f_stride10:34f07a04-eb37-45a3-95ec-189ed5f4a85b__ep5:qa:293,34f07a04-eb37-45a3-95ec-189ed5f4a85b__ep5,test,3100,3119,Stocking shelves in a retail store,Stocking multiple cans on the shelf,Preparing container on shelf,0.0020238684955984354,0
dense_20f_stride10:34f07a04-eb37-45a3-95ec-189ed5f4a85b__ep5:qa:294,34f07a04-eb37-45a3-95ec-189ed5f4a85b__ep5,test,3110,3129,Stocking shelves in a retail store,Stocking multiple cans on the shelf,Preparing container on shelf,0.0020355829037725925,0
dense_20f_stride10:34f07a04-eb37-45a3-95ec-189ed5f4a85b__ep5:qa:295,34f07a04-eb37-45a3-95ec-189ed5f4a85b__ep5,test,3120,3139,Stocking shelves in a retail store,Stocking multiple cans on the shelf,Preparing container on shelf,0.002102416241541505,0
dense_20f_stride10:34f07a04-eb37-45a3-95ec-189ed5f4a85b__ep5:qa:302,34f07a04-eb37-45a3-95ec-189ed5f4a85b__ep5,test,3200,3219,Stocking shelves in a retail store,Stocking multiple cans on the shelf,Preparing container on shelf,0.002061871811747551,0
dense_20f_stride10:34f07a04-eb37-45a3-95ec-189ed5f4a85b__ep5:qa:303,34f07a04-eb37-45a3-95ec-189ed5f4a85b__ep5,test,3210,3229,Stocking shelves in a retail store,Stocking multiple cans on the shelf,Preparing container on shelf,0.0020777257159352303,0
dense_20f_stride10:34f07a04-eb37-45a3-95ec-189ed5f4a85b__ep5:qa:304,34f07a04-eb37-45a3-95ec-189ed5f4a85b__ep5,test,3220,3239,Stocking shelves in a retail store,Stocking multiple cans on the shelf,Inspecting and approaching shelf,0.002042862819507718,0
dense_20f_stride10:34f07a04-eb37-45a3-95ec-189ed5f4a85b__ep5:qa:305,34f07a04-eb37-45a3-95ec-189ed5f4a85b__ep5,test,3230,3249,Stocking shelves in a retail store,Stocking multiple cans on the shelf,Preparing container on shelf,0.0020399694330990314,0
dense_20f_stride10:34f07a04-eb37-45a3-95ec-189ed5f4a85b__ep5:qa:306,34f07a04-eb37-45a3-95ec-189ed5f4a85b__ep5,test,3240,3259,Stocking shelves in a retail store,Stocking multiple cans on the shelf,Preparing container on shelf,0.0020945968572050333,0
dense_20f_stride10:34f07a04-eb37-45a3-95ec-189ed5f4a85b__ep5:qa:313,34f07a04-eb37-45a3-95ec-189ed5f4a85b__ep5,test,3320,3339,Stocking shelves in a retail store,Placing canned goods on the shelf,Organizing canned goods in container,0.002040700986981392,0
dense_20f_stride10:34f07a04-eb37-45a3-95ec-189ed5f4a85b__ep5:qa:314,34f07a04-eb37-45a3-95ec-189ed5f4a85b__ep5,test,3330,3349,Stocking shelves in a retail store,Placing canned goods on the shelf,Preparing container on shelf,0.0020348932594060898,0
dense_20f_stride10:34f07a04-eb37-45a3-95ec-189ed5f4a85b__ep5:qa:315,34f07a04-eb37-45a3-95ec-189ed5f4a85b__ep5,test,3340,3359,Stocking shelves in a retail store,Placing canned goods on the shelf,Preparing container on shelf,0.002116716466844082,0
dense_20f_stride10:34f07a04-eb37-45a3-95ec-189ed5f4a85b__ep5:qa:316,34f07a04-eb37-45a3-95ec-189ed5f4a85b__ep5,test,3350,3369,Stocking shelves in a retail store,Placing canned goods on the shelf,Moving container and stocking items,0.0020165604073554277,0
dense_20f_stride10:34f07a04-eb37-45a3-95ec-189ed5f4a85b__ep5:qa:317,34f07a04-eb37-45a3-95ec-189ed5f4a85b__ep5,test,3360,3379,Stocking shelves in a retail store,Placing canned goods on the shelf,Organizing canned goods in container,0.002058010781183839,0
dense_20f_stride10:34f07a04-eb37-45a3-95ec-189ed5f4a85b__ep5:qa:359,34f07a04-eb37-45a3-95ec-189ed5f4a85b__ep5,test,3800,3819,Stocking shelves in a retail store,Adjusting stock and finishing placement,Adjusting items on shelf,0.002015102421864867,0
dense_20f_stride10:34f07a04-eb37-45a3-95ec-189ed5f4a85b__ep5:qa:360,34f07a04-eb37-45a3-95ec-189ed5f4a85b__ep5,test,3810,3829,Stocking shelves in a retail store,Adjusting stock and finishing placement,Preparing container on shelf,0.0020318308379501104,0
dense_20f_stride10:34f07a04-eb37-45a3-95ec-189ed5f4a85b__ep5:qa:361,34f07a04-eb37-45a3-95ec-189ed5f4a85b__ep5,test,3820,3839,Stocking shelves in a retail store,Adjusting stock and finishing placement,Placing container on floor,0.002084062434732914,0
dense_20f_stride10:34f07a04-eb37-45a3-95ec-189ed5f4a85b__ep5:qa:362,34f07a04-eb37-45a3-95ec-189ed5f4a85b__ep5,test,3830,3849,Stocking shelves in a retail store,Adjusting stock and finishing placement,Organizing canned goods in container,0.0019478915492072701,0
dense_20f_stride10:34f07a04-eb37-45a3-95ec-189ed5f4a85b__ep5:qa:363,34f07a04-eb37-45a3-95ec-189ed5f4a85b__ep5,test,3840,3859,Stocking shelves in a retail store,Adjusting stock and finishing placement,Preparing container on shelf,0.00208350014872849,0
dense_20f_stride10:34f07a04-eb37-45a3-95ec-189ed5f4a85b__ep5:qa:364,34f07a04-eb37-45a3-95ec-189ed5f4a85b__ep5,test,3850,3869,Stocking shelves in a retail store,Adjusting stock and finishing placement,Preparing container on shelf,0.0019811494275927544,0
dense_20f_stride10:34f07a04-eb37-45a3-95ec-189ed5f4a85b__ep5:qa:374,34f07a04-eb37-45a3-95ec-189ed5f4a85b__ep5,test,3960,3979,Stocking shelves in a retail store,Finalizing shelf organization,Preparing container on shelf,0.0020934659987688065,0
dense_20f_stride10:34f07a04-eb37-45a3-95ec-189ed5f4a85b__ep5:qa:375,34f07a04-eb37-45a3-95ec-189ed5f4a85b__ep5,test,3970,3989,Stocking shelves in a retail store,Finalizing shelf organization,Organizing canned goods in container,0.0021038795821368694,0
dense_20f_stride10:34f07a04-eb37-45a3-95ec-189ed5f4a85b__ep5:qa:376,34f07a04-eb37-45a3-95ec-189ed5f4a85b__ep5,test,3980,3999,Stocking shelves in a retail store,Finalizing shelf organization,Preparing container on shelf,0.002034981967881322,0
dense_20f_stride10:34f07a04-eb37-45a3-95ec-189ed5f4a85b__ep5:qa:388,34f07a04-eb37-45a3-95ec-189ed5f4a85b__ep5,test,4120,4139,Stocking shelves in a retail store,Finalizing shelf organization,Removing and discarding damaged items,0.0020745170768350363,0
dense_20f_stride10:34f07a04-eb37-45a3-95ec-189ed5f4a85b__ep5:qa:389,34f07a04-eb37-45a3-95ec-189ed5f4a85b__ep5,test,4130,4149,Stocking shelves in a retail store,Finalizing shelf organization,Stocking products from bin onto shelf,0.0020025528501719236,0
dense_20f_stride10:34f07a04-eb37-45a3-95ec-189ed5f4a85b__ep5:qa:390,34f07a04-eb37-45a3-95ec-189ed5f4a85b__ep5,test,4140,4159,Stocking shelves in a retail store,Finalizing shelf organization,Stocking products from bin onto shelf,0.0020703074987977743,0
dense_20f_stride10:34f07a04-eb37-45a3-95ec-189ed5f4a85b__ep5:qa:391,34f07a04-eb37-45a3-95ec-189ed5f4a85b__ep5,test,4150,4169,Stocking shelves in a retail store,Finalizing shelf organization,Stocking products from bin onto shelf,0.002003735164180398,0
dense_20f_stride10:34f07a04-eb37-45a3-95ec-189ed5f4a85b__ep5:qa:392,34f07a04-eb37-45a3-95ec-189ed5f4a85b__ep5,test,4160,4179,Stocking shelves in a retail store,Finalizing shelf organization,Stocking products from bin onto shelf,0.0020953824277967215,0
dense_20f_stride10:34f07a04-eb37-45a3-95ec-189ed5f4a85b__ep5:qa:411,34f07a04-eb37-45a3-95ec-189ed5f4a85b__ep5,test,4360,4379,Stocking shelves in a retail store,Handling earbud case,Finalizing shelf placement and moving bin,0.0019464391516521573,0
dense_20f_stride10:34f07a04-eb37-45a3-95ec-189ed5f4a85b__ep5:qa:412,34f07a04-eb37-45a3-95ec-189ed5f4a85b__ep5,test,4370,4389,Stocking shelves in a retail store,Handling earbud case,Preparing container on shelf,0.002116314833983779,0
dense_20f_stride10:34f07a04-eb37-45a3-95ec-189ed5f4a85b__ep5:qa:413,34f07a04-eb37-45a3-95ec-189ed5f4a85b__ep5,test,4380,4399,Stocking shelves in a retail store,Handling earbud case,Preparing container on shelf,0.0021717690397053957,0
dense_20f_stride10:34f07a04-eb37-45a3-95ec-189ed5f4a85b__ep5:qa:414,34f07a04-eb37-45a3-95ec-189ed5f4a85b__ep5,test,4400,4419,Stocking shelves in a retail store,Handling earbud case,Preparing container on shelf,0.0021496079862117767,0
dense_20f_stride10:34f07a04-eb37-45a3-95ec-189ed5f4a85b__ep5:qa:415,34f07a04-eb37-45a3-95ec-189ed5f4a85b__ep5,test,4410,4429,Stocking shelves in a retail store,Handling earbud case,Finalizing shelf placement and moving bin,0.0020572880748659372,0
dense_20f_stride10:34f07a04-eb37-45a3-95ec-189ed5f4a85b__ep5:qa:416,34f07a04-eb37-45a3-95ec-189ed5f4a85b__ep5,test,4420,4439,Stocking shelves in a retail store,Handling earbud case,Sweeping floor debris,0.0020624755416065454,0
dense_20f_stride10:34f07a04-eb37-45a3-95ec-189ed5f4a85b__ep5:qa:417,34f07a04-eb37-45a3-95ec-189ed5f4a85b__ep5,test,4430,4449,Stocking shelves in a retail store,Handling earbud case,Preparing container on shelf,0.0020061510149389505,0
dense_20f_stride10:34f07a04-eb37-45a3-95ec-189ed5f4a85b__ep5:qa:418,34f07a04-eb37-45a3-95ec-189ed5f4a85b__ep5,test,4440,4459,Stocking shelves in a retail store,Handling earbud case,Preparing container on shelf,0.0020187876652926207,0
dense_20f_stride10:34f07a04-eb37-45a3-95ec-189ed5f4a85b__ep5:qa:419,34f07a04-eb37-45a3-95ec-189ed5f4a85b__ep5,test,4450,4469,Stocking shelves in a retail store,Handling earbud case,Placing container on floor,0.0020052131731063128,0
dense_20f_stride10:34f07a04-eb37-45a3-95ec-189ed5f4a85b__ep5:qa:445,34f07a04-eb37-45a3-95ec-189ed5f4a85b__ep5,test,4720,4739,Stocking shelves in a retail store,Checking smartphone,Finalizing shelf placement and moving bin,0.0021512159146368504,0
dense_20f_stride10:34f07a04-eb37-45a3-95ec-189ed5f4a85b__ep5:qa:446,34f07a04-eb37-45a3-95ec-189ed5f4a85b__ep5,test,4730,4749,Stocking shelves in a retail store,Checking smartphone,Preparing container on shelf,0.0021870865020900965,0
dense_20f_stride10:34f07a04-eb37-45a3-95ec-189ed5f4a85b__ep5:qa:447,34f07a04-eb37-45a3-95ec-189ed5f4a85b__ep5,test,4740,4759,Stocking shelves in a retail store,Checking smartphone,Finalizing shelf placement and moving bin,0.002142552984878421,0
dense_20f_stride10:34f07a04-eb37-45a3-95ec-189ed5f4a85b__ep5:qa:448,34f07a04-eb37-45a3-95ec-189ed5f4a85b__ep5,test,4750,4769,Stocking shelves in a retail store,Checking smartphone,Finalizing shelf placement and moving bin,0.0021262813825160265,0
dense_20f_stride10:34f07a04-eb37-45a3-95ec-189ed5f4a85b__ep5:qa:449,34f07a04-eb37-45a3-95ec-189ed5f4a85b__ep5,test,4760,4779,Stocking shelves in a retail store,Checking smartphone,Finalizing shelf placement and moving bin,0.0022819144651293755,0
dense_20f_stride10:34f07a04-eb37-45a3-95ec-189ed5f4a85b__ep5:qa:452,34f07a04-eb37-45a3-95ec-189ed5f4a85b__ep5,test,4800,4819,Stocking shelves in a retail store,Checking smartphone,Reaching for products,0.002165217185392976,0
dense_20f_stride10:34f07a04-eb37-45a3-95ec-189ed5f4a85b__ep5:qa:453,34f07a04-eb37-45a3-95ec-189ed5f4a85b__ep5,test,4810,4829,Stocking shelves in a retail store,Checking smartphone,Preparing container on shelf,0.002082128543406725,0
dense_20f_stride10:34f07a04-eb37-45a3-95ec-189ed5f4a85b__ep5:qa:454,34f07a04-eb37-45a3-95ec-189ed5f4a85b__ep5,test,4820,4839,Stocking shelves in a retail store,Checking smartphone,Organizing canned goods in container,0.0020731091499328613,0
dense_20f_stride10:34f07a04-eb37-45a3-95ec-189ed5f4a85b__ep5:qa:455,34f07a04-eb37-45a3-95ec-189ed5f4a85b__ep5,test,4830,4849,Stocking shelves in a retail store,Checking smartphone,Preparing container on shelf,0.0020562822464853525,0
dense_20f_stride10:34f07a04-eb37-45a3-95ec-189ed5f4a85b__ep5:qa:456,34f07a04-eb37-45a3-95ec-189ed5f4a85b__ep5,test,4840,4859,Stocking shelves in a retail store,Checking smartphone,Finalizing shelf placement and moving bin,0.002158813178539276,0
dense_20f_stride10:34f07a04-eb37-45a3-95ec-189ed5f4a85b__ep5:qa:459,34f07a04-eb37-45a3-95ec-189ed5f4a85b__ep5,test,4880,4899,Stocking shelves in a retail store,Checking smartphone,Preparing container on shelf,0.0021031105425208807,0
dense_20f_stride10:34f07a04-eb37-45a3-95ec-189ed5f4a85b__ep5:qa:460,34f07a04-eb37-45a3-95ec-189ed5f4a85b__ep5,test,4890,4909,Stocking shelves in a retail store,Checking smartphone,Opening cardboard box,0.0019968505948781967,0
dense_20f_stride10:34f07a04-eb37-45a3-95ec-189ed5f4a85b__ep5:qa:461,34f07a04-eb37-45a3-95ec-189ed5f4a85b__ep5,test,4900,4919,Stocking shelves in a retail store,Checking smartphone,Finalizing shelf placement and moving bin,0.002059655962511897,0
dense_20f_stride10:b9dd769b-e31a-4fdb-945e-5a60db6487b0__ep2:qa:0,b9dd769b-e31a-4fdb-945e-5a60db6487b0__ep2,test,0,19,Sorting craft materials,Sort craft materials into piles,folding paper strips into stars,0.0019594794139266014,0
dense_20f_stride10:b9dd769b-e31a-4fdb-945e-5a60db6487b0__ep2:qa:1,b9dd769b-e31a-4fdb-945e-5a60db6487b0__ep2,test,10,29,Sorting craft materials,Sort craft materials into piles,folding paper strips into stars,0.0019588987343013287,0
dense_20f_stride10:b9dd769b-e31a-4fdb-945e-5a60db6487b0__ep2:qa:2,b9dd769b-e31a-4fdb-945e-5a60db6487b0__ep2,test,20,39,Sorting craft materials,Sort craft materials into piles,folding paper strips into stars,0.0019597038626670837,0
dense_20f_stride10:b9dd769b-e31a-4fdb-945e-5a60db6487b0__ep2:qa:3,b9dd769b-e31a-4fdb-945e-5a60db6487b0__ep2,test,30,49,Sorting craft materials,Sort craft materials into piles,folding paper strips into stars,0.0019612289033830166,0
dense_20f_stride10:b9dd769b-e31a-4fdb-945e-5a60db6487b0__ep2:qa:4,b9dd769b-e31a-4fdb-945e-5a60db6487b0__ep2,test,40,59,Sorting craft materials,Sort craft materials into piles,folding paper strips into stars,0.001958804205060005,0
dense_20f_stride10:b9dd769b-e31a-4fdb-945e-5a60db6487b0__ep2:qa:5,b9dd769b-e31a-4fdb-945e-5a60db6487b0__ep2,test,50,69,Sorting craft materials,Sort craft materials into piles,folding paper strips into stars,0.0019598982762545347,0
dense_20f_stride10:b9dd769b-e31a-4fdb-945e-5a60db6487b0__ep2:qa:6,b9dd769b-e31a-4fdb-945e-5a60db6487b0__ep2,test,60,79,Sorting craft materials,Sort craft materials into piles,folding paper strips into stars,0.001959796529263258,0
dense_20f_stride10:b9dd769b-e31a-4fdb-945e-5a60db6487b0__ep2:qa:7,b9dd769b-e31a-4fdb-945e-5a60db6487b0__ep2,test,70,89,Sorting craft materials,Sort craft materials into piles,folding paper strips into stars,0.0019645357970148325,0
dense_20f_stride10:b9dd769b-e31a-4fdb-945e-5a60db6487b0__ep2:qa:8,b9dd769b-e31a-4fdb-945e-5a60db6487b0__ep2,test,80,99,Sorting craft materials,Sort craft materials into piles,folding paper strips into stars,0.001961837522685528,0
dense_20f_stride10:b9dd769b-e31a-4fdb-945e-5a60db6487b0__ep2:qa:9,b9dd769b-e31a-4fdb-945e-5a60db6487b0__ep2,test,90,109,Sorting craft materials,Sort craft materials into piles,folding paper strips into stars,0.0019600740633904934,0
dense_20f_stride10:b9dd769b-e31a-4fdb-945e-5a60db6487b0__ep2:qa:10,b9dd769b-e31a-4fdb-945e-5a60db6487b0__ep2,test,100,119,Sorting craft materials,Sort craft materials into piles,folding paper strips into stars,0.0019603969994932413,0
dense_20f_stride10:b9dd769b-e31a-4fdb-945e-5a60db6487b0__ep2:qa:79,b9dd769b-e31a-4fdb-945e-5a60db6487b0__ep2,test,800,819,Sorting craft materials,Manipulate craft pieces,folding paper strips into stars,0.0019583208486437798,0
dense_20f_stride10:b9dd769b-e31a-4fdb-945e-5a60db6487b0__ep2:qa:80,b9dd769b-e31a-4fdb-945e-5a60db6487b0__ep2,test,810,829,Sorting craft materials,Manipulate craft pieces,folding paper strips into stars,0.0019583578687161207,0
dense_20f_stride10:b9dd769b-e31a-4fdb-945e-5a60db6487b0__ep2:qa:81,b9dd769b-e31a-4fdb-945e-5a60db6487b0__ep2,test,820,839,Sorting craft materials,Manipulate craft pieces,folding paper strips into stars,0.0019569811411201954,0
dense_20f_stride10:b9dd769b-e31a-4fdb-945e-5a60db6487b0__ep2:qa:82,b9dd769b-e31a-4fdb-945e-5a60db6487b0__ep2,test,830,849,Sorting craft materials,Manipulate craft pieces,folding paper strips into stars,0.0019573282916098833,0
dense_20f_stride10:b9dd769b-e31a-4fdb-945e-5a60db6487b0__ep2:qa:83,b9dd769b-e31a-4fdb-945e-5a60db6487b0__ep2,test,840,859,Sorting craft materials,Manipulate craft pieces,folding paper strips into stars,0.0019590191077440977,0
dense_20f_stride10:b9dd769b-e31a-4fdb-945e-5a60db6487b0__ep2:qa:84,b9dd769b-e31a-4fdb-945e-5a60db6487b0__ep2,test,850,869,Sorting craft materials,Manipulate craft pieces,folding paper strips into stars,0.0019535678438842297,0
dense_20f_stride10:b9dd769b-e31a-4fdb-945e-5a60db6487b0__ep2:qa:85,b9dd769b-e31a-4fdb-945e-5a60db6487b0__ep2,test,860,879,Sorting craft materials,Manipulate craft pieces,folding paper strips into stars,0.001957925036549568,0
dense_20f_stride10:b9dd769b-e31a-4fdb-945e-5a60db6487b0__ep2:qa:86,b9dd769b-e31a-4fdb-945e-5a60db6487b0__ep2,test,870,889,Sorting craft materials,Manipulate craft pieces,folding paper strips into stars,0.0019575951155275106,0
dense_20f_stride10:b9dd769b-e31a-4fdb-945e-5a60db6487b0__ep2:qa:87,b9dd769b-e31a-4fdb-945e-5a60db6487b0__ep2,test,880,899,Sorting craft materials,Manipulate craft pieces,folding paper strips into stars,0.0019565632101148367,0
dense_20f_stride10:b9dd769b-e31a-4fdb-945e-5a60db6487b0__ep2:qa:88,b9dd769b-e31a-4fdb-945e-5a60db6487b0__ep2,test,890,909,Sorting craft materials,Manipulate craft pieces,folding paper strips into stars,0.0019574544858187437,0
dense_20f_stride10:b9dd769b-e31a-4fdb-945e-5a60db6487b0__ep2:qa:89,b9dd769b-e31a-4fdb-945e-5a60db6487b0__ep2,test,900,919,Sorting craft materials,Manipulate craft pieces,folding paper strips into stars,0.0019570928998291492,0
dense_20f_stride10:b9dd769b-e31a-4fdb-945e-5a60db6487b0__ep2:qa:138,b9dd769b-e31a-4fdb-945e-5a60db6487b0__ep2,test,1400,1419,Sorting craft materials,Manipulate paper strips,folding paper strips into stars,0.0019546092953532934,0
dense_20f_stride10:b9dd769b-e31a-4fdb-945e-5a60db6487b0__ep2:qa:139,b9dd769b-e31a-4fdb-945e-5a60db6487b0__ep2,test,1410,1429,Sorting craft materials,Manipulate paper strips,folding paper strips into stars,0.0019499958725646138,0
dense_20f_stride10:b9dd769b-e31a-4fdb-945e-5a60db6487b0__ep2:qa:140,b9dd769b-e31a-4fdb-945e-5a60db6487b0__ep2,test,1420,1439,Sorting craft materials,Manipulate paper strips,folding paper strips into stars,0.0019525028765201569,0
dense_20f_stride10:b9dd769b-e31a-4fdb-945e-5a60db6487b0__ep2:qa:141,b9dd769b-e31a-4fdb-945e-5a60db6487b0__ep2,test,1430,1449,Sorting craft materials,Manipulate paper strips,folding paper strips into stars,0.0019508947152644396,0
dense_20f_stride10:b9dd769b-e31a-4fdb-945e-5a60db6487b0__ep2:qa:142,b9dd769b-e31a-4fdb-945e-5a60db6487b0__ep2,test,1440,1459,Sorting craft materials,Manipulate paper strips,folding paper strips into stars,0.0019548896234482527,0
dense_20f_stride10:b9dd769b-e31a-4fdb-945e-5a60db6487b0__ep2:qa:143,b9dd769b-e31a-4fdb-945e-5a60db6487b0__ep2,test,1450,1469,Sorting craft materials,Manipulate paper strips,folding paper strips into stars,0.0019516188185662031,0
dense_20f_stride10:b9dd769b-e31a-4fdb-945e-5a60db6487b0__ep2:qa:144,b9dd769b-e31a-4fdb-945e-5a60db6487b0__ep2,test,1460,1479,Sorting craft materials,Manipulate paper strips,folding paper strips into stars,0.0019734175875782967,0
dense_20f_stride10:b9dd769b-e31a-4fdb-945e-5a60db6487b0__ep2:qa:145,b9dd769b-e31a-4fdb-945e-5a60db6487b0__ep2,test,1470,1489,Sorting craft materials,Manipulate paper strips,folding paper strips into stars,0.0019535147584974766,0
dense_20f_stride10:b9dd769b-e31a-4fdb-945e-5a60db6487b0__ep2:qa:146,b9dd769b-e31a-4fdb-945e-5a60db6487b0__ep2,test,1480,1499,Sorting craft materials,Manipulate paper strips,folding paper strips into stars,0.0019497503526508808,0
dense_20f_stride10:b9dd769b-e31a-4fdb-945e-5a60db6487b0__ep2:qa:147,b9dd769b-e31a-4fdb-945e-5a60db6487b0__ep2,test,1490,1509,Sorting craft materials,Manipulate paper strips,folding paper strips into stars,0.0019530507270246744,0
dense_20f_stride10:b9dd769b-e31a-4fdb-945e-5a60db6487b0__ep2:qa:148,b9dd769b-e31a-4fdb-945e-5a60db6487b0__ep2,test,1500,1519,Sorting craft materials,Manipulate paper strips,folding paper strips into stars,0.0019526878604665399,0
dense_20f_stride10:b9dd769b-e31a-4fdb-945e-5a60db6487b0__ep2:qa:149,b9dd769b-e31a-4fdb-945e-5a60db6487b0__ep2,test,1510,1529,Sorting craft materials,Manipulate paper strips,folding paper strips into stars,0.0019508835393935442,0
dense_20f_stride10:b9dd769b-e31a-4fdb-945e-5a60db6487b0__ep2:qa:177,b9dd769b-e31a-4fdb-945e-5a60db6487b0__ep2,test,1800,1819,Sorting craft materials,Release scissors and operate smartphone,folding paper strips into stars,0.0019523600349202752,0
dense_20f_stride10:b9dd769b-e31a-4fdb-945e-5a60db6487b0__ep2:qa:178,b9dd769b-e31a-4fdb-945e-5a60db6487b0__ep2,test,1810,1829,Sorting craft materials,Release scissors and operate smartphone,folding paper strips into stars,0.0019478192552924156,0
dense_20f_stride10:b9dd769b-e31a-4fdb-945e-5a60db6487b0__ep2:qa:179,b9dd769b-e31a-4fdb-945e-5a60db6487b0__ep2,test,1820,1839,Sorting craft materials,Release scissors and operate smartphone,folding paper strips into stars,0.001952650840394199,0
dense_20f_stride10:b9dd769b-e31a-4fdb-945e-5a60db6487b0__ep2:qa:180,b9dd769b-e31a-4fdb-945e-5a60db6487b0__ep2,test,1830,1849,Sorting craft materials,Release scissors and operate smartphone,folding paper strips into stars,0.0019441766198724508,0
dense_20f_stride10:b9dd769b-e31a-4fdb-945e-5a60db6487b0__ep2:qa:181,b9dd769b-e31a-4fdb-945e-5a60db6487b0__ep2,test,1840,1859,Sorting craft materials,Release scissors and operate smartphone,folding paper strips into stars,0.0019463499775156379,0
dense_20f_stride10:b9dd769b-e31a-4fdb-945e-5a60db6487b0__ep2:qa:182,b9dd769b-e31a-4fdb-945e-5a60db6487b0__ep2,test,1850,1869,Sorting craft materials,Release scissors and operate smartphone,folding paper strips into stars,0.0019527551485225558,0
dense_20f_stride10:b9dd769b-e31a-4fdb-945e-5a60db6487b0__ep2:qa:183,b9dd769b-e31a-4fdb-945e-5a60db6487b0__ep2,test,1860,1879,Sorting craft materials,Release scissors and operate smartphone,folding paper strips into stars,0.0019543992821127176,0
dense_20f_stride10:b9dd769b-e31a-4fdb-945e-5a60db6487b0__ep2:qa:184,b9dd769b-e31a-4fdb-945e-5a60db6487b0__ep2,test,1880,1899,Sorting craft materials,Release scissors and operate smartphone,folding paper strips into stars,0.001954694278538227,0
dense_20f_stride10:b9dd769b-e31a-4fdb-945e-5a60db6487b0__ep2:qa:185,b9dd769b-e31a-4fdb-945e-5a60db6487b0__ep2,test,1890,1909,Sorting craft materials,Release scissors and operate smartphone,folding paper strips into stars,0.0019441712647676468,0
dense_20f_stride10:b9dd769b-e31a-4fdb-945e-5a60db6487b0__ep2:qa:186,b9dd769b-e31a-4fdb-945e-5a60db6487b0__ep2,test,1900,1919,Sorting craft materials,Release scissors and operate smartphone,folding paper strips into stars,0.0019472504500299692,0
dense_20f_stride10:b9dd769b-e31a-4fdb-945e-5a60db6487b0__ep2:qa:187,b9dd769b-e31a-4fdb-945e-5a60db6487b0__ep2,test,1910,1929,Sorting craft materials,Release scissors and operate smartphone,folding paper strips into stars,0.0019495157757773995,0
dense_20f_stride10:b9dd769b-e31a-4fdb-945e-5a60db6487b0__ep2:qa:188,b9dd769b-e31a-4fdb-945e-5a60db6487b0__ep2,test,1920,1939,Sorting craft materials,Release scissors and operate smartphone,folding paper strips into stars,0.001951145357452333,0
dense_20f_stride10:b9dd769b-e31a-4fdb-945e-5a60db6487b0__ep2:qa:189,b9dd769b-e31a-4fdb-945e-5a60db6487b0__ep2,test,1930,1949,Sorting craft materials,Release scissors and operate smartphone,folding paper strips into stars,0.001946156146004796,0
dense_20f_stride10:b9dd769b-e31a-4fdb-945e-5a60db6487b0__ep2:qa:190,b9dd769b-e31a-4fdb-945e-5a60db6487b0__ep2,test,1940,1959,Sorting craft materials,Release scissors and operate smartphone,folding paper strips into stars,0.0019517650362104177,0
dense_20f_stride10:b9dd769b-e31a-4fdb-945e-5a60db6487b0__ep2:qa:191,b9dd769b-e31a-4fdb-945e-5a60db6487b0__ep2,test,1950,1969,Sorting craft materials,Release scissors and operate smartphone,folding paper strips into stars,0.0019511881982907653,0
dense_20f_stride10:b9dd769b-e31a-4fdb-945e-5a60db6487b0__ep2:qa:192,b9dd769b-e31a-4fdb-945e-5a60db6487b0__ep2,test,1960,1979,Sorting craft materials,Release scissors and operate smartphone,folding paper strips into stars,0.0019495021551847458,0
dense_20f_stride10:b9dd769b-e31a-4fdb-945e-5a60db6487b0__ep2:qa:193,b9dd769b-e31a-4fdb-945e-5a60db6487b0__ep2,test,1970,1989,Sorting craft materials,Release scissors and operate smartphone,folding paper strips into stars,0.00195375201292336,0
dense_20f_stride10:b9dd769b-e31a-4fdb-945e-5a60db6487b0__ep2:qa:194,b9dd769b-e31a-4fdb-945e-5a60db6487b0__ep2,test,1980,1999,Sorting craft materials,Release scissors and operate smartphone,folding paper strips into stars,0.0019493413856253028,0
dense_20f_stride10:b9dd769b-e31a-4fdb-945e-5a60db6487b0__ep2:qa:223,b9dd769b-e31a-4fdb-945e-5a60db6487b0__ep2,test,2280,2299,Sorting craft materials,Operate and release smartphone,folding paper strips into stars,0.0019439569441601634,0
dense_20f_stride10:b9dd769b-e31a-4fdb-945e-5a60db6487b0__ep2:qa:224,b9dd769b-e31a-4fdb-945e-5a60db6487b0__ep2,test,2290,2309,Sorting craft materials,Manipulate paper strips,folding paper strips into stars,0.0019528022967278957,0
dense_20f_stride10:b9dd769b-e31a-4fdb-945e-5a60db6487b0__ep2:qa:225,b9dd769b-e31a-4fdb-945e-5a60db6487b0__ep2,test,2300,2319,Sorting craft materials,Manipulate paper strips,folding paper strips into stars,0.0019498657202348113,0
dense_20f_stride10:b9dd769b-e31a-4fdb-945e-5a60db6487b0__ep2:qa:226,b9dd769b-e31a-4fdb-945e-5a60db6487b0__ep2,test,2310,2329,Sorting craft materials,Manipulate paper strips,folding paper strips into stars,0.0019582912791520357,0
dense_20f_stride10:b9dd769b-e31a-4fdb-945e-5a60db6487b0__ep2:qa:227,b9dd769b-e31a-4fdb-945e-5a60db6487b0__ep2,test,2320,2339,Sorting craft materials,Manipulate paper strips,folding paper strips into stars,0.001953371800482273,0
dense_20f_stride10:b9dd769b-e31a-4fdb-945e-5a60db6487b0__ep2:qa:228,b9dd769b-e31a-4fdb-945e-5a60db6487b0__ep2,test,2330,2349,Sorting craft materials,Manipulate paper strips,folding paper strips into stars,0.0019549084827303886,0
dense_20f_stride10:b9dd769b-e31a-4fdb-945e-5a60db6487b0__ep2:qa:229,b9dd769b-e31a-4fdb-945e-5a60db6487b0__ep2,test,2340,2359,Sorting craft materials,Manipulate paper strips,folding paper strips into stars,0.0019558651838451624,0
dense_20f_stride10:b9dd769b-e31a-4fdb-945e-5a60db6487b0__ep2:qa:230,b9dd769b-e31a-4fdb-945e-5a60db6487b0__ep2,test,2350,2369,Sorting craft materials,Manipulate paper strips,folding paper strips into stars,0.0019531124271452427,0
dense_20f_stride10:b9dd769b-e31a-4fdb-945e-5a60db6487b0__ep2:qa:231,b9dd769b-e31a-4fdb-945e-5a60db6487b0__ep2,test,2360,2379,Sorting craft materials,Manipulate paper strips,folding paper strips into stars,0.0019519964698702097,0
dense_20f_stride10:b9dd769b-e31a-4fdb-945e-5a60db6487b0__ep2:qa:232,b9dd769b-e31a-4fdb-945e-5a60db6487b0__ep2,test,2370,2389,Sorting craft materials,Manipulate paper strips,folding paper strips into stars,0.001948574441485107,0
dense_20f_stride10:b9dd769b-e31a-4fdb-945e-5a60db6487b0__ep2:qa:233,b9dd769b-e31a-4fdb-945e-5a60db6487b0__ep2,test,2380,2399,Sorting craft materials,Manipulate paper strips,folding paper strips into stars,0.0019512927392497659,0
dense_20f_stride10:b9dd769b-e31a-4fdb-945e-5a60db6487b0__ep2:qa:234,b9dd769b-e31a-4fdb-945e-5a60db6487b0__ep2,test,2400,2419,Sorting craft materials,Manipulate paper strips,folding paper strips into stars,0.0019511007703840733,0
dense_20f_stride10:b9dd769b-e31a-4fdb-945e-5a60db6487b0__ep2:qa:235,b9dd769b-e31a-4fdb-945e-5a60db6487b0__ep2,test,2410,2429,Sorting craft materials,Manipulate paper strips,folding paper strips into stars,0.0019541780930012465,0
dense_20f_stride10:b9dd769b-e31a-4fdb-945e-5a60db6487b0__ep2:qa:236,b9dd769b-e31a-4fdb-945e-5a60db6487b0__ep2,test,2420,2439,Sorting craft materials,Manipulate paper strips,folding paper strips into stars,0.0019464170327410102,0
dense_20f_stride10:b9dd769b-e31a-4fdb-945e-5a60db6487b0__ep2:qa:237,b9dd769b-e31a-4fdb-945e-5a60db6487b0__ep2,test,2430,2449,Sorting craft materials,Manipulate paper strips,folding paper strips into stars,0.0019467773381620646,0
dense_20f_stride10:b9dd769b-e31a-4fdb-945e-5a60db6487b0__ep2:qa:238,b9dd769b-e31a-4fdb-945e-5a60db6487b0__ep2,test,2440,2459,Sorting craft materials,Manipulate paper strips,folding paper strips into stars,0.0019484920194372535,0
dense_20f_stride10:b9dd769b-e31a-4fdb-945e-5a60db6487b0__ep2:qa:239,b9dd769b-e31a-4fdb-945e-5a60db6487b0__ep2,test,2450,2469,Sorting craft materials,Manipulate paper strips,folding paper strips into stars,0.0019481925992295146,0
dense_20f_stride10:b9dd769b-e31a-4fdb-945e-5a60db6487b0__ep2:qa:240,b9dd769b-e31a-4fdb-945e-5a60db6487b0__ep2,test,2460,2479,Sorting craft materials,Manipulate paper strips,folding paper strips into stars,0.0019494921434670687,0
dense_20f_stride10:b9dd769b-e31a-4fdb-945e-5a60db6487b0__ep2:qa:241,b9dd769b-e31a-4fdb-945e-5a60db6487b0__ep2,test,2470,2489,Sorting craft materials,Manipulate paper strips,folding paper strips into stars,0.00194826303049922,0
dense_20f_stride10:b9dd769b-e31a-4fdb-945e-5a60db6487b0__ep2:qa:242,b9dd769b-e31a-4fdb-945e-5a60db6487b0__ep2,test,2480,2499,Sorting craft materials,Manipulate paper strips,folding paper strips into stars,0.0019482332281768322,0
dense_20f_stride10:b9dd769b-e31a-4fdb-945e-5a60db6487b0__ep2:qa:243,b9dd769b-e31a-4fdb-945e-5a60db6487b0__ep2,test,2490,2509,Sorting craft materials,Manipulate paper strips,folding paper strips into stars,0.001948273740708828,0
dense_20f_stride10:b9dd769b-e31a-4fdb-945e-5a60db6487b0__ep2:qa:244,b9dd769b-e31a-4fdb-945e-5a60db6487b0__ep2,test,2500,2519,Sorting craft materials,Manipulate paper strips,folding paper strips into stars,0.001949997036717832,0
dense_20f_stride10:b9dd769b-e31a-4fdb-945e-5a60db6487b0__ep2:qa:281,b9dd769b-e31a-4fdb-945e-5a60db6487b0__ep2,test,2880,2899,Sorting craft materials,Manipulate and release paper strips,folding paper strips into stars,0.0019493759609758854,0
dense_20f_stride10:b9dd769b-e31a-4fdb-945e-5a60db6487b0__ep2:qa:282,b9dd769b-e31a-4fdb-945e-5a60db6487b0__ep2,test,2890,2909,Sorting craft materials,Manipulate and release paper strips,folding paper strips into stars,0.0019511788850650191,0
dense_20f_stride10:b9dd769b-e31a-4fdb-945e-5a60db6487b0__ep2:qa:283,b9dd769b-e31a-4fdb-945e-5a60db6487b0__ep2,test,2900,2919,Sorting craft materials,Manipulate and release paper strips,folding paper strips into stars,0.0019480402115732431,0
dense_20f_stride10:b9dd769b-e31a-4fdb-945e-5a60db6487b0__ep2:qa:284,b9dd769b-e31a-4fdb-945e-5a60db6487b0__ep2,test,2910,2929,Sorting craft materials,Manipulate and release paper strips,folding paper strips into stars,0.0019473349675536156,0
dense_20f_stride10:b9dd769b-e31a-4fdb-945e-5a60db6487b0__ep2:qa:285,b9dd769b-e31a-4fdb-945e-5a60db6487b0__ep2,test,2920,2939,Sorting craft materials,Manipulate and release paper strips,folding paper strips into stars,0.0019453178392723203,0
dense_20f_stride10:b9dd769b-e31a-4fdb-945e-5a60db6487b0__ep2:qa:286,b9dd769b-e31a-4fdb-945e-5a60db6487b0__ep2,test,2930,2949,Sorting craft materials,Manipulate and release paper strips,folding paper strips into stars,0.0019457995658740401,0
dense_20f_stride10:b9dd769b-e31a-4fdb-945e-5a60db6487b0__ep2:qa:287,b9dd769b-e31a-4fdb-945e-5a60db6487b0__ep2,test,2940,2959,Sorting craft materials,Manipulate and release paper strips,folding paper strips into stars,0.0019473828142508864,0
dense_20f_stride10:b9dd769b-e31a-4fdb-945e-5a60db6487b0__ep2:qa:288,b9dd769b-e31a-4fdb-945e-5a60db6487b0__ep2,test,2950,2969,Sorting craft materials,Manipulate and release paper strips,folding paper strips into stars,0.0019455855945125222,0
dense_20f_stride10:b9dd769b-e31a-4fdb-945e-5a60db6487b0__ep2:qa:289,b9dd769b-e31a-4fdb-945e-5a60db6487b0__ep2,test,2960,2979,Sorting craft materials,Manipulate and release paper strips,folding paper strips into stars,0.001945161260664463,0
dense_20f_stride10:b9dd769b-e31a-4fdb-945e-5a60db6487b0__ep2:qa:290,b9dd769b-e31a-4fdb-945e-5a60db6487b0__ep2,test,2970,2989,Sorting craft materials,Manipulate and release paper strips,folding paper strips into stars,0.0019495482556521893,0
dense_20f_stride10:b9dd769b-e31a-4fdb-945e-5a60db6487b0__ep2:qa:291,b9dd769b-e31a-4fdb-945e-5a60db6487b0__ep2,test,2980,2999,Sorting craft materials,Manipulate and release paper strips,folding paper strips into stars,0.0019477764144539833,0
dense_20f_stride10:b9dd769b-e31a-4fdb-945e-5a60db6487b0__ep2:qa:371,b9dd769b-e31a-4fdb-945e-5a60db6487b0__ep2,test,3800,3819,Sorting craft materials,Sort small craft pieces,folding paper strips into stars,0.001939408597536385,0
dense_20f_stride10:b9dd769b-e31a-4fdb-945e-5a60db6487b0__ep2:qa:372,b9dd769b-e31a-4fdb-945e-5a60db6487b0__ep2,test,3810,3829,Sorting craft materials,Sort small craft pieces,folding paper strips into stars,0.0019449800020083785,0
dense_20f_stride10:b9dd769b-e31a-4fdb-945e-5a60db6487b0__ep2:qa:373,b9dd769b-e31a-4fdb-945e-5a60db6487b0__ep2,test,3820,3839,Sorting craft materials,Sort small craft pieces,folding paper strips into stars,0.001934786676429212,0
dense_20f_stride10:b9dd769b-e31a-4fdb-945e-5a60db6487b0__ep2:qa:374,b9dd769b-e31a-4fdb-945e-5a60db6487b0__ep2,test,3830,3849,Sorting craft materials,Sort small craft pieces,folding paper strips into stars,0.001945176045410335,0
dense_20f_stride10:b9dd769b-e31a-4fdb-945e-5a60db6487b0__ep2:qa:375,b9dd769b-e31a-4fdb-945e-5a60db6487b0__ep2,test,3840,3859,Sorting craft materials,Sort small craft pieces,folding paper strips into stars,0.001945260795764625,0
dense_20f_stride10:b9dd769b-e31a-4fdb-945e-5a60db6487b0__ep2:qa:376,b9dd769b-e31a-4fdb-945e-5a60db6487b0__ep2,test,3850,3869,Sorting craft materials,Sort small craft pieces,folding paper strips into stars,0.0019416180439293385,0
dense_20f_stride10:b9dd769b-e31a-4fdb-945e-5a60db6487b0__ep2:qa:377,b9dd769b-e31a-4fdb-945e-5a60db6487b0__ep2,test,3860,3879,Sorting craft materials,Sort small craft pieces,folding paper strips into stars,0.0019427239894866943,0
dense_20f_stride10:b9dd769b-e31a-4fdb-945e-5a60db6487b0__ep2:qa:378,b9dd769b-e31a-4fdb-945e-5a60db6487b0__ep2,test,3870,3889,Sorting craft materials,Sort small craft pieces,folding paper strips into stars,0.001945856143720448,0
dense_20f_stride10:b9dd769b-e31a-4fdb-945e-5a60db6487b0__ep2:qa:379,b9dd769b-e31a-4fdb-945e-5a60db6487b0__ep2,test,3880,3899,Sorting craft materials,Sort small craft pieces,folding paper strips into stars,0.0019405257189646363,0
dense_20f_stride10:b9dd769b-e31a-4fdb-945e-5a60db6487b0__ep2:qa:380,b9dd769b-e31a-4fdb-945e-5a60db6487b0__ep2,test,3890,3909,Sorting craft materials,Sort small craft pieces,folding paper strips into stars,0.001944217481650412,0
dense_20f_stride10:b9dd769b-e31a-4fdb-945e-5a60db6487b0__ep2:qa:381,b9dd769b-e31a-4fdb-945e-5a60db6487b0__ep2,test,3900,3919,Sorting craft materials,Sort small craft pieces,folding paper strips into stars,0.0019425892969593406,0
dense_20f_stride10:ba045ed4-ef25-404d-b756-8dcbd45b18fa__ep2:qa:0,ba045ed4-ef25-404d-b756-8dcbd45b18fa__ep2,test,0,19,Assembling a paper honeycomb lantern,Unfold paper lantern,folding paper stars and typing on smartphone,0.0017396294279024005,0
dense_20f_stride10:ba045ed4-ef25-404d-b756-8dcbd45b18fa__ep2:qa:1,ba045ed4-ef25-404d-b756-8dcbd45b18fa__ep2,test,10,29,Assembling a paper honeycomb lantern,Unfold paper lantern,Cutting and folding cardboard shapes,0.0017269519157707691,0
dense_20f_stride10:ba045ed4-ef25-404d-b756-8dcbd45b18fa__ep2:qa:2,ba045ed4-ef25-404d-b756-8dcbd45b18fa__ep2,test,20,39,Assembling a paper honeycomb lantern,Unfold paper lantern,folding paper stars and typing on smartphone,0.001735264202579856,0
dense_20f_stride10:ba045ed4-ef25-404d-b756-8dcbd45b18fa__ep2:qa:3,ba045ed4-ef25-404d-b756-8dcbd45b18fa__ep2,test,30,49,Assembling a paper honeycomb lantern,Unfold paper lantern,folding paper stars and typing on smartphone,0.0017434386536478996,0
dense_20f_stride10:ba045ed4-ef25-404d-b756-8dcbd45b18fa__ep2:qa:4,ba045ed4-ef25-404d-b756-8dcbd45b18fa__ep2,test,40,59,Assembling a paper honeycomb lantern,Unfold paper lantern,Folding and sorting paper stars while handling a water bottle,0.0017518356908112764,0
dense_20f_stride10:ba045ed4-ef25-404d-b756-8dcbd45b18fa__ep2:qa:39,ba045ed4-ef25-404d-b756-8dcbd45b18fa__ep2,test,400,419,Assembling a paper honeycomb lantern,Fold and grasp lantern,Folding and sorting paper stars,0.0017411350272595882,0
dense_20f_stride10:ba045ed4-ef25-404d-b756-8dcbd45b18fa__ep2:qa:40,ba045ed4-ef25-404d-b756-8dcbd45b18fa__ep2,test,410,429,Assembling a paper honeycomb lantern,Fold and grasp lantern,Sorting and grouping buttons,0.0018026814796030521,0
dense_20f_stride10:ba045ed4-ef25-404d-b756-8dcbd45b18fa__ep2:qa:41,ba045ed4-ef25-404d-b756-8dcbd45b18fa__ep2,test,420,439,Assembling a paper honeycomb lantern,Fold and grasp lantern,Draw lines and patterns on cardboard,0.0017979646800085902,0
dense_20f_stride10:ba045ed4-ef25-404d-b756-8dcbd45b18fa__ep2:qa:42,ba045ed4-ef25-404d-b756-8dcbd45b18fa__ep2,test,430,449,Assembling a paper honeycomb lantern,Fold and grasp lantern,Draw lines and patterns on cardboard,0.0017127066385000944,0
dense_20f_stride10:ba045ed4-ef25-404d-b756-8dcbd45b18fa__ep2:qa:43,ba045ed4-ef25-404d-b756-8dcbd45b18fa__ep2,test,440,459,Assembling a paper honeycomb lantern,Fold and grasp lantern,Folding and sorting paper stars,0.001743815024383366,0
dense_20f_stride10:ba045ed4-ef25-404d-b756-8dcbd45b18fa__ep2:qa:58,ba045ed4-ef25-404d-b756-8dcbd45b18fa__ep2,test,600,619,Assembling a paper honeycomb lantern,Fold and grasp lantern,Placing product bags on shelf,0.0017929356545209885,0
dense_20f_stride10:ba045ed4-ef25-404d-b756-8dcbd45b18fa__ep2:qa:59,ba045ed4-ef25-404d-b756-8dcbd45b18fa__ep2,test,610,629,Assembling a paper honeycomb lantern,Fold and grasp lantern,Folding paper strips while using phone,0.0017499992391094565,0
dense_20f_stride10:ba045ed4-ef25-404d-b756-8dcbd45b18fa__ep2:qa:60,ba045ed4-ef25-404d-b756-8dcbd45b18fa__ep2,test,620,639,Assembling a paper honeycomb lantern,Fold and grasp lantern,Cutting and folding cardboard shapes,0.0017697650473564863,0
dense_20f_stride10:ba045ed4-ef25-404d-b756-8dcbd45b18fa__ep2:qa:61,ba045ed4-ef25-404d-b756-8dcbd45b18fa__ep2,test,630,649,Assembling a paper honeycomb lantern,Grasp lantern component,Folding and sorting paper stars,0.0017300054896622896,0
dense_20f_stride10:ba045ed4-ef25-404d-b756-8dcbd45b18fa__ep2:qa:62,ba045ed4-ef25-404d-b756-8dcbd45b18fa__ep2,test,640,659,Assembling a paper honeycomb lantern,Grasp lantern component,Cutting and folding cardboard shapes,0.0017284746281802654,0
dense_20f_stride10:ba045ed4-ef25-404d-b756-8dcbd45b18fa__ep2:qa:77,ba045ed4-ef25-404d-b756-8dcbd45b18fa__ep2,test,800,819,Assembling a paper honeycomb lantern,Grasp lantern component,Carry cereal boxes to aisle,0.0017435176996514201,0
dense_20f_stride10:ba045ed4-ef25-404d-b756-8dcbd45b18fa__ep2:qa:78,ba045ed4-ef25-404d-b756-8dcbd45b18fa__ep2,test,810,829,Assembling a paper honeycomb lantern,Grasp lantern component,folding paper strips into stars,0.00171592365950346,0
dense_20f_stride10:ba045ed4-ef25-404d-b756-8dcbd45b18fa__ep2:qa:79,ba045ed4-ef25-404d-b756-8dcbd45b18fa__ep2,test,820,839,Assembling a paper honeycomb lantern,Grasp lantern component,Carry cereal boxes to aisle,0.0018080001464113593,0
dense_20f_stride10:ba045ed4-ef25-404d-b756-8dcbd45b18fa__ep2:qa:80,ba045ed4-ef25-404d-b756-8dcbd45b18fa__ep2,test,830,849,Assembling a paper honeycomb lantern,Open paper lantern,Folding and sorting paper stars,0.0017240059096366167,0
dense_20f_stride10:ba045ed4-ef25-404d-b756-8dcbd45b18fa__ep2:qa:81,ba045ed4-ef25-404d-b756-8dcbd45b18fa__ep2,test,840,859,Assembling a paper honeycomb lantern,Open paper lantern,unknown,0.0017364837694913149,0
dense_20f_stride10:ba045ed4-ef25-404d-b756-8dcbd45b18fa__ep2:qa:135,ba045ed4-ef25-404d-b756-8dcbd45b18fa__ep2,test,1400,1419,Assembling a paper honeycomb lantern,Align paper lantern edges,folding paper strips into stars,0.001702760113403201,0
dense_20f_stride10:ba045ed4-ef25-404d-b756-8dcbd45b18fa__ep2:qa:136,ba045ed4-ef25-404d-b756-8dcbd45b18fa__ep2,test,1410,1429,Assembling a paper honeycomb lantern,Align paper lantern edges,folding paper strips into stars,0.0016853201668709517,0
dense_20f_stride10:ba045ed4-ef25-404d-b756-8dcbd45b18fa__ep2:qa:137,ba045ed4-ef25-404d-b756-8dcbd45b18fa__ep2,test,1420,1439,Assembling a paper honeycomb lantern,Align paper lantern edges,Cleaning and boxing jars,0.0017519104294478893,0
dense_20f_stride10:ba045ed4-ef25-404d-b756-8dcbd45b18fa__ep2:qa:138,ba045ed4-ef25-404d-b756-8dcbd45b18fa__ep2,test,1430,1449,Assembling a paper honeycomb lantern,Align paper lantern edges,Placing products on shelf,0.0016928560798987746,0
dense_20f_stride10:ba045ed4-ef25-404d-b756-8dcbd45b18fa__ep2:qa:139,ba045ed4-ef25-404d-b756-8dcbd45b18fa__ep2,test,1440,1459,Assembling a paper honeycomb lantern,Align paper lantern edges,folding paper strips into stars,0.0017039841040968895,0
dense_20f_stride10:ba045ed4-ef25-404d-b756-8dcbd45b18fa__ep2:qa:140,ba045ed4-ef25-404d-b756-8dcbd45b18fa__ep2,test,1450,1469,Assembling a paper honeycomb lantern,Align paper lantern edges,Replenishing shelf stock,0.0017117741517722607,0
dense_20f_stride10:ba045ed4-ef25-404d-b756-8dcbd45b18fa__ep2:qa:334,ba045ed4-ef25-404d-b756-8dcbd45b18fa__ep2,test,3400,3419,Assembling a paper honeycomb lantern,Adjust lantern string and handle components,Cutting and adjusting cardboard pieces,0.0017922943225130439,0
dense_20f_stride10:ba045ed4-ef25-404d-b756-8dcbd45b18fa__ep2:qa:335,ba045ed4-ef25-404d-b756-8dcbd45b18fa__ep2,test,3410,3429,Assembling a paper honeycomb lantern,Adjust lantern string and handle components,Organizing stars into a row,0.001727699302136898,0
dense_20f_stride10:ba045ed4-ef25-404d-b756-8dcbd45b18fa__ep2:qa:336,ba045ed4-ef25-404d-b756-8dcbd45b18fa__ep2,test,3420,3439,Assembling a paper honeycomb lantern,Adjust lantern string and handle components,Walking through workspace,0.0018224726663902402,0
dense_20f_stride10:ba045ed4-ef25-404d-b756-8dcbd45b18fa__ep2:qa:337,ba045ed4-ef25-404d-b756-8dcbd45b18fa__ep2,test,3430,3449,Assembling a paper honeycomb lantern,Adjust lantern string and handle components,Aligning ruler for final measurements,0.0017378821503371,0
dense_20f_stride10:ba045ed4-ef25-404d-b756-8dcbd45b18fa__ep2:qa:338,ba045ed4-ef25-404d-b756-8dcbd45b18fa__ep2,test,3440,3459,Assembling a paper honeycomb lantern,Adjust lantern string and handle components,Aligning ruler for final measurements,0.0017311712726950645,0
dense_20f_stride10:ba045ed4-ef25-404d-b756-8dcbd45b18fa__ep2:qa:339,ba045ed4-ef25-404d-b756-8dcbd45b18fa__ep2,test,3450,3469,Assembling a paper honeycomb lantern,Adjust lantern string and handle components,Organizing stars into a row,0.001714764628559351,0
dense_20f_stride10:ba045ed4-ef25-404d-b756-8dcbd45b18fa__ep2:qa:345,ba045ed4-ef25-404d-b756-8dcbd45b18fa__ep2,test,3520,3539,Assembling a paper honeycomb lantern,Adjust lantern string and handle components,unknown,0.001733081298880279,0
dense_20f_stride10:ba045ed4-ef25-404d-b756-8dcbd45b18fa__ep2:qa:346,ba045ed4-ef25-404d-b756-8dcbd45b18fa__ep2,test,3530,3549,Assembling a paper honeycomb lantern,Adjust lantern string and handle components,Measuring and adjusting workspace,0.0017647311324253678,0
dense_20f_stride10:ba045ed4-ef25-404d-b756-8dcbd45b18fa__ep2:qa:347,ba045ed4-ef25-404d-b756-8dcbd45b18fa__ep2,test,3540,3559,Assembling a paper honeycomb lantern,Adjust lantern string and handle components,Aligning ruler for final measurements,0.0017472989857196808,0
dense_20f_stride10:ba045ed4-ef25-404d-b756-8dcbd45b18fa__ep2:qa:348,ba045ed4-ef25-404d-b756-8dcbd45b18fa__ep2,test,3550,3569,Assembling a paper honeycomb lantern,Adjust lantern string and handle components,Aligning ruler for final measurements,0.0017369231209158897,0
dense_20f_stride10:ba045ed4-ef25-404d-b756-8dcbd45b18fa__ep2:qa:349,ba045ed4-ef25-404d-b756-8dcbd45b18fa__ep2,test,3560,3579,Assembling a paper honeycomb lantern,Adjust lantern string and handle components,Organizing stars into a row,0.0017353891162201762,0
dense_20f_stride10:ba045ed4-ef25-404d-b756-8dcbd45b18fa__ep2:qa:356,ba045ed4-ef25-404d-b756-8dcbd45b18fa__ep2,test,3640,3659,Assembling a paper honeycomb lantern,Handle paper lantern component,Organizing stars into a row,0.0017386118415743113,0
dense_20f_stride10:ba045ed4-ef25-404d-b756-8dcbd45b18fa__ep2:qa:357,ba045ed4-ef25-404d-b756-8dcbd45b18fa__ep2,test,3650,3669,Assembling a paper honeycomb lantern,Handle paper lantern component,Organizing stars into a row,0.0017266166396439075,0
dense_20f_stride10:ba045ed4-ef25-404d-b756-8dcbd45b18fa__ep2:qa:358,ba045ed4-ef25-404d-b756-8dcbd45b18fa__ep2,test,3660,3679,Assembling a paper honeycomb lantern,Handle paper lantern component,Organizing stars into a row,0.001782996580004692,0
dense_20f_stride10:ba045ed4-ef25-404d-b756-8dcbd45b18fa__ep2:qa:359,ba045ed4-ef25-404d-b756-8dcbd45b18fa__ep2,test,3670,3689,Assembling a paper honeycomb lantern,Handle paper lantern component,Preparing shopping bag,0.001825474202632904,0
dense_20f_stride10:ba045ed4-ef25-404d-b756-8dcbd45b18fa__ep2:qa:360,ba045ed4-ef25-404d-b756-8dcbd45b18fa__ep2,test,3680,3699,Assembling a paper honeycomb lantern,Handle paper lantern component,Drawing lines and checking smartphone,0.0018962481990456581,0
dense_20f_stride10:ba045ed4-ef25-404d-b756-8dcbd45b18fa__ep2:qa:371,ba045ed4-ef25-404d-b756-8dcbd45b18fa__ep2,test,3800,3819,Assembling a paper honeycomb lantern,Handle paper lantern component,Manipulating small object,0.001874111476354301,0
dense_20f_stride10:ba045ed4-ef25-404d-b756-8dcbd45b18fa__ep2:qa:372,ba045ed4-ef25-404d-b756-8dcbd45b18fa__ep2,test,3810,3829,Assembling a paper honeycomb lantern,Handle paper lantern component,Aligning ruler for final measurements,0.001740410691127181,0
dense_20f_stride10:ba045ed4-ef25-404d-b756-8dcbd45b18fa__ep2:qa:373,ba045ed4-ef25-404d-b756-8dcbd45b18fa__ep2,test,3820,3839,Assembling a paper honeycomb lantern,Handle paper lantern component,Aligning ruler for final measurements,0.001758489292114973,0
dense_20f_stride10:ba045ed4-ef25-404d-b756-8dcbd45b18fa__ep2:qa:374,ba045ed4-ef25-404d-b756-8dcbd45b18fa__ep2,test,3830,3849,Assembling a paper honeycomb lantern,Expand and adjust lantern shape,Aligning ruler for final measurements,0.0017302787164226174,0
dense_20f_stride10:ba045ed4-ef25-404d-b756-8dcbd45b18fa__ep2:qa:375,ba045ed4-ef25-404d-b756-8dcbd45b18fa__ep2,test,3840,3859,Assembling a paper honeycomb lantern,Expand and adjust lantern shape,Aligning ruler for final measurements,0.0017526829615235329,0
dense_20f_stride10:ba045ed4-ef25-404d-b756-8dcbd45b18fa__ep2:qa:390,ba045ed4-ef25-404d-b756-8dcbd45b18fa__ep2,test,4000,4019,Assembling a paper honeycomb lantern,Expand and adjust lantern shape,Manipulating paper quilling piece,0.0017425994155928493,0
dense_20f_stride10:ba045ed4-ef25-404d-b756-8dcbd45b18fa__ep2:qa:391,ba045ed4-ef25-404d-b756-8dcbd45b18fa__ep2,test,4010,4029,Assembling a paper honeycomb lantern,Expand and adjust lantern shape,Aligning ruler for final measurements,0.001758769853040576,0
dense_20f_stride10:ba045ed4-ef25-404d-b756-8dcbd45b18fa__ep2:qa:392,ba045ed4-ef25-404d-b756-8dcbd45b18fa__ep2,test,4020,4039,Assembling a paper honeycomb lantern,Expand and adjust lantern shape,Aligning ruler for final measurements,0.0017295730067417026,0
dense_20f_stride10:ba045ed4-ef25-404d-b756-8dcbd45b18fa__ep2:qa:393,ba045ed4-ef25-404d-b756-8dcbd45b18fa__ep2,test,4030,4049,Assembling a paper honeycomb lantern,Expand and adjust lantern shape,Aligning ruler for final measurements,0.0017393146408721805,0
dense_20f_stride10:ba045ed4-ef25-404d-b756-8dcbd45b18fa__ep2:qa:394,ba045ed4-ef25-404d-b756-8dcbd45b18fa__ep2,test,4040,4059,Assembling a paper honeycomb lantern,Expand and adjust lantern shape,Aligning ruler for final measurements,0.0017552633071318269,0
dense_20f_stride10:ba045ed4-ef25-404d-b756-8dcbd45b18fa__ep2:qa:417,ba045ed4-ef25-404d-b756-8dcbd45b18fa__ep2,test,4280,4299,Assembling a paper honeycomb lantern,Secure lantern with adhesive,Wiping product jars,0.0018726408015936613,0
dense_20f_stride10:ba045ed4-ef25-404d-b756-8dcbd45b18fa__ep2:qa:418,ba045ed4-ef25-404d-b756-8dcbd45b18fa__ep2,test,4290,4309,Assembling a paper honeycomb lantern,Secure lantern with adhesive,Wiping product jars,0.0019820909947156906,0
dense_20f_stride10:ba045ed4-ef25-404d-b756-8dcbd45b18fa__ep2:qa:419,ba045ed4-ef25-404d-b756-8dcbd45b18fa__ep2,test,4300,4319,Assembling a paper honeycomb lantern,Secure lantern with adhesive,Aligning ruler for final measurements,0.0017650407971814275,0
dense_20f_stride10:ba045ed4-ef25-404d-b756-8dcbd45b18fa__ep2:qa:420,ba045ed4-ef25-404d-b756-8dcbd45b18fa__ep2,test,4310,4329,Assembling a paper honeycomb lantern,Secure lantern with adhesive,Manipulating paper strips,0.001876002294011414,0
dense_20f_stride10:ba045ed4-ef25-404d-b756-8dcbd45b18fa__ep2:qa:421,ba045ed4-ef25-404d-b756-8dcbd45b18fa__ep2,test,4320,4339,Assembling a paper honeycomb lantern,Secure lantern with adhesive,Aligning ruler for final measurements,0.0017647428903728724,0
dense_20f_stride10:ba045ed4-ef25-404d-b756-8dcbd45b18fa__ep2:qa:422,ba045ed4-ef25-404d-b756-8dcbd45b18fa__ep2,test,4330,4349,Assembling a paper honeycomb lantern,Secure lantern with adhesive,Aligning ruler for final measurements,0.0017681664321571589,0
dense_20f_stride10:ba045ed4-ef25-404d-b756-8dcbd45b18fa__ep2:qa:428,ba045ed4-ef25-404d-b756-8dcbd45b18fa__ep2,test,4400,4419,Assembling a paper honeycomb lantern,Secure lantern with adhesive,Aligning ruler for final measurements,0.0017753938445821404,0
dense_20f_stride10:ba045ed4-ef25-404d-b756-8dcbd45b18fa__ep2:qa:429,ba045ed4-ef25-404d-b756-8dcbd45b18fa__ep2,test,4410,4429,Assembling a paper honeycomb lantern,Secure lantern with adhesive,Aligning ruler for final measurements,0.00174711795989424,0
dense_20f_stride10:ba045ed4-ef25-404d-b756-8dcbd45b18fa__ep2:qa:430,ba045ed4-ef25-404d-b756-8dcbd45b18fa__ep2,test,4420,4439,Assembling a paper honeycomb lantern,Secure lantern with adhesive,Organizing shelf display,0.0018175202421844006,0
dense_20f_stride10:ba045ed4-ef25-404d-b756-8dcbd45b18fa__ep2:qa:431,ba045ed4-ef25-404d-b756-8dcbd45b18fa__ep2,test,4430,4449,Assembling a paper honeycomb lantern,Secure lantern with adhesive,Aligning ruler for final measurements,0.001758267404511571,0
dense_20f_stride10:ba045ed4-ef25-404d-b756-8dcbd45b18fa__ep2:qa:432,ba045ed4-ef25-404d-b756-8dcbd45b18fa__ep2,test,4440,4459,Assembling a paper honeycomb lantern,Secure lantern with adhesive,Holding and retrieving paper strips,0.0017734146676957607,0
dense_20f_stride10:ba045ed4-ef25-404d-b756-8dcbd45b18fa__ep2:qa:447,ba045ed4-ef25-404d-b756-8dcbd45b18fa__ep2,test,4600,4619,Assembling a paper honeycomb lantern,Secure lantern with adhesive,Aligning ruler for final measurements,0.001792676281183958,0
dense_20f_stride10:ba045ed4-ef25-404d-b756-8dcbd45b18fa__ep2:qa:448,ba045ed4-ef25-404d-b756-8dcbd45b18fa__ep2,test,4610,4629,Assembling a paper honeycomb lantern,Secure lantern with adhesive,Aligning ruler for final measurements,0.0017919804668053985,0
dense_20f_stride10:ba045ed4-ef25-404d-b756-8dcbd45b18fa__ep2:qa:449,ba045ed4-ef25-404d-b756-8dcbd45b18fa__ep2,test,4620,4639,Assembling a paper honeycomb lantern,Secure lantern with adhesive,Cutting and stacking cardboard pieces,0.0017591511132195592,0
dense_20f_stride10:ba045ed4-ef25-404d-b756-8dcbd45b18fa__ep2:qa:450,ba045ed4-ef25-404d-b756-8dcbd45b18fa__ep2,test,4630,4649,Assembling a paper honeycomb lantern,Unpack additional lantern component,Aligning ruler for final measurements,0.0017700010212138295,0
dense_20f_stride10:ba045ed4-ef25-404d-b756-8dcbd45b18fa__ep2:qa:451,ba045ed4-ef25-404d-b756-8dcbd45b18fa__ep2,test,4640,4659,Assembling a paper honeycomb lantern,Unpack additional lantern component,Aligning ruler for final measurements,0.0017611494986340404,0
dense_20f_stride10:ba045ed4-ef25-404d-b756-8dcbd45b18fa__ep2:qa:452,ba045ed4-ef25-404d-b756-8dcbd45b18fa__ep2,test,4650,4669,Assembling a paper honeycomb lantern,Unpack additional lantern component,Aligning ruler for final measurements,0.0017663587350398302,0
dense_20f_stride10:ba045ed4-ef25-404d-b756-8dcbd45b18fa__ep2:qa:466,ba045ed4-ef25-404d-b756-8dcbd45b18fa__ep2,test,4800,4819,Assembling a paper honeycomb lantern,Unpack additional lantern component,Adjusting snack package,0.0019311982905492187,0
dense_20f_stride10:ba045ed4-ef25-404d-b756-8dcbd45b18fa__ep2:qa:467,ba045ed4-ef25-404d-b756-8dcbd45b18fa__ep2,test,4810,4829,Assembling a paper honeycomb lantern,Unpack additional lantern component,Manipulating paper strips,0.0017560023115947843,0
dense_20f_stride10:ba045ed4-ef25-404d-b756-8dcbd45b18fa__ep2:qa:468,ba045ed4-ef25-404d-b756-8dcbd45b18fa__ep2,test,4820,4839,Assembling a paper honeycomb lantern,Unpack additional lantern component,Aligning ruler for final measurements,0.0017681227764114738,0
dense_20f_stride10:ba045ed4-ef25-404d-b756-8dcbd45b18fa__ep2:qa:469,ba045ed4-ef25-404d-b756-8dcbd45b18fa__ep2,test,4830,4849,Assembling a paper honeycomb lantern,Remove packaging and prepare component,Aligning ruler for final measurements,0.0017652761889621615,0
dense_20f_stride10:ba045ed4-ef25-404d-b756-8dcbd45b18fa__ep2:qa:470,ba045ed4-ef25-404d-b756-8dcbd45b18fa__ep2,test,4840,4859,Assembling a paper honeycomb lantern,Remove packaging and prepare component,Aligning ruler for final measurements,0.001775291282683611,0
dense_20f_stride10:ba045ed4-ef25-404d-b756-8dcbd45b18fa__ep2:qa:485,ba045ed4-ef25-404d-b756-8dcbd45b18fa__ep2,test,5000,5019,Assembling a paper honeycomb lantern,Remove packaging and prepare component,Cleaning shelves and relocating,0.0018047018675133586,0
dense_20f_stride10:ba045ed4-ef25-404d-b756-8dcbd45b18fa__ep2:qa:486,ba045ed4-ef25-404d-b756-8dcbd45b18fa__ep2,test,5010,5029,Assembling a paper honeycomb lantern,Remove packaging and prepare component,Cleaning shelves and relocating,0.0017978025134652853,0
dense_20f_stride10:ba045ed4-ef25-404d-b756-8dcbd45b18fa__ep2:qa:487,ba045ed4-ef25-404d-b756-8dcbd45b18fa__ep2,test,5020,5039,Assembling a paper honeycomb lantern,Remove packaging and prepare component,Pick up and inspect light blue strip,0.001775965210981667,0
dense_20f_stride10:ba045ed4-ef25-404d-b756-8dcbd45b18fa__ep2:qa:488,ba045ed4-ef25-404d-b756-8dcbd45b18fa__ep2,test,5030,5049,Assembling a paper honeycomb lantern,Remove packaging and prepare component,Aligning ruler for final measurements,0.0017812540754675865,0
dense_20f_stride10:ba045ed4-ef25-404d-b756-8dcbd45b18fa__ep2:qa:489,ba045ed4-ef25-404d-b756-8dcbd45b18fa__ep2,test,5040,5059,Assembling a paper honeycomb lantern,Remove packaging and prepare component,Holding and aligning paper strip,0.0018351719481870532,0
dense_20f_stride10:ba045ed4-ef25-404d-b756-8dcbd45b18fa__ep2:qa:500,ba045ed4-ef25-404d-b756-8dcbd45b18fa__ep2,test,5160,5179,Assembling a paper honeycomb lantern,Remove packaging and prepare component,Aligning ruler for final measurements,0.00179901416413486,0
dense_20f_stride10:ba045ed4-ef25-404d-b756-8dcbd45b18fa__ep2:qa:501,ba045ed4-ef25-404d-b756-8dcbd45b18fa__ep2,test,5170,5189,Assembling a paper honeycomb lantern,Remove packaging and prepare component,Aligning ruler for final measurements,0.0017779043409973383,0
dense_20f_stride10:ba045ed4-ef25-404d-b756-8dcbd45b18fa__ep2:qa:502,ba045ed4-ef25-404d-b756-8dcbd45b18fa__ep2,test,5180,5199,Assembling a paper honeycomb lantern,Remove packaging and prepare component,Selecting and packing spice jars,0.0018142188200727105,0
dense_20f_stride10:ba045ed4-ef25-404d-b756-8dcbd45b18fa__ep2:qa:503,ba045ed4-ef25-404d-b756-8dcbd45b18fa__ep2,test,5190,5209,Assembling a paper honeycomb lantern,Remove packaging and prepare component,Tapping and putting away smartphone,0.0019678748212754726,0
dense_20f_stride10:ba045ed4-ef25-404d-b756-8dcbd45b18fa__ep2:qa:504,ba045ed4-ef25-404d-b756-8dcbd45b18fa__ep2,test,5200,5219,Assembling a paper honeycomb lantern,Remove packaging and prepare component,Pick up and inspect light blue strip,0.001836281386204064,0
dense_20f_stride10:ba045ed4-ef25-404d-b756-8dcbd45b18fa__ep2:qa:523,ba045ed4-ef25-404d-b756-8dcbd45b18fa__ep2,test,5400,5419,Assembling a paper honeycomb lantern,Expand paper lantern,Organizing paper strips,0.0019261634442955256,0
dense_20f_stride10:ba045ed4-ef25-404d-b756-8dcbd45b18fa__ep2:qa:524,ba045ed4-ef25-404d-b756-8dcbd45b18fa__ep2,test,5410,5429,Assembling a paper honeycomb lantern,Expand paper lantern,Aligning ruler for final measurements,0.0018187089590355754,0
dense_20f_stride10:ba045ed4-ef25-404d-b756-8dcbd45b18fa__ep2:qa:525,ba045ed4-ef25-404d-b756-8dcbd45b18fa__ep2,test,5420,5439,Assembling a paper honeycomb lantern,Expand paper lantern,Aligning ruler for final measurements,0.001837942865677178,0
dense_20f_stride10:ba045ed4-ef25-404d-b756-8dcbd45b18fa__ep2:qa:526,ba045ed4-ef25-404d-b756-8dcbd45b18fa__ep2,test,5430,5449,Assembling a paper honeycomb lantern,Expand paper lantern,Aligning ruler for final measurements,0.001820764853619039,0
dense_20f_stride10:ba045ed4-ef25-404d-b756-8dcbd45b18fa__ep2:qa:527,ba045ed4-ef25-404d-b756-8dcbd45b18fa__ep2,test,5440,5459,Assembling a paper honeycomb lantern,Expand paper lantern,Aligning ruler for final measurements,0.0019365496700629592,0
dense_20f_stride10:ba045ed4-ef25-404d-b756-8dcbd45b18fa__ep2:qa:528,ba045ed4-ef25-404d-b756-8dcbd45b18fa__ep2,test,5450,5469,Assembling a paper honeycomb lantern,Expand paper lantern,Aligning ruler for final measurements,0.0018967208452522755,0
dense_20f_stride10:ba045ed4-ef25-404d-b756-8dcbd45b18fa__ep2:qa:562,ba045ed4-ef25-404d-b756-8dcbd45b18fa__ep2,test,5800,5819,Assembling a paper honeycomb lantern,Final alignment of lantern edges,Holding and rotating paper strip,0.001830188324674964,0
dense_20f_stride10:4b02bb38-384a-438a-b5f9-6131d85c34b0__ep1:qa:0,4b02bb38-384a-438a-b5f9-6131d85c34b0__ep1,test,0,19,Crafting and smartphone usage at a desk,Preparing craft area,Cutting and pausing,0.0018750624731183052,0
dense_20f_stride10:4b02bb38-384a-438a-b5f9-6131d85c34b0__ep1:qa:1,4b02bb38-384a-438a-b5f9-6131d85c34b0__ep1,test,10,29,Crafting and smartphone usage at a desk,Preparing craft area,Cutting and pausing,0.0018738709622994065,0
dense_20f_stride10:4b02bb38-384a-438a-b5f9-6131d85c34b0__ep1:qa:2,4b02bb38-384a-438a-b5f9-6131d85c34b0__ep1,test,20,39,Crafting and smartphone usage at a desk,Preparing craft area,Cutting and pausing,0.001876411959528923,0
dense_20f_stride10:4b02bb38-384a-438a-b5f9-6131d85c34b0__ep1:qa:3,4b02bb38-384a-438a-b5f9-6131d85c34b0__ep1,test,30,49,Crafting and smartphone usage at a desk,Preparing craft area,Cutting and pausing,0.0018780626123771071,0
dense_20f_stride10:4b02bb38-384a-438a-b5f9-6131d85c34b0__ep1:qa:4,4b02bb38-384a-438a-b5f9-6131d85c34b0__ep1,test,40,59,Crafting and smartphone usage at a desk,Preparing craft area,Cutting and pausing,0.0018761614337563515,0
dense_20f_stride10:4b02bb38-384a-438a-b5f9-6131d85c34b0__ep1:qa:5,4b02bb38-384a-438a-b5f9-6131d85c34b0__ep1,test,50,69,Crafting and smartphone usage at a desk,Preparing craft area,Cutting and pausing,0.0018697184277698398,0
dense_20f_stride10:4b02bb38-384a-438a-b5f9-6131d85c34b0__ep1:qa:6,4b02bb38-384a-438a-b5f9-6131d85c34b0__ep1,test,60,79,Crafting and smartphone usage at a desk,Preparing craft area,Cutting and pausing,0.0018785897409543395,0
dense_20f_stride10:4b02bb38-384a-438a-b5f9-6131d85c34b0__ep1:qa:7,4b02bb38-384a-438a-b5f9-6131d85c34b0__ep1,test,70,89,Crafting and smartphone usage at a desk,Preparing craft area,Cutting and pausing,0.001871176646091044,0
dense_20f_stride10:4b02bb38-384a-438a-b5f9-6131d85c34b0__ep1:qa:8,4b02bb38-384a-438a-b5f9-6131d85c34b0__ep1,test,80,99,Crafting and smartphone usage at a desk,Preparing craft area,Cutting and pausing,0.0018742694519460201,0
dense_20f_stride10:4b02bb38-384a-438a-b5f9-6131d85c34b0__ep1:qa:27,4b02bb38-384a-438a-b5f9-6131d85c34b0__ep1,test,280,299,Crafting and smartphone usage at a desk,Transitioning to smartphone usage,Cutting and pausing,0.0018766052089631557,0
dense_20f_stride10:4b02bb38-384a-438a-b5f9-6131d85c34b0__ep1:qa:28,4b02bb38-384a-438a-b5f9-6131d85c34b0__ep1,test,290,309,Crafting and smartphone usage at a desk,Transitioning to smartphone usage,Cutting and pausing,0.001854988862760365,0
dense_20f_stride10:4b02bb38-384a-438a-b5f9-6131d85c34b0__ep1:qa:29,4b02bb38-384a-438a-b5f9-6131d85c34b0__ep1,test,300,319,Crafting and smartphone usage at a desk,Transitioning to smartphone usage,Cutting and pausing,0.0018706015544012189,0
dense_20f_stride10:4b02bb38-384a-438a-b5f9-6131d85c34b0__ep1:qa:30,4b02bb38-384a-438a-b5f9-6131d85c34b0__ep1,test,310,329,Crafting and smartphone usage at a desk,Transitioning to smartphone usage,Cutting and pausing,0.0018803684506565332,0
dense_20f_stride10:4b02bb38-384a-438a-b5f9-6131d85c34b0__ep1:qa:31,4b02bb38-384a-438a-b5f9-6131d85c34b0__ep1,test,320,339,Crafting and smartphone usage at a desk,Transitioning to smartphone usage,Cutting and pausing,0.0018741196254268289,0
dense_20f_stride10:4b02bb38-384a-438a-b5f9-6131d85c34b0__ep1:qa:32,4b02bb38-384a-438a-b5f9-6131d85c34b0__ep1,test,330,349,Crafting and smartphone usage at a desk,Transitioning to smartphone usage,Cutting and pausing,0.0018473436357453465,0
dense_20f_stride10:4b02bb38-384a-438a-b5f9-6131d85c34b0__ep1:qa:33,4b02bb38-384a-438a-b5f9-6131d85c34b0__ep1,test,340,359,Crafting and smartphone usage at a desk,Transitioning to smartphone usage,Cutting and pausing,0.0018654464511200786,0
dense_20f_stride10:4b02bb38-384a-438a-b5f9-6131d85c34b0__ep1:qa:34,4b02bb38-384a-438a-b5f9-6131d85c34b0__ep1,test,350,369,Crafting and smartphone usage at a desk,Transitioning to smartphone usage,Cutting and pausing,0.0018591108964756131,0
dense_20f_stride10:4b02bb38-384a-438a-b5f9-6131d85c34b0__ep1:qa:38,4b02bb38-384a-438a-b5f9-6131d85c34b0__ep1,test,400,419,Crafting and smartphone usage at a desk,Transitioning to smartphone usage,Cutting and pausing,0.0018707006238400936,0
dense_20f_stride10:4b02bb38-384a-438a-b5f9-6131d85c34b0__ep1:qa:39,4b02bb38-384a-438a-b5f9-6131d85c34b0__ep1,test,410,429,Crafting and smartphone usage at a desk,Transitioning to smartphone usage,Cutting and pausing,0.001863447017967701,0
dense_20f_stride10:4b02bb38-384a-438a-b5f9-6131d85c34b0__ep1:qa:40,4b02bb38-384a-438a-b5f9-6131d85c34b0__ep1,test,420,439,Crafting and smartphone usage at a desk,Transitioning to smartphone usage,Cutting and pausing,0.0018629067344591022,0
dense_20f_stride10:4b02bb38-384a-438a-b5f9-6131d85c34b0__ep1:qa:41,4b02bb38-384a-438a-b5f9-6131d85c34b0__ep1,test,430,449,Crafting and smartphone usage at a desk,Transitioning to smartphone usage,Cutting and pausing,0.0018654685700312257,0
dense_20f_stride10:4b02bb38-384a-438a-b5f9-6131d85c34b0__ep1:qa:42,4b02bb38-384a-438a-b5f9-6131d85c34b0__ep1,test,440,459,Crafting and smartphone usage at a desk,Transitioning to smartphone usage,Cutting and pausing,0.0018793137278407812,0
dense_20f_stride10:4b02bb38-384a-438a-b5f9-6131d85c34b0__ep1:qa:43,4b02bb38-384a-438a-b5f9-6131d85c34b0__ep1,test,450,469,Crafting and smartphone usage at a desk,Transitioning to smartphone usage,Cutting and pausing,0.0018719081999734044,0
dense_20f_stride10:4b02bb38-384a-438a-b5f9-6131d85c34b0__ep1:qa:44,4b02bb38-384a-438a-b5f9-6131d85c34b0__ep1,test,460,479,Crafting and smartphone usage at a desk,Transitioning to smartphone usage,Cutting and pausing,0.0018645134987309575,0
dense_20f_stride10:4b02bb38-384a-438a-b5f9-6131d85c34b0__ep1:qa:45,4b02bb38-384a-438a-b5f9-6131d85c34b0__ep1,test,470,489,Crafting and smartphone usage at a desk,Transitioning to smartphone usage,Cutting and pausing,0.0018425583839416504,0
dense_20f_stride10:4b02bb38-384a-438a-b5f9-6131d85c34b0__ep1:qa:46,4b02bb38-384a-438a-b5f9-6131d85c34b0__ep1,test,480,499,Crafting and smartphone usage at a desk,Transitioning to smartphone usage,Cutting and pausing,0.0018818866228684783,0
dense_20f_stride10:4b02bb38-384a-438a-b5f9-6131d85c34b0__ep1:qa:61,4b02bb38-384a-438a-b5f9-6131d85c34b0__ep1,test,640,659,Crafting and smartphone usage at a desk,Transitioning to smartphone usage,Cutting and pausing,0.0018764433916658163,0
dense_20f_stride10:4b02bb38-384a-438a-b5f9-6131d85c34b0__ep1:qa:62,4b02bb38-384a-438a-b5f9-6131d85c34b0__ep1,test,650,669,Crafting and smartphone usage at a desk,Transitioning to smartphone usage,Cutting and pausing,0.0019002441549673676,0
dense_20f_stride10:4b02bb38-384a-438a-b5f9-6131d85c34b0__ep1:qa:63,4b02bb38-384a-438a-b5f9-6131d85c34b0__ep1,test,660,679,Crafting and smartphone usage at a desk,Transitioning to smartphone usage,Cutting and pausing,0.0018856836250051856,0
dense_20f_stride10:4b02bb38-384a-438a-b5f9-6131d85c34b0__ep1:qa:64,4b02bb38-384a-438a-b5f9-6131d85c34b0__ep1,test,670,689,Crafting and smartphone usage at a desk,Transitioning to smartphone usage,Cutting and pausing,0.001859803218394518,0
dense_20f_stride10:4b02bb38-384a-438a-b5f9-6131d85c34b0__ep1:qa:65,4b02bb38-384a-438a-b5f9-6131d85c34b0__ep1,test,680,699,Crafting and smartphone usage at a desk,Transitioning to smartphone usage,Cutting and pausing,0.0018877651309594512,0
dense_20f_stride10:4b02bb38-384a-438a-b5f9-6131d85c34b0__ep1:qa:66,4b02bb38-384a-438a-b5f9-6131d85c34b0__ep1,test,690,709,Crafting and smartphone usage at a desk,Transitioning to smartphone usage,Cutting and pausing,0.0018745928537100554,0
dense_20f_stride10:4b02bb38-384a-438a-b5f9-6131d85c34b0__ep1:qa:67,4b02bb38-384a-438a-b5f9-6131d85c34b0__ep1,test,700,719,Crafting and smartphone usage at a desk,Transitioning to smartphone usage,Cutting and pausing,0.0018566143698990345,0
dense_20f_stride10:4b02bb38-384a-438a-b5f9-6131d85c34b0__ep1:qa:68,4b02bb38-384a-438a-b5f9-6131d85c34b0__ep1,test,710,729,Crafting and smartphone usage at a desk,Transitioning to smartphone usage,Cutting and pausing,0.0018611274426802993,0
dense_20f_stride10:4b02bb38-384a-438a-b5f9-6131d85c34b0__ep1:qa:69,4b02bb38-384a-438a-b5f9-6131d85c34b0__ep1,test,720,739,Crafting and smartphone usage at a desk,Transitioning to smartphone usage,Cutting and pausing,0.001856924151070416,0
dense_20f_stride10:4b02bb38-384a-438a-b5f9-6131d85c34b0__ep1:qa:96,4b02bb38-384a-438a-b5f9-6131d85c34b0__ep1,test,1000,1019,Crafting and smartphone usage at a desk,Using smartphone,Cutting and pausing,0.0018764497945085168,0
dense_20f_stride10:4b02bb38-384a-438a-b5f9-6131d85c34b0__ep1:qa:97,4b02bb38-384a-438a-b5f9-6131d85c34b0__ep1,test,1010,1029,Crafting and smartphone usage at a desk,Using smartphone,Cutting and pausing,0.0018610678380355239,0
dense_20f_stride10:4b02bb38-384a-438a-b5f9-6131d85c34b0__ep1:qa:98,4b02bb38-384a-438a-b5f9-6131d85c34b0__ep1,test,1020,1039,Crafting and smartphone usage at a desk,Using smartphone,Cutting and pausing,0.001877602655440569,0
dense_20f_stride10:4b02bb38-384a-438a-b5f9-6131d85c34b0__ep1:qa:99,4b02bb38-384a-438a-b5f9-6131d85c34b0__ep1,test,1030,1049,Crafting and smartphone usage at a desk,Using smartphone,Cutting and pausing,0.0018436091486364603,0
dense_20f_stride10:4b02bb38-384a-438a-b5f9-6131d85c34b0__ep1:qa:100,4b02bb38-384a-438a-b5f9-6131d85c34b0__ep1,test,1040,1059,Crafting and smartphone usage at a desk,Using smartphone,Handle container from box,0.0018841990968212485,0
dense_20f_stride10:4b02bb38-384a-438a-b5f9-6131d85c34b0__ep1:qa:101,4b02bb38-384a-438a-b5f9-6131d85c34b0__ep1,test,1050,1069,Crafting and smartphone usage at a desk,Using smartphone,Cutting and pausing,0.0018763088155537844,0
dense_20f_stride10:4b02bb38-384a-438a-b5f9-6131d85c34b0__ep1:qa:102,4b02bb38-384a-438a-b5f9-6131d85c34b0__ep1,test,1060,1079,Crafting and smartphone usage at a desk,Using smartphone,Cutting and pausing,0.0018728321883827448,0
dense_20f_stride10:4b02bb38-384a-438a-b5f9-6131d85c34b0__ep1:qa:103,4b02bb38-384a-438a-b5f9-6131d85c34b0__ep1,test,1070,1089,Crafting and smartphone usage at a desk,Using smartphone,Cutting and pausing,0.0018632333958521485,0
dense_20f_stride10:4b02bb38-384a-438a-b5f9-6131d85c34b0__ep1:qa:135,4b02bb38-384a-438a-b5f9-6131d85c34b0__ep1,test,1400,1419,Crafting and smartphone usage at a desk,Browsing smartphone,Cutting and pausing,0.0018688704585656524,0
dense_20f_stride10:4b02bb38-384a-438a-b5f9-6131d85c34b0__ep1:qa:136,4b02bb38-384a-438a-b5f9-6131d85c34b0__ep1,test,1410,1429,Crafting and smartphone usage at a desk,Browsing smartphone,Cutting and pausing,0.001866803620941937,0
dense_20f_stride10:4b02bb38-384a-438a-b5f9-6131d85c34b0__ep1:qa:137,4b02bb38-384a-438a-b5f9-6131d85c34b0__ep1,test,1420,1439,Crafting and smartphone usage at a desk,Browsing smartphone,Cutting and pausing,0.0018636835739016533,0
dense_20f_stride10:4b02bb38-384a-438a-b5f9-6131d85c34b0__ep1:qa:138,4b02bb38-384a-438a-b5f9-6131d85c34b0__ep1,test,1430,1449,Crafting and smartphone usage at a desk,Browsing smartphone,Cutting and pausing,0.0018692220328375697,0
dense_20f_stride10:4b02bb38-384a-438a-b5f9-6131d85c34b0__ep1:qa:139,4b02bb38-384a-438a-b5f9-6131d85c34b0__ep1,test,1440,1459,Crafting and smartphone usage at a desk,Browsing smartphone,Cutting and pausing,0.0018725403351709247,0
dense_20f_stride10:4b02bb38-384a-438a-b5f9-6131d85c34b0__ep1:qa:140,4b02bb38-384a-438a-b5f9-6131d85c34b0__ep1,test,1450,1469,Crafting and smartphone usage at a desk,Browsing smartphone,Cutting and pausing,0.0018621539929881692,0
dense_20f_stride10:4b02bb38-384a-438a-b5f9-6131d85c34b0__ep1:qa:141,4b02bb38-384a-438a-b5f9-6131d85c34b0__ep1,test,1460,1479,Crafting and smartphone usage at a desk,Browsing smartphone,Cutting and pausing,0.0019074269803240895,0
dense_20f_stride10:4b02bb38-384a-438a-b5f9-6131d85c34b0__ep1:qa:142,4b02bb38-384a-438a-b5f9-6131d85c34b0__ep1,test,1470,1489,Crafting and smartphone usage at a desk,Browsing smartphone,Cutting and pausing,0.0018761522369459271,0
dense_20f_stride10:4b02bb38-384a-438a-b5f9-6131d85c34b0__ep1:qa:143,4b02bb38-384a-438a-b5f9-6131d85c34b0__ep1,test,1480,1499,Crafting and smartphone usage at a desk,Browsing smartphone,Cutting and pausing,0.0018667936092242599,0
dense_20f_stride10:4b02bb38-384a-438a-b5f9-6131d85c34b0__ep1:qa:194,4b02bb38-384a-438a-b5f9-6131d85c34b0__ep1,test,2000,2019,Crafting and smartphone usage at a desk,Scrolling smartphone screen,Handle container from box,0.001887061051093042,0
dense_20f_stride10:4b02bb38-384a-438a-b5f9-6131d85c34b0__ep1:qa:195,4b02bb38-384a-438a-b5f9-6131d85c34b0__ep1,test,2010,2029,Crafting and smartphone usage at a desk,Scrolling smartphone screen,Handle container from box,0.001896174275316298,0
dense_20f_stride10:4b02bb38-384a-438a-b5f9-6131d85c34b0__ep1:qa:196,4b02bb38-384a-438a-b5f9-6131d85c34b0__ep1,test,2020,2039,Crafting and smartphone usage at a desk,Scrolling smartphone screen,Handle container from box,0.0018856250680983067,0
dense_20f_stride10:4b02bb38-384a-438a-b5f9-6131d85c34b0__ep1:qa:197,4b02bb38-384a-438a-b5f9-6131d85c34b0__ep1,test,2030,2049,Crafting and smartphone usage at a desk,Scrolling smartphone screen,Handle container from box,0.0018768005538731813,0
dense_20f_stride10:4b02bb38-384a-438a-b5f9-6131d85c34b0__ep1:qa:198,4b02bb38-384a-438a-b5f9-6131d85c34b0__ep1,test,2040,2059,Crafting and smartphone usage at a desk,Scrolling smartphone screen,Cutting and pausing,0.0018893829546868801,0
dense_20f_stride10:4b02bb38-384a-438a-b5f9-6131d85c34b0__ep1:qa:199,4b02bb38-384a-438a-b5f9-6131d85c34b0__ep1,test,2050,2069,Crafting and smartphone usage at a desk,Scrolling smartphone screen,Cutting and pausing,0.0018644538940861821,0
dense_20f_stride10:4b02bb38-384a-438a-b5f9-6131d85c34b0__ep1:qa:200,4b02bb38-384a-438a-b5f9-6131d85c34b0__ep1,test,2060,2079,Crafting and smartphone usage at a desk,Scrolling smartphone screen,Handle container from box,0.0018749063601717353,0
dense_20f_stride10:4b02bb38-384a-438a-b5f9-6131d85c34b0__ep1:qa:201,4b02bb38-384a-438a-b5f9-6131d85c34b0__ep1,test,2070,2089,Crafting and smartphone usage at a desk,Scrolling smartphone screen,Cutting and pausing,0.0018747634021565318,0
dense_20f_stride10:4b02bb38-384a-438a-b5f9-6131d85c34b0__ep1:qa:257,4b02bb38-384a-438a-b5f9-6131d85c34b0__ep1,test,2640,2659,Crafting and smartphone usage at a desk,Scrolling and setting down smartphone,Cutting and pausing,0.0018494616961106658,0
dense_20f_stride10:4b02bb38-384a-438a-b5f9-6131d85c34b0__ep1:qa:258,4b02bb38-384a-438a-b5f9-6131d85c34b0__ep1,test,2650,2669,Crafting and smartphone usage at a desk,Scrolling and setting down smartphone,Cutting and pausing,0.0018520238809287548,0
dense_20f_stride10:4b02bb38-384a-438a-b5f9-6131d85c34b0__ep1:qa:259,4b02bb38-384a-438a-b5f9-6131d85c34b0__ep1,test,2660,2679,Crafting and smartphone usage at a desk,Scrolling and setting down smartphone,Cutting and pausing,0.0018727319547906518,0
dense_20f_stride10:4b02bb38-384a-438a-b5f9-6131d85c34b0__ep1:qa:260,4b02bb38-384a-438a-b5f9-6131d85c34b0__ep1,test,2670,2689,Crafting and smartphone usage at a desk,Scrolling and setting down smartphone,Cutting and pausing,0.001868726103566587,0
dense_20f_stride10:4b02bb38-384a-438a-b5f9-6131d85c34b0__ep1:qa:261,4b02bb38-384a-438a-b5f9-6131d85c34b0__ep1,test,2680,2699,Crafting and smartphone usage at a desk,Scrolling and setting down smartphone,Cutting and pausing,0.0018425381276756525,0
dense_20f_stride10:4b02bb38-384a-438a-b5f9-6131d85c34b0__ep1:qa:262,4b02bb38-384a-438a-b5f9-6131d85c34b0__ep1,test,2690,2709,Crafting and smartphone usage at a desk,Scrolling and setting down smartphone,Cutting and pausing,0.0018728672293946147,0
dense_20f_stride10:4b02bb38-384a-438a-b5f9-6131d85c34b0__ep1:qa:263,4b02bb38-384a-438a-b5f9-6131d85c34b0__ep1,test,2700,2719,Crafting and smartphone usage at a desk,Scrolling and setting down smartphone,Cutting and pausing,0.0018727912101894617,0
dense_20f_stride10:4b02bb38-384a-438a-b5f9-6131d85c34b0__ep1:qa:264,4b02bb38-384a-438a-b5f9-6131d85c34b0__ep1,test,2710,2729,Crafting and smartphone usage at a desk,Scrolling and setting down smartphone,Cutting and pausing,0.0018769322196021676,0
dense_20f_stride10:4b02bb38-384a-438a-b5f9-6131d85c34b0__ep1:qa:265,4b02bb38-384a-438a-b5f9-6131d85c34b0__ep1,test,2720,2739,Crafting and smartphone usage at a desk,Scrolling and setting down smartphone,Cutting and pausing,0.0018703631358221173,0
dense_20f_stride10:4b02bb38-384a-438a-b5f9-6131d85c34b0__ep1:qa:359,4b02bb38-384a-438a-b5f9-6131d85c34b0__ep1,test,3680,3699,Crafting and smartphone usage at a desk,Scrolling and placing smartphone down,Cutting and pausing,0.0018411193741485476,0
dense_20f_stride10:4b02bb38-384a-438a-b5f9-6131d85c34b0__ep1:qa:360,4b02bb38-384a-438a-b5f9-6131d85c34b0__ep1,test,3690,3709,Crafting and smartphone usage at a desk,Scrolling and placing smartphone down,Cutting and pausing,0.0018702350789681077,0
dense_20f_stride10:4b02bb38-384a-438a-b5f9-6131d85c34b0__ep1:qa:361,4b02bb38-384a-438a-b5f9-6131d85c34b0__ep1,test,3700,3719,Crafting and smartphone usage at a desk,Scrolling and placing smartphone down,Cutting and pausing,0.0018714399775490165,0
dense_20f_stride10:4b02bb38-384a-438a-b5f9-6131d85c34b0__ep1:qa:362,4b02bb38-384a-438a-b5f9-6131d85c34b0__ep1,test,3710,3729,Crafting and smartphone usage at a desk,Scrolling and placing smartphone down,Drawing lines and checking smartphone,0.0021882057189941406,0
dense_20f_stride10:4b02bb38-384a-438a-b5f9-6131d85c34b0__ep1:qa:363,4b02bb38-384a-438a-b5f9-6131d85c34b0__ep1,test,3720,3739,Crafting and smartphone usage at a desk,Scrolling and placing smartphone down,Cutting and pausing,0.0018703999230638146,0
dense_20f_stride10:4b02bb38-384a-438a-b5f9-6131d85c34b0__ep1:qa:364,4b02bb38-384a-438a-b5f9-6131d85c34b0__ep1,test,3730,3749,Crafting and smartphone usage at a desk,Scrolling and placing smartphone down,Cutting and pausing,0.0018673671875149012,0
dense_20f_stride10:4b02bb38-384a-438a-b5f9-6131d85c34b0__ep1:qa:365,4b02bb38-384a-438a-b5f9-6131d85c34b0__ep1,test,3740,3759,Crafting and smartphone usage at a desk,Scrolling and placing smartphone down,Cutting and pausing,0.0018646897515282035,0
dense_20f_stride10:4b02bb38-384a-438a-b5f9-6131d85c34b0__ep1:qa:366,4b02bb38-384a-438a-b5f9-6131d85c34b0__ep1,test,3750,3769,Crafting and smartphone usage at a desk,Scrolling and placing smartphone down,Cutting and pausing,0.0018784671556204557,0
dense_20f_stride10:4b02bb38-384a-438a-b5f9-6131d85c34b0__ep1:qa:367,4b02bb38-384a-438a-b5f9-6131d85c34b0__ep1,test,3760,3779,Crafting and smartphone usage at a desk,Scrolling and placing smartphone down,Cutting and pausing,0.0018462372245267034,0
dense_20f_stride10:4b02bb38-384a-438a-b5f9-6131d85c34b0__ep1:qa:390,4b02bb38-384a-438a-b5f9-6131d85c34b0__ep1,test,4000,4019,Crafting and smartphone usage at a desk,Holding smartphone,Cutting and pausing,0.0018512201495468616,0
dense_20f_stride10:4b02bb38-384a-438a-b5f9-6131d85c34b0__ep1:qa:391,4b02bb38-384a-438a-b5f9-6131d85c34b0__ep1,test,4010,4029,Crafting and smartphone usage at a desk,Holding smartphone,Cutting and pausing,0.0018714972538873553,0
dense_20f_stride10:4b02bb38-384a-438a-b5f9-6131d85c34b0__ep1:qa:392,4b02bb38-384a-438a-b5f9-6131d85c34b0__ep1,test,4020,4039,Crafting and smartphone usage at a desk,Holding smartphone,Cutting and pausing,0.0018601419869810343,0
dense_20f_stride10:4b02bb38-384a-438a-b5f9-6131d85c34b0__ep1:qa:393,4b02bb38-384a-438a-b5f9-6131d85c34b0__ep1,test,4030,4049,Crafting and smartphone usage at a desk,Holding smartphone,Cutting and pausing,0.0018595638684928417,0
dense_20f_stride10:4b02bb38-384a-438a-b5f9-6131d85c34b0__ep1:qa:394,4b02bb38-384a-438a-b5f9-6131d85c34b0__ep1,test,4040,4059,Crafting and smartphone usage at a desk,Holding smartphone,Cutting and pausing,0.001874418929219246,0
dense_20f_stride10:4b02bb38-384a-438a-b5f9-6131d85c34b0__ep1:qa:395,4b02bb38-384a-438a-b5f9-6131d85c34b0__ep1,test,4050,4069,Crafting and smartphone usage at a desk,Holding smartphone,Cutting and pausing,0.0018600680632516742,0
dense_20f_stride10:4b02bb38-384a-438a-b5f9-6131d85c34b0__ep1:qa:396,4b02bb38-384a-438a-b5f9-6131d85c34b0__ep1,test,4060,4079,Crafting and smartphone usage at a desk,Holding smartphone,Cutting and pausing,0.001869413536041975,0
dense_20f_stride10:4b02bb38-384a-438a-b5f9-6131d85c34b0__ep1:qa:397,4b02bb38-384a-438a-b5f9-6131d85c34b0__ep1,test,4070,4089,Crafting and smartphone usage at a desk,Holding smartphone,Cutting and pausing,0.0018797682132571936,0
dense_20f_stride10:4b02bb38-384a-438a-b5f9-6131d85c34b0__ep1:qa:398,4b02bb38-384a-438a-b5f9-6131d85c34b0__ep1,test,4080,4099,Crafting and smartphone usage at a desk,Holding smartphone,Cutting and pausing,0.0018630240811035037,0
dense_20f_stride10:4b02bb38-384a-438a-b5f9-6131d85c34b0__ep1:qa:429,4b02bb38-384a-438a-b5f9-6131d85c34b0__ep1,test,4400,4419,Crafting and smartphone usage at a desk,Paper quilling craft,Cutting and pausing,0.0018627266399562359,0
dense_20f_stride10:4b02bb38-384a-438a-b5f9-6131d85c34b0__ep1:qa:430,4b02bb38-384a-438a-b5f9-6131d85c34b0__ep1,test,4410,4429,Crafting and smartphone usage at a desk,Paper quilling craft,Cutting and pausing,0.0018587824888527393,0
dense_20f_stride10:4b02bb38-384a-438a-b5f9-6131d85c34b0__ep1:qa:431,4b02bb38-384a-438a-b5f9-6131d85c34b0__ep1,test,4420,4439,Crafting and smartphone usage at a desk,Paper quilling craft,Cutting and pausing,0.0018542578909546137,0
dense_20f_stride10:4b02bb38-384a-438a-b5f9-6131d85c34b0__ep1:qa:432,4b02bb38-384a-438a-b5f9-6131d85c34b0__ep1,test,4430,4449,Crafting and smartphone usage at a desk,Paper quilling craft,Cutting and pausing,0.0018574275309219956,0
dense_20f_stride10:4b02bb38-384a-438a-b5f9-6131d85c34b0__ep1:qa:433,4b02bb38-384a-438a-b5f9-6131d85c34b0__ep1,test,4440,4459,Crafting and smartphone usage at a desk,Paper quilling craft,Handle container from box,0.0018248967826366425,0
dense_20f_stride10:4b02bb38-384a-438a-b5f9-6131d85c34b0__ep1:qa:434,4b02bb38-384a-438a-b5f9-6131d85c34b0__ep1,test,4450,4469,Crafting and smartphone usage at a desk,Paper quilling craft,Cutting and pausing,0.001844227546826005,0
dense_20f_stride10:4b02bb38-384a-438a-b5f9-6131d85c34b0__ep1:qa:435,4b02bb38-384a-438a-b5f9-6131d85c34b0__ep1,test,4460,4479,Crafting and smartphone usage at a desk,Paper quilling craft,Cutting and pausing,0.0018638323526829481,0
dense_20f_stride10:4b02bb38-384a-438a-b5f9-6131d85c34b0__ep1:qa:436,4b02bb38-384a-438a-b5f9-6131d85c34b0__ep1,test,4470,4489,Crafting and smartphone usage at a desk,Paper quilling craft,Cutting and pausing,0.001865982310846448,0
dense_20f_stride10:4b02bb38-384a-438a-b5f9-6131d85c34b0__ep1:qa:437,4b02bb38-384a-438a-b5f9-6131d85c34b0__ep1,test,4480,4499,Crafting and smartphone usage at a desk,Paper quilling craft,Cutting and pausing,0.001859490410424769,0
dense_20f_stride10:5399ef86-4df9-49bc-809f-8f4f92f9e659__ep6:qa:0,5399ef86-4df9-49bc-809f-8f4f92f9e659__ep6,test,0,19,Assembling a jigsaw puzzle,Pick up and place puzzle piece,Placing and scanning for puzzle pieces,0.0023673931136727333,0
dense_20f_stride10:5399ef86-4df9-49bc-809f-8f4f92f9e659__ep6:qa:1,5399ef86-4df9-49bc-809f-8f4f92f9e659__ep6,test,10,29,Assembling a jigsaw puzzle,Pick up and place puzzle piece,Placing and scanning for puzzle pieces,0.002319944091141224,0
dense_20f_stride10:5399ef86-4df9-49bc-809f-8f4f92f9e659__ep6:qa:2,5399ef86-4df9-49bc-809f-8f4f92f9e659__ep6,test,20,39,Assembling a jigsaw puzzle,Pick up and place puzzle piece,Placing and scanning for puzzle pieces,0.0023786986712366343,0
dense_20f_stride10:5399ef86-4df9-49bc-809f-8f4f92f9e659__ep6:qa:3,5399ef86-4df9-49bc-809f-8f4f92f9e659__ep6,test,30,49,Assembling a jigsaw puzzle,Pick up and place puzzle piece,Placing and scanning for puzzle pieces,0.002379864454269409,0
dense_20f_stride10:5399ef86-4df9-49bc-809f-8f4f92f9e659__ep6:qa:4,5399ef86-4df9-49bc-809f-8f4f92f9e659__ep6,test,40,59,Assembling a jigsaw puzzle,Pick up and place puzzle piece,Placing and scanning for puzzle pieces,0.002392128575593233,0
dense_20f_stride10:5399ef86-4df9-49bc-809f-8f4f92f9e659__ep6:qa:5,5399ef86-4df9-49bc-809f-8f4f92f9e659__ep6,test,50,69,Assembling a jigsaw puzzle,Pick up and place puzzle piece,Placing and scanning for puzzle pieces,0.0022892996203154325,0
dense_20f_stride10:5399ef86-4df9-49bc-809f-8f4f92f9e659__ep6:qa:6,5399ef86-4df9-49bc-809f-8f4f92f9e659__ep6,test,60,79,Assembling a jigsaw puzzle,Pick up and place puzzle piece,Placing and scanning for puzzle pieces,0.002398986369371414,0
dense_20f_stride10:5399ef86-4df9-49bc-809f-8f4f92f9e659__ep6:qa:7,5399ef86-4df9-49bc-809f-8f4f92f9e659__ep6,test,70,89,Assembling a jigsaw puzzle,Pick up and place puzzle piece,Placing and scanning for puzzle pieces,0.002276713727042079,0
dense_20f_stride10:5399ef86-4df9-49bc-809f-8f4f92f9e659__ep6:qa:15,5399ef86-4df9-49bc-809f-8f4f92f9e659__ep6,test,160,179,Assembling a jigsaw puzzle,Pick up and place puzzle piece,Placing and scanning for puzzle pieces,0.0023280391469597816,0
dense_20f_stride10:5399ef86-4df9-49bc-809f-8f4f92f9e659__ep6:qa:16,5399ef86-4df9-49bc-809f-8f4f92f9e659__ep6,test,170,189,Assembling a jigsaw puzzle,Pick up and place puzzle piece,Manipulating puzzle pieces,0.002351989969611168,0
dense_20f_stride10:5399ef86-4df9-49bc-809f-8f4f92f9e659__ep6:qa:17,5399ef86-4df9-49bc-809f-8f4f92f9e659__ep6,test,180,199,Assembling a jigsaw puzzle,Pick up and place puzzle piece,Placing and scanning for puzzle pieces,0.002271987497806549,0
dense_20f_stride10:5399ef86-4df9-49bc-809f-8f4f92f9e659__ep6:qa:18,5399ef86-4df9-49bc-809f-8f4f92f9e659__ep6,test,190,209,Assembling a jigsaw puzzle,Pick up and place puzzle piece,Manipulating puzzle pieces,0.0021718444768339396,0
dense_20f_stride10:5399ef86-4df9-49bc-809f-8f4f92f9e659__ep6:qa:19,5399ef86-4df9-49bc-809f-8f4f92f9e659__ep6,test,200,219,Assembling a jigsaw puzzle,Pick up and place puzzle piece,Placing and scanning for puzzle pieces,0.002355017699301243,0
dense_20f_stride10:5399ef86-4df9-49bc-809f-8f4f92f9e659__ep6:qa:20,5399ef86-4df9-49bc-809f-8f4f92f9e659__ep6,test,210,229,Assembling a jigsaw puzzle,Pick up and place puzzle piece,Placing and scanning for puzzle pieces,0.0021810242906212807,0
dense_20f_stride10:5399ef86-4df9-49bc-809f-8f4f92f9e659__ep6:qa:21,5399ef86-4df9-49bc-809f-8f4f92f9e659__ep6,test,220,239,Assembling a jigsaw puzzle,Pick up and place puzzle piece,Placing and scanning for puzzle pieces,0.0023499487433582544,0
dense_20f_stride10:5399ef86-4df9-49bc-809f-8f4f92f9e659__ep6:qa:22,5399ef86-4df9-49bc-809f-8f4f92f9e659__ep6,test,230,249,Assembling a jigsaw puzzle,Manipulate puzzle piece,Placing and scanning for puzzle pieces,0.00220817350782454,0
dense_20f_stride10:5399ef86-4df9-49bc-809f-8f4f92f9e659__ep6:qa:38,5399ef86-4df9-49bc-809f-8f4f92f9e659__ep6,test,400,419,Assembling a jigsaw puzzle,Manipulate puzzle piece,Scanning for and placing puzzle pieces,0.0023423086386173964,0
dense_20f_stride10:5399ef86-4df9-49bc-809f-8f4f92f9e659__ep6:qa:39,5399ef86-4df9-49bc-809f-8f4f92f9e659__ep6,test,410,429,Assembling a jigsaw puzzle,Manipulate puzzle piece,Placing and scanning for puzzle pieces,0.0021760878153145313,0
dense_20f_stride10:5399ef86-4df9-49bc-809f-8f4f92f9e659__ep6:qa:40,5399ef86-4df9-49bc-809f-8f4f92f9e659__ep6,test,420,439,Assembling a jigsaw puzzle,Manipulate puzzle piece,Scanning for and placing puzzle pieces,0.0022545515093952417,0
dense_20f_stride10:5399ef86-4df9-49bc-809f-8f4f92f9e659__ep6:qa:41,5399ef86-4df9-49bc-809f-8f4f92f9e659__ep6,test,430,449,Assembling a jigsaw puzzle,Manipulate puzzle piece,Placing and scanning for puzzle pieces,0.00217720796354115,0
dense_20f_stride10:5399ef86-4df9-49bc-809f-8f4f92f9e659__ep6:qa:42,5399ef86-4df9-49bc-809f-8f4f92f9e659__ep6,test,440,459,Assembling a jigsaw puzzle,Manipulate puzzle piece,Scanning for and placing puzzle pieces,0.0023222831077873707,0
dense_20f_stride10:5399ef86-4df9-49bc-809f-8f4f92f9e659__ep6:qa:43,5399ef86-4df9-49bc-809f-8f4f92f9e659__ep6,test,450,469,Assembling a jigsaw puzzle,Manipulate puzzle piece,Placing and scanning for puzzle pieces,0.0022385295014828444,0
dense_20f_stride10:5399ef86-4df9-49bc-809f-8f4f92f9e659__ep6:qa:44,5399ef86-4df9-49bc-809f-8f4f92f9e659__ep6,test,460,479,Assembling a jigsaw puzzle,Manipulate puzzle piece,Scanning for and placing puzzle pieces,0.002253602258861065,0
dense_20f_stride10:5399ef86-4df9-49bc-809f-8f4f92f9e659__ep6:qa:45,5399ef86-4df9-49bc-809f-8f4f92f9e659__ep6,test,470,489,Assembling a jigsaw puzzle,Manipulate puzzle piece,Placing and scanning for puzzle pieces,0.0020425256807357073,0
dense_20f_stride10:5399ef86-4df9-49bc-809f-8f4f92f9e659__ep6:qa:97,5399ef86-4df9-49bc-809f-8f4f92f9e659__ep6,test,1000,1019,Assembling a jigsaw puzzle,Manipulate puzzle pieces,Placing and scanning for puzzle pieces,0.0023521697148680687,0
dense_20f_stride10:5399ef86-4df9-49bc-809f-8f4f92f9e659__ep6:qa:98,5399ef86-4df9-49bc-809f-8f4f92f9e659__ep6,test,1010,1029,Assembling a jigsaw puzzle,Manipulate puzzle pieces,"Moving, placing, and adjusting puzzle pieces",0.002149023115634918,0
dense_20f_stride10:5399ef86-4df9-49bc-809f-8f4f92f9e659__ep6:qa:99,5399ef86-4df9-49bc-809f-8f4f92f9e659__ep6,test,1020,1039,Assembling a jigsaw puzzle,Manipulate puzzle pieces,Placing and scanning for puzzle pieces,0.002283696550875902,0
dense_20f_stride10:5399ef86-4df9-49bc-809f-8f4f92f9e659__ep6:qa:100,5399ef86-4df9-49bc-809f-8f4f92f9e659__ep6,test,1030,1049,Assembling a jigsaw puzzle,Manipulate puzzle pieces,Placing and scanning for puzzle pieces,0.002051094314083457,0
dense_20f_stride10:5399ef86-4df9-49bc-809f-8f4f92f9e659__ep6:qa:101,5399ef86-4df9-49bc-809f-8f4f92f9e659__ep6,test,1040,1059,Assembling a jigsaw puzzle,Manipulate puzzle pieces,Placing and scanning for puzzle pieces,0.0022852635011076927,0
dense_20f_stride10:5399ef86-4df9-49bc-809f-8f4f92f9e659__ep6:qa:102,5399ef86-4df9-49bc-809f-8f4f92f9e659__ep6,test,1050,1069,Assembling a jigsaw puzzle,Manipulate puzzle pieces,Placing and scanning for puzzle pieces,0.002275848528370261,0
dense_20f_stride10:5399ef86-4df9-49bc-809f-8f4f92f9e659__ep6:qa:103,5399ef86-4df9-49bc-809f-8f4f92f9e659__ep6,test,1060,1079,Assembling a jigsaw puzzle,Manipulate puzzle pieces,Placing and scanning for puzzle pieces,0.002251835074275732,0
dense_20f_stride10:5399ef86-4df9-49bc-809f-8f4f92f9e659__ep6:qa:104,5399ef86-4df9-49bc-809f-8f4f92f9e659__ep6,test,1070,1089,Assembling a jigsaw puzzle,Manipulate puzzle pieces,Placing and scanning for puzzle pieces,0.002307867631316185,0
dense_20f_stride10:5399ef86-4df9-49bc-809f-8f4f92f9e659__ep6:qa:176,5399ef86-4df9-49bc-809f-8f4f92f9e659__ep6,test,1800,1819,Assembling a jigsaw puzzle,Place puzzle piece,Positioning puzzle piece,0.002274356549605727,0
dense_20f_stride10:5399ef86-4df9-49bc-809f-8f4f92f9e659__ep6:qa:177,5399ef86-4df9-49bc-809f-8f4f92f9e659__ep6,test,1810,1829,Assembling a jigsaw puzzle,Place puzzle piece,Positioning puzzle piece,0.002205523196607828,0
dense_20f_stride10:5399ef86-4df9-49bc-809f-8f4f92f9e659__ep6:qa:178,5399ef86-4df9-49bc-809f-8f4f92f9e659__ep6,test,1820,1839,Assembling a jigsaw puzzle,Place puzzle piece,Positioning puzzle piece,0.0023070413153618574,0
dense_20f_stride10:5399ef86-4df9-49bc-809f-8f4f92f9e659__ep6:qa:179,5399ef86-4df9-49bc-809f-8f4f92f9e659__ep6,test,1830,1849,Assembling a jigsaw puzzle,Place puzzle piece,Positioning puzzle piece,0.002204016549512744,0
dense_20f_stride10:5399ef86-4df9-49bc-809f-8f4f92f9e659__ep6:qa:180,5399ef86-4df9-49bc-809f-8f4f92f9e659__ep6,test,1840,1859,Assembling a jigsaw puzzle,Place puzzle piece,Positioning puzzle piece,0.0023855639155954123,0
dense_20f_stride10:5399ef86-4df9-49bc-809f-8f4f92f9e659__ep6:qa:181,5399ef86-4df9-49bc-809f-8f4f92f9e659__ep6,test,1850,1869,Assembling a jigsaw puzzle,Place puzzle piece,Manipulating puzzle pieces,0.0023053004406392574,0
dense_20f_stride10:5399ef86-4df9-49bc-809f-8f4f92f9e659__ep6:qa:182,5399ef86-4df9-49bc-809f-8f4f92f9e659__ep6,test,1860,1879,Assembling a jigsaw puzzle,Place puzzle piece,"Moving, placing, and adjusting puzzle pieces",0.002394333714619279,0
dense_20f_stride10:5399ef86-4df9-49bc-809f-8f4f92f9e659__ep6:qa:183,5399ef86-4df9-49bc-809f-8f4f92f9e659__ep6,test,1870,1889,Assembling a jigsaw puzzle,Observe puzzle progress,Placing and scanning for puzzle pieces,0.0023350543342530727,0
dense_20f_stride10:5399ef86-4df9-49bc-809f-8f4f92f9e659__ep6:qa:195,5399ef86-4df9-49bc-809f-8f4f92f9e659__ep6,test,2000,2019,Assembling a jigsaw puzzle,Observe puzzle progress,Manipulating puzzle pieces,0.0022860842291265726,0
dense_20f_stride10:5399ef86-4df9-49bc-809f-8f4f92f9e659__ep6:qa:196,5399ef86-4df9-49bc-809f-8f4f92f9e659__ep6,test,2010,2029,Assembling a jigsaw puzzle,Observe puzzle progress,Manipulating puzzle pieces,0.0021953582763671875,0
dense_20f_stride10:5399ef86-4df9-49bc-809f-8f4f92f9e659__ep6:qa:197,5399ef86-4df9-49bc-809f-8f4f92f9e659__ep6,test,2020,2039,Assembling a jigsaw puzzle,Observe puzzle progress,Manipulating puzzle pieces,0.0023327430244535208,0
dense_20f_stride10:5399ef86-4df9-49bc-809f-8f4f92f9e659__ep6:qa:198,5399ef86-4df9-49bc-809f-8f4f92f9e659__ep6,test,2030,2049,Assembling a jigsaw puzzle,Observe puzzle progress,Manipulating puzzle pieces,0.0022077769972383976,0
dense_20f_stride10:5399ef86-4df9-49bc-809f-8f4f92f9e659__ep6:qa:199,5399ef86-4df9-49bc-809f-8f4f92f9e659__ep6,test,2040,2059,Assembling a jigsaw puzzle,Observe puzzle progress,Manipulating puzzle pieces,0.0023664364125579596,0
dense_20f_stride10:5399ef86-4df9-49bc-809f-8f4f92f9e659__ep6:qa:200,5399ef86-4df9-49bc-809f-8f4f92f9e659__ep6,test,2050,2069,Assembling a jigsaw puzzle,Observe puzzle progress,Manipulating puzzle pieces,0.0022258153185248375,0
dense_20f_stride10:5399ef86-4df9-49bc-809f-8f4f92f9e659__ep6:qa:201,5399ef86-4df9-49bc-809f-8f4f92f9e659__ep6,test,2060,2079,Assembling a jigsaw puzzle,Observe puzzle progress,Manipulating puzzle pieces,0.0023174043744802475,0
dense_20f_stride10:5399ef86-4df9-49bc-809f-8f4f92f9e659__ep6:qa:202,5399ef86-4df9-49bc-809f-8f4f92f9e659__ep6,test,2070,2089,Assembling a jigsaw puzzle,Observe puzzle progress,Positioning puzzle piece,0.0023378992918878794,0
dense_20f_stride10:5399ef86-4df9-49bc-809f-8f4f92f9e659__ep6:qa:234,5399ef86-4df9-49bc-809f-8f4f92f9e659__ep6,test,2400,2419,Assembling a jigsaw puzzle,Search for and pick up puzzle piece,"Moving, placing, and adjusting puzzle pieces",0.002360934391617775,0
dense_20f_stride10:5399ef86-4df9-49bc-809f-8f4f92f9e659__ep6:qa:235,5399ef86-4df9-49bc-809f-8f4f92f9e659__ep6,test,2410,2429,Assembling a jigsaw puzzle,Search for and pick up puzzle piece,Manipulating puzzle pieces,0.0023826658725738525,0
dense_20f_stride10:5399ef86-4df9-49bc-809f-8f4f92f9e659__ep6:qa:236,5399ef86-4df9-49bc-809f-8f4f92f9e659__ep6,test,2420,2439,Assembling a jigsaw puzzle,Search for and pick up puzzle piece,"Moving, placing, and adjusting puzzle pieces",0.002300779102370143,0
dense_20f_stride10:5399ef86-4df9-49bc-809f-8f4f92f9e659__ep6:qa:237,5399ef86-4df9-49bc-809f-8f4f92f9e659__ep6,test,2430,2449,Assembling a jigsaw puzzle,Search for and pick up puzzle piece,"Moving, placing, and adjusting puzzle pieces",0.0022503226064145565,0
dense_20f_stride10:5399ef86-4df9-49bc-809f-8f4f92f9e659__ep6:qa:238,5399ef86-4df9-49bc-809f-8f4f92f9e659__ep6,test,2440,2459,Assembling a jigsaw puzzle,Search for and pick up puzzle piece,"Moving, placing, and adjusting puzzle pieces",0.0023014405742287636,0
dense_20f_stride10:5399ef86-4df9-49bc-809f-8f4f92f9e659__ep6:qa:239,5399ef86-4df9-49bc-809f-8f4f92f9e659__ep6,test,2450,2469,Assembling a jigsaw puzzle,Search for and pick up puzzle piece,"Moving, placing, and adjusting puzzle pieces",0.002150443848222494,0
dense_20f_stride10:5399ef86-4df9-49bc-809f-8f4f92f9e659__ep6:qa:240,5399ef86-4df9-49bc-809f-8f4f92f9e659__ep6,test,2460,2479,Assembling a jigsaw puzzle,Search for and pick up puzzle piece,"Moving, placing, and adjusting puzzle pieces",0.00235564517788589,0
dense_20f_stride10:5399ef86-4df9-49bc-809f-8f4f92f9e659__ep6:qa:241,5399ef86-4df9-49bc-809f-8f4f92f9e659__ep6,test,2470,2489,Assembling a jigsaw puzzle,Search for and pick up puzzle piece,"Moving, placing, and adjusting puzzle pieces",0.0023793033324182034,0
dense_20f_stride10:5399ef86-4df9-49bc-809f-8f4f92f9e659__ep6:qa:272,5399ef86-4df9-49bc-809f-8f4f92f9e659__ep6,test,2800,2819,Assembling a jigsaw puzzle,Release and adjust puzzle piece,"Moving, placing, and adjusting puzzle pieces",0.00233533326536417,0
dense_20f_stride10:5399ef86-4df9-49bc-809f-8f4f92f9e659__ep6:qa:273,5399ef86-4df9-49bc-809f-8f4f92f9e659__ep6,test,2810,2829,Assembling a jigsaw puzzle,Release and adjust puzzle piece,"Moving, placing, and adjusting puzzle pieces",0.0022960309870541096,0
dense_20f_stride10:5399ef86-4df9-49bc-809f-8f4f92f9e659__ep6:qa:274,5399ef86-4df9-49bc-809f-8f4f92f9e659__ep6,test,2820,2839,Assembling a jigsaw puzzle,Release and adjust puzzle piece,"Moving, placing, and adjusting puzzle pieces",0.0022587794810533524,0
dense_20f_stride10:5399ef86-4df9-49bc-809f-8f4f92f9e659__ep6:qa:275,5399ef86-4df9-49bc-809f-8f4f92f9e659__ep6,test,2830,2849,Assembling a jigsaw puzzle,Release and adjust puzzle piece,Adjusting puzzle piece,0.002093852963298559,0
dense_20f_stride10:5399ef86-4df9-49bc-809f-8f4f92f9e659__ep6:qa:276,5399ef86-4df9-49bc-809f-8f4f92f9e659__ep6,test,2840,2859,Assembling a jigsaw puzzle,Release and adjust puzzle piece,"Moving, placing, and adjusting puzzle pieces",0.0022213777992874384,0
dense_20f_stride10:5399ef86-4df9-49bc-809f-8f4f92f9e659__ep6:qa:277,5399ef86-4df9-49bc-809f-8f4f92f9e659__ep6,test,2850,2869,Assembling a jigsaw puzzle,Release and adjust puzzle piece,Placing and scanning for puzzle pieces,0.0021197693422436714,0
dense_20f_stride10:5399ef86-4df9-49bc-809f-8f4f92f9e659__ep6:qa:278,5399ef86-4df9-49bc-809f-8f4f92f9e659__ep6,test,2860,2879,Assembling a jigsaw puzzle,Release and adjust puzzle piece,"Moving, placing, and adjusting puzzle pieces",0.0023603374138474464,0
dense_20f_stride10:5399ef86-4df9-49bc-809f-8f4f92f9e659__ep6:qa:279,5399ef86-4df9-49bc-809f-8f4f92f9e659__ep6,test,2880,2899,Assembling a jigsaw puzzle,"Reach for, pick up, and attempt to fit puzzle piece",Adjusting puzzle piece,0.002321316162124276,0
dense_20f_stride10:5399ef86-4df9-49bc-809f-8f4f92f9e659__ep6:qa:280,5399ef86-4df9-49bc-809f-8f4f92f9e659__ep6,test,2890,2909,Assembling a jigsaw puzzle,"Reach for, pick up, and attempt to fit puzzle piece",Manipulating puzzle pieces,0.0021320502273738384,0
dense_20f_stride10:5399ef86-4df9-49bc-809f-8f4f92f9e659__ep6:qa:281,5399ef86-4df9-49bc-809f-8f4f92f9e659__ep6,test,2900,2919,Assembling a jigsaw puzzle,"Reach for, pick up, and attempt to fit puzzle piece",Manipulating puzzle pieces,0.002280424814671278,0
dense_20f_stride10:5399ef86-4df9-49bc-809f-8f4f92f9e659__ep6:qa:282,5399ef86-4df9-49bc-809f-8f4f92f9e659__ep6,test,2910,2929,Assembling a jigsaw puzzle,"Reach for, pick up, and attempt to fit puzzle piece","Moving, placing, and adjusting puzzle pieces",0.0022984968964010477,0
dense_20f_stride10:5399ef86-4df9-49bc-809f-8f4f92f9e659__ep6:qa:283,5399ef86-4df9-49bc-809f-8f4f92f9e659__ep6,test,2920,2939,Assembling a jigsaw puzzle,"Reach for, pick up, and attempt to fit puzzle piece",Adjusting puzzle piece,0.002302579116076231,0
dense_20f_stride10:5399ef86-4df9-49bc-809f-8f4f92f9e659__ep6:qa:284,5399ef86-4df9-49bc-809f-8f4f92f9e659__ep6,test,2930,2949,Assembling a jigsaw puzzle,"Reach for, pick up, and attempt to fit puzzle piece",Adjusting puzzle piece,0.002108220709487796,0
dense_20f_stride10:5399ef86-4df9-49bc-809f-8f4f92f9e659__ep6:qa:285,5399ef86-4df9-49bc-809f-8f4f92f9e659__ep6,test,2940,2959,Assembling a jigsaw puzzle,"Reach for, pick up, and attempt to fit puzzle piece",Adjusting puzzle piece,0.0022206553258001804,0
dense_20f_stride10:5399ef86-4df9-49bc-809f-8f4f92f9e659__ep6:qa:286,5399ef86-4df9-49bc-809f-8f4f92f9e659__ep6,test,2950,2969,Assembling a jigsaw puzzle,"Reach for, pick up, and attempt to fit puzzle piece","Moving, placing, and adjusting puzzle pieces",0.0022318868432193995,0
dense_20f_stride10:5399ef86-4df9-49bc-809f-8f4f92f9e659__ep6:qa:287,5399ef86-4df9-49bc-809f-8f4f92f9e659__ep6,test,2960,2979,Assembling a jigsaw puzzle,"Reach for, pick up, and attempt to fit puzzle piece",Adjusting puzzle piece,0.002223823918029666,0
dense_20f_stride10:5399ef86-4df9-49bc-809f-8f4f92f9e659__ep6:qa:290,5399ef86-4df9-49bc-809f-8f4f92f9e659__ep6,test,3000,3019,Assembling a jigsaw puzzle,"Reach for, pick up, and attempt to fit puzzle piece",Adjusting puzzle piece,0.002434692345559597,0
dense_20f_stride10:5399ef86-4df9-49bc-809f-8f4f92f9e659__ep6:qa:291,5399ef86-4df9-49bc-809f-8f4f92f9e659__ep6,test,3010,3029,Assembling a jigsaw puzzle,"Reach for, pick up, and attempt to fit puzzle piece",Adjusting puzzle piece,0.0022754871752113104,0
dense_20f_stride10:5399ef86-4df9-49bc-809f-8f4f92f9e659__ep6:qa:292,5399ef86-4df9-49bc-809f-8f4f92f9e659__ep6,test,3020,3039,Assembling a jigsaw puzzle,"Reach for, pick up, and attempt to fit puzzle piece",Adjusting puzzle piece,0.0022728233598172665,0
dense_20f_stride10:5399ef86-4df9-49bc-809f-8f4f92f9e659__ep6:qa:293,5399ef86-4df9-49bc-809f-8f4f92f9e659__ep6,test,3030,3049,Assembling a jigsaw puzzle,"Reach for, pick up, and attempt to fit puzzle piece",Adjusting puzzle piece,0.0022465826477855444,0
dense_20f_stride10:5399ef86-4df9-49bc-809f-8f4f92f9e659__ep6:qa:294,5399ef86-4df9-49bc-809f-8f4f92f9e659__ep6,test,3040,3059,Assembling a jigsaw puzzle,"Reach for, pick up, and attempt to fit puzzle piece","Moving, placing, and adjusting puzzle pieces",0.00234094331972301,0
dense_20f_stride10:5399ef86-4df9-49bc-809f-8f4f92f9e659__ep6:qa:295,5399ef86-4df9-49bc-809f-8f4f92f9e659__ep6,test,3050,3069,Assembling a jigsaw puzzle,"Reach for, pick up, and attempt to fit puzzle piece",Adjusting puzzle piece,0.0021988244261592627,0
dense_20f_stride10:5399ef86-4df9-49bc-809f-8f4f92f9e659__ep6:qa:296,5399ef86-4df9-49bc-809f-8f4f92f9e659__ep6,test,3060,3079,Assembling a jigsaw puzzle,"Reach for, pick up, and attempt to fit puzzle piece","Moving, placing, and adjusting puzzle pieces",0.0023321625776588917,0
dense_20f_stride10:5399ef86-4df9-49bc-809f-8f4f92f9e659__ep6:qa:308,5399ef86-4df9-49bc-809f-8f4f92f9e659__ep6,test,3200,3219,Assembling a jigsaw puzzle,"Reach for, pick up, and attempt to fit puzzle piece","Moving, placing, and adjusting puzzle pieces",0.0021940558217465878,0
dense_20f_stride10:5399ef86-4df9-49bc-809f-8f4f92f9e659__ep6:qa:309,5399ef86-4df9-49bc-809f-8f4f92f9e659__ep6,test,3210,3229,Assembling a jigsaw puzzle,"Reach for, pick up, and attempt to fit puzzle piece","Moving, placing, and adjusting puzzle pieces",0.0022756794933229685,0
dense_20f_stride10:5399ef86-4df9-49bc-809f-8f4f92f9e659__ep6:qa:310,5399ef86-4df9-49bc-809f-8f4f92f9e659__ep6,test,3220,3239,Assembling a jigsaw puzzle,"Reach for, pick up, and attempt to fit puzzle piece",Adjusting puzzle piece,0.0022078827023506165,0
dense_20f_stride10:5399ef86-4df9-49bc-809f-8f4f92f9e659__ep6:qa:311,5399ef86-4df9-49bc-809f-8f4f92f9e659__ep6,test,3230,3249,Assembling a jigsaw puzzle,"Reach for, pick up, and attempt to fit puzzle piece","Moving, placing, and adjusting puzzle pieces",0.0023050145246088505,0
dense_20f_stride10:5399ef86-4df9-49bc-809f-8f4f92f9e659__ep6:qa:312,5399ef86-4df9-49bc-809f-8f4f92f9e659__ep6,test,3240,3259,Assembling a jigsaw puzzle,"Reach for, pick up, and attempt to fit puzzle piece","Moving, placing, and adjusting puzzle pieces",0.0022364140022546053,0
dense_20f_stride10:5399ef86-4df9-49bc-809f-8f4f92f9e659__ep6:qa:313,5399ef86-4df9-49bc-809f-8f4f92f9e659__ep6,test,3250,3269,Assembling a jigsaw puzzle,"Reach for, pick up, and attempt to fit puzzle piece",Adjusting puzzle piece,0.0022931727580726147,0
dense_20f_stride10:5399ef86-4df9-49bc-809f-8f4f92f9e659__ep6:qa:314,5399ef86-4df9-49bc-809f-8f4f92f9e659__ep6,test,3260,3279,Assembling a jigsaw puzzle,"Reach for, pick up, and attempt to fit puzzle piece",Finishing cutting and switching to phone,0.0021611619740724564,0
dense_20f_stride10:5399ef86-4df9-49bc-809f-8f4f92f9e659__ep6:qa:315,5399ef86-4df9-49bc-809f-8f4f92f9e659__ep6,test,3270,3289,Assembling a jigsaw puzzle,"Reach for, pick up, and attempt to fit puzzle piece","Moving, placing, and adjusting puzzle pieces",0.0023543427232652903,0
dense_20f_stride10:5399ef86-4df9-49bc-809f-8f4f92f9e659__ep6:qa:316,5399ef86-4df9-49bc-809f-8f4f92f9e659__ep6,test,3280,3299,Assembling a jigsaw puzzle,"Reach for, pick up, and attempt to fit puzzle piece",Adjusting puzzle piece,0.0021910476498305798,0
dense_20f_stride10:5399ef86-4df9-49bc-809f-8f4f92f9e659__ep6:qa:366,5399ef86-4df9-49bc-809f-8f4f92f9e659__ep6,test,3800,3819,Assembling a jigsaw puzzle,Sort puzzle pieces,Adjusting puzzle piece,0.0021786103025078773,0
dense_20f_stride10:5399ef86-4df9-49bc-809f-8f4f92f9e659__ep6:qa:367,5399ef86-4df9-49bc-809f-8f4f92f9e659__ep6,test,3810,3829,Assembling a jigsaw puzzle,Sort puzzle pieces,"Moving, placing, and adjusting puzzle pieces",0.002204085700213909,0
dense_20f_stride10:5399ef86-4df9-49bc-809f-8f4f92f9e659__ep6:qa:368,5399ef86-4df9-49bc-809f-8f4f92f9e659__ep6,test,3820,3839,Assembling a jigsaw puzzle,Sort puzzle pieces,"Moving, placing, and adjusting puzzle pieces",0.0022506096865981817,0
dense_20f_stride10:5399ef86-4df9-49bc-809f-8f4f92f9e659__ep6:qa:369,5399ef86-4df9-49bc-809f-8f4f92f9e659__ep6,test,3830,3849,Assembling a jigsaw puzzle,Sort puzzle pieces,Manipulating puzzle pieces,0.002102356404066086,0
dense_20f_stride10:5399ef86-4df9-49bc-809f-8f4f92f9e659__ep6:qa:370,5399ef86-4df9-49bc-809f-8f4f92f9e659__ep6,test,3840,3859,Assembling a jigsaw puzzle,Sort puzzle pieces,Adjusting puzzle piece,0.0022799763828516006,0
dense_20f_stride10:5399ef86-4df9-49bc-809f-8f4f92f9e659__ep6:qa:371,5399ef86-4df9-49bc-809f-8f4f92f9e659__ep6,test,3850,3869,Assembling a jigsaw puzzle,Sort puzzle pieces,Adjusting puzzle piece,0.002142256358638406,0
dense_20f_stride10:5399ef86-4df9-49bc-809f-8f4f92f9e659__ep6:qa:372,5399ef86-4df9-49bc-809f-8f4f92f9e659__ep6,test,3860,3879,Assembling a jigsaw puzzle,Sort puzzle pieces,Adjusting puzzle piece,0.0023316622246056795,0
dense_20f_stride10:5399ef86-4df9-49bc-809f-8f4f92f9e659__ep6:qa:373,5399ef86-4df9-49bc-809f-8f4f92f9e659__ep6,test,3870,3889,Assembling a jigsaw puzzle,Sort puzzle pieces,Adjusting puzzle piece,0.002239482244476676,0
dense_20f_stride10:b750fab3-7fbb-43a0-b451-c64c4d4a64da__ep1:qa:0,b750fab3-7fbb-43a0-b451-c64c4d4a64da__ep1,test,0,19,Crafting with beads and paper strips,Walking to the crafting area,Prepare workspace and tools,0.0019985868129879236,0
dense_20f_stride10:b750fab3-7fbb-43a0-b451-c64c4d4a64da__ep1:qa:1,b750fab3-7fbb-43a0-b451-c64c4d4a64da__ep1,test,10,29,Crafting with beads and paper strips,Walking to the crafting area,Folding paper strips while using phone,0.002013541990891099,0
dense_20f_stride10:b750fab3-7fbb-43a0-b451-c64c4d4a64da__ep1:qa:2,b750fab3-7fbb-43a0-b451-c64c4d4a64da__ep1,test,20,39,Crafting with beads and paper strips,Walking to the crafting area,Folding paper strips while using phone,0.0020118034444749355,0
dense_20f_stride10:b750fab3-7fbb-43a0-b451-c64c4d4a64da__ep1:qa:3,b750fab3-7fbb-43a0-b451-c64c4d4a64da__ep1,test,30,49,Crafting with beads and paper strips,Walking to the crafting area,Folding paper strips while using phone,0.0019939090125262737,0
dense_20f_stride10:b750fab3-7fbb-43a0-b451-c64c4d4a64da__ep1:qa:4,b750fab3-7fbb-43a0-b451-c64c4d4a64da__ep1,test,40,59,Crafting with beads and paper strips,Walking to the crafting area,Prepare workspace and tools,0.0020258240401744843,0
dense_20f_stride10:b750fab3-7fbb-43a0-b451-c64c4d4a64da__ep1:qa:39,b750fab3-7fbb-43a0-b451-c64c4d4a64da__ep1,test,400,419,Crafting with beads and paper strips,Preparing materials,Folding paper strips while using phone,0.001990215154364705,0
dense_20f_stride10:b750fab3-7fbb-43a0-b451-c64c4d4a64da__ep1:qa:40,b750fab3-7fbb-43a0-b451-c64c4d4a64da__ep1,test,410,429,Crafting with beads and paper strips,Preparing materials,Arrange paper strips,0.0019296869868412614,0
dense_20f_stride10:b750fab3-7fbb-43a0-b451-c64c4d4a64da__ep1:qa:41,b750fab3-7fbb-43a0-b451-c64c4d4a64da__ep1,test,420,439,Crafting with beads and paper strips,Preparing materials,Arrange paper strips,0.0020182577427476645,0
dense_20f_stride10:b750fab3-7fbb-43a0-b451-c64c4d4a64da__ep1:qa:42,b750fab3-7fbb-43a0-b451-c64c4d4a64da__ep1,test,430,449,Crafting with beads and paper strips,Preparing materials,Manipulate paper strips,0.0018759326776489615,0
dense_20f_stride10:b750fab3-7fbb-43a0-b451-c64c4d4a64da__ep1:qa:43,b750fab3-7fbb-43a0-b451-c64c4d4a64da__ep1,test,440,459,Crafting with beads and paper strips,Preparing materials,Folding paper strips while using phone,0.0020069745369255543,0
dense_20f_stride10:b750fab3-7fbb-43a0-b451-c64c4d4a64da__ep1:qa:44,b750fab3-7fbb-43a0-b451-c64c4d4a64da__ep1,test,450,469,Crafting with beads and paper strips,Preparing materials,Sorting and counting beads,0.0020324706565588713,0
dense_20f_stride10:b750fab3-7fbb-43a0-b451-c64c4d4a64da__ep1:qa:54,b750fab3-7fbb-43a0-b451-c64c4d4a64da__ep1,test,560,579,Crafting with beads and paper strips,Preparing materials,Folding paper strips while using phone,0.002016030251979828,0
dense_20f_stride10:b750fab3-7fbb-43a0-b451-c64c4d4a64da__ep1:qa:55,b750fab3-7fbb-43a0-b451-c64c4d4a64da__ep1,test,570,589,Crafting with beads and paper strips,Preparing materials,Folding paper strips while using phone,0.0019306399626657367,0
dense_20f_stride10:b750fab3-7fbb-43a0-b451-c64c4d4a64da__ep1:qa:56,b750fab3-7fbb-43a0-b451-c64c4d4a64da__ep1,test,580,599,Crafting with beads and paper strips,Preparing materials,Folding paper strips while using phone,0.001970436656847596,0
dense_20f_stride10:b750fab3-7fbb-43a0-b451-c64c4d4a64da__ep1:qa:57,b750fab3-7fbb-43a0-b451-c64c4d4a64da__ep1,test,590,609,Crafting with beads and paper strips,Preparing materials,Manipulate paper strips,0.0019374710973352194,0
dense_20f_stride10:b750fab3-7fbb-43a0-b451-c64c4d4a64da__ep1:qa:58,b750fab3-7fbb-43a0-b451-c64c4d4a64da__ep1,test,600,619,Crafting with beads and paper strips,Preparing materials,Folding paper strips while using phone,0.0019826851785182953,0
dense_20f_stride10:b750fab3-7fbb-43a0-b451-c64c4d4a64da__ep1:qa:65,b750fab3-7fbb-43a0-b451-c64c4d4a64da__ep1,test,680,699,Crafting with beads and paper strips,Using phone,Folding paper strips while using phone,0.0020462165120989084,0
dense_20f_stride10:b750fab3-7fbb-43a0-b451-c64c4d4a64da__ep1:qa:66,b750fab3-7fbb-43a0-b451-c64c4d4a64da__ep1,test,690,709,Crafting with beads and paper strips,Using phone,Folding paper strips while using phone,0.0019575001206249,0
dense_20f_stride10:b750fab3-7fbb-43a0-b451-c64c4d4a64da__ep1:qa:67,b750fab3-7fbb-43a0-b451-c64c4d4a64da__ep1,test,700,719,Crafting with beads and paper strips,Using phone,Folding paper strips,0.0019223371054977179,0
dense_20f_stride10:b750fab3-7fbb-43a0-b451-c64c4d4a64da__ep1:qa:68,b750fab3-7fbb-43a0-b451-c64c4d4a64da__ep1,test,710,729,Crafting with beads and paper strips,Using phone,Folding paper strips while using phone,0.001995075261220336,0
dense_20f_stride10:b750fab3-7fbb-43a0-b451-c64c4d4a64da__ep1:qa:69,b750fab3-7fbb-43a0-b451-c64c4d4a64da__ep1,test,720,739,Crafting with beads and paper strips,Using phone,Folding paper strips while using phone,0.002075958764180541,0
dense_20f_stride10:b750fab3-7fbb-43a0-b451-c64c4d4a64da__ep1:qa:70,b750fab3-7fbb-43a0-b451-c64c4d4a64da__ep1,test,730,749,Crafting with beads and paper strips,Using phone,Manipulate paper strips,0.0019376255804672837,0
dense_20f_stride10:b750fab3-7fbb-43a0-b451-c64c4d4a64da__ep1:qa:76,b750fab3-7fbb-43a0-b451-c64c4d4a64da__ep1,test,800,819,Crafting with beads and paper strips,Using phone,Manipulate paper strips,0.0019531662110239267,0
dense_20f_stride10:b750fab3-7fbb-43a0-b451-c64c4d4a64da__ep1:qa:77,b750fab3-7fbb-43a0-b451-c64c4d4a64da__ep1,test,810,829,Crafting with beads and paper strips,Using phone,Folding paper strips while using phone,0.0019557075574994087,0
dense_20f_stride10:b750fab3-7fbb-43a0-b451-c64c4d4a64da__ep1:qa:78,b750fab3-7fbb-43a0-b451-c64c4d4a64da__ep1,test,820,839,Crafting with beads and paper strips,Using phone,Manipulate paper strips,0.001959857065230608,0
dense_20f_stride10:b750fab3-7fbb-43a0-b451-c64c4d4a64da__ep1:qa:79,b750fab3-7fbb-43a0-b451-c64c4d4a64da__ep1,test,830,849,Crafting with beads and paper strips,Using phone,Folding paper strips while using phone,0.0020182691514492035,0
dense_20f_stride10:b750fab3-7fbb-43a0-b451-c64c4d4a64da__ep1:qa:80,b750fab3-7fbb-43a0-b451-c64c4d4a64da__ep1,test,840,859,Crafting with beads and paper strips,Using phone,Manipulate paper strips,0.001976413419470191,0
dense_20f_stride10:b750fab3-7fbb-43a0-b451-c64c4d4a64da__ep1:qa:135,b750fab3-7fbb-43a0-b451-c64c4d4a64da__ep1,test,1400,1419,Crafting with beads and paper strips,Assembling material pieces,Manipulate paper strips,0.0019376239506527781,0
dense_20f_stride10:b750fab3-7fbb-43a0-b451-c64c4d4a64da__ep1:qa:136,b750fab3-7fbb-43a0-b451-c64c4d4a64da__ep1,test,1410,1429,Crafting with beads and paper strips,Assembling material pieces,Folding paper strips while using phone,0.0019244475988671184,0
dense_20f_stride10:b750fab3-7fbb-43a0-b451-c64c4d4a64da__ep1:qa:137,b750fab3-7fbb-43a0-b451-c64c4d4a64da__ep1,test,1420,1439,Crafting with beads and paper strips,Assembling material pieces,Manipulate paper strips,0.001950373058207333,0
dense_20f_stride10:b750fab3-7fbb-43a0-b451-c64c4d4a64da__ep1:qa:138,b750fab3-7fbb-43a0-b451-c64c4d4a64da__ep1,test,1430,1449,Crafting with beads and paper strips,Assembling material pieces,Folding paper strips while using phone,0.0019410551758483052,0
dense_20f_stride10:b750fab3-7fbb-43a0-b451-c64c4d4a64da__ep1:qa:139,b750fab3-7fbb-43a0-b451-c64c4d4a64da__ep1,test,1440,1459,Crafting with beads and paper strips,Assembling material pieces,Manipulate paper strips,0.001971347024664283,0
dense_20f_stride10:b750fab3-7fbb-43a0-b451-c64c4d4a64da__ep1:qa:140,b750fab3-7fbb-43a0-b451-c64c4d4a64da__ep1,test,1450,1469,Crafting with beads and paper strips,Assembling material pieces,Manipulate paper strips,0.001908493461087346,0
dense_20f_stride10:b750fab3-7fbb-43a0-b451-c64c4d4a64da__ep1:qa:142,b750fab3-7fbb-43a0-b451-c64c4d4a64da__ep1,test,1480,1499,Crafting with beads and paper strips,Assembling material pieces,Folding paper strips while using phone,0.0019431740511208773,0
dense_20f_stride10:b750fab3-7fbb-43a0-b451-c64c4d4a64da__ep1:qa:143,b750fab3-7fbb-43a0-b451-c64c4d4a64da__ep1,test,1490,1509,Crafting with beads and paper strips,Assembling material pieces,Folding paper strips while using phone,0.0018602974014356732,0
dense_20f_stride10:b750fab3-7fbb-43a0-b451-c64c4d4a64da__ep1:qa:144,b750fab3-7fbb-43a0-b451-c64c4d4a64da__ep1,test,1500,1519,Crafting with beads and paper strips,Assembling material pieces,Manipulate paper strips,0.0018985143397003412,0
dense_20f_stride10:b750fab3-7fbb-43a0-b451-c64c4d4a64da__ep1:qa:145,b750fab3-7fbb-43a0-b451-c64c4d4a64da__ep1,test,1510,1529,Crafting with beads and paper strips,Assembling material pieces,Folding paper strips while using phone,0.00195212266407907,0
dense_20f_stride10:b750fab3-7fbb-43a0-b451-c64c4d4a64da__ep1:qa:146,b750fab3-7fbb-43a0-b451-c64c4d4a64da__ep1,test,1520,1539,Crafting with beads and paper strips,Assembling material pieces,Stacking cardboard pieces,0.0023787233512848616,0
dense_20f_stride10:b750fab3-7fbb-43a0-b451-c64c4d4a64da__ep1:qa:147,b750fab3-7fbb-43a0-b451-c64c4d4a64da__ep1,test,1530,1549,Crafting with beads and paper strips,Assembling material pieces,Folding paper strips while using phone,0.0019034768920391798,0
dense_20f_stride10:b750fab3-7fbb-43a0-b451-c64c4d4a64da__ep1:qa:157,b750fab3-7fbb-43a0-b451-c64c4d4a64da__ep1,test,1640,1659,Crafting with beads and paper strips,Assembling material pieces,Folding paper strips while using phone,0.001926896977238357,0
dense_20f_stride10:b750fab3-7fbb-43a0-b451-c64c4d4a64da__ep1:qa:158,b750fab3-7fbb-43a0-b451-c64c4d4a64da__ep1,test,1650,1669,Crafting with beads and paper strips,Manipulating yellow strips,Folding paper strips while using phone,0.001901976647786796,0
dense_20f_stride10:b750fab3-7fbb-43a0-b451-c64c4d4a64da__ep1:qa:159,b750fab3-7fbb-43a0-b451-c64c4d4a64da__ep1,test,1660,1679,Crafting with beads and paper strips,Manipulating yellow strips,Folding paper strips while using phone,0.0019436456495895982,0
dense_20f_stride10:b750fab3-7fbb-43a0-b451-c64c4d4a64da__ep1:qa:160,b750fab3-7fbb-43a0-b451-c64c4d4a64da__ep1,test,1670,1689,Crafting with beads and paper strips,Manipulating yellow strips,Cut newspaper,0.0020017833448946476,0
dense_20f_stride10:b750fab3-7fbb-43a0-b451-c64c4d4a64da__ep1:qa:161,b750fab3-7fbb-43a0-b451-c64c4d4a64da__ep1,test,1680,1699,Crafting with beads and paper strips,Manipulating yellow strips,Folding paper strips while using phone,0.00198705168440938,0
dense_20f_stride10:b750fab3-7fbb-43a0-b451-c64c4d4a64da__ep1:qa:172,b750fab3-7fbb-43a0-b451-c64c4d4a64da__ep1,test,1800,1819,Crafting with beads and paper strips,Manipulating yellow strips,Positioning paper strip,0.0019151248270645738,0
dense_20f_stride10:b750fab3-7fbb-43a0-b451-c64c4d4a64da__ep1:qa:173,b750fab3-7fbb-43a0-b451-c64c4d4a64da__ep1,test,1810,1829,Crafting with beads and paper strips,Manipulating yellow strips,Folding paper strips while using phone,0.001861436991021037,0
dense_20f_stride10:b750fab3-7fbb-43a0-b451-c64c4d4a64da__ep1:qa:174,b750fab3-7fbb-43a0-b451-c64c4d4a64da__ep1,test,1820,1839,Crafting with beads and paper strips,Manipulating yellow strips,Folding paper strips while using phone,0.0019553869497030973,0
dense_20f_stride10:b750fab3-7fbb-43a0-b451-c64c4d4a64da__ep1:qa:175,b750fab3-7fbb-43a0-b451-c64c4d4a64da__ep1,test,1830,1849,Crafting with beads and paper strips,Manipulating yellow strips,Folding paper strips while using phone,0.0018514101393520832,0
dense_20f_stride10:b750fab3-7fbb-43a0-b451-c64c4d4a64da__ep1:qa:176,b750fab3-7fbb-43a0-b451-c64c4d4a64da__ep1,test,1840,1859,Crafting with beads and paper strips,Manipulating yellow strips,Form paper strip into a star,0.0019216324435546994,0
dense_20f_stride10:b750fab3-7fbb-43a0-b451-c64c4d4a64da__ep1:qa:177,b750fab3-7fbb-43a0-b451-c64c4d4a64da__ep1,test,1850,1869,Crafting with beads and paper strips,Manipulating yellow strips,Folding paper strips while using phone,0.0019577140919864178,0
dense_20f_stride10:b750fab3-7fbb-43a0-b451-c64c4d4a64da__ep1:qa:231,b750fab3-7fbb-43a0-b451-c64c4d4a64da__ep1,test,2400,2419,Crafting with beads and paper strips,Working with paper strips,Folding paper strips while using phone,0.001939502777531743,0
dense_20f_stride10:b750fab3-7fbb-43a0-b451-c64c4d4a64da__ep1:qa:232,b750fab3-7fbb-43a0-b451-c64c4d4a64da__ep1,test,2410,2429,Crafting with beads and paper strips,Working with paper strips,Manipulate paper strips,0.0018767499132081866,0
dense_20f_stride10:b750fab3-7fbb-43a0-b451-c64c4d4a64da__ep1:qa:233,b750fab3-7fbb-43a0-b451-c64c4d4a64da__ep1,test,2420,2439,Crafting with beads and paper strips,Working with paper strips,Cut light green fabric,0.0019916296005249023,0
dense_20f_stride10:b750fab3-7fbb-43a0-b451-c64c4d4a64da__ep1:qa:234,b750fab3-7fbb-43a0-b451-c64c4d4a64da__ep1,test,2430,2449,Crafting with beads and paper strips,Working with paper strips,Folding paper strips while using phone,0.0018967046635225415,0
dense_20f_stride10:b750fab3-7fbb-43a0-b451-c64c4d4a64da__ep1:qa:235,b750fab3-7fbb-43a0-b451-c64c4d4a64da__ep1,test,2440,2459,Crafting with beads and paper strips,Working with paper strips,Folding paper strips while using phone,0.001880959956906736,0
dense_20f_stride10:b750fab3-7fbb-43a0-b451-c64c4d4a64da__ep1:qa:236,b750fab3-7fbb-43a0-b451-c64c4d4a64da__ep1,test,2450,2469,Crafting with beads and paper strips,Working with paper strips,Folding paper strips while using phone,0.001833930378779769,0
dense_20f_stride10:b750fab3-7fbb-43a0-b451-c64c4d4a64da__ep1:qa:290,b750fab3-7fbb-43a0-b451-c64c4d4a64da__ep1,test,3000,3019,Crafting with beads and paper strips,Working with paper strips,Manipulate paper strips,0.0019711386412382126,0
dense_20f_stride10:b750fab3-7fbb-43a0-b451-c64c4d4a64da__ep1:qa:291,b750fab3-7fbb-43a0-b451-c64c4d4a64da__ep1,test,3010,3029,Crafting with beads and paper strips,Working with paper strips,Drawing grid lines with a pen,0.0019246876472607255,0
dense_20f_stride10:b750fab3-7fbb-43a0-b451-c64c4d4a64da__ep1:qa:292,b750fab3-7fbb-43a0-b451-c64c4d4a64da__ep1,test,3020,3039,Crafting with beads and paper strips,Working with paper strips,Folding paper strips while using phone,0.0019159256480634212,0
dense_20f_stride10:b750fab3-7fbb-43a0-b451-c64c4d4a64da__ep1:qa:293,b750fab3-7fbb-43a0-b451-c64c4d4a64da__ep1,test,3030,3049,Crafting with beads and paper strips,Working with paper strips,Manipulate paper strips,0.0018660789355635643,0
dense_20f_stride10:b750fab3-7fbb-43a0-b451-c64c4d4a64da__ep1:qa:294,b750fab3-7fbb-43a0-b451-c64c4d4a64da__ep1,test,3040,3059,Crafting with beads and paper strips,Working with paper strips,Folding paper strips while using phone,0.0019329279894009233,0
dense_20f_stride10:b750fab3-7fbb-43a0-b451-c64c4d4a64da__ep1:qa:295,b750fab3-7fbb-43a0-b451-c64c4d4a64da__ep1,test,3050,3069,Crafting with beads and paper strips,Working with paper strips,Manipulate paper strips,0.0018760496750473976,0
dense_20f_stride10:b750fab3-7fbb-43a0-b451-c64c4d4a64da__ep1:qa:369,b750fab3-7fbb-43a0-b451-c64c4d4a64da__ep1,test,3800,3819,Crafting with beads and paper strips,Manipulating beads,Select and handle paper strips,0.002076397417113185,0
dense_20f_stride10:b750fab3-7fbb-43a0-b451-c64c4d4a64da__ep1:qa:370,b750fab3-7fbb-43a0-b451-c64c4d4a64da__ep1,test,3810,3829,Crafting with beads and paper strips,Manipulating beads,Select and handle paper strips,0.0019069727277383208,0
dense_20f_stride10:b750fab3-7fbb-43a0-b451-c64c4d4a64da__ep1:qa:371,b750fab3-7fbb-43a0-b451-c64c4d4a64da__ep1,test,3820,3839,Crafting with beads and paper strips,Manipulating beads,Select and handle paper strips,0.0019428357481956482,0
dense_20f_stride10:b750fab3-7fbb-43a0-b451-c64c4d4a64da__ep1:qa:372,b750fab3-7fbb-43a0-b451-c64c4d4a64da__ep1,test,3830,3849,Crafting with beads and paper strips,Manipulating beads,Select and handle paper strips,0.0019560286309570074,0
dense_20f_stride10:b750fab3-7fbb-43a0-b451-c64c4d4a64da__ep1:qa:373,b750fab3-7fbb-43a0-b451-c64c4d4a64da__ep1,test,3840,3859,Crafting with beads and paper strips,Manipulating beads,Select and handle paper strips,0.002067563124001026,0
dense_20f_stride10:b750fab3-7fbb-43a0-b451-c64c4d4a64da__ep1:qa:374,b750fab3-7fbb-43a0-b451-c64c4d4a64da__ep1,test,3850,3869,Crafting with beads and paper strips,Manipulating beads,Select and handle paper strips,0.0019419601885601878,0
dense_20f_stride10:b750fab3-7fbb-43a0-b451-c64c4d4a64da__ep1:qa:428,b750fab3-7fbb-43a0-b451-c64c4d4a64da__ep1,test,4400,4419,Crafting with beads and paper strips,Manipulating beads,Observe workspace,0.0019094498129561543,0
dense_20f_stride10:b750fab3-7fbb-43a0-b451-c64c4d4a64da__ep1:qa:429,b750fab3-7fbb-43a0-b451-c64c4d4a64da__ep1,test,4410,4429,Crafting with beads and paper strips,Manipulating beads,Hold small object,0.0019042487256228924,0
dense_20f_stride10:b750fab3-7fbb-43a0-b451-c64c4d4a64da__ep1:qa:430,b750fab3-7fbb-43a0-b451-c64c4d4a64da__ep1,test,4420,4439,Crafting with beads and paper strips,Manipulating beads,Browse and interact with phone interface,0.0019054632866755128,0
dense_20f_stride10:b750fab3-7fbb-43a0-b451-c64c4d4a64da__ep1:qa:431,b750fab3-7fbb-43a0-b451-c64c4d4a64da__ep1,test,4430,4449,Crafting with beads and paper strips,Manipulating beads,Observe workspace,0.0018652158323675394,0
dense_20f_stride10:b750fab3-7fbb-43a0-b451-c64c4d4a64da__ep1:qa:432,b750fab3-7fbb-43a0-b451-c64c4d4a64da__ep1,test,4440,4459,Crafting with beads and paper strips,Manipulating beads,Manipulating paper strips,0.0018809791654348373,0
dense_20f_stride10:b750fab3-7fbb-43a0-b451-c64c4d4a64da__ep1:qa:433,b750fab3-7fbb-43a0-b451-c64c4d4a64da__ep1,test,4450,4469,Crafting with beads and paper strips,Manipulating beads,Holding quilled paper piece,0.0019096306059509516,0
dense_20f_stride10:b750fab3-7fbb-43a0-b451-c64c4d4a64da__ep1:qa:467,b750fab3-7fbb-43a0-b451-c64c4d4a64da__ep1,test,4800,4819,Crafting with beads and paper strips,Using phone and resuming work,Hold small object,0.0021553586702793837,0
dense_20f_stride10:b750fab3-7fbb-43a0-b451-c64c4d4a64da__ep1:qa:468,b750fab3-7fbb-43a0-b451-c64c4d4a64da__ep1,test,4810,4829,Crafting with beads and paper strips,Using phone and resuming work,Manipulating paper strips,0.0019452591659501195,0
dense_20f_stride10:b750fab3-7fbb-43a0-b451-c64c4d4a64da__ep1:qa:469,b750fab3-7fbb-43a0-b451-c64c4d4a64da__ep1,test,4820,4839,Crafting with beads and paper strips,Using phone and resuming work,Hold small object,0.0020069547463208437,0
dense_20f_stride10:b750fab3-7fbb-43a0-b451-c64c4d4a64da__ep1:qa:470,b750fab3-7fbb-43a0-b451-c64c4d4a64da__ep1,test,4830,4849,Crafting with beads and paper strips,Using phone and resuming work,Hold small object,0.0019107378320768476,0
dense_20f_stride10:b750fab3-7fbb-43a0-b451-c64c4d4a64da__ep1:qa:471,b750fab3-7fbb-43a0-b451-c64c4d4a64da__ep1,test,4840,4859,Crafting with beads and paper strips,Using phone and resuming work,Observe workspace,0.0019494072766974568,0
dense_20f_stride10:b750fab3-7fbb-43a0-b451-c64c4d4a64da__ep1:qa:478,b750fab3-7fbb-43a0-b451-c64c4d4a64da__ep1,test,4920,4939,Crafting with beads and paper strips,Working with paper strips,Place down paper strip,0.0019643153063952923,0
dense_20f_stride10:b750fab3-7fbb-43a0-b451-c64c4d4a64da__ep1:qa:479,b750fab3-7fbb-43a0-b451-c64c4d4a64da__ep1,test,4930,4949,Crafting with beads and paper strips,Working with paper strips,Observe workspace,0.0018961814930662513,0
dense_20f_stride10:b750fab3-7fbb-43a0-b451-c64c4d4a64da__ep1:qa:480,b750fab3-7fbb-43a0-b451-c64c4d4a64da__ep1,test,4940,4959,Crafting with beads and paper strips,Working with paper strips,Place down paper strip,0.002306738868355751,0
dense_20f_stride10:b750fab3-7fbb-43a0-b451-c64c4d4a64da__ep1:qa:481,b750fab3-7fbb-43a0-b451-c64c4d4a64da__ep1,test,4950,4969,Crafting with beads and paper strips,Working with paper strips,Observe workspace,0.0021482245065271854,0
dense_20f_stride10:b750fab3-7fbb-43a0-b451-c64c4d4a64da__ep1:qa:482,b750fab3-7fbb-43a0-b451-c64c4d4a64da__ep1,test,4960,4979,Crafting with beads and paper strips,Working with paper strips,Resuming cutting cardboard,0.0019845361821353436,0
dense_20f_stride10:b750fab3-7fbb-43a0-b451-c64c4d4a64da__ep1:qa:485,b750fab3-7fbb-43a0-b451-c64c4d4a64da__ep1,test,5000,5019,Crafting with beads and paper strips,Working with paper strips,Resuming cutting cardboard,0.0019836665596812963,0
dense_20f_stride10:b750fab3-7fbb-43a0-b451-c64c4d4a64da__ep1:qa:486,b750fab3-7fbb-43a0-b451-c64c4d4a64da__ep1,test,5010,5029,Crafting with beads and paper strips,Working with paper strips,Resuming cutting cardboard,0.0019333893433213234,0
dense_20f_stride10:b750fab3-7fbb-43a0-b451-c64c4d4a64da__ep1:qa:487,b750fab3-7fbb-43a0-b451-c64c4d4a64da__ep1,test,5020,5039,Crafting with beads and paper strips,Working with paper strips,Resuming cutting cardboard,0.0019896067678928375,0
dense_20f_stride10:b750fab3-7fbb-43a0-b451-c64c4d4a64da__ep1:qa:488,b750fab3-7fbb-43a0-b451-c64c4d4a64da__ep1,test,5030,5049,Crafting with beads and paper strips,Working with paper strips,Resuming cutting cardboard,0.0019315932877361774,0
dense_20f_stride10:b750fab3-7fbb-43a0-b451-c64c4d4a64da__ep1:qa:489,b750fab3-7fbb-43a0-b451-c64c4d4a64da__ep1,test,5040,5059,Crafting with beads and paper strips,Working with paper strips,Resuming cutting cardboard,0.0020367722027003765,0
dense_20f_stride10:b750fab3-7fbb-43a0-b451-c64c4d4a64da__ep1:qa:490,b750fab3-7fbb-43a0-b451-c64c4d4a64da__ep1,test,5050,5069,Crafting with beads and paper strips,Working with paper strips,Observe workspace,0.001975310267880559,0
dense_20f_stride10:877779cd-25f3-4293-a3c4-39067dd9558c__ep4:qa:0,877779cd-25f3-4293-a3c4-39067dd9558c__ep4,test,0,19,Sorting and arranging buttons by color,Sort buttons by color,Sorting orange buttons,0.0020419005304574966,0
dense_20f_stride10:877779cd-25f3-4293-a3c4-39067dd9558c__ep4:qa:1,877779cd-25f3-4293-a3c4-39067dd9558c__ep4,test,10,29,Sorting and arranging buttons by color,Sort buttons by color,Sorting orange buttons,0.002013670513406396,0
dense_20f_stride10:877779cd-25f3-4293-a3c4-39067dd9558c__ep4:qa:2,877779cd-25f3-4293-a3c4-39067dd9558c__ep4,test,20,39,Sorting and arranging buttons by color,Sort buttons by color,Sorting orange buttons,0.002035709796473384,0
dense_20f_stride10:877779cd-25f3-4293-a3c4-39067dd9558c__ep4:qa:3,877779cd-25f3-4293-a3c4-39067dd9558c__ep4,test,30,49,Sorting and arranging buttons by color,Sort buttons by color,Sorting orange buttons,0.0020346674136817455,0
dense_20f_stride10:877779cd-25f3-4293-a3c4-39067dd9558c__ep4:qa:4,877779cd-25f3-4293-a3c4-39067dd9558c__ep4,test,40,59,Sorting and arranging buttons by color,Sort buttons by color,Arranging buttons on the table,0.0021027226466685534,0
dense_20f_stride10:877779cd-25f3-4293-a3c4-39067dd9558c__ep4:qa:5,877779cd-25f3-4293-a3c4-39067dd9558c__ep4,test,50,69,Sorting and arranging buttons by color,Sort buttons by color,Sorting orange buttons,0.002011326840147376,0
dense_20f_stride10:877779cd-25f3-4293-a3c4-39067dd9558c__ep4:qa:6,877779cd-25f3-4293-a3c4-39067dd9558c__ep4,test,60,79,Sorting and arranging buttons by color,Sort buttons by color,Arranging buttons on the table,0.002049448899924755,0
dense_20f_stride10:877779cd-25f3-4293-a3c4-39067dd9558c__ep4:qa:7,877779cd-25f3-4293-a3c4-39067dd9558c__ep4,test,70,89,Sorting and arranging buttons by color,Sort buttons by color,Arranging buttons on the table,0.001983107067644596,0
dense_20f_stride10:877779cd-25f3-4293-a3c4-39067dd9558c__ep4:qa:8,877779cd-25f3-4293-a3c4-39067dd9558c__ep4,test,80,99,Sorting and arranging buttons by color,Sort buttons by color,Arranging buttons on the table,0.002051974181085825,0
dense_20f_stride10:877779cd-25f3-4293-a3c4-39067dd9558c__ep4:qa:39,877779cd-25f3-4293-a3c4-39067dd9558c__ep4,test,400,419,Sorting and arranging buttons by color,Arrange buttons,Arranging buttons,0.002023961627855897,0
dense_20f_stride10:877779cd-25f3-4293-a3c4-39067dd9558c__ep4:qa:40,877779cd-25f3-4293-a3c4-39067dd9558c__ep4,test,410,429,Sorting and arranging buttons by color,Arrange buttons,Organizing buttons into patterns,0.002063443884253502,0
dense_20f_stride10:877779cd-25f3-4293-a3c4-39067dd9558c__ep4:qa:41,877779cd-25f3-4293-a3c4-39067dd9558c__ep4,test,420,439,Sorting and arranging buttons by color,Arrange buttons,Arranging buttons,0.0020304927602410316,0
dense_20f_stride10:877779cd-25f3-4293-a3c4-39067dd9558c__ep4:qa:42,877779cd-25f3-4293-a3c4-39067dd9558c__ep4,test,430,449,Sorting and arranging buttons by color,Arrange buttons,Arranging buttons,0.0019433164270594716,0
dense_20f_stride10:877779cd-25f3-4293-a3c4-39067dd9558c__ep4:qa:43,877779cd-25f3-4293-a3c4-39067dd9558c__ep4,test,440,459,Sorting and arranging buttons by color,Arrange buttons,Arranging buttons,0.0020550477784126997,0
dense_20f_stride10:877779cd-25f3-4293-a3c4-39067dd9558c__ep4:qa:44,877779cd-25f3-4293-a3c4-39067dd9558c__ep4,test,450,469,Sorting and arranging buttons by color,Arrange buttons,Arranging buttons,0.0019964592065662146,0
dense_20f_stride10:877779cd-25f3-4293-a3c4-39067dd9558c__ep4:qa:45,877779cd-25f3-4293-a3c4-39067dd9558c__ep4,test,460,479,Sorting and arranging buttons by color,Arrange buttons,Arranging buttons,0.00205093901604414,0
dense_20f_stride10:877779cd-25f3-4293-a3c4-39067dd9558c__ep4:qa:46,877779cd-25f3-4293-a3c4-39067dd9558c__ep4,test,470,489,Sorting and arranging buttons by color,Arrange buttons,Arranging buttons,0.0019440934993326664,0
dense_20f_stride10:877779cd-25f3-4293-a3c4-39067dd9558c__ep4:qa:47,877779cd-25f3-4293-a3c4-39067dd9558c__ep4,test,480,499,Sorting and arranging buttons by color,Arrange buttons,Arranging buttons,0.002048333641141653,0
dense_20f_stride10:877779cd-25f3-4293-a3c4-39067dd9558c__ep4:qa:48,877779cd-25f3-4293-a3c4-39067dd9558c__ep4,test,490,509,Sorting and arranging buttons by color,Arrange buttons,Arranging buttons,0.0019302614964544773,0
dense_20f_stride10:877779cd-25f3-4293-a3c4-39067dd9558c__ep4:qa:98,877779cd-25f3-4293-a3c4-39067dd9558c__ep4,test,1000,1019,Sorting and arranging buttons by color,Arrange buttons in a line,Sorting orange buttons,0.00207002111710608,0
dense_20f_stride10:877779cd-25f3-4293-a3c4-39067dd9558c__ep4:qa:99,877779cd-25f3-4293-a3c4-39067dd9558c__ep4,test,1010,1029,Sorting and arranging buttons by color,Arrange buttons in a line,Sorting orange buttons,0.0019852560944855213,0
dense_20f_stride10:877779cd-25f3-4293-a3c4-39067dd9558c__ep4:qa:100,877779cd-25f3-4293-a3c4-39067dd9558c__ep4,test,1020,1039,Sorting and arranging buttons by color,Arrange buttons in a line,Sorting orange buttons,0.0020369738340377808,0
dense_20f_stride10:877779cd-25f3-4293-a3c4-39067dd9558c__ep4:qa:101,877779cd-25f3-4293-a3c4-39067dd9558c__ep4,test,1030,1049,Sorting and arranging buttons by color,Arrange buttons in a line,Sorting orange buttons,0.001948161399923265,0
dense_20f_stride10:877779cd-25f3-4293-a3c4-39067dd9558c__ep4:qa:102,877779cd-25f3-4293-a3c4-39067dd9558c__ep4,test,1040,1059,Sorting and arranging buttons by color,Arrange buttons in a line,Sorting orange buttons,0.002060983330011368,0
dense_20f_stride10:877779cd-25f3-4293-a3c4-39067dd9558c__ep4:qa:103,877779cd-25f3-4293-a3c4-39067dd9558c__ep4,test,1050,1069,Sorting and arranging buttons by color,Arrange buttons in a line,Sorting orange buttons,0.0020338406320661306,0
dense_20f_stride10:877779cd-25f3-4293-a3c4-39067dd9558c__ep4:qa:104,877779cd-25f3-4293-a3c4-39067dd9558c__ep4,test,1060,1079,Sorting and arranging buttons by color,Arrange buttons in a line,Sorting orange buttons,0.002064563799649477,0
dense_20f_stride10:877779cd-25f3-4293-a3c4-39067dd9558c__ep4:qa:105,877779cd-25f3-4293-a3c4-39067dd9558c__ep4,test,1070,1089,Sorting and arranging buttons by color,Arrange buttons in a line,Sorting orange buttons,0.0020461378153413534,0
dense_20f_stride10:877779cd-25f3-4293-a3c4-39067dd9558c__ep4:qa:106,877779cd-25f3-4293-a3c4-39067dd9558c__ep4,test,1080,1099,Sorting and arranging buttons by color,Arrange buttons in a line,Sorting orange buttons,0.0020506270229816437,0
dense_20f_stride10:877779cd-25f3-4293-a3c4-39067dd9558c__ep4:qa:107,877779cd-25f3-4293-a3c4-39067dd9558c__ep4,test,1090,1109,Sorting and arranging buttons by color,Arrange buttons in a line,Sorting orange buttons,0.0019503668881952763,0
dense_20f_stride10:877779cd-25f3-4293-a3c4-39067dd9558c__ep4:qa:137,877779cd-25f3-4293-a3c4-39067dd9558c__ep4,test,1400,1419,Sorting and arranging buttons by color,Sort and arrange buttons,Sorting orange button,0.0020092716440558434,0
dense_20f_stride10:877779cd-25f3-4293-a3c4-39067dd9558c__ep4:qa:138,877779cd-25f3-4293-a3c4-39067dd9558c__ep4,test,1410,1429,Sorting and arranging buttons by color,Sort and arrange buttons,Sorting orange button,0.0019777521956712008,0
dense_20f_stride10:877779cd-25f3-4293-a3c4-39067dd9558c__ep4:qa:139,877779cd-25f3-4293-a3c4-39067dd9558c__ep4,test,1420,1439,Sorting and arranging buttons by color,Sort and arrange buttons,Sorting orange button,0.0020235669799149036,0
dense_20f_stride10:877779cd-25f3-4293-a3c4-39067dd9558c__ep4:qa:140,877779cd-25f3-4293-a3c4-39067dd9558c__ep4,test,1430,1449,Sorting and arranging buttons by color,Sort and arrange buttons,Sorting orange button,0.0020163357257843018,0
dense_20f_stride10:877779cd-25f3-4293-a3c4-39067dd9558c__ep4:qa:141,877779cd-25f3-4293-a3c4-39067dd9558c__ep4,test,1440,1459,Sorting and arranging buttons by color,Sort and arrange buttons,Sorting orange button,0.002047256799414754,0
dense_20f_stride10:877779cd-25f3-4293-a3c4-39067dd9558c__ep4:qa:142,877779cd-25f3-4293-a3c4-39067dd9558c__ep4,test,1450,1469,Sorting and arranging buttons by color,Sort and arrange buttons,Sorting orange button,0.0019650887697935104,0
dense_20f_stride10:877779cd-25f3-4293-a3c4-39067dd9558c__ep4:qa:143,877779cd-25f3-4293-a3c4-39067dd9558c__ep4,test,1460,1479,Sorting and arranging buttons by color,Sort and arrange buttons,Sorting orange buttons,0.0020383952651172876,0
dense_20f_stride10:877779cd-25f3-4293-a3c4-39067dd9558c__ep4:qa:144,877779cd-25f3-4293-a3c4-39067dd9558c__ep4,test,1470,1489,Sorting and arranging buttons by color,Sort and arrange buttons,Sorting orange buttons,0.00202357885427773,0
dense_20f_stride10:877779cd-25f3-4293-a3c4-39067dd9558c__ep4:qa:145,877779cd-25f3-4293-a3c4-39067dd9558c__ep4,test,1480,1499,Sorting and arranging buttons by color,Sort and arrange buttons,Sorting orange button,0.0020534649956971407,0
dense_20f_stride10:877779cd-25f3-4293-a3c4-39067dd9558c__ep4:qa:146,877779cd-25f3-4293-a3c4-39067dd9558c__ep4,test,1490,1509,Sorting and arranging buttons by color,Sort and arrange buttons,Sorting orange button,0.0019510750425979495,0
dense_20f_stride10:877779cd-25f3-4293-a3c4-39067dd9558c__ep4:qa:196,877779cd-25f3-4293-a3c4-39067dd9558c__ep4,test,2000,2019,Sorting and arranging buttons by color,Pick up and place buttons,Arranging orange buttons,0.001984131522476673,0
dense_20f_stride10:877779cd-25f3-4293-a3c4-39067dd9558c__ep4:qa:197,877779cd-25f3-4293-a3c4-39067dd9558c__ep4,test,2010,2029,Sorting and arranging buttons by color,Pick up and place buttons,Arranging orange buttons,0.001924513140693307,0
dense_20f_stride10:877779cd-25f3-4293-a3c4-39067dd9558c__ep4:qa:198,877779cd-25f3-4293-a3c4-39067dd9558c__ep4,test,2020,2039,Sorting and arranging buttons by color,Pick up and place buttons,Sorting orange buttons,0.002012253273278475,0
dense_20f_stride10:877779cd-25f3-4293-a3c4-39067dd9558c__ep4:qa:199,877779cd-25f3-4293-a3c4-39067dd9558c__ep4,test,2030,2049,Sorting and arranging buttons by color,Pick up and place buttons,Arranging orange buttons,0.0019655299838632345,0
dense_20f_stride10:877779cd-25f3-4293-a3c4-39067dd9558c__ep4:qa:200,877779cd-25f3-4293-a3c4-39067dd9558c__ep4,test,2040,2059,Sorting and arranging buttons by color,Pick up and place buttons,Arranging orange buttons,0.002057421486824751,0
dense_20f_stride10:877779cd-25f3-4293-a3c4-39067dd9558c__ep4:qa:201,877779cd-25f3-4293-a3c4-39067dd9558c__ep4,test,2050,2069,Sorting and arranging buttons by color,Pick up and place buttons,Arranging orange buttons,0.0019538928754627705,0
dense_20f_stride10:877779cd-25f3-4293-a3c4-39067dd9558c__ep4:qa:202,877779cd-25f3-4293-a3c4-39067dd9558c__ep4,test,2060,2079,Sorting and arranging buttons by color,Pick up and place buttons,Arranging orange buttons,0.0019829736556857824,0
dense_20f_stride10:877779cd-25f3-4293-a3c4-39067dd9558c__ep4:qa:203,877779cd-25f3-4293-a3c4-39067dd9558c__ep4,test,2070,2089,Sorting and arranging buttons by color,Pick up and place buttons,Sorting orange buttons,0.0020404590759426355,0
dense_20f_stride10:877779cd-25f3-4293-a3c4-39067dd9558c__ep4:qa:204,877779cd-25f3-4293-a3c4-39067dd9558c__ep4,test,2080,2099,Sorting and arranging buttons by color,Pick up and place buttons,Arranging orange buttons,0.002057060832157731,0
dense_20f_stride10:877779cd-25f3-4293-a3c4-39067dd9558c__ep4:qa:205,877779cd-25f3-4293-a3c4-39067dd9558c__ep4,test,2090,2109,Sorting and arranging buttons by color,Pick up and place buttons,Sorting orange buttons,0.00195052451454103,0
dense_20f_stride10:877779cd-25f3-4293-a3c4-39067dd9558c__ep4:qa:211,877779cd-25f3-4293-a3c4-39067dd9558c__ep4,test,2160,2179,Sorting and arranging buttons by color,Pick up and place buttons,Sorting orange buttons,0.0020181452855467796,0
dense_20f_stride10:877779cd-25f3-4293-a3c4-39067dd9558c__ep4:qa:212,877779cd-25f3-4293-a3c4-39067dd9558c__ep4,test,2170,2189,Sorting and arranging buttons by color,Pick up and place buttons,Arranging orange buttons,0.0018985565984621644,0
dense_20f_stride10:877779cd-25f3-4293-a3c4-39067dd9558c__ep4:qa:213,877779cd-25f3-4293-a3c4-39067dd9558c__ep4,test,2180,2199,Sorting and arranging buttons by color,Pick up and place buttons,Arranging orange buttons,0.0019955860916525126,0
dense_20f_stride10:877779cd-25f3-4293-a3c4-39067dd9558c__ep4:qa:214,877779cd-25f3-4293-a3c4-39067dd9558c__ep4,test,2190,2209,Sorting and arranging buttons by color,Pick up and place buttons,Arranging orange buttons,0.0019989393185824156,0
dense_20f_stride10:877779cd-25f3-4293-a3c4-39067dd9558c__ep4:qa:215,877779cd-25f3-4293-a3c4-39067dd9558c__ep4,test,2200,2219,Sorting and arranging buttons by color,Pick up and place buttons,Arranging orange buttons,0.0020424295216798782,0
dense_20f_stride10:877779cd-25f3-4293-a3c4-39067dd9558c__ep4:qa:216,877779cd-25f3-4293-a3c4-39067dd9558c__ep4,test,2210,2229,Sorting and arranging buttons by color,Pick up and place buttons,Cutting and pausing,0.0019103132653981447,0
dense_20f_stride10:877779cd-25f3-4293-a3c4-39067dd9558c__ep4:qa:217,877779cd-25f3-4293-a3c4-39067dd9558c__ep4,test,2220,2239,Sorting and arranging buttons by color,Pick up and place buttons,Arranging orange buttons,0.002052124822512269,0
dense_20f_stride10:877779cd-25f3-4293-a3c4-39067dd9558c__ep4:qa:218,877779cd-25f3-4293-a3c4-39067dd9558c__ep4,test,2230,2249,Sorting and arranging buttons by color,Pick up and place buttons,Arranging orange buttons,0.0020786093082278967,0
dense_20f_stride10:877779cd-25f3-4293-a3c4-39067dd9558c__ep4:qa:219,877779cd-25f3-4293-a3c4-39067dd9558c__ep4,test,2240,2259,Sorting and arranging buttons by color,Pick up and place buttons,Cutting and pausing,0.001911940984427929,0
dense_20f_stride10:877779cd-25f3-4293-a3c4-39067dd9558c__ep4:qa:220,877779cd-25f3-4293-a3c4-39067dd9558c__ep4,test,2250,2269,Sorting and arranging buttons by color,Sort buttons,Arranging orange buttons,0.0019635094795376062,0
dense_20f_stride10:877779cd-25f3-4293-a3c4-39067dd9558c__ep4:qa:234,877779cd-25f3-4293-a3c4-39067dd9558c__ep4,test,2400,2419,Sorting and arranging buttons by color,Sort buttons,Arranging orange buttons,0.0020653880201280117,0
dense_20f_stride10:877779cd-25f3-4293-a3c4-39067dd9558c__ep4:qa:235,877779cd-25f3-4293-a3c4-39067dd9558c__ep4,test,2410,2429,Sorting and arranging buttons by color,Sort buttons,Arranging orange buttons,0.002069054404273629,0
dense_20f_stride10:877779cd-25f3-4293-a3c4-39067dd9558c__ep4:qa:236,877779cd-25f3-4293-a3c4-39067dd9558c__ep4,test,2420,2439,Sorting and arranging buttons by color,Sort buttons,Moving orange buttons,0.0020049833692610264,0
dense_20f_stride10:877779cd-25f3-4293-a3c4-39067dd9558c__ep4:qa:237,877779cd-25f3-4293-a3c4-39067dd9558c__ep4,test,2430,2449,Sorting and arranging buttons by color,Sort buttons,Arranging orange buttons,0.0019744003657251596,0
dense_20f_stride10:877779cd-25f3-4293-a3c4-39067dd9558c__ep4:qa:238,877779cd-25f3-4293-a3c4-39067dd9558c__ep4,test,2440,2459,Sorting and arranging buttons by color,Sort buttons,Moving orange buttons,0.0020085282158106565,0
dense_20f_stride10:877779cd-25f3-4293-a3c4-39067dd9558c__ep4:qa:239,877779cd-25f3-4293-a3c4-39067dd9558c__ep4,test,2450,2469,Sorting and arranging buttons by color,Sort buttons,Moving orange buttons,0.0019285022281110287,0
dense_20f_stride10:877779cd-25f3-4293-a3c4-39067dd9558c__ep4:qa:240,877779cd-25f3-4293-a3c4-39067dd9558c__ep4,test,2460,2479,Sorting and arranging buttons by color,Sort buttons,Moving orange buttons,0.0020280894823372364,0
dense_20f_stride10:877779cd-25f3-4293-a3c4-39067dd9558c__ep4:qa:241,877779cd-25f3-4293-a3c4-39067dd9558c__ep4,test,2470,2489,Sorting and arranging buttons by color,Sort buttons,Arranging orange buttons,0.0020796027965843678,0
dense_20f_stride10:877779cd-25f3-4293-a3c4-39067dd9558c__ep4:qa:242,877779cd-25f3-4293-a3c4-39067dd9558c__ep4,test,2480,2499,Sorting and arranging buttons by color,Sort buttons,Moving orange buttons,0.00203295168466866,0
dense_20f_stride10:877779cd-25f3-4293-a3c4-39067dd9558c__ep4:qa:293,877779cd-25f3-4293-a3c4-39067dd9558c__ep4,test,3000,3019,Sorting and arranging buttons by color,Sort and adjust button line,Sorting blue beads and writing on paper,0.0020537551026791334,0
dense_20f_stride10:877779cd-25f3-4293-a3c4-39067dd9558c__ep4:qa:294,877779cd-25f3-4293-a3c4-39067dd9558c__ep4,test,3010,3029,Sorting and arranging buttons by color,Sort and adjust button line,Arranging orange buttons,0.0020663212053477764,0
dense_20f_stride10:877779cd-25f3-4293-a3c4-39067dd9558c__ep4:qa:295,877779cd-25f3-4293-a3c4-39067dd9558c__ep4,test,3020,3039,Sorting and arranging buttons by color,Sort and adjust button line,Arranging orange buttons,0.001987959025427699,0
dense_20f_stride10:877779cd-25f3-4293-a3c4-39067dd9558c__ep4:qa:296,877779cd-25f3-4293-a3c4-39067dd9558c__ep4,test,3030,3049,Sorting and arranging buttons by color,Sort and adjust button line,Arranging orange buttons,0.0020096057560294867,0
dense_20f_stride10:877779cd-25f3-4293-a3c4-39067dd9558c__ep4:qa:297,877779cd-25f3-4293-a3c4-39067dd9558c__ep4,test,3040,3059,Sorting and arranging buttons by color,Sort and adjust button line,Arranging orange buttons,0.002076723612844944,0
dense_20f_stride10:877779cd-25f3-4293-a3c4-39067dd9558c__ep4:qa:298,877779cd-25f3-4293-a3c4-39067dd9558c__ep4,test,3050,3069,Sorting and arranging buttons by color,Sort and adjust button line,Sorting blue beads and writing on paper,0.0019386623753234744,0
dense_20f_stride10:877779cd-25f3-4293-a3c4-39067dd9558c__ep4:qa:299,877779cd-25f3-4293-a3c4-39067dd9558c__ep4,test,3060,3079,Sorting and arranging buttons by color,Sort and adjust button line,Arranging orange buttons,0.002074450021609664,0
dense_20f_stride10:877779cd-25f3-4293-a3c4-39067dd9558c__ep4:qa:300,877779cd-25f3-4293-a3c4-39067dd9558c__ep4,test,3070,3089,Sorting and arranging buttons by color,Sort and adjust button line,Arranging orange buttons,0.0019172850297763944,0
dense_20f_stride10:877779cd-25f3-4293-a3c4-39067dd9558c__ep4:qa:301,877779cd-25f3-4293-a3c4-39067dd9558c__ep4,test,3080,3099,Sorting and arranging buttons by color,Sort and adjust button line,Arranging orange buttons,0.0019242066191509366,0
dense_20f_stride10:877779cd-25f3-4293-a3c4-39067dd9558c__ep4:qa:302,877779cd-25f3-4293-a3c4-39067dd9558c__ep4,test,3090,3109,Sorting and arranging buttons by color,Sort and adjust button line,Arranging orange buttons,0.0018663122318685055,0
dense_20f_stride10:877779cd-25f3-4293-a3c4-39067dd9558c__ep4:qa:332,877779cd-25f3-4293-a3c4-39067dd9558c__ep4,test,3400,3419,Sorting and arranging buttons by color,Use smartphone,Arranging orange buttons,0.001949080964550376,0
dense_20f_stride10:877779cd-25f3-4293-a3c4-39067dd9558c__ep4:qa:333,877779cd-25f3-4293-a3c4-39067dd9558c__ep4,test,3410,3429,Sorting and arranging buttons by color,Use smartphone,Arranging orange buttons,0.001956816529855132,0
dense_20f_stride10:877779cd-25f3-4293-a3c4-39067dd9558c__ep4:qa:334,877779cd-25f3-4293-a3c4-39067dd9558c__ep4,test,3420,3439,Sorting and arranging buttons by color,Use smartphone,Arranging orange buttons,0.0019573059398680925,0
dense_20f_stride10:877779cd-25f3-4293-a3c4-39067dd9558c__ep4:qa:335,877779cd-25f3-4293-a3c4-39067dd9558c__ep4,test,3430,3449,Sorting and arranging buttons by color,Use smartphone,Arranging orange buttons,0.002024949761107564,0
dense_20f_stride10:877779cd-25f3-4293-a3c4-39067dd9558c__ep4:qa:336,877779cd-25f3-4293-a3c4-39067dd9558c__ep4,test,3440,3459,Sorting and arranging buttons by color,Use smartphone,Arranging orange buttons,0.002050406765192747,0
dense_20f_stride10:877779cd-25f3-4293-a3c4-39067dd9558c__ep4:qa:337,877779cd-25f3-4293-a3c4-39067dd9558c__ep4,test,3450,3469,Sorting and arranging buttons by color,Use smartphone,Arranging orange buttons,0.0020214742980897427,0
dense_20f_stride10:877779cd-25f3-4293-a3c4-39067dd9558c__ep4:qa:338,877779cd-25f3-4293-a3c4-39067dd9558c__ep4,test,3460,3479,Sorting and arranging buttons by color,Use smartphone,Arranging orange buttons,0.002065424108877778,0
dense_20f_stride10:877779cd-25f3-4293-a3c4-39067dd9558c__ep4:qa:339,877779cd-25f3-4293-a3c4-39067dd9558c__ep4,test,3470,3489,Sorting and arranging buttons by color,Use smartphone,Arranging orange buttons,0.0020639393478631973,0
dense_20f_stride10:877779cd-25f3-4293-a3c4-39067dd9558c__ep4:qa:340,877779cd-25f3-4293-a3c4-39067dd9558c__ep4,test,3480,3499,Sorting and arranging buttons by color,Use smartphone,Arranging orange buttons,0.002036525635048747,0
dense_20f_stride10:877779cd-25f3-4293-a3c4-39067dd9558c__ep4:qa:391,877779cd-25f3-4293-a3c4-39067dd9558c__ep4,test,4000,4019,Sorting and arranging buttons by color,Sort and place buttons,Arranging orange buttons,0.001974606653675437,0
dense_20f_stride10:877779cd-25f3-4293-a3c4-39067dd9558c__ep4:qa:392,877779cd-25f3-4293-a3c4-39067dd9558c__ep4,test,4010,4029,Sorting and arranging buttons by color,Sort and place buttons,Arranging orange buttons,0.0020684865303337574,0
dense_20f_stride10:877779cd-25f3-4293-a3c4-39067dd9558c__ep4:qa:393,877779cd-25f3-4293-a3c4-39067dd9558c__ep4,test,4020,4039,Sorting and arranging buttons by color,Sort and place buttons,Arranging orange buttons,0.0020488579757511616,0
dense_20f_stride10:877779cd-25f3-4293-a3c4-39067dd9558c__ep4:qa:394,877779cd-25f3-4293-a3c4-39067dd9558c__ep4,test,4030,4049,Sorting and arranging buttons by color,Sort and place buttons,Arranging orange buttons,0.0020153529476374388,0
dense_20f_stride10:877779cd-25f3-4293-a3c4-39067dd9558c__ep4:qa:395,877779cd-25f3-4293-a3c4-39067dd9558c__ep4,test,4040,4059,Sorting and arranging buttons by color,Sort and place buttons,Arranging orange buttons,0.0020788852125406265,0
dense_20f_stride10:877779cd-25f3-4293-a3c4-39067dd9558c__ep4:qa:396,877779cd-25f3-4293-a3c4-39067dd9558c__ep4,test,4050,4069,Sorting and arranging buttons by color,Sort and place buttons,Walking through office,0.0019045559456571937,0
dense_20f_stride10:877779cd-25f3-4293-a3c4-39067dd9558c__ep4:qa:397,877779cd-25f3-4293-a3c4-39067dd9558c__ep4,test,4060,4079,Sorting and arranging buttons by color,Sort and place buttons,Arranging orange buttons,0.0020701908506453037,0
dense_20f_stride10:877779cd-25f3-4293-a3c4-39067dd9558c__ep4:qa:398,877779cd-25f3-4293-a3c4-39067dd9558c__ep4,test,4070,4089,Sorting and arranging buttons by color,Sort and place buttons,Arranging orange buttons,0.002087570261210203,0
dense_20f_stride10:877779cd-25f3-4293-a3c4-39067dd9558c__ep4:qa:399,877779cd-25f3-4293-a3c4-39067dd9558c__ep4,test,4080,4099,Sorting and arranging buttons by color,Sort and place buttons,Arranging orange buttons,0.0020060138776898384,0
dense_20f_stride10:1796b943-caad-43c6-b9bd-80b8d601f37d__ep1:qa:0,1796b943-caad-43c6-b9bd-80b8d601f37d__ep1,test,0,19,VR training session and plastic strip assembly,Entering the training area,Observing workspace,0.0017379889031872153,0
dense_20f_stride10:1796b943-caad-43c6-b9bd-80b8d601f37d__ep1:qa:1,1796b943-caad-43c6-b9bd-80b8d601f37d__ep1,test,10,29,VR training session and plastic strip assembly,Entering the training area,Cutting cardboard shapes,0.0017283821944147348,0
dense_20f_stride10:1796b943-caad-43c6-b9bd-80b8d601f37d__ep1:qa:2,1796b943-caad-43c6-b9bd-80b8d601f37d__ep1,test,20,39,VR training session and plastic strip assembly,Entering the training area,Cutting cardboard shapes,0.0017346141394227743,0
dense_20f_stride10:1796b943-caad-43c6-b9bd-80b8d601f37d__ep1:qa:3,1796b943-caad-43c6-b9bd-80b8d601f37d__ep1,test,30,49,VR training session and plastic strip assembly,Entering the training area,Cutting cardboard shapes,0.0017292862758040428,0
dense_20f_stride10:1796b943-caad-43c6-b9bd-80b8d601f37d__ep1:qa:4,1796b943-caad-43c6-b9bd-80b8d601f37d__ep1,test,40,59,VR training session and plastic strip assembly,Entering the training area,Cutting cardboard shapes,0.0017276682192459702,0
dense_20f_stride10:1796b943-caad-43c6-b9bd-80b8d601f37d__ep1:qa:5,1796b943-caad-43c6-b9bd-80b8d601f37d__ep1,test,50,69,VR training session and plastic strip assembly,Entering the training area,Cutting cardboard shapes,0.0017324169166386127,0
dense_20f_stride10:1796b943-caad-43c6-b9bd-80b8d601f37d__ep1:qa:6,1796b943-caad-43c6-b9bd-80b8d601f37d__ep1,test,60,79,VR training session and plastic strip assembly,Entering the training area,Sorting cardboard shapes and holding marker,0.001765172928571701,0
dense_20f_stride10:1796b943-caad-43c6-b9bd-80b8d601f37d__ep1:qa:7,1796b943-caad-43c6-b9bd-80b8d601f37d__ep1,test,70,89,VR training session and plastic strip assembly,Entering the training area,Cutting cardboard shapes,0.0017357191536575556,0
dense_20f_stride10:1796b943-caad-43c6-b9bd-80b8d601f37d__ep1:qa:8,1796b943-caad-43c6-b9bd-80b8d601f37d__ep1,test,80,99,VR training session and plastic strip assembly,Entering the training area,Cutting cardboard shapes,0.0017343579092994332,0
dense_20f_stride10:1796b943-caad-43c6-b9bd-80b8d601f37d__ep1:qa:19,1796b943-caad-43c6-b9bd-80b8d601f37d__ep1,test,200,219,VR training session and plastic strip assembly,Entering the training area,Cutting cardboard shapes,0.0017344746738672256,0
dense_20f_stride10:1796b943-caad-43c6-b9bd-80b8d601f37d__ep1:qa:20,1796b943-caad-43c6-b9bd-80b8d601f37d__ep1,test,210,229,VR training session and plastic strip assembly,Entering the training area,Sorting cardboard shapes and holding marker,0.0018236605683341622,0
dense_20f_stride10:1796b943-caad-43c6-b9bd-80b8d601f37d__ep1:qa:21,1796b943-caad-43c6-b9bd-80b8d601f37d__ep1,test,220,239,VR training session and plastic strip assembly,Entering the training area,Sorting small star-shaped plastic pieces,0.0017342246137559414,0
dense_20f_stride10:1796b943-caad-43c6-b9bd-80b8d601f37d__ep1:qa:22,1796b943-caad-43c6-b9bd-80b8d601f37d__ep1,test,230,249,VR training session and plastic strip assembly,Entering the training area,Cutting cardboard shapes,0.0017341005150228739,0
dense_20f_stride10:1796b943-caad-43c6-b9bd-80b8d601f37d__ep1:qa:23,1796b943-caad-43c6-b9bd-80b8d601f37d__ep1,test,240,259,VR training session and plastic strip assembly,Entering the training area,Cutting cardboard shapes,0.00173562194686383,0
dense_20f_stride10:1796b943-caad-43c6-b9bd-80b8d601f37d__ep1:qa:24,1796b943-caad-43c6-b9bd-80b8d601f37d__ep1,test,250,269,VR training session and plastic strip assembly,Entering the training area,Cutting cardboard with scissors and checking phone,0.0017543472349643707,0
dense_20f_stride10:1796b943-caad-43c6-b9bd-80b8d601f37d__ep1:qa:25,1796b943-caad-43c6-b9bd-80b8d601f37d__ep1,test,260,279,VR training session and plastic strip assembly,Entering the training area,Cutting cardboard shapes,0.001734420657157898,0
dense_20f_stride10:1796b943-caad-43c6-b9bd-80b8d601f37d__ep1:qa:26,1796b943-caad-43c6-b9bd-80b8d601f37d__ep1,test,270,289,VR training session and plastic strip assembly,Greeting participants,unknown,0.001747228903695941,0
dense_20f_stride10:1796b943-caad-43c6-b9bd-80b8d601f37d__ep1:qa:27,1796b943-caad-43c6-b9bd-80b8d601f37d__ep1,test,280,299,VR training session and plastic strip assembly,Greeting participants,unknown,0.0018037549452856183,0
dense_20f_stride10:1796b943-caad-43c6-b9bd-80b8d601f37d__ep1:qa:28,1796b943-caad-43c6-b9bd-80b8d601f37d__ep1,test,290,309,VR training session and plastic strip assembly,Greeting participants,Cut fabric with scissors,0.0018427785253152251,0
dense_20f_stride10:1796b943-caad-43c6-b9bd-80b8d601f37d__ep1:qa:38,1796b943-caad-43c6-b9bd-80b8d601f37d__ep1,test,400,419,VR training session and plastic strip assembly,Greeting participants,Cutting cardboard shapes,0.0017390160355716944,0
dense_20f_stride10:1796b943-caad-43c6-b9bd-80b8d601f37d__ep1:qa:39,1796b943-caad-43c6-b9bd-80b8d601f37d__ep1,test,410,429,VR training session and plastic strip assembly,Greeting participants,Organizing buttons into patterns,0.001770151313394308,0
dense_20f_stride10:1796b943-caad-43c6-b9bd-80b8d601f37d__ep1:qa:40,1796b943-caad-43c6-b9bd-80b8d601f37d__ep1,test,420,439,VR training session and plastic strip assembly,Greeting participants,Cutting cardboard shapes,0.0017315325094386935,0
dense_20f_stride10:1796b943-caad-43c6-b9bd-80b8d601f37d__ep1:qa:41,1796b943-caad-43c6-b9bd-80b8d601f37d__ep1,test,430,449,VR training session and plastic strip assembly,Greeting participants,Observing workspace,0.0017269168747588992,0
dense_20f_stride10:1796b943-caad-43c6-b9bd-80b8d601f37d__ep1:qa:42,1796b943-caad-43c6-b9bd-80b8d601f37d__ep1,test,440,459,VR training session and plastic strip assembly,Greeting participants,Observing workspace,0.0017359224148094654,0
dense_20f_stride10:1796b943-caad-43c6-b9bd-80b8d601f37d__ep1:qa:43,1796b943-caad-43c6-b9bd-80b8d601f37d__ep1,test,450,469,VR training session and plastic strip assembly,Greeting participants,Sorting and counting beads,0.0018003360601142049,0
dense_20f_stride10:1796b943-caad-43c6-b9bd-80b8d601f37d__ep1:qa:44,1796b943-caad-43c6-b9bd-80b8d601f37d__ep1,test,460,479,VR training session and plastic strip assembly,Greeting participants,Cutting cardboard shapes,0.0017286770744249225,0
dense_20f_stride10:1796b943-caad-43c6-b9bd-80b8d601f37d__ep1:qa:45,1796b943-caad-43c6-b9bd-80b8d601f37d__ep1,test,470,489,VR training session and plastic strip assembly,Greeting participants,Cutting cardboard shapes,0.0017402839148417115,0
dense_20f_stride10:1796b943-caad-43c6-b9bd-80b8d601f37d__ep1:qa:46,1796b943-caad-43c6-b9bd-80b8d601f37d__ep1,test,480,499,VR training session and plastic strip assembly,Greeting participants,Observing workspace,0.0017445163102820516,0
dense_20f_stride10:1796b943-caad-43c6-b9bd-80b8d601f37d__ep1:qa:47,1796b943-caad-43c6-b9bd-80b8d601f37d__ep1,test,490,509,VR training session and plastic strip assembly,Greeting participants,Cutting cardboard shapes,0.0017381238285452127,0
dense_20f_stride10:1796b943-caad-43c6-b9bd-80b8d601f37d__ep1:qa:53,1796b943-caad-43c6-b9bd-80b8d601f37d__ep1,test,560,579,VR training session and plastic strip assembly,Greeting participants,Measuring and marking cardboard for crafting,0.001750101218931377,0
dense_20f_stride10:1796b943-caad-43c6-b9bd-80b8d601f37d__ep1:qa:54,1796b943-caad-43c6-b9bd-80b8d601f37d__ep1,test,570,589,VR training session and plastic strip assembly,Greeting participants,Trace and remove pattern,0.001744009554386139,0
dense_20f_stride10:1796b943-caad-43c6-b9bd-80b8d601f37d__ep1:qa:55,1796b943-caad-43c6-b9bd-80b8d601f37d__ep1,test,580,599,VR training session and plastic strip assembly,Greeting participants,Cutting cardboard shapes,0.0017483358969911933,0
dense_20f_stride10:1796b943-caad-43c6-b9bd-80b8d601f37d__ep1:qa:56,1796b943-caad-43c6-b9bd-80b8d601f37d__ep1,test,590,609,VR training session and plastic strip assembly,Greeting participants,Observing workspace,0.00174002256244421,0
dense_20f_stride10:1796b943-caad-43c6-b9bd-80b8d601f37d__ep1:qa:57,1796b943-caad-43c6-b9bd-80b8d601f37d__ep1,test,600,619,VR training session and plastic strip assembly,Greeting participants,Cutting cardboard shapes,0.0017335537122562528,0
dense_20f_stride10:1796b943-caad-43c6-b9bd-80b8d601f37d__ep1:qa:58,1796b943-caad-43c6-b9bd-80b8d601f37d__ep1,test,610,629,VR training session and plastic strip assembly,Greeting participants,Observing workspace,0.001742675551213324,0
dense_20f_stride10:1796b943-caad-43c6-b9bd-80b8d601f37d__ep1:qa:59,1796b943-caad-43c6-b9bd-80b8d601f37d__ep1,test,620,639,VR training session and plastic strip assembly,Greeting participants,Cutting cardboard shapes,0.0017480863025411963,0
dense_20f_stride10:1796b943-caad-43c6-b9bd-80b8d601f37d__ep1:qa:60,1796b943-caad-43c6-b9bd-80b8d601f37d__ep1,test,630,649,VR training session and plastic strip assembly,Greeting participants,Cutting cardboard shapes,0.0017334154108539224,0
dense_20f_stride10:1796b943-caad-43c6-b9bd-80b8d601f37d__ep1:qa:61,1796b943-caad-43c6-b9bd-80b8d601f37d__ep1,test,640,659,VR training session and plastic strip assembly,Greeting participants,Cutting cardboard shapes,0.0017422502860426903,0
dense_20f_stride10:1796b943-caad-43c6-b9bd-80b8d601f37d__ep1:qa:62,1796b943-caad-43c6-b9bd-80b8d601f37d__ep1,test,650,669,VR training session and plastic strip assembly,Greeting participants,Observing workspace,0.0017385496757924557,0
dense_20f_stride10:1796b943-caad-43c6-b9bd-80b8d601f37d__ep1:qa:76,1796b943-caad-43c6-b9bd-80b8d601f37d__ep1,test,800,819,VR training session and plastic strip assembly,Moving through the room,Cutting cardboard shapes,0.0017303372733294964,0
dense_20f_stride10:1796b943-caad-43c6-b9bd-80b8d601f37d__ep1:qa:77,1796b943-caad-43c6-b9bd-80b8d601f37d__ep1,test,810,829,VR training session and plastic strip assembly,Moving through the room,Observing workspace,0.0017383473459631205,0
dense_20f_stride10:1796b943-caad-43c6-b9bd-80b8d601f37d__ep1:qa:78,1796b943-caad-43c6-b9bd-80b8d601f37d__ep1,test,820,839,VR training session and plastic strip assembly,Moving through the room,Cutting cardboard shapes,0.0017220292938873172,0
dense_20f_stride10:1796b943-caad-43c6-b9bd-80b8d601f37d__ep1:qa:79,1796b943-caad-43c6-b9bd-80b8d601f37d__ep1,test,830,849,VR training session and plastic strip assembly,Moving through the room,Observing workspace,0.0017448430880904198,0
dense_20f_stride10:1796b943-caad-43c6-b9bd-80b8d601f37d__ep1:qa:80,1796b943-caad-43c6-b9bd-80b8d601f37d__ep1,test,840,859,VR training session and plastic strip assembly,Moving through the room,unknown,0.0017342822393402457,0
dense_20f_stride10:1796b943-caad-43c6-b9bd-80b8d601f37d__ep1:qa:81,1796b943-caad-43c6-b9bd-80b8d601f37d__ep1,test,850,869,VR training session and plastic strip assembly,Moving through the room,Observing workspace,0.001733145210891962,0
dense_20f_stride10:1796b943-caad-43c6-b9bd-80b8d601f37d__ep1:qa:82,1796b943-caad-43c6-b9bd-80b8d601f37d__ep1,test,860,879,VR training session and plastic strip assembly,Moving through the room,Cutting cardboard shapes,0.001741850282996893,0
dense_20f_stride10:1796b943-caad-43c6-b9bd-80b8d601f37d__ep1:qa:83,1796b943-caad-43c6-b9bd-80b8d601f37d__ep1,test,870,889,VR training session and plastic strip assembly,Initiating assembly,Observing workspace,0.0017414774047210813,0
dense_20f_stride10:1796b943-caad-43c6-b9bd-80b8d601f37d__ep1:qa:84,1796b943-caad-43c6-b9bd-80b8d601f37d__ep1,test,880,899,VR training session and plastic strip assembly,Initiating assembly,Observing workspace,0.0017674330156296492,0
dense_20f_stride10:1796b943-caad-43c6-b9bd-80b8d601f37d__ep1:qa:95,1796b943-caad-43c6-b9bd-80b8d601f37d__ep1,test,1000,1019,VR training session and plastic strip assembly,Initiating assembly,Observing workspace,0.0017670331289991736,0
dense_20f_stride10:1796b943-caad-43c6-b9bd-80b8d601f37d__ep1:qa:96,1796b943-caad-43c6-b9bd-80b8d601f37d__ep1,test,1010,1029,VR training session and plastic strip assembly,Initiating assembly,Observing workspace,0.0017240243032574654,0
dense_20f_stride10:1796b943-caad-43c6-b9bd-80b8d601f37d__ep1:qa:97,1796b943-caad-43c6-b9bd-80b8d601f37d__ep1,test,1020,1039,VR training session and plastic strip assembly,Initiating assembly,Observing workspace,0.0017416318878531456,0
dense_20f_stride10:1796b943-caad-43c6-b9bd-80b8d601f37d__ep1:qa:98,1796b943-caad-43c6-b9bd-80b8d601f37d__ep1,test,1030,1049,VR training session and plastic strip assembly,Initiating assembly,Roll quilling paper,0.0017222135793417692,0
dense_20f_stride10:1796b943-caad-43c6-b9bd-80b8d601f37d__ep1:qa:99,1796b943-caad-43c6-b9bd-80b8d601f37d__ep1,test,1040,1059,VR training session and plastic strip assembly,Initiating assembly,Observing workspace,0.001729946699924767,0
dense_20f_stride10:1796b943-caad-43c6-b9bd-80b8d601f37d__ep1:qa:100,1796b943-caad-43c6-b9bd-80b8d601f37d__ep1,test,1050,1069,VR training session and plastic strip assembly,Initiating assembly,Observing workspace,0.0017422455130144954,0
dense_20f_stride10:1796b943-caad-43c6-b9bd-80b8d601f37d__ep1:qa:101,1796b943-caad-43c6-b9bd-80b8d601f37d__ep1,test,1060,1079,VR training session and plastic strip assembly,Initiating assembly,Observing workspace,0.0017346858512610197,0
dense_20f_stride10:1796b943-caad-43c6-b9bd-80b8d601f37d__ep1:qa:102,1796b943-caad-43c6-b9bd-80b8d601f37d__ep1,test,1070,1089,VR training session and plastic strip assembly,Initiating assembly,Observing workspace,0.0017563403816893697,0
dense_20f_stride10:1796b943-caad-43c6-b9bd-80b8d601f37d__ep1:qa:103,1796b943-caad-43c6-b9bd-80b8d601f37d__ep1,test,1080,1099,VR training session and plastic strip assembly,Initiating assembly,Observing workspace,0.0017317188903689384,0
dense_20f_stride10:1796b943-caad-43c6-b9bd-80b8d601f37d__ep1:qa:134,1796b943-caad-43c6-b9bd-80b8d601f37d__ep1,test,1400,1419,VR training session and plastic strip assembly,Handling plastic strip,Observing workspace,0.0017558513209223747,0
dense_20f_stride10:1796b943-caad-43c6-b9bd-80b8d601f37d__ep1:qa:135,1796b943-caad-43c6-b9bd-80b8d601f37d__ep1,test,1410,1429,VR training session and plastic strip assembly,Handling plastic strip,Observing workspace,0.0017413310706615448,0
dense_20f_stride10:1796b943-caad-43c6-b9bd-80b8d601f37d__ep1:qa:136,1796b943-caad-43c6-b9bd-80b8d601f37d__ep1,test,1420,1439,VR training session and plastic strip assembly,Handling plastic strip,Observing workspace,0.0017329937545582652,0
dense_20f_stride10:1796b943-caad-43c6-b9bd-80b8d601f37d__ep1:qa:137,1796b943-caad-43c6-b9bd-80b8d601f37d__ep1,test,1430,1449,VR training session and plastic strip assembly,Handling plastic strip,Observing workspace,0.0017313086427748203,0
dense_20f_stride10:1796b943-caad-43c6-b9bd-80b8d601f37d__ep1:qa:138,1796b943-caad-43c6-b9bd-80b8d601f37d__ep1,test,1440,1459,VR training session and plastic strip assembly,Handling plastic strip,Observing workspace,0.0017484361305832863,0
dense_20f_stride10:1796b943-caad-43c6-b9bd-80b8d601f37d__ep1:qa:139,1796b943-caad-43c6-b9bd-80b8d601f37d__ep1,test,1450,1469,VR training session and plastic strip assembly,Handling plastic strip,Observing workspace,0.0017273194389417768,0
dense_20f_stride10:1796b943-caad-43c6-b9bd-80b8d601f37d__ep1:qa:140,1796b943-caad-43c6-b9bd-80b8d601f37d__ep1,test,1460,1479,VR training session and plastic strip assembly,Handling plastic strip,Observing workspace,0.0018090622033923864,0
dense_20f_stride10:1796b943-caad-43c6-b9bd-80b8d601f37d__ep1:qa:141,1796b943-caad-43c6-b9bd-80b8d601f37d__ep1,test,1470,1489,VR training session and plastic strip assembly,Handling plastic strip,Retrieve and move cardboard tray,0.001791400252841413,0
dense_20f_stride10:1796b943-caad-43c6-b9bd-80b8d601f37d__ep1:qa:142,1796b943-caad-43c6-b9bd-80b8d601f37d__ep1,test,1480,1499,VR training session and plastic strip assembly,Handling plastic strip,Sorting cardboard shapes and holding marker,0.0017393981106579304,0
dense_20f_stride10:1796b943-caad-43c6-b9bd-80b8d601f37d__ep1:qa:173,1796b943-caad-43c6-b9bd-80b8d601f37d__ep1,test,1800,1819,VR training session and plastic strip assembly,Bending plastic strip,Form paper strip into a star,0.0017942608101293445,0
dense_20f_stride10:1796b943-caad-43c6-b9bd-80b8d601f37d__ep1:qa:174,1796b943-caad-43c6-b9bd-80b8d601f37d__ep1,test,1810,1829,VR training session and plastic strip assembly,Bending plastic strip,Form paper strip into a star,0.001743303146213293,0
dense_20f_stride10:1796b943-caad-43c6-b9bd-80b8d601f37d__ep1:qa:175,1796b943-caad-43c6-b9bd-80b8d601f37d__ep1,test,1820,1839,VR training session and plastic strip assembly,Bending plastic strip,Observing workspace,0.0017481476534157991,0
dense_20f_stride10:1796b943-caad-43c6-b9bd-80b8d601f37d__ep1:qa:176,1796b943-caad-43c6-b9bd-80b8d601f37d__ep1,test,1830,1849,VR training session and plastic strip assembly,Bending plastic strip,Form paper strip into a star,0.0017635412514209747,0
dense_20f_stride10:1796b943-caad-43c6-b9bd-80b8d601f37d__ep1:qa:177,1796b943-caad-43c6-b9bd-80b8d601f37d__ep1,test,1840,1859,VR training session and plastic strip assembly,Bending plastic strip,Form paper strip into a star,0.0018373408820480108,0
dense_20f_stride10:1796b943-caad-43c6-b9bd-80b8d601f37d__ep1:qa:178,1796b943-caad-43c6-b9bd-80b8d601f37d__ep1,test,1850,1869,VR training session and plastic strip assembly,Bending plastic strip,Observing workspace,0.001763822976499796,0
dense_20f_stride10:1796b943-caad-43c6-b9bd-80b8d601f37d__ep1:qa:179,1796b943-caad-43c6-b9bd-80b8d601f37d__ep1,test,1860,1879,VR training session and plastic strip assembly,Bending plastic strip,Sorting cardboard shapes and holding marker,0.0017570707714185119,0
dense_20f_stride10:1796b943-caad-43c6-b9bd-80b8d601f37d__ep1:qa:180,1796b943-caad-43c6-b9bd-80b8d601f37d__ep1,test,1870,1889,VR training session and plastic strip assembly,Manipulating plastic strip,Observing workspace,0.0017784620868042111,0
dense_20f_stride10:1796b943-caad-43c6-b9bd-80b8d601f37d__ep1:qa:181,1796b943-caad-43c6-b9bd-80b8d601f37d__ep1,test,1880,1899,VR training session and plastic strip assembly,Manipulating plastic strip,Sorting cardboard shapes and holding marker,0.0017588515765964985,0
dense_20f_stride10:1796b943-caad-43c6-b9bd-80b8d601f37d__ep1:qa:182,1796b943-caad-43c6-b9bd-80b8d601f37d__ep1,test,1890,1909,VR training session and plastic strip assembly,Manipulating plastic strip,Draw and reposition ruler,0.0017845091642811894,0
dense_20f_stride10:1796b943-caad-43c6-b9bd-80b8d601f37d__ep1:qa:192,1796b943-caad-43c6-b9bd-80b8d601f37d__ep1,test,2000,2019,VR training session and plastic strip assembly,Manipulating plastic strip,Observing workspace,0.0017470228485763073,0
dense_20f_stride10:1796b943-caad-43c6-b9bd-80b8d601f37d__ep1:qa:193,1796b943-caad-43c6-b9bd-80b8d601f37d__ep1,test,2010,2029,VR training session and plastic strip assembly,Manipulating plastic strip,Observing workspace,0.0017790301935747266,0
dense_20f_stride10:1796b943-caad-43c6-b9bd-80b8d601f37d__ep1:qa:194,1796b943-caad-43c6-b9bd-80b8d601f37d__ep1,test,2020,2039,VR training session and plastic strip assembly,Manipulating plastic strip,Observing workspace,0.0017560613341629505,0
dense_20f_stride10:1796b943-caad-43c6-b9bd-80b8d601f37d__ep1:qa:195,1796b943-caad-43c6-b9bd-80b8d601f37d__ep1,test,2030,2049,VR training session and plastic strip assembly,Manipulating plastic strip,Observing workspace,0.001734579331241548,0
dense_20f_stride10:1796b943-caad-43c6-b9bd-80b8d601f37d__ep1:qa:196,1796b943-caad-43c6-b9bd-80b8d601f37d__ep1,test,2040,2059,VR training session and plastic strip assembly,Manipulating plastic strip,Observing workspace,0.0017598924459889531,0
dense_20f_stride10:1796b943-caad-43c6-b9bd-80b8d601f37d__ep1:qa:197,1796b943-caad-43c6-b9bd-80b8d601f37d__ep1,test,2050,2069,VR training session and plastic strip assembly,Manipulating plastic strip,Sorting cardboard shapes and holding marker,0.0018011984648182988,0
dense_20f_stride10:1796b943-caad-43c6-b9bd-80b8d601f37d__ep1:qa:198,1796b943-caad-43c6-b9bd-80b8d601f37d__ep1,test,2060,2079,VR training session and plastic strip assembly,Manipulating plastic strip,Observing workspace,0.001740496139973402,0
dense_20f_stride10:1796b943-caad-43c6-b9bd-80b8d601f37d__ep1:qa:199,1796b943-caad-43c6-b9bd-80b8d601f37d__ep1,test,2070,2089,VR training session and plastic strip assembly,Manipulating plastic strip,Observing workspace,0.0017529091564938426,0
dense_20f_stride10:1796b943-caad-43c6-b9bd-80b8d601f37d__ep1:qa:200,1796b943-caad-43c6-b9bd-80b8d601f37d__ep1,test,2080,2099,VR training session and plastic strip assembly,Manipulating plastic strip,Observing workspace,0.0017592739313840866,0
dense_20f_stride10:1796b943-caad-43c6-b9bd-80b8d601f37d__ep1:qa:201,1796b943-caad-43c6-b9bd-80b8d601f37d__ep1,test,2090,2109,VR training session and plastic strip assembly,Manipulating plastic strip,Observing workspace,0.0017452359898015857,0
dense_20f_stride10:1796b943-caad-43c6-b9bd-80b8d601f37d__ep1:qa:270,1796b943-caad-43c6-b9bd-80b8d601f37d__ep1,test,2800,2819,VR training session and plastic strip assembly,Folding plastic strip,Sorting cardboard shapes and holding marker,0.001838255557231605,0
dense_20f_stride10:1796b943-caad-43c6-b9bd-80b8d601f37d__ep1:qa:271,1796b943-caad-43c6-b9bd-80b8d601f37d__ep1,test,2810,2829,VR training session and plastic strip assembly,Folding plastic strip,Sorting cardboard shapes and holding marker,0.0018407125025987625,0
dense_20f_stride10:1796b943-caad-43c6-b9bd-80b8d601f37d__ep1:qa:272,1796b943-caad-43c6-b9bd-80b8d601f37d__ep1,test,2820,2839,VR training session and plastic strip assembly,Folding plastic strip,Sorting cardboard shapes and holding marker,0.001909106271341443,0
dense_20f_stride10:1796b943-caad-43c6-b9bd-80b8d601f37d__ep1:qa:273,1796b943-caad-43c6-b9bd-80b8d601f37d__ep1,test,2830,2849,VR training session and plastic strip assembly,Folding plastic strip,Observing workspace,0.001845379825681448,0
dense_20f_stride10:1796b943-caad-43c6-b9bd-80b8d601f37d__ep1:qa:274,1796b943-caad-43c6-b9bd-80b8d601f37d__ep1,test,2840,2859,VR training session and plastic strip assembly,Folding plastic strip,Sorting cardboard shapes and holding marker,0.0019341054139658809,0
dense_20f_stride10:1796b943-caad-43c6-b9bd-80b8d601f37d__ep1:qa:275,1796b943-caad-43c6-b9bd-80b8d601f37d__ep1,test,2850,2869,VR training session and plastic strip assembly,Folding plastic strip,Sorting cardboard shapes and holding marker,0.0018702897941693664,0
dense_20f_stride10:1796b943-caad-43c6-b9bd-80b8d601f37d__ep1:qa:276,1796b943-caad-43c6-b9bd-80b8d601f37d__ep1,test,2860,2879,VR training session and plastic strip assembly,Folding plastic strip,Sorting cardboard shapes and holding marker,0.001824033330194652,0
dense_20f_stride10:1796b943-caad-43c6-b9bd-80b8d601f37d__ep1:qa:277,1796b943-caad-43c6-b9bd-80b8d601f37d__ep1,test,2870,2889,VR training session and plastic strip assembly,Folding plastic strip,Sorting cardboard shapes and holding marker,0.0018513567047193646,0
dense_20f_stride10:1796b943-caad-43c6-b9bd-80b8d601f37d__ep1:qa:278,1796b943-caad-43c6-b9bd-80b8d601f37d__ep1,test,2880,2899,VR training session and plastic strip assembly,Folding plastic strip,Sorting cardboard shapes and holding marker,0.0018250541761517525,0
dense_20f_stride10:1796b943-caad-43c6-b9bd-80b8d601f37d__ep1:qa:279,1796b943-caad-43c6-b9bd-80b8d601f37d__ep1,test,2890,2909,VR training session and plastic strip assembly,Folding plastic strip,Observing workspace,0.001745410612784326,0
dense_20f_stride10:ba18b7c1-21ff-45da-8452-41acce7fc8de__ep2:qa:0,ba18b7c1-21ff-45da-8452-41acce7fc8de__ep2,test,0,19,Crafting a paper cone,Manipulate paper decoration,Check instructions on phone,0.0019290124764665961,0
dense_20f_stride10:ba18b7c1-21ff-45da-8452-41acce7fc8de__ep2:qa:1,ba18b7c1-21ff-45da-8452-41acce7fc8de__ep2,test,10,29,Crafting a paper cone,Manipulate paper decoration,Cutting and folding cardboard shapes,0.0019148620776832104,0
dense_20f_stride10:ba18b7c1-21ff-45da-8452-41acce7fc8de__ep2:qa:2,ba18b7c1-21ff-45da-8452-41acce7fc8de__ep2,test,20,39,Crafting a paper cone,Manipulate paper decoration,Cutting and folding cardboard shapes,0.0019317874684929848,0
dense_20f_stride10:ba18b7c1-21ff-45da-8452-41acce7fc8de__ep2:qa:3,ba18b7c1-21ff-45da-8452-41acce7fc8de__ep2,test,30,49,Crafting a paper cone,Manipulate paper decoration,Cutting and folding cardboard shapes,0.0019170892192050815,0
dense_20f_stride10:ba18b7c1-21ff-45da-8452-41acce7fc8de__ep2:qa:4,ba18b7c1-21ff-45da-8452-41acce7fc8de__ep2,test,40,59,Crafting a paper cone,Manipulate paper decoration,Check instructions on phone,0.0019735239911824465,0
dense_20f_stride10:ba18b7c1-21ff-45da-8452-41acce7fc8de__ep2:qa:5,ba18b7c1-21ff-45da-8452-41acce7fc8de__ep2,test,50,69,Crafting a paper cone,Manipulate paper decoration,Check instructions on phone,0.00189090589992702,0
dense_20f_stride10:ba18b7c1-21ff-45da-8452-41acce7fc8de__ep2:qa:6,ba18b7c1-21ff-45da-8452-41acce7fc8de__ep2,test,60,79,Crafting a paper cone,Manipulate paper decoration,Cutting and folding cardboard shapes,0.0019122252706438303,0
dense_20f_stride10:ba18b7c1-21ff-45da-8452-41acce7fc8de__ep2:qa:7,ba18b7c1-21ff-45da-8452-41acce7fc8de__ep2,test,70,89,Crafting a paper cone,Manipulate paper decoration,Cutting and folding cardboard shapes,0.0019017751328647137,0
dense_20f_stride10:ba18b7c1-21ff-45da-8452-41acce7fc8de__ep2:qa:8,ba18b7c1-21ff-45da-8452-41acce7fc8de__ep2,test,80,99,Crafting a paper cone,Manipulate paper decoration,Cutting and folding cardboard shapes,0.0019197919173166156,0
dense_20f_stride10:ba18b7c1-21ff-45da-8452-41acce7fc8de__ep2:qa:9,ba18b7c1-21ff-45da-8452-41acce7fc8de__ep2,test,90,109,Crafting a paper cone,Manipulate paper decoration,Cutting and folding cardboard shapes,0.001899179769679904,0
dense_20f_stride10:ba18b7c1-21ff-45da-8452-41acce7fc8de__ep2:qa:10,ba18b7c1-21ff-45da-8452-41acce7fc8de__ep2,test,100,119,Crafting a paper cone,Manipulate paper decoration,Cutting and folding cardboard shapes,0.0019454114371910691,0
dense_20f_stride10:ba18b7c1-21ff-45da-8452-41acce7fc8de__ep2:qa:11,ba18b7c1-21ff-45da-8452-41acce7fc8de__ep2,test,110,129,Crafting a paper cone,Manipulate paper decoration,Cutting and folding cardboard shapes,0.0018936460837721825,0
dense_20f_stride10:ba18b7c1-21ff-45da-8452-41acce7fc8de__ep2:qa:12,ba18b7c1-21ff-45da-8452-41acce7fc8de__ep2,test,120,139,Crafting a paper cone,Manipulate paper decoration,Cutting and folding cardboard shapes,0.0019177315989509225,0
dense_20f_stride10:ba18b7c1-21ff-45da-8452-41acce7fc8de__ep2:qa:13,ba18b7c1-21ff-45da-8452-41acce7fc8de__ep2,test,130,149,Crafting a paper cone,Manipulate paper decoration,Cutting and folding cardboard shapes,0.0018390800105407834,0
dense_20f_stride10:ba18b7c1-21ff-45da-8452-41acce7fc8de__ep2:qa:79,ba18b7c1-21ff-45da-8452-41acce7fc8de__ep2,test,800,819,Crafting a paper cone,Manipulate paper edge,Carry cereal boxes to aisle,0.0018221343634650111,0
dense_20f_stride10:ba18b7c1-21ff-45da-8452-41acce7fc8de__ep2:qa:80,ba18b7c1-21ff-45da-8452-41acce7fc8de__ep2,test,810,829,Crafting a paper cone,Manipulate paper edge,Cutting and folding cardboard shapes,0.0018540275050327182,0
dense_20f_stride10:ba18b7c1-21ff-45da-8452-41acce7fc8de__ep2:qa:81,ba18b7c1-21ff-45da-8452-41acce7fc8de__ep2,test,820,839,Crafting a paper cone,Manipulate paper edge,Carry cereal boxes to aisle,0.0019148996798321605,0
dense_20f_stride10:ba18b7c1-21ff-45da-8452-41acce7fc8de__ep2:qa:82,ba18b7c1-21ff-45da-8452-41acce7fc8de__ep2,test,830,849,Crafting a paper cone,Manipulate paper edge,Cutting and folding cardboard shapes,0.0018267510458827019,0
dense_20f_stride10:ba18b7c1-21ff-45da-8452-41acce7fc8de__ep2:qa:83,ba18b7c1-21ff-45da-8452-41acce7fc8de__ep2,test,840,859,Crafting a paper cone,Manipulate paper edge,Cutting and folding cardboard shapes,0.0018300808733329177,0
dense_20f_stride10:ba18b7c1-21ff-45da-8452-41acce7fc8de__ep2:qa:84,ba18b7c1-21ff-45da-8452-41acce7fc8de__ep2,test,850,869,Crafting a paper cone,Manipulate paper edge,Cutting and folding cardboard shapes,0.0018272859742864966,0
dense_20f_stride10:ba18b7c1-21ff-45da-8452-41acce7fc8de__ep2:qa:85,ba18b7c1-21ff-45da-8452-41acce7fc8de__ep2,test,860,879,Crafting a paper cone,Manipulate paper edge,Cutting and folding cardboard shapes,0.001844345941208303,0
dense_20f_stride10:ba18b7c1-21ff-45da-8452-41acce7fc8de__ep2:qa:86,ba18b7c1-21ff-45da-8452-41acce7fc8de__ep2,test,870,889,Crafting a paper cone,Manipulate paper edge,Cutting and folding cardboard shapes,0.0018173936987295747,0
dense_20f_stride10:ba18b7c1-21ff-45da-8452-41acce7fc8de__ep2:qa:87,ba18b7c1-21ff-45da-8452-41acce7fc8de__ep2,test,880,899,Crafting a paper cone,Manipulate paper edge,Retrieving materials,0.0018347851000726223,0
dense_20f_stride10:ba18b7c1-21ff-45da-8452-41acce7fc8de__ep2:qa:88,ba18b7c1-21ff-45da-8452-41acce7fc8de__ep2,test,890,909,Crafting a paper cone,Manipulate paper edge,Cutting and folding cardboard shapes,0.001823927741497755,0
dense_20f_stride10:ba18b7c1-21ff-45da-8452-41acce7fc8de__ep2:qa:89,ba18b7c1-21ff-45da-8452-41acce7fc8de__ep2,test,900,919,Crafting a paper cone,Manipulate paper edge,Retrieving materials,0.0018571331165730953,0
dense_20f_stride10:ba18b7c1-21ff-45da-8452-41acce7fc8de__ep2:qa:90,ba18b7c1-21ff-45da-8452-41acce7fc8de__ep2,test,910,929,Crafting a paper cone,Manipulate paper edge,Retrieving materials,0.00181865063495934,0
dense_20f_stride10:ba18b7c1-21ff-45da-8452-41acce7fc8de__ep2:qa:91,ba18b7c1-21ff-45da-8452-41acce7fc8de__ep2,test,920,939,Crafting a paper cone,Manipulate paper edge,Retrieving materials,0.0018946961499750614,0
dense_20f_stride10:ba18b7c1-21ff-45da-8452-41acce7fc8de__ep2:qa:92,ba18b7c1-21ff-45da-8452-41acce7fc8de__ep2,test,930,949,Crafting a paper cone,Manipulate paper edge,Cutting and folding cardboard shapes,0.0018118133302778006,0
dense_20f_stride10:ba18b7c1-21ff-45da-8452-41acce7fc8de__ep2:qa:118,ba18b7c1-21ff-45da-8452-41acce7fc8de__ep2,test,1200,1219,Crafting a paper cone,Adjusting paper edge and placing strip,Cutting and folding cardboard shapes,0.0018324162811040878,0
dense_20f_stride10:ba18b7c1-21ff-45da-8452-41acce7fc8de__ep2:qa:119,ba18b7c1-21ff-45da-8452-41acce7fc8de__ep2,test,1210,1229,Crafting a paper cone,Adjusting paper edge and placing strip,Cutting and folding cardboard shapes,0.0017718784511089325,0
dense_20f_stride10:ba18b7c1-21ff-45da-8452-41acce7fc8de__ep2:qa:120,ba18b7c1-21ff-45da-8452-41acce7fc8de__ep2,test,1220,1239,Crafting a paper cone,Adjusting paper edge and placing strip,Retrieving materials,0.00185823580250144,0
dense_20f_stride10:ba18b7c1-21ff-45da-8452-41acce7fc8de__ep2:qa:121,ba18b7c1-21ff-45da-8452-41acce7fc8de__ep2,test,1230,1249,Crafting a paper cone,Adjusting paper edge and placing strip,Placing and scanning for puzzle pieces,0.0018197201425209641,0
dense_20f_stride10:ba18b7c1-21ff-45da-8452-41acce7fc8de__ep2:qa:122,ba18b7c1-21ff-45da-8452-41acce7fc8de__ep2,test,1240,1259,Crafting a paper cone,Adjusting paper edge and placing strip,Retrieving materials,0.0019475881708785892,0
dense_20f_stride10:ba18b7c1-21ff-45da-8452-41acce7fc8de__ep2:qa:123,ba18b7c1-21ff-45da-8452-41acce7fc8de__ep2,test,1250,1269,Crafting a paper cone,Adjusting paper edge and placing strip,Cutting and folding cardboard shapes,0.0018079217988997698,0
dense_20f_stride10:ba18b7c1-21ff-45da-8452-41acce7fc8de__ep2:qa:124,ba18b7c1-21ff-45da-8452-41acce7fc8de__ep2,test,1260,1279,Crafting a paper cone,Adjusting paper edge and placing strip,Cutting and folding cardboard shapes,0.0018350273603573442,0
dense_20f_stride10:ba18b7c1-21ff-45da-8452-41acce7fc8de__ep2:qa:125,ba18b7c1-21ff-45da-8452-41acce7fc8de__ep2,test,1270,1289,Crafting a paper cone,Adjusting paper edge and placing strip,Cutting and folding cardboard shapes,0.001797591452486813,0
dense_20f_stride10:ba18b7c1-21ff-45da-8452-41acce7fc8de__ep2:qa:126,ba18b7c1-21ff-45da-8452-41acce7fc8de__ep2,test,1280,1299,Crafting a paper cone,Adjusting paper edge and placing strip,Stacking cardboard pieces,0.002098823431879282,0
dense_20f_stride10:ba18b7c1-21ff-45da-8452-41acce7fc8de__ep2:qa:127,ba18b7c1-21ff-45da-8452-41acce7fc8de__ep2,test,1290,1309,Crafting a paper cone,Adjusting paper edge and placing strip,Cutting and folding cardboard shapes,0.0018635224550962448,0
dense_20f_stride10:ba18b7c1-21ff-45da-8452-41acce7fc8de__ep2:qa:128,ba18b7c1-21ff-45da-8452-41acce7fc8de__ep2,test,1300,1319,Crafting a paper cone,Adjusting paper edge and placing strip,Manipulate paper strips,0.001783624291419983,0
dense_20f_stride10:ba18b7c1-21ff-45da-8452-41acce7fc8de__ep2:qa:129,ba18b7c1-21ff-45da-8452-41acce7fc8de__ep2,test,1310,1329,Crafting a paper cone,Adjusting paper edge and placing strip,Cutting and folding cardboard shapes,0.0018045338802039623,0
dense_20f_stride10:ba18b7c1-21ff-45da-8452-41acce7fc8de__ep2:qa:130,ba18b7c1-21ff-45da-8452-41acce7fc8de__ep2,test,1320,1339,Crafting a paper cone,Adjusting paper edge and placing strip,Cutting and folding cardboard shapes,0.0018494664691388607,0
dense_20f_stride10:ba18b7c1-21ff-45da-8452-41acce7fc8de__ep2:qa:131,ba18b7c1-21ff-45da-8452-41acce7fc8de__ep2,test,1330,1349,Crafting a paper cone,Adjusting paper edge and placing strip,Trace and remove pattern,0.0018159595783799887,0
dense_20f_stride10:ba18b7c1-21ff-45da-8452-41acce7fc8de__ep2:qa:177,ba18b7c1-21ff-45da-8452-41acce7fc8de__ep2,test,1800,1819,Crafting a paper cone,Manipulate paper strip,Positioning paper strip,0.001968082506209612,0
dense_20f_stride10:ba18b7c1-21ff-45da-8452-41acce7fc8de__ep2:qa:178,ba18b7c1-21ff-45da-8452-41acce7fc8de__ep2,test,1810,1829,Crafting a paper cone,Manipulate paper strip,Positioning paper strip,0.001841560355387628,0
dense_20f_stride10:ba18b7c1-21ff-45da-8452-41acce7fc8de__ep2:qa:179,ba18b7c1-21ff-45da-8452-41acce7fc8de__ep2,test,1820,1839,Crafting a paper cone,Manipulate paper strip,Cutting and folding cardboard shapes,0.001777123543433845,0
dense_20f_stride10:ba18b7c1-21ff-45da-8452-41acce7fc8de__ep2:qa:180,ba18b7c1-21ff-45da-8452-41acce7fc8de__ep2,test,1830,1849,Crafting a paper cone,Manipulate paper strip,Form paper strip into a star,0.0018261432414874434,0
dense_20f_stride10:ba18b7c1-21ff-45da-8452-41acce7fc8de__ep2:qa:181,ba18b7c1-21ff-45da-8452-41acce7fc8de__ep2,test,1840,1859,Crafting a paper cone,Manipulate paper strip,Form paper strip into a star,0.0019927083048969507,0
dense_20f_stride10:ba18b7c1-21ff-45da-8452-41acce7fc8de__ep2:qa:182,ba18b7c1-21ff-45da-8452-41acce7fc8de__ep2,test,1850,1869,Crafting a paper cone,Manipulate paper strip,Cutting and folding cardboard shapes,0.0017809162382036448,0
dense_20f_stride10:ba18b7c1-21ff-45da-8452-41acce7fc8de__ep2:qa:183,ba18b7c1-21ff-45da-8452-41acce7fc8de__ep2,test,1860,1879,Crafting a paper cone,Manipulate paper strip,Cutting and folding cardboard shapes,0.0018214144511148334,0
dense_20f_stride10:ba18b7c1-21ff-45da-8452-41acce7fc8de__ep2:qa:184,ba18b7c1-21ff-45da-8452-41acce7fc8de__ep2,test,1870,1889,Crafting a paper cone,Manipulate paper strip,Cutting and folding cardboard shapes,0.0018383561400696635,0
dense_20f_stride10:ba18b7c1-21ff-45da-8452-41acce7fc8de__ep2:qa:185,ba18b7c1-21ff-45da-8452-41acce7fc8de__ep2,test,1880,1899,Crafting a paper cone,Manipulate paper strip,Cutting and folding cardboard shapes,0.0018207175889983773,0
dense_20f_stride10:ba18b7c1-21ff-45da-8452-41acce7fc8de__ep2:qa:186,ba18b7c1-21ff-45da-8452-41acce7fc8de__ep2,test,1890,1909,Crafting a paper cone,Manipulate paper strip,Handling snack packages,0.0018399388063699007,0
dense_20f_stride10:ba18b7c1-21ff-45da-8452-41acce7fc8de__ep2:qa:187,ba18b7c1-21ff-45da-8452-41acce7fc8de__ep2,test,1900,1919,Crafting a paper cone,Manipulate paper strip,Handling snack packages,0.0019563655368983746,0
dense_20f_stride10:ba18b7c1-21ff-45da-8452-41acce7fc8de__ep2:qa:188,ba18b7c1-21ff-45da-8452-41acce7fc8de__ep2,test,1910,1929,Crafting a paper cone,Manipulate paper strip,Manipulate star and prepare next strip,0.0018196660093963146,0
dense_20f_stride10:ba18b7c1-21ff-45da-8452-41acce7fc8de__ep2:qa:189,ba18b7c1-21ff-45da-8452-41acce7fc8de__ep2,test,1920,1939,Crafting a paper cone,Manipulate paper strip,Cutting and folding cardboard shapes,0.0017872124444693327,0
dense_20f_stride10:ba18b7c1-21ff-45da-8452-41acce7fc8de__ep2:qa:190,ba18b7c1-21ff-45da-8452-41acce7fc8de__ep2,test,1930,1949,Crafting a paper cone,Manipulate paper strip,Cutting and folding cardboard shapes,0.0017460108501836658,0
dense_20f_stride10:ba18b7c1-21ff-45da-8452-41acce7fc8de__ep2:qa:288,ba18b7c1-21ff-45da-8452-41acce7fc8de__ep2,test,2920,2939,Crafting a paper cone,Adjusting and securing paper structure,Cutting cardboard pieces,0.0017526444280520082,0
dense_20f_stride10:ba18b7c1-21ff-45da-8452-41acce7fc8de__ep2:qa:289,ba18b7c1-21ff-45da-8452-41acce7fc8de__ep2,test,2930,2949,Crafting a paper cone,Adjusting and securing paper structure,Cutting cardboard pieces,0.0017588703194633126,0
dense_20f_stride10:ba18b7c1-21ff-45da-8452-41acce7fc8de__ep2:qa:290,ba18b7c1-21ff-45da-8452-41acce7fc8de__ep2,test,2940,2959,Crafting a paper cone,Adjusting and securing paper structure,Retrieving smartphone,0.0017764285439625382,0
dense_20f_stride10:ba18b7c1-21ff-45da-8452-41acce7fc8de__ep2:qa:291,ba18b7c1-21ff-45da-8452-41acce7fc8de__ep2,test,2950,2969,Crafting a paper cone,Adjusting and securing paper structure,folding paper strips and retrieving stapler,0.001777107361704111,0
dense_20f_stride10:ba18b7c1-21ff-45da-8452-41acce7fc8de__ep2:qa:292,ba18b7c1-21ff-45da-8452-41acce7fc8de__ep2,test,2960,2979,Crafting a paper cone,Adjusting and securing paper structure,Retrieving smartphone,0.0017600752180442214,0
dense_20f_stride10:ba18b7c1-21ff-45da-8452-41acce7fc8de__ep2:qa:293,ba18b7c1-21ff-45da-8452-41acce7fc8de__ep2,test,2970,2989,Crafting a paper cone,Adjusting and securing paper structure,Cutting cardboard pieces,0.001774825737811625,0
dense_20f_stride10:ba18b7c1-21ff-45da-8452-41acce7fc8de__ep2:qa:294,ba18b7c1-21ff-45da-8452-41acce7fc8de__ep2,test,2980,2999,Crafting a paper cone,Adjusting and securing paper structure,Cutting cardboard pieces,0.001766033936291933,0
dense_20f_stride10:ba18b7c1-21ff-45da-8452-41acce7fc8de__ep2:qa:295,ba18b7c1-21ff-45da-8452-41acce7fc8de__ep2,test,2990,3009,Crafting a paper cone,Adjusting and securing paper structure,Arranging orange buttons,0.0018796849763020873,0
dense_20f_stride10:ba18b7c1-21ff-45da-8452-41acce7fc8de__ep2:qa:296,ba18b7c1-21ff-45da-8452-41acce7fc8de__ep2,test,3000,3019,Crafting a paper cone,Adjusting and securing paper structure,folding paper strips into stars,0.0019307860638946295,0
dense_20f_stride10:ba18b7c1-21ff-45da-8452-41acce7fc8de__ep2:qa:297,ba18b7c1-21ff-45da-8452-41acce7fc8de__ep2,test,3010,3029,Crafting a paper cone,Adjusting and securing paper structure,Drawing grid lines with a ruler and pen,0.0019323870074003935,0
dense_20f_stride10:ba18b7c1-21ff-45da-8452-41acce7fc8de__ep2:qa:298,ba18b7c1-21ff-45da-8452-41acce7fc8de__ep2,test,3020,3039,Crafting a paper cone,Adjusting and securing paper structure,Cutting cardboard pieces,0.0017590689240023494,0
dense_20f_stride10:ba18b7c1-21ff-45da-8452-41acce7fc8de__ep2:qa:299,ba18b7c1-21ff-45da-8452-41acce7fc8de__ep2,test,3030,3049,Crafting a paper cone,Adjusting and securing paper structure,Cutting cardboard pieces,0.001754780183546245,0
dense_20f_stride10:ba18b7c1-21ff-45da-8452-41acce7fc8de__ep2:qa:300,ba18b7c1-21ff-45da-8452-41acce7fc8de__ep2,test,3040,3059,Crafting a paper cone,Adjusting and securing paper structure,Cutting cardboard pieces,0.0017911707982420921,0
dense_20f_stride10:ba18b7c1-21ff-45da-8452-41acce7fc8de__ep2:qa:335,ba18b7c1-21ff-45da-8452-41acce7fc8de__ep2,test,3400,3419,Crafting a paper cone,Manipulate adhesive strip,Cutting and adjusting cardboard pieces,0.001900385250337422,0
dense_20f_stride10:ba18b7c1-21ff-45da-8452-41acce7fc8de__ep2:qa:336,ba18b7c1-21ff-45da-8452-41acce7fc8de__ep2,test,3410,3429,Crafting a paper cone,Manipulate adhesive strip,Cutting and adjusting cardboard pieces,0.0017728741513565183,0
dense_20f_stride10:ba18b7c1-21ff-45da-8452-41acce7fc8de__ep2:qa:337,ba18b7c1-21ff-45da-8452-41acce7fc8de__ep2,test,3420,3439,Crafting a paper cone,Manipulate adhesive strip,Cutting and adjusting cardboard pieces,0.0018861533608287573,0
dense_20f_stride10:ba18b7c1-21ff-45da-8452-41acce7fc8de__ep2:qa:338,ba18b7c1-21ff-45da-8452-41acce7fc8de__ep2,test,3430,3449,Crafting a paper cone,Manipulate adhesive strip,Cutting cardboard pieces,0.0017711319960653782,0
dense_20f_stride10:ba18b7c1-21ff-45da-8452-41acce7fc8de__ep2:qa:339,ba18b7c1-21ff-45da-8452-41acce7fc8de__ep2,test,3440,3459,Crafting a paper cone,Manipulate adhesive strip,Cutting cardboard pieces,0.001762591884471476,0
dense_20f_stride10:ba18b7c1-21ff-45da-8452-41acce7fc8de__ep2:qa:340,ba18b7c1-21ff-45da-8452-41acce7fc8de__ep2,test,3450,3469,Crafting a paper cone,Manipulate adhesive strip,Cutting cardboard pieces,0.0017695926362648606,0
dense_20f_stride10:ba18b7c1-21ff-45da-8452-41acce7fc8de__ep2:qa:341,ba18b7c1-21ff-45da-8452-41acce7fc8de__ep2,test,3460,3479,Crafting a paper cone,Manipulate adhesive strip,Cutting cardboard pieces,0.0017938842065632343,0
dense_20f_stride10:ba18b7c1-21ff-45da-8452-41acce7fc8de__ep2:qa:342,ba18b7c1-21ff-45da-8452-41acce7fc8de__ep2,test,3470,3489,Crafting a paper cone,Manipulate adhesive strip,Manipulating paper strips,0.001782219740562141,0
dense_20f_stride10:ba18b7c1-21ff-45da-8452-41acce7fc8de__ep2:qa:343,ba18b7c1-21ff-45da-8452-41acce7fc8de__ep2,test,3480,3499,Crafting a paper cone,Manipulate adhesive strip,Cutting cardboard pieces,0.001845161197707057,0
dense_20f_stride10:ba18b7c1-21ff-45da-8452-41acce7fc8de__ep2:qa:344,ba18b7c1-21ff-45da-8452-41acce7fc8de__ep2,test,3490,3509,Crafting a paper cone,Manipulate adhesive strip,Cutting cardboard pieces,0.0018086093477904797,0
dense_20f_stride10:ba18b7c1-21ff-45da-8452-41acce7fc8de__ep2:qa:345,ba18b7c1-21ff-45da-8452-41acce7fc8de__ep2,test,3500,3519,Crafting a paper cone,Manipulate adhesive strip,Cutting and adjusting cardboard pieces,0.0017807561671361327,0
dense_20f_stride10:ba18b7c1-21ff-45da-8452-41acce7fc8de__ep2:qa:346,ba18b7c1-21ff-45da-8452-41acce7fc8de__ep2,test,3510,3529,Crafting a paper cone,Manipulate adhesive strip,Cutting cardboard pieces,0.0017877656500786543,0
dense_20f_stride10:ba18b7c1-21ff-45da-8452-41acce7fc8de__ep2:qa:347,ba18b7c1-21ff-45da-8452-41acce7fc8de__ep2,test,3520,3539,Crafting a paper cone,Manipulate adhesive strip,Cutting cardboard pieces,0.0018009068444371223,0
dense_20f_stride10:ba18b7c1-21ff-45da-8452-41acce7fc8de__ep2:qa:348,ba18b7c1-21ff-45da-8452-41acce7fc8de__ep2,test,3530,3549,Crafting a paper cone,Manipulate adhesive strip,Measuring and adjusting workspace,0.0018565247301012278,0
dense_20f_stride10:ba18b7c1-21ff-45da-8452-41acce7fc8de__ep2:qa:474,ba18b7c1-21ff-45da-8452-41acce7fc8de__ep2,test,4800,4819,Crafting a paper cone,Secure paper edges with adhesive,Mark cardboard for cutting,0.0020796360913664103,0
dense_20f_stride10:ba18b7c1-21ff-45da-8452-41acce7fc8de__ep2:qa:475,ba18b7c1-21ff-45da-8452-41acce7fc8de__ep2,test,4810,4829,Crafting a paper cone,Secure paper edges with adhesive,Cutting cardboard pieces,0.0018101996975019574,0
dense_20f_stride10:ba18b7c1-21ff-45da-8452-41acce7fc8de__ep2:qa:476,ba18b7c1-21ff-45da-8452-41acce7fc8de__ep2,test,4820,4839,Crafting a paper cone,Secure paper edges with adhesive,Mark cardboard for cutting,0.0019001588225364685,0
dense_20f_stride10:ba18b7c1-21ff-45da-8452-41acce7fc8de__ep2:qa:477,ba18b7c1-21ff-45da-8452-41acce7fc8de__ep2,test,4830,4849,Crafting a paper cone,Secure paper edges with adhesive,Mark cardboard for cutting,0.0018096446292474866,0
dense_20f_stride10:ba18b7c1-21ff-45da-8452-41acce7fc8de__ep2:qa:478,ba18b7c1-21ff-45da-8452-41acce7fc8de__ep2,test,4840,4859,Crafting a paper cone,Secure paper edges with adhesive,Mark cardboard for cutting,0.0018499513389542699,0
dense_20f_stride10:ba18b7c1-21ff-45da-8452-41acce7fc8de__ep2:qa:479,ba18b7c1-21ff-45da-8452-41acce7fc8de__ep2,test,4850,4869,Crafting a paper cone,Secure paper edges with adhesive,Mark cardboard for cutting,0.0019099845085293055,0
dense_20f_stride10:ba18b7c1-21ff-45da-8452-41acce7fc8de__ep2:qa:480,ba18b7c1-21ff-45da-8452-41acce7fc8de__ep2,test,4860,4879,Crafting a paper cone,Secure paper edges with adhesive,Hold small object,0.001902730786241591,0
dense_20f_stride10:ba18b7c1-21ff-45da-8452-41acce7fc8de__ep2:qa:481,ba18b7c1-21ff-45da-8452-41acce7fc8de__ep2,test,4870,4889,Crafting a paper cone,Secure paper edges with adhesive,Resuming cutting cardboard,0.0017614109674468637,0
dense_20f_stride10:ba18b7c1-21ff-45da-8452-41acce7fc8de__ep2:qa:482,ba18b7c1-21ff-45da-8452-41acce7fc8de__ep2,test,4880,4899,Crafting a paper cone,Secure paper edges with adhesive,Replenishing shelf stock,0.00183674821164459,0
dense_20f_stride10:ba18b7c1-21ff-45da-8452-41acce7fc8de__ep2:qa:483,ba18b7c1-21ff-45da-8452-41acce7fc8de__ep2,test,4890,4909,Crafting a paper cone,Secure paper edges with adhesive,Opening cardboard box,0.001935275038704276,0
dense_20f_stride10:ba18b7c1-21ff-45da-8452-41acce7fc8de__ep2:qa:484,ba18b7c1-21ff-45da-8452-41acce7fc8de__ep2,test,4900,4919,Crafting a paper cone,Secure paper edges with adhesive,Replenishing shelf stock,0.0018474223325029016,0
dense_20f_stride10:ba18b7c1-21ff-45da-8452-41acce7fc8de__ep2:qa:485,ba18b7c1-21ff-45da-8452-41acce7fc8de__ep2,test,4910,4929,Crafting a paper cone,Secure paper edges with adhesive,Cutting cardboard pieces,0.001795022515580058,0
dense_20f_stride10:ba18b7c1-21ff-45da-8452-41acce7fc8de__ep2:qa:486,ba18b7c1-21ff-45da-8452-41acce7fc8de__ep2,test,4920,4939,Crafting a paper cone,Secure paper edges with adhesive,Cutting cardboard pieces,0.0018187217647209764,0
dense_20f_stride10:b6579cb5-0a71-4ca6-8808-1e2700be05c7__ep3:qa:0,b6579cb5-0a71-4ca6-8808-1e2700be05c7__ep3,test,0,19,Sorting and counting colored star-shaped beads,Sort and record bead counts,Sorting and counting beads,0.002120246412232518,0
dense_20f_stride10:b6579cb5-0a71-4ca6-8808-1e2700be05c7__ep3:qa:1,b6579cb5-0a71-4ca6-8808-1e2700be05c7__ep3,test,10,29,Sorting and counting colored star-shaped beads,Sort and record bead counts,Sorting and counting beads,0.002108888002112508,0
dense_20f_stride10:b6579cb5-0a71-4ca6-8808-1e2700be05c7__ep3:qa:2,b6579cb5-0a71-4ca6-8808-1e2700be05c7__ep3,test,20,39,Sorting and counting colored star-shaped beads,Sort and record bead counts,Sorting and counting beads,0.0021404235158115625,0
dense_20f_stride10:b6579cb5-0a71-4ca6-8808-1e2700be05c7__ep3:qa:3,b6579cb5-0a71-4ca6-8808-1e2700be05c7__ep3,test,30,49,Sorting and counting colored star-shaped beads,Sort and record bead counts,Sorting and counting beads,0.0021443022415041924,0
dense_20f_stride10:b6579cb5-0a71-4ca6-8808-1e2700be05c7__ep3:qa:4,b6579cb5-0a71-4ca6-8808-1e2700be05c7__ep3,test,40,59,Sorting and counting colored star-shaped beads,Sort and record bead counts,Sorting and counting beads,0.00212865904904902,0
dense_20f_stride10:b6579cb5-0a71-4ca6-8808-1e2700be05c7__ep3:qa:27,b6579cb5-0a71-4ca6-8808-1e2700be05c7__ep3,test,280,299,Sorting and counting colored star-shaped beads,Sort and record bead counts,Sorting and counting beads,0.0021170026157051325,0
dense_20f_stride10:b6579cb5-0a71-4ca6-8808-1e2700be05c7__ep3:qa:28,b6579cb5-0a71-4ca6-8808-1e2700be05c7__ep3,test,290,309,Sorting and counting colored star-shaped beads,Sort and record bead counts,Sorting and counting beads,0.0020952399354428053,0
dense_20f_stride10:b6579cb5-0a71-4ca6-8808-1e2700be05c7__ep3:qa:29,b6579cb5-0a71-4ca6-8808-1e2700be05c7__ep3,test,300,319,Sorting and counting colored star-shaped beads,Sort and record bead counts,Sorting and counting beads,0.0021020639687776566,0
dense_20f_stride10:b6579cb5-0a71-4ca6-8808-1e2700be05c7__ep3:qa:30,b6579cb5-0a71-4ca6-8808-1e2700be05c7__ep3,test,310,329,Sorting and counting colored star-shaped beads,Sort and record bead counts,Sorting and counting beads,0.002128937980160117,0
dense_20f_stride10:b6579cb5-0a71-4ca6-8808-1e2700be05c7__ep3:qa:31,b6579cb5-0a71-4ca6-8808-1e2700be05c7__ep3,test,320,339,Sorting and counting colored star-shaped beads,Sort and record bead counts,Sorting and counting beads,0.002144292928278446,0
dense_20f_stride10:b6579cb5-0a71-4ca6-8808-1e2700be05c7__ep3:qa:98,b6579cb5-0a71-4ca6-8808-1e2700be05c7__ep3,test,1000,1019,Sorting and counting colored star-shaped beads,Sort and record bead counts,Sorting and counting beads,0.00232883682474494,0
dense_20f_stride10:b6579cb5-0a71-4ca6-8808-1e2700be05c7__ep3:qa:99,b6579cb5-0a71-4ca6-8808-1e2700be05c7__ep3,test,1010,1029,Sorting and counting colored star-shaped beads,Sort and record bead counts,Sorting and counting beads,0.0020263572223484516,0
dense_20f_stride10:b6579cb5-0a71-4ca6-8808-1e2700be05c7__ep3:qa:100,b6579cb5-0a71-4ca6-8808-1e2700be05c7__ep3,test,1020,1039,Sorting and counting colored star-shaped beads,Sort and record bead counts,Sorting and counting beads,0.0021160831674933434,0
dense_20f_stride10:b6579cb5-0a71-4ca6-8808-1e2700be05c7__ep3:qa:101,b6579cb5-0a71-4ca6-8808-1e2700be05c7__ep3,test,1030,1049,Sorting and counting colored star-shaped beads,Sort and record bead counts,Sorting and counting beads,0.0019738320261240005,0
dense_20f_stride10:b6579cb5-0a71-4ca6-8808-1e2700be05c7__ep3:qa:102,b6579cb5-0a71-4ca6-8808-1e2700be05c7__ep3,test,1040,1059,Sorting and counting colored star-shaped beads,Sort and record bead counts,Sorting and counting beads,0.002114775823429227,0
dense_20f_stride10:b6579cb5-0a71-4ca6-8808-1e2700be05c7__ep3:qa:196,b6579cb5-0a71-4ca6-8808-1e2700be05c7__ep3,test,2000,2019,Sorting and counting colored star-shaped beads,Sort and group beads,Sorting and counting beads,0.0020702050533145666,0
dense_20f_stride10:b6579cb5-0a71-4ca6-8808-1e2700be05c7__ep3:qa:197,b6579cb5-0a71-4ca6-8808-1e2700be05c7__ep3,test,2010,2029,Sorting and counting colored star-shaped beads,Sort and group beads,Sorting and counting beads,0.0020176544785499573,0
dense_20f_stride10:b6579cb5-0a71-4ca6-8808-1e2700be05c7__ep3:qa:198,b6579cb5-0a71-4ca6-8808-1e2700be05c7__ep3,test,2020,2039,Sorting and counting colored star-shaped beads,Sort and group beads,Sorting and counting beads,0.002109142020344734,0
dense_20f_stride10:b6579cb5-0a71-4ca6-8808-1e2700be05c7__ep3:qa:199,b6579cb5-0a71-4ca6-8808-1e2700be05c7__ep3,test,2030,2049,Sorting and counting colored star-shaped beads,Sort and group beads,Sorting and counting beads,0.0020449841395020485,0
dense_20f_stride10:b6579cb5-0a71-4ca6-8808-1e2700be05c7__ep3:qa:200,b6579cb5-0a71-4ca6-8808-1e2700be05c7__ep3,test,2040,2059,Sorting and counting colored star-shaped beads,Sort and group beads,Sorting and counting beads,0.002152500906959176,0
dense_20f_stride10:b6579cb5-0a71-4ca6-8808-1e2700be05c7__ep3:qa:201,b6579cb5-0a71-4ca6-8808-1e2700be05c7__ep3,test,2050,2069,Sorting and counting colored star-shaped beads,Sort and group beads,Sorting and counting beads,0.0020323528442531824,0
dense_20f_stride10:b6579cb5-0a71-4ca6-8808-1e2700be05c7__ep3:qa:235,b6579cb5-0a71-4ca6-8808-1e2700be05c7__ep3,test,2400,2419,Sorting and counting colored star-shaped beads,"Pick, place, and count beads",Sorting and counting beads,0.002127685584127903,0
dense_20f_stride10:b6579cb5-0a71-4ca6-8808-1e2700be05c7__ep3:qa:236,b6579cb5-0a71-4ca6-8808-1e2700be05c7__ep3,test,2410,2429,Sorting and counting colored star-shaped beads,"Pick, place, and count beads",Sorting and counting beads,0.0021308886352926493,0
dense_20f_stride10:b6579cb5-0a71-4ca6-8808-1e2700be05c7__ep3:qa:237,b6579cb5-0a71-4ca6-8808-1e2700be05c7__ep3,test,2420,2439,Sorting and counting colored star-shaped beads,"Pick, place, and count beads",Sorting and counting beads,0.002055105287581682,0
dense_20f_stride10:b6579cb5-0a71-4ca6-8808-1e2700be05c7__ep3:qa:238,b6579cb5-0a71-4ca6-8808-1e2700be05c7__ep3,test,2430,2449,Sorting and counting colored star-shaped beads,"Pick, place, and count beads",Sorting and counting beads,0.002044288907200098,0
dense_20f_stride10:b6579cb5-0a71-4ca6-8808-1e2700be05c7__ep3:qa:239,b6579cb5-0a71-4ca6-8808-1e2700be05c7__ep3,test,2440,2459,Sorting and counting colored star-shaped beads,"Pick, place, and count beads",Sorting and counting beads,0.0020673908293247223,0
dense_20f_stride10:b6579cb5-0a71-4ca6-8808-1e2700be05c7__ep3:qa:250,b6579cb5-0a71-4ca6-8808-1e2700be05c7__ep3,test,2560,2579,Sorting and counting colored star-shaped beads,"Pick, place, and count beads",Sorting and counting beads,0.002045979490503669,0
dense_20f_stride10:b6579cb5-0a71-4ca6-8808-1e2700be05c7__ep3:qa:251,b6579cb5-0a71-4ca6-8808-1e2700be05c7__ep3,test,2570,2589,Sorting and counting colored star-shaped beads,"Pick, place, and count beads",Marking cardboard piece and preparing workspace,0.0021281747613102198,0
dense_20f_stride10:b6579cb5-0a71-4ca6-8808-1e2700be05c7__ep3:qa:252,b6579cb5-0a71-4ca6-8808-1e2700be05c7__ep3,test,2580,2599,Sorting and counting colored star-shaped beads,"Pick, place, and count beads",Sorting and counting beads,0.0021070668008178473,0
dense_20f_stride10:b6579cb5-0a71-4ca6-8808-1e2700be05c7__ep3:qa:253,b6579cb5-0a71-4ca6-8808-1e2700be05c7__ep3,test,2590,2609,Sorting and counting colored star-shaped beads,"Pick, place, and count beads",Sorting and counting beads,0.0021238967310637236,0
dense_20f_stride10:b6579cb5-0a71-4ca6-8808-1e2700be05c7__ep3:qa:254,b6579cb5-0a71-4ca6-8808-1e2700be05c7__ep3,test,2600,2619,Sorting and counting colored star-shaped beads,"Pick, place, and count beads",Sorting and counting beads,0.0021023477893322706,0
dense_20f_stride10:b6579cb5-0a71-4ca6-8808-1e2700be05c7__ep3:qa:293,b6579cb5-0a71-4ca6-8808-1e2700be05c7__ep3,test,3000,3019,Sorting and counting colored star-shaped beads,Sort beads and record count,Sort beads,0.0021732221357524395,0
dense_20f_stride10:b6579cb5-0a71-4ca6-8808-1e2700be05c7__ep3:qa:294,b6579cb5-0a71-4ca6-8808-1e2700be05c7__ep3,test,3010,3029,Sorting and counting colored star-shaped beads,Sort beads and record count,Sorting and counting beads,0.0020944487769156694,0
dense_20f_stride10:b6579cb5-0a71-4ca6-8808-1e2700be05c7__ep3:qa:295,b6579cb5-0a71-4ca6-8808-1e2700be05c7__ep3,test,3020,3039,Sorting and counting colored star-shaped beads,Sort beads and record count,Sorting and counting beads,0.0020906412973999977,0
dense_20f_stride10:b6579cb5-0a71-4ca6-8808-1e2700be05c7__ep3:qa:296,b6579cb5-0a71-4ca6-8808-1e2700be05c7__ep3,test,3030,3049,Sorting and counting colored star-shaped beads,Sort beads and record count,Sorting and counting beads,0.0020617188420146704,0
dense_20f_stride10:b6579cb5-0a71-4ca6-8808-1e2700be05c7__ep3:qa:297,b6579cb5-0a71-4ca6-8808-1e2700be05c7__ep3,test,3040,3059,Sorting and counting colored star-shaped beads,Sort beads and record count,Sort beads,0.002093645976856351,0
dense_20f_stride10:b6579cb5-0a71-4ca6-8808-1e2700be05c7__ep3:qa:320,b6579cb5-0a71-4ca6-8808-1e2700be05c7__ep3,test,3280,3299,Sorting and counting colored star-shaped beads,Sort beads and record count,Sorting and counting beads,0.002023964421823621,0
dense_20f_stride10:b6579cb5-0a71-4ca6-8808-1e2700be05c7__ep3:qa:321,b6579cb5-0a71-4ca6-8808-1e2700be05c7__ep3,test,3290,3309,Sorting and counting colored star-shaped beads,Sort beads and record count,Write on paper,0.001923411968164146,0
dense_20f_stride10:b6579cb5-0a71-4ca6-8808-1e2700be05c7__ep3:qa:322,b6579cb5-0a71-4ca6-8808-1e2700be05c7__ep3,test,3300,3319,Sorting and counting colored star-shaped beads,Sort beads and record count,Sorting and counting beads,0.0022734536323696375,0
dense_20f_stride10:b6579cb5-0a71-4ca6-8808-1e2700be05c7__ep3:qa:323,b6579cb5-0a71-4ca6-8808-1e2700be05c7__ep3,test,3310,3329,Sorting and counting colored star-shaped beads,Sort beads and record count,Sorting and counting beads,0.001975525636225939,0
dense_20f_stride10:b6579cb5-0a71-4ca6-8808-1e2700be05c7__ep3:qa:324,b6579cb5-0a71-4ca6-8808-1e2700be05c7__ep3,test,3320,3339,Sorting and counting colored star-shaped beads,Sort beads and record count,Sorting and counting beads,0.0019905136432498693,0
dense_20f_stride10:b6579cb5-0a71-4ca6-8808-1e2700be05c7__ep3:qa:351,b6579cb5-0a71-4ca6-8808-1e2700be05c7__ep3,test,3600,3619,Sorting and counting colored star-shaped beads,Sort beads and record count,Place down paper segment and reach for supplies,0.002102089812979102,0
dense_20f_stride10:b6579cb5-0a71-4ca6-8808-1e2700be05c7__ep3:qa:352,b6579cb5-0a71-4ca6-8808-1e2700be05c7__ep3,test,3610,3629,Sorting and counting colored star-shaped beads,Sort beads and record count,Sort beads,0.0020968341268599033,0
dense_20f_stride10:b6579cb5-0a71-4ca6-8808-1e2700be05c7__ep3:qa:353,b6579cb5-0a71-4ca6-8808-1e2700be05c7__ep3,test,3620,3639,Sorting and counting colored star-shaped beads,Sort beads and record count,Sorting and counting beads,0.001960360212251544,0
dense_20f_stride10:b6579cb5-0a71-4ca6-8808-1e2700be05c7__ep3:qa:354,b6579cb5-0a71-4ca6-8808-1e2700be05c7__ep3,test,3630,3649,Sorting and counting colored star-shaped beads,Sort beads and record count,Reposition sign and organize beads,0.0019724483136087656,0
dense_20f_stride10:b6579cb5-0a71-4ca6-8808-1e2700be05c7__ep3:qa:355,b6579cb5-0a71-4ca6-8808-1e2700be05c7__ep3,test,3640,3659,Sorting and counting colored star-shaped beads,Sort beads and record count,Sorting and counting beads,0.0020581292919814587,0
dense_20f_stride10:b6579cb5-0a71-4ca6-8808-1e2700be05c7__ep3:qa:390,b6579cb5-0a71-4ca6-8808-1e2700be05c7__ep3,test,4000,4019,Sorting and counting colored star-shaped beads,Sort beads and record count,Sorting and counting beads,0.001993008190765977,0
dense_20f_stride10:b6579cb5-0a71-4ca6-8808-1e2700be05c7__ep3:qa:391,b6579cb5-0a71-4ca6-8808-1e2700be05c7__ep3,test,4010,4029,Sorting and counting colored star-shaped beads,Sort beads and record count,Sorting and counting beads,0.0020916983485221863,0
dense_20f_stride10:b6579cb5-0a71-4ca6-8808-1e2700be05c7__ep3:qa:392,b6579cb5-0a71-4ca6-8808-1e2700be05c7__ep3,test,4020,4039,Sorting and counting colored star-shaped beads,Sort beads and record count,Sorting and counting beads,0.002060550032183528,0
dense_20f_stride10:b6579cb5-0a71-4ca6-8808-1e2700be05c7__ep3:qa:393,b6579cb5-0a71-4ca6-8808-1e2700be05c7__ep3,test,4030,4049,Sorting and counting colored star-shaped beads,Sort beads and record count,Sorting and counting beads,0.0020445045083761215,0
dense_20f_stride10:b6579cb5-0a71-4ca6-8808-1e2700be05c7__ep3:qa:394,b6579cb5-0a71-4ca6-8808-1e2700be05c7__ep3,test,4040,4059,Sorting and counting colored star-shaped beads,Sort beads and record count,Sorting and counting beads,0.002101411111652851,0
dense_20f_stride10:b6579cb5-0a71-4ca6-8808-1e2700be05c7__ep3:qa:395,b6579cb5-0a71-4ca6-8808-1e2700be05c7__ep3,test,4050,4069,Sorting and counting colored star-shaped beads,Sort beads and record count,Sorting and counting beads,0.002022956730797887,0
dense_20f_stride10:b6579cb5-0a71-4ca6-8808-1e2700be05c7__ep3:qa:413,b6579cb5-0a71-4ca6-8808-1e2700be05c7__ep3,test,4240,4259,Sorting and counting colored star-shaped beads,Sort beads and record count,Sorting and counting beads,0.002109887544065714,0
dense_20f_stride10:b6579cb5-0a71-4ca6-8808-1e2700be05c7__ep3:qa:414,b6579cb5-0a71-4ca6-8808-1e2700be05c7__ep3,test,4250,4269,Sorting and counting colored star-shaped beads,Count beads and retrieve more,Sorting and counting beads,0.0019477609312161803,0
dense_20f_stride10:b6579cb5-0a71-4ca6-8808-1e2700be05c7__ep3:qa:415,b6579cb5-0a71-4ca6-8808-1e2700be05c7__ep3,test,4260,4279,Sorting and counting colored star-shaped beads,Count beads and retrieve more,Sorting and counting beads,0.0020978779066354036,0
dense_20f_stride10:b6579cb5-0a71-4ca6-8808-1e2700be05c7__ep3:qa:416,b6579cb5-0a71-4ca6-8808-1e2700be05c7__ep3,test,4270,4289,Sorting and counting colored star-shaped beads,Count beads and retrieve more,Sorting and counting beads,0.002073019975796342,0
dense_20f_stride10:b6579cb5-0a71-4ca6-8808-1e2700be05c7__ep3:qa:417,b6579cb5-0a71-4ca6-8808-1e2700be05c7__ep3,test,4280,4299,Sorting and counting colored star-shaped beads,Count beads and retrieve more,Sorting and counting beads,0.0019862917251884937,0
dense_20f_stride10:b6579cb5-0a71-4ca6-8808-1e2700be05c7__ep3:qa:428,b6579cb5-0a71-4ca6-8808-1e2700be05c7__ep3,test,4400,4419,Sorting and counting colored star-shaped beads,Count beads and retrieve more,Sorting and counting beads,0.00209067203104496,0
dense_20f_stride10:b6579cb5-0a71-4ca6-8808-1e2700be05c7__ep3:qa:429,b6579cb5-0a71-4ca6-8808-1e2700be05c7__ep3,test,4410,4429,Sorting and counting colored star-shaped beads,Count beads and retrieve more,Sorting and counting beads,0.0020348827820271254,0
dense_20f_stride10:b6579cb5-0a71-4ca6-8808-1e2700be05c7__ep3:qa:430,b6579cb5-0a71-4ca6-8808-1e2700be05c7__ep3,test,4420,4439,Sorting and counting colored star-shaped beads,Count beads and retrieve more,Sort beads by hand,0.002001846441999078,0
dense_20f_stride10:b6579cb5-0a71-4ca6-8808-1e2700be05c7__ep3:qa:431,b6579cb5-0a71-4ca6-8808-1e2700be05c7__ep3,test,4430,4449,Sorting and counting colored star-shaped beads,Count beads and retrieve more,Sorting and counting beads,0.002013101940974593,0
dense_20f_stride10:b6579cb5-0a71-4ca6-8808-1e2700be05c7__ep3:qa:432,b6579cb5-0a71-4ca6-8808-1e2700be05c7__ep3,test,4440,4459,Sorting and counting colored star-shaped beads,Count beads and retrieve more,Sort beads by hand,0.0020246286876499653,0
dense_20f_stride10:b6579cb5-0a71-4ca6-8808-1e2700be05c7__ep3:qa:433,b6579cb5-0a71-4ca6-8808-1e2700be05c7__ep3,test,4450,4469,Sorting and counting colored star-shaped beads,Count beads and retrieve more,Sorting and counting beads,0.0019501411588862538,0
dense_20f_stride10:b6579cb5-0a71-4ca6-8808-1e2700be05c7__ep3:qa:451,b6579cb5-0a71-4ca6-8808-1e2700be05c7__ep3,test,4640,4659,Sorting and counting colored star-shaped beads,Document bead counts,Sorting and counting beads,0.002023351611569524,0
dense_20f_stride10:b6579cb5-0a71-4ca6-8808-1e2700be05c7__ep3:qa:452,b6579cb5-0a71-4ca6-8808-1e2700be05c7__ep3,test,4650,4669,Sorting and counting colored star-shaped beads,Document bead counts,Sorting and counting beads,0.00204062950797379,0
dense_20f_stride10:b6579cb5-0a71-4ca6-8808-1e2700be05c7__ep3:qa:453,b6579cb5-0a71-4ca6-8808-1e2700be05c7__ep3,test,4660,4679,Sorting and counting colored star-shaped beads,Document bead counts,Sorting and counting beads,0.0020036359783262014,0
dense_20f_stride10:b6579cb5-0a71-4ca6-8808-1e2700be05c7__ep3:qa:454,b6579cb5-0a71-4ca6-8808-1e2700be05c7__ep3,test,4670,4689,Sorting and counting colored star-shaped beads,Document bead counts,Observing shelf and relocating to next aisle,0.0019118194468319416,0
dense_20f_stride10:b6579cb5-0a71-4ca6-8808-1e2700be05c7__ep3:qa:455,b6579cb5-0a71-4ca6-8808-1e2700be05c7__ep3,test,4680,4699,Sorting and counting colored star-shaped beads,Document bead counts,Sorting and counting beads,0.0020299525931477547,0
dense_20f_stride10:b6579cb5-0a71-4ca6-8808-1e2700be05c7__ep3:qa:466,b6579cb5-0a71-4ca6-8808-1e2700be05c7__ep3,test,4800,4819,Sorting and counting colored star-shaped beads,Document bead counts,Placing cardboard piece,0.00208976399153471,0
dense_20f_stride10:b6579cb5-0a71-4ca6-8808-1e2700be05c7__ep3:qa:467,b6579cb5-0a71-4ca6-8808-1e2700be05c7__ep3,test,4810,4829,Sorting and counting colored star-shaped beads,Document bead counts,Sorting and counting beads,0.0020861246157437563,0
dense_20f_stride10:b6579cb5-0a71-4ca6-8808-1e2700be05c7__ep3:qa:468,b6579cb5-0a71-4ca6-8808-1e2700be05c7__ep3,test,4820,4839,Sorting and counting colored star-shaped beads,Document bead counts,Sorting and counting beads,0.002052387222647667,0
dense_20f_stride10:b6579cb5-0a71-4ca6-8808-1e2700be05c7__ep3:qa:469,b6579cb5-0a71-4ca6-8808-1e2700be05c7__ep3,test,4830,4849,Sorting and counting colored star-shaped beads,Document bead counts,Sorting and counting beads,0.002053378149867058,0
dense_20f_stride10:b6579cb5-0a71-4ca6-8808-1e2700be05c7__ep3:qa:470,b6579cb5-0a71-4ca6-8808-1e2700be05c7__ep3,test,4840,4859,Sorting and counting colored star-shaped beads,Document bead counts,Sorting and counting beads,0.0020932473707944155,0
dense_20f_stride10:b6579cb5-0a71-4ca6-8808-1e2700be05c7__ep3:qa:473,b6579cb5-0a71-4ca6-8808-1e2700be05c7__ep3,test,4880,4899,Sorting and counting colored star-shaped beads,Organize and count beads,Sorting and counting beads,0.002080228179693222,0
dense_20f_stride10:b6579cb5-0a71-4ca6-8808-1e2700be05c7__ep3:qa:474,b6579cb5-0a71-4ca6-8808-1e2700be05c7__ep3,test,4890,4909,Sorting and counting colored star-shaped beads,Organize and count beads,Pick up and place star-shaped beads,0.0019531212747097015,0
dense_20f_stride10:b6579cb5-0a71-4ca6-8808-1e2700be05c7__ep3:qa:475,b6579cb5-0a71-4ca6-8808-1e2700be05c7__ep3,test,4900,4919,Sorting and counting colored star-shaped beads,Organize and count beads,Pick up and place star-shaped beads,0.0020922026596963406,0
dense_20f_stride10:b6579cb5-0a71-4ca6-8808-1e2700be05c7__ep3:qa:476,b6579cb5-0a71-4ca6-8808-1e2700be05c7__ep3,test,4910,4929,Sorting and counting colored star-shaped beads,Organize and count beads,Pick up and place star-shaped beads,0.0020115335937589407,0
dense_20f_stride10:b6579cb5-0a71-4ca6-8808-1e2700be05c7__ep3:qa:477,b6579cb5-0a71-4ca6-8808-1e2700be05c7__ep3,test,4920,4939,Sorting and counting colored star-shaped beads,Organize and count beads,Sorting and counting beads,0.0020448591094464064,0
dense_20f_stride10:b6579cb5-0a71-4ca6-8808-1e2700be05c7__ep3:qa:478,b6579cb5-0a71-4ca6-8808-1e2700be05c7__ep3,test,4930,4949,Sorting and counting colored star-shaped beads,Organize and count beads,Sorting and counting beads,0.0020190058276057243,0
dense_20f_stride10:b6579cb5-0a71-4ca6-8808-1e2700be05c7__ep3:qa:484,b6579cb5-0a71-4ca6-8808-1e2700be05c7__ep3,test,5000,5019,Sorting and counting colored star-shaped beads,Organize and count beads,Pick up and place star-shaped beads,0.0020733324345201254,0
dense_20f_stride10:b6579cb5-0a71-4ca6-8808-1e2700be05c7__ep3:qa:485,b6579cb5-0a71-4ca6-8808-1e2700be05c7__ep3,test,5010,5029,Sorting and counting colored star-shaped beads,Organize and count beads,Sorting and counting beads,0.0019878188613802195,0
dense_20f_stride10:b6579cb5-0a71-4ca6-8808-1e2700be05c7__ep3:qa:486,b6579cb5-0a71-4ca6-8808-1e2700be05c7__ep3,test,5020,5039,Sorting and counting colored star-shaped beads,Organize and count beads,Pick up and place star-shaped beads,0.0020630713552236557,0
dense_20f_stride10:b6579cb5-0a71-4ca6-8808-1e2700be05c7__ep3:qa:487,b6579cb5-0a71-4ca6-8808-1e2700be05c7__ep3,test,5030,5049,Sorting and counting colored star-shaped beads,Organize and count beads,Sorting and counting beads,0.002072511240839958,0
dense_20f_stride10:b6579cb5-0a71-4ca6-8808-1e2700be05c7__ep3:qa:488,b6579cb5-0a71-4ca6-8808-1e2700be05c7__ep3,test,5040,5059,Sorting and counting colored star-shaped beads,Organize and count beads,Pick up and place star-shaped beads,0.002076891250908375,0
dense_20f_stride10:b6579cb5-0a71-4ca6-8808-1e2700be05c7__ep3:qa:489,b6579cb5-0a71-4ca6-8808-1e2700be05c7__ep3,test,5050,5069,Sorting and counting colored star-shaped beads,Organize and count beads,Pick up and place star-shaped beads,0.0021568629890680313,0
dense_20f_stride10:b6579cb5-0a71-4ca6-8808-1e2700be05c7__ep3:qa:495,b6579cb5-0a71-4ca6-8808-1e2700be05c7__ep3,test,5120,5139,Sorting and counting colored star-shaped beads,Organize and count beads,Pick up and place star-shaped beads,0.002066819928586483,0
dense_20f_stride10:b6579cb5-0a71-4ca6-8808-1e2700be05c7__ep3:qa:496,b6579cb5-0a71-4ca6-8808-1e2700be05c7__ep3,test,5130,5149,Sorting and counting colored star-shaped beads,Organize and count beads,Sorting and counting beads,0.0019882021006196737,0
dense_20f_stride10:b6579cb5-0a71-4ca6-8808-1e2700be05c7__ep3:qa:497,b6579cb5-0a71-4ca6-8808-1e2700be05c7__ep3,test,5140,5159,Sorting and counting colored star-shaped beads,Organize and count beads,Sorting and counting beads,0.0020488426089286804,0
dense_20f_stride10:b6579cb5-0a71-4ca6-8808-1e2700be05c7__ep3:qa:498,b6579cb5-0a71-4ca6-8808-1e2700be05c7__ep3,test,5150,5169,Sorting and counting colored star-shaped beads,Organize and count beads,Sorting and counting beads,0.0019274180522188544,0
dense_20f_stride10:b6579cb5-0a71-4ca6-8808-1e2700be05c7__ep3:qa:499,b6579cb5-0a71-4ca6-8808-1e2700be05c7__ep3,test,5160,5179,Sorting and counting colored star-shaped beads,Organize and count beads,Sorting and counting beads,0.0021211171988397837,0
dense_20f_stride10:b6579cb5-0a71-4ca6-8808-1e2700be05c7__ep3:qa:500,b6579cb5-0a71-4ca6-8808-1e2700be05c7__ep3,test,5170,5189,Sorting and counting colored star-shaped beads,Organize and count beads,Sorting and counting beads,0.0020192512311041355,0
dense_20f_stride10:b6579cb5-0a71-4ca6-8808-1e2700be05c7__ep3:qa:510,b6579cb5-0a71-4ca6-8808-1e2700be05c7__ep3,test,5280,5299,Sorting and counting colored star-shaped beads,Organize and count beads,Reposition sign and organize beads,0.00217067520134151,0
dense_20f_stride10:b6579cb5-0a71-4ca6-8808-1e2700be05c7__ep3:qa:511,b6579cb5-0a71-4ca6-8808-1e2700be05c7__ep3,test,5290,5309,Sorting and counting colored star-shaped beads,Organize and count beads,Sorting and counting beads,0.002031493466347456,0
dense_20f_stride10:b6579cb5-0a71-4ca6-8808-1e2700be05c7__ep3:qa:512,b6579cb5-0a71-4ca6-8808-1e2700be05c7__ep3,test,5300,5319,Sorting and counting colored star-shaped beads,Organize and count beads,Reposition sign and organize beads,0.002184094162657857,0
dense_20f_stride10:b6579cb5-0a71-4ca6-8808-1e2700be05c7__ep3:qa:513,b6579cb5-0a71-4ca6-8808-1e2700be05c7__ep3,test,5310,5329,Sorting and counting colored star-shaped beads,Organize and count beads,Sorting and counting beads,0.0020773319993168116,0
dense_20f_stride10:b6579cb5-0a71-4ca6-8808-1e2700be05c7__ep3:qa:514,b6579cb5-0a71-4ca6-8808-1e2700be05c7__ep3,test,5320,5339,Sorting and counting colored star-shaped beads,Organize and count beads,Reposition sign and organize beads,0.0022817577701061964,0
medium_40f_stride20:8a8e1b3c-607e-4ada-b3fd-fa639727e92c__ep1:qa:0,8a8e1b3c-607e-4ada-b3fd-fa639727e92c__ep1,test,0,39,Cooking and cleaning in the kitchen,Using a smartphone,Wiping the plastic jar,0.0019296086393296719,0
medium_40f_stride20:8a8e1b3c-607e-4ada-b3fd-fa639727e92c__ep1:qa:1,8a8e1b3c-607e-4ada-b3fd-fa639727e92c__ep1,test,20,59,Cooking and cleaning in the kitchen,Using a smartphone,Wiping the plastic jar,0.0019331396324560046,0
medium_40f_stride20:8a8e1b3c-607e-4ada-b3fd-fa639727e92c__ep1:qa:2,8a8e1b3c-607e-4ada-b3fd-fa639727e92c__ep1,test,40,79,Cooking and cleaning in the kitchen,Using a smartphone,Wiping the plastic jar,0.0019305557943880558,0
medium_40f_stride20:8a8e1b3c-607e-4ada-b3fd-fa639727e92c__ep1:qa:3,8a8e1b3c-607e-4ada-b3fd-fa639727e92c__ep1,test,60,99,Cooking and cleaning in the kitchen,Using a smartphone,Wiping the plastic jar,0.0019298602128401399,0
medium_40f_stride20:8a8e1b3c-607e-4ada-b3fd-fa639727e92c__ep1:qa:19,8a8e1b3c-607e-4ada-b3fd-fa639727e92c__ep1,test,400,439,Cooking and cleaning in the kitchen,Using a smartphone,Wiping the plastic jar,0.001923306961543858,0
medium_40f_stride20:8a8e1b3c-607e-4ada-b3fd-fa639727e92c__ep1:qa:20,8a8e1b3c-607e-4ada-b3fd-fa639727e92c__ep1,test,420,459,Cooking and cleaning in the kitchen,Using a smartphone,Wiping the plastic jar,0.0019145036349073052,0
medium_40f_stride20:8a8e1b3c-607e-4ada-b3fd-fa639727e92c__ep1:qa:21,8a8e1b3c-607e-4ada-b3fd-fa639727e92c__ep1,test,440,479,Cooking and cleaning in the kitchen,Using a smartphone,Wiping the plastic jar,0.001923120697028935,0
medium_40f_stride20:8a8e1b3c-607e-4ada-b3fd-fa639727e92c__ep1:qa:43,8a8e1b3c-607e-4ada-b3fd-fa639727e92c__ep1,test,920,959,Cooking and cleaning in the kitchen,Tidying workspace,Wiping the plastic jar,0.0019156680209562182,0
medium_40f_stride20:8a8e1b3c-607e-4ada-b3fd-fa639727e92c__ep1:qa:44,8a8e1b3c-607e-4ada-b3fd-fa639727e92c__ep1,test,940,979,Cooking and cleaning in the kitchen,Tidying workspace,Wiping the plastic jar,0.0019097765907645226,0
medium_40f_stride20:8a8e1b3c-607e-4ada-b3fd-fa639727e92c__ep1:qa:45,8a8e1b3c-607e-4ada-b3fd-fa639727e92c__ep1,test,960,999,Cooking and cleaning in the kitchen,Tidying workspace,Wiping the plastic jar,0.001918828347697854,0
medium_40f_stride20:8a8e1b3c-607e-4ada-b3fd-fa639727e92c__ep1:qa:46,8a8e1b3c-607e-4ada-b3fd-fa639727e92c__ep1,test,1000,1039,Cooking and cleaning in the kitchen,Tidying workspace,Wiping the plastic jar,0.001922773546539247,0
medium_40f_stride20:8a8e1b3c-607e-4ada-b3fd-fa639727e92c__ep1:qa:47,8a8e1b3c-607e-4ada-b3fd-fa639727e92c__ep1,test,1020,1059,Cooking and cleaning in the kitchen,Tidying workspace,Wiping the plastic jar,0.001907992409542203,0
medium_40f_stride20:8a8e1b3c-607e-4ada-b3fd-fa639727e92c__ep1:qa:48,8a8e1b3c-607e-4ada-b3fd-fa639727e92c__ep1,test,1040,1079,Cooking and cleaning in the kitchen,Tidying workspace,Wiping the plastic jar,0.0019106509862467647,0
medium_40f_stride20:8a8e1b3c-607e-4ada-b3fd-fa639727e92c__ep1:qa:49,8a8e1b3c-607e-4ada-b3fd-fa639727e92c__ep1,test,1060,1099,Cooking and cleaning in the kitchen,Tidying workspace,Wiping the plastic jar,0.001908945501782,0
medium_40f_stride20:8a8e1b3c-607e-4ada-b3fd-fa639727e92c__ep1:qa:57,8a8e1b3c-607e-4ada-b3fd-fa639727e92c__ep1,test,1240,1279,Cooking and cleaning in the kitchen,Handling container lid,Wiping the plastic jar,0.001916044857352972,0
medium_40f_stride20:8a8e1b3c-607e-4ada-b3fd-fa639727e92c__ep1:qa:58,8a8e1b3c-607e-4ada-b3fd-fa639727e92c__ep1,test,1260,1299,Cooking and cleaning in the kitchen,Handling container lid,Wiping the plastic jar,0.0019068829715251923,0
medium_40f_stride20:8a8e1b3c-607e-4ada-b3fd-fa639727e92c__ep1:qa:59,8a8e1b3c-607e-4ada-b3fd-fa639727e92c__ep1,test,1280,1319,Cooking and cleaning in the kitchen,Handling container lid,Wiping the plastic jar,0.001950076431967318,0
medium_40f_stride20:8a8e1b3c-607e-4ada-b3fd-fa639727e92c__ep1:qa:60,8a8e1b3c-607e-4ada-b3fd-fa639727e92c__ep1,test,1300,1339,Cooking and cleaning in the kitchen,Handling container lid,Wiping the plastic jar,0.0019262598361819983,0
medium_40f_stride20:8a8e1b3c-607e-4ada-b3fd-fa639727e92c__ep1:qa:64,8a8e1b3c-607e-4ada-b3fd-fa639727e92c__ep1,test,1400,1439,Cooking and cleaning in the kitchen,Handling container lid,Wiping the plastic jar,0.0019058684119954705,0
medium_40f_stride20:8a8e1b3c-607e-4ada-b3fd-fa639727e92c__ep1:qa:65,8a8e1b3c-607e-4ada-b3fd-fa639727e92c__ep1,test,1420,1459,Cooking and cleaning in the kitchen,Handling container lid,Wiping the plastic jar,0.0018995067803189158,0
medium_40f_stride20:8a8e1b3c-607e-4ada-b3fd-fa639727e92c__ep1:qa:66,8a8e1b3c-607e-4ada-b3fd-fa639727e92c__ep1,test,1440,1479,Cooking and cleaning in the kitchen,Handling container lid,Wiping the plastic jar,0.0018797962693497539,0
medium_40f_stride20:8a8e1b3c-607e-4ada-b3fd-fa639727e92c__ep1:qa:67,8a8e1b3c-607e-4ada-b3fd-fa639727e92c__ep1,test,1460,1499,Cooking and cleaning in the kitchen,Handling container lid,Wiping the plastic jar,0.0018958719447255135,0
medium_40f_stride20:8a8e1b3c-607e-4ada-b3fd-fa639727e92c__ep1:qa:83,8a8e1b3c-607e-4ada-b3fd-fa639727e92c__ep1,test,1800,1839,Cooking and cleaning in the kitchen,Approaching the stove,Wiping the plastic jar,0.0019043704960495234,0
medium_40f_stride20:8a8e1b3c-607e-4ada-b3fd-fa639727e92c__ep1:qa:84,8a8e1b3c-607e-4ada-b3fd-fa639727e92c__ep1,test,1820,1859,Cooking and cleaning in the kitchen,Approaching the stove,Wiping the plastic jar,0.0018894588574767113,0
medium_40f_stride20:8a8e1b3c-607e-4ada-b3fd-fa639727e92c__ep1:qa:85,8a8e1b3c-607e-4ada-b3fd-fa639727e92c__ep1,test,1840,1879,Cooking and cleaning in the kitchen,Checking cooking pot,Wiping the plastic jar,0.0019085113890469074,0
medium_40f_stride20:8a8e1b3c-607e-4ada-b3fd-fa639727e92c__ep1:qa:86,8a8e1b3c-607e-4ada-b3fd-fa639727e92c__ep1,test,1860,1899,Cooking and cleaning in the kitchen,Checking cooking pot,Wiping the plastic jar,0.0019162616226822138,0
medium_40f_stride20:8a8e1b3c-607e-4ada-b3fd-fa639727e92c__ep1:qa:92,8a8e1b3c-607e-4ada-b3fd-fa639727e92c__ep1,test,2000,2039,Cooking and cleaning in the kitchen,Checking cooking pot,Wiping the plastic jar,0.0019077499164268374,0
medium_40f_stride20:8a8e1b3c-607e-4ada-b3fd-fa639727e92c__ep1:qa:93,8a8e1b3c-607e-4ada-b3fd-fa639727e92c__ep1,test,2020,2059,Cooking and cleaning in the kitchen,Checking cooking pot,Wiping the plastic jar,0.0019098612247034907,0
medium_40f_stride20:8a8e1b3c-607e-4ada-b3fd-fa639727e92c__ep1:qa:94,8a8e1b3c-607e-4ada-b3fd-fa639727e92c__ep1,test,2040,2079,Cooking and cleaning in the kitchen,Checking cooking pot,Wiping the plastic jar,0.0019016768783330917,0
medium_40f_stride20:8a8e1b3c-607e-4ada-b3fd-fa639727e92c__ep1:qa:95,8a8e1b3c-607e-4ada-b3fd-fa639727e92c__ep1,test,2060,2099,Cooking and cleaning in the kitchen,Checking cooking pot,Wiping the plastic jar,0.0018954635597765446,0
medium_40f_stride20:8a8e1b3c-607e-4ada-b3fd-fa639727e92c__ep1:qa:111,8a8e1b3c-607e-4ada-b3fd-fa639727e92c__ep1,test,2400,2439,Cooking and cleaning in the kitchen,Moving around the kitchen,Wiping the plastic jar,0.0018999191233888268,0
medium_40f_stride20:8a8e1b3c-607e-4ada-b3fd-fa639727e92c__ep1:qa:112,8a8e1b3c-607e-4ada-b3fd-fa639727e92c__ep1,test,2420,2459,Cooking and cleaning in the kitchen,Moving around the kitchen,Wiping the plastic jar,0.0018769782036542892,0
medium_40f_stride20:8a8e1b3c-607e-4ada-b3fd-fa639727e92c__ep1:qa:113,8a8e1b3c-607e-4ada-b3fd-fa639727e92c__ep1,test,2440,2479,Cooking and cleaning in the kitchen,Moving around the kitchen,Wiping the plastic jar,0.0018951381789520383,0
medium_40f_stride20:8a8e1b3c-607e-4ada-b3fd-fa639727e92c__ep1:qa:116,8a8e1b3c-607e-4ada-b3fd-fa639727e92c__ep1,test,2520,2559,Cooking and cleaning in the kitchen,Moving around the kitchen,Inspecting the cleaned plastic jar,0.0018826222512871027,0
medium_40f_stride20:8a8e1b3c-607e-4ada-b3fd-fa639727e92c__ep1:qa:117,8a8e1b3c-607e-4ada-b3fd-fa639727e92c__ep1,test,2540,2579,Cooking and cleaning in the kitchen,Moving around the kitchen,Wiping the plastic jar,0.0018962954636663198,0
medium_40f_stride20:8a8e1b3c-607e-4ada-b3fd-fa639727e92c__ep1:qa:118,8a8e1b3c-607e-4ada-b3fd-fa639727e92c__ep1,test,2560,2599,Cooking and cleaning in the kitchen,Moving around the kitchen,Wiping the plastic jar,0.0018827972235158086,0
medium_40f_stride20:8a8e1b3c-607e-4ada-b3fd-fa639727e92c__ep1:qa:119,8a8e1b3c-607e-4ada-b3fd-fa639727e92c__ep1,test,2580,2619,Cooking and cleaning in the kitchen,Moving around the kitchen,Wiping the plastic jar,0.0019013989949598908,0
medium_40f_stride20:8a8e1b3c-607e-4ada-b3fd-fa639727e92c__ep1:qa:123,8a8e1b3c-607e-4ada-b3fd-fa639727e92c__ep1,test,2680,2719,Cooking and cleaning in the kitchen,Wiping counter,Inspecting the cleaned plastic jar,0.0018936756532639265,0
medium_40f_stride20:8a8e1b3c-607e-4ada-b3fd-fa639727e92c__ep1:qa:124,8a8e1b3c-607e-4ada-b3fd-fa639727e92c__ep1,test,2700,2739,Cooking and cleaning in the kitchen,Wiping counter,Inspecting the cleaned plastic jar,0.0018962206086143851,0
medium_40f_stride20:8a8e1b3c-607e-4ada-b3fd-fa639727e92c__ep1:qa:125,8a8e1b3c-607e-4ada-b3fd-fa639727e92c__ep1,test,2720,2759,Cooking and cleaning in the kitchen,Wiping counter,Inspecting the cleaned plastic jar,0.0018990151584148407,0
medium_40f_stride20:8a8e1b3c-607e-4ada-b3fd-fa639727e92c__ep1:qa:126,8a8e1b3c-607e-4ada-b3fd-fa639727e92c__ep1,test,2740,2779,Cooking and cleaning in the kitchen,Wiping counter,Inspecting the cleaned plastic jar,0.0018973934929817915,0
medium_40f_stride20:8a8e1b3c-607e-4ada-b3fd-fa639727e92c__ep1:qa:128,8a8e1b3c-607e-4ada-b3fd-fa639727e92c__ep1,test,2800,2839,Cooking and cleaning in the kitchen,Wiping counter,Inspecting the cleaned plastic jar,0.0019010619726032019,0
medium_40f_stride20:8a8e1b3c-607e-4ada-b3fd-fa639727e92c__ep1:qa:129,8a8e1b3c-607e-4ada-b3fd-fa639727e92c__ep1,test,2820,2859,Cooking and cleaning in the kitchen,Wiping counter,Inspecting the cleaned plastic jar,0.0018785583088174462,0
medium_40f_stride20:8a8e1b3c-607e-4ada-b3fd-fa639727e92c__ep1:qa:130,8a8e1b3c-607e-4ada-b3fd-fa639727e92c__ep1,test,2840,2879,Cooking and cleaning in the kitchen,Cleaning cloth maintenance,Wiping the plastic jar,0.001908777980133891,0
medium_40f_stride20:8a8e1b3c-607e-4ada-b3fd-fa639727e92c__ep1:qa:137,8a8e1b3c-607e-4ada-b3fd-fa639727e92c__ep1,test,3000,3039,Cooking and cleaning in the kitchen,Cleaning cloth maintenance,Inspecting the cleaned plastic jar,0.0019015091238543391,0
medium_40f_stride20:8a8e1b3c-607e-4ada-b3fd-fa639727e92c__ep1:qa:138,8a8e1b3c-607e-4ada-b3fd-fa639727e92c__ep1,test,3020,3059,Cooking and cleaning in the kitchen,Cleaning cloth maintenance,Wiping the plastic jar,0.0018957913853228092,0
medium_40f_stride20:8a8e1b3c-607e-4ada-b3fd-fa639727e92c__ep1:qa:139,8a8e1b3c-607e-4ada-b3fd-fa639727e92c__ep1,test,3040,3079,Cooking and cleaning in the kitchen,Cleaning cloth maintenance,Inspecting the cleaned plastic jar,0.0018990646349266171,0
medium_40f_stride20:8a8e1b3c-607e-4ada-b3fd-fa639727e92c__ep1:qa:140,8a8e1b3c-607e-4ada-b3fd-fa639727e92c__ep1,test,3060,3099,Cooking and cleaning in the kitchen,Cleaning cloth maintenance,Inspecting the cleaned plastic jar,0.0018777251243591309,0
medium_40f_stride20:8a8e1b3c-607e-4ada-b3fd-fa639727e92c__ep1:qa:142,8a8e1b3c-607e-4ada-b3fd-fa639727e92c__ep1,test,3120,3159,Cooking and cleaning in the kitchen,Cleaning cloth maintenance,Inspecting the cleaned plastic jar,0.001896172994747758,0
medium_40f_stride20:8a8e1b3c-607e-4ada-b3fd-fa639727e92c__ep1:qa:143,8a8e1b3c-607e-4ada-b3fd-fa639727e92c__ep1,test,3140,3179,Cooking and cleaning in the kitchen,Cleaning cloth maintenance,Wiping the plastic jar,0.0018845440354198217,0
medium_40f_stride20:8a8e1b3c-607e-4ada-b3fd-fa639727e92c__ep1:qa:144,8a8e1b3c-607e-4ada-b3fd-fa639727e92c__ep1,test,3160,3199,Cooking and cleaning in the kitchen,Cleaning cloth maintenance,Inspecting the cleaned plastic jar,0.0018972791731357574,0
medium_40f_stride20:8a8e1b3c-607e-4ada-b3fd-fa639727e92c__ep1:qa:145,8a8e1b3c-607e-4ada-b3fd-fa639727e92c__ep1,test,3180,3219,Cooking and cleaning in the kitchen,Cleaning cloth maintenance,Inspecting the cleaned plastic jar,0.0018801877740770578,0
medium_40f_stride20:8a8e1b3c-607e-4ada-b3fd-fa639727e92c__ep1:qa:151,8a8e1b3c-607e-4ada-b3fd-fa639727e92c__ep1,test,3320,3359,Cooking and cleaning in the kitchen,Retrieving cleaning supplies,Wiping the plastic jar,0.0018982855835929513,0
medium_40f_stride20:8a8e1b3c-607e-4ada-b3fd-fa639727e92c__ep1:qa:152,8a8e1b3c-607e-4ada-b3fd-fa639727e92c__ep1,test,3340,3379,Cooking and cleaning in the kitchen,Retrieving cleaning supplies,Wiping the plastic jar,0.00188054156024009,0
medium_40f_stride20:8a8e1b3c-607e-4ada-b3fd-fa639727e92c__ep1:qa:153,8a8e1b3c-607e-4ada-b3fd-fa639727e92c__ep1,test,3360,3399,Cooking and cleaning in the kitchen,Retrieving cleaning supplies,Wiping the plastic jar,0.0018809011671692133,0
medium_40f_stride20:8a8e1b3c-607e-4ada-b3fd-fa639727e92c__ep1:qa:154,8a8e1b3c-607e-4ada-b3fd-fa639727e92c__ep1,test,3400,3439,Cooking and cleaning in the kitchen,Retrieving cleaning supplies,Wiping the plastic jar,0.0018860218115150928,0
medium_40f_stride20:8a8e1b3c-607e-4ada-b3fd-fa639727e92c__ep1:qa:155,8a8e1b3c-607e-4ada-b3fd-fa639727e92c__ep1,test,3420,3459,Cooking and cleaning in the kitchen,Retrieving cleaning supplies,Wiping the plastic jar,0.0018663961673155427,0
medium_40f_stride20:8a8e1b3c-607e-4ada-b3fd-fa639727e92c__ep1:qa:156,8a8e1b3c-607e-4ada-b3fd-fa639727e92c__ep1,test,3440,3479,Cooking and cleaning in the kitchen,Retrieving cleaning supplies,Wiping the plastic jar,0.001878988347016275,0
medium_40f_stride20:8a8e1b3c-607e-4ada-b3fd-fa639727e92c__ep1:qa:157,8a8e1b3c-607e-4ada-b3fd-fa639727e92c__ep1,test,3460,3499,Cooking and cleaning in the kitchen,Retrieving cleaning supplies,Inspecting the cleaned plastic jar,0.0018891921499744058,0
medium_40f_stride20:8a8e1b3c-607e-4ada-b3fd-fa639727e92c__ep1:qa:167,8a8e1b3c-607e-4ada-b3fd-fa639727e92c__ep1,test,3680,3719,Cooking and cleaning in the kitchen,Retrieving cleaning supplies,Inspecting the cleaned plastic jar,0.001863559358753264,0
medium_40f_stride20:8a8e1b3c-607e-4ada-b3fd-fa639727e92c__ep1:qa:168,8a8e1b3c-607e-4ada-b3fd-fa639727e92c__ep1,test,3700,3739,Cooking and cleaning in the kitchen,Retrieving cleaning supplies,Inspecting the cleaned plastic jar,0.001888458733446896,0
medium_40f_stride20:8a8e1b3c-607e-4ada-b3fd-fa639727e92c__ep1:qa:169,8a8e1b3c-607e-4ada-b3fd-fa639727e92c__ep1,test,3720,3759,Cooking and cleaning in the kitchen,Retrieving cleaning supplies,Wiping the plastic jar,0.0018851726781576872,0
medium_40f_stride20:8a8e1b3c-607e-4ada-b3fd-fa639727e92c__ep1:qa:170,8a8e1b3c-607e-4ada-b3fd-fa639727e92c__ep1,test,3740,3779,Cooking and cleaning in the kitchen,Retrieving cleaning supplies,Inspecting the cleaned plastic jar,0.0018769652815535665,0
medium_40f_stride20:8a8e1b3c-607e-4ada-b3fd-fa639727e92c__ep1:qa:174,8a8e1b3c-607e-4ada-b3fd-fa639727e92c__ep1,test,3840,3879,Cooking and cleaning in the kitchen,Cleaning kitchen surfaces,Inspecting the cleaned plastic jar,0.001883515389636159,0
medium_40f_stride20:8a8e1b3c-607e-4ada-b3fd-fa639727e92c__ep1:qa:175,8a8e1b3c-607e-4ada-b3fd-fa639727e92c__ep1,test,3860,3899,Cooking and cleaning in the kitchen,Cleaning kitchen surfaces,Inspecting the cleaned plastic jar,0.0018821025732904673,0
medium_40f_stride20:8a8e1b3c-607e-4ada-b3fd-fa639727e92c__ep1:qa:176,8a8e1b3c-607e-4ada-b3fd-fa639727e92c__ep1,test,3880,3919,Cooking and cleaning in the kitchen,Cleaning kitchen surfaces,Inspecting the cleaned plastic jar,0.0018806803273037076,0
medium_40f_stride20:8a8e1b3c-607e-4ada-b3fd-fa639727e92c__ep1:qa:177,8a8e1b3c-607e-4ada-b3fd-fa639727e92c__ep1,test,3900,3939,Cooking and cleaning in the kitchen,Cleaning kitchen surfaces,Inspecting the cleaned plastic jar,0.0018839793046936393,0
medium_40f_stride20:8a8e1b3c-607e-4ada-b3fd-fa639727e92c__ep1:qa:181,8a8e1b3c-607e-4ada-b3fd-fa639727e92c__ep1,test,4000,4039,Cooking and cleaning in the kitchen,Cleaning kitchen surfaces,Inspecting the cleaned plastic jar,0.0018924570176750422,0
medium_40f_stride20:8a8e1b3c-607e-4ada-b3fd-fa639727e92c__ep1:qa:182,8a8e1b3c-607e-4ada-b3fd-fa639727e92c__ep1,test,4020,4059,Cooking and cleaning in the kitchen,Cleaning kitchen surfaces,Inspecting the cleaned plastic jar,0.0018786700675264,0
medium_40f_stride20:8a8e1b3c-607e-4ada-b3fd-fa639727e92c__ep1:qa:183,8a8e1b3c-607e-4ada-b3fd-fa639727e92c__ep1,test,4040,4079,Cooking and cleaning in the kitchen,Cleaning kitchen surfaces,Inspecting the cleaned plastic jar,0.0018888810882344842,0
medium_40f_stride20:8a8e1b3c-607e-4ada-b3fd-fa639727e92c__ep1:qa:184,8a8e1b3c-607e-4ada-b3fd-fa639727e92c__ep1,test,4080,4119,Cooking and cleaning in the kitchen,Cleaning kitchen surfaces,Inspecting the cleaned plastic jar,0.0018896342953667045,0
medium_40f_stride20:8a8e1b3c-607e-4ada-b3fd-fa639727e92c__ep1:qa:185,8a8e1b3c-607e-4ada-b3fd-fa639727e92c__ep1,test,4100,4139,Cooking and cleaning in the kitchen,Cleaning kitchen surfaces,Inspecting shelf contents,0.0018815669463947415,0
medium_40f_stride20:8a8e1b3c-607e-4ada-b3fd-fa639727e92c__ep1:qa:186,8a8e1b3c-607e-4ada-b3fd-fa639727e92c__ep1,test,4120,4159,Cooking and cleaning in the kitchen,Cleaning kitchen surfaces,Inspecting the cleaned plastic jar,0.0018759960075840354,0
medium_40f_stride20:8a8e1b3c-607e-4ada-b3fd-fa639727e92c__ep1:qa:187,8a8e1b3c-607e-4ada-b3fd-fa639727e92c__ep1,test,4140,4179,Cooking and cleaning in the kitchen,Cleaning kitchen surfaces,Inspecting the cleaned plastic jar,0.0018887792248278856,0
medium_40f_stride20:8a8e1b3c-607e-4ada-b3fd-fa639727e92c__ep1:qa:191,8a8e1b3c-607e-4ada-b3fd-fa639727e92c__ep1,test,4240,4279,Cooking and cleaning in the kitchen,Cooking at the stove,Inspecting shelf contents,0.0018759459489956498,0
medium_40f_stride20:8a8e1b3c-607e-4ada-b3fd-fa639727e92c__ep1:qa:192,8a8e1b3c-607e-4ada-b3fd-fa639727e92c__ep1,test,4260,4299,Cooking and cleaning in the kitchen,Cooking at the stove,Inspecting the cleaned plastic jar,0.0019178781658411026,0
medium_40f_stride20:8a8e1b3c-607e-4ada-b3fd-fa639727e92c__ep1:qa:193,8a8e1b3c-607e-4ada-b3fd-fa639727e92c__ep1,test,4280,4319,Cooking and cleaning in the kitchen,Cooking at the stove,Inspecting the cleaned plastic jar,0.0018715778132900596,0
medium_40f_stride20:8a8e1b3c-607e-4ada-b3fd-fa639727e92c__ep1:qa:198,8a8e1b3c-607e-4ada-b3fd-fa639727e92c__ep1,test,4400,4439,Cooking and cleaning in the kitchen,Cooking at the stove,Inspecting the cleaned plastic jar,0.0018943779869005084,0
medium_40f_stride20:8a8e1b3c-607e-4ada-b3fd-fa639727e92c__ep1:qa:199,8a8e1b3c-607e-4ada-b3fd-fa639727e92c__ep1,test,4420,4459,Cooking and cleaning in the kitchen,Cooking at the stove,Inspecting the cleaned plastic jar,0.0018543044570833445,0
medium_40f_stride20:8a8e1b3c-607e-4ada-b3fd-fa639727e92c__ep1:qa:200,8a8e1b3c-607e-4ada-b3fd-fa639727e92c__ep1,test,4440,4479,Cooking and cleaning in the kitchen,Cooking at the stove,Inspecting shelf contents,0.0018847152823582292,0
medium_40f_stride20:8a8e1b3c-607e-4ada-b3fd-fa639727e92c__ep1:qa:201,8a8e1b3c-607e-4ada-b3fd-fa639727e92c__ep1,test,4480,4519,Cooking and cleaning in the kitchen,Cooking at the stove,Inspecting the cleaned plastic jar,0.0018707659328356385,0
medium_40f_stride20:8a8e1b3c-607e-4ada-b3fd-fa639727e92c__ep1:qa:202,8a8e1b3c-607e-4ada-b3fd-fa639727e92c__ep1,test,4500,4539,Cooking and cleaning in the kitchen,Cooking at the stove,Inspecting shelf contents,0.0018799520330503583,0
medium_40f_stride20:8a8e1b3c-607e-4ada-b3fd-fa639727e92c__ep1:qa:203,8a8e1b3c-607e-4ada-b3fd-fa639727e92c__ep1,test,4520,4559,Cooking and cleaning in the kitchen,Cooking at the stove,Inspecting the cleaned plastic jar,0.0018894736422225833,0
medium_40f_stride20:8a8e1b3c-607e-4ada-b3fd-fa639727e92c__ep1:qa:208,8a8e1b3c-607e-4ada-b3fd-fa639727e92c__ep1,test,4640,4679,Cooking and cleaning in the kitchen,Cooking at the stove,Inspecting the cleaned plastic jar,0.0018799714744091034,0
medium_40f_stride20:8a8e1b3c-607e-4ada-b3fd-fa639727e92c__ep1:qa:209,8a8e1b3c-607e-4ada-b3fd-fa639727e92c__ep1,test,4660,4699,Cooking and cleaning in the kitchen,Cooking at the stove,Inspecting the cleaned plastic jar,0.0018890921492129564,0
medium_40f_stride20:8a8e1b3c-607e-4ada-b3fd-fa639727e92c__ep1:qa:210,8a8e1b3c-607e-4ada-b3fd-fa639727e92c__ep1,test,4680,4719,Cooking and cleaning in the kitchen,Adjusting cookware,Inspecting shelf contents,0.0019387342035770416,0
medium_40f_stride20:8a8e1b3c-607e-4ada-b3fd-fa639727e92c__ep1:qa:211,8a8e1b3c-607e-4ada-b3fd-fa639727e92c__ep1,test,4720,4759,Cooking and cleaning in the kitchen,Adjusting cookware,Inspecting shelf contents,0.0019112661248072982,0
medium_40f_stride20:8a8e1b3c-607e-4ada-b3fd-fa639727e92c__ep1:qa:212,8a8e1b3c-607e-4ada-b3fd-fa639727e92c__ep1,test,4740,4779,Cooking and cleaning in the kitchen,Adjusting cookware,Inspecting the cleaned plastic jar,0.0019008279778063297,0
medium_40f_stride20:8a8e1b3c-607e-4ada-b3fd-fa639727e92c__ep1:qa:213,8a8e1b3c-607e-4ada-b3fd-fa639727e92c__ep1,test,4760,4799,Cooking and cleaning in the kitchen,Adjusting cookware,Inspecting shelf contents,0.0018962501781061292,0
medium_40f_stride20:8a8e1b3c-607e-4ada-b3fd-fa639727e92c__ep1:qa:214,8a8e1b3c-607e-4ada-b3fd-fa639727e92c__ep1,test,4800,4839,Cooking and cleaning in the kitchen,Adjusting cookware,Inspecting shelf contents,0.0019189890008419752,0
medium_40f_stride20:8a8e1b3c-607e-4ada-b3fd-fa639727e92c__ep1:qa:215,8a8e1b3c-607e-4ada-b3fd-fa639727e92c__ep1,test,4820,4859,Cooking and cleaning in the kitchen,Adjusting cookware,Inspecting shelf contents,0.0019059597980231047,0
medium_40f_stride20:8a8e1b3c-607e-4ada-b3fd-fa639727e92c__ep1:qa:216,8a8e1b3c-607e-4ada-b3fd-fa639727e92c__ep1,test,4840,4879,Cooking and cleaning in the kitchen,Adjusting cookware,Inspecting shelf contents,0.0019007769878953695,0
medium_40f_stride20:8a8e1b3c-607e-4ada-b3fd-fa639727e92c__ep1:qa:217,8a8e1b3c-607e-4ada-b3fd-fa639727e92c__ep1,test,4880,4919,Cooking and cleaning in the kitchen,Adjusting cookware,Inspecting shelf contents,0.0019144583493471146,0
medium_40f_stride20:8a8e1b3c-607e-4ada-b3fd-fa639727e92c__ep1:qa:218,8a8e1b3c-607e-4ada-b3fd-fa639727e92c__ep1,test,4900,4939,Cooking and cleaning in the kitchen,Adjusting cookware,Inspecting shelf contents,0.0019175298511981964,0
medium_40f_stride20:a1012a57-385e-45a9-8a59-694a26fe92a5__ep1:qa:0,a1012a57-385e-45a9-8a59-694a26fe92a5__ep1,test,0,39,Cutting cardboard with a utility knife,Prepare to cut cardboard,unknown,0.001787560060620308,0
medium_40f_stride20:a1012a57-385e-45a9-8a59-694a26fe92a5__ep1:qa:1,a1012a57-385e-45a9-8a59-694a26fe92a5__ep1,test,20,59,Cutting cardboard with a utility knife,Prepare to cut cardboard,unknown,0.001802282640710473,0
medium_40f_stride20:a1012a57-385e-45a9-8a59-694a26fe92a5__ep1:qa:2,a1012a57-385e-45a9-8a59-694a26fe92a5__ep1,test,40,79,Cutting cardboard with a utility knife,Prepare to cut cardboard,unknown,0.0017827163683250546,0
medium_40f_stride20:a1012a57-385e-45a9-8a59-694a26fe92a5__ep1:qa:3,a1012a57-385e-45a9-8a59-694a26fe92a5__ep1,test,60,99,Cutting cardboard with a utility knife,Prepare to cut cardboard,unknown,0.0017976005328819156,0
medium_40f_stride20:a1012a57-385e-45a9-8a59-694a26fe92a5__ep1:qa:4,a1012a57-385e-45a9-8a59-694a26fe92a5__ep1,test,80,119,Cutting cardboard with a utility knife,Prepare to cut cardboard,unknown,0.001766939414665103,0
medium_40f_stride20:a1012a57-385e-45a9-8a59-694a26fe92a5__ep1:qa:5,a1012a57-385e-45a9-8a59-694a26fe92a5__ep1,test,100,139,Cutting cardboard with a utility knife,Prepare to cut cardboard,unknown,0.0018065819749608636,0
medium_40f_stride20:a1012a57-385e-45a9-8a59-694a26fe92a5__ep1:qa:6,a1012a57-385e-45a9-8a59-694a26fe92a5__ep1,test,120,159,Cutting cardboard with a utility knife,Prepare to cut cardboard,unknown,0.0017864222172647715,0
medium_40f_stride20:a1012a57-385e-45a9-8a59-694a26fe92a5__ep1:qa:7,a1012a57-385e-45a9-8a59-694a26fe92a5__ep1,test,140,179,Cutting cardboard with a utility knife,Prepare to cut cardboard,unknown,0.001802308252081275,0
medium_40f_stride20:a1012a57-385e-45a9-8a59-694a26fe92a5__ep1:qa:8,a1012a57-385e-45a9-8a59-694a26fe92a5__ep1,test,160,199,Cutting cardboard with a utility knife,Prepare to cut cardboard,unknown,0.0017994607333093882,0
medium_40f_stride20:a1012a57-385e-45a9-8a59-694a26fe92a5__ep1:qa:9,a1012a57-385e-45a9-8a59-694a26fe92a5__ep1,test,180,219,Cutting cardboard with a utility knife,Prepare to cut cardboard,unknown,0.0017806875985115767,0
medium_40f_stride20:a1012a57-385e-45a9-8a59-694a26fe92a5__ep1:qa:10,a1012a57-385e-45a9-8a59-694a26fe92a5__ep1,test,200,239,Cutting cardboard with a utility knife,Prepare to cut cardboard,unknown,0.0018031419022008777,0
medium_40f_stride20:a1012a57-385e-45a9-8a59-694a26fe92a5__ep1:qa:11,a1012a57-385e-45a9-8a59-694a26fe92a5__ep1,test,240,279,Cutting cardboard with a utility knife,Prepare to cut cardboard,unknown,0.0018152741249650717,0
medium_40f_stride20:a1012a57-385e-45a9-8a59-694a26fe92a5__ep1:qa:12,a1012a57-385e-45a9-8a59-694a26fe92a5__ep1,test,260,299,Cutting cardboard with a utility knife,Prepare to cut cardboard,unknown,0.0018179258331656456,0
medium_40f_stride20:a1012a57-385e-45a9-8a59-694a26fe92a5__ep1:qa:13,a1012a57-385e-45a9-8a59-694a26fe92a5__ep1,test,280,319,Cutting cardboard with a utility knife,Prepare to cut cardboard,unknown,0.001945384661667049,0
medium_40f_stride20:a1012a57-385e-45a9-8a59-694a26fe92a5__ep1:qa:14,a1012a57-385e-45a9-8a59-694a26fe92a5__ep1,test,300,339,Cutting cardboard with a utility knife,Cut cardboard,unknown,0.0018458773847669363,0
medium_40f_stride20:a1012a57-385e-45a9-8a59-694a26fe92a5__ep1:qa:15,a1012a57-385e-45a9-8a59-694a26fe92a5__ep1,test,320,359,Cutting cardboard with a utility knife,Cut cardboard,unknown,0.0018409737385809422,0
medium_40f_stride20:a1012a57-385e-45a9-8a59-694a26fe92a5__ep1:qa:16,a1012a57-385e-45a9-8a59-694a26fe92a5__ep1,test,360,399,Cutting cardboard with a utility knife,Cut cardboard,unknown,0.001801774837076664,0
medium_40f_stride20:a1012a57-385e-45a9-8a59-694a26fe92a5__ep1:qa:17,a1012a57-385e-45a9-8a59-694a26fe92a5__ep1,test,400,439,Cutting cardboard with a utility knife,Cut cardboard,unknown,0.0018125921487808228,0
medium_40f_stride20:a1012a57-385e-45a9-8a59-694a26fe92a5__ep1:qa:18,a1012a57-385e-45a9-8a59-694a26fe92a5__ep1,test,420,459,Cutting cardboard with a utility knife,Cut cardboard,unknown,0.0017739069880917668,0
medium_40f_stride20:a1012a57-385e-45a9-8a59-694a26fe92a5__ep1:qa:19,a1012a57-385e-45a9-8a59-694a26fe92a5__ep1,test,440,479,Cutting cardboard with a utility knife,Cut cardboard,unknown,0.001791331684216857,0
medium_40f_stride20:a1012a57-385e-45a9-8a59-694a26fe92a5__ep1:qa:20,a1012a57-385e-45a9-8a59-694a26fe92a5__ep1,test,460,499,Cutting cardboard with a utility knife,Cut cardboard,unknown,0.0017684022895991802,0
medium_40f_stride20:a1012a57-385e-45a9-8a59-694a26fe92a5__ep1:qa:21,a1012a57-385e-45a9-8a59-694a26fe92a5__ep1,test,480,519,Cutting cardboard with a utility knife,Cut cardboard,unknown,0.0017904187552630901,0
medium_40f_stride20:a1012a57-385e-45a9-8a59-694a26fe92a5__ep1:qa:22,a1012a57-385e-45a9-8a59-694a26fe92a5__ep1,test,500,539,Cutting cardboard with a utility knife,Cut cardboard,unknown,0.0017968856263905764,0
medium_40f_stride20:a1012a57-385e-45a9-8a59-694a26fe92a5__ep1:qa:23,a1012a57-385e-45a9-8a59-694a26fe92a5__ep1,test,520,559,Cutting cardboard with a utility knife,Cut cardboard,unknown,0.001787122804671526,0
medium_40f_stride20:a1012a57-385e-45a9-8a59-694a26fe92a5__ep1:qa:24,a1012a57-385e-45a9-8a59-694a26fe92a5__ep1,test,540,579,Cutting cardboard with a utility knife,Cut cardboard,unknown,0.0017912586918100715,0
medium_40f_stride20:a1012a57-385e-45a9-8a59-694a26fe92a5__ep1:qa:25,a1012a57-385e-45a9-8a59-694a26fe92a5__ep1,test,560,599,Cutting cardboard with a utility knife,Cut cardboard,unknown,0.001791096176020801,0
medium_40f_stride20:a1012a57-385e-45a9-8a59-694a26fe92a5__ep1:qa:26,a1012a57-385e-45a9-8a59-694a26fe92a5__ep1,test,580,619,Cutting cardboard with a utility knife,Cut cardboard,Placing product bags on shelf,0.0018168747192248702,0
medium_40f_stride20:a1012a57-385e-45a9-8a59-694a26fe92a5__ep1:qa:27,a1012a57-385e-45a9-8a59-694a26fe92a5__ep1,test,600,639,Cutting cardboard with a utility knife,Cut cardboard,unknown,0.0018209629924967885,0
medium_40f_stride20:a1012a57-385e-45a9-8a59-694a26fe92a5__ep1:qa:28,a1012a57-385e-45a9-8a59-694a26fe92a5__ep1,test,620,659,Cutting cardboard with a utility knife,Cut cardboard,unknown,0.0017827721312642097,0
medium_40f_stride20:a1012a57-385e-45a9-8a59-694a26fe92a5__ep1:qa:29,a1012a57-385e-45a9-8a59-694a26fe92a5__ep1,test,640,679,Cutting cardboard with a utility knife,Cut cardboard,unknown,0.0018139617750421166,0
medium_40f_stride20:a1012a57-385e-45a9-8a59-694a26fe92a5__ep1:qa:30,a1012a57-385e-45a9-8a59-694a26fe92a5__ep1,test,660,699,Cutting cardboard with a utility knife,Cut cardboard,unknown,0.0018195286393165588,0
medium_40f_stride20:a1012a57-385e-45a9-8a59-694a26fe92a5__ep1:qa:31,a1012a57-385e-45a9-8a59-694a26fe92a5__ep1,test,680,719,Cutting cardboard with a utility knife,Cut cardboard,unknown,0.0018193223513662815,0
medium_40f_stride20:a1012a57-385e-45a9-8a59-694a26fe92a5__ep1:qa:32,a1012a57-385e-45a9-8a59-694a26fe92a5__ep1,test,700,739,Cutting cardboard with a utility knife,Cut cardboard,Cutting cardboard,0.0018034845124930143,0
medium_40f_stride20:a1012a57-385e-45a9-8a59-694a26fe92a5__ep1:qa:33,a1012a57-385e-45a9-8a59-694a26fe92a5__ep1,test,720,759,Cutting cardboard with a utility knife,Cut cardboard,unknown,0.0017902508843690157,0
medium_40f_stride20:a1012a57-385e-45a9-8a59-694a26fe92a5__ep1:qa:34,a1012a57-385e-45a9-8a59-694a26fe92a5__ep1,test,740,779,Cutting cardboard with a utility knife,Cut cardboard,unknown,0.0017749533290043473,0
medium_40f_stride20:a1012a57-385e-45a9-8a59-694a26fe92a5__ep1:qa:35,a1012a57-385e-45a9-8a59-694a26fe92a5__ep1,test,760,799,Cutting cardboard with a utility knife,Cut cardboard,unknown,0.0018047865014523268,0
medium_40f_stride20:a1012a57-385e-45a9-8a59-694a26fe92a5__ep1:qa:36,a1012a57-385e-45a9-8a59-694a26fe92a5__ep1,test,780,819,Cutting cardboard with a utility knife,Cut cardboard,unknown,0.0017989869229495525,0
medium_40f_stride20:a1012a57-385e-45a9-8a59-694a26fe92a5__ep1:qa:37,a1012a57-385e-45a9-8a59-694a26fe92a5__ep1,test,800,839,Cutting cardboard with a utility knife,Cut cardboard,unknown,0.0018212191062048078,0
medium_40f_stride20:a1012a57-385e-45a9-8a59-694a26fe92a5__ep1:qa:38,a1012a57-385e-45a9-8a59-694a26fe92a5__ep1,test,820,859,Cutting cardboard with a utility knife,Cut cardboard,unknown,0.001786705106496811,0
medium_40f_stride20:a1012a57-385e-45a9-8a59-694a26fe92a5__ep1:qa:39,a1012a57-385e-45a9-8a59-694a26fe92a5__ep1,test,840,879,Cutting cardboard with a utility knife,Cut cardboard,unknown,0.0018892943626269698,0
medium_40f_stride20:a1012a57-385e-45a9-8a59-694a26fe92a5__ep1:qa:40,a1012a57-385e-45a9-8a59-694a26fe92a5__ep1,test,860,899,Cutting cardboard with a utility knife,Cut cardboard,unknown,0.001787814893759787,0
medium_40f_stride20:a1012a57-385e-45a9-8a59-694a26fe92a5__ep1:qa:41,a1012a57-385e-45a9-8a59-694a26fe92a5__ep1,test,880,919,Cutting cardboard with a utility knife,Cut cardboard,unknown,0.0017989497864618897,0
medium_40f_stride20:a1012a57-385e-45a9-8a59-694a26fe92a5__ep1:qa:42,a1012a57-385e-45a9-8a59-694a26fe92a5__ep1,test,900,939,Cutting cardboard with a utility knife,Cut cardboard,unknown,0.0017676990246400237,0
medium_40f_stride20:a1012a57-385e-45a9-8a59-694a26fe92a5__ep1:qa:43,a1012a57-385e-45a9-8a59-694a26fe92a5__ep1,test,920,959,Cutting cardboard with a utility knife,Cut cardboard,unknown,0.0017798669869080186,0
medium_40f_stride20:a1012a57-385e-45a9-8a59-694a26fe92a5__ep1:qa:44,a1012a57-385e-45a9-8a59-694a26fe92a5__ep1,test,940,979,Cutting cardboard with a utility knife,Cut cardboard,unknown,0.0018012714572250843,0
medium_40f_stride20:a1012a57-385e-45a9-8a59-694a26fe92a5__ep1:qa:45,a1012a57-385e-45a9-8a59-694a26fe92a5__ep1,test,960,999,Cutting cardboard with a utility knife,Cut cardboard,Removing and discarding damaged items,0.001854767557233572,0
medium_40f_stride20:a1012a57-385e-45a9-8a59-694a26fe92a5__ep1:qa:46,a1012a57-385e-45a9-8a59-694a26fe92a5__ep1,test,980,1019,Cutting cardboard with a utility knife,Cut cardboard,unknown,0.0017903803382068872,0
medium_40f_stride20:a1012a57-385e-45a9-8a59-694a26fe92a5__ep1:qa:47,a1012a57-385e-45a9-8a59-694a26fe92a5__ep1,test,1000,1039,Cutting cardboard with a utility knife,Cut cardboard,unknown,0.0018211170099675655,0
medium_40f_stride20:a1012a57-385e-45a9-8a59-694a26fe92a5__ep1:qa:48,a1012a57-385e-45a9-8a59-694a26fe92a5__ep1,test,1020,1059,Cutting cardboard with a utility knife,Cut cardboard,unknown,0.0018343011615797877,0
medium_40f_stride20:a1012a57-385e-45a9-8a59-694a26fe92a5__ep1:qa:49,a1012a57-385e-45a9-8a59-694a26fe92a5__ep1,test,1040,1079,Cutting cardboard with a utility knife,Cut cardboard,unknown,0.0017911347094923258,0
medium_40f_stride20:a1012a57-385e-45a9-8a59-694a26fe92a5__ep1:qa:50,a1012a57-385e-45a9-8a59-694a26fe92a5__ep1,test,1060,1099,Cutting cardboard with a utility knife,Cut cardboard,unknown,0.0018408889882266521,0
medium_40f_stride20:a1012a57-385e-45a9-8a59-694a26fe92a5__ep1:qa:51,a1012a57-385e-45a9-8a59-694a26fe92a5__ep1,test,1080,1119,Cutting cardboard with a utility knife,Cut cardboard,unknown,0.0017936194781213999,0
medium_40f_stride20:a1012a57-385e-45a9-8a59-694a26fe92a5__ep1:qa:52,a1012a57-385e-45a9-8a59-694a26fe92a5__ep1,test,1100,1139,Cutting cardboard with a utility knife,Cut cardboard,Marking guidelines on cardboard,0.0018010000931099057,0
medium_40f_stride20:a1012a57-385e-45a9-8a59-694a26fe92a5__ep1:qa:53,a1012a57-385e-45a9-8a59-694a26fe92a5__ep1,test,1120,1159,Cutting cardboard with a utility knife,Cut cardboard,unknown,0.0017810298595577478,0
medium_40f_stride20:a1012a57-385e-45a9-8a59-694a26fe92a5__ep1:qa:54,a1012a57-385e-45a9-8a59-694a26fe92a5__ep1,test,1140,1179,Cutting cardboard with a utility knife,Cut cardboard,unknown,0.001784765045158565,0
medium_40f_stride20:a1012a57-385e-45a9-8a59-694a26fe92a5__ep1:qa:55,a1012a57-385e-45a9-8a59-694a26fe92a5__ep1,test,1160,1199,Cutting cardboard with a utility knife,Cut cardboard,unknown,0.0018449592171236873,0
medium_40f_stride20:a1012a57-385e-45a9-8a59-694a26fe92a5__ep1:qa:56,a1012a57-385e-45a9-8a59-694a26fe92a5__ep1,test,1180,1219,Cutting cardboard with a utility knife,Cut cardboard,unknown,0.0017739457543939352,0
medium_40f_stride20:a1012a57-385e-45a9-8a59-694a26fe92a5__ep1:qa:57,a1012a57-385e-45a9-8a59-694a26fe92a5__ep1,test,1200,1239,Cutting cardboard with a utility knife,Cut cardboard,unknown,0.0018151646945625544,0
medium_40f_stride20:a1012a57-385e-45a9-8a59-694a26fe92a5__ep1:qa:58,a1012a57-385e-45a9-8a59-694a26fe92a5__ep1,test,1220,1259,Cutting cardboard with a utility knife,Cut cardboard,unknown,0.0018721054075285792,0
medium_40f_stride20:a1012a57-385e-45a9-8a59-694a26fe92a5__ep1:qa:59,a1012a57-385e-45a9-8a59-694a26fe92a5__ep1,test,1240,1279,Cutting cardboard with a utility knife,Cut cardboard,unknown,0.0018485919572412968,0
medium_40f_stride20:a1012a57-385e-45a9-8a59-694a26fe92a5__ep1:qa:60,a1012a57-385e-45a9-8a59-694a26fe92a5__ep1,test,1260,1299,Cutting cardboard with a utility knife,Cut cardboard,unknown,0.0018403922440484166,0
medium_40f_stride20:a1012a57-385e-45a9-8a59-694a26fe92a5__ep1:qa:61,a1012a57-385e-45a9-8a59-694a26fe92a5__ep1,test,1280,1319,Cutting cardboard with a utility knife,Cut cardboard,Stacking cardboard squares,0.0019113552989438176,0
medium_40f_stride20:a1012a57-385e-45a9-8a59-694a26fe92a5__ep1:qa:62,a1012a57-385e-45a9-8a59-694a26fe92a5__ep1,test,1300,1339,Cutting cardboard with a utility knife,Cut cardboard,unknown,0.0018102723406627774,0
medium_40f_stride20:a1012a57-385e-45a9-8a59-694a26fe92a5__ep1:qa:63,a1012a57-385e-45a9-8a59-694a26fe92a5__ep1,test,1320,1359,Cutting cardboard with a utility knife,Cut cardboard,unknown,0.0018040523864328861,0
medium_40f_stride20:a1012a57-385e-45a9-8a59-694a26fe92a5__ep1:qa:64,a1012a57-385e-45a9-8a59-694a26fe92a5__ep1,test,1340,1379,Cutting cardboard with a utility knife,Cut cardboard,Trace and remove pattern,0.0018719312502071261,0
medium_40f_stride20:a1012a57-385e-45a9-8a59-694a26fe92a5__ep1:qa:65,a1012a57-385e-45a9-8a59-694a26fe92a5__ep1,test,1360,1399,Cutting cardboard with a utility knife,Cut cardboard,unknown,0.0017932860646396875,0
medium_40f_stride20:a1012a57-385e-45a9-8a59-694a26fe92a5__ep1:qa:66,a1012a57-385e-45a9-8a59-694a26fe92a5__ep1,test,1380,1419,Cutting cardboard with a utility knife,Cut cardboard,unknown,0.0018056101398542523,0
medium_40f_stride20:a1012a57-385e-45a9-8a59-694a26fe92a5__ep1:qa:67,a1012a57-385e-45a9-8a59-694a26fe92a5__ep1,test,1400,1439,Cutting cardboard with a utility knife,Cut cardboard,unknown,0.0017802547663450241,0
medium_40f_stride20:a1012a57-385e-45a9-8a59-694a26fe92a5__ep1:qa:68,a1012a57-385e-45a9-8a59-694a26fe92a5__ep1,test,1420,1459,Cutting cardboard with a utility knife,Cut cardboard,unknown,0.0017983759753406048,0
medium_40f_stride20:a1012a57-385e-45a9-8a59-694a26fe92a5__ep1:qa:69,a1012a57-385e-45a9-8a59-694a26fe92a5__ep1,test,1440,1479,Cutting cardboard with a utility knife,Cut cardboard,unknown,0.0018028652993962169,0
medium_40f_stride20:a1012a57-385e-45a9-8a59-694a26fe92a5__ep1:qa:70,a1012a57-385e-45a9-8a59-694a26fe92a5__ep1,test,1460,1499,Cutting cardboard with a utility knife,Cut cardboard,unknown,0.001814743154682219,0
medium_40f_stride20:a1012a57-385e-45a9-8a59-694a26fe92a5__ep1:qa:71,a1012a57-385e-45a9-8a59-694a26fe92a5__ep1,test,1480,1519,Cutting cardboard with a utility knife,Cut cardboard,unknown,0.0017867499263957143,0
medium_40f_stride20:a1012a57-385e-45a9-8a59-694a26fe92a5__ep1:qa:72,a1012a57-385e-45a9-8a59-694a26fe92a5__ep1,test,1500,1539,Cutting cardboard with a utility knife,Cut cardboard,Stacking cardboard pieces,0.00190296012442559,0
medium_40f_stride20:a1012a57-385e-45a9-8a59-694a26fe92a5__ep1:qa:73,a1012a57-385e-45a9-8a59-694a26fe92a5__ep1,test,1520,1559,Cutting cardboard with a utility knife,Cut cardboard,unknown,0.001786884036846459,0
medium_40f_stride20:a1012a57-385e-45a9-8a59-694a26fe92a5__ep1:qa:74,a1012a57-385e-45a9-8a59-694a26fe92a5__ep1,test,1540,1579,Cutting cardboard with a utility knife,Cut cardboard,unknown,0.0017684571212157607,0
medium_40f_stride20:a1012a57-385e-45a9-8a59-694a26fe92a5__ep1:qa:246,a1012a57-385e-45a9-8a59-694a26fe92a5__ep1,test,5000,5039,Cutting cardboard with a utility knife,Cut along the marked line,unknown,0.0017804011004045606,0
medium_40f_stride20:a1012a57-385e-45a9-8a59-694a26fe92a5__ep1:qa:247,a1012a57-385e-45a9-8a59-694a26fe92a5__ep1,test,5020,5059,Cutting cardboard with a utility knife,Cut along the marked line,Cut cardboard with utility knife,0.001805640640668571,0
medium_40f_stride20:a1012a57-385e-45a9-8a59-694a26fe92a5__ep1:qa:248,a1012a57-385e-45a9-8a59-694a26fe92a5__ep1,test,5040,5079,Cutting cardboard with a utility knife,Cut along the marked line,unknown,0.0017839852953329682,0
medium_40f_stride20:a1012a57-385e-45a9-8a59-694a26fe92a5__ep1:qa:249,a1012a57-385e-45a9-8a59-694a26fe92a5__ep1,test,5060,5099,Cutting cardboard with a utility knife,Cut along the marked line,Wiping product jars and shelf stocking,0.0017720804316923022,0
medium_40f_stride20:a1012a57-385e-45a9-8a59-694a26fe92a5__ep1:qa:250,a1012a57-385e-45a9-8a59-694a26fe92a5__ep1,test,5080,5119,Cutting cardboard with a utility knife,Cut along the marked line,Wiping product jars and shelf stocking,0.001801292528398335,0
medium_40f_stride20:a1012a57-385e-45a9-8a59-694a26fe92a5__ep1:qa:251,a1012a57-385e-45a9-8a59-694a26fe92a5__ep1,test,5100,5139,Cutting cardboard with a utility knife,Cut along the marked line,unknown,0.0017742873169481754,0
medium_40f_stride20:a1012a57-385e-45a9-8a59-694a26fe92a5__ep1:qa:252,a1012a57-385e-45a9-8a59-694a26fe92a5__ep1,test,5120,5159,Cutting cardboard with a utility knife,Cut along the marked line,unknown,0.0017824358073994517,0
medium_40f_stride20:a1012a57-385e-45a9-8a59-694a26fe92a5__ep1:qa:253,a1012a57-385e-45a9-8a59-694a26fe92a5__ep1,test,5140,5179,Cutting cardboard with a utility knife,Cut along the marked line,unknown,0.0017880536615848541,0
medium_40f_stride20:a1012a57-385e-45a9-8a59-694a26fe92a5__ep1:qa:254,a1012a57-385e-45a9-8a59-694a26fe92a5__ep1,test,5160,5199,Cutting cardboard with a utility knife,Cut along the marked line,unknown,0.0018090116791427135,0
medium_40f_stride20:a1012a57-385e-45a9-8a59-694a26fe92a5__ep1:qa:255,a1012a57-385e-45a9-8a59-694a26fe92a5__ep1,test,5180,5219,Cutting cardboard with a utility knife,Cut along the marked line,Resuming cutting cardboard,0.0018315712222829461,0
medium_40f_stride20:a1012a57-385e-45a9-8a59-694a26fe92a5__ep1:qa:256,a1012a57-385e-45a9-8a59-694a26fe92a5__ep1,test,5200,5239,Cutting cardboard with a utility knife,Cut along the marked line,unknown,0.001803155173547566,0
medium_40f_stride20:a1012a57-385e-45a9-8a59-694a26fe92a5__ep1:qa:257,a1012a57-385e-45a9-8a59-694a26fe92a5__ep1,test,5220,5259,Cutting cardboard with a utility knife,Cut along the marked line,unknown,0.0017805504612624645,0
medium_40f_stride20:a1012a57-385e-45a9-8a59-694a26fe92a5__ep1:qa:258,a1012a57-385e-45a9-8a59-694a26fe92a5__ep1,test,5240,5279,Cutting cardboard with a utility knife,Cut along the marked line,unknown,0.0018337641377002,0
medium_40f_stride20:a1012a57-385e-45a9-8a59-694a26fe92a5__ep1:qa:259,a1012a57-385e-45a9-8a59-694a26fe92a5__ep1,test,5260,5299,Cutting cardboard with a utility knife,Cut along the marked line,Pick up and inspect light blue strip,0.0017972068162634969,0
medium_40f_stride20:a1012a57-385e-45a9-8a59-694a26fe92a5__ep1:qa:260,a1012a57-385e-45a9-8a59-694a26fe92a5__ep1,test,5280,5319,Cutting cardboard with a utility knife,Finish cutting along the marked line and reposition,unknown,0.0017918557859957218,0
medium_40f_stride20:a1012a57-385e-45a9-8a59-694a26fe92a5__ep1:qa:261,a1012a57-385e-45a9-8a59-694a26fe92a5__ep1,test,5300,5339,Cutting cardboard with a utility knife,Finish cutting along the marked line and reposition,Reposition sign and organize beads,0.0017935216892510653,0
medium_40f_stride20:a1012a57-385e-45a9-8a59-694a26fe92a5__ep1:qa:262,a1012a57-385e-45a9-8a59-694a26fe92a5__ep1,test,5320,5359,Cutting cardboard with a utility knife,Finish cutting along the marked line and reposition,Gathering materials and walking,0.0020057717338204384,0
medium_40f_stride20:a1012a57-385e-45a9-8a59-694a26fe92a5__ep1:qa:263,a1012a57-385e-45a9-8a59-694a26fe92a5__ep1,test,5340,5379,Cutting cardboard with a utility knife,Finish cutting along the marked line and reposition,unknown,0.0017808993579819798,0
medium_40f_stride20:a1012a57-385e-45a9-8a59-694a26fe92a5__ep1:qa:264,a1012a57-385e-45a9-8a59-694a26fe92a5__ep1,test,5360,5399,Cutting cardboard with a utility knife,Finish cutting along the marked line and reposition,unknown,0.0018036075634881854,0
medium_40f_stride20:33f7ae08-ac1d-4321-9cb9-eca79016b359__ep1:qa:0,33f7ae08-ac1d-4321-9cb9-eca79016b359__ep1,test,0,39,Stocking retail store shelves,Walk to shelf location,Holding and grasping product bags,0.002020660089328885,0
medium_40f_stride20:33f7ae08-ac1d-4321-9cb9-eca79016b359__ep1:qa:1,33f7ae08-ac1d-4321-9cb9-eca79016b359__ep1,test,20,59,Stocking retail store shelves,Walk to shelf location,Holding and grasping product bags,0.0020232205279171467,0
medium_40f_stride20:33f7ae08-ac1d-4321-9cb9-eca79016b359__ep1:qa:2,33f7ae08-ac1d-4321-9cb9-eca79016b359__ep1,test,40,79,Stocking retail store shelves,Walk to shelf location,Holding and grasping product bags,0.0020301220938563347,0
medium_40f_stride20:33f7ae08-ac1d-4321-9cb9-eca79016b359__ep1:qa:3,33f7ae08-ac1d-4321-9cb9-eca79016b359__ep1,test,60,99,Stocking retail store shelves,Walk to shelf location,Picking up and packing products,0.0019475386943668127,0
medium_40f_stride20:33f7ae08-ac1d-4321-9cb9-eca79016b359__ep1:qa:4,33f7ae08-ac1d-4321-9cb9-eca79016b359__ep1,test,80,119,Stocking retail store shelves,Walk to shelf location,Holding and grasping product bags,0.0020121478009968996,0
medium_40f_stride20:33f7ae08-ac1d-4321-9cb9-eca79016b359__ep1:qa:5,33f7ae08-ac1d-4321-9cb9-eca79016b359__ep1,test,100,139,Stocking retail store shelves,Walk to shelf location,Holding and grasping product bags,0.0019356909906491637,0
medium_40f_stride20:33f7ae08-ac1d-4321-9cb9-eca79016b359__ep1:qa:15,33f7ae08-ac1d-4321-9cb9-eca79016b359__ep1,test,320,359,Stocking retail store shelves,Inspect shelf condition,Holding and grasping product bags,0.0019789112266153097,0
medium_40f_stride20:33f7ae08-ac1d-4321-9cb9-eca79016b359__ep1:qa:16,33f7ae08-ac1d-4321-9cb9-eca79016b359__ep1,test,340,379,Stocking retail store shelves,Inspect shelf condition,Placing products on shelf,0.001944338553585112,0
medium_40f_stride20:33f7ae08-ac1d-4321-9cb9-eca79016b359__ep1:qa:17,33f7ae08-ac1d-4321-9cb9-eca79016b359__ep1,test,360,399,Stocking retail store shelves,Inspect shelf condition,Placing products on shelf,0.0019329696660861373,0
medium_40f_stride20:33f7ae08-ac1d-4321-9cb9-eca79016b359__ep1:qa:18,33f7ae08-ac1d-4321-9cb9-eca79016b359__ep1,test,400,439,Stocking retail store shelves,Inspect shelf condition,Pick up cereal boxes,0.002032357733696699,0
medium_40f_stride20:33f7ae08-ac1d-4321-9cb9-eca79016b359__ep1:qa:19,33f7ae08-ac1d-4321-9cb9-eca79016b359__ep1,test,420,459,Stocking retail store shelves,Inspect shelf condition,Pick up cereal boxes,0.0019880502950400114,0
medium_40f_stride20:33f7ae08-ac1d-4321-9cb9-eca79016b359__ep1:qa:20,33f7ae08-ac1d-4321-9cb9-eca79016b359__ep1,test,440,479,Stocking retail store shelves,Inspect shelf condition,Holding and inspecting product,0.001973753562197089,0
medium_40f_stride20:33f7ae08-ac1d-4321-9cb9-eca79016b359__ep1:qa:21,33f7ae08-ac1d-4321-9cb9-eca79016b359__ep1,test,460,499,Stocking retail store shelves,Inspect shelf condition,Holding and inspecting product,0.0019762427546083927,0
medium_40f_stride20:33f7ae08-ac1d-4321-9cb9-eca79016b359__ep1:qa:22,33f7ae08-ac1d-4321-9cb9-eca79016b359__ep1,test,480,519,Stocking retail store shelves,Inspect shelf condition,Holding and inspecting product,0.001942355534993112,0
medium_40f_stride20:33f7ae08-ac1d-4321-9cb9-eca79016b359__ep1:qa:23,33f7ae08-ac1d-4321-9cb9-eca79016b359__ep1,test,500,539,Stocking retail store shelves,Inspect shelf condition,Holding and inspecting product,0.0019052894786000252,0
medium_40f_stride20:33f7ae08-ac1d-4321-9cb9-eca79016b359__ep1:qa:43,33f7ae08-ac1d-4321-9cb9-eca79016b359__ep1,test,920,959,Stocking retail store shelves,Approach inventory boxes,Positioning shelving dividers,0.001979856053367257,0
medium_40f_stride20:33f7ae08-ac1d-4321-9cb9-eca79016b359__ep1:qa:44,33f7ae08-ac1d-4321-9cb9-eca79016b359__ep1,test,940,979,Stocking retail store shelves,Approach inventory boxes,Placing products on shelf,0.0019217943772673607,0
medium_40f_stride20:33f7ae08-ac1d-4321-9cb9-eca79016b359__ep1:qa:45,33f7ae08-ac1d-4321-9cb9-eca79016b359__ep1,test,960,999,Stocking retail store shelves,Approach inventory boxes,Moving container and stocking items,0.002115610521286726,0
medium_40f_stride20:33f7ae08-ac1d-4321-9cb9-eca79016b359__ep1:qa:46,33f7ae08-ac1d-4321-9cb9-eca79016b359__ep1,test,1000,1039,Stocking retail store shelves,Approach inventory boxes,Placing products on shelf,0.0018995117861777544,0
medium_40f_stride20:33f7ae08-ac1d-4321-9cb9-eca79016b359__ep1:qa:47,33f7ae08-ac1d-4321-9cb9-eca79016b359__ep1,test,1020,1059,Stocking retail store shelves,Approach inventory boxes,Transferring products from box to shelf,0.001982381334528327,0
medium_40f_stride20:33f7ae08-ac1d-4321-9cb9-eca79016b359__ep1:qa:48,33f7ae08-ac1d-4321-9cb9-eca79016b359__ep1,test,1040,1079,Stocking retail store shelves,Approach inventory boxes,Transferring products from box to shelf,0.001906871679238975,0
medium_40f_stride20:33f7ae08-ac1d-4321-9cb9-eca79016b359__ep1:qa:49,33f7ae08-ac1d-4321-9cb9-eca79016b359__ep1,test,1060,1099,Stocking retail store shelves,Approach inventory boxes,Placing items and transitioning,0.0019078762270510197,0
medium_40f_stride20:33f7ae08-ac1d-4321-9cb9-eca79016b359__ep1:qa:50,33f7ae08-ac1d-4321-9cb9-eca79016b359__ep1,test,1080,1119,Stocking retail store shelves,Approach inventory boxes,Transferring products from box to shelf,0.00193510961253196,0
medium_40f_stride20:33f7ae08-ac1d-4321-9cb9-eca79016b359__ep1:qa:53,33f7ae08-ac1d-4321-9cb9-eca79016b359__ep1,test,1160,1199,Stocking retail store shelves,Approach inventory boxes,Pick up and place product on shelf,0.0019036089070141315,0
medium_40f_stride20:33f7ae08-ac1d-4321-9cb9-eca79016b359__ep1:qa:54,33f7ae08-ac1d-4321-9cb9-eca79016b359__ep1,test,1180,1219,Stocking retail store shelves,Approach inventory boxes,Placing products on shelf,0.0018943247850984335,0
medium_40f_stride20:33f7ae08-ac1d-4321-9cb9-eca79016b359__ep1:qa:55,33f7ae08-ac1d-4321-9cb9-eca79016b359__ep1,test,1200,1239,Stocking retail store shelves,Approach inventory boxes,Transferring products from box to shelf,0.0019410043023526669,0
medium_40f_stride20:33f7ae08-ac1d-4321-9cb9-eca79016b359__ep1:qa:56,33f7ae08-ac1d-4321-9cb9-eca79016b359__ep1,test,1220,1259,Stocking retail store shelves,Approach inventory boxes,Stocking and repositioning box,0.0018689556745812297,0
medium_40f_stride20:33f7ae08-ac1d-4321-9cb9-eca79016b359__ep1:qa:57,33f7ae08-ac1d-4321-9cb9-eca79016b359__ep1,test,1240,1279,Stocking retail store shelves,Approach inventory boxes,Placing products on shelf,0.0019083727383986115,0
medium_40f_stride20:33f7ae08-ac1d-4321-9cb9-eca79016b359__ep1:qa:58,33f7ae08-ac1d-4321-9cb9-eca79016b359__ep1,test,1280,1319,Stocking retail store shelves,Extract wire hangers from inventory,Marking cardboard squares,0.0019957993645220995,0
medium_40f_stride20:33f7ae08-ac1d-4321-9cb9-eca79016b359__ep1:qa:59,33f7ae08-ac1d-4321-9cb9-eca79016b359__ep1,test,1300,1339,Stocking retail store shelves,Extract wire hangers from inventory,Placing products on shelf,0.0018678454216569662,0
medium_40f_stride20:33f7ae08-ac1d-4321-9cb9-eca79016b359__ep1:qa:60,33f7ae08-ac1d-4321-9cb9-eca79016b359__ep1,test,1320,1359,Stocking retail store shelves,Extract wire hangers from inventory,Positioning shelving dividers,0.001967739313840866,0
medium_40f_stride20:33f7ae08-ac1d-4321-9cb9-eca79016b359__ep1:qa:61,33f7ae08-ac1d-4321-9cb9-eca79016b359__ep1,test,1340,1379,Stocking retail store shelves,Extract wire hangers from inventory,Cleaning and boxing jars,0.001969989389181137,0
medium_40f_stride20:33f7ae08-ac1d-4321-9cb9-eca79016b359__ep1:qa:62,33f7ae08-ac1d-4321-9cb9-eca79016b359__ep1,test,1360,1399,Stocking retail store shelves,Extract wire hangers from inventory,Transferring products from box to shelf,0.0019224723801016808,0
medium_40f_stride20:33f7ae08-ac1d-4321-9cb9-eca79016b359__ep1:qa:63,33f7ae08-ac1d-4321-9cb9-eca79016b359__ep1,test,1400,1439,Stocking retail store shelves,Extract wire hangers from inventory,Cleaning and boxing jars,0.001931556616909802,0
medium_40f_stride20:33f7ae08-ac1d-4321-9cb9-eca79016b359__ep1:qa:64,33f7ae08-ac1d-4321-9cb9-eca79016b359__ep1,test,1420,1459,Stocking retail store shelves,Extract wire hangers from inventory,Placing products on shelf,0.0018960044253617525,0
medium_40f_stride20:33f7ae08-ac1d-4321-9cb9-eca79016b359__ep1:qa:65,33f7ae08-ac1d-4321-9cb9-eca79016b359__ep1,test,1440,1479,Stocking retail store shelves,Extract wire hangers from inventory,Transferring products from box to shelf,0.001969357952475548,0
medium_40f_stride20:33f7ae08-ac1d-4321-9cb9-eca79016b359__ep1:qa:66,33f7ae08-ac1d-4321-9cb9-eca79016b359__ep1,test,1460,1499,Stocking retail store shelves,Extract wire hangers from inventory,Transferring products from box to shelf,0.0018502597231417894,0
medium_40f_stride20:33f7ae08-ac1d-4321-9cb9-eca79016b359__ep1:qa:67,33f7ae08-ac1d-4321-9cb9-eca79016b359__ep1,test,1480,1519,Stocking retail store shelves,Extract wire hangers from inventory,Cleaning and boxing jars,0.0019169653533026576,0
medium_40f_stride20:33f7ae08-ac1d-4321-9cb9-eca79016b359__ep1:qa:68,33f7ae08-ac1d-4321-9cb9-eca79016b359__ep1,test,1520,1559,Stocking retail store shelves,Extract wire hangers from inventory,Retrieving and shelving container,0.0019041192717850208,0
medium_40f_stride20:33f7ae08-ac1d-4321-9cb9-eca79016b359__ep1:qa:69,33f7ae08-ac1d-4321-9cb9-eca79016b359__ep1,test,1540,1579,Stocking retail store shelves,Extract wire hangers from inventory,Retrieving and shelving container,0.002047979971393943,0
medium_40f_stride20:33f7ae08-ac1d-4321-9cb9-eca79016b359__ep1:qa:70,33f7ae08-ac1d-4321-9cb9-eca79016b359__ep1,test,1560,1599,Stocking retail store shelves,Extract wire hangers from inventory,Transport cereal to shelf,0.0019136433256790042,0
medium_40f_stride20:33f7ae08-ac1d-4321-9cb9-eca79016b359__ep1:qa:71,33f7ae08-ac1d-4321-9cb9-eca79016b359__ep1,test,1580,1619,Stocking retail store shelves,Extract wire hangers from inventory,Transport cereal to shelf,0.0022165654227137566,0
medium_40f_stride20:33f7ae08-ac1d-4321-9cb9-eca79016b359__ep1:qa:72,33f7ae08-ac1d-4321-9cb9-eca79016b359__ep1,test,1600,1639,Stocking retail store shelves,Extract wire hangers from inventory,Transport cereal to shelf,0.001968694617971778,0
medium_40f_stride20:33f7ae08-ac1d-4321-9cb9-eca79016b359__ep1:qa:73,33f7ae08-ac1d-4321-9cb9-eca79016b359__ep1,test,1620,1659,Stocking retail store shelves,Extract wire hangers from inventory,Transport cereal to shelf,0.0018354161875322461,0
medium_40f_stride20:33f7ae08-ac1d-4321-9cb9-eca79016b359__ep1:qa:91,33f7ae08-ac1d-4321-9cb9-eca79016b359__ep1,test,2000,2039,Stocking retail store shelves,Bundle display hooks,Retrieving and carrying containers,0.0019568235147744417,0
medium_40f_stride20:33f7ae08-ac1d-4321-9cb9-eca79016b359__ep1:qa:92,33f7ae08-ac1d-4321-9cb9-eca79016b359__ep1,test,2020,2059,Stocking retail store shelves,Bundle display hooks,Retrieving and carrying containers,0.0019228467717766762,0
medium_40f_stride20:33f7ae08-ac1d-4321-9cb9-eca79016b359__ep1:qa:93,33f7ae08-ac1d-4321-9cb9-eca79016b359__ep1,test,2040,2079,Stocking retail store shelves,Bundle display hooks,Retrieving and carrying containers,0.0019482283387333155,0
medium_40f_stride20:33f7ae08-ac1d-4321-9cb9-eca79016b359__ep1:qa:94,33f7ae08-ac1d-4321-9cb9-eca79016b359__ep1,test,2060,2099,Stocking retail store shelves,Bundle display hooks,Retrieving and carrying containers,0.0019102637888863683,0
medium_40f_stride20:33f7ae08-ac1d-4321-9cb9-eca79016b359__ep1:qa:95,33f7ae08-ac1d-4321-9cb9-eca79016b359__ep1,test,2080,2119,Stocking retail store shelves,Bundle display hooks,Retrieving and carrying containers,0.001915602246299386,0
medium_40f_stride20:33f7ae08-ac1d-4321-9cb9-eca79016b359__ep1:qa:96,33f7ae08-ac1d-4321-9cb9-eca79016b359__ep1,test,2100,2139,Stocking retail store shelves,Bundle display hooks,Retrieving and carrying containers,0.0019017842132598162,0
medium_40f_stride20:33f7ae08-ac1d-4321-9cb9-eca79016b359__ep1:qa:116,33f7ae08-ac1d-4321-9cb9-eca79016b359__ep1,test,2520,2559,Stocking retail store shelves,Install display hooks,Reach for items in box,0.00206576706841588,0
medium_40f_stride20:33f7ae08-ac1d-4321-9cb9-eca79016b359__ep1:qa:117,33f7ae08-ac1d-4321-9cb9-eca79016b359__ep1,test,2540,2579,Stocking retail store shelves,Install display hooks,Organizing snack pouches into containers,0.0018871728098019958,0
medium_40f_stride20:33f7ae08-ac1d-4321-9cb9-eca79016b359__ep1:qa:118,33f7ae08-ac1d-4321-9cb9-eca79016b359__ep1,test,2560,2599,Stocking retail store shelves,Install display hooks,"Placing, rearranging, and cleaning shelf items",0.0020113408099859953,0
medium_40f_stride20:33f7ae08-ac1d-4321-9cb9-eca79016b359__ep1:qa:119,33f7ae08-ac1d-4321-9cb9-eca79016b359__ep1,test,2580,2619,Stocking retail store shelves,Install display hooks,"Placing, rearranging, and cleaning shelf items",0.0018993576522916555,0
medium_40f_stride20:33f7ae08-ac1d-4321-9cb9-eca79016b359__ep1:qa:120,33f7ae08-ac1d-4321-9cb9-eca79016b359__ep1,test,2600,2639,Stocking retail store shelves,Install display hooks,"Placing, rearranging, and cleaning shelf items",0.0019427427323535085,0
medium_40f_stride20:33f7ae08-ac1d-4321-9cb9-eca79016b359__ep1:qa:127,33f7ae08-ac1d-4321-9cb9-eca79016b359__ep1,test,2760,2799,Stocking retail store shelves,Move to stocking area,Stocking product boxes,0.0019335742108523846,0
medium_40f_stride20:33f7ae08-ac1d-4321-9cb9-eca79016b359__ep1:qa:128,33f7ae08-ac1d-4321-9cb9-eca79016b359__ep1,test,2800,2839,Stocking retail store shelves,Move to stocking area,Pick up grocery item,0.0020189282950013876,0
medium_40f_stride20:33f7ae08-ac1d-4321-9cb9-eca79016b359__ep1:qa:129,33f7ae08-ac1d-4321-9cb9-eca79016b359__ep1,test,2820,2859,Stocking retail store shelves,Move to stocking area,Stocking product boxes,0.001960017019882798,0
medium_40f_stride20:33f7ae08-ac1d-4321-9cb9-eca79016b359__ep1:qa:130,33f7ae08-ac1d-4321-9cb9-eca79016b359__ep1,test,2840,2879,Stocking retail store shelves,Unpack and place items on shelf,Stocking product boxes,0.0019380422309041023,0
medium_40f_stride20:33f7ae08-ac1d-4321-9cb9-eca79016b359__ep1:qa:131,33f7ae08-ac1d-4321-9cb9-eca79016b359__ep1,test,2860,2899,Stocking retail store shelves,Unpack and place items on shelf,Stocking product boxes,0.0019174234475940466,0
medium_40f_stride20:33f7ae08-ac1d-4321-9cb9-eca79016b359__ep1:qa:132,33f7ae08-ac1d-4321-9cb9-eca79016b359__ep1,test,2880,2919,Stocking retail store shelves,Unpack and place items on shelf,Stocking product boxes,0.0019006581278517842,0
medium_40f_stride20:33f7ae08-ac1d-4321-9cb9-eca79016b359__ep1:qa:133,33f7ae08-ac1d-4321-9cb9-eca79016b359__ep1,test,2900,2939,Stocking retail store shelves,Unpack and place items on shelf,Stocking product boxes,0.0018256728071719408,0
medium_40f_stride20:33f7ae08-ac1d-4321-9cb9-eca79016b359__ep1:qa:137,33f7ae08-ac1d-4321-9cb9-eca79016b359__ep1,test,3000,3039,Stocking retail store shelves,Unpack and place items on shelf,Stocking product boxes,0.001895520486868918,0
medium_40f_stride20:33f7ae08-ac1d-4321-9cb9-eca79016b359__ep1:qa:138,33f7ae08-ac1d-4321-9cb9-eca79016b359__ep1,test,3020,3059,Stocking retail store shelves,Unpack and place items on shelf,Stocking product boxes,0.0019077301258221269,0
medium_40f_stride20:33f7ae08-ac1d-4321-9cb9-eca79016b359__ep1:qa:139,33f7ae08-ac1d-4321-9cb9-eca79016b359__ep1,test,3040,3079,Stocking retail store shelves,Unpack and place items on shelf,Stocking product boxes,0.0019172066822648048,0
medium_40f_stride20:33f7ae08-ac1d-4321-9cb9-eca79016b359__ep1:qa:140,33f7ae08-ac1d-4321-9cb9-eca79016b359__ep1,test,3060,3099,Stocking retail store shelves,Unpack and place items on shelf,Transferring products from box to shelf,0.0018202121136710048,0
medium_40f_stride20:33f7ae08-ac1d-4321-9cb9-eca79016b359__ep1:qa:141,33f7ae08-ac1d-4321-9cb9-eca79016b359__ep1,test,3080,3119,Stocking retail store shelves,Unpack and place items on shelf,Stocking product boxes,0.0019039084436371922,0
medium_40f_stride20:33f7ae08-ac1d-4321-9cb9-eca79016b359__ep1:qa:142,33f7ae08-ac1d-4321-9cb9-eca79016b359__ep1,test,3100,3139,Stocking retail store shelves,Unpack and place items on shelf,Transferring products from box to shelf,0.0018342570401728153,0
medium_40f_stride20:33f7ae08-ac1d-4321-9cb9-eca79016b359__ep1:qa:150,33f7ae08-ac1d-4321-9cb9-eca79016b359__ep1,test,3280,3319,Stocking retail store shelves,Unpack and place items on shelf,Stocking product boxes,0.0019262585556134582,0
medium_40f_stride20:33f7ae08-ac1d-4321-9cb9-eca79016b359__ep1:qa:151,33f7ae08-ac1d-4321-9cb9-eca79016b359__ep1,test,3300,3339,Stocking retail store shelves,Place and adjust items on shelf,Organizing canned goods in container,0.001809338922612369,0
medium_40f_stride20:33f7ae08-ac1d-4321-9cb9-eca79016b359__ep1:qa:152,33f7ae08-ac1d-4321-9cb9-eca79016b359__ep1,test,3320,3359,Stocking retail store shelves,Place and adjust items on shelf,Stocking product boxes,0.0019248052267357707,0
medium_40f_stride20:33f7ae08-ac1d-4321-9cb9-eca79016b359__ep1:qa:153,33f7ae08-ac1d-4321-9cb9-eca79016b359__ep1,test,3340,3379,Stocking retail store shelves,Place and adjust items on shelf,Cutting and adjusting cardboard pieces,0.0019011588301509619,0
medium_40f_stride20:33f7ae08-ac1d-4321-9cb9-eca79016b359__ep1:qa:154,33f7ae08-ac1d-4321-9cb9-eca79016b359__ep1,test,3360,3399,Stocking retail store shelves,Place and adjust items on shelf,Organizing canned goods in container,0.001864933525212109,0
medium_40f_stride20:33f7ae08-ac1d-4321-9cb9-eca79016b359__ep1:qa:155,33f7ae08-ac1d-4321-9cb9-eca79016b359__ep1,test,3380,3419,Stocking retail store shelves,Place and adjust items on shelf,Inspecting and placing cans on shelf,0.00215170718729496,0
medium_40f_stride20:33f7ae08-ac1d-4321-9cb9-eca79016b359__ep1:qa:157,33f7ae08-ac1d-4321-9cb9-eca79016b359__ep1,test,3440,3479,Stocking retail store shelves,Place and adjust items on shelf,Stocking product boxes,0.0019762495066970587,0
medium_40f_stride20:33f7ae08-ac1d-4321-9cb9-eca79016b359__ep1:qa:158,33f7ae08-ac1d-4321-9cb9-eca79016b359__ep1,test,3460,3499,Stocking retail store shelves,Place and adjust items on shelf,Stocking product boxes,0.0019364035688340664,0
medium_40f_stride20:33f7ae08-ac1d-4321-9cb9-eca79016b359__ep1:qa:159,33f7ae08-ac1d-4321-9cb9-eca79016b359__ep1,test,3480,3519,Stocking retail store shelves,Place and adjust items on shelf,Stocking product boxes,0.0019307266920804977,0
medium_40f_stride20:33f7ae08-ac1d-4321-9cb9-eca79016b359__ep1:qa:160,33f7ae08-ac1d-4321-9cb9-eca79016b359__ep1,test,3500,3539,Stocking retail store shelves,Place and adjust items on shelf,Stocking product boxes,0.0019055044976994395,0
medium_40f_stride20:33f7ae08-ac1d-4321-9cb9-eca79016b359__ep1:qa:161,33f7ae08-ac1d-4321-9cb9-eca79016b359__ep1,test,3520,3559,Stocking retail store shelves,Place and adjust items on shelf,Transferring products from box to shelf,0.0019381832098588347,0
medium_40f_stride20:33f7ae08-ac1d-4321-9cb9-eca79016b359__ep1:qa:162,33f7ae08-ac1d-4321-9cb9-eca79016b359__ep1,test,3540,3579,Stocking retail store shelves,Place and adjust items on shelf,Placing and adjusting plush toys,0.0019142191158607602,0
medium_40f_stride20:33f7ae08-ac1d-4321-9cb9-eca79016b359__ep1:qa:166,33f7ae08-ac1d-4321-9cb9-eca79016b359__ep1,test,3640,3679,Stocking retail store shelves,Place and adjust items on shelf,Transporting snack packages to shelf,0.0020078858360648155,0
medium_40f_stride20:33f7ae08-ac1d-4321-9cb9-eca79016b359__ep1:qa:167,33f7ae08-ac1d-4321-9cb9-eca79016b359__ep1,test,3660,3699,Stocking retail store shelves,Place and adjust items on shelf,Retrieving next product,0.0019041006453335285,0
medium_40f_stride20:33f7ae08-ac1d-4321-9cb9-eca79016b359__ep1:qa:168,33f7ae08-ac1d-4321-9cb9-eca79016b359__ep1,test,3680,3719,Stocking retail store shelves,Place and adjust items on shelf,Cleaning shelves and rearranging products,0.0021322029642760754,0
medium_40f_stride20:33f7ae08-ac1d-4321-9cb9-eca79016b359__ep1:qa:169,33f7ae08-ac1d-4321-9cb9-eca79016b359__ep1,test,3700,3739,Stocking retail store shelves,Place and adjust items on shelf,Sort small colorful pieces,0.001978987595066428,0
medium_40f_stride20:33f7ae08-ac1d-4321-9cb9-eca79016b359__ep1:qa:170,33f7ae08-ac1d-4321-9cb9-eca79016b359__ep1,test,3720,3759,Stocking retail store shelves,Place and adjust items on shelf,Prepare shelf for stocking,0.0019341165898367763,0
medium_40f_stride20:33f7ae08-ac1d-4321-9cb9-eca79016b359__ep1:qa:171,33f7ae08-ac1d-4321-9cb9-eca79016b359__ep1,test,3740,3779,Stocking retail store shelves,Place and adjust items on shelf,Prepare shelf for stocking,0.002053935080766678,0
medium_40f_stride20:33f7ae08-ac1d-4321-9cb9-eca79016b359__ep1:qa:208,33f7ae08-ac1d-4321-9cb9-eca79016b359__ep1,test,4520,4559,Stocking retail store shelves,Place and retrieve items for stocking,Sort beads and adjust phone,0.00195229088421911,0
medium_40f_stride20:33f7ae08-ac1d-4321-9cb9-eca79016b359__ep1:qa:209,33f7ae08-ac1d-4321-9cb9-eca79016b359__ep1,test,4540,4579,Stocking retail store shelves,Place and retrieve items for stocking,Stocking product boxes,0.0019542407244443893,0
medium_40f_stride20:33f7ae08-ac1d-4321-9cb9-eca79016b359__ep1:qa:210,33f7ae08-ac1d-4321-9cb9-eca79016b359__ep1,test,4560,4599,Stocking retail store shelves,Place and retrieve items for stocking,Stocking product boxes,0.0019812346436083317,0
medium_40f_stride20:33f7ae08-ac1d-4321-9cb9-eca79016b359__ep1:qa:211,33f7ae08-ac1d-4321-9cb9-eca79016b359__ep1,test,4580,4619,Stocking retail store shelves,Place and retrieve items for stocking,Adjusting posture while holding item,0.0021439273841679096,0
medium_40f_stride20:33f7ae08-ac1d-4321-9cb9-eca79016b359__ep1:qa:212,33f7ae08-ac1d-4321-9cb9-eca79016b359__ep1,test,4600,4639,Stocking retail store shelves,Place and retrieve items for stocking,Cutting and stacking cardboard pieces,0.0020288091618567705,0
medium_40f_stride20:33f7ae08-ac1d-4321-9cb9-eca79016b359__ep1:qa:225,33f7ae08-ac1d-4321-9cb9-eca79016b359__ep1,test,4880,4919,Stocking retail store shelves,Place and retrieve items for stocking,Move empty cardboard boxes,0.002370327478274703,0
medium_40f_stride20:33f7ae08-ac1d-4321-9cb9-eca79016b359__ep1:qa:226,33f7ae08-ac1d-4321-9cb9-eca79016b359__ep1,test,4900,4939,Stocking retail store shelves,Place and retrieve items for stocking,Rearranging items from shelf back to box,0.001982324058189988,0
medium_40f_stride20:9c553886-83c5-4dc4-be5c-dcb269b3a771__ep2:qa:0,9c553886-83c5-4dc4-be5c-dcb269b3a771__ep2,test,0,39,Labeling and processing cardboard pieces,Labeling cardboard pieces,Cutting and measuring cardboard,0.001993257785215974,0
medium_40f_stride20:9c553886-83c5-4dc4-be5c-dcb269b3a771__ep2:qa:1,9c553886-83c5-4dc4-be5c-dcb269b3a771__ep2,test,20,59,Labeling and processing cardboard pieces,Labeling cardboard pieces,Cutting and measuring cardboard,0.001970095094293356,0
medium_40f_stride20:9c553886-83c5-4dc4-be5c-dcb269b3a771__ep2:qa:2,9c553886-83c5-4dc4-be5c-dcb269b3a771__ep2,test,40,79,Labeling and processing cardboard pieces,Labeling cardboard pieces,Cutting and measuring cardboard,0.002000765409320593,0
medium_40f_stride20:9c553886-83c5-4dc4-be5c-dcb269b3a771__ep2:qa:3,9c553886-83c5-4dc4-be5c-dcb269b3a771__ep2,test,60,99,Labeling and processing cardboard pieces,Labeling cardboard pieces,Cutting and measuring cardboard,0.001935496344231069,0
medium_40f_stride20:9c553886-83c5-4dc4-be5c-dcb269b3a771__ep2:qa:4,9c553886-83c5-4dc4-be5c-dcb269b3a771__ep2,test,80,119,Labeling and processing cardboard pieces,Labeling cardboard pieces,Cutting and measuring cardboard,0.001979599241167307,0
medium_40f_stride20:9c553886-83c5-4dc4-be5c-dcb269b3a771__ep2:qa:5,9c553886-83c5-4dc4-be5c-dcb269b3a771__ep2,test,100,139,Labeling and processing cardboard pieces,Labeling cardboard pieces,Labeling cardboard squares,0.0018882189178839326,0
medium_40f_stride20:9c553886-83c5-4dc4-be5c-dcb269b3a771__ep2:qa:6,9c553886-83c5-4dc4-be5c-dcb269b3a771__ep2,test,120,159,Labeling and processing cardboard pieces,Labeling cardboard pieces,Cutting and measuring cardboard,0.001929949619807303,0
medium_40f_stride20:9c553886-83c5-4dc4-be5c-dcb269b3a771__ep2:qa:7,9c553886-83c5-4dc4-be5c-dcb269b3a771__ep2,test,140,179,Labeling and processing cardboard pieces,Labeling cardboard pieces,Labeling and organizing cardboard squares,0.0019118085037916899,0
medium_40f_stride20:9c553886-83c5-4dc4-be5c-dcb269b3a771__ep2:qa:8,9c553886-83c5-4dc4-be5c-dcb269b3a771__ep2,test,160,199,Labeling and processing cardboard pieces,Labeling cardboard pieces,Cutting and measuring cardboard,0.0019184311386197805,0
medium_40f_stride20:9c553886-83c5-4dc4-be5c-dcb269b3a771__ep2:qa:9,9c553886-83c5-4dc4-be5c-dcb269b3a771__ep2,test,180,219,Labeling and processing cardboard pieces,Labeling cardboard pieces,Positioning ruler for cutting,0.0018610978731885552,0
medium_40f_stride20:9c553886-83c5-4dc4-be5c-dcb269b3a771__ep2:qa:10,9c553886-83c5-4dc4-be5c-dcb269b3a771__ep2,test,200,239,Labeling and processing cardboard pieces,Labeling cardboard pieces,Cutting and measuring cardboard,0.0019269997719675303,0
medium_40f_stride20:9c553886-83c5-4dc4-be5c-dcb269b3a771__ep2:qa:11,9c553886-83c5-4dc4-be5c-dcb269b3a771__ep2,test,220,259,Labeling and processing cardboard pieces,Labeling cardboard pieces,Labeling cardboard squares,0.001863108016550541,0
medium_40f_stride20:9c553886-83c5-4dc4-be5c-dcb269b3a771__ep2:qa:25,9c553886-83c5-4dc4-be5c-dcb269b3a771__ep2,test,520,559,Labeling and processing cardboard pieces,Labeling cardboard pieces,Stabilizing cardboard for cutting,0.0019196727080270648,0
medium_40f_stride20:9c553886-83c5-4dc4-be5c-dcb269b3a771__ep2:qa:26,9c553886-83c5-4dc4-be5c-dcb269b3a771__ep2,test,540,579,Labeling and processing cardboard pieces,Labeling cardboard pieces,Cutting cardboard,0.001845508930273354,0
medium_40f_stride20:9c553886-83c5-4dc4-be5c-dcb269b3a771__ep2:qa:27,9c553886-83c5-4dc4-be5c-dcb269b3a771__ep2,test,560,599,Labeling and processing cardboard pieces,Labeling cardboard pieces,Cutting and measuring cardboard,0.0019070846028625965,0
medium_40f_stride20:9c553886-83c5-4dc4-be5c-dcb269b3a771__ep2:qa:28,9c553886-83c5-4dc4-be5c-dcb269b3a771__ep2,test,600,639,Labeling and processing cardboard pieces,Labeling cardboard pieces,Stabilizing cardboard for cutting,0.001973559847101569,0
medium_40f_stride20:9c553886-83c5-4dc4-be5c-dcb269b3a771__ep2:qa:29,9c553886-83c5-4dc4-be5c-dcb269b3a771__ep2,test,620,659,Labeling and processing cardboard pieces,Labeling cardboard pieces,Stabilizing cardboard for cutting,0.00204007001593709,0
medium_40f_stride20:9c553886-83c5-4dc4-be5c-dcb269b3a771__ep2:qa:30,9c553886-83c5-4dc4-be5c-dcb269b3a771__ep2,test,640,679,Labeling and processing cardboard pieces,Labeling cardboard pieces,Labeling cardboard squares,0.001905919867567718,0
medium_40f_stride20:9c553886-83c5-4dc4-be5c-dcb269b3a771__ep2:qa:31,9c553886-83c5-4dc4-be5c-dcb269b3a771__ep2,test,660,699,Labeling and processing cardboard pieces,Labeling cardboard pieces,Labeling cardboard squares,0.0019001555629074574,0
medium_40f_stride20:9c553886-83c5-4dc4-be5c-dcb269b3a771__ep2:qa:32,9c553886-83c5-4dc4-be5c-dcb269b3a771__ep2,test,680,719,Labeling and processing cardboard pieces,Labeling cardboard pieces,Labeling cardboard squares,0.0018970766104757786,0
medium_40f_stride20:9c553886-83c5-4dc4-be5c-dcb269b3a771__ep2:qa:33,9c553886-83c5-4dc4-be5c-dcb269b3a771__ep2,test,700,739,Labeling and processing cardboard pieces,Labeling cardboard pieces,Cutting cardboard,0.001924695330671966,0
medium_40f_stride20:9c553886-83c5-4dc4-be5c-dcb269b3a771__ep2:qa:34,9c553886-83c5-4dc4-be5c-dcb269b3a771__ep2,test,720,759,Labeling and processing cardboard pieces,Labeling cardboard pieces,Positioning ruler for cutting,0.0018917159177362919,0
medium_40f_stride20:9c553886-83c5-4dc4-be5c-dcb269b3a771__ep2:qa:35,9c553886-83c5-4dc4-be5c-dcb269b3a771__ep2,test,740,779,Labeling and processing cardboard pieces,Labeling cardboard pieces,Release paper strip,0.0018998801242560148,0
medium_40f_stride20:9c553886-83c5-4dc4-be5c-dcb269b3a771__ep2:qa:36,9c553886-83c5-4dc4-be5c-dcb269b3a771__ep2,test,760,799,Labeling and processing cardboard pieces,Labeling cardboard pieces,Positioning ruler for cutting,0.001885443227365613,0
medium_40f_stride20:9c553886-83c5-4dc4-be5c-dcb269b3a771__ep2:qa:40,9c553886-83c5-4dc4-be5c-dcb269b3a771__ep2,test,880,919,Labeling and processing cardboard pieces,Labeling cardboard pieces,Labeling cardboard squares,0.0019142070086672902,0
medium_40f_stride20:9c553886-83c5-4dc4-be5c-dcb269b3a771__ep2:qa:41,9c553886-83c5-4dc4-be5c-dcb269b3a771__ep2,test,900,939,Labeling and processing cardboard pieces,Labeling cardboard pieces,Hold and mark cardboard piece,0.0018480047583580017,0
medium_40f_stride20:9c553886-83c5-4dc4-be5c-dcb269b3a771__ep2:qa:42,9c553886-83c5-4dc4-be5c-dcb269b3a771__ep2,test,920,959,Labeling and processing cardboard pieces,Labeling cardboard pieces,Labeling cardboard squares,0.0019187047146260738,0
medium_40f_stride20:9c553886-83c5-4dc4-be5c-dcb269b3a771__ep2:qa:43,9c553886-83c5-4dc4-be5c-dcb269b3a771__ep2,test,960,999,Labeling and processing cardboard pieces,Labeling cardboard pieces,Labeling cardboard squares,0.0019056217279285192,0
medium_40f_stride20:9c553886-83c5-4dc4-be5c-dcb269b3a771__ep2:qa:57,9c553886-83c5-4dc4-be5c-dcb269b3a771__ep2,test,1280,1319,Labeling and processing cardboard pieces,Labeling cardboard pieces,Stacking cardboard pieces,0.0021782093681395054,0
medium_40f_stride20:9c553886-83c5-4dc4-be5c-dcb269b3a771__ep2:qa:58,9c553886-83c5-4dc4-be5c-dcb269b3a771__ep2,test,1300,1339,Labeling and processing cardboard pieces,Labeling cardboard pieces,Labeling cardboard squares,0.001908825128339231,0
medium_40f_stride20:9c553886-83c5-4dc4-be5c-dcb269b3a771__ep2:qa:59,9c553886-83c5-4dc4-be5c-dcb269b3a771__ep2,test,1320,1359,Labeling and processing cardboard pieces,Labeling cardboard pieces,Labeling cardboard squares,0.0018779911333695054,0
medium_40f_stride20:9c553886-83c5-4dc4-be5c-dcb269b3a771__ep2:qa:60,9c553886-83c5-4dc4-be5c-dcb269b3a771__ep2,test,1340,1379,Labeling and processing cardboard pieces,Labeling cardboard pieces,Trace and remove pattern,0.001907717902213335,0
medium_40f_stride20:9c553886-83c5-4dc4-be5c-dcb269b3a771__ep2:qa:61,9c553886-83c5-4dc4-be5c-dcb269b3a771__ep2,test,1360,1399,Labeling and processing cardboard pieces,Labeling cardboard pieces,Labeling cardboard squares,0.0019034090219065547,0
medium_40f_stride20:9c553886-83c5-4dc4-be5c-dcb269b3a771__ep2:qa:62,9c553886-83c5-4dc4-be5c-dcb269b3a771__ep2,test,1400,1439,Labeling and processing cardboard pieces,Labeling cardboard pieces,Labeling and organizing cardboard squares,0.001875260379165411,0
medium_40f_stride20:9c553886-83c5-4dc4-be5c-dcb269b3a771__ep2:qa:63,9c553886-83c5-4dc4-be5c-dcb269b3a771__ep2,test,1420,1459,Labeling and processing cardboard pieces,Labeling cardboard pieces,Labeling cardboard squares,0.0018518837168812752,0
medium_40f_stride20:9c553886-83c5-4dc4-be5c-dcb269b3a771__ep2:qa:64,9c553886-83c5-4dc4-be5c-dcb269b3a771__ep2,test,1440,1479,Labeling and processing cardboard pieces,Labeling cardboard pieces,Removing old shelf labels,0.0018022262956947088,0
medium_40f_stride20:9c553886-83c5-4dc4-be5c-dcb269b3a771__ep2:qa:65,9c553886-83c5-4dc4-be5c-dcb269b3a771__ep2,test,1460,1499,Labeling and processing cardboard pieces,Labeling cardboard pieces,Labeling cardboard squares,0.0019066495588049293,0
medium_40f_stride20:9c553886-83c5-4dc4-be5c-dcb269b3a771__ep2:qa:66,9c553886-83c5-4dc4-be5c-dcb269b3a771__ep2,test,1480,1519,Labeling and processing cardboard pieces,Labeling cardboard pieces,Labeling cardboard squares,0.0018418882973492146,0
medium_40f_stride20:9c553886-83c5-4dc4-be5c-dcb269b3a771__ep2:qa:79,9c553886-83c5-4dc4-be5c-dcb269b3a771__ep2,test,1800,1839,Labeling and processing cardboard pieces,Organizing cardboard pieces,Labeling cardboard square,0.001968549797311425,0
medium_40f_stride20:9c553886-83c5-4dc4-be5c-dcb269b3a771__ep2:qa:80,9c553886-83c5-4dc4-be5c-dcb269b3a771__ep2,test,1820,1859,Labeling and processing cardboard pieces,Organizing cardboard pieces,Labeling cardboard square,0.0019541566725820303,0
medium_40f_stride20:9c553886-83c5-4dc4-be5c-dcb269b3a771__ep2:qa:81,9c553886-83c5-4dc4-be5c-dcb269b3a771__ep2,test,1840,1879,Labeling and processing cardboard pieces,Organizing cardboard pieces,Positioning cardboard pieces,0.0019029442919418216,0
medium_40f_stride20:9c553886-83c5-4dc4-be5c-dcb269b3a771__ep2:qa:82,9c553886-83c5-4dc4-be5c-dcb269b3a771__ep2,test,1860,1899,Labeling and processing cardboard pieces,Organizing cardboard pieces,Removing old shelf labels,0.0018484797328710556,0
medium_40f_stride20:9c553886-83c5-4dc4-be5c-dcb269b3a771__ep2:qa:83,9c553886-83c5-4dc4-be5c-dcb269b3a771__ep2,test,1880,1919,Labeling and processing cardboard pieces,Cutting cardboard pieces,Removing old shelf labels,0.0019215630600228906,0
medium_40f_stride20:9c553886-83c5-4dc4-be5c-dcb269b3a771__ep2:qa:84,9c553886-83c5-4dc4-be5c-dcb269b3a771__ep2,test,1900,1939,Labeling and processing cardboard pieces,Cutting cardboard pieces,Draw and reposition ruler,0.0018436461687088013,0
medium_40f_stride20:9c553886-83c5-4dc4-be5c-dcb269b3a771__ep2:qa:85,9c553886-83c5-4dc4-be5c-dcb269b3a771__ep2,test,1920,1959,Labeling and processing cardboard pieces,Cutting cardboard pieces,Labeling and placing cardboard squares,0.0019196461653336883,0
medium_40f_stride20:9c553886-83c5-4dc4-be5c-dcb269b3a771__ep2:qa:86,9c553886-83c5-4dc4-be5c-dcb269b3a771__ep2,test,1940,1979,Labeling and processing cardboard pieces,Cutting cardboard pieces,Positioning cardboard pieces,0.0018615935696288943,0
medium_40f_stride20:9c553886-83c5-4dc4-be5c-dcb269b3a771__ep2:qa:87,9c553886-83c5-4dc4-be5c-dcb269b3a771__ep2,test,1960,1999,Labeling and processing cardboard pieces,Cutting cardboard pieces,Labeling and placing cardboard squares,0.001918576192110777,0
medium_40f_stride20:9c553886-83c5-4dc4-be5c-dcb269b3a771__ep2:qa:97,9c553886-83c5-4dc4-be5c-dcb269b3a771__ep2,test,2200,2239,Labeling and processing cardboard pieces,Cutting cardboard pieces,Labeling and placing cardboard squares,0.0018968236399814487,0
medium_40f_stride20:9c553886-83c5-4dc4-be5c-dcb269b3a771__ep2:qa:98,9c553886-83c5-4dc4-be5c-dcb269b3a771__ep2,test,2220,2259,Labeling and processing cardboard pieces,Cutting cardboard pieces,Walking to storage area,0.001978455111384392,0
medium_40f_stride20:9c553886-83c5-4dc4-be5c-dcb269b3a771__ep2:qa:99,9c553886-83c5-4dc4-be5c-dcb269b3a771__ep2,test,2240,2279,Labeling and processing cardboard pieces,Cutting cardboard pieces,Labeling and placing cardboard squares,0.00195913459174335,0
medium_40f_stride20:9c553886-83c5-4dc4-be5c-dcb269b3a771__ep2:qa:100,9c553886-83c5-4dc4-be5c-dcb269b3a771__ep2,test,2260,2299,Labeling and processing cardboard pieces,Cutting cardboard pieces,Labeling and placing cardboard square,0.0018999245949089527,0
medium_40f_stride20:9c553886-83c5-4dc4-be5c-dcb269b3a771__ep2:qa:101,9c553886-83c5-4dc4-be5c-dcb269b3a771__ep2,test,2280,2319,Labeling and processing cardboard pieces,Cutting cardboard pieces,Labeling and placing cardboard square,0.0019739659037441015,0
medium_40f_stride20:9c553886-83c5-4dc4-be5c-dcb269b3a771__ep2:qa:102,9c553886-83c5-4dc4-be5c-dcb269b3a771__ep2,test,2300,2339,Labeling and processing cardboard pieces,Cutting cardboard pieces,Labeling and placing cardboard square,0.001923227682709694,0
medium_40f_stride20:9c553886-83c5-4dc4-be5c-dcb269b3a771__ep2:qa:103,9c553886-83c5-4dc4-be5c-dcb269b3a771__ep2,test,2320,2359,Labeling and processing cardboard pieces,Cutting cardboard pieces,Labeling and placing cardboard square,0.0019414654234424233,0
medium_40f_stride20:9c553886-83c5-4dc4-be5c-dcb269b3a771__ep2:qa:104,9c553886-83c5-4dc4-be5c-dcb269b3a771__ep2,test,2340,2379,Labeling and processing cardboard pieces,Cutting cardboard pieces,Labeling and placing cardboard square,0.0019330987706780434,0
medium_40f_stride20:9c553886-83c5-4dc4-be5c-dcb269b3a771__ep2:qa:105,9c553886-83c5-4dc4-be5c-dcb269b3a771__ep2,test,2360,2399,Labeling and processing cardboard pieces,Cutting cardboard pieces,Labeling and placing cardboard square,0.0018523543840274215,0
medium_40f_stride20:9c553886-83c5-4dc4-be5c-dcb269b3a771__ep2:qa:106,9c553886-83c5-4dc4-be5c-dcb269b3a771__ep2,test,2380,2419,Labeling and processing cardboard pieces,Cutting cardboard pieces,Positioning cardboard pieces,0.0018506250344216824,0
medium_40f_stride20:9c553886-83c5-4dc4-be5c-dcb269b3a771__ep2:qa:107,9c553886-83c5-4dc4-be5c-dcb269b3a771__ep2,test,2400,2439,Labeling and processing cardboard pieces,Cutting cardboard pieces,Cut light green fabric,0.001911354367621243,0
medium_40f_stride20:9c553886-83c5-4dc4-be5c-dcb269b3a771__ep2:qa:108,9c553886-83c5-4dc4-be5c-dcb269b3a771__ep2,test,2420,2459,Labeling and processing cardboard pieces,Cutting cardboard pieces,Positioning cardboard pieces,0.001814413582906127,0
medium_40f_stride20:9c553886-83c5-4dc4-be5c-dcb269b3a771__ep2:qa:155,9c553886-83c5-4dc4-be5c-dcb269b3a771__ep2,test,3400,3439,Labeling and processing cardboard pieces,Labeling cardboard pieces,Labeling and switching markers,0.0019014447461813688,0
medium_40f_stride20:9c553886-83c5-4dc4-be5c-dcb269b3a771__ep2:qa:156,9c553886-83c5-4dc4-be5c-dcb269b3a771__ep2,test,3420,3459,Labeling and processing cardboard pieces,Labeling cardboard pieces,Labeling and switching markers,0.0020257828291505575,0
medium_40f_stride20:9c553886-83c5-4dc4-be5c-dcb269b3a771__ep2:qa:157,9c553886-83c5-4dc4-be5c-dcb269b3a771__ep2,test,3440,3479,Labeling and processing cardboard pieces,Labeling cardboard pieces,Labeling and switching markers,0.002008313313126564,0
medium_40f_stride20:9c553886-83c5-4dc4-be5c-dcb269b3a771__ep2:qa:158,9c553886-83c5-4dc4-be5c-dcb269b3a771__ep2,test,3460,3499,Labeling and processing cardboard pieces,Labeling cardboard pieces,Positioning cardboard pieces,0.0018858914263546467,0
medium_40f_stride20:9c553886-83c5-4dc4-be5c-dcb269b3a771__ep2:qa:159,9c553886-83c5-4dc4-be5c-dcb269b3a771__ep2,test,3480,3519,Labeling and processing cardboard pieces,Labeling cardboard pieces,Labeling and switching markers,0.0019734972156584263,0
medium_40f_stride20:9c553886-83c5-4dc4-be5c-dcb269b3a771__ep2:qa:160,9c553886-83c5-4dc4-be5c-dcb269b3a771__ep2,test,3500,3539,Labeling and processing cardboard pieces,Labeling cardboard pieces,Labeling cardboard squares,0.0018803641432896256,0
medium_40f_stride20:9c553886-83c5-4dc4-be5c-dcb269b3a771__ep2:qa:161,9c553886-83c5-4dc4-be5c-dcb269b3a771__ep2,test,3520,3559,Labeling and processing cardboard pieces,Labeling cardboard pieces,Removing old shelf labels,0.0018844023579731584,0
medium_40f_stride20:9c553886-83c5-4dc4-be5c-dcb269b3a771__ep2:qa:162,9c553886-83c5-4dc4-be5c-dcb269b3a771__ep2,test,3540,3579,Labeling and processing cardboard pieces,Labeling cardboard pieces,Positioning cardboard pieces,0.0018995096907019615,0
medium_40f_stride20:9c553886-83c5-4dc4-be5c-dcb269b3a771__ep2:qa:163,9c553886-83c5-4dc4-be5c-dcb269b3a771__ep2,test,3560,3599,Labeling and processing cardboard pieces,Labeling cardboard pieces,Positioning cardboard pieces,0.0018935545813292265,0
medium_40f_stride20:9c553886-83c5-4dc4-be5c-dcb269b3a771__ep2:qa:164,9c553886-83c5-4dc4-be5c-dcb269b3a771__ep2,test,3580,3619,Labeling and processing cardboard pieces,Labeling cardboard pieces,Place down paper segment and reach for supplies,0.001985704991966486,0
medium_40f_stride20:9c553886-83c5-4dc4-be5c-dcb269b3a771__ep2:qa:165,9c553886-83c5-4dc4-be5c-dcb269b3a771__ep2,test,3600,3639,Labeling and processing cardboard pieces,Labeling cardboard pieces,Labeling and switching markers,0.001913037383928895,0
medium_40f_stride20:9c553886-83c5-4dc4-be5c-dcb269b3a771__ep2:qa:166,9c553886-83c5-4dc4-be5c-dcb269b3a771__ep2,test,3620,3659,Labeling and processing cardboard pieces,Labeling cardboard pieces,Using phone and drinking water,0.0018470709910616279,0
medium_40f_stride20:9c553886-83c5-4dc4-be5c-dcb269b3a771__ep2:qa:213,9c553886-83c5-4dc4-be5c-dcb269b3a771__ep2,test,4600,4639,Labeling and processing cardboard pieces,Labeling cardboard pieces,Cutting and stacking cardboard pieces,0.001973067643120885,0
medium_40f_stride20:9c553886-83c5-4dc4-be5c-dcb269b3a771__ep2:qa:214,9c553886-83c5-4dc4-be5c-dcb269b3a771__ep2,test,4620,4659,Labeling and processing cardboard pieces,Labeling cardboard pieces,Adjusting and folding cardboard,0.001861862139776349,0
medium_40f_stride20:9c553886-83c5-4dc4-be5c-dcb269b3a771__ep2:qa:215,9c553886-83c5-4dc4-be5c-dcb269b3a771__ep2,test,4640,4679,Labeling and processing cardboard pieces,Labeling cardboard pieces,Marking cardboard with pen,0.001880832714959979,0
medium_40f_stride20:9c553886-83c5-4dc4-be5c-dcb269b3a771__ep2:qa:216,9c553886-83c5-4dc4-be5c-dcb269b3a771__ep2,test,4660,4699,Labeling and processing cardboard pieces,Labeling cardboard pieces,Positioning cardboard pieces,0.001880956464447081,0
medium_40f_stride20:9c553886-83c5-4dc4-be5c-dcb269b3a771__ep2:qa:217,9c553886-83c5-4dc4-be5c-dcb269b3a771__ep2,test,4680,4719,Labeling and processing cardboard pieces,Labeling cardboard pieces,Adjusting and folding cardboard,0.0021503441967070103,0
medium_40f_stride20:9c553886-83c5-4dc4-be5c-dcb269b3a771__ep2:qa:218,9c553886-83c5-4dc4-be5c-dcb269b3a771__ep2,test,4700,4739,Labeling and processing cardboard pieces,Labeling cardboard pieces,Adjusting and folding cardboard,0.001959458691999316,0
medium_40f_stride20:9c553886-83c5-4dc4-be5c-dcb269b3a771__ep2:qa:219,9c553886-83c5-4dc4-be5c-dcb269b3a771__ep2,test,4720,4759,Labeling and processing cardboard pieces,Labeling cardboard pieces,Adjusting and folding cardboard,0.0019325759494677186,0
medium_40f_stride20:9c553886-83c5-4dc4-be5c-dcb269b3a771__ep2:qa:220,9c553886-83c5-4dc4-be5c-dcb269b3a771__ep2,test,4740,4779,Labeling and processing cardboard pieces,Labeling cardboard pieces,Positioning cardboard pieces,0.0018969777738675475,0
medium_40f_stride20:9c553886-83c5-4dc4-be5c-dcb269b3a771__ep2:qa:221,9c553886-83c5-4dc4-be5c-dcb269b3a771__ep2,test,4760,4799,Labeling and processing cardboard pieces,Labeling cardboard pieces,Remove tools after marking,0.00199185055680573,0
medium_40f_stride20:9c553886-83c5-4dc4-be5c-dcb269b3a771__ep2:qa:257,9c553886-83c5-4dc4-be5c-dcb269b3a771__ep2,test,5520,5559,Labeling and processing cardboard pieces,Labeling cardboard pieces,Sort Mahjong tiles,0.0019787473138421774,0
medium_40f_stride20:9c553886-83c5-4dc4-be5c-dcb269b3a771__ep2:qa:258,9c553886-83c5-4dc4-be5c-dcb269b3a771__ep2,test,5540,5579,Labeling and processing cardboard pieces,Labeling cardboard pieces,Positioning cardboard pieces,0.0018736196216195822,0
medium_40f_stride20:9c553886-83c5-4dc4-be5c-dcb269b3a771__ep2:qa:259,9c553886-83c5-4dc4-be5c-dcb269b3a771__ep2,test,5560,5599,Labeling and processing cardboard pieces,Labeling cardboard pieces,Positioning cardboard pieces,0.0018951232777908444,0
medium_40f_stride20:9c553886-83c5-4dc4-be5c-dcb269b3a771__ep2:qa:260,9c553886-83c5-4dc4-be5c-dcb269b3a771__ep2,test,5580,5619,Labeling and processing cardboard pieces,Labeling cardboard pieces,Positioning cardboard pieces,0.0019330314826220274,0
medium_40f_stride20:9c553886-83c5-4dc4-be5c-dcb269b3a771__ep2:qa:261,9c553886-83c5-4dc4-be5c-dcb269b3a771__ep2,test,5600,5639,Labeling and processing cardboard pieces,Labeling cardboard pieces,Aligning ruler for final measurements,0.0019647993613034487,0
medium_40f_stride20:9c553886-83c5-4dc4-be5c-dcb269b3a771__ep2:qa:262,9c553886-83c5-4dc4-be5c-dcb269b3a771__ep2,test,5640,5679,Labeling and processing cardboard pieces,Labeling cardboard pieces,Positioning cardboard pieces,0.001879447023384273,0
medium_40f_stride20:9c553886-83c5-4dc4-be5c-dcb269b3a771__ep2:qa:263,9c553886-83c5-4dc4-be5c-dcb269b3a771__ep2,test,5660,5699,Labeling and processing cardboard pieces,Labeling cardboard pieces,Positioning cardboard pieces,0.0018782018451020122,0
medium_40f_stride20:9c553886-83c5-4dc4-be5c-dcb269b3a771__ep2:qa:264,9c553886-83c5-4dc4-be5c-dcb269b3a771__ep2,test,5680,5719,Labeling and processing cardboard pieces,Observing and pausing,Placing cardboard piece,0.0019252069760113955,0
medium_40f_stride20:9c553886-83c5-4dc4-be5c-dcb269b3a771__ep2:qa:265,9c553886-83c5-4dc4-be5c-dcb269b3a771__ep2,test,5700,5739,Labeling and processing cardboard pieces,Observing and pausing,Cleaning workspace,0.002100346377119422,0
medium_40f_stride20:9c553886-83c5-4dc4-be5c-dcb269b3a771__ep2:qa:266,9c553886-83c5-4dc4-be5c-dcb269b3a771__ep2,test,5720,5759,Labeling and processing cardboard pieces,Observing and pausing,Finalizing marks on cardboard,0.0019241946283727884,0
medium_40f_stride20:9c553886-83c5-4dc4-be5c-dcb269b3a771__ep2:qa:267,9c553886-83c5-4dc4-be5c-dcb269b3a771__ep2,test,5740,5779,Labeling and processing cardboard pieces,Observing and pausing,Adjusting and folding cardboard,0.0018499946454539895,0
medium_40f_stride20:9c553886-83c5-4dc4-be5c-dcb269b3a771__ep2:qa:268,9c553886-83c5-4dc4-be5c-dcb269b3a771__ep2,test,5760,5799,Labeling and processing cardboard pieces,Observing and pausing,Using and placing phone,0.0019267426105216146,0
medium_40f_stride20:9c553886-83c5-4dc4-be5c-dcb269b3a771__ep2:qa:269,9c553886-83c5-4dc4-be5c-dcb269b3a771__ep2,test,5800,5839,Labeling and processing cardboard pieces,Observing and pausing,Cap marker and place down,0.0019112027948722243,0
medium_40f_stride20:34f07a04-eb37-45a3-95ec-189ed5f4a85b__ep5:qa:0,34f07a04-eb37-45a3-95ec-189ed5f4a85b__ep5,test,0,39,Stocking shelves in a retail store,Placing canned goods on the shelf,Picking and stocking items from container,0.0022130319848656654,0
medium_40f_stride20:34f07a04-eb37-45a3-95ec-189ed5f4a85b__ep5:qa:1,34f07a04-eb37-45a3-95ec-189ed5f4a85b__ep5,test,20,59,Stocking shelves in a retail store,Placing canned goods on the shelf,Picking and stocking items from container,0.0021546613425016403,0
medium_40f_stride20:34f07a04-eb37-45a3-95ec-189ed5f4a85b__ep5:qa:2,34f07a04-eb37-45a3-95ec-189ed5f4a85b__ep5,test,40,79,Stocking shelves in a retail store,Placing canned goods on the shelf,Picking and stocking items from container,0.0021446053870022297,0
medium_40f_stride20:34f07a04-eb37-45a3-95ec-189ed5f4a85b__ep5:qa:3,34f07a04-eb37-45a3-95ec-189ed5f4a85b__ep5,test,60,99,Stocking shelves in a retail store,Placing canned goods on the shelf,Moving container and stocking items,0.002113648923113942,0
medium_40f_stride20:34f07a04-eb37-45a3-95ec-189ed5f4a85b__ep5:qa:4,34f07a04-eb37-45a3-95ec-189ed5f4a85b__ep5,test,80,119,Stocking shelves in a retail store,Placing canned goods on the shelf,Picking and stocking items from container,0.0022440811153501272,0
medium_40f_stride20:34f07a04-eb37-45a3-95ec-189ed5f4a85b__ep5:qa:5,34f07a04-eb37-45a3-95ec-189ed5f4a85b__ep5,test,100,139,Stocking shelves in a retail store,Placing canned goods on the shelf,Picking and stocking items from container,0.0021661061327904463,0
medium_40f_stride20:34f07a04-eb37-45a3-95ec-189ed5f4a85b__ep5:qa:11,34f07a04-eb37-45a3-95ec-189ed5f4a85b__ep5,test,240,279,Stocking shelves in a retail store,Placing canned goods on the shelf,Stocking items and carrying container,0.002201647497713566,0
medium_40f_stride20:34f07a04-eb37-45a3-95ec-189ed5f4a85b__ep5:qa:12,34f07a04-eb37-45a3-95ec-189ed5f4a85b__ep5,test,260,299,Stocking shelves in a retail store,Placing canned goods on the shelf,Stocking items and carrying container,0.002149690641090274,0
medium_40f_stride20:34f07a04-eb37-45a3-95ec-189ed5f4a85b__ep5:qa:13,34f07a04-eb37-45a3-95ec-189ed5f4a85b__ep5,test,280,319,Stocking shelves in a retail store,Placing canned goods on the shelf,Stocking items and carrying container,0.002173131564632058,0
medium_40f_stride20:34f07a04-eb37-45a3-95ec-189ed5f4a85b__ep5:qa:14,34f07a04-eb37-45a3-95ec-189ed5f4a85b__ep5,test,300,339,Stocking shelves in a retail store,Placing canned goods on the shelf,Stocking items and carrying container,0.0021560254972428083,0
medium_40f_stride20:34f07a04-eb37-45a3-95ec-189ed5f4a85b__ep5:qa:15,34f07a04-eb37-45a3-95ec-189ed5f4a85b__ep5,test,320,359,Stocking shelves in a retail store,Placing canned goods on the shelf,Stocking items and carrying container,0.0021942080929875374,0
medium_40f_stride20:34f07a04-eb37-45a3-95ec-189ed5f4a85b__ep5:qa:16,34f07a04-eb37-45a3-95ec-189ed5f4a85b__ep5,test,340,379,Stocking shelves in a retail store,Placing canned goods on the shelf,Moving container and stocking items,0.0022496774327009916,0
medium_40f_stride20:34f07a04-eb37-45a3-95ec-189ed5f4a85b__ep5:qa:56,34f07a04-eb37-45a3-95ec-189ed5f4a85b__ep5,test,1280,1319,Stocking shelves in a retail store,Reaching into the box for more stock,Handling shipping box,0.0021874206140637398,0
medium_40f_stride20:34f07a04-eb37-45a3-95ec-189ed5f4a85b__ep5:qa:57,34f07a04-eb37-45a3-95ec-189ed5f4a85b__ep5,test,1300,1339,Stocking shelves in a retail store,Reaching into the box for more stock,Moving container and stocking items,0.002151565859094262,0
medium_40f_stride20:34f07a04-eb37-45a3-95ec-189ed5f4a85b__ep5:qa:58,34f07a04-eb37-45a3-95ec-189ed5f4a85b__ep5,test,1320,1359,Stocking shelves in a retail store,Reaching into the box for more stock,Moving container and stocking items,0.0022157130297273397,0
medium_40f_stride20:34f07a04-eb37-45a3-95ec-189ed5f4a85b__ep5:qa:59,34f07a04-eb37-45a3-95ec-189ed5f4a85b__ep5,test,1340,1379,Stocking shelves in a retail store,Reaching into the box for more stock,Trace and remove pattern,0.0019785931799560785,0
medium_40f_stride20:34f07a04-eb37-45a3-95ec-189ed5f4a85b__ep5:qa:60,34f07a04-eb37-45a3-95ec-189ed5f4a85b__ep5,test,1360,1399,Stocking shelves in a retail store,Reaching into the box for more stock,Moving container and stocking items,0.002099675126373768,0
medium_40f_stride20:34f07a04-eb37-45a3-95ec-189ed5f4a85b__ep5:qa:61,34f07a04-eb37-45a3-95ec-189ed5f4a85b__ep5,test,1400,1439,Stocking shelves in a retail store,Reaching into the box for more stock,Moving container and stocking items,0.002046961337327957,0
medium_40f_stride20:34f07a04-eb37-45a3-95ec-189ed5f4a85b__ep5:qa:62,34f07a04-eb37-45a3-95ec-189ed5f4a85b__ep5,test,1420,1459,Stocking shelves in a retail store,Reaching into the box for more stock,Moving container and stocking items,0.0020456609781831503,0
medium_40f_stride20:34f07a04-eb37-45a3-95ec-189ed5f4a85b__ep5:qa:63,34f07a04-eb37-45a3-95ec-189ed5f4a85b__ep5,test,1440,1479,Stocking shelves in a retail store,Reaching into the box for more stock,Moving container and stocking items,0.002119798678904772,0
medium_40f_stride20:34f07a04-eb37-45a3-95ec-189ed5f4a85b__ep5:qa:64,34f07a04-eb37-45a3-95ec-189ed5f4a85b__ep5,test,1460,1499,Stocking shelves in a retail store,Reaching into the box for more stock,Moving container and stocking items,0.00214915513060987,0
medium_40f_stride20:34f07a04-eb37-45a3-95ec-189ed5f4a85b__ep5:qa:65,34f07a04-eb37-45a3-95ec-189ed5f4a85b__ep5,test,1480,1519,Stocking shelves in a retail store,Reaching into the box for more stock,Moving container and stocking items,0.0020311519037932158,0
medium_40f_stride20:34f07a04-eb37-45a3-95ec-189ed5f4a85b__ep5:qa:66,34f07a04-eb37-45a3-95ec-189ed5f4a85b__ep5,test,1500,1539,Stocking shelves in a retail store,Reaching into the box for more stock,Handling shipping box,0.0019696862436830997,0
medium_40f_stride20:34f07a04-eb37-45a3-95ec-189ed5f4a85b__ep5:qa:67,34f07a04-eb37-45a3-95ec-189ed5f4a85b__ep5,test,1520,1559,Stocking shelves in a retail store,Reaching into the box for more stock,Retrieving and shelving container,0.0021667813416570425,0
medium_40f_stride20:34f07a04-eb37-45a3-95ec-189ed5f4a85b__ep5:qa:72,34f07a04-eb37-45a3-95ec-189ed5f4a85b__ep5,test,1640,1679,Stocking shelves in a retail store,Reaching into the box for more stock,Moving container and stocking items,0.0020827522967010736,0
medium_40f_stride20:34f07a04-eb37-45a3-95ec-189ed5f4a85b__ep5:qa:73,34f07a04-eb37-45a3-95ec-189ed5f4a85b__ep5,test,1660,1699,Stocking shelves in a retail store,Picking up and placing canned goods,Moving container and stocking items,0.002105387393385172,0
medium_40f_stride20:34f07a04-eb37-45a3-95ec-189ed5f4a85b__ep5:qa:74,34f07a04-eb37-45a3-95ec-189ed5f4a85b__ep5,test,1680,1719,Stocking shelves in a retail store,Picking up and placing canned goods,Retrieving and shelving container,0.0020928080193698406,0
medium_40f_stride20:34f07a04-eb37-45a3-95ec-189ed5f4a85b__ep5:qa:75,34f07a04-eb37-45a3-95ec-189ed5f4a85b__ep5,test,1700,1739,Stocking shelves in a retail store,Picking up and placing canned goods,Moving container and stocking items,0.002075707772746682,0
medium_40f_stride20:34f07a04-eb37-45a3-95ec-189ed5f4a85b__ep5:qa:76,34f07a04-eb37-45a3-95ec-189ed5f4a85b__ep5,test,1720,1759,Stocking shelves in a retail store,Picking up and placing canned goods,Stocking items and reaching for container,0.0021899447310715914,0
medium_40f_stride20:34f07a04-eb37-45a3-95ec-189ed5f4a85b__ep5:qa:77,34f07a04-eb37-45a3-95ec-189ed5f4a85b__ep5,test,1740,1779,Stocking shelves in a retail store,Picking up and placing canned goods,Stocking items and reaching for container,0.002131332876160741,0
medium_40f_stride20:34f07a04-eb37-45a3-95ec-189ed5f4a85b__ep5:qa:79,34f07a04-eb37-45a3-95ec-189ed5f4a85b__ep5,test,1800,1839,Stocking shelves in a retail store,Picking up and placing canned goods,Moving container and stocking items,0.0021232357248663902,0
medium_40f_stride20:34f07a04-eb37-45a3-95ec-189ed5f4a85b__ep5:qa:80,34f07a04-eb37-45a3-95ec-189ed5f4a85b__ep5,test,1820,1859,Stocking shelves in a retail store,Picking up and placing canned goods,Placing items and transitioning,0.0020596208050847054,0
medium_40f_stride20:34f07a04-eb37-45a3-95ec-189ed5f4a85b__ep5:qa:81,34f07a04-eb37-45a3-95ec-189ed5f4a85b__ep5,test,1840,1879,Stocking shelves in a retail store,unknown,Moving container and stocking items,0.0021135238930583,0
medium_40f_stride20:34f07a04-eb37-45a3-95ec-189ed5f4a85b__ep5:qa:93,34f07a04-eb37-45a3-95ec-189ed5f4a85b__ep5,test,2120,2159,Stocking shelves in a retail store,Placing and retrieving canned goods,Stocking items and reaching for container,0.0021458857227116823,0
medium_40f_stride20:34f07a04-eb37-45a3-95ec-189ed5f4a85b__ep5:qa:94,34f07a04-eb37-45a3-95ec-189ed5f4a85b__ep5,test,2140,2179,Stocking shelves in a retail store,Placing and retrieving canned goods,Moving container and stocking items,0.002125430153682828,0
medium_40f_stride20:34f07a04-eb37-45a3-95ec-189ed5f4a85b__ep5:qa:95,34f07a04-eb37-45a3-95ec-189ed5f4a85b__ep5,test,2160,2199,Stocking shelves in a retail store,Placing and retrieving canned goods,Stocking items and reaching for container,0.0020773964934051037,0
medium_40f_stride20:34f07a04-eb37-45a3-95ec-189ed5f4a85b__ep5:qa:96,34f07a04-eb37-45a3-95ec-189ed5f4a85b__ep5,test,2180,2219,Stocking shelves in a retail store,Placing and retrieving canned goods,Moving container and stocking items,0.0020809462293982506,0
medium_40f_stride20:34f07a04-eb37-45a3-95ec-189ed5f4a85b__ep5:qa:97,34f07a04-eb37-45a3-95ec-189ed5f4a85b__ep5,test,2200,2239,Stocking shelves in a retail store,Placing and retrieving canned goods,Moving container and stocking items,0.002144699450582266,0
medium_40f_stride20:34f07a04-eb37-45a3-95ec-189ed5f4a85b__ep5:qa:98,34f07a04-eb37-45a3-95ec-189ed5f4a85b__ep5,test,2220,2259,Stocking shelves in a retail store,Placing and retrieving canned goods,Walking to storage area,0.0020113945938646793,0
medium_40f_stride20:34f07a04-eb37-45a3-95ec-189ed5f4a85b__ep5:qa:125,34f07a04-eb37-45a3-95ec-189ed5f4a85b__ep5,test,2800,2839,Stocking shelves in a retail store,Aligning canned goods on the shelf,Placing container on floor,0.0022569638676941395,0
medium_40f_stride20:34f07a04-eb37-45a3-95ec-189ed5f4a85b__ep5:qa:126,34f07a04-eb37-45a3-95ec-189ed5f4a85b__ep5,test,2820,2859,Stocking shelves in a retail store,Aligning canned goods on the shelf,Placing container on floor,0.0021581260953098536,0
medium_40f_stride20:34f07a04-eb37-45a3-95ec-189ed5f4a85b__ep5:qa:127,34f07a04-eb37-45a3-95ec-189ed5f4a85b__ep5,test,2840,2879,Stocking shelves in a retail store,Stocking multiple cans on the shelf,Preparing container on shelf,0.002145904116332531,0
medium_40f_stride20:34f07a04-eb37-45a3-95ec-189ed5f4a85b__ep5:qa:128,34f07a04-eb37-45a3-95ec-189ed5f4a85b__ep5,test,2860,2899,Stocking shelves in a retail store,Stocking multiple cans on the shelf,Preparing container on shelf,0.0020863735117018223,0
medium_40f_stride20:34f07a04-eb37-45a3-95ec-189ed5f4a85b__ep5:qa:129,34f07a04-eb37-45a3-95ec-189ed5f4a85b__ep5,test,2880,2919,Stocking shelves in a retail store,Stocking multiple cans on the shelf,Preparing container on shelf,0.002067405031993985,0
medium_40f_stride20:34f07a04-eb37-45a3-95ec-189ed5f4a85b__ep5:qa:130,34f07a04-eb37-45a3-95ec-189ed5f4a85b__ep5,test,2900,2939,Stocking shelves in a retail store,Stocking multiple cans on the shelf,Preparing container on shelf,0.00203317659907043,0
medium_40f_stride20:34f07a04-eb37-45a3-95ec-189ed5f4a85b__ep5:qa:131,34f07a04-eb37-45a3-95ec-189ed5f4a85b__ep5,test,2920,2959,Stocking shelves in a retail store,Stocking multiple cans on the shelf,Preparing container on shelf,0.0021049315109848976,0
medium_40f_stride20:34f07a04-eb37-45a3-95ec-189ed5f4a85b__ep5:qa:137,34f07a04-eb37-45a3-95ec-189ed5f4a85b__ep5,test,3080,3119,Stocking shelves in a retail store,Stocking multiple cans on the shelf,Preparing container on shelf,0.002151434775441885,0
medium_40f_stride20:34f07a04-eb37-45a3-95ec-189ed5f4a85b__ep5:qa:138,34f07a04-eb37-45a3-95ec-189ed5f4a85b__ep5,test,3100,3139,Stocking shelves in a retail store,Stocking multiple cans on the shelf,Preparing container on shelf,0.001965045230463147,0
medium_40f_stride20:34f07a04-eb37-45a3-95ec-189ed5f4a85b__ep5:qa:139,34f07a04-eb37-45a3-95ec-189ed5f4a85b__ep5,test,3120,3159,Stocking shelves in a retail store,Stocking multiple cans on the shelf,Preparing container on shelf,0.002179153496399522,0
medium_40f_stride20:34f07a04-eb37-45a3-95ec-189ed5f4a85b__ep5:qa:140,34f07a04-eb37-45a3-95ec-189ed5f4a85b__ep5,test,3140,3179,Stocking shelves in a retail store,Stocking multiple cans on the shelf,Preparing container on shelf,0.002041397150605917,0
medium_40f_stride20:34f07a04-eb37-45a3-95ec-189ed5f4a85b__ep5:qa:141,34f07a04-eb37-45a3-95ec-189ed5f4a85b__ep5,test,3160,3199,Stocking shelves in a retail store,Stocking multiple cans on the shelf,Preparing container on shelf,0.0021417338866740465,0
medium_40f_stride20:34f07a04-eb37-45a3-95ec-189ed5f4a85b__ep5:qa:142,34f07a04-eb37-45a3-95ec-189ed5f4a85b__ep5,test,3200,3239,Stocking shelves in a retail store,Stocking multiple cans on the shelf,Preparing container on shelf,0.0020798046607524157,0
medium_40f_stride20:34f07a04-eb37-45a3-95ec-189ed5f4a85b__ep5:qa:143,34f07a04-eb37-45a3-95ec-189ed5f4a85b__ep5,test,3220,3259,Stocking shelves in a retail store,Stocking multiple cans on the shelf,Inspecting and approaching shelf,0.0020616177935153246,0
medium_40f_stride20:34f07a04-eb37-45a3-95ec-189ed5f4a85b__ep5:qa:144,34f07a04-eb37-45a3-95ec-189ed5f4a85b__ep5,test,3240,3279,Stocking shelves in a retail store,Stocking multiple cans on the shelf,Preparing container on shelf,0.0021812100894749165,0
medium_40f_stride20:34f07a04-eb37-45a3-95ec-189ed5f4a85b__ep5:qa:145,34f07a04-eb37-45a3-95ec-189ed5f4a85b__ep5,test,3260,3299,Stocking shelves in a retail store,Stocking multiple cans on the shelf,Finishing cutting and switching to phone,0.002141902456060052,0
medium_40f_stride20:34f07a04-eb37-45a3-95ec-189ed5f4a85b__ep5:qa:146,34f07a04-eb37-45a3-95ec-189ed5f4a85b__ep5,test,3280,3319,Stocking shelves in a retail store,Placing canned goods on the shelf,Preparing container on shelf,0.002132006920874119,0
medium_40f_stride20:34f07a04-eb37-45a3-95ec-189ed5f4a85b__ep5:qa:147,34f07a04-eb37-45a3-95ec-189ed5f4a85b__ep5,test,3320,3359,Stocking shelves in a retail store,Placing canned goods on the shelf,Preparing container on shelf,0.00213976064696908,0
medium_40f_stride20:34f07a04-eb37-45a3-95ec-189ed5f4a85b__ep5:qa:148,34f07a04-eb37-45a3-95ec-189ed5f4a85b__ep5,test,3340,3379,Stocking shelves in a retail store,Placing canned goods on the shelf,Organizing canned goods in container,0.0020112376660108566,0
medium_40f_stride20:34f07a04-eb37-45a3-95ec-189ed5f4a85b__ep5:qa:149,34f07a04-eb37-45a3-95ec-189ed5f4a85b__ep5,test,3360,3399,Stocking shelves in a retail store,Placing canned goods on the shelf,Organizing canned goods in container,0.0021225244272500277,0
medium_40f_stride20:34f07a04-eb37-45a3-95ec-189ed5f4a85b__ep5:qa:169,34f07a04-eb37-45a3-95ec-189ed5f4a85b__ep5,test,3800,3839,Stocking shelves in a retail store,Adjusting stock and finishing placement,manipulating paper star,0.002094632713124156,0
medium_40f_stride20:34f07a04-eb37-45a3-95ec-189ed5f4a85b__ep5:qa:170,34f07a04-eb37-45a3-95ec-189ed5f4a85b__ep5,test,3820,3859,Stocking shelves in a retail store,Adjusting stock and finishing placement,Preparing container on shelf,0.0021187071688473225,0
medium_40f_stride20:34f07a04-eb37-45a3-95ec-189ed5f4a85b__ep5:qa:171,34f07a04-eb37-45a3-95ec-189ed5f4a85b__ep5,test,3840,3879,Stocking shelves in a retail store,Adjusting stock and finishing placement,Preparing container on shelf,0.0020512992050498724,0
medium_40f_stride20:34f07a04-eb37-45a3-95ec-189ed5f4a85b__ep5:qa:172,34f07a04-eb37-45a3-95ec-189ed5f4a85b__ep5,test,3860,3899,Stocking shelves in a retail store,Adjusting stock and finishing placement,Preparing container on shelf,0.002023852663114667,0
medium_40f_stride20:34f07a04-eb37-45a3-95ec-189ed5f4a85b__ep5:qa:173,34f07a04-eb37-45a3-95ec-189ed5f4a85b__ep5,test,3880,3919,Stocking shelves in a retail store,Adjusting stock and finishing placement,Stocking items and reaching for container,0.0020639095455408096,0
medium_40f_stride20:34f07a04-eb37-45a3-95ec-189ed5f4a85b__ep5:qa:174,34f07a04-eb37-45a3-95ec-189ed5f4a85b__ep5,test,3900,3939,Stocking shelves in a retail store,Finalizing shelf organization,Preparing container on shelf,0.002067656721919775,0
medium_40f_stride20:34f07a04-eb37-45a3-95ec-189ed5f4a85b__ep5:qa:175,34f07a04-eb37-45a3-95ec-189ed5f4a85b__ep5,test,3920,3959,Stocking shelves in a retail store,Finalizing shelf organization,Preparing container on shelf,0.0020638583227992058,0
medium_40f_stride20:34f07a04-eb37-45a3-95ec-189ed5f4a85b__ep5:qa:176,34f07a04-eb37-45a3-95ec-189ed5f4a85b__ep5,test,3960,3999,Stocking shelves in a retail store,Finalizing shelf organization,Removing and discarding damaged items,0.0020473215263336897,0
medium_40f_stride20:34f07a04-eb37-45a3-95ec-189ed5f4a85b__ep5:qa:177,34f07a04-eb37-45a3-95ec-189ed5f4a85b__ep5,test,4000,4039,Stocking shelves in a retail store,Finalizing shelf organization,Preparing container on shelf,0.002110527828335762,0
medium_40f_stride20:34f07a04-eb37-45a3-95ec-189ed5f4a85b__ep5:qa:178,34f07a04-eb37-45a3-95ec-189ed5f4a85b__ep5,test,4020,4059,Stocking shelves in a retail store,Finalizing shelf organization,Stocking products from bin onto shelf,0.002055029384791851,0
medium_40f_stride20:34f07a04-eb37-45a3-95ec-189ed5f4a85b__ep5:qa:179,34f07a04-eb37-45a3-95ec-189ed5f4a85b__ep5,test,4040,4079,Stocking shelves in a retail store,Finalizing shelf organization,Preparing container on shelf,0.002102407393977046,0
medium_40f_stride20:34f07a04-eb37-45a3-95ec-189ed5f4a85b__ep5:qa:182,34f07a04-eb37-45a3-95ec-189ed5f4a85b__ep5,test,4120,4159,Stocking shelves in a retail store,Finalizing shelf organization,Removing and discarding damaged items,0.0020938494708389044,0
medium_40f_stride20:34f07a04-eb37-45a3-95ec-189ed5f4a85b__ep5:qa:183,34f07a04-eb37-45a3-95ec-189ed5f4a85b__ep5,test,4140,4179,Stocking shelves in a retail store,Finalizing shelf organization,Preparing container on shelf,0.002096469746902585,0
medium_40f_stride20:34f07a04-eb37-45a3-95ec-189ed5f4a85b__ep5:qa:184,34f07a04-eb37-45a3-95ec-189ed5f4a85b__ep5,test,4160,4199,Stocking shelves in a retail store,Finalizing shelf organization,Stocking products from bin onto shelf,0.0020821765065193176,0
medium_40f_stride20:34f07a04-eb37-45a3-95ec-189ed5f4a85b__ep5:qa:185,34f07a04-eb37-45a3-95ec-189ed5f4a85b__ep5,test,4180,4219,Stocking shelves in a retail store,Finalizing shelf organization,Stocking products from bin onto shelf,0.00217040884308517,0
medium_40f_stride20:34f07a04-eb37-45a3-95ec-189ed5f4a85b__ep5:qa:186,34f07a04-eb37-45a3-95ec-189ed5f4a85b__ep5,test,4200,4239,Stocking shelves in a retail store,Finalizing shelf organization,Preparing container on shelf,0.002007747069001198,0
medium_40f_stride20:34f07a04-eb37-45a3-95ec-189ed5f4a85b__ep5:qa:187,34f07a04-eb37-45a3-95ec-189ed5f4a85b__ep5,test,4220,4259,Stocking shelves in a retail store,Finalizing shelf organization,Preparing container on shelf,0.0021262047812342644,0
medium_40f_stride20:34f07a04-eb37-45a3-95ec-189ed5f4a85b__ep5:qa:193,34f07a04-eb37-45a3-95ec-189ed5f4a85b__ep5,test,4360,4399,Stocking shelves in a retail store,Handling earbud case,Finalizing shelf placement and moving bin,0.002145426580682397,0
medium_40f_stride20:34f07a04-eb37-45a3-95ec-189ed5f4a85b__ep5:qa:194,34f07a04-eb37-45a3-95ec-189ed5f4a85b__ep5,test,4400,4439,Stocking shelves in a retail store,Handling earbud case,Preparing container on shelf,0.002139223273843527,0
medium_40f_stride20:34f07a04-eb37-45a3-95ec-189ed5f4a85b__ep5:qa:195,34f07a04-eb37-45a3-95ec-189ed5f4a85b__ep5,test,4420,4459,Stocking shelves in a retail store,Handling earbud case,Sweeping floor debris,0.0020548158790916204,0
medium_40f_stride20:34f07a04-eb37-45a3-95ec-189ed5f4a85b__ep5:qa:196,34f07a04-eb37-45a3-95ec-189ed5f4a85b__ep5,test,4440,4479,Stocking shelves in a retail store,Handling earbud case,Stocking products and reorganizing bin,0.002084381179884076,0
medium_40f_stride20:34f07a04-eb37-45a3-95ec-189ed5f4a85b__ep5:qa:197,34f07a04-eb37-45a3-95ec-189ed5f4a85b__ep5,test,4460,4499,Stocking shelves in a retail store,Handling earbud case,Preparing container on shelf,0.002092404756695032,0
medium_40f_stride20:34f07a04-eb37-45a3-95ec-189ed5f4a85b__ep5:qa:198,34f07a04-eb37-45a3-95ec-189ed5f4a85b__ep5,test,4480,4519,Stocking shelves in a retail store,Handling earbud case,Stocking products and reorganizing bin,0.0020743662025779486,0
medium_40f_stride20:34f07a04-eb37-45a3-95ec-189ed5f4a85b__ep5:qa:199,34f07a04-eb37-45a3-95ec-189ed5f4a85b__ep5,test,4500,4539,Stocking shelves in a retail store,Handling earbud case,Finalizing shelf placement and moving bin,0.002060896949842572,0
medium_40f_stride20:34f07a04-eb37-45a3-95ec-189ed5f4a85b__ep5:qa:200,34f07a04-eb37-45a3-95ec-189ed5f4a85b__ep5,test,4520,4559,Stocking shelves in a retail store,Handling earbud case,Preparing container on shelf,0.0020924992859363556,0
medium_40f_stride20:34f07a04-eb37-45a3-95ec-189ed5f4a85b__ep5:qa:209,34f07a04-eb37-45a3-95ec-189ed5f4a85b__ep5,test,4720,4759,Stocking shelves in a retail store,Checking smartphone,Finalizing shelf placement and moving bin,0.0021764806006103754,0
medium_40f_stride20:34f07a04-eb37-45a3-95ec-189ed5f4a85b__ep5:qa:210,34f07a04-eb37-45a3-95ec-189ed5f4a85b__ep5,test,4740,4779,Stocking shelves in a retail store,Checking smartphone,Preparing container on shelf,0.002136442344635725,0
medium_40f_stride20:34f07a04-eb37-45a3-95ec-189ed5f4a85b__ep5:qa:211,34f07a04-eb37-45a3-95ec-189ed5f4a85b__ep5,test,4760,4799,Stocking shelves in a retail store,Checking smartphone,Finalizing shelf placement and moving bin,0.0022835140116512775,0
medium_40f_stride20:34f07a04-eb37-45a3-95ec-189ed5f4a85b__ep5:qa:212,34f07a04-eb37-45a3-95ec-189ed5f4a85b__ep5,test,4800,4839,Stocking shelves in a retail store,Checking smartphone,Reaching for products,0.0021401122212409973,0
medium_40f_stride20:34f07a04-eb37-45a3-95ec-189ed5f4a85b__ep5:qa:213,34f07a04-eb37-45a3-95ec-189ed5f4a85b__ep5,test,4820,4859,Stocking shelves in a retail store,Checking smartphone,Organizing canned goods in container,0.002076858188956976,0
medium_40f_stride20:34f07a04-eb37-45a3-95ec-189ed5f4a85b__ep5:qa:214,34f07a04-eb37-45a3-95ec-189ed5f4a85b__ep5,test,4840,4879,Stocking shelves in a retail store,Checking smartphone,Finalizing shelf placement and moving bin,0.0021786687429994345,0
medium_40f_stride20:34f07a04-eb37-45a3-95ec-189ed5f4a85b__ep5:qa:215,34f07a04-eb37-45a3-95ec-189ed5f4a85b__ep5,test,4880,4919,Stocking shelves in a retail store,Checking smartphone,Move empty cardboard boxes,0.0023062648251652718,0
medium_40f_stride20:34f07a04-eb37-45a3-95ec-189ed5f4a85b__ep5:qa:216,34f07a04-eb37-45a3-95ec-189ed5f4a85b__ep5,test,4900,4939,Stocking shelves in a retail store,Checking smartphone,Organizing canned goods in container,0.0020316862501204014,0
medium_40f_stride20:b9dd769b-e31a-4fdb-945e-5a60db6487b0__ep2:qa:0,b9dd769b-e31a-4fdb-945e-5a60db6487b0__ep2,test,0,39,Sorting craft materials,Sort craft materials into piles,folding paper strips into stars,0.001960026565939188,0
medium_40f_stride20:b9dd769b-e31a-4fdb-945e-5a60db6487b0__ep2:qa:1,b9dd769b-e31a-4fdb-945e-5a60db6487b0__ep2,test,20,59,Sorting craft materials,Sort craft materials into piles,folding paper strips into stars,0.0019606957212090492,0
medium_40f_stride20:b9dd769b-e31a-4fdb-945e-5a60db6487b0__ep2:qa:2,b9dd769b-e31a-4fdb-945e-5a60db6487b0__ep2,test,40,79,Sorting craft materials,Sort craft materials into piles,folding paper strips into stars,0.0019604058470577,0
medium_40f_stride20:b9dd769b-e31a-4fdb-945e-5a60db6487b0__ep2:qa:3,b9dd769b-e31a-4fdb-945e-5a60db6487b0__ep2,test,60,99,Sorting craft materials,Sort craft materials into piles,folding paper strips into stars,0.0019618207588791847,0
medium_40f_stride20:b9dd769b-e31a-4fdb-945e-5a60db6487b0__ep2:qa:4,b9dd769b-e31a-4fdb-945e-5a60db6487b0__ep2,test,80,119,Sorting craft materials,Sort craft materials into piles,folding paper strips into stars,0.0019628482405096292,0
medium_40f_stride20:b9dd769b-e31a-4fdb-945e-5a60db6487b0__ep2:qa:5,b9dd769b-e31a-4fdb-945e-5a60db6487b0__ep2,test,100,139,Sorting craft materials,Sort craft materials into piles,folding paper strips into stars,0.0019607283174991608,0
medium_40f_stride20:b9dd769b-e31a-4fdb-945e-5a60db6487b0__ep2:qa:6,b9dd769b-e31a-4fdb-945e-5a60db6487b0__ep2,test,120,159,Sorting craft materials,Sort craft materials into piles,folding paper strips into stars,0.001962980953976512,0
medium_40f_stride20:b9dd769b-e31a-4fdb-945e-5a60db6487b0__ep2:qa:7,b9dd769b-e31a-4fdb-945e-5a60db6487b0__ep2,test,140,179,Sorting craft materials,Sort craft materials into piles,folding paper strips into stars,0.0019647078588604927,0
medium_40f_stride20:b9dd769b-e31a-4fdb-945e-5a60db6487b0__ep2:qa:8,b9dd769b-e31a-4fdb-945e-5a60db6487b0__ep2,test,160,199,Sorting craft materials,Sort craft materials into piles,folding paper strips into stars,0.001961576519533992,0
medium_40f_stride20:b9dd769b-e31a-4fdb-945e-5a60db6487b0__ep2:qa:9,b9dd769b-e31a-4fdb-945e-5a60db6487b0__ep2,test,180,219,Sorting craft materials,Sort craft materials into piles,folding paper strips into stars,0.0019625327549874783,0
medium_40f_stride20:b9dd769b-e31a-4fdb-945e-5a60db6487b0__ep2:qa:10,b9dd769b-e31a-4fdb-945e-5a60db6487b0__ep2,test,200,239,Sorting craft materials,Sort craft materials into piles,folding paper strips into stars,0.0019578945357352495,0
medium_40f_stride20:b9dd769b-e31a-4fdb-945e-5a60db6487b0__ep2:qa:11,b9dd769b-e31a-4fdb-945e-5a60db6487b0__ep2,test,220,259,Sorting craft materials,Sort craft materials into piles,folding paper strips into stars,0.001959925051778555,0
medium_40f_stride20:b9dd769b-e31a-4fdb-945e-5a60db6487b0__ep2:qa:39,b9dd769b-e31a-4fdb-945e-5a60db6487b0__ep2,test,800,839,Sorting craft materials,Manipulate craft pieces,folding paper strips into stars,0.0019583047833293676,0
medium_40f_stride20:b9dd769b-e31a-4fdb-945e-5a60db6487b0__ep2:qa:40,b9dd769b-e31a-4fdb-945e-5a60db6487b0__ep2,test,820,859,Sorting craft materials,Manipulate craft pieces,folding paper strips into stars,0.0019600645173341036,0
medium_40f_stride20:b9dd769b-e31a-4fdb-945e-5a60db6487b0__ep2:qa:41,b9dd769b-e31a-4fdb-945e-5a60db6487b0__ep2,test,840,879,Sorting craft materials,Manipulate craft pieces,folding paper strips into stars,0.001959033776074648,0
medium_40f_stride20:b9dd769b-e31a-4fdb-945e-5a60db6487b0__ep2:qa:42,b9dd769b-e31a-4fdb-945e-5a60db6487b0__ep2,test,860,899,Sorting craft materials,Manipulate craft pieces,folding paper strips into stars,0.0019587157294154167,0
medium_40f_stride20:b9dd769b-e31a-4fdb-945e-5a60db6487b0__ep2:qa:43,b9dd769b-e31a-4fdb-945e-5a60db6487b0__ep2,test,880,919,Sorting craft materials,Manipulate craft pieces,folding paper strips into stars,0.0019618228543549776,0
medium_40f_stride20:b9dd769b-e31a-4fdb-945e-5a60db6487b0__ep2:qa:44,b9dd769b-e31a-4fdb-945e-5a60db6487b0__ep2,test,900,939,Sorting craft materials,Manipulate craft pieces,folding paper strips into stars,0.001953649101778865,0
medium_40f_stride20:b9dd769b-e31a-4fdb-945e-5a60db6487b0__ep2:qa:45,b9dd769b-e31a-4fdb-945e-5a60db6487b0__ep2,test,920,959,Sorting craft materials,Manipulate craft pieces,folding paper strips into stars,0.001957606989890337,0
medium_40f_stride20:b9dd769b-e31a-4fdb-945e-5a60db6487b0__ep2:qa:46,b9dd769b-e31a-4fdb-945e-5a60db6487b0__ep2,test,940,979,Sorting craft materials,Manipulate craft pieces,folding paper strips into stars,0.001956883119419217,0
medium_40f_stride20:b9dd769b-e31a-4fdb-945e-5a60db6487b0__ep2:qa:47,b9dd769b-e31a-4fdb-945e-5a60db6487b0__ep2,test,960,999,Sorting craft materials,Manipulate craft pieces,folding paper strips into stars,0.0019530944991856813,0
medium_40f_stride20:b9dd769b-e31a-4fdb-945e-5a60db6487b0__ep2:qa:48,b9dd769b-e31a-4fdb-945e-5a60db6487b0__ep2,test,980,1019,Sorting craft materials,Manipulate craft pieces,folding paper strips into stars,0.001954287989065051,0
medium_40f_stride20:b9dd769b-e31a-4fdb-945e-5a60db6487b0__ep2:qa:49,b9dd769b-e31a-4fdb-945e-5a60db6487b0__ep2,test,1000,1039,Sorting craft materials,Manipulate craft pieces,folding paper strips into stars,0.0019557380583137274,0
medium_40f_stride20:b9dd769b-e31a-4fdb-945e-5a60db6487b0__ep2:qa:50,b9dd769b-e31a-4fdb-945e-5a60db6487b0__ep2,test,1020,1059,Sorting craft materials,Manipulate craft pieces,folding paper strips into stars,0.001954483101144433,0
medium_40f_stride20:b9dd769b-e31a-4fdb-945e-5a60db6487b0__ep2:qa:51,b9dd769b-e31a-4fdb-945e-5a60db6487b0__ep2,test,1040,1079,Sorting craft materials,Manipulate craft pieces,folding paper strips into stars,0.001958241453394294,0
medium_40f_stride20:b9dd769b-e31a-4fdb-945e-5a60db6487b0__ep2:qa:68,b9dd769b-e31a-4fdb-945e-5a60db6487b0__ep2,test,1400,1439,Sorting craft materials,Manipulate paper strips,folding paper strips into stars,0.001955213723704219,0
medium_40f_stride20:b9dd769b-e31a-4fdb-945e-5a60db6487b0__ep2:qa:69,b9dd769b-e31a-4fdb-945e-5a60db6487b0__ep2,test,1420,1459,Sorting craft materials,Manipulate paper strips,folding paper strips into stars,0.001954416511580348,0
medium_40f_stride20:b9dd769b-e31a-4fdb-945e-5a60db6487b0__ep2:qa:70,b9dd769b-e31a-4fdb-945e-5a60db6487b0__ep2,test,1440,1479,Sorting craft materials,Manipulate paper strips,folding paper strips into stars,0.001974513754248619,0
medium_40f_stride20:b9dd769b-e31a-4fdb-945e-5a60db6487b0__ep2:qa:71,b9dd769b-e31a-4fdb-945e-5a60db6487b0__ep2,test,1460,1499,Sorting craft materials,Manipulate paper strips,folding paper strips into stars,0.0019514427985996008,0
medium_40f_stride20:b9dd769b-e31a-4fdb-945e-5a60db6487b0__ep2:qa:72,b9dd769b-e31a-4fdb-945e-5a60db6487b0__ep2,test,1480,1519,Sorting craft materials,Manipulate paper strips,folding paper strips into stars,0.0019557634368538857,0
medium_40f_stride20:b9dd769b-e31a-4fdb-945e-5a60db6487b0__ep2:qa:73,b9dd769b-e31a-4fdb-945e-5a60db6487b0__ep2,test,1500,1539,Sorting craft materials,Manipulate paper strips,folding paper strips into stars,0.001922654453665018,0
medium_40f_stride20:b9dd769b-e31a-4fdb-945e-5a60db6487b0__ep2:qa:74,b9dd769b-e31a-4fdb-945e-5a60db6487b0__ep2,test,1520,1559,Sorting craft materials,Manipulate paper strips,folding paper strips into stars,0.0019549564458429813,0
medium_40f_stride20:b9dd769b-e31a-4fdb-945e-5a60db6487b0__ep2:qa:75,b9dd769b-e31a-4fdb-945e-5a60db6487b0__ep2,test,1540,1579,Sorting craft materials,Manipulate paper strips,folding paper strips into stars,0.0019551801960915327,0
medium_40f_stride20:b9dd769b-e31a-4fdb-945e-5a60db6487b0__ep2:qa:76,b9dd769b-e31a-4fdb-945e-5a60db6487b0__ep2,test,1560,1599,Sorting craft materials,Manipulate paper strips,folding paper strips into stars,0.001956959953531623,0
medium_40f_stride20:b9dd769b-e31a-4fdb-945e-5a60db6487b0__ep2:qa:77,b9dd769b-e31a-4fdb-945e-5a60db6487b0__ep2,test,1580,1619,Sorting craft materials,Manipulate paper strips,folding paper strips into stars,0.0019555334001779556,0
medium_40f_stride20:b9dd769b-e31a-4fdb-945e-5a60db6487b0__ep2:qa:78,b9dd769b-e31a-4fdb-945e-5a60db6487b0__ep2,test,1600,1639,Sorting craft materials,Manipulate paper strips,folding paper strips into stars,0.0019516843603923917,0
medium_40f_stride20:b9dd769b-e31a-4fdb-945e-5a60db6487b0__ep2:qa:79,b9dd769b-e31a-4fdb-945e-5a60db6487b0__ep2,test,1620,1659,Sorting craft materials,Manipulate paper strips,folding paper strips into stars,0.0019553471356630325,0
medium_40f_stride20:b9dd769b-e31a-4fdb-945e-5a60db6487b0__ep2:qa:80,b9dd769b-e31a-4fdb-945e-5a60db6487b0__ep2,test,1640,1679,Sorting craft materials,Release scissors and operate smartphone,folding paper strips into stars,0.0019585536792874336,0
medium_40f_stride20:b9dd769b-e31a-4fdb-945e-5a60db6487b0__ep2:qa:87,b9dd769b-e31a-4fdb-945e-5a60db6487b0__ep2,test,1800,1839,Sorting craft materials,Release scissors and operate smartphone,folding paper strips into stars,0.001954513369128108,0
medium_40f_stride20:b9dd769b-e31a-4fdb-945e-5a60db6487b0__ep2:qa:88,b9dd769b-e31a-4fdb-945e-5a60db6487b0__ep2,test,1820,1859,Sorting craft materials,Release scissors and operate smartphone,folding paper strips into stars,0.001949806115590036,0
medium_40f_stride20:b9dd769b-e31a-4fdb-945e-5a60db6487b0__ep2:qa:89,b9dd769b-e31a-4fdb-945e-5a60db6487b0__ep2,test,1840,1879,Sorting craft materials,Release scissors and operate smartphone,folding paper strips into stars,0.0019525679526850581,0
medium_40f_stride20:b9dd769b-e31a-4fdb-945e-5a60db6487b0__ep2:qa:90,b9dd769b-e31a-4fdb-945e-5a60db6487b0__ep2,test,1880,1919,Sorting craft materials,Release scissors and operate smartphone,folding paper strips into stars,0.001953498227521777,0
medium_40f_stride20:b9dd769b-e31a-4fdb-945e-5a60db6487b0__ep2:qa:91,b9dd769b-e31a-4fdb-945e-5a60db6487b0__ep2,test,1900,1939,Sorting craft materials,Release scissors and operate smartphone,folding paper strips into stars,0.0019494341686367989,0
medium_40f_stride20:b9dd769b-e31a-4fdb-945e-5a60db6487b0__ep2:qa:92,b9dd769b-e31a-4fdb-945e-5a60db6487b0__ep2,test,1920,1959,Sorting craft materials,Release scissors and operate smartphone,folding paper strips into stars,0.0019530795980244875,0
medium_40f_stride20:b9dd769b-e31a-4fdb-945e-5a60db6487b0__ep2:qa:93,b9dd769b-e31a-4fdb-945e-5a60db6487b0__ep2,test,1940,1979,Sorting craft materials,Release scissors and operate smartphone,folding paper strips into stars,0.0019537254702299833,0
medium_40f_stride20:b9dd769b-e31a-4fdb-945e-5a60db6487b0__ep2:qa:94,b9dd769b-e31a-4fdb-945e-5a60db6487b0__ep2,test,1960,1999,Sorting craft materials,Release scissors and operate smartphone,folding paper strips into stars,0.0019497788744047284,0
medium_40f_stride20:b9dd769b-e31a-4fdb-945e-5a60db6487b0__ep2:qa:95,b9dd769b-e31a-4fdb-945e-5a60db6487b0__ep2,test,1980,2019,Sorting craft materials,Release scissors and operate smartphone,folding paper strips into stars,0.0019518196349963546,0
medium_40f_stride20:b9dd769b-e31a-4fdb-945e-5a60db6487b0__ep2:qa:96,b9dd769b-e31a-4fdb-945e-5a60db6487b0__ep2,test,2000,2039,Sorting craft materials,Release scissors and operate smartphone,folding paper strips into stars,0.0019529648125171661,0
medium_40f_stride20:b9dd769b-e31a-4fdb-945e-5a60db6487b0__ep2:qa:97,b9dd769b-e31a-4fdb-945e-5a60db6487b0__ep2,test,2020,2059,Sorting craft materials,Release scissors and operate smartphone,folding paper strips into stars,0.001955481246113777,0
medium_40f_stride20:b9dd769b-e31a-4fdb-945e-5a60db6487b0__ep2:qa:98,b9dd769b-e31a-4fdb-945e-5a60db6487b0__ep2,test,2040,2079,Sorting craft materials,Release scissors and operate smartphone,folding paper strips into stars,0.0019497426692396402,0
medium_40f_stride20:b9dd769b-e31a-4fdb-945e-5a60db6487b0__ep2:qa:99,b9dd769b-e31a-4fdb-945e-5a60db6487b0__ep2,test,2060,2099,Sorting craft materials,Release scissors and operate smartphone,folding paper strips into stars,0.001960157882422209,0
medium_40f_stride20:b9dd769b-e31a-4fdb-945e-5a60db6487b0__ep2:qa:100,b9dd769b-e31a-4fdb-945e-5a60db6487b0__ep2,test,2080,2119,Sorting craft materials,Release scissors and operate smartphone,folding paper strips into stars,0.0019519359339028597,0
medium_40f_stride20:b9dd769b-e31a-4fdb-945e-5a60db6487b0__ep2:qa:101,b9dd769b-e31a-4fdb-945e-5a60db6487b0__ep2,test,2100,2139,Sorting craft materials,Release scissors and operate smartphone,folding paper strips into stars,0.001950919278897345,0
medium_40f_stride20:b9dd769b-e31a-4fdb-945e-5a60db6487b0__ep2:qa:102,b9dd769b-e31a-4fdb-945e-5a60db6487b0__ep2,test,2120,2159,Sorting craft materials,Operate and release smartphone,folding paper strips into stars,0.001958209788426757,0
medium_40f_stride20:b9dd769b-e31a-4fdb-945e-5a60db6487b0__ep2:qa:109,b9dd769b-e31a-4fdb-945e-5a60db6487b0__ep2,test,2280,2319,Sorting craft materials,Operate and release smartphone,folding paper strips into stars,0.0019502387149259448,0
medium_40f_stride20:b9dd769b-e31a-4fdb-945e-5a60db6487b0__ep2:qa:110,b9dd769b-e31a-4fdb-945e-5a60db6487b0__ep2,test,2300,2339,Sorting craft materials,Manipulate paper strips,folding paper strips into stars,0.001953677972778678,0
medium_40f_stride20:b9dd769b-e31a-4fdb-945e-5a60db6487b0__ep2:qa:111,b9dd769b-e31a-4fdb-945e-5a60db6487b0__ep2,test,2320,2359,Sorting craft materials,Manipulate paper strips,folding paper strips into stars,0.001954837702214718,0
medium_40f_stride20:b9dd769b-e31a-4fdb-945e-5a60db6487b0__ep2:qa:112,b9dd769b-e31a-4fdb-945e-5a60db6487b0__ep2,test,2340,2379,Sorting craft materials,Manipulate paper strips,folding paper strips into stars,0.0019571674056351185,0
medium_40f_stride20:b9dd769b-e31a-4fdb-945e-5a60db6487b0__ep2:qa:113,b9dd769b-e31a-4fdb-945e-5a60db6487b0__ep2,test,2360,2399,Sorting craft materials,Manipulate paper strips,folding paper strips into stars,0.0019540071953088045,0
medium_40f_stride20:b9dd769b-e31a-4fdb-945e-5a60db6487b0__ep2:qa:114,b9dd769b-e31a-4fdb-945e-5a60db6487b0__ep2,test,2400,2439,Sorting craft materials,Manipulate paper strips,folding paper strips into stars,0.0019500278867781162,0
medium_40f_stride20:b9dd769b-e31a-4fdb-945e-5a60db6487b0__ep2:qa:115,b9dd769b-e31a-4fdb-945e-5a60db6487b0__ep2,test,2420,2459,Sorting craft materials,Manipulate paper strips,folding paper strips into stars,0.0019478952744975686,0
medium_40f_stride20:b9dd769b-e31a-4fdb-945e-5a60db6487b0__ep2:qa:116,b9dd769b-e31a-4fdb-945e-5a60db6487b0__ep2,test,2440,2479,Sorting craft materials,Manipulate paper strips,folding paper strips into stars,0.0019510540878400207,0
medium_40f_stride20:b9dd769b-e31a-4fdb-945e-5a60db6487b0__ep2:qa:117,b9dd769b-e31a-4fdb-945e-5a60db6487b0__ep2,test,2460,2499,Sorting craft materials,Manipulate paper strips,folding paper strips into stars,0.001951489131897688,0
medium_40f_stride20:b9dd769b-e31a-4fdb-945e-5a60db6487b0__ep2:qa:118,b9dd769b-e31a-4fdb-945e-5a60db6487b0__ep2,test,2480,2519,Sorting craft materials,Manipulate paper strips,folding paper strips into stars,0.001952007063664496,0
medium_40f_stride20:b9dd769b-e31a-4fdb-945e-5a60db6487b0__ep2:qa:119,b9dd769b-e31a-4fdb-945e-5a60db6487b0__ep2,test,2500,2539,Sorting craft materials,Manipulate paper strips,folding paper strips into stars,0.0019484476651996374,0
medium_40f_stride20:b9dd769b-e31a-4fdb-945e-5a60db6487b0__ep2:qa:120,b9dd769b-e31a-4fdb-945e-5a60db6487b0__ep2,test,2520,2559,Sorting craft materials,Manipulate paper strips,folding paper strips into stars,0.0019501465139910579,0
medium_40f_stride20:b9dd769b-e31a-4fdb-945e-5a60db6487b0__ep2:qa:121,b9dd769b-e31a-4fdb-945e-5a60db6487b0__ep2,test,2540,2579,Sorting craft materials,Manipulate paper strips,folding paper strips into stars,0.001949392375536263,0
medium_40f_stride20:b9dd769b-e31a-4fdb-945e-5a60db6487b0__ep2:qa:122,b9dd769b-e31a-4fdb-945e-5a60db6487b0__ep2,test,2560,2599,Sorting craft materials,Manipulate paper strips,folding paper strips into stars,0.0019493128638714552,0
medium_40f_stride20:b9dd769b-e31a-4fdb-945e-5a60db6487b0__ep2:qa:123,b9dd769b-e31a-4fdb-945e-5a60db6487b0__ep2,test,2580,2619,Sorting craft materials,Manipulate paper strips,folding paper strips into stars,0.0019537194166332483,0
medium_40f_stride20:b9dd769b-e31a-4fdb-945e-5a60db6487b0__ep2:qa:124,b9dd769b-e31a-4fdb-945e-5a60db6487b0__ep2,test,2600,2639,Sorting craft materials,Manipulate paper strips,folding paper strips into stars,0.0019521950744092464,0
medium_40f_stride20:b9dd769b-e31a-4fdb-945e-5a60db6487b0__ep2:qa:125,b9dd769b-e31a-4fdb-945e-5a60db6487b0__ep2,test,2620,2659,Sorting craft materials,Manipulate paper strips,folding paper strips into stars,0.001950285630300641,0
medium_40f_stride20:b9dd769b-e31a-4fdb-945e-5a60db6487b0__ep2:qa:126,b9dd769b-e31a-4fdb-945e-5a60db6487b0__ep2,test,2640,2679,Sorting craft materials,Manipulate paper strips,folding paper strips into stars,0.001951659913174808,0
medium_40f_stride20:b9dd769b-e31a-4fdb-945e-5a60db6487b0__ep2:qa:137,b9dd769b-e31a-4fdb-945e-5a60db6487b0__ep2,test,2880,2919,Sorting craft materials,Manipulate and release paper strips,folding paper strips into stars,0.0019511651480570436,0
medium_40f_stride20:b9dd769b-e31a-4fdb-945e-5a60db6487b0__ep2:qa:138,b9dd769b-e31a-4fdb-945e-5a60db6487b0__ep2,test,2900,2939,Sorting craft materials,Manipulate and release paper strips,folding paper strips into stars,0.0019470910774543881,0
medium_40f_stride20:b9dd769b-e31a-4fdb-945e-5a60db6487b0__ep2:qa:139,b9dd769b-e31a-4fdb-945e-5a60db6487b0__ep2,test,2920,2959,Sorting craft materials,Manipulate and release paper strips,folding paper strips into stars,0.001949161640368402,0
medium_40f_stride20:b9dd769b-e31a-4fdb-945e-5a60db6487b0__ep2:qa:140,b9dd769b-e31a-4fdb-945e-5a60db6487b0__ep2,test,2940,2979,Sorting craft materials,Manipulate and release paper strips,folding paper strips into stars,0.0019466278608888388,0
medium_40f_stride20:b9dd769b-e31a-4fdb-945e-5a60db6487b0__ep2:qa:141,b9dd769b-e31a-4fdb-945e-5a60db6487b0__ep2,test,2960,2999,Sorting craft materials,Manipulate and release paper strips,folding paper strips into stars,0.0019526333780959249,0
medium_40f_stride20:b9dd769b-e31a-4fdb-945e-5a60db6487b0__ep2:qa:142,b9dd769b-e31a-4fdb-945e-5a60db6487b0__ep2,test,2980,3019,Sorting craft materials,Manipulate and release paper strips,folding paper strips into stars,0.0019811862148344517,0
medium_40f_stride20:b9dd769b-e31a-4fdb-945e-5a60db6487b0__ep2:qa:143,b9dd769b-e31a-4fdb-945e-5a60db6487b0__ep2,test,3000,3039,Sorting craft materials,Manipulate and release paper strips,folding paper strips into stars,0.0019480411428958178,0
medium_40f_stride20:b9dd769b-e31a-4fdb-945e-5a60db6487b0__ep2:qa:144,b9dd769b-e31a-4fdb-945e-5a60db6487b0__ep2,test,3020,3059,Sorting craft materials,Manipulate and release paper strips,folding paper strips into stars,0.0019513198640197515,0
medium_40f_stride20:b9dd769b-e31a-4fdb-945e-5a60db6487b0__ep2:qa:145,b9dd769b-e31a-4fdb-945e-5a60db6487b0__ep2,test,3040,3079,Sorting craft materials,Manipulate and release paper strips,folding paper strips into stars,0.0019497353350743651,0
medium_40f_stride20:b9dd769b-e31a-4fdb-945e-5a60db6487b0__ep2:qa:146,b9dd769b-e31a-4fdb-945e-5a60db6487b0__ep2,test,3060,3099,Sorting craft materials,Manipulate and release paper strips,folding paper strips into stars,0.0019437946612015367,0
medium_40f_stride20:b9dd769b-e31a-4fdb-945e-5a60db6487b0__ep2:qa:147,b9dd769b-e31a-4fdb-945e-5a60db6487b0__ep2,test,3080,3119,Sorting craft materials,Manipulate and release paper strips,folding paper strips into stars,0.0019481403287500143,0
medium_40f_stride20:b9dd769b-e31a-4fdb-945e-5a60db6487b0__ep2:qa:148,b9dd769b-e31a-4fdb-945e-5a60db6487b0__ep2,test,3100,3139,Sorting craft materials,Manipulate and release paper strips,folding paper strips into stars,0.001945147174410522,0
medium_40f_stride20:b9dd769b-e31a-4fdb-945e-5a60db6487b0__ep2:qa:181,b9dd769b-e31a-4fdb-945e-5a60db6487b0__ep2,test,3800,3839,Sorting craft materials,Sort small craft pieces,folding paper strips into stars,0.001943226088769734,0
medium_40f_stride20:b9dd769b-e31a-4fdb-945e-5a60db6487b0__ep2:qa:182,b9dd769b-e31a-4fdb-945e-5a60db6487b0__ep2,test,3820,3859,Sorting craft materials,Sort small craft pieces,folding paper strips into stars,0.0019405962666496634,0
medium_40f_stride20:b9dd769b-e31a-4fdb-945e-5a60db6487b0__ep2:qa:183,b9dd769b-e31a-4fdb-945e-5a60db6487b0__ep2,test,3840,3879,Sorting craft materials,Sort small craft pieces,folding paper strips into stars,0.0019444740610197186,0
medium_40f_stride20:b9dd769b-e31a-4fdb-945e-5a60db6487b0__ep2:qa:184,b9dd769b-e31a-4fdb-945e-5a60db6487b0__ep2,test,3860,3899,Sorting craft materials,Sort small craft pieces,folding paper strips into stars,0.001944014453329146,0
medium_40f_stride20:b9dd769b-e31a-4fdb-945e-5a60db6487b0__ep2:qa:185,b9dd769b-e31a-4fdb-945e-5a60db6487b0__ep2,test,3880,3919,Sorting craft materials,Sort small craft pieces,folding paper strips into stars,0.0019437895389273763,0
medium_40f_stride20:b9dd769b-e31a-4fdb-945e-5a60db6487b0__ep2:qa:186,b9dd769b-e31a-4fdb-945e-5a60db6487b0__ep2,test,3900,3939,Sorting craft materials,Sort small craft pieces,folding paper strips into stars,0.0019446436781436205,0
medium_40f_stride20:b9dd769b-e31a-4fdb-945e-5a60db6487b0__ep2:qa:187,b9dd769b-e31a-4fdb-945e-5a60db6487b0__ep2,test,3920,3959,Sorting craft materials,Sort small craft pieces,folding paper strips into stars,0.0019440081669017673,0
medium_40f_stride20:b9dd769b-e31a-4fdb-945e-5a60db6487b0__ep2:qa:188,b9dd769b-e31a-4fdb-945e-5a60db6487b0__ep2,test,3940,3979,Sorting craft materials,Sort small craft pieces,folding paper strips into stars,0.001968176569789648,0
medium_40f_stride20:b9dd769b-e31a-4fdb-945e-5a60db6487b0__ep2:qa:189,b9dd769b-e31a-4fdb-945e-5a60db6487b0__ep2,test,3960,3999,Sorting craft materials,Sort small craft pieces,folding paper strips into stars,0.0019424902275204659,0
medium_40f_stride20:b9dd769b-e31a-4fdb-945e-5a60db6487b0__ep2:qa:190,b9dd769b-e31a-4fdb-945e-5a60db6487b0__ep2,test,3980,4019,Sorting craft materials,Sort small craft pieces,folding paper strips into stars,0.001939311739988625,0
medium_40f_stride20:b9dd769b-e31a-4fdb-945e-5a60db6487b0__ep2:qa:191,b9dd769b-e31a-4fdb-945e-5a60db6487b0__ep2,test,4000,4039,Sorting craft materials,Sort small craft pieces,folding paper strips into stars,0.0019445037469267845,0
medium_40f_stride20:b9dd769b-e31a-4fdb-945e-5a60db6487b0__ep2:qa:192,b9dd769b-e31a-4fdb-945e-5a60db6487b0__ep2,test,4020,4059,Sorting craft materials,Sort small craft pieces,folding paper strips into stars,0.0019452591659501195,0
medium_40f_stride20:ba045ed4-ef25-404d-b756-8dcbd45b18fa__ep2:qa:0,ba045ed4-ef25-404d-b756-8dcbd45b18fa__ep2,test,0,39,Assembling a paper honeycomb lantern,Unfold paper lantern,Check instructions on phone,0.0017578481929376721,0
medium_40f_stride20:ba045ed4-ef25-404d-b756-8dcbd45b18fa__ep2:qa:1,ba045ed4-ef25-404d-b756-8dcbd45b18fa__ep2,test,20,59,Assembling a paper honeycomb lantern,Unfold paper lantern,Folding and sorting paper stars while handling a water bottle,0.0017327290261164308,0
medium_40f_stride20:ba045ed4-ef25-404d-b756-8dcbd45b18fa__ep2:qa:2,ba045ed4-ef25-404d-b756-8dcbd45b18fa__ep2,test,40,79,Assembling a paper honeycomb lantern,Unfold paper lantern,Check instructions on phone,0.001768429297953844,0
medium_40f_stride20:ba045ed4-ef25-404d-b756-8dcbd45b18fa__ep2:qa:3,ba045ed4-ef25-404d-b756-8dcbd45b18fa__ep2,test,60,99,Assembling a paper honeycomb lantern,Unfold paper lantern,Folding and sorting paper stars while handling a water bottle,0.001751819858327508,0
medium_40f_stride20:ba045ed4-ef25-404d-b756-8dcbd45b18fa__ep2:qa:4,ba045ed4-ef25-404d-b756-8dcbd45b18fa__ep2,test,80,119,Assembling a paper honeycomb lantern,Unfold paper lantern,Pick up and begin folding paper strip,0.0017757003661245108,0
medium_40f_stride20:ba045ed4-ef25-404d-b756-8dcbd45b18fa__ep2:qa:19,ba045ed4-ef25-404d-b756-8dcbd45b18fa__ep2,test,400,439,Assembling a paper honeycomb lantern,Fold and grasp lantern,Draw lines and patterns on cardboard,0.0017915107309818268,0
medium_40f_stride20:ba045ed4-ef25-404d-b756-8dcbd45b18fa__ep2:qa:20,ba045ed4-ef25-404d-b756-8dcbd45b18fa__ep2,test,420,459,Assembling a paper honeycomb lantern,Fold and grasp lantern,Draw lines and patterns on cardboard,0.0017960707191377878,0
medium_40f_stride20:ba045ed4-ef25-404d-b756-8dcbd45b18fa__ep2:qa:21,ba045ed4-ef25-404d-b756-8dcbd45b18fa__ep2,test,440,479,Assembling a paper honeycomb lantern,Fold and grasp lantern,Draw lines and patterns on cardboard,0.001762524712830782,0
medium_40f_stride20:ba045ed4-ef25-404d-b756-8dcbd45b18fa__ep2:qa:22,ba045ed4-ef25-404d-b756-8dcbd45b18fa__ep2,test,460,499,Assembling a paper honeycomb lantern,Fold and grasp lantern,Folding and sorting paper stars,0.001766053494066,0
medium_40f_stride20:ba045ed4-ef25-404d-b756-8dcbd45b18fa__ep2:qa:23,ba045ed4-ef25-404d-b756-8dcbd45b18fa__ep2,test,480,519,Assembling a paper honeycomb lantern,Fold and grasp lantern,Folding and sorting paper stars,0.0017445500707253814,0
medium_40f_stride20:ba045ed4-ef25-404d-b756-8dcbd45b18fa__ep2:qa:24,ba045ed4-ef25-404d-b756-8dcbd45b18fa__ep2,test,500,539,Assembling a paper honeycomb lantern,Fold and grasp lantern,Draw lines and patterns on cardboard,0.0017606288893148303,0
medium_40f_stride20:ba045ed4-ef25-404d-b756-8dcbd45b18fa__ep2:qa:28,ba045ed4-ef25-404d-b756-8dcbd45b18fa__ep2,test,600,639,Assembling a paper honeycomb lantern,Fold and grasp lantern,unknown,0.0017275759018957615,0
medium_40f_stride20:ba045ed4-ef25-404d-b756-8dcbd45b18fa__ep2:qa:29,ba045ed4-ef25-404d-b756-8dcbd45b18fa__ep2,test,620,659,Assembling a paper honeycomb lantern,Fold and grasp lantern,Wiping shelves and cleaning product items,0.0017846324481070042,0
medium_40f_stride20:ba045ed4-ef25-404d-b756-8dcbd45b18fa__ep2:qa:30,ba045ed4-ef25-404d-b756-8dcbd45b18fa__ep2,test,640,679,Assembling a paper honeycomb lantern,Grasp lantern component,Folding and sorting paper stars,0.0017321428749710321,0
medium_40f_stride20:ba045ed4-ef25-404d-b756-8dcbd45b18fa__ep2:qa:31,ba045ed4-ef25-404d-b756-8dcbd45b18fa__ep2,test,660,699,Assembling a paper honeycomb lantern,Grasp lantern component,unknown,0.0017241775058209896,0
medium_40f_stride20:ba045ed4-ef25-404d-b756-8dcbd45b18fa__ep2:qa:32,ba045ed4-ef25-404d-b756-8dcbd45b18fa__ep2,test,680,719,Assembling a paper honeycomb lantern,Grasp lantern component,Folding and sorting paper stars,0.0017247118521481752,0
medium_40f_stride20:ba045ed4-ef25-404d-b756-8dcbd45b18fa__ep2:qa:33,ba045ed4-ef25-404d-b756-8dcbd45b18fa__ep2,test,700,739,Assembling a paper honeycomb lantern,Grasp lantern component,Folding paper strips,0.001764538581483066,0
medium_40f_stride20:ba045ed4-ef25-404d-b756-8dcbd45b18fa__ep2:qa:37,ba045ed4-ef25-404d-b756-8dcbd45b18fa__ep2,test,800,839,Assembling a paper honeycomb lantern,Grasp lantern component,typing on smartphone and picking up paper strip,0.001809881185181439,0
medium_40f_stride20:ba045ed4-ef25-404d-b756-8dcbd45b18fa__ep2:qa:38,ba045ed4-ef25-404d-b756-8dcbd45b18fa__ep2,test,820,859,Assembling a paper honeycomb lantern,Grasp lantern component,folding paper strips into stars,0.001722228480502963,0
medium_40f_stride20:ba045ed4-ef25-404d-b756-8dcbd45b18fa__ep2:qa:39,ba045ed4-ef25-404d-b756-8dcbd45b18fa__ep2,test,840,879,Assembling a paper honeycomb lantern,Open paper lantern,unknown,0.0018051431979984045,0
medium_40f_stride20:ba045ed4-ef25-404d-b756-8dcbd45b18fa__ep2:qa:40,ba045ed4-ef25-404d-b756-8dcbd45b18fa__ep2,test,860,899,Assembling a paper honeycomb lantern,Open paper lantern,folding paper strips into stars,0.00171655451413244,0
medium_40f_stride20:ba045ed4-ef25-404d-b756-8dcbd45b18fa__ep2:qa:41,ba045ed4-ef25-404d-b756-8dcbd45b18fa__ep2,test,880,919,Assembling a paper honeycomb lantern,Open paper lantern,folding paper strips into stars,0.0017323307693004608,0
medium_40f_stride20:ba045ed4-ef25-404d-b756-8dcbd45b18fa__ep2:qa:65,ba045ed4-ef25-404d-b756-8dcbd45b18fa__ep2,test,1400,1439,Assembling a paper honeycomb lantern,Align paper lantern edges,Trace and remove pattern,0.0017304163193330169,0
medium_40f_stride20:ba045ed4-ef25-404d-b756-8dcbd45b18fa__ep2:qa:66,ba045ed4-ef25-404d-b756-8dcbd45b18fa__ep2,test,1420,1459,Assembling a paper honeycomb lantern,Align paper lantern edges,unknown,0.001705528935417533,0
medium_40f_stride20:ba045ed4-ef25-404d-b756-8dcbd45b18fa__ep2:qa:67,ba045ed4-ef25-404d-b756-8dcbd45b18fa__ep2,test,1440,1479,Assembling a paper honeycomb lantern,Align paper lantern edges,folding paper strips into stars,0.0017980672419071198,0
medium_40f_stride20:ba045ed4-ef25-404d-b756-8dcbd45b18fa__ep2:qa:68,ba045ed4-ef25-404d-b756-8dcbd45b18fa__ep2,test,1460,1499,Assembling a paper honeycomb lantern,Align paper lantern edges,unknown,0.001719136256724596,0
medium_40f_stride20:ba045ed4-ef25-404d-b756-8dcbd45b18fa__ep2:qa:69,ba045ed4-ef25-404d-b756-8dcbd45b18fa__ep2,test,1480,1519,Assembling a paper honeycomb lantern,Align paper lantern edges,Cleaning and boxing jars,0.0017072261543944478,0
medium_40f_stride20:ba045ed4-ef25-404d-b756-8dcbd45b18fa__ep2:qa:70,ba045ed4-ef25-404d-b756-8dcbd45b18fa__ep2,test,1500,1539,Assembling a paper honeycomb lantern,Align paper lantern edges,Stacking cardboard squares,0.001845259335823357,0
medium_40f_stride20:ba045ed4-ef25-404d-b756-8dcbd45b18fa__ep2:qa:164,ba045ed4-ef25-404d-b756-8dcbd45b18fa__ep2,test,3400,3439,Assembling a paper honeycomb lantern,Adjust lantern string and handle components,Cleaning and bagging an electronic item,0.0018196593737229705,0
medium_40f_stride20:ba045ed4-ef25-404d-b756-8dcbd45b18fa__ep2:qa:165,ba045ed4-ef25-404d-b756-8dcbd45b18fa__ep2,test,3420,3459,Assembling a paper honeycomb lantern,Adjust lantern string and handle components,Walking through workspace,0.0017952093621715903,0
medium_40f_stride20:ba045ed4-ef25-404d-b756-8dcbd45b18fa__ep2:qa:166,ba045ed4-ef25-404d-b756-8dcbd45b18fa__ep2,test,3440,3479,Assembling a paper honeycomb lantern,Adjust lantern string and handle components,Walking through workspace,0.0017515212530270219,0
medium_40f_stride20:ba045ed4-ef25-404d-b756-8dcbd45b18fa__ep2:qa:167,ba045ed4-ef25-404d-b756-8dcbd45b18fa__ep2,test,3460,3499,Assembling a paper honeycomb lantern,Adjust lantern string and handle components,Organizing stars into a row,0.001723497873172164,0
medium_40f_stride20:ba045ed4-ef25-404d-b756-8dcbd45b18fa__ep2:qa:168,ba045ed4-ef25-404d-b756-8dcbd45b18fa__ep2,test,3480,3519,Assembling a paper honeycomb lantern,Adjust lantern string and handle components,Organizing stars into a row,0.0017371948342770338,0
medium_40f_stride20:ba045ed4-ef25-404d-b756-8dcbd45b18fa__ep2:qa:169,ba045ed4-ef25-404d-b756-8dcbd45b18fa__ep2,test,3520,3559,Assembling a paper honeycomb lantern,Adjust lantern string and handle components,Aligning ruler for final measurements,0.0017191942315548658,0
medium_40f_stride20:ba045ed4-ef25-404d-b756-8dcbd45b18fa__ep2:qa:170,ba045ed4-ef25-404d-b756-8dcbd45b18fa__ep2,test,3540,3579,Assembling a paper honeycomb lantern,Adjust lantern string and handle components,Aligning ruler for final measurements,0.0017330131959170103,0
medium_40f_stride20:ba045ed4-ef25-404d-b756-8dcbd45b18fa__ep2:qa:171,ba045ed4-ef25-404d-b756-8dcbd45b18fa__ep2,test,3560,3599,Assembling a paper honeycomb lantern,Adjust lantern string and handle components,Manipulating paper strips,0.0017279410967603326,0
medium_40f_stride20:ba045ed4-ef25-404d-b756-8dcbd45b18fa__ep2:qa:172,ba045ed4-ef25-404d-b756-8dcbd45b18fa__ep2,test,3580,3619,Assembling a paper honeycomb lantern,Adjust lantern string and handle components,Place down paper segment and reach for supplies,0.001928137382492423,0
medium_40f_stride20:ba045ed4-ef25-404d-b756-8dcbd45b18fa__ep2:qa:173,ba045ed4-ef25-404d-b756-8dcbd45b18fa__ep2,test,3600,3639,Assembling a paper honeycomb lantern,Adjust lantern string and handle components,Adjust phone and reach for beads,0.0018160854233428836,0
medium_40f_stride20:ba045ed4-ef25-404d-b756-8dcbd45b18fa__ep2:qa:174,ba045ed4-ef25-404d-b756-8dcbd45b18fa__ep2,test,3640,3679,Assembling a paper honeycomb lantern,Handle paper lantern component,Transporting snack packages to shelf,0.0017738789319992065,0
medium_40f_stride20:ba045ed4-ef25-404d-b756-8dcbd45b18fa__ep2:qa:175,ba045ed4-ef25-404d-b756-8dcbd45b18fa__ep2,test,3660,3699,Assembling a paper honeycomb lantern,Handle paper lantern component,Organizing stars into a row,0.0017306633526459336,0
medium_40f_stride20:ba045ed4-ef25-404d-b756-8dcbd45b18fa__ep2:qa:176,ba045ed4-ef25-404d-b756-8dcbd45b18fa__ep2,test,3680,3719,Assembling a paper honeycomb lantern,Handle paper lantern component,Drawing lines and checking smartphone,0.001865386962890625,0
medium_40f_stride20:ba045ed4-ef25-404d-b756-8dcbd45b18fa__ep2:qa:177,ba045ed4-ef25-404d-b756-8dcbd45b18fa__ep2,test,3700,3739,Assembling a paper honeycomb lantern,Handle paper lantern component,Hold small white box,0.0018713967874646187,0
medium_40f_stride20:ba045ed4-ef25-404d-b756-8dcbd45b18fa__ep2:qa:178,ba045ed4-ef25-404d-b756-8dcbd45b18fa__ep2,test,3720,3759,Assembling a paper honeycomb lantern,Handle paper lantern component,Aligning ruler for final measurements,0.0017303618369624019,0
medium_40f_stride20:ba045ed4-ef25-404d-b756-8dcbd45b18fa__ep2:qa:181,ba045ed4-ef25-404d-b756-8dcbd45b18fa__ep2,test,3800,3839,Assembling a paper honeycomb lantern,Handle paper lantern component,manipulating paper star,0.0019469043472781777,0
medium_40f_stride20:ba045ed4-ef25-404d-b756-8dcbd45b18fa__ep2:qa:182,ba045ed4-ef25-404d-b756-8dcbd45b18fa__ep2,test,3820,3859,Assembling a paper honeycomb lantern,Handle paper lantern component,Aligning ruler for final measurements,0.0017674044938758016,0
medium_40f_stride20:ba045ed4-ef25-404d-b756-8dcbd45b18fa__ep2:qa:183,ba045ed4-ef25-404d-b756-8dcbd45b18fa__ep2,test,3840,3879,Assembling a paper honeycomb lantern,Expand and adjust lantern shape,unknown,0.001781799946911633,0
medium_40f_stride20:ba045ed4-ef25-404d-b756-8dcbd45b18fa__ep2:qa:184,ba045ed4-ef25-404d-b756-8dcbd45b18fa__ep2,test,3860,3899,Assembling a paper honeycomb lantern,Expand and adjust lantern shape,unknown,0.0017460783710703254,0
medium_40f_stride20:ba045ed4-ef25-404d-b756-8dcbd45b18fa__ep2:qa:185,ba045ed4-ef25-404d-b756-8dcbd45b18fa__ep2,test,3880,3919,Assembling a paper honeycomb lantern,Expand and adjust lantern shape,Adjusting and placing down paper pieces,0.0018086032941937447,0
medium_40f_stride20:ba045ed4-ef25-404d-b756-8dcbd45b18fa__ep2:qa:190,ba045ed4-ef25-404d-b756-8dcbd45b18fa__ep2,test,4000,4039,Assembling a paper honeycomb lantern,Expand and adjust lantern shape,Aligning ruler for final measurements,0.0017445300472900271,0
medium_40f_stride20:ba045ed4-ef25-404d-b756-8dcbd45b18fa__ep2:qa:191,ba045ed4-ef25-404d-b756-8dcbd45b18fa__ep2,test,4020,4059,Assembling a paper honeycomb lantern,Expand and adjust lantern shape,Manipulating paper strips,0.001716187340207398,0
medium_40f_stride20:ba045ed4-ef25-404d-b756-8dcbd45b18fa__ep2:qa:192,ba045ed4-ef25-404d-b756-8dcbd45b18fa__ep2,test,4040,4079,Assembling a paper honeycomb lantern,Expand and adjust lantern shape,Aligning ruler for final measurements,0.001739042578265071,0
medium_40f_stride20:ba045ed4-ef25-404d-b756-8dcbd45b18fa__ep2:qa:193,ba045ed4-ef25-404d-b756-8dcbd45b18fa__ep2,test,4060,4099,Assembling a paper honeycomb lantern,Expand and adjust lantern shape,Aligning ruler for final measurements,0.0017242870526388288,0
medium_40f_stride20:ba045ed4-ef25-404d-b756-8dcbd45b18fa__ep2:qa:194,ba045ed4-ef25-404d-b756-8dcbd45b18fa__ep2,test,4080,4119,Assembling a paper honeycomb lantern,Expand and adjust lantern shape,Sorting pieces and retrieving smartphone,0.0018800355028361082,0
medium_40f_stride20:ba045ed4-ef25-404d-b756-8dcbd45b18fa__ep2:qa:203,ba045ed4-ef25-404d-b756-8dcbd45b18fa__ep2,test,4280,4319,Assembling a paper honeycomb lantern,Secure lantern with adhesive,Wiping product jars,0.0018496537813916802,0
medium_40f_stride20:ba045ed4-ef25-404d-b756-8dcbd45b18fa__ep2:qa:204,ba045ed4-ef25-404d-b756-8dcbd45b18fa__ep2,test,4300,4339,Assembling a paper honeycomb lantern,Secure lantern with adhesive,Aligning ruler for final measurements,0.0017442874377593398,0
medium_40f_stride20:ba045ed4-ef25-404d-b756-8dcbd45b18fa__ep2:qa:205,ba045ed4-ef25-404d-b756-8dcbd45b18fa__ep2,test,4320,4359,Assembling a paper honeycomb lantern,Secure lantern with adhesive,Sorting beads by color,0.0017630886286497116,0
medium_40f_stride20:ba045ed4-ef25-404d-b756-8dcbd45b18fa__ep2:qa:206,ba045ed4-ef25-404d-b756-8dcbd45b18fa__ep2,test,4340,4379,Assembling a paper honeycomb lantern,Secure lantern with adhesive,Wiping product jars,0.0017431055894121528,0
medium_40f_stride20:ba045ed4-ef25-404d-b756-8dcbd45b18fa__ep2:qa:207,ba045ed4-ef25-404d-b756-8dcbd45b18fa__ep2,test,4360,4399,Assembling a paper honeycomb lantern,Secure lantern with adhesive,Aligning ruler for final measurements,0.001742600928992033,0
medium_40f_stride20:ba045ed4-ef25-404d-b756-8dcbd45b18fa__ep2:qa:208,ba045ed4-ef25-404d-b756-8dcbd45b18fa__ep2,test,4400,4439,Assembling a paper honeycomb lantern,Secure lantern with adhesive,Aligning ruler for final measurements,0.0017425738042220473,0
medium_40f_stride20:ba045ed4-ef25-404d-b756-8dcbd45b18fa__ep2:qa:209,ba045ed4-ef25-404d-b756-8dcbd45b18fa__ep2,test,4420,4459,Assembling a paper honeycomb lantern,Secure lantern with adhesive,Holding and retrieving paper strips,0.0018307704012840986,0
medium_40f_stride20:ba045ed4-ef25-404d-b756-8dcbd45b18fa__ep2:qa:210,ba045ed4-ef25-404d-b756-8dcbd45b18fa__ep2,test,4440,4479,Assembling a paper honeycomb lantern,Secure lantern with adhesive,Holding and retrieving paper strips,0.0017823458183556795,0
medium_40f_stride20:ba045ed4-ef25-404d-b756-8dcbd45b18fa__ep2:qa:211,ba045ed4-ef25-404d-b756-8dcbd45b18fa__ep2,test,4460,4499,Assembling a paper honeycomb lantern,Secure lantern with adhesive,Resuming sorting paper stars,0.001767696812748909,0
medium_40f_stride20:ba045ed4-ef25-404d-b756-8dcbd45b18fa__ep2:qa:212,ba045ed4-ef25-404d-b756-8dcbd45b18fa__ep2,test,4480,4519,Assembling a paper honeycomb lantern,Secure lantern with adhesive,Writing on paper and reaching for beads,0.001769286347553134,0
medium_40f_stride20:ba045ed4-ef25-404d-b756-8dcbd45b18fa__ep2:qa:217,ba045ed4-ef25-404d-b756-8dcbd45b18fa__ep2,test,4600,4639,Assembling a paper honeycomb lantern,Secure lantern with adhesive,Cutting and stacking cardboard pieces,0.0018484457395970821,0
medium_40f_stride20:ba045ed4-ef25-404d-b756-8dcbd45b18fa__ep2:qa:218,ba045ed4-ef25-404d-b756-8dcbd45b18fa__ep2,test,4620,4659,Assembling a paper honeycomb lantern,Secure lantern with adhesive,Aligning ruler for final measurements,0.0017480002716183662,0
medium_40f_stride20:ba045ed4-ef25-404d-b756-8dcbd45b18fa__ep2:qa:219,ba045ed4-ef25-404d-b756-8dcbd45b18fa__ep2,test,4640,4679,Assembling a paper honeycomb lantern,Unpack additional lantern component,Cutting and stacking cardboard pieces,0.0017471869941800833,0
medium_40f_stride20:ba045ed4-ef25-404d-b756-8dcbd45b18fa__ep2:qa:220,ba045ed4-ef25-404d-b756-8dcbd45b18fa__ep2,test,4660,4699,Assembling a paper honeycomb lantern,Unpack additional lantern component,Aligning ruler for final measurements,0.0017584955785423517,0
medium_40f_stride20:ba045ed4-ef25-404d-b756-8dcbd45b18fa__ep2:qa:221,ba045ed4-ef25-404d-b756-8dcbd45b18fa__ep2,test,4680,4719,Assembling a paper honeycomb lantern,Unpack additional lantern component,Repositioning and cutting cardboard pieces,0.0019896645098924637,0
medium_40f_stride20:ba045ed4-ef25-404d-b756-8dcbd45b18fa__ep2:qa:222,ba045ed4-ef25-404d-b756-8dcbd45b18fa__ep2,test,4700,4739,Assembling a paper honeycomb lantern,Unpack additional lantern component,Holding quilled paper piece,0.0019138706848025322,0
medium_40f_stride20:ba045ed4-ef25-404d-b756-8dcbd45b18fa__ep2:qa:226,ba045ed4-ef25-404d-b756-8dcbd45b18fa__ep2,test,4800,4839,Assembling a paper honeycomb lantern,Unpack additional lantern component,Adjusting snack package,0.001859333016909659,0
medium_40f_stride20:ba045ed4-ef25-404d-b756-8dcbd45b18fa__ep2:qa:227,ba045ed4-ef25-404d-b756-8dcbd45b18fa__ep2,test,4820,4859,Assembling a paper honeycomb lantern,Unpack additional lantern component,Aligning ruler for final measurements,0.0017440587980672717,0
medium_40f_stride20:ba045ed4-ef25-404d-b756-8dcbd45b18fa__ep2:qa:228,ba045ed4-ef25-404d-b756-8dcbd45b18fa__ep2,test,4840,4879,Assembling a paper honeycomb lantern,Remove packaging and prepare component,Aligning ruler for final measurements,0.0017613484524190426,0
medium_40f_stride20:ba045ed4-ef25-404d-b756-8dcbd45b18fa__ep2:qa:229,ba045ed4-ef25-404d-b756-8dcbd45b18fa__ep2,test,4860,4899,Assembling a paper honeycomb lantern,Remove packaging and prepare component,Aligning ruler for final measurements,0.0017563120927661657,0
medium_40f_stride20:ba045ed4-ef25-404d-b756-8dcbd45b18fa__ep2:qa:230,ba045ed4-ef25-404d-b756-8dcbd45b18fa__ep2,test,4880,4919,Assembling a paper honeycomb lantern,Remove packaging and prepare component,Move empty cardboard boxes,0.0019014321733266115,0
medium_40f_stride20:ba045ed4-ef25-404d-b756-8dcbd45b18fa__ep2:qa:235,ba045ed4-ef25-404d-b756-8dcbd45b18fa__ep2,test,5000,5039,Assembling a paper honeycomb lantern,Remove packaging and prepare component,Cleaning shelves and relocating,0.0017947873566299677,0
medium_40f_stride20:ba045ed4-ef25-404d-b756-8dcbd45b18fa__ep2:qa:236,ba045ed4-ef25-404d-b756-8dcbd45b18fa__ep2,test,5020,5059,Assembling a paper honeycomb lantern,Remove packaging and prepare component,Cut cardboard with utility knife,0.0018469402566552162,0
medium_40f_stride20:ba045ed4-ef25-404d-b756-8dcbd45b18fa__ep2:qa:237,ba045ed4-ef25-404d-b756-8dcbd45b18fa__ep2,test,5040,5079,Assembling a paper honeycomb lantern,Remove packaging and prepare component,Pick up and inspect light blue strip,0.0017687891377136111,0
medium_40f_stride20:ba045ed4-ef25-404d-b756-8dcbd45b18fa__ep2:qa:238,ba045ed4-ef25-404d-b756-8dcbd45b18fa__ep2,test,5060,5099,Assembling a paper honeycomb lantern,Remove packaging and prepare component,Pick up and place star-shaped beads,0.001736811944283545,0
medium_40f_stride20:ba045ed4-ef25-404d-b756-8dcbd45b18fa__ep2:qa:239,ba045ed4-ef25-404d-b756-8dcbd45b18fa__ep2,test,5080,5119,Assembling a paper honeycomb lantern,Remove packaging and prepare component,Aligning ruler for final measurements,0.0017892218893393874,0
medium_40f_stride20:ba045ed4-ef25-404d-b756-8dcbd45b18fa__ep2:qa:242,ba045ed4-ef25-404d-b756-8dcbd45b18fa__ep2,test,5160,5199,Assembling a paper honeycomb lantern,Remove packaging and prepare component,Aligning ruler for final measurements,0.0017839750507846475,0
medium_40f_stride20:ba045ed4-ef25-404d-b756-8dcbd45b18fa__ep2:qa:243,ba045ed4-ef25-404d-b756-8dcbd45b18fa__ep2,test,5180,5219,Assembling a paper honeycomb lantern,Remove packaging and prepare component,Moving origami stars,0.001835914677940309,0
medium_40f_stride20:ba045ed4-ef25-404d-b756-8dcbd45b18fa__ep2:qa:244,ba045ed4-ef25-404d-b756-8dcbd45b18fa__ep2,test,5200,5239,Assembling a paper honeycomb lantern,Remove packaging and prepare component,Pick up and inspect light blue strip,0.0017816147301346064,0
medium_40f_stride20:ba045ed4-ef25-404d-b756-8dcbd45b18fa__ep2:qa:245,ba045ed4-ef25-404d-b756-8dcbd45b18fa__ep2,test,5220,5259,Assembling a paper honeycomb lantern,Remove packaging and prepare component,Pick up and inspect light blue strip,0.0017812835285440087,0
medium_40f_stride20:ba045ed4-ef25-404d-b756-8dcbd45b18fa__ep2:qa:246,ba045ed4-ef25-404d-b756-8dcbd45b18fa__ep2,test,5240,5279,Assembling a paper honeycomb lantern,Expand paper lantern,Aligning ruler for final measurements,0.001779023790732026,0
medium_40f_stride20:ba045ed4-ef25-404d-b756-8dcbd45b18fa__ep2:qa:253,ba045ed4-ef25-404d-b756-8dcbd45b18fa__ep2,test,5400,5439,Assembling a paper honeycomb lantern,Expand paper lantern,Organizing paper strips,0.0018675801111385226,0
medium_40f_stride20:ba045ed4-ef25-404d-b756-8dcbd45b18fa__ep2:qa:254,ba045ed4-ef25-404d-b756-8dcbd45b18fa__ep2,test,5420,5459,Assembling a paper honeycomb lantern,Expand paper lantern,Aligning ruler for final measurements,0.0018857009708881378,0
medium_40f_stride20:ba045ed4-ef25-404d-b756-8dcbd45b18fa__ep2:qa:255,ba045ed4-ef25-404d-b756-8dcbd45b18fa__ep2,test,5440,5479,Assembling a paper honeycomb lantern,Expand paper lantern,Aligning ruler for final measurements,0.0018412985373288393,0
medium_40f_stride20:ba045ed4-ef25-404d-b756-8dcbd45b18fa__ep2:qa:256,ba045ed4-ef25-404d-b756-8dcbd45b18fa__ep2,test,5460,5499,Assembling a paper honeycomb lantern,Expand paper lantern,Aligning ruler for final measurements,0.0018089615041390061,0
medium_40f_stride20:ba045ed4-ef25-404d-b756-8dcbd45b18fa__ep2:qa:257,ba045ed4-ef25-404d-b756-8dcbd45b18fa__ep2,test,5480,5519,Assembling a paper honeycomb lantern,Expand paper lantern,Aligning ruler for final measurements,0.0017893327167257667,0
medium_40f_stride20:ba045ed4-ef25-404d-b756-8dcbd45b18fa__ep2:qa:258,ba045ed4-ef25-404d-b756-8dcbd45b18fa__ep2,test,5500,5539,Assembling a paper honeycomb lantern,Expand paper lantern,Aligning ruler for final measurements,0.0017987439641728997,0
medium_40f_stride20:ba045ed4-ef25-404d-b756-8dcbd45b18fa__ep2:qa:272,ba045ed4-ef25-404d-b756-8dcbd45b18fa__ep2,test,5800,5839,Assembling a paper honeycomb lantern,Final alignment of lantern edges,Finalizing and releasing folded paper,0.001874262816272676,0
medium_40f_stride20:4b02bb38-384a-438a-b5f9-6131d85c34b0__ep1:qa:0,4b02bb38-384a-438a-b5f9-6131d85c34b0__ep1,test,0,39,Crafting and smartphone usage at a desk,Preparing craft area,Cutting and pausing,0.0018692108569666743,0
medium_40f_stride20:4b02bb38-384a-438a-b5f9-6131d85c34b0__ep1:qa:1,4b02bb38-384a-438a-b5f9-6131d85c34b0__ep1,test,20,59,Crafting and smartphone usage at a desk,Preparing craft area,Cutting and pausing,0.001870390260592103,0
medium_40f_stride20:4b02bb38-384a-438a-b5f9-6131d85c34b0__ep1:qa:2,4b02bb38-384a-438a-b5f9-6131d85c34b0__ep1,test,40,79,Crafting and smartphone usage at a desk,Preparing craft area,Cutting and pausing,0.0018679597415030003,0
medium_40f_stride20:4b02bb38-384a-438a-b5f9-6131d85c34b0__ep1:qa:3,4b02bb38-384a-438a-b5f9-6131d85c34b0__ep1,test,60,99,Crafting and smartphone usage at a desk,Preparing craft area,Cutting and pausing,0.0018708625575527549,0
medium_40f_stride20:4b02bb38-384a-438a-b5f9-6131d85c34b0__ep1:qa:4,4b02bb38-384a-438a-b5f9-6131d85c34b0__ep1,test,80,119,Crafting and smartphone usage at a desk,Preparing craft area,Cutting and pausing,0.0018717850325629115,0
medium_40f_stride20:4b02bb38-384a-438a-b5f9-6131d85c34b0__ep1:qa:5,4b02bb38-384a-438a-b5f9-6131d85c34b0__ep1,test,100,139,Crafting and smartphone usage at a desk,Preparing craft area,Cutting and pausing,0.0018712847959250212,0
medium_40f_stride20:4b02bb38-384a-438a-b5f9-6131d85c34b0__ep1:qa:6,4b02bb38-384a-438a-b5f9-6131d85c34b0__ep1,test,120,159,Crafting and smartphone usage at a desk,Preparing craft area,Cutting and pausing,0.0018765731947496533,0
medium_40f_stride20:4b02bb38-384a-438a-b5f9-6131d85c34b0__ep1:qa:7,4b02bb38-384a-438a-b5f9-6131d85c34b0__ep1,test,140,179,Crafting and smartphone usage at a desk,Preparing craft area,Cutting and pausing,0.0018748120637610555,0
medium_40f_stride20:4b02bb38-384a-438a-b5f9-6131d85c34b0__ep1:qa:8,4b02bb38-384a-438a-b5f9-6131d85c34b0__ep1,test,160,199,Crafting and smartphone usage at a desk,Preparing craft area,Cutting and pausing,0.0018787377048283815,0
medium_40f_stride20:4b02bb38-384a-438a-b5f9-6131d85c34b0__ep1:qa:13,4b02bb38-384a-438a-b5f9-6131d85c34b0__ep1,test,280,319,Crafting and smartphone usage at a desk,Transitioning to smartphone usage,Cutting and pausing,0.0018680909415706992,0
medium_40f_stride20:4b02bb38-384a-438a-b5f9-6131d85c34b0__ep1:qa:14,4b02bb38-384a-438a-b5f9-6131d85c34b0__ep1,test,300,339,Crafting and smartphone usage at a desk,Transitioning to smartphone usage,Cutting and pausing,0.0018640103517100215,0
medium_40f_stride20:4b02bb38-384a-438a-b5f9-6131d85c34b0__ep1:qa:15,4b02bb38-384a-438a-b5f9-6131d85c34b0__ep1,test,320,359,Crafting and smartphone usage at a desk,Transitioning to smartphone usage,Cutting and pausing,0.0018674357561394572,0
medium_40f_stride20:4b02bb38-384a-438a-b5f9-6131d85c34b0__ep1:qa:16,4b02bb38-384a-438a-b5f9-6131d85c34b0__ep1,test,340,379,Crafting and smartphone usage at a desk,Transitioning to smartphone usage,Cutting and pausing,0.0018629080150276423,0
medium_40f_stride20:4b02bb38-384a-438a-b5f9-6131d85c34b0__ep1:qa:17,4b02bb38-384a-438a-b5f9-6131d85c34b0__ep1,test,360,399,Crafting and smartphone usage at a desk,Transitioning to smartphone usage,Cutting and pausing,0.001876714639365673,0
medium_40f_stride20:4b02bb38-384a-438a-b5f9-6131d85c34b0__ep1:qa:18,4b02bb38-384a-438a-b5f9-6131d85c34b0__ep1,test,400,439,Crafting and smartphone usage at a desk,Transitioning to smartphone usage,Cutting and pausing,0.001863671699538827,0
medium_40f_stride20:4b02bb38-384a-438a-b5f9-6131d85c34b0__ep1:qa:19,4b02bb38-384a-438a-b5f9-6131d85c34b0__ep1,test,420,459,Crafting and smartphone usage at a desk,Transitioning to smartphone usage,Cutting and pausing,0.0018626118544489145,0
medium_40f_stride20:4b02bb38-384a-438a-b5f9-6131d85c34b0__ep1:qa:20,4b02bb38-384a-438a-b5f9-6131d85c34b0__ep1,test,440,479,Crafting and smartphone usage at a desk,Transitioning to smartphone usage,Cutting and pausing,0.0018668612465262413,0
medium_40f_stride20:4b02bb38-384a-438a-b5f9-6131d85c34b0__ep1:qa:21,4b02bb38-384a-438a-b5f9-6131d85c34b0__ep1,test,460,499,Crafting and smartphone usage at a desk,Transitioning to smartphone usage,Cutting and pausing,0.0018605616642162204,0
medium_40f_stride20:4b02bb38-384a-438a-b5f9-6131d85c34b0__ep1:qa:22,4b02bb38-384a-438a-b5f9-6131d85c34b0__ep1,test,480,519,Crafting and smartphone usage at a desk,Transitioning to smartphone usage,Cutting and pausing,0.0018740849336609244,0
medium_40f_stride20:4b02bb38-384a-438a-b5f9-6131d85c34b0__ep1:qa:23,4b02bb38-384a-438a-b5f9-6131d85c34b0__ep1,test,500,539,Crafting and smartphone usage at a desk,Transitioning to smartphone usage,Cutting and pausing,0.001850421424023807,0
medium_40f_stride20:4b02bb38-384a-438a-b5f9-6131d85c34b0__ep1:qa:24,4b02bb38-384a-438a-b5f9-6131d85c34b0__ep1,test,520,559,Crafting and smartphone usage at a desk,Transitioning to smartphone usage,Cutting and pausing,0.0018626353703439236,0
medium_40f_stride20:4b02bb38-384a-438a-b5f9-6131d85c34b0__ep1:qa:25,4b02bb38-384a-438a-b5f9-6131d85c34b0__ep1,test,540,579,Crafting and smartphone usage at a desk,Transitioning to smartphone usage,Cutting and pausing,0.0018570158863440156,0
medium_40f_stride20:4b02bb38-384a-438a-b5f9-6131d85c34b0__ep1:qa:26,4b02bb38-384a-438a-b5f9-6131d85c34b0__ep1,test,560,599,Crafting and smartphone usage at a desk,Transitioning to smartphone usage,Cutting and pausing,0.0018706673290580511,0
medium_40f_stride20:4b02bb38-384a-438a-b5f9-6131d85c34b0__ep1:qa:29,4b02bb38-384a-438a-b5f9-6131d85c34b0__ep1,test,640,679,Crafting and smartphone usage at a desk,Transitioning to smartphone usage,Cutting and pausing,0.0018784506246447563,0
medium_40f_stride20:4b02bb38-384a-438a-b5f9-6131d85c34b0__ep1:qa:30,4b02bb38-384a-438a-b5f9-6131d85c34b0__ep1,test,660,699,Crafting and smartphone usage at a desk,Transitioning to smartphone usage,Cutting and pausing,0.0018785354914143682,0
medium_40f_stride20:4b02bb38-384a-438a-b5f9-6131d85c34b0__ep1:qa:31,4b02bb38-384a-438a-b5f9-6131d85c34b0__ep1,test,680,719,Crafting and smartphone usage at a desk,Transitioning to smartphone usage,Cutting and pausing,0.0018754192860797048,0
medium_40f_stride20:4b02bb38-384a-438a-b5f9-6131d85c34b0__ep1:qa:32,4b02bb38-384a-438a-b5f9-6131d85c34b0__ep1,test,700,739,Crafting and smartphone usage at a desk,Transitioning to smartphone usage,Cutting and pausing,0.0018316375790163875,0
medium_40f_stride20:4b02bb38-384a-438a-b5f9-6131d85c34b0__ep1:qa:33,4b02bb38-384a-438a-b5f9-6131d85c34b0__ep1,test,720,759,Crafting and smartphone usage at a desk,Transitioning to smartphone usage,Cutting and pausing,0.0018700133077800274,0
medium_40f_stride20:4b02bb38-384a-438a-b5f9-6131d85c34b0__ep1:qa:34,4b02bb38-384a-438a-b5f9-6131d85c34b0__ep1,test,740,779,Crafting and smartphone usage at a desk,Transitioning to smartphone usage,Cutting and pausing,0.0018606869271025062,0
medium_40f_stride20:4b02bb38-384a-438a-b5f9-6131d85c34b0__ep1:qa:35,4b02bb38-384a-438a-b5f9-6131d85c34b0__ep1,test,760,799,Crafting and smartphone usage at a desk,Transitioning to smartphone usage,Cutting and pausing,0.001865914324298501,0
medium_40f_stride20:4b02bb38-384a-438a-b5f9-6131d85c34b0__ep1:qa:36,4b02bb38-384a-438a-b5f9-6131d85c34b0__ep1,test,780,819,Crafting and smartphone usage at a desk,Transitioning to smartphone usage,Cutting and pausing,0.0018554407870396972,0
medium_40f_stride20:4b02bb38-384a-438a-b5f9-6131d85c34b0__ep1:qa:37,4b02bb38-384a-438a-b5f9-6131d85c34b0__ep1,test,800,839,Crafting and smartphone usage at a desk,unknown,Cutting and pausing,0.0018636055756360292,0
medium_40f_stride20:4b02bb38-384a-438a-b5f9-6131d85c34b0__ep1:qa:46,4b02bb38-384a-438a-b5f9-6131d85c34b0__ep1,test,1000,1039,Crafting and smartphone usage at a desk,Using smartphone,Cutting and pausing,0.0018761634128168225,0
medium_40f_stride20:4b02bb38-384a-438a-b5f9-6131d85c34b0__ep1:qa:47,4b02bb38-384a-438a-b5f9-6131d85c34b0__ep1,test,1020,1059,Crafting and smartphone usage at a desk,Using smartphone,Cutting and pausing,0.001866122824139893,0
medium_40f_stride20:4b02bb38-384a-438a-b5f9-6131d85c34b0__ep1:qa:48,4b02bb38-384a-438a-b5f9-6131d85c34b0__ep1,test,1040,1079,Crafting and smartphone usage at a desk,Using smartphone,Cutting and pausing,0.0018638570327311754,0
medium_40f_stride20:4b02bb38-384a-438a-b5f9-6131d85c34b0__ep1:qa:49,4b02bb38-384a-438a-b5f9-6131d85c34b0__ep1,test,1060,1099,Crafting and smartphone usage at a desk,Using smartphone,Cutting and pausing,0.001865456230007112,0
medium_40f_stride20:4b02bb38-384a-438a-b5f9-6131d85c34b0__ep1:qa:50,4b02bb38-384a-438a-b5f9-6131d85c34b0__ep1,test,1080,1119,Crafting and smartphone usage at a desk,Using smartphone,Cutting and pausing,0.0018785177962854505,0
medium_40f_stride20:4b02bb38-384a-438a-b5f9-6131d85c34b0__ep1:qa:51,4b02bb38-384a-438a-b5f9-6131d85c34b0__ep1,test,1100,1139,Crafting and smartphone usage at a desk,Using smartphone,Cutting and pausing,0.001838425057940185,0
medium_40f_stride20:4b02bb38-384a-438a-b5f9-6131d85c34b0__ep1:qa:52,4b02bb38-384a-438a-b5f9-6131d85c34b0__ep1,test,1120,1159,Crafting and smartphone usage at a desk,Using smartphone,Cutting and pausing,0.001859457464888692,0
medium_40f_stride20:4b02bb38-384a-438a-b5f9-6131d85c34b0__ep1:qa:53,4b02bb38-384a-438a-b5f9-6131d85c34b0__ep1,test,1140,1179,Crafting and smartphone usage at a desk,Using smartphone,Cutting and pausing,0.001864681369625032,0
medium_40f_stride20:4b02bb38-384a-438a-b5f9-6131d85c34b0__ep1:qa:54,4b02bb38-384a-438a-b5f9-6131d85c34b0__ep1,test,1160,1199,Crafting and smartphone usage at a desk,Using smartphone,Cutting and pausing,0.0018705938709899783,0
medium_40f_stride20:4b02bb38-384a-438a-b5f9-6131d85c34b0__ep1:qa:65,4b02bb38-384a-438a-b5f9-6131d85c34b0__ep1,test,1400,1439,Crafting and smartphone usage at a desk,Browsing smartphone,Cutting and pausing,0.001862004748545587,0
medium_40f_stride20:4b02bb38-384a-438a-b5f9-6131d85c34b0__ep1:qa:66,4b02bb38-384a-438a-b5f9-6131d85c34b0__ep1,test,1420,1459,Crafting and smartphone usage at a desk,Browsing smartphone,Cutting and pausing,0.0018635810120031238,0
medium_40f_stride20:4b02bb38-384a-438a-b5f9-6131d85c34b0__ep1:qa:67,4b02bb38-384a-438a-b5f9-6131d85c34b0__ep1,test,1440,1479,Crafting and smartphone usage at a desk,Browsing smartphone,Cutting and pausing,0.001891499268822372,0
medium_40f_stride20:4b02bb38-384a-438a-b5f9-6131d85c34b0__ep1:qa:68,4b02bb38-384a-438a-b5f9-6131d85c34b0__ep1,test,1460,1499,Crafting and smartphone usage at a desk,Browsing smartphone,Cutting and pausing,0.0018699648790061474,0
medium_40f_stride20:4b02bb38-384a-438a-b5f9-6131d85c34b0__ep1:qa:69,4b02bb38-384a-438a-b5f9-6131d85c34b0__ep1,test,1480,1519,Crafting and smartphone usage at a desk,Browsing smartphone,Cutting and pausing,0.0018605635268613696,0
medium_40f_stride20:4b02bb38-384a-438a-b5f9-6131d85c34b0__ep1:qa:70,4b02bb38-384a-438a-b5f9-6131d85c34b0__ep1,test,1500,1539,Crafting and smartphone usage at a desk,Browsing smartphone,Positioning and cutting cardboard,0.0019155703485012054,0
medium_40f_stride20:4b02bb38-384a-438a-b5f9-6131d85c34b0__ep1:qa:71,4b02bb38-384a-438a-b5f9-6131d85c34b0__ep1,test,1520,1559,Crafting and smartphone usage at a desk,Browsing smartphone,Cutting and pausing,0.001864225952886045,0
medium_40f_stride20:4b02bb38-384a-438a-b5f9-6131d85c34b0__ep1:qa:72,4b02bb38-384a-438a-b5f9-6131d85c34b0__ep1,test,1540,1579,Crafting and smartphone usage at a desk,Browsing smartphone,Cutting and pausing,0.0018500701989978552,0
medium_40f_stride20:4b02bb38-384a-438a-b5f9-6131d85c34b0__ep1:qa:73,4b02bb38-384a-438a-b5f9-6131d85c34b0__ep1,test,1560,1599,Crafting and smartphone usage at a desk,Browsing smartphone,Cutting and pausing,0.0018678215565159917,0
medium_40f_stride20:4b02bb38-384a-438a-b5f9-6131d85c34b0__ep1:qa:74,4b02bb38-384a-438a-b5f9-6131d85c34b0__ep1,test,1580,1619,Crafting and smartphone usage at a desk,Browsing smartphone,Cutting and pausing,0.0018487584311515093,0
medium_40f_stride20:4b02bb38-384a-438a-b5f9-6131d85c34b0__ep1:qa:94,4b02bb38-384a-438a-b5f9-6131d85c34b0__ep1,test,2000,2039,Crafting and smartphone usage at a desk,Scrolling smartphone screen,Handle container from box,0.0018870462663471699,0
medium_40f_stride20:4b02bb38-384a-438a-b5f9-6131d85c34b0__ep1:qa:95,4b02bb38-384a-438a-b5f9-6131d85c34b0__ep1,test,2020,2059,Crafting and smartphone usage at a desk,Scrolling smartphone screen,Cutting and pausing,0.0018751249881461263,0
medium_40f_stride20:4b02bb38-384a-438a-b5f9-6131d85c34b0__ep1:qa:96,4b02bb38-384a-438a-b5f9-6131d85c34b0__ep1,test,2040,2079,Crafting and smartphone usage at a desk,Scrolling smartphone screen,Handle container from box,0.0018748295260593295,0
medium_40f_stride20:4b02bb38-384a-438a-b5f9-6131d85c34b0__ep1:qa:97,4b02bb38-384a-438a-b5f9-6131d85c34b0__ep1,test,2060,2099,Crafting and smartphone usage at a desk,Scrolling smartphone screen,Cutting and pausing,0.001871903077699244,0
medium_40f_stride20:4b02bb38-384a-438a-b5f9-6131d85c34b0__ep1:qa:98,4b02bb38-384a-438a-b5f9-6131d85c34b0__ep1,test,2080,2119,Crafting and smartphone usage at a desk,Scrolling smartphone screen,Cutting and pausing,0.0018735433695837855,0
medium_40f_stride20:4b02bb38-384a-438a-b5f9-6131d85c34b0__ep1:qa:99,4b02bb38-384a-438a-b5f9-6131d85c34b0__ep1,test,2100,2139,Crafting and smartphone usage at a desk,Scrolling smartphone screen,Cutting and pausing,0.00185452401638031,0
medium_40f_stride20:4b02bb38-384a-438a-b5f9-6131d85c34b0__ep1:qa:100,4b02bb38-384a-438a-b5f9-6131d85c34b0__ep1,test,2120,2159,Crafting and smartphone usage at a desk,Scrolling smartphone screen,Cutting and pausing,0.0018837987445294857,0
medium_40f_stride20:4b02bb38-384a-438a-b5f9-6131d85c34b0__ep1:qa:101,4b02bb38-384a-438a-b5f9-6131d85c34b0__ep1,test,2140,2179,Crafting and smartphone usage at a desk,Scrolling smartphone screen,Cutting and pausing,0.001868533669039607,0
medium_40f_stride20:4b02bb38-384a-438a-b5f9-6131d85c34b0__ep1:qa:102,4b02bb38-384a-438a-b5f9-6131d85c34b0__ep1,test,2160,2199,Crafting and smartphone usage at a desk,Scrolling smartphone screen,Cutting and pausing,0.0018842763965949416,0
medium_40f_stride20:4b02bb38-384a-438a-b5f9-6131d85c34b0__ep1:qa:125,4b02bb38-384a-438a-b5f9-6131d85c34b0__ep1,test,2640,2679,Crafting and smartphone usage at a desk,Scrolling and setting down smartphone,Cutting and pausing,0.0018610419938340783,0
medium_40f_stride20:4b02bb38-384a-438a-b5f9-6131d85c34b0__ep1:qa:126,4b02bb38-384a-438a-b5f9-6131d85c34b0__ep1,test,2660,2699,Crafting and smartphone usage at a desk,Scrolling and setting down smartphone,Cutting and pausing,0.0018386930460110307,0
medium_40f_stride20:4b02bb38-384a-438a-b5f9-6131d85c34b0__ep1:qa:127,4b02bb38-384a-438a-b5f9-6131d85c34b0__ep1,test,2680,2719,Crafting and smartphone usage at a desk,Scrolling and setting down smartphone,Cutting and pausing,0.0018615571316331625,0
medium_40f_stride20:4b02bb38-384a-438a-b5f9-6131d85c34b0__ep1:qa:128,4b02bb38-384a-438a-b5f9-6131d85c34b0__ep1,test,2700,2739,Crafting and smartphone usage at a desk,Scrolling and setting down smartphone,Cutting and pausing,0.0018681461224332452,0
medium_40f_stride20:4b02bb38-384a-438a-b5f9-6131d85c34b0__ep1:qa:129,4b02bb38-384a-438a-b5f9-6131d85c34b0__ep1,test,2720,2759,Crafting and smartphone usage at a desk,Scrolling and setting down smartphone,Cutting and pausing,0.001862283330410719,0
medium_40f_stride20:4b02bb38-384a-438a-b5f9-6131d85c34b0__ep1:qa:130,4b02bb38-384a-438a-b5f9-6131d85c34b0__ep1,test,2740,2779,Crafting and smartphone usage at a desk,Scrolling and setting down smartphone,Cutting and pausing,0.0018609232502058148,0
medium_40f_stride20:4b02bb38-384a-438a-b5f9-6131d85c34b0__ep1:qa:131,4b02bb38-384a-438a-b5f9-6131d85c34b0__ep1,test,2760,2799,Crafting and smartphone usage at a desk,Scrolling and setting down smartphone,Cutting and pausing,0.0018587453523650765,0
medium_40f_stride20:4b02bb38-384a-438a-b5f9-6131d85c34b0__ep1:qa:132,4b02bb38-384a-438a-b5f9-6131d85c34b0__ep1,test,2780,2819,Crafting and smartphone usage at a desk,Scrolling and setting down smartphone,Cutting and pausing,0.001867720391601324,0
medium_40f_stride20:4b02bb38-384a-438a-b5f9-6131d85c34b0__ep1:qa:133,4b02bb38-384a-438a-b5f9-6131d85c34b0__ep1,test,2800,2839,Crafting and smartphone usage at a desk,unknown,Cutting and pausing,0.001855769194662571,0
medium_40f_stride20:4b02bb38-384a-438a-b5f9-6131d85c34b0__ep1:qa:175,4b02bb38-384a-438a-b5f9-6131d85c34b0__ep1,test,3680,3719,Crafting and smartphone usage at a desk,Scrolling and placing smartphone down,Cutting and pausing,0.0018469131318852305,0
medium_40f_stride20:4b02bb38-384a-438a-b5f9-6131d85c34b0__ep1:qa:176,4b02bb38-384a-438a-b5f9-6131d85c34b0__ep1,test,3700,3739,Crafting and smartphone usage at a desk,Scrolling and placing smartphone down,Cutting and pausing,0.001866304548457265,0
medium_40f_stride20:4b02bb38-384a-438a-b5f9-6131d85c34b0__ep1:qa:177,4b02bb38-384a-438a-b5f9-6131d85c34b0__ep1,test,3720,3759,Crafting and smartphone usage at a desk,Scrolling and placing smartphone down,Cutting and pausing,0.0018624907825142145,0
medium_40f_stride20:4b02bb38-384a-438a-b5f9-6131d85c34b0__ep1:qa:178,4b02bb38-384a-438a-b5f9-6131d85c34b0__ep1,test,3740,3779,Crafting and smartphone usage at a desk,Scrolling and placing smartphone down,Cutting and pausing,0.0018570548854768276,0
medium_40f_stride20:4b02bb38-384a-438a-b5f9-6131d85c34b0__ep1:qa:179,4b02bb38-384a-438a-b5f9-6131d85c34b0__ep1,test,3760,3799,Crafting and smartphone usage at a desk,Scrolling and placing smartphone down,Cutting and pausing,0.0018446524627506733,0
medium_40f_stride20:4b02bb38-384a-438a-b5f9-6131d85c34b0__ep1:qa:180,4b02bb38-384a-438a-b5f9-6131d85c34b0__ep1,test,3780,3819,Crafting and smartphone usage at a desk,Scrolling and placing smartphone down,Cutting and pausing,0.0018569361418485641,0
medium_40f_stride20:4b02bb38-384a-438a-b5f9-6131d85c34b0__ep1:qa:181,4b02bb38-384a-438a-b5f9-6131d85c34b0__ep1,test,3800,3839,Crafting and smartphone usage at a desk,unknown,Cutting and pausing,0.001850296277552843,0
medium_40f_stride20:4b02bb38-384a-438a-b5f9-6131d85c34b0__ep1:qa:182,4b02bb38-384a-438a-b5f9-6131d85c34b0__ep1,test,3820,3859,Crafting and smartphone usage at a desk,unknown,Cutting and pausing,0.001863004988990724,0
medium_40f_stride20:4b02bb38-384a-438a-b5f9-6131d85c34b0__ep1:qa:183,4b02bb38-384a-438a-b5f9-6131d85c34b0__ep1,test,3840,3879,Crafting and smartphone usage at a desk,Holding smartphone,Cutting and pausing,0.001859700190834701,0
medium_40f_stride20:4b02bb38-384a-438a-b5f9-6131d85c34b0__ep1:qa:190,4b02bb38-384a-438a-b5f9-6131d85c34b0__ep1,test,4000,4039,Crafting and smartphone usage at a desk,Holding smartphone,Cutting and pausing,0.0018601068295538425,0
medium_40f_stride20:4b02bb38-384a-438a-b5f9-6131d85c34b0__ep1:qa:191,4b02bb38-384a-438a-b5f9-6131d85c34b0__ep1,test,4020,4059,Crafting and smartphone usage at a desk,Holding smartphone,Cutting and pausing,0.0018582128686830401,0
medium_40f_stride20:4b02bb38-384a-438a-b5f9-6131d85c34b0__ep1:qa:192,4b02bb38-384a-438a-b5f9-6131d85c34b0__ep1,test,4040,4079,Crafting and smartphone usage at a desk,Holding smartphone,Cutting and pausing,0.0018664072267711163,0
medium_40f_stride20:4b02bb38-384a-438a-b5f9-6131d85c34b0__ep1:qa:193,4b02bb38-384a-438a-b5f9-6131d85c34b0__ep1,test,4060,4099,Crafting and smartphone usage at a desk,Holding smartphone,Cutting and pausing,0.0018534756964072585,0
medium_40f_stride20:4b02bb38-384a-438a-b5f9-6131d85c34b0__ep1:qa:194,4b02bb38-384a-438a-b5f9-6131d85c34b0__ep1,test,4080,4119,Crafting and smartphone usage at a desk,Holding smartphone,Walking to storage area,0.0019701195415109396,0
medium_40f_stride20:4b02bb38-384a-438a-b5f9-6131d85c34b0__ep1:qa:195,4b02bb38-384a-438a-b5f9-6131d85c34b0__ep1,test,4100,4139,Crafting and smartphone usage at a desk,Holding smartphone,Cutting and pausing,0.00186218973249197,0
medium_40f_stride20:4b02bb38-384a-438a-b5f9-6131d85c34b0__ep1:qa:196,4b02bb38-384a-438a-b5f9-6131d85c34b0__ep1,test,4120,4159,Crafting and smartphone usage at a desk,Holding smartphone,Cutting and pausing,0.0018526955973356962,0
medium_40f_stride20:4b02bb38-384a-438a-b5f9-6131d85c34b0__ep1:qa:197,4b02bb38-384a-438a-b5f9-6131d85c34b0__ep1,test,4140,4179,Crafting and smartphone usage at a desk,Holding smartphone,Cutting and pausing,0.0018493214156478643,0
medium_40f_stride20:4b02bb38-384a-438a-b5f9-6131d85c34b0__ep1:qa:198,4b02bb38-384a-438a-b5f9-6131d85c34b0__ep1,test,4160,4199,Crafting and smartphone usage at a desk,Holding smartphone,Cutting and pausing,0.0018570598913356662,0
medium_40f_stride20:4b02bb38-384a-438a-b5f9-6131d85c34b0__ep1:qa:209,4b02bb38-384a-438a-b5f9-6131d85c34b0__ep1,test,4400,4439,Crafting and smartphone usage at a desk,Paper quilling craft,Cutting and pausing,0.0018671548459678888,0
medium_40f_stride20:4b02bb38-384a-438a-b5f9-6131d85c34b0__ep1:qa:210,4b02bb38-384a-438a-b5f9-6131d85c34b0__ep1,test,4420,4459,Crafting and smartphone usage at a desk,Paper quilling craft,Handle container from box,0.0018148522358387709,0
medium_40f_stride20:4b02bb38-384a-438a-b5f9-6131d85c34b0__ep1:qa:211,4b02bb38-384a-438a-b5f9-6131d85c34b0__ep1,test,4440,4479,Crafting and smartphone usage at a desk,Paper quilling craft,Cutting and pausing,0.0018471517832949758,0
medium_40f_stride20:4b02bb38-384a-438a-b5f9-6131d85c34b0__ep1:qa:212,4b02bb38-384a-438a-b5f9-6131d85c34b0__ep1,test,4460,4499,Crafting and smartphone usage at a desk,Paper quilling craft,Cutting and pausing,0.001863007782958448,0
medium_40f_stride20:4b02bb38-384a-438a-b5f9-6131d85c34b0__ep1:qa:213,4b02bb38-384a-438a-b5f9-6131d85c34b0__ep1,test,4480,4519,Crafting and smartphone usage at a desk,Paper quilling craft,Cutting and pausing,0.0018486188491806388,0
medium_40f_stride20:4b02bb38-384a-438a-b5f9-6131d85c34b0__ep1:qa:214,4b02bb38-384a-438a-b5f9-6131d85c34b0__ep1,test,4500,4539,Crafting and smartphone usage at a desk,Paper quilling craft,Cutting and pausing,0.0018595859874039888,0
medium_40f_stride20:4b02bb38-384a-438a-b5f9-6131d85c34b0__ep1:qa:215,4b02bb38-384a-438a-b5f9-6131d85c34b0__ep1,test,4520,4559,Crafting and smartphone usage at a desk,Paper quilling craft,Cutting and pausing,0.0018606523517519236,0
medium_40f_stride20:4b02bb38-384a-438a-b5f9-6131d85c34b0__ep1:qa:216,4b02bb38-384a-438a-b5f9-6131d85c34b0__ep1,test,4540,4579,Crafting and smartphone usage at a desk,Paper quilling craft,Cutting and pausing,0.0018604869255796075,0
medium_40f_stride20:4b02bb38-384a-438a-b5f9-6131d85c34b0__ep1:qa:217,4b02bb38-384a-438a-b5f9-6131d85c34b0__ep1,test,4560,4599,Crafting and smartphone usage at a desk,Paper quilling craft,Cutting and pausing,0.0018567636143416166,0
medium_40f_stride20:5399ef86-4df9-49bc-809f-8f4f92f9e659__ep6:qa:0,5399ef86-4df9-49bc-809f-8f4f92f9e659__ep6,test,0,39,Assembling a jigsaw puzzle,Pick up and place puzzle piece,Placing and scanning for puzzle pieces,0.0023780898191034794,0
medium_40f_stride20:5399ef86-4df9-49bc-809f-8f4f92f9e659__ep6:qa:1,5399ef86-4df9-49bc-809f-8f4f92f9e659__ep6,test,20,59,Assembling a jigsaw puzzle,Pick up and place puzzle piece,Placing and scanning for puzzle pieces,0.002367510925978422,0
medium_40f_stride20:5399ef86-4df9-49bc-809f-8f4f92f9e659__ep6:qa:2,5399ef86-4df9-49bc-809f-8f4f92f9e659__ep6,test,40,79,Assembling a jigsaw puzzle,Pick up and place puzzle piece,Placing and scanning for puzzle pieces,0.0023863313253968954,0
medium_40f_stride20:5399ef86-4df9-49bc-809f-8f4f92f9e659__ep6:qa:3,5399ef86-4df9-49bc-809f-8f4f92f9e659__ep6,test,60,99,Assembling a jigsaw puzzle,Pick up and place puzzle piece,Placing and scanning for puzzle pieces,0.002361397258937359,0
medium_40f_stride20:5399ef86-4df9-49bc-809f-8f4f92f9e659__ep6:qa:4,5399ef86-4df9-49bc-809f-8f4f92f9e659__ep6,test,80,119,Assembling a jigsaw puzzle,Pick up and place puzzle piece,Placing and scanning for puzzle pieces,0.002385810250416398,0
medium_40f_stride20:5399ef86-4df9-49bc-809f-8f4f92f9e659__ep6:qa:5,5399ef86-4df9-49bc-809f-8f4f92f9e659__ep6,test,100,139,Assembling a jigsaw puzzle,Pick up and place puzzle piece,Placing and scanning for puzzle pieces,0.0023264046758413315,0
medium_40f_stride20:5399ef86-4df9-49bc-809f-8f4f92f9e659__ep6:qa:6,5399ef86-4df9-49bc-809f-8f4f92f9e659__ep6,test,120,159,Assembling a jigsaw puzzle,Pick up and place puzzle piece,Placing and scanning for puzzle pieces,0.0023889096919447184,0
medium_40f_stride20:5399ef86-4df9-49bc-809f-8f4f92f9e659__ep6:qa:7,5399ef86-4df9-49bc-809f-8f4f92f9e659__ep6,test,160,199,Assembling a jigsaw puzzle,Pick up and place puzzle piece,Placing and scanning for puzzle pieces,0.002363780280575156,0
medium_40f_stride20:5399ef86-4df9-49bc-809f-8f4f92f9e659__ep6:qa:8,5399ef86-4df9-49bc-809f-8f4f92f9e659__ep6,test,180,219,Assembling a jigsaw puzzle,Pick up and place puzzle piece,Placing and scanning for puzzle pieces,0.002226967131718993,0
medium_40f_stride20:5399ef86-4df9-49bc-809f-8f4f92f9e659__ep6:qa:9,5399ef86-4df9-49bc-809f-8f4f92f9e659__ep6,test,200,239,Assembling a jigsaw puzzle,Pick up and place puzzle piece,Placing and scanning for puzzle pieces,0.0023858407512307167,0
medium_40f_stride20:5399ef86-4df9-49bc-809f-8f4f92f9e659__ep6:qa:10,5399ef86-4df9-49bc-809f-8f4f92f9e659__ep6,test,220,259,Assembling a jigsaw puzzle,Pick up and place puzzle piece,Placing and scanning for puzzle pieces,0.0023242749739438295,0
medium_40f_stride20:5399ef86-4df9-49bc-809f-8f4f92f9e659__ep6:qa:11,5399ef86-4df9-49bc-809f-8f4f92f9e659__ep6,test,240,279,Assembling a jigsaw puzzle,Manipulate puzzle piece,Placing and scanning for puzzle pieces,0.002405155450105667,0
medium_40f_stride20:5399ef86-4df9-49bc-809f-8f4f92f9e659__ep6:qa:12,5399ef86-4df9-49bc-809f-8f4f92f9e659__ep6,test,260,299,Assembling a jigsaw puzzle,Manipulate puzzle piece,Placing and scanning for puzzle pieces,0.002346013905480504,0
medium_40f_stride20:5399ef86-4df9-49bc-809f-8f4f92f9e659__ep6:qa:13,5399ef86-4df9-49bc-809f-8f4f92f9e659__ep6,test,280,319,Assembling a jigsaw puzzle,Manipulate puzzle piece,Placing and scanning for puzzle pieces,0.0023630212526768446,0
medium_40f_stride20:5399ef86-4df9-49bc-809f-8f4f92f9e659__ep6:qa:14,5399ef86-4df9-49bc-809f-8f4f92f9e659__ep6,test,300,339,Assembling a jigsaw puzzle,Manipulate puzzle piece,Scanning for and placing puzzle pieces,0.0022685439325869083,0
medium_40f_stride20:5399ef86-4df9-49bc-809f-8f4f92f9e659__ep6:qa:15,5399ef86-4df9-49bc-809f-8f4f92f9e659__ep6,test,320,359,Assembling a jigsaw puzzle,Manipulate puzzle piece,Scanning for and placing puzzle pieces,0.0023835517931729555,0
medium_40f_stride20:5399ef86-4df9-49bc-809f-8f4f92f9e659__ep6:qa:18,5399ef86-4df9-49bc-809f-8f4f92f9e659__ep6,test,400,439,Assembling a jigsaw puzzle,Manipulate puzzle piece,Scanning for and placing puzzle pieces,0.002350656082853675,0
medium_40f_stride20:5399ef86-4df9-49bc-809f-8f4f92f9e659__ep6:qa:19,5399ef86-4df9-49bc-809f-8f4f92f9e659__ep6,test,420,459,Assembling a jigsaw puzzle,Manipulate puzzle piece,Scanning for and placing puzzle pieces,0.0022550064604729414,0
medium_40f_stride20:5399ef86-4df9-49bc-809f-8f4f92f9e659__ep6:qa:20,5399ef86-4df9-49bc-809f-8f4f92f9e659__ep6,test,440,479,Assembling a jigsaw puzzle,Manipulate puzzle piece,Scanning for and placing puzzle pieces,0.002335033845156431,0
medium_40f_stride20:5399ef86-4df9-49bc-809f-8f4f92f9e659__ep6:qa:21,5399ef86-4df9-49bc-809f-8f4f92f9e659__ep6,test,460,499,Assembling a jigsaw puzzle,Manipulate puzzle piece,Scanning for and placing puzzle pieces,0.002239564899355173,0
medium_40f_stride20:5399ef86-4df9-49bc-809f-8f4f92f9e659__ep6:qa:22,5399ef86-4df9-49bc-809f-8f4f92f9e659__ep6,test,480,519,Assembling a jigsaw puzzle,Manipulate puzzle piece,Scanning for and placing puzzle pieces,0.002355977427214384,0
medium_40f_stride20:5399ef86-4df9-49bc-809f-8f4f92f9e659__ep6:qa:23,5399ef86-4df9-49bc-809f-8f4f92f9e659__ep6,test,500,539,Assembling a jigsaw puzzle,Manipulate puzzle piece,Scanning for and placing puzzle pieces,0.0021983233746141195,0
medium_40f_stride20:5399ef86-4df9-49bc-809f-8f4f92f9e659__ep6:qa:24,5399ef86-4df9-49bc-809f-8f4f92f9e659__ep6,test,520,559,Assembling a jigsaw puzzle,Manipulate puzzle piece,Scanning for and placing puzzle pieces,0.0023224428296089172,0
medium_40f_stride20:5399ef86-4df9-49bc-809f-8f4f92f9e659__ep6:qa:25,5399ef86-4df9-49bc-809f-8f4f92f9e659__ep6,test,540,579,Assembling a jigsaw puzzle,Manipulate puzzle piece,Scanning for and placing puzzle pieces,0.0022205712739378214,0
medium_40f_stride20:5399ef86-4df9-49bc-809f-8f4f92f9e659__ep6:qa:26,5399ef86-4df9-49bc-809f-8f4f92f9e659__ep6,test,560,599,Assembling a jigsaw puzzle,Manipulate puzzle piece,Scanning for and placing puzzle pieces,0.00234610796906054,0
medium_40f_stride20:5399ef86-4df9-49bc-809f-8f4f92f9e659__ep6:qa:27,5399ef86-4df9-49bc-809f-8f4f92f9e659__ep6,test,580,619,Assembling a jigsaw puzzle,Manipulate puzzle piece,"Moving, placing, and adjusting puzzle pieces",0.0021329340524971485,0
medium_40f_stride20:5399ef86-4df9-49bc-809f-8f4f92f9e659__ep6:qa:47,5399ef86-4df9-49bc-809f-8f4f92f9e659__ep6,test,1000,1039,Assembling a jigsaw puzzle,Manipulate puzzle pieces,Manipulating puzzle pieces,0.0023706364445388317,0
medium_40f_stride20:5399ef86-4df9-49bc-809f-8f4f92f9e659__ep6:qa:48,5399ef86-4df9-49bc-809f-8f4f92f9e659__ep6,test,1020,1059,Assembling a jigsaw puzzle,Manipulate puzzle pieces,Manipulating puzzle pieces,0.002275458537042141,0
medium_40f_stride20:5399ef86-4df9-49bc-809f-8f4f92f9e659__ep6:qa:49,5399ef86-4df9-49bc-809f-8f4f92f9e659__ep6,test,1040,1079,Assembling a jigsaw puzzle,Manipulate puzzle pieces,Manipulating puzzle pieces,0.00223917025141418,0
medium_40f_stride20:5399ef86-4df9-49bc-809f-8f4f92f9e659__ep6:qa:50,5399ef86-4df9-49bc-809f-8f4f92f9e659__ep6,test,1060,1099,Assembling a jigsaw puzzle,Manipulate puzzle pieces,Manipulating puzzle pieces,0.0022762599401175976,0
medium_40f_stride20:5399ef86-4df9-49bc-809f-8f4f92f9e659__ep6:qa:51,5399ef86-4df9-49bc-809f-8f4f92f9e659__ep6,test,1080,1119,Assembling a jigsaw puzzle,Manipulate puzzle pieces,Manipulating puzzle pieces,0.0023424034006893635,0
medium_40f_stride20:5399ef86-4df9-49bc-809f-8f4f92f9e659__ep6:qa:52,5399ef86-4df9-49bc-809f-8f4f92f9e659__ep6,test,1100,1139,Assembling a jigsaw puzzle,Manipulate puzzle pieces,Placing and scanning for puzzle pieces,0.0020820382051169872,0
medium_40f_stride20:5399ef86-4df9-49bc-809f-8f4f92f9e659__ep6:qa:53,5399ef86-4df9-49bc-809f-8f4f92f9e659__ep6,test,1120,1159,Assembling a jigsaw puzzle,Manipulate puzzle pieces,Placing and searching for puzzle pieces,0.0022433714475482702,0
medium_40f_stride20:5399ef86-4df9-49bc-809f-8f4f92f9e659__ep6:qa:54,5399ef86-4df9-49bc-809f-8f4f92f9e659__ep6,test,1140,1179,Assembling a jigsaw puzzle,Manipulate puzzle pieces,Manipulating puzzle pieces,0.0022422128822654486,0
medium_40f_stride20:5399ef86-4df9-49bc-809f-8f4f92f9e659__ep6:qa:55,5399ef86-4df9-49bc-809f-8f4f92f9e659__ep6,test,1160,1199,Assembling a jigsaw puzzle,Manipulate puzzle pieces,Manipulating puzzle pieces,0.0025331273209303617,0
medium_40f_stride20:5399ef86-4df9-49bc-809f-8f4f92f9e659__ep6:qa:56,5399ef86-4df9-49bc-809f-8f4f92f9e659__ep6,test,1180,1219,Assembling a jigsaw puzzle,Manipulate puzzle pieces,Manipulating puzzle pieces,0.0022591501474380493,0
medium_40f_stride20:5399ef86-4df9-49bc-809f-8f4f92f9e659__ep6:qa:86,5399ef86-4df9-49bc-809f-8f4f92f9e659__ep6,test,1800,1839,Assembling a jigsaw puzzle,Place puzzle piece,Positioning puzzle piece,0.002329436596482992,0
medium_40f_stride20:5399ef86-4df9-49bc-809f-8f4f92f9e659__ep6:qa:87,5399ef86-4df9-49bc-809f-8f4f92f9e659__ep6,test,1820,1859,Assembling a jigsaw puzzle,Place puzzle piece,Positioning puzzle piece,0.0023359903134405613,0
medium_40f_stride20:5399ef86-4df9-49bc-809f-8f4f92f9e659__ep6:qa:88,5399ef86-4df9-49bc-809f-8f4f92f9e659__ep6,test,1840,1879,Assembling a jigsaw puzzle,Place puzzle piece,Positioning puzzle piece,0.002323874505236745,0
medium_40f_stride20:5399ef86-4df9-49bc-809f-8f4f92f9e659__ep6:qa:89,5399ef86-4df9-49bc-809f-8f4f92f9e659__ep6,test,1860,1899,Assembling a jigsaw puzzle,Place puzzle piece,Manipulating puzzle pieces,0.002396755386143923,0
medium_40f_stride20:5399ef86-4df9-49bc-809f-8f4f92f9e659__ep6:qa:90,5399ef86-4df9-49bc-809f-8f4f92f9e659__ep6,test,1880,1919,Assembling a jigsaw puzzle,Observe puzzle progress,Manipulating puzzle pieces,0.0023833962623029947,0
medium_40f_stride20:5399ef86-4df9-49bc-809f-8f4f92f9e659__ep6:qa:91,5399ef86-4df9-49bc-809f-8f4f92f9e659__ep6,test,1900,1939,Assembling a jigsaw puzzle,Observe puzzle progress,Manipulating puzzle pieces,0.0021979124285280704,0
medium_40f_stride20:5399ef86-4df9-49bc-809f-8f4f92f9e659__ep6:qa:92,5399ef86-4df9-49bc-809f-8f4f92f9e659__ep6,test,1920,1959,Assembling a jigsaw puzzle,Observe puzzle progress,Manipulating puzzle pieces,0.002388416090980172,0
medium_40f_stride20:5399ef86-4df9-49bc-809f-8f4f92f9e659__ep6:qa:93,5399ef86-4df9-49bc-809f-8f4f92f9e659__ep6,test,1940,1979,Assembling a jigsaw puzzle,Observe puzzle progress,Manipulating puzzle pieces,0.002255596686154604,0
medium_40f_stride20:5399ef86-4df9-49bc-809f-8f4f92f9e659__ep6:qa:94,5399ef86-4df9-49bc-809f-8f4f92f9e659__ep6,test,1960,1999,Assembling a jigsaw puzzle,Observe puzzle progress,Manipulating puzzle pieces,0.0022676391527056694,0
medium_40f_stride20:5399ef86-4df9-49bc-809f-8f4f92f9e659__ep6:qa:95,5399ef86-4df9-49bc-809f-8f4f92f9e659__ep6,test,2000,2039,Assembling a jigsaw puzzle,Observe puzzle progress,Manipulating puzzle pieces,0.00234951707534492,0
medium_40f_stride20:5399ef86-4df9-49bc-809f-8f4f92f9e659__ep6:qa:96,5399ef86-4df9-49bc-809f-8f4f92f9e659__ep6,test,2020,2059,Assembling a jigsaw puzzle,Observe puzzle progress,Manipulating puzzle pieces,0.0023730681277811527,0
medium_40f_stride20:5399ef86-4df9-49bc-809f-8f4f92f9e659__ep6:qa:97,5399ef86-4df9-49bc-809f-8f4f92f9e659__ep6,test,2040,2079,Assembling a jigsaw puzzle,Observe puzzle progress,Manipulating puzzle pieces,0.0023621637374162674,0
medium_40f_stride20:5399ef86-4df9-49bc-809f-8f4f92f9e659__ep6:qa:98,5399ef86-4df9-49bc-809f-8f4f92f9e659__ep6,test,2060,2099,Assembling a jigsaw puzzle,Observe puzzle progress,Manipulating puzzle pieces,0.002358783036470413,0
medium_40f_stride20:5399ef86-4df9-49bc-809f-8f4f92f9e659__ep6:qa:99,5399ef86-4df9-49bc-809f-8f4f92f9e659__ep6,test,2080,2119,Assembling a jigsaw puzzle,Observe puzzle progress,Manipulating puzzle pieces,0.0023500765673816204,0
medium_40f_stride20:5399ef86-4df9-49bc-809f-8f4f92f9e659__ep6:qa:100,5399ef86-4df9-49bc-809f-8f4f92f9e659__ep6,test,2100,2139,Assembling a jigsaw puzzle,Observe puzzle progress,Manipulating puzzle pieces,0.00222003017552197,0
medium_40f_stride20:5399ef86-4df9-49bc-809f-8f4f92f9e659__ep6:qa:101,5399ef86-4df9-49bc-809f-8f4f92f9e659__ep6,test,2120,2159,Assembling a jigsaw puzzle,Observe puzzle progress,Manipulating puzzle pieces,0.002399729797616601,0
medium_40f_stride20:5399ef86-4df9-49bc-809f-8f4f92f9e659__ep6:qa:102,5399ef86-4df9-49bc-809f-8f4f92f9e659__ep6,test,2140,2179,Assembling a jigsaw puzzle,Observe puzzle progress,Manipulating puzzle pieces,0.0023524973075836897,0
medium_40f_stride20:5399ef86-4df9-49bc-809f-8f4f92f9e659__ep6:qa:103,5399ef86-4df9-49bc-809f-8f4f92f9e659__ep6,test,2160,2199,Assembling a jigsaw puzzle,Observe puzzle progress,Manipulating puzzle pieces,0.002325134351849556,0
medium_40f_stride20:5399ef86-4df9-49bc-809f-8f4f92f9e659__ep6:qa:104,5399ef86-4df9-49bc-809f-8f4f92f9e659__ep6,test,2180,2219,Assembling a jigsaw puzzle,Observe puzzle progress,Manipulating puzzle pieces,0.002298878040164709,0
medium_40f_stride20:5399ef86-4df9-49bc-809f-8f4f92f9e659__ep6:qa:114,5399ef86-4df9-49bc-809f-8f4f92f9e659__ep6,test,2400,2439,Assembling a jigsaw puzzle,Search for and pick up puzzle piece,"Moving, placing, and adjusting puzzle pieces",0.002332495991140604,0
medium_40f_stride20:5399ef86-4df9-49bc-809f-8f4f92f9e659__ep6:qa:115,5399ef86-4df9-49bc-809f-8f4f92f9e659__ep6,test,2420,2459,Assembling a jigsaw puzzle,Search for and pick up puzzle piece,"Moving, placing, and adjusting puzzle pieces",0.002259625820443034,0
medium_40f_stride20:5399ef86-4df9-49bc-809f-8f4f92f9e659__ep6:qa:116,5399ef86-4df9-49bc-809f-8f4f92f9e659__ep6,test,2440,2479,Assembling a jigsaw puzzle,Search for and pick up puzzle piece,"Moving, placing, and adjusting puzzle pieces",0.0023215594701468945,0
medium_40f_stride20:5399ef86-4df9-49bc-809f-8f4f92f9e659__ep6:qa:117,5399ef86-4df9-49bc-809f-8f4f92f9e659__ep6,test,2460,2499,Assembling a jigsaw puzzle,Search for and pick up puzzle piece,"Moving, placing, and adjusting puzzle pieces",0.002323484281077981,0
medium_40f_stride20:5399ef86-4df9-49bc-809f-8f4f92f9e659__ep6:qa:118,5399ef86-4df9-49bc-809f-8f4f92f9e659__ep6,test,2480,2519,Assembling a jigsaw puzzle,Search for and pick up puzzle piece,"Moving, placing, and adjusting puzzle pieces",0.0022860572207719088,0
medium_40f_stride20:5399ef86-4df9-49bc-809f-8f4f92f9e659__ep6:qa:119,5399ef86-4df9-49bc-809f-8f4f92f9e659__ep6,test,2500,2539,Assembling a jigsaw puzzle,Search for and pick up puzzle piece,Manipulating puzzle pieces,0.002132402267307043,0
medium_40f_stride20:5399ef86-4df9-49bc-809f-8f4f92f9e659__ep6:qa:120,5399ef86-4df9-49bc-809f-8f4f92f9e659__ep6,test,2520,2559,Assembling a jigsaw puzzle,Search for and pick up puzzle piece,Adjusting puzzle piece,0.0022081879433244467,0
medium_40f_stride20:5399ef86-4df9-49bc-809f-8f4f92f9e659__ep6:qa:121,5399ef86-4df9-49bc-809f-8f4f92f9e659__ep6,test,2540,2579,Assembling a jigsaw puzzle,Search for and pick up puzzle piece,Adjusting puzzle piece,0.002252797596156597,0
medium_40f_stride20:5399ef86-4df9-49bc-809f-8f4f92f9e659__ep6:qa:122,5399ef86-4df9-49bc-809f-8f4f92f9e659__ep6,test,2560,2599,Assembling a jigsaw puzzle,Search for and pick up puzzle piece,Adjusting puzzle piece,0.0022028887178748846,0
medium_40f_stride20:5399ef86-4df9-49bc-809f-8f4f92f9e659__ep6:qa:127,5399ef86-4df9-49bc-809f-8f4f92f9e659__ep6,test,2680,2719,Assembling a jigsaw puzzle,Release and adjust puzzle piece,Adjusting puzzle piece,0.002271596109494567,0
medium_40f_stride20:5399ef86-4df9-49bc-809f-8f4f92f9e659__ep6:qa:128,5399ef86-4df9-49bc-809f-8f4f92f9e659__ep6,test,2700,2739,Assembling a jigsaw puzzle,Release and adjust puzzle piece,Manipulating puzzle pieces,0.0023007767740637064,0
medium_40f_stride20:5399ef86-4df9-49bc-809f-8f4f92f9e659__ep6:qa:132,5399ef86-4df9-49bc-809f-8f4f92f9e659__ep6,test,2800,2839,Assembling a jigsaw puzzle,Release and adjust puzzle piece,"Moving, placing, and adjusting puzzle pieces",0.002290695207193494,0
medium_40f_stride20:5399ef86-4df9-49bc-809f-8f4f92f9e659__ep6:qa:133,5399ef86-4df9-49bc-809f-8f4f92f9e659__ep6,test,2820,2859,Assembling a jigsaw puzzle,Release and adjust puzzle piece,"Moving, placing, and adjusting puzzle pieces",0.0021676092874258757,0
medium_40f_stride20:5399ef86-4df9-49bc-809f-8f4f92f9e659__ep6:qa:134,5399ef86-4df9-49bc-809f-8f4f92f9e659__ep6,test,2840,2879,Assembling a jigsaw puzzle,Release and adjust puzzle piece,Adjusting puzzle piece,0.0023966492153704166,0
medium_40f_stride20:5399ef86-4df9-49bc-809f-8f4f92f9e659__ep6:qa:135,5399ef86-4df9-49bc-809f-8f4f92f9e659__ep6,test,2880,2919,Assembling a jigsaw puzzle,"Reach for, pick up, and attempt to fit puzzle piece",Adjusting puzzle piece,0.0023121454287320375,0
medium_40f_stride20:5399ef86-4df9-49bc-809f-8f4f92f9e659__ep6:qa:136,5399ef86-4df9-49bc-809f-8f4f92f9e659__ep6,test,2900,2939,Assembling a jigsaw puzzle,"Reach for, pick up, and attempt to fit puzzle piece",Adjusting puzzle piece,0.0022770343348383904,0
medium_40f_stride20:5399ef86-4df9-49bc-809f-8f4f92f9e659__ep6:qa:137,5399ef86-4df9-49bc-809f-8f4f92f9e659__ep6,test,2920,2959,Assembling a jigsaw puzzle,"Reach for, pick up, and attempt to fit puzzle piece",Adjusting puzzle piece,0.002283775946125388,0
medium_40f_stride20:5399ef86-4df9-49bc-809f-8f4f92f9e659__ep6:qa:138,5399ef86-4df9-49bc-809f-8f4f92f9e659__ep6,test,2940,2979,Assembling a jigsaw puzzle,"Reach for, pick up, and attempt to fit puzzle piece",Adjusting puzzle piece,0.0021786089055240154,0
medium_40f_stride20:5399ef86-4df9-49bc-809f-8f4f92f9e659__ep6:qa:139,5399ef86-4df9-49bc-809f-8f4f92f9e659__ep6,test,2960,2999,Assembling a jigsaw puzzle,"Reach for, pick up, and attempt to fit puzzle piece",Adjusting puzzle piece,0.0019571855664253235,0
medium_40f_stride20:5399ef86-4df9-49bc-809f-8f4f92f9e659__ep6:qa:140,5399ef86-4df9-49bc-809f-8f4f92f9e659__ep6,test,3000,3039,Assembling a jigsaw puzzle,"Reach for, pick up, and attempt to fit puzzle piece",Adjusting puzzle piece,0.002314796205610037,0
medium_40f_stride20:5399ef86-4df9-49bc-809f-8f4f92f9e659__ep6:qa:141,5399ef86-4df9-49bc-809f-8f4f92f9e659__ep6,test,3020,3059,Assembling a jigsaw puzzle,"Reach for, pick up, and attempt to fit puzzle piece",Adjusting puzzle piece,0.0023357945028692484,0
medium_40f_stride20:5399ef86-4df9-49bc-809f-8f4f92f9e659__ep6:qa:142,5399ef86-4df9-49bc-809f-8f4f92f9e659__ep6,test,3040,3079,Assembling a jigsaw puzzle,"Reach for, pick up, and attempt to fit puzzle piece",Adjusting puzzle piece,0.002337721176445484,0
medium_40f_stride20:5399ef86-4df9-49bc-809f-8f4f92f9e659__ep6:qa:148,5399ef86-4df9-49bc-809f-8f4f92f9e659__ep6,test,3200,3239,Assembling a jigsaw puzzle,"Reach for, pick up, and attempt to fit puzzle piece",Adjusting puzzle piece,0.002253022277727723,0
medium_40f_stride20:5399ef86-4df9-49bc-809f-8f4f92f9e659__ep6:qa:149,5399ef86-4df9-49bc-809f-8f4f92f9e659__ep6,test,3220,3259,Assembling a jigsaw puzzle,"Reach for, pick up, and attempt to fit puzzle piece",Manipulating puzzle pieces,0.0021556029096245766,0
medium_40f_stride20:5399ef86-4df9-49bc-809f-8f4f92f9e659__ep6:qa:150,5399ef86-4df9-49bc-809f-8f4f92f9e659__ep6,test,3240,3279,Assembling a jigsaw puzzle,"Reach for, pick up, and attempt to fit puzzle piece",Adjusting puzzle piece,0.002330212388187647,0
medium_40f_stride20:5399ef86-4df9-49bc-809f-8f4f92f9e659__ep6:qa:151,5399ef86-4df9-49bc-809f-8f4f92f9e659__ep6,test,3260,3299,Assembling a jigsaw puzzle,"Reach for, pick up, and attempt to fit puzzle piece",Finishing cutting and switching to phone,0.002127382205799222,0
medium_40f_stride20:5399ef86-4df9-49bc-809f-8f4f92f9e659__ep6:qa:152,5399ef86-4df9-49bc-809f-8f4f92f9e659__ep6,test,3280,3319,Assembling a jigsaw puzzle,"Reach for, pick up, and attempt to fit puzzle piece","Moving, placing, and adjusting puzzle pieces",0.0022907310631126165,0
medium_40f_stride20:5399ef86-4df9-49bc-809f-8f4f92f9e659__ep6:qa:153,5399ef86-4df9-49bc-809f-8f4f92f9e659__ep6,test,3300,3339,Assembling a jigsaw puzzle,"Reach for, pick up, and attempt to fit puzzle piece",Adjusting puzzle piece,0.0021381238475441933,0
medium_40f_stride20:5399ef86-4df9-49bc-809f-8f4f92f9e659__ep6:qa:154,5399ef86-4df9-49bc-809f-8f4f92f9e659__ep6,test,3320,3359,Assembling a jigsaw puzzle,"Reach for, pick up, and attempt to fit puzzle piece",Adjusting puzzle piece,0.002369547262787819,0
medium_40f_stride20:5399ef86-4df9-49bc-809f-8f4f92f9e659__ep6:qa:155,5399ef86-4df9-49bc-809f-8f4f92f9e659__ep6,test,3340,3379,Assembling a jigsaw puzzle,"Reach for, pick up, and attempt to fit puzzle piece",Adjusting puzzle piece,0.0021053010132163763,0
medium_40f_stride20:5399ef86-4df9-49bc-809f-8f4f92f9e659__ep6:qa:156,5399ef86-4df9-49bc-809f-8f4f92f9e659__ep6,test,3360,3399,Assembling a jigsaw puzzle,"Reach for, pick up, and attempt to fit puzzle piece",Adjusting puzzle piece,0.0022505931556224823,0
medium_40f_stride20:5399ef86-4df9-49bc-809f-8f4f92f9e659__ep6:qa:157,5399ef86-4df9-49bc-809f-8f4f92f9e659__ep6,test,3380,3419,Assembling a jigsaw puzzle,"Reach for, pick up, and attempt to fit puzzle piece",Adjusting puzzle piece,0.0021126868668943644,0
medium_40f_stride20:5399ef86-4df9-49bc-809f-8f4f92f9e659__ep6:qa:176,5399ef86-4df9-49bc-809f-8f4f92f9e659__ep6,test,3800,3839,Assembling a jigsaw puzzle,Sort puzzle pieces,Adjusting puzzle piece,0.0022029357496649027,0
medium_40f_stride20:5399ef86-4df9-49bc-809f-8f4f92f9e659__ep6:qa:177,5399ef86-4df9-49bc-809f-8f4f92f9e659__ep6,test,3820,3859,Assembling a jigsaw puzzle,Sort puzzle pieces,Adjusting puzzle piece,0.002342348685488105,0
medium_40f_stride20:5399ef86-4df9-49bc-809f-8f4f92f9e659__ep6:qa:178,5399ef86-4df9-49bc-809f-8f4f92f9e659__ep6,test,3840,3879,Assembling a jigsaw puzzle,Sort puzzle pieces,Adjusting puzzle piece,0.0022746671456843615,0
medium_40f_stride20:5399ef86-4df9-49bc-809f-8f4f92f9e659__ep6:qa:179,5399ef86-4df9-49bc-809f-8f4f92f9e659__ep6,test,3860,3899,Assembling a jigsaw puzzle,Sort puzzle pieces,Adjusting puzzle piece,0.0022283659782260656,0
medium_40f_stride20:5399ef86-4df9-49bc-809f-8f4f92f9e659__ep6:qa:180,5399ef86-4df9-49bc-809f-8f4f92f9e659__ep6,test,3880,3919,Assembling a jigsaw puzzle,Sort puzzle pieces,Adjusting puzzle piece,0.0022638130467385054,0
medium_40f_stride20:5399ef86-4df9-49bc-809f-8f4f92f9e659__ep6:qa:181,5399ef86-4df9-49bc-809f-8f4f92f9e659__ep6,test,3900,3939,Assembling a jigsaw puzzle,Sort puzzle pieces,Adjusting puzzle piece,0.0022854595445096493,0
medium_40f_stride20:5399ef86-4df9-49bc-809f-8f4f92f9e659__ep6:qa:182,5399ef86-4df9-49bc-809f-8f4f92f9e659__ep6,test,3920,3959,Assembling a jigsaw puzzle,Sort puzzle pieces,Adjusting puzzle piece,0.002256004372611642,0
medium_40f_stride20:5399ef86-4df9-49bc-809f-8f4f92f9e659__ep6:qa:183,5399ef86-4df9-49bc-809f-8f4f92f9e659__ep6,test,3940,3979,Assembling a jigsaw puzzle,Sort puzzle pieces,Adjusting puzzle piece,0.002398136304691434,0
medium_40f_stride20:5399ef86-4df9-49bc-809f-8f4f92f9e659__ep6:qa:184,5399ef86-4df9-49bc-809f-8f4f92f9e659__ep6,test,3960,3999,Assembling a jigsaw puzzle,Sort puzzle pieces,Adjusting puzzle piece,0.0022293084766715765,0
medium_40f_stride20:b750fab3-7fbb-43a0-b451-c64c4d4a64da__ep1:qa:0,b750fab3-7fbb-43a0-b451-c64c4d4a64da__ep1,test,0,39,Crafting with beads and paper strips,Walking to the crafting area,Prepare workspace and tools,0.002015190664678812,0
medium_40f_stride20:b750fab3-7fbb-43a0-b451-c64c4d4a64da__ep1:qa:1,b750fab3-7fbb-43a0-b451-c64c4d4a64da__ep1,test,20,59,Crafting with beads and paper strips,Walking to the crafting area,Prepare workspace and tools,0.001995677826926112,0
medium_40f_stride20:b750fab3-7fbb-43a0-b451-c64c4d4a64da__ep1:qa:2,b750fab3-7fbb-43a0-b451-c64c4d4a64da__ep1,test,40,79,Crafting with beads and paper strips,Walking to the crafting area,Prepare workspace and tools,0.0020385878160595894,0
medium_40f_stride20:b750fab3-7fbb-43a0-b451-c64c4d4a64da__ep1:qa:3,b750fab3-7fbb-43a0-b451-c64c4d4a64da__ep1,test,60,99,Crafting with beads and paper strips,Walking to the crafting area,Folding paper strips while using phone,0.0019923397339880466,0
medium_40f_stride20:b750fab3-7fbb-43a0-b451-c64c4d4a64da__ep1:qa:4,b750fab3-7fbb-43a0-b451-c64c4d4a64da__ep1,test,80,119,Crafting with beads and paper strips,Walking to the crafting area,Prepare workspace and tools,0.00200811680406332,0
medium_40f_stride20:b750fab3-7fbb-43a0-b451-c64c4d4a64da__ep1:qa:5,b750fab3-7fbb-43a0-b451-c64c4d4a64da__ep1,test,100,139,Crafting with beads and paper strips,Walking to the crafting area,Folding paper strips while using phone,0.001974330749362707,0
medium_40f_stride20:b750fab3-7fbb-43a0-b451-c64c4d4a64da__ep1:qa:19,b750fab3-7fbb-43a0-b451-c64c4d4a64da__ep1,test,400,439,Crafting with beads and paper strips,Preparing materials,Arrange paper strips,0.002024069894105196,0
medium_40f_stride20:b750fab3-7fbb-43a0-b451-c64c4d4a64da__ep1:qa:20,b750fab3-7fbb-43a0-b451-c64c4d4a64da__ep1,test,420,459,Crafting with beads and paper strips,Preparing materials,Arrange paper strips,0.00201508030295372,0
medium_40f_stride20:b750fab3-7fbb-43a0-b451-c64c4d4a64da__ep1:qa:21,b750fab3-7fbb-43a0-b451-c64c4d4a64da__ep1,test,440,479,Crafting with beads and paper strips,Preparing materials,Arrange paper strips,0.002049926435574889,0
medium_40f_stride20:b750fab3-7fbb-43a0-b451-c64c4d4a64da__ep1:qa:22,b750fab3-7fbb-43a0-b451-c64c4d4a64da__ep1,test,460,499,Crafting with beads and paper strips,Preparing materials,Arrange paper strips,0.001998333493247628,0
medium_40f_stride20:b750fab3-7fbb-43a0-b451-c64c4d4a64da__ep1:qa:23,b750fab3-7fbb-43a0-b451-c64c4d4a64da__ep1,test,480,519,Crafting with beads and paper strips,Preparing materials,Folding paper strips while using phone,0.002005652291700244,0
medium_40f_stride20:b750fab3-7fbb-43a0-b451-c64c4d4a64da__ep1:qa:24,b750fab3-7fbb-43a0-b451-c64c4d4a64da__ep1,test,500,539,Crafting with beads and paper strips,Preparing materials,Folding paper strips while using phone,0.00199166894890368,0
medium_40f_stride20:b750fab3-7fbb-43a0-b451-c64c4d4a64da__ep1:qa:25,b750fab3-7fbb-43a0-b451-c64c4d4a64da__ep1,test,520,559,Crafting with beads and paper strips,Preparing materials,Folding paper strips while using phone,0.0020237069111317396,0
medium_40f_stride20:b750fab3-7fbb-43a0-b451-c64c4d4a64da__ep1:qa:26,b750fab3-7fbb-43a0-b451-c64c4d4a64da__ep1,test,560,599,Crafting with beads and paper strips,Preparing materials,Folding paper strips while using phone,0.002024032175540924,0
medium_40f_stride20:b750fab3-7fbb-43a0-b451-c64c4d4a64da__ep1:qa:27,b750fab3-7fbb-43a0-b451-c64c4d4a64da__ep1,test,580,619,Crafting with beads and paper strips,Preparing materials,Placing product bags on shelf,0.0019528279080986977,0
medium_40f_stride20:b750fab3-7fbb-43a0-b451-c64c4d4a64da__ep1:qa:28,b750fab3-7fbb-43a0-b451-c64c4d4a64da__ep1,test,600,639,Crafting with beads and paper strips,Preparing materials,Folding paper strips while using phone,0.002017577877268195,0
medium_40f_stride20:b750fab3-7fbb-43a0-b451-c64c4d4a64da__ep1:qa:29,b750fab3-7fbb-43a0-b451-c64c4d4a64da__ep1,test,620,659,Crafting with beads and paper strips,Preparing materials,Folding paper strips while using phone,0.0019926317036151886,0
medium_40f_stride20:b750fab3-7fbb-43a0-b451-c64c4d4a64da__ep1:qa:30,b750fab3-7fbb-43a0-b451-c64c4d4a64da__ep1,test,640,679,Crafting with beads and paper strips,Preparing materials,Folding paper strips while using phone,0.0020458016078919172,0
medium_40f_stride20:b750fab3-7fbb-43a0-b451-c64c4d4a64da__ep1:qa:31,b750fab3-7fbb-43a0-b451-c64c4d4a64da__ep1,test,680,719,Crafting with beads and paper strips,Using phone,Folding paper strips while using phone,0.0020261930767446756,0
medium_40f_stride20:b750fab3-7fbb-43a0-b451-c64c4d4a64da__ep1:qa:32,b750fab3-7fbb-43a0-b451-c64c4d4a64da__ep1,test,700,739,Crafting with beads and paper strips,Using phone,Folding paper strips,0.002007189206779003,0
medium_40f_stride20:b750fab3-7fbb-43a0-b451-c64c4d4a64da__ep1:qa:33,b750fab3-7fbb-43a0-b451-c64c4d4a64da__ep1,test,720,759,Crafting with beads and paper strips,Using phone,Manipulate paper strips,0.0019938868936151266,0
medium_40f_stride20:b750fab3-7fbb-43a0-b451-c64c4d4a64da__ep1:qa:34,b750fab3-7fbb-43a0-b451-c64c4d4a64da__ep1,test,740,779,Crafting with beads and paper strips,Using phone,Release paper strip,0.0019900244660675526,0
medium_40f_stride20:b750fab3-7fbb-43a0-b451-c64c4d4a64da__ep1:qa:35,b750fab3-7fbb-43a0-b451-c64c4d4a64da__ep1,test,760,799,Crafting with beads and paper strips,Using phone,Manipulate paper strips,0.0019989332649856806,0
medium_40f_stride20:b750fab3-7fbb-43a0-b451-c64c4d4a64da__ep1:qa:36,b750fab3-7fbb-43a0-b451-c64c4d4a64da__ep1,test,800,839,Crafting with beads and paper strips,Using phone,Manipulate paper strips,0.0019818833097815514,0
medium_40f_stride20:b750fab3-7fbb-43a0-b451-c64c4d4a64da__ep1:qa:37,b750fab3-7fbb-43a0-b451-c64c4d4a64da__ep1,test,820,859,Crafting with beads and paper strips,Using phone,Manipulate paper strips,0.0019722168799489737,0
medium_40f_stride20:b750fab3-7fbb-43a0-b451-c64c4d4a64da__ep1:qa:38,b750fab3-7fbb-43a0-b451-c64c4d4a64da__ep1,test,840,879,Crafting with beads and paper strips,Using phone,Manipulate paper strips,0.002001870656386018,0
medium_40f_stride20:b750fab3-7fbb-43a0-b451-c64c4d4a64da__ep1:qa:39,b750fab3-7fbb-43a0-b451-c64c4d4a64da__ep1,test,860,899,Crafting with beads and paper strips,Using phone,Folding paper strips while using phone,0.0019827696960419416,0
medium_40f_stride20:b750fab3-7fbb-43a0-b451-c64c4d4a64da__ep1:qa:40,b750fab3-7fbb-43a0-b451-c64c4d4a64da__ep1,test,880,919,Crafting with beads and paper strips,Using phone,Folding paper strips while using phone,0.002005071844905615,0
medium_40f_stride20:b750fab3-7fbb-43a0-b451-c64c4d4a64da__ep1:qa:41,b750fab3-7fbb-43a0-b451-c64c4d4a64da__ep1,test,900,939,Crafting with beads and paper strips,Using phone,Folding paper strips while using phone,0.0019221528200432658,0
medium_40f_stride20:b750fab3-7fbb-43a0-b451-c64c4d4a64da__ep1:qa:65,b750fab3-7fbb-43a0-b451-c64c4d4a64da__ep1,test,1400,1439,Crafting with beads and paper strips,Assembling material pieces,Manipulate paper strips,0.0019663525745272636,0
medium_40f_stride20:b750fab3-7fbb-43a0-b451-c64c4d4a64da__ep1:qa:66,b750fab3-7fbb-43a0-b451-c64c4d4a64da__ep1,test,1420,1459,Crafting with beads and paper strips,Assembling material pieces,Manipulate paper strips,0.001966751180589199,0
medium_40f_stride20:b750fab3-7fbb-43a0-b451-c64c4d4a64da__ep1:qa:67,b750fab3-7fbb-43a0-b451-c64c4d4a64da__ep1,test,1440,1479,Crafting with beads and paper strips,Assembling material pieces,Manipulate paper strips,0.0020541218109428883,0
medium_40f_stride20:b750fab3-7fbb-43a0-b451-c64c4d4a64da__ep1:qa:68,b750fab3-7fbb-43a0-b451-c64c4d4a64da__ep1,test,1480,1519,Crafting with beads and paper strips,Assembling material pieces,Manipulate paper strips,0.001954136649146676,0
medium_40f_stride20:b750fab3-7fbb-43a0-b451-c64c4d4a64da__ep1:qa:69,b750fab3-7fbb-43a0-b451-c64c4d4a64da__ep1,test,1500,1539,Crafting with beads and paper strips,Assembling material pieces,Stacking cardboard pieces,0.002206619828939438,0
medium_40f_stride20:b750fab3-7fbb-43a0-b451-c64c4d4a64da__ep1:qa:70,b750fab3-7fbb-43a0-b451-c64c4d4a64da__ep1,test,1520,1559,Crafting with beads and paper strips,Assembling material pieces,Manipulate paper strips,0.0019751654472202063,0
medium_40f_stride20:b750fab3-7fbb-43a0-b451-c64c4d4a64da__ep1:qa:71,b750fab3-7fbb-43a0-b451-c64c4d4a64da__ep1,test,1540,1579,Crafting with beads and paper strips,Assembling material pieces,Manipulate paper strips,0.0019229432800784707,0
medium_40f_stride20:b750fab3-7fbb-43a0-b451-c64c4d4a64da__ep1:qa:72,b750fab3-7fbb-43a0-b451-c64c4d4a64da__ep1,test,1560,1599,Crafting with beads and paper strips,Assembling material pieces,Manipulate paper strips,0.0019732420332729816,0
medium_40f_stride20:b750fab3-7fbb-43a0-b451-c64c4d4a64da__ep1:qa:73,b750fab3-7fbb-43a0-b451-c64c4d4a64da__ep1,test,1580,1619,Crafting with beads and paper strips,Assembling material pieces,Transport cereal to shelf,0.0019299911800771952,0
medium_40f_stride20:b750fab3-7fbb-43a0-b451-c64c4d4a64da__ep1:qa:74,b750fab3-7fbb-43a0-b451-c64c4d4a64da__ep1,test,1600,1639,Crafting with beads and paper strips,Assembling material pieces,Folding paper strips while using phone,0.0019778332207351923,0
medium_40f_stride20:b750fab3-7fbb-43a0-b451-c64c4d4a64da__ep1:qa:75,b750fab3-7fbb-43a0-b451-c64c4d4a64da__ep1,test,1640,1679,Crafting with beads and paper strips,Assembling material pieces,Manipulate paper strips,0.0019527414115145802,0
medium_40f_stride20:b750fab3-7fbb-43a0-b451-c64c4d4a64da__ep1:qa:76,b750fab3-7fbb-43a0-b451-c64c4d4a64da__ep1,test,1660,1699,Crafting with beads and paper strips,Manipulating yellow strips,Folding paper strips while using phone,0.0019597667269408703,0
medium_40f_stride20:b750fab3-7fbb-43a0-b451-c64c4d4a64da__ep1:qa:77,b750fab3-7fbb-43a0-b451-c64c4d4a64da__ep1,test,1680,1719,Crafting with beads and paper strips,Manipulating yellow strips,Folding paper strips while using phone,0.001979031367227435,0
medium_40f_stride20:b750fab3-7fbb-43a0-b451-c64c4d4a64da__ep1:qa:78,b750fab3-7fbb-43a0-b451-c64c4d4a64da__ep1,test,1700,1739,Crafting with beads and paper strips,Manipulating yellow strips,Folding paper strips while using phone,0.002082388149574399,0
medium_40f_stride20:b750fab3-7fbb-43a0-b451-c64c4d4a64da__ep1:qa:79,b750fab3-7fbb-43a0-b451-c64c4d4a64da__ep1,test,1720,1759,Crafting with beads and paper strips,Manipulating yellow strips,folding paper strip and typing on smartphone,0.0019260637927800417,0
medium_40f_stride20:b750fab3-7fbb-43a0-b451-c64c4d4a64da__ep1:qa:80,b750fab3-7fbb-43a0-b451-c64c4d4a64da__ep1,test,1740,1779,Crafting with beads and paper strips,Manipulating yellow strips,Folding paper strips while using phone,0.0019474511500447989,0
medium_40f_stride20:b750fab3-7fbb-43a0-b451-c64c4d4a64da__ep1:qa:82,b750fab3-7fbb-43a0-b451-c64c4d4a64da__ep1,test,1800,1839,Crafting with beads and paper strips,Manipulating yellow strips,Manipulate paper strips,0.0019573087338358164,0
medium_40f_stride20:b750fab3-7fbb-43a0-b451-c64c4d4a64da__ep1:qa:83,b750fab3-7fbb-43a0-b451-c64c4d4a64da__ep1,test,1820,1859,Crafting with beads and paper strips,Manipulating yellow strips,Folding paper strips while using phone,0.001878999057225883,0
medium_40f_stride20:b750fab3-7fbb-43a0-b451-c64c4d4a64da__ep1:qa:84,b750fab3-7fbb-43a0-b451-c64c4d4a64da__ep1,test,1840,1879,Crafting with beads and paper strips,Manipulating yellow strips,Folding paper strips while using phone,0.0019630310125648975,0
medium_40f_stride20:b750fab3-7fbb-43a0-b451-c64c4d4a64da__ep1:qa:85,b750fab3-7fbb-43a0-b451-c64c4d4a64da__ep1,test,1860,1899,Crafting with beads and paper strips,Manipulating yellow strips,Folding paper strips while using phone,0.0020100721158087254,0
medium_40f_stride20:b750fab3-7fbb-43a0-b451-c64c4d4a64da__ep1:qa:86,b750fab3-7fbb-43a0-b451-c64c4d4a64da__ep1,test,1880,1919,Crafting with beads and paper strips,Manipulating yellow strips,Folding paper strips while using phone,0.001984937582165003,0
medium_40f_stride20:b750fab3-7fbb-43a0-b451-c64c4d4a64da__ep1:qa:87,b750fab3-7fbb-43a0-b451-c64c4d4a64da__ep1,test,1900,1939,Crafting with beads and paper strips,Manipulating yellow strips,Draw and reposition ruler,0.0018676205072551966,0
medium_40f_stride20:b750fab3-7fbb-43a0-b451-c64c4d4a64da__ep1:qa:88,b750fab3-7fbb-43a0-b451-c64c4d4a64da__ep1,test,1920,1959,Crafting with beads and paper strips,Manipulating yellow strips,Manipulate paper strips,0.0019546053372323513,0
medium_40f_stride20:b750fab3-7fbb-43a0-b451-c64c4d4a64da__ep1:qa:111,b750fab3-7fbb-43a0-b451-c64c4d4a64da__ep1,test,2400,2439,Crafting with beads and paper strips,Working with paper strips,Cut light green fabric,0.002022763481363654,0
medium_40f_stride20:b750fab3-7fbb-43a0-b451-c64c4d4a64da__ep1:qa:112,b750fab3-7fbb-43a0-b451-c64c4d4a64da__ep1,test,2420,2459,Crafting with beads and paper strips,Working with paper strips,Folding paper strips,0.0018557406729087234,0
medium_40f_stride20:b750fab3-7fbb-43a0-b451-c64c4d4a64da__ep1:qa:113,b750fab3-7fbb-43a0-b451-c64c4d4a64da__ep1,test,2440,2479,Crafting with beads and paper strips,Working with paper strips,Folding paper strips while using phone,0.001902419258840382,0
medium_40f_stride20:b750fab3-7fbb-43a0-b451-c64c4d4a64da__ep1:qa:114,b750fab3-7fbb-43a0-b451-c64c4d4a64da__ep1,test,2460,2499,Crafting with beads and paper strips,Working with paper strips,Folding paper strips while using phone,0.0019259947584941983,0
medium_40f_stride20:b750fab3-7fbb-43a0-b451-c64c4d4a64da__ep1:qa:115,b750fab3-7fbb-43a0-b451-c64c4d4a64da__ep1,test,2480,2519,Crafting with beads and paper strips,Working with paper strips,Folding paper strips while using phone,0.0018820995464920998,0
medium_40f_stride20:b750fab3-7fbb-43a0-b451-c64c4d4a64da__ep1:qa:116,b750fab3-7fbb-43a0-b451-c64c4d4a64da__ep1,test,2500,2539,Crafting with beads and paper strips,Working with paper strips,Folding paper strips while using phone,0.0018436069367453456,0
medium_40f_stride20:b750fab3-7fbb-43a0-b451-c64c4d4a64da__ep1:qa:140,b750fab3-7fbb-43a0-b451-c64c4d4a64da__ep1,test,3000,3039,Crafting with beads and paper strips,Working with paper strips,Manipulating paper strips,0.0018950568046420813,0
medium_40f_stride20:b750fab3-7fbb-43a0-b451-c64c4d4a64da__ep1:qa:141,b750fab3-7fbb-43a0-b451-c64c4d4a64da__ep1,test,3020,3059,Crafting with beads and paper strips,Working with paper strips,Folding paper strips while using phone,0.0019505959935486317,0
medium_40f_stride20:b750fab3-7fbb-43a0-b451-c64c4d4a64da__ep1:qa:142,b750fab3-7fbb-43a0-b451-c64c4d4a64da__ep1,test,3040,3079,Crafting with beads and paper strips,Working with paper strips,Manipulate paper strips,0.001918005757033825,0
medium_40f_stride20:b750fab3-7fbb-43a0-b451-c64c4d4a64da__ep1:qa:143,b750fab3-7fbb-43a0-b451-c64c4d4a64da__ep1,test,3060,3099,Crafting with beads and paper strips,Working with paper strips,Prepare for further marking,0.0018874808447435498,0
medium_40f_stride20:b750fab3-7fbb-43a0-b451-c64c4d4a64da__ep1:qa:144,b750fab3-7fbb-43a0-b451-c64c4d4a64da__ep1,test,3080,3119,Crafting with beads and paper strips,Working with paper strips,Folding paper strips,0.0019355013500899076,0
medium_40f_stride20:b750fab3-7fbb-43a0-b451-c64c4d4a64da__ep1:qa:145,b750fab3-7fbb-43a0-b451-c64c4d4a64da__ep1,test,3100,3139,Crafting with beads and paper strips,Working with paper strips,Marking cardboard,0.0018582288175821304,0
medium_40f_stride20:b750fab3-7fbb-43a0-b451-c64c4d4a64da__ep1:qa:146,b750fab3-7fbb-43a0-b451-c64c4d4a64da__ep1,test,3120,3159,Crafting with beads and paper strips,Working with paper strips,Manipulating paper strips,0.001870221458375454,0
medium_40f_stride20:b750fab3-7fbb-43a0-b451-c64c4d4a64da__ep1:qa:179,b750fab3-7fbb-43a0-b451-c64c4d4a64da__ep1,test,3800,3839,Crafting with beads and paper strips,Manipulating beads,Select and handle paper strips,0.0021256874315440655,0
medium_40f_stride20:b750fab3-7fbb-43a0-b451-c64c4d4a64da__ep1:qa:180,b750fab3-7fbb-43a0-b451-c64c4d4a64da__ep1,test,3820,3859,Crafting with beads and paper strips,Manipulating beads,Folding paper strips,0.001949005643837154,0
medium_40f_stride20:b750fab3-7fbb-43a0-b451-c64c4d4a64da__ep1:qa:181,b750fab3-7fbb-43a0-b451-c64c4d4a64da__ep1,test,3840,3879,Crafting with beads and paper strips,Manipulating beads,Select and handle paper strips,0.002068138215690851,0
medium_40f_stride20:b750fab3-7fbb-43a0-b451-c64c4d4a64da__ep1:qa:182,b750fab3-7fbb-43a0-b451-c64c4d4a64da__ep1,test,3860,3899,Crafting with beads and paper strips,Manipulating beads,Manipulating paper strips,0.0019038451137021184,0
medium_40f_stride20:b750fab3-7fbb-43a0-b451-c64c4d4a64da__ep1:qa:183,b750fab3-7fbb-43a0-b451-c64c4d4a64da__ep1,test,3880,3919,Crafting with beads and paper strips,Manipulating beads,Adjusting and placing down paper pieces,0.0021632013376802206,0
medium_40f_stride20:b750fab3-7fbb-43a0-b451-c64c4d4a64da__ep1:qa:184,b750fab3-7fbb-43a0-b451-c64c4d4a64da__ep1,test,3900,3939,Crafting with beads and paper strips,Manipulating beads,Manipulating paper strips,0.0019406141946092248,0
medium_40f_stride20:b750fab3-7fbb-43a0-b451-c64c4d4a64da__ep1:qa:185,b750fab3-7fbb-43a0-b451-c64c4d4a64da__ep1,test,3920,3959,Crafting with beads and paper strips,Manipulating beads,Manipulating paper strips,0.0019363125320523977,0
medium_40f_stride20:b750fab3-7fbb-43a0-b451-c64c4d4a64da__ep1:qa:208,b750fab3-7fbb-43a0-b451-c64c4d4a64da__ep1,test,4400,4439,Crafting with beads and paper strips,Manipulating beads,Manipulating paper strips,0.001910868682898581,0
medium_40f_stride20:b750fab3-7fbb-43a0-b451-c64c4d4a64da__ep1:qa:209,b750fab3-7fbb-43a0-b451-c64c4d4a64da__ep1,test,4420,4459,Crafting with beads and paper strips,Manipulating beads,Browse and interact with phone interface,0.001936964225023985,0
medium_40f_stride20:b750fab3-7fbb-43a0-b451-c64c4d4a64da__ep1:qa:210,b750fab3-7fbb-43a0-b451-c64c4d4a64da__ep1,test,4440,4479,Crafting with beads and paper strips,Manipulating beads,Placing down scissors,0.0019580950029194355,0
medium_40f_stride20:b750fab3-7fbb-43a0-b451-c64c4d4a64da__ep1:qa:211,b750fab3-7fbb-43a0-b451-c64c4d4a64da__ep1,test,4460,4499,Crafting with beads and paper strips,Manipulating beads,Manipulating paper strips,0.0019021908519789577,0
medium_40f_stride20:b750fab3-7fbb-43a0-b451-c64c4d4a64da__ep1:qa:212,b750fab3-7fbb-43a0-b451-c64c4d4a64da__ep1,test,4480,4519,Crafting with beads and paper strips,Manipulating beads,Writing on paper and reaching for beads,0.0019085734384134412,0
medium_40f_stride20:b750fab3-7fbb-43a0-b451-c64c4d4a64da__ep1:qa:213,b750fab3-7fbb-43a0-b451-c64c4d4a64da__ep1,test,4500,4539,Crafting with beads and paper strips,Manipulating beads,Observe workspace,0.001872809836640954,0
medium_40f_stride20:b750fab3-7fbb-43a0-b451-c64c4d4a64da__ep1:qa:214,b750fab3-7fbb-43a0-b451-c64c4d4a64da__ep1,test,4520,4559,Crafting with beads and paper strips,Manipulating beads,Sort beads and adjust phone,0.002108184155076742,0
medium_40f_stride20:b750fab3-7fbb-43a0-b451-c64c4d4a64da__ep1:qa:227,b750fab3-7fbb-43a0-b451-c64c4d4a64da__ep1,test,4800,4839,Crafting with beads and paper strips,Using phone and resuming work,Hold small object,0.0021264730021357536,0
medium_40f_stride20:b750fab3-7fbb-43a0-b451-c64c4d4a64da__ep1:qa:228,b750fab3-7fbb-43a0-b451-c64c4d4a64da__ep1,test,4820,4859,Crafting with beads and paper strips,Using phone and resuming work,Hold small object,0.00196628924459219,0
medium_40f_stride20:b750fab3-7fbb-43a0-b451-c64c4d4a64da__ep1:qa:229,b750fab3-7fbb-43a0-b451-c64c4d4a64da__ep1,test,4840,4879,Crafting with beads and paper strips,Using phone and resuming work,Hold small object,0.0019477669848129153,0
medium_40f_stride20:b750fab3-7fbb-43a0-b451-c64c4d4a64da__ep1:qa:230,b750fab3-7fbb-43a0-b451-c64c4d4a64da__ep1,test,4860,4899,Crafting with beads and paper strips,Using phone and resuming work,Hold small object,0.0019313899101689458,0
medium_40f_stride20:b750fab3-7fbb-43a0-b451-c64c4d4a64da__ep1:qa:231,b750fab3-7fbb-43a0-b451-c64c4d4a64da__ep1,test,4880,4919,Crafting with beads and paper strips,Working with paper strips,Move empty cardboard boxes,0.0021274187602102757,0
medium_40f_stride20:b750fab3-7fbb-43a0-b451-c64c4d4a64da__ep1:qa:232,b750fab3-7fbb-43a0-b451-c64c4d4a64da__ep1,test,4920,4959,Crafting with beads and paper strips,Working with paper strips,Place down paper strip,0.002359152538701892,0
medium_40f_stride20:b750fab3-7fbb-43a0-b451-c64c4d4a64da__ep1:qa:233,b750fab3-7fbb-43a0-b451-c64c4d4a64da__ep1,test,4940,4979,Crafting with beads and paper strips,Working with paper strips,Place down paper strip,0.0019741628784686327,0
medium_40f_stride20:b750fab3-7fbb-43a0-b451-c64c4d4a64da__ep1:qa:234,b750fab3-7fbb-43a0-b451-c64c4d4a64da__ep1,test,4960,4999,Crafting with beads and paper strips,Working with paper strips,Observe workspace,0.0019403391052037477,0
medium_40f_stride20:b750fab3-7fbb-43a0-b451-c64c4d4a64da__ep1:qa:235,b750fab3-7fbb-43a0-b451-c64c4d4a64da__ep1,test,5000,5039,Crafting with beads and paper strips,Working with paper strips,Resuming cutting cardboard,0.001989182783290744,0
medium_40f_stride20:b750fab3-7fbb-43a0-b451-c64c4d4a64da__ep1:qa:236,b750fab3-7fbb-43a0-b451-c64c4d4a64da__ep1,test,5020,5059,Crafting with beads and paper strips,Working with paper strips,Resuming cutting cardboard,0.0020072273910045624,0
medium_40f_stride20:b750fab3-7fbb-43a0-b451-c64c4d4a64da__ep1:qa:237,b750fab3-7fbb-43a0-b451-c64c4d4a64da__ep1,test,5040,5079,Crafting with beads and paper strips,Working with paper strips,Resuming cutting cardboard,0.0020164737943559885,0
medium_40f_stride20:b750fab3-7fbb-43a0-b451-c64c4d4a64da__ep1:qa:238,b750fab3-7fbb-43a0-b451-c64c4d4a64da__ep1,test,5060,5099,Crafting with beads and paper strips,Working with paper strips,Resuming cutting cardboard,0.0019359743455424905,0
medium_40f_stride20:b750fab3-7fbb-43a0-b451-c64c4d4a64da__ep1:qa:239,b750fab3-7fbb-43a0-b451-c64c4d4a64da__ep1,test,5080,5119,Crafting with beads and paper strips,Working with paper strips,Observe workspace,0.0019514956511557102,0
medium_40f_stride20:b750fab3-7fbb-43a0-b451-c64c4d4a64da__ep1:qa:240,b750fab3-7fbb-43a0-b451-c64c4d4a64da__ep1,test,5100,5139,Crafting with beads and paper strips,Working with paper strips,Resuming cutting cardboard,0.0019504465162754059,0
medium_40f_stride20:b750fab3-7fbb-43a0-b451-c64c4d4a64da__ep1:qa:241,b750fab3-7fbb-43a0-b451-c64c4d4a64da__ep1,test,5120,5159,Crafting with beads and paper strips,Working with paper strips,Resuming cutting cardboard,0.0019740164279937744,0
medium_40f_stride20:877779cd-25f3-4293-a3c4-39067dd9558c__ep4:qa:0,877779cd-25f3-4293-a3c4-39067dd9558c__ep4,test,0,39,Sorting and arranging buttons by color,Sort buttons by color,Arranging buttons on the table,0.002047969028353691,0
medium_40f_stride20:877779cd-25f3-4293-a3c4-39067dd9558c__ep4:qa:1,877779cd-25f3-4293-a3c4-39067dd9558c__ep4,test,20,59,Sorting and arranging buttons by color,Sort buttons by color,Arranging buttons on the table,0.0020897933281958103,0
medium_40f_stride20:877779cd-25f3-4293-a3c4-39067dd9558c__ep4:qa:2,877779cd-25f3-4293-a3c4-39067dd9558c__ep4,test,40,79,Sorting and arranging buttons by color,Sort buttons by color,Arranging buttons on the table,0.0020605651661753654,0
medium_40f_stride20:877779cd-25f3-4293-a3c4-39067dd9558c__ep4:qa:3,877779cd-25f3-4293-a3c4-39067dd9558c__ep4,test,60,99,Sorting and arranging buttons by color,Sort buttons by color,Arranging buttons on the table,0.0020405659452080727,0
medium_40f_stride20:877779cd-25f3-4293-a3c4-39067dd9558c__ep4:qa:4,877779cd-25f3-4293-a3c4-39067dd9558c__ep4,test,80,119,Sorting and arranging buttons by color,Sort buttons by color,Arranging buttons on the table,0.0020674399565905333,0
medium_40f_stride20:877779cd-25f3-4293-a3c4-39067dd9558c__ep4:qa:5,877779cd-25f3-4293-a3c4-39067dd9558c__ep4,test,100,139,Sorting and arranging buttons by color,Sort buttons by color,Arranging buttons on the table,0.0020255367271602154,0
medium_40f_stride20:877779cd-25f3-4293-a3c4-39067dd9558c__ep4:qa:6,877779cd-25f3-4293-a3c4-39067dd9558c__ep4,test,120,159,Sorting and arranging buttons by color,Sort buttons by color,Sorting orange buttons,0.0020574426744133234,0
medium_40f_stride20:877779cd-25f3-4293-a3c4-39067dd9558c__ep4:qa:7,877779cd-25f3-4293-a3c4-39067dd9558c__ep4,test,140,179,Sorting and arranging buttons by color,Sort buttons by color,Sorting orange buttons,0.0020408874843269587,0
medium_40f_stride20:877779cd-25f3-4293-a3c4-39067dd9558c__ep4:qa:8,877779cd-25f3-4293-a3c4-39067dd9558c__ep4,test,160,199,Sorting and arranging buttons by color,Sort buttons by color,Sorting orange buttons,0.002051072660833597,0
medium_40f_stride20:877779cd-25f3-4293-a3c4-39067dd9558c__ep4:qa:9,877779cd-25f3-4293-a3c4-39067dd9558c__ep4,test,180,219,Sorting and arranging buttons by color,Sort buttons by color,Arranging buttons on the table,0.001982115674763918,0
medium_40f_stride20:877779cd-25f3-4293-a3c4-39067dd9558c__ep4:qa:19,877779cd-25f3-4293-a3c4-39067dd9558c__ep4,test,400,439,Sorting and arranging buttons by color,Arrange buttons,Arranging buttons,0.0020510824397206306,0
medium_40f_stride20:877779cd-25f3-4293-a3c4-39067dd9558c__ep4:qa:20,877779cd-25f3-4293-a3c4-39067dd9558c__ep4,test,420,459,Sorting and arranging buttons by color,Arrange buttons,Arranging buttons,0.002036803402006626,0
medium_40f_stride20:877779cd-25f3-4293-a3c4-39067dd9558c__ep4:qa:21,877779cd-25f3-4293-a3c4-39067dd9558c__ep4,test,440,479,Sorting and arranging buttons by color,Arrange buttons,Arranging buttons,0.002071917289867997,0
medium_40f_stride20:877779cd-25f3-4293-a3c4-39067dd9558c__ep4:qa:22,877779cd-25f3-4293-a3c4-39067dd9558c__ep4,test,460,499,Sorting and arranging buttons by color,Arrange buttons,Arranging buttons,0.0020367582328617573,0
medium_40f_stride20:877779cd-25f3-4293-a3c4-39067dd9558c__ep4:qa:23,877779cd-25f3-4293-a3c4-39067dd9558c__ep4,test,480,519,Sorting and arranging buttons by color,Arrange buttons,Arranging buttons,0.0020638119895011187,0
medium_40f_stride20:877779cd-25f3-4293-a3c4-39067dd9558c__ep4:qa:24,877779cd-25f3-4293-a3c4-39067dd9558c__ep4,test,500,539,Sorting and arranging buttons by color,Arrange buttons,Arranging buttons,0.0019758122507482767,0
medium_40f_stride20:877779cd-25f3-4293-a3c4-39067dd9558c__ep4:qa:25,877779cd-25f3-4293-a3c4-39067dd9558c__ep4,test,520,559,Sorting and arranging buttons by color,Arrange buttons,Arranging buttons,0.002032183576375246,0
medium_40f_stride20:877779cd-25f3-4293-a3c4-39067dd9558c__ep4:qa:26,877779cd-25f3-4293-a3c4-39067dd9558c__ep4,test,540,579,Sorting and arranging buttons by color,Arrange buttons,Sorting orange buttons,0.0019472534768283367,0
medium_40f_stride20:877779cd-25f3-4293-a3c4-39067dd9558c__ep4:qa:27,877779cd-25f3-4293-a3c4-39067dd9558c__ep4,test,560,599,Sorting and arranging buttons by color,Arrange buttons,Arranging buttons,0.002041654894128442,0
medium_40f_stride20:877779cd-25f3-4293-a3c4-39067dd9558c__ep4:qa:28,877779cd-25f3-4293-a3c4-39067dd9558c__ep4,test,580,619,Sorting and arranging buttons by color,Arrange buttons,Placing product bags on shelf,0.001983513357117772,0
medium_40f_stride20:877779cd-25f3-4293-a3c4-39067dd9558c__ep4:qa:48,877779cd-25f3-4293-a3c4-39067dd9558c__ep4,test,1000,1039,Sorting and arranging buttons by color,Arrange buttons in a line,Sorting orange buttons,0.0020786586683243513,0
medium_40f_stride20:877779cd-25f3-4293-a3c4-39067dd9558c__ep4:qa:49,877779cd-25f3-4293-a3c4-39067dd9558c__ep4,test,1020,1059,Sorting and arranging buttons by color,Arrange buttons in a line,Sorting orange buttons,0.0020297341980040073,0
medium_40f_stride20:877779cd-25f3-4293-a3c4-39067dd9558c__ep4:qa:50,877779cd-25f3-4293-a3c4-39067dd9558c__ep4,test,1040,1079,Sorting and arranging buttons by color,Arrange buttons in a line,Sorting orange buttons,0.0020596981048583984,0
medium_40f_stride20:877779cd-25f3-4293-a3c4-39067dd9558c__ep4:qa:51,877779cd-25f3-4293-a3c4-39067dd9558c__ep4,test,1060,1099,Sorting and arranging buttons by color,Arrange buttons in a line,Sorting orange buttons,0.002050751121714711,0
medium_40f_stride20:877779cd-25f3-4293-a3c4-39067dd9558c__ep4:qa:52,877779cd-25f3-4293-a3c4-39067dd9558c__ep4,test,1080,1119,Sorting and arranging buttons by color,Arrange buttons in a line,Sorting orange buttons,0.0020752549171447754,0
medium_40f_stride20:877779cd-25f3-4293-a3c4-39067dd9558c__ep4:qa:53,877779cd-25f3-4293-a3c4-39067dd9558c__ep4,test,1100,1139,Sorting and arranging buttons by color,Arrange buttons in a line,Sorting orange buttons,0.001973778707906604,0
medium_40f_stride20:877779cd-25f3-4293-a3c4-39067dd9558c__ep4:qa:54,877779cd-25f3-4293-a3c4-39067dd9558c__ep4,test,1120,1159,Sorting and arranging buttons by color,Arrange buttons in a line,Sorting orange buttons,0.002025803318247199,0
medium_40f_stride20:877779cd-25f3-4293-a3c4-39067dd9558c__ep4:qa:55,877779cd-25f3-4293-a3c4-39067dd9558c__ep4,test,1140,1179,Sorting and arranging buttons by color,Arrange buttons in a line,Sorting orange buttons,0.0020347863901406527,0
medium_40f_stride20:877779cd-25f3-4293-a3c4-39067dd9558c__ep4:qa:56,877779cd-25f3-4293-a3c4-39067dd9558c__ep4,test,1160,1199,Sorting and arranging buttons by color,Arrange buttons in a line,Sorting orange buttons,0.0020516328513622284,0
medium_40f_stride20:877779cd-25f3-4293-a3c4-39067dd9558c__ep4:qa:57,877779cd-25f3-4293-a3c4-39067dd9558c__ep4,test,1180,1219,Sorting and arranging buttons by color,Arrange buttons in a line,Sorting orange buttons,0.0019630691967904568,0
medium_40f_stride20:877779cd-25f3-4293-a3c4-39067dd9558c__ep4:qa:67,877779cd-25f3-4293-a3c4-39067dd9558c__ep4,test,1400,1439,Sorting and arranging buttons by color,Sort and arrange buttons,Sorting orange button,0.002038505394011736,0
medium_40f_stride20:877779cd-25f3-4293-a3c4-39067dd9558c__ep4:qa:68,877779cd-25f3-4293-a3c4-39067dd9558c__ep4,test,1420,1459,Sorting and arranging buttons by color,Sort and arrange buttons,Sorting orange button,0.002030607545748353,0
medium_40f_stride20:877779cd-25f3-4293-a3c4-39067dd9558c__ep4:qa:69,877779cd-25f3-4293-a3c4-39067dd9558c__ep4,test,1440,1479,Sorting and arranging buttons by color,Sort and arrange buttons,Sorting orange button,0.002025531604886055,0
medium_40f_stride20:877779cd-25f3-4293-a3c4-39067dd9558c__ep4:qa:70,877779cd-25f3-4293-a3c4-39067dd9558c__ep4,test,1460,1499,Sorting and arranging buttons by color,Sort and arrange buttons,Sorting orange buttons,0.0020576987881213427,0
medium_40f_stride20:877779cd-25f3-4293-a3c4-39067dd9558c__ep4:qa:71,877779cd-25f3-4293-a3c4-39067dd9558c__ep4,test,1480,1519,Sorting and arranging buttons by color,Sort and arrange buttons,Sorting orange button,0.002067407825961709,0
medium_40f_stride20:877779cd-25f3-4293-a3c4-39067dd9558c__ep4:qa:72,877779cd-25f3-4293-a3c4-39067dd9558c__ep4,test,1500,1539,Sorting and arranging buttons by color,Sort and arrange buttons,Stacking cardboard pieces,0.0021507495548576117,0
medium_40f_stride20:877779cd-25f3-4293-a3c4-39067dd9558c__ep4:qa:73,877779cd-25f3-4293-a3c4-39067dd9558c__ep4,test,1520,1559,Sorting and arranging buttons by color,Sort and arrange buttons,Sorting orange button,0.0020263181068003178,0
medium_40f_stride20:877779cd-25f3-4293-a3c4-39067dd9558c__ep4:qa:74,877779cd-25f3-4293-a3c4-39067dd9558c__ep4,test,1540,1579,Sorting and arranging buttons by color,Sort and arrange buttons,Sorting orange button,0.001978717977181077,0
medium_40f_stride20:877779cd-25f3-4293-a3c4-39067dd9558c__ep4:qa:75,877779cd-25f3-4293-a3c4-39067dd9558c__ep4,test,1560,1599,Sorting and arranging buttons by color,Sort and arrange buttons,Sorting orange button,0.0020267879590392113,0
medium_40f_stride20:877779cd-25f3-4293-a3c4-39067dd9558c__ep4:qa:76,877779cd-25f3-4293-a3c4-39067dd9558c__ep4,test,1580,1619,Sorting and arranging buttons by color,Sort and arrange buttons,Transport cereal to shelf,0.001975470222532749,0
medium_40f_stride20:877779cd-25f3-4293-a3c4-39067dd9558c__ep4:qa:96,877779cd-25f3-4293-a3c4-39067dd9558c__ep4,test,2000,2039,Sorting and arranging buttons by color,Pick up and place buttons,Sorting orange buttons,0.0020125904120504856,0
medium_40f_stride20:877779cd-25f3-4293-a3c4-39067dd9558c__ep4:qa:97,877779cd-25f3-4293-a3c4-39067dd9558c__ep4,test,2020,2059,Sorting and arranging buttons by color,Pick up and place buttons,Sorting orange buttons,0.0020358713809400797,0
medium_40f_stride20:877779cd-25f3-4293-a3c4-39067dd9558c__ep4:qa:98,877779cd-25f3-4293-a3c4-39067dd9558c__ep4,test,2040,2079,Sorting and arranging buttons by color,Pick up and place buttons,Arranging orange buttons,0.0020153792575001717,0
medium_40f_stride20:877779cd-25f3-4293-a3c4-39067dd9558c__ep4:qa:99,877779cd-25f3-4293-a3c4-39067dd9558c__ep4,test,2060,2099,Sorting and arranging buttons by color,Pick up and place buttons,Arranging orange buttons,0.0020066318102180958,0
medium_40f_stride20:877779cd-25f3-4293-a3c4-39067dd9558c__ep4:qa:100,877779cd-25f3-4293-a3c4-39067dd9558c__ep4,test,2080,2119,Sorting and arranging buttons by color,Pick up and place buttons,Sorting orange buttons,0.002022415865212679,0
medium_40f_stride20:877779cd-25f3-4293-a3c4-39067dd9558c__ep4:qa:101,877779cd-25f3-4293-a3c4-39067dd9558c__ep4,test,2100,2139,Sorting and arranging buttons by color,Pick up and place buttons,Arranging orange buttons,0.001939923968166113,0
medium_40f_stride20:877779cd-25f3-4293-a3c4-39067dd9558c__ep4:qa:102,877779cd-25f3-4293-a3c4-39067dd9558c__ep4,test,2120,2159,Sorting and arranging buttons by color,Pick up and place buttons,Arranging orange buttons,0.0020397347398102283,0
medium_40f_stride20:877779cd-25f3-4293-a3c4-39067dd9558c__ep4:qa:103,877779cd-25f3-4293-a3c4-39067dd9558c__ep4,test,2160,2199,Sorting and arranging buttons by color,Pick up and place buttons,Sorting orange buttons,0.002004060661420226,0
medium_40f_stride20:877779cd-25f3-4293-a3c4-39067dd9558c__ep4:qa:104,877779cd-25f3-4293-a3c4-39067dd9558c__ep4,test,2180,2219,Sorting and arranging buttons by color,Pick up and place buttons,Arranging orange buttons,0.002015286823734641,0
medium_40f_stride20:877779cd-25f3-4293-a3c4-39067dd9558c__ep4:qa:105,877779cd-25f3-4293-a3c4-39067dd9558c__ep4,test,2200,2239,Sorting and arranging buttons by color,Pick up and place buttons,Arranging orange buttons,0.002061498584225774,0
medium_40f_stride20:877779cd-25f3-4293-a3c4-39067dd9558c__ep4:qa:106,877779cd-25f3-4293-a3c4-39067dd9558c__ep4,test,2220,2259,Sorting and arranging buttons by color,Pick up and place buttons,Walking to storage area,0.0020369577687233686,0
medium_40f_stride20:877779cd-25f3-4293-a3c4-39067dd9558c__ep4:qa:107,877779cd-25f3-4293-a3c4-39067dd9558c__ep4,test,2240,2279,Sorting and arranging buttons by color,Pick up and place buttons,Arranging orange buttons,0.001965225674211979,0
medium_40f_stride20:877779cd-25f3-4293-a3c4-39067dd9558c__ep4:qa:108,877779cd-25f3-4293-a3c4-39067dd9558c__ep4,test,2260,2299,Sorting and arranging buttons by color,Sort buttons,Drawing grid lines and repositioning cardboard,0.0019061012426391244,0
medium_40f_stride20:877779cd-25f3-4293-a3c4-39067dd9558c__ep4:qa:109,877779cd-25f3-4293-a3c4-39067dd9558c__ep4,test,2280,2319,Sorting and arranging buttons by color,Sort buttons,Arranging orange buttons,0.0019792907405644655,0
medium_40f_stride20:877779cd-25f3-4293-a3c4-39067dd9558c__ep4:qa:110,877779cd-25f3-4293-a3c4-39067dd9558c__ep4,test,2300,2339,Sorting and arranging buttons by color,Sort buttons,Sorting orange buttons,0.002005429472774267,0
medium_40f_stride20:877779cd-25f3-4293-a3c4-39067dd9558c__ep4:qa:111,877779cd-25f3-4293-a3c4-39067dd9558c__ep4,test,2320,2359,Sorting and arranging buttons by color,Sort buttons,Arranging orange buttons,0.0019873320125043392,0
medium_40f_stride20:877779cd-25f3-4293-a3c4-39067dd9558c__ep4:qa:112,877779cd-25f3-4293-a3c4-39067dd9558c__ep4,test,2340,2379,Sorting and arranging buttons by color,Sort buttons,Arranging orange buttons,0.00189033558126539,0
medium_40f_stride20:877779cd-25f3-4293-a3c4-39067dd9558c__ep4:qa:114,877779cd-25f3-4293-a3c4-39067dd9558c__ep4,test,2400,2439,Sorting and arranging buttons by color,Sort buttons,Arranging orange buttons,0.0020491972099989653,0
medium_40f_stride20:877779cd-25f3-4293-a3c4-39067dd9558c__ep4:qa:115,877779cd-25f3-4293-a3c4-39067dd9558c__ep4,test,2420,2459,Sorting and arranging buttons by color,Sort buttons,Returning to table and placing controller,0.0020098320674151182,0
medium_40f_stride20:877779cd-25f3-4293-a3c4-39067dd9558c__ep4:qa:116,877779cd-25f3-4293-a3c4-39067dd9558c__ep4,test,2440,2479,Sorting and arranging buttons by color,Sort buttons,Moving orange buttons,0.0020294326823204756,0
medium_40f_stride20:877779cd-25f3-4293-a3c4-39067dd9558c__ep4:qa:117,877779cd-25f3-4293-a3c4-39067dd9558c__ep4,test,2460,2499,Sorting and arranging buttons by color,Sort buttons,Arranging orange buttons,0.0020256421994417906,0
medium_40f_stride20:877779cd-25f3-4293-a3c4-39067dd9558c__ep4:qa:118,877779cd-25f3-4293-a3c4-39067dd9558c__ep4,test,2480,2519,Sorting and arranging buttons by color,Sort buttons,Moving orange buttons,0.002048430498689413,0
medium_40f_stride20:877779cd-25f3-4293-a3c4-39067dd9558c__ep4:qa:119,877779cd-25f3-4293-a3c4-39067dd9558c__ep4,test,2500,2539,Sorting and arranging buttons by color,Sort buttons,Moving orange buttons,0.0019629262387752533,0
medium_40f_stride20:877779cd-25f3-4293-a3c4-39067dd9558c__ep4:qa:120,877779cd-25f3-4293-a3c4-39067dd9558c__ep4,test,2520,2559,Sorting and arranging buttons by color,Sort buttons,Moving orange buttons,0.0020109876058995724,0
medium_40f_stride20:877779cd-25f3-4293-a3c4-39067dd9558c__ep4:qa:121,877779cd-25f3-4293-a3c4-39067dd9558c__ep4,test,2540,2579,Sorting and arranging buttons by color,Sort buttons,Sorting orange buttons,0.0020113117061555386,0
medium_40f_stride20:877779cd-25f3-4293-a3c4-39067dd9558c__ep4:qa:122,877779cd-25f3-4293-a3c4-39067dd9558c__ep4,test,2560,2599,Sorting and arranging buttons by color,Sort buttons,Moving orange buttons,0.002006036462262273,0
medium_40f_stride20:877779cd-25f3-4293-a3c4-39067dd9558c__ep4:qa:123,877779cd-25f3-4293-a3c4-39067dd9558c__ep4,test,2580,2619,Sorting and arranging buttons by color,Sort buttons,Arranging orange buttons,0.002033515367656946,0
medium_40f_stride20:877779cd-25f3-4293-a3c4-39067dd9558c__ep4:qa:143,877779cd-25f3-4293-a3c4-39067dd9558c__ep4,test,3000,3039,Sorting and arranging buttons by color,Sort and adjust button line,Arranging orange buttons,0.0020147014874964952,0
medium_40f_stride20:877779cd-25f3-4293-a3c4-39067dd9558c__ep4:qa:144,877779cd-25f3-4293-a3c4-39067dd9558c__ep4,test,3020,3059,Sorting and arranging buttons by color,Sort and adjust button line,Arranging orange buttons,0.0020093130879104137,0
medium_40f_stride20:877779cd-25f3-4293-a3c4-39067dd9558c__ep4:qa:145,877779cd-25f3-4293-a3c4-39067dd9558c__ep4,test,3040,3079,Sorting and arranging buttons by color,Sort and adjust button line,Arranging orange buttons,0.002055444987490773,0
medium_40f_stride20:877779cd-25f3-4293-a3c4-39067dd9558c__ep4:qa:146,877779cd-25f3-4293-a3c4-39067dd9558c__ep4,test,3060,3099,Sorting and arranging buttons by color,Sort and adjust button line,Arranging orange buttons,0.001919470843859017,0
medium_40f_stride20:877779cd-25f3-4293-a3c4-39067dd9558c__ep4:qa:147,877779cd-25f3-4293-a3c4-39067dd9558c__ep4,test,3080,3119,Sorting and arranging buttons by color,Sort and adjust button line,Arranging orange buttons,0.0020695580169558525,0
medium_40f_stride20:877779cd-25f3-4293-a3c4-39067dd9558c__ep4:qa:148,877779cd-25f3-4293-a3c4-39067dd9558c__ep4,test,3100,3139,Sorting and arranging buttons by color,Sort and adjust button line,Manipulate small paper segment,0.0018773850752040744,0
medium_40f_stride20:877779cd-25f3-4293-a3c4-39067dd9558c__ep4:qa:149,877779cd-25f3-4293-a3c4-39067dd9558c__ep4,test,3120,3159,Sorting and arranging buttons by color,Sort and adjust button line,Moving orange buttons and interacting with smartphone,0.00200385763309896,0
medium_40f_stride20:877779cd-25f3-4293-a3c4-39067dd9558c__ep4:qa:150,877779cd-25f3-4293-a3c4-39067dd9558c__ep4,test,3140,3179,Sorting and arranging buttons by color,Sort and adjust button line,Arranging orange buttons,0.001997309736907482,0
medium_40f_stride20:877779cd-25f3-4293-a3c4-39067dd9558c__ep4:qa:151,877779cd-25f3-4293-a3c4-39067dd9558c__ep4,test,3160,3199,Sorting and arranging buttons by color,Sort and adjust button line,Arranging orange buttons,0.00202933163382113,0
medium_40f_stride20:877779cd-25f3-4293-a3c4-39067dd9558c__ep4:qa:152,877779cd-25f3-4293-a3c4-39067dd9558c__ep4,test,3180,3219,Sorting and arranging buttons by color,Sort and adjust button line,Place grocery item on shelf,0.0020614780951291323,0
medium_40f_stride20:877779cd-25f3-4293-a3c4-39067dd9558c__ep4:qa:162,877779cd-25f3-4293-a3c4-39067dd9558c__ep4,test,3400,3439,Sorting and arranging buttons by color,Use smartphone,Arranging orange buttons,0.00205882522277534,0
medium_40f_stride20:877779cd-25f3-4293-a3c4-39067dd9558c__ep4:qa:163,877779cd-25f3-4293-a3c4-39067dd9558c__ep4,test,3420,3459,Sorting and arranging buttons by color,Use smartphone,Arranging orange buttons,0.001963698538020253,0
medium_40f_stride20:877779cd-25f3-4293-a3c4-39067dd9558c__ep4:qa:164,877779cd-25f3-4293-a3c4-39067dd9558c__ep4,test,3440,3479,Sorting and arranging buttons by color,Use smartphone,Arranging orange buttons,0.0020099645480513573,0
medium_40f_stride20:877779cd-25f3-4293-a3c4-39067dd9558c__ep4:qa:165,877779cd-25f3-4293-a3c4-39067dd9558c__ep4,test,3460,3499,Sorting and arranging buttons by color,Use smartphone,Arranging orange buttons,0.0020597970578819513,0
medium_40f_stride20:877779cd-25f3-4293-a3c4-39067dd9558c__ep4:qa:166,877779cd-25f3-4293-a3c4-39067dd9558c__ep4,test,3480,3519,Sorting and arranging buttons by color,Use smartphone,Arranging orange buttons,0.0019998515490442514,0
medium_40f_stride20:877779cd-25f3-4293-a3c4-39067dd9558c__ep4:qa:167,877779cd-25f3-4293-a3c4-39067dd9558c__ep4,test,3500,3539,Sorting and arranging buttons by color,Use smartphone,Arranging orange buttons,0.0020014268811792135,0
medium_40f_stride20:877779cd-25f3-4293-a3c4-39067dd9558c__ep4:qa:168,877779cd-25f3-4293-a3c4-39067dd9558c__ep4,test,3520,3559,Sorting and arranging buttons by color,Use smartphone,Arranging orange buttons,0.0020440220832824707,0
medium_40f_stride20:877779cd-25f3-4293-a3c4-39067dd9558c__ep4:qa:169,877779cd-25f3-4293-a3c4-39067dd9558c__ep4,test,3540,3579,Sorting and arranging buttons by color,Use smartphone,Arranging orange buttons,0.002063494175672531,0
medium_40f_stride20:877779cd-25f3-4293-a3c4-39067dd9558c__ep4:qa:170,877779cd-25f3-4293-a3c4-39067dd9558c__ep4,test,3560,3599,Sorting and arranging buttons by color,Use smartphone,Arranging orange buttons,0.0020532242488116026,0
medium_40f_stride20:877779cd-25f3-4293-a3c4-39067dd9558c__ep4:qa:191,877779cd-25f3-4293-a3c4-39067dd9558c__ep4,test,4000,4039,Sorting and arranging buttons by color,Sort and place buttons,Arranging orange buttons,0.0020768395625054836,0
medium_40f_stride20:877779cd-25f3-4293-a3c4-39067dd9558c__ep4:qa:192,877779cd-25f3-4293-a3c4-39067dd9558c__ep4,test,4020,4059,Sorting and arranging buttons by color,Sort and place buttons,Arranging orange buttons,0.002025809371843934,0
medium_40f_stride20:877779cd-25f3-4293-a3c4-39067dd9558c__ep4:qa:193,877779cd-25f3-4293-a3c4-39067dd9558c__ep4,test,4040,4079,Sorting and arranging buttons by color,Sort and place buttons,Arranging orange buttons,0.0020693300757557154,0
medium_40f_stride20:877779cd-25f3-4293-a3c4-39067dd9558c__ep4:qa:194,877779cd-25f3-4293-a3c4-39067dd9558c__ep4,test,4060,4099,Sorting and arranging buttons by color,Sort and place buttons,Arranging orange buttons,0.0019856414292007685,0
medium_40f_stride20:877779cd-25f3-4293-a3c4-39067dd9558c__ep4:qa:195,877779cd-25f3-4293-a3c4-39067dd9558c__ep4,test,4080,4119,Sorting and arranging buttons by color,Sort and place buttons,Arranging orange buttons,0.0020888769067823887,0
medium_40f_stride20:877779cd-25f3-4293-a3c4-39067dd9558c__ep4:qa:196,877779cd-25f3-4293-a3c4-39067dd9558c__ep4,test,4100,4139,Sorting and arranging buttons by color,Sort and place buttons,Arranging orange buttons,0.0020518084056675434,0
medium_40f_stride20:877779cd-25f3-4293-a3c4-39067dd9558c__ep4:qa:197,877779cd-25f3-4293-a3c4-39067dd9558c__ep4,test,4120,4159,Sorting and arranging buttons by color,Sort and place buttons,Arranging orange buttons,0.001999024534597993,0
medium_40f_stride20:877779cd-25f3-4293-a3c4-39067dd9558c__ep4:qa:198,877779cd-25f3-4293-a3c4-39067dd9558c__ep4,test,4140,4179,Sorting and arranging buttons by color,Sort and place buttons,Arranging orange buttons,0.0020604063756763935,0
medium_40f_stride20:877779cd-25f3-4293-a3c4-39067dd9558c__ep4:qa:199,877779cd-25f3-4293-a3c4-39067dd9558c__ep4,test,4160,4199,Sorting and arranging buttons by color,Sort and place buttons,Arranging orange buttons,0.002023393055424094,0
medium_40f_stride20:877779cd-25f3-4293-a3c4-39067dd9558c__ep4:qa:200,877779cd-25f3-4293-a3c4-39067dd9558c__ep4,test,4180,4219,Sorting and arranging buttons by color,Sort and place buttons,Arranging orange buttons,0.0019522340735420585,0
medium_40f_stride20:1796b943-caad-43c6-b9bd-80b8d601f37d__ep1:qa:0,1796b943-caad-43c6-b9bd-80b8d601f37d__ep1,test,0,39,VR training session and plastic strip assembly,Entering the training area,Observing workspace,0.0017401656368747354,0
medium_40f_stride20:1796b943-caad-43c6-b9bd-80b8d601f37d__ep1:qa:1,1796b943-caad-43c6-b9bd-80b8d601f37d__ep1,test,20,59,VR training session and plastic strip assembly,Entering the training area,unknown,0.0017105983570218086,0
medium_40f_stride20:1796b943-caad-43c6-b9bd-80b8d601f37d__ep1:qa:2,1796b943-caad-43c6-b9bd-80b8d601f37d__ep1,test,40,79,VR training session and plastic strip assembly,Entering the training area,Sorting cardboard shapes and holding marker,0.0017325590597465634,0
medium_40f_stride20:1796b943-caad-43c6-b9bd-80b8d601f37d__ep1:qa:3,1796b943-caad-43c6-b9bd-80b8d601f37d__ep1,test,60,99,VR training session and plastic strip assembly,Entering the training area,Observing workspace,0.001713504665531218,0
medium_40f_stride20:1796b943-caad-43c6-b9bd-80b8d601f37d__ep1:qa:4,1796b943-caad-43c6-b9bd-80b8d601f37d__ep1,test,80,119,VR training session and plastic strip assembly,Entering the training area,Observing workspace,0.001721179112792015,0
medium_40f_stride20:1796b943-caad-43c6-b9bd-80b8d601f37d__ep1:qa:5,1796b943-caad-43c6-b9bd-80b8d601f37d__ep1,test,100,139,VR training session and plastic strip assembly,Entering the training area,Observing workspace,0.0017235223203897476,0
medium_40f_stride20:1796b943-caad-43c6-b9bd-80b8d601f37d__ep1:qa:6,1796b943-caad-43c6-b9bd-80b8d601f37d__ep1,test,120,159,VR training session and plastic strip assembly,Entering the training area,Observing workspace,0.0017297096783295274,0
medium_40f_stride20:1796b943-caad-43c6-b9bd-80b8d601f37d__ep1:qa:7,1796b943-caad-43c6-b9bd-80b8d601f37d__ep1,test,140,179,VR training session and plastic strip assembly,Entering the training area,Observing workspace,0.0017290316754952073,0
medium_40f_stride20:1796b943-caad-43c6-b9bd-80b8d601f37d__ep1:qa:8,1796b943-caad-43c6-b9bd-80b8d601f37d__ep1,test,160,199,VR training session and plastic strip assembly,Entering the training area,Observing workspace,0.0017460930394008756,0
medium_40f_stride20:1796b943-caad-43c6-b9bd-80b8d601f37d__ep1:qa:9,1796b943-caad-43c6-b9bd-80b8d601f37d__ep1,test,200,239,VR training session and plastic strip assembly,Entering the training area,Sorting small star-shaped plastic pieces,0.0017547253519296646,0
medium_40f_stride20:1796b943-caad-43c6-b9bd-80b8d601f37d__ep1:qa:10,1796b943-caad-43c6-b9bd-80b8d601f37d__ep1,test,220,259,VR training session and plastic strip assembly,Entering the training area,Observing workspace,0.0017131568165495992,0
medium_40f_stride20:1796b943-caad-43c6-b9bd-80b8d601f37d__ep1:qa:11,1796b943-caad-43c6-b9bd-80b8d601f37d__ep1,test,240,279,VR training session and plastic strip assembly,Entering the training area,Observing workspace,0.0017257407307624817,0
medium_40f_stride20:1796b943-caad-43c6-b9bd-80b8d601f37d__ep1:qa:12,1796b943-caad-43c6-b9bd-80b8d601f37d__ep1,test,260,299,VR training session and plastic strip assembly,Entering the training area,unknown,0.0017264607595279813,0
medium_40f_stride20:1796b943-caad-43c6-b9bd-80b8d601f37d__ep1:qa:13,1796b943-caad-43c6-b9bd-80b8d601f37d__ep1,test,280,319,VR training session and plastic strip assembly,Greeting participants,unknown,0.0018447221955284476,0
medium_40f_stride20:1796b943-caad-43c6-b9bd-80b8d601f37d__ep1:qa:14,1796b943-caad-43c6-b9bd-80b8d601f37d__ep1,test,300,339,VR training session and plastic strip assembly,Greeting participants,unknown,0.001760748098604381,0
medium_40f_stride20:1796b943-caad-43c6-b9bd-80b8d601f37d__ep1:qa:15,1796b943-caad-43c6-b9bd-80b8d601f37d__ep1,test,320,359,VR training session and plastic strip assembly,Greeting participants,unknown,0.0017536974046379328,0
medium_40f_stride20:1796b943-caad-43c6-b9bd-80b8d601f37d__ep1:qa:16,1796b943-caad-43c6-b9bd-80b8d601f37d__ep1,test,340,379,VR training session and plastic strip assembly,Greeting participants,Measuring and marking cardboard for crafting,0.0017777347238734365,0
medium_40f_stride20:1796b943-caad-43c6-b9bd-80b8d601f37d__ep1:qa:17,1796b943-caad-43c6-b9bd-80b8d601f37d__ep1,test,360,399,VR training session and plastic strip assembly,Greeting participants,Observing workspace,0.0017372500151395798,0
medium_40f_stride20:1796b943-caad-43c6-b9bd-80b8d601f37d__ep1:qa:18,1796b943-caad-43c6-b9bd-80b8d601f37d__ep1,test,400,439,VR training session and plastic strip assembly,Greeting participants,unknown,0.0017224793555215001,0
medium_40f_stride20:1796b943-caad-43c6-b9bd-80b8d601f37d__ep1:qa:19,1796b943-caad-43c6-b9bd-80b8d601f37d__ep1,test,420,459,VR training session and plastic strip assembly,Greeting participants,Observing workspace,0.0017173838568851352,0
medium_40f_stride20:1796b943-caad-43c6-b9bd-80b8d601f37d__ep1:qa:20,1796b943-caad-43c6-b9bd-80b8d601f37d__ep1,test,440,479,VR training session and plastic strip assembly,Greeting participants,Observing workspace,0.0017196013359352946,0
medium_40f_stride20:1796b943-caad-43c6-b9bd-80b8d601f37d__ep1:qa:21,1796b943-caad-43c6-b9bd-80b8d601f37d__ep1,test,460,499,VR training session and plastic strip assembly,Greeting participants,Observing workspace,0.001718331826850772,0
medium_40f_stride20:1796b943-caad-43c6-b9bd-80b8d601f37d__ep1:qa:22,1796b943-caad-43c6-b9bd-80b8d601f37d__ep1,test,480,519,VR training session and plastic strip assembly,Greeting participants,Observing workspace,0.0017323195934295654,0
medium_40f_stride20:1796b943-caad-43c6-b9bd-80b8d601f37d__ep1:qa:23,1796b943-caad-43c6-b9bd-80b8d601f37d__ep1,test,500,539,VR training session and plastic strip assembly,Greeting participants,Cutting cardboard,0.0017226024065166712,0
medium_40f_stride20:1796b943-caad-43c6-b9bd-80b8d601f37d__ep1:qa:24,1796b943-caad-43c6-b9bd-80b8d601f37d__ep1,test,520,559,VR training session and plastic strip assembly,Greeting participants,Observing workspace,0.0017153980443254113,0
medium_40f_stride20:1796b943-caad-43c6-b9bd-80b8d601f37d__ep1:qa:25,1796b943-caad-43c6-b9bd-80b8d601f37d__ep1,test,560,599,VR training session and plastic strip assembly,Greeting participants,Measuring and marking cardboard for crafting,0.001752193900756538,0
medium_40f_stride20:1796b943-caad-43c6-b9bd-80b8d601f37d__ep1:qa:26,1796b943-caad-43c6-b9bd-80b8d601f37d__ep1,test,580,619,VR training session and plastic strip assembly,Greeting participants,Observing workspace,0.0017353813163936138,0
medium_40f_stride20:1796b943-caad-43c6-b9bd-80b8d601f37d__ep1:qa:27,1796b943-caad-43c6-b9bd-80b8d601f37d__ep1,test,600,639,VR training session and plastic strip assembly,Greeting participants,unknown,0.0017276728758588433,0
medium_40f_stride20:1796b943-caad-43c6-b9bd-80b8d601f37d__ep1:qa:28,1796b943-caad-43c6-b9bd-80b8d601f37d__ep1,test,620,659,VR training session and plastic strip assembly,Greeting participants,Cutting cardboard shapes,0.001724999863654375,0
medium_40f_stride20:1796b943-caad-43c6-b9bd-80b8d601f37d__ep1:qa:29,1796b943-caad-43c6-b9bd-80b8d601f37d__ep1,test,640,679,VR training session and plastic strip assembly,Greeting participants,Observing workspace,0.001735388650558889,0
medium_40f_stride20:1796b943-caad-43c6-b9bd-80b8d601f37d__ep1:qa:30,1796b943-caad-43c6-b9bd-80b8d601f37d__ep1,test,660,699,VR training session and plastic strip assembly,Greeting participants,Observing workspace,0.00174549815710634,0
medium_40f_stride20:1796b943-caad-43c6-b9bd-80b8d601f37d__ep1:qa:31,1796b943-caad-43c6-b9bd-80b8d601f37d__ep1,test,680,719,VR training session and plastic strip assembly,Moving through the room,Observing workspace,0.001734393066726625,0
medium_40f_stride20:1796b943-caad-43c6-b9bd-80b8d601f37d__ep1:qa:32,1796b943-caad-43c6-b9bd-80b8d601f37d__ep1,test,700,739,VR training session and plastic strip assembly,Moving through the room,Cutting cardboard,0.0017799792112782598,0
medium_40f_stride20:1796b943-caad-43c6-b9bd-80b8d601f37d__ep1:qa:33,1796b943-caad-43c6-b9bd-80b8d601f37d__ep1,test,720,759,VR training session and plastic strip assembly,Moving through the room,Observing workspace,0.0017549891490489244,0
medium_40f_stride20:1796b943-caad-43c6-b9bd-80b8d601f37d__ep1:qa:34,1796b943-caad-43c6-b9bd-80b8d601f37d__ep1,test,740,779,VR training session and plastic strip assembly,Moving through the room,Release paper strip,0.0017786485841497779,0
medium_40f_stride20:1796b943-caad-43c6-b9bd-80b8d601f37d__ep1:qa:35,1796b943-caad-43c6-b9bd-80b8d601f37d__ep1,test,760,799,VR training session and plastic strip assembly,Moving through the room,Observing workspace,0.0017247728537768126,0
medium_40f_stride20:1796b943-caad-43c6-b9bd-80b8d601f37d__ep1:qa:36,1796b943-caad-43c6-b9bd-80b8d601f37d__ep1,test,800,839,VR training session and plastic strip assembly,Moving through the room,unknown,0.001730002579279244,0
medium_40f_stride20:1796b943-caad-43c6-b9bd-80b8d601f37d__ep1:qa:37,1796b943-caad-43c6-b9bd-80b8d601f37d__ep1,test,820,859,VR training session and plastic strip assembly,Moving through the room,Cutting cardboard,0.0017052367329597473,0
medium_40f_stride20:1796b943-caad-43c6-b9bd-80b8d601f37d__ep1:qa:38,1796b943-caad-43c6-b9bd-80b8d601f37d__ep1,test,840,879,VR training session and plastic strip assembly,Moving through the room,unknown,0.001792511553503573,0
medium_40f_stride20:1796b943-caad-43c6-b9bd-80b8d601f37d__ep1:qa:39,1796b943-caad-43c6-b9bd-80b8d601f37d__ep1,test,860,899,VR training session and plastic strip assembly,Moving through the room,Cutting cardboard shapes,0.001719549996778369,0
medium_40f_stride20:1796b943-caad-43c6-b9bd-80b8d601f37d__ep1:qa:40,1796b943-caad-43c6-b9bd-80b8d601f37d__ep1,test,880,919,VR training session and plastic strip assembly,Initiating assembly,Observing workspace,0.0017753951251506805,0
medium_40f_stride20:1796b943-caad-43c6-b9bd-80b8d601f37d__ep1:qa:41,1796b943-caad-43c6-b9bd-80b8d601f37d__ep1,test,900,939,VR training session and plastic strip assembly,Initiating assembly,Retrieving materials,0.0017444626428186893,0
medium_40f_stride20:1796b943-caad-43c6-b9bd-80b8d601f37d__ep1:qa:42,1796b943-caad-43c6-b9bd-80b8d601f37d__ep1,test,920,959,VR training session and plastic strip assembly,Initiating assembly,Resuming recording star count,0.0017270995303988457,0
medium_40f_stride20:1796b943-caad-43c6-b9bd-80b8d601f37d__ep1:qa:43,1796b943-caad-43c6-b9bd-80b8d601f37d__ep1,test,940,979,VR training session and plastic strip assembly,Initiating assembly,Observing workspace,0.0017323930514976382,0
medium_40f_stride20:1796b943-caad-43c6-b9bd-80b8d601f37d__ep1:qa:44,1796b943-caad-43c6-b9bd-80b8d601f37d__ep1,test,960,999,VR training session and plastic strip assembly,Initiating assembly,Placing container on floor,0.001772514428012073,0
medium_40f_stride20:1796b943-caad-43c6-b9bd-80b8d601f37d__ep1:qa:45,1796b943-caad-43c6-b9bd-80b8d601f37d__ep1,test,1000,1039,VR training session and plastic strip assembly,Initiating assembly,Observing workspace,0.0017344533698633313,0
medium_40f_stride20:1796b943-caad-43c6-b9bd-80b8d601f37d__ep1:qa:46,1796b943-caad-43c6-b9bd-80b8d601f37d__ep1,test,1020,1059,VR training session and plastic strip assembly,Initiating assembly,unknown,0.0017403156962245703,0
medium_40f_stride20:1796b943-caad-43c6-b9bd-80b8d601f37d__ep1:qa:47,1796b943-caad-43c6-b9bd-80b8d601f37d__ep1,test,1040,1079,VR training session and plastic strip assembly,Initiating assembly,Reaching for utility knife,0.0017365246312692761,0
medium_40f_stride20:1796b943-caad-43c6-b9bd-80b8d601f37d__ep1:qa:48,1796b943-caad-43c6-b9bd-80b8d601f37d__ep1,test,1060,1099,VR training session and plastic strip assembly,Initiating assembly,unknown,0.0017469761660322547,0
medium_40f_stride20:1796b943-caad-43c6-b9bd-80b8d601f37d__ep1:qa:49,1796b943-caad-43c6-b9bd-80b8d601f37d__ep1,test,1080,1119,VR training session and plastic strip assembly,Initiating assembly,Observing workspace,0.0017431912710890174,0
medium_40f_stride20:1796b943-caad-43c6-b9bd-80b8d601f37d__ep1:qa:50,1796b943-caad-43c6-b9bd-80b8d601f37d__ep1,test,1100,1139,VR training session and plastic strip assembly,Initiating assembly,Marking guidelines on cardboard,0.0017785365926101804,0
medium_40f_stride20:1796b943-caad-43c6-b9bd-80b8d601f37d__ep1:qa:51,1796b943-caad-43c6-b9bd-80b8d601f37d__ep1,test,1120,1159,VR training session and plastic strip assembly,Initiating assembly,Observing workspace,0.0017217019340023398,0
medium_40f_stride20:1796b943-caad-43c6-b9bd-80b8d601f37d__ep1:qa:52,1796b943-caad-43c6-b9bd-80b8d601f37d__ep1,test,1140,1179,VR training session and plastic strip assembly,Initiating assembly,Observing workspace,0.0017258658772334456,0
medium_40f_stride20:1796b943-caad-43c6-b9bd-80b8d601f37d__ep1:qa:53,1796b943-caad-43c6-b9bd-80b8d601f37d__ep1,test,1160,1199,VR training session and plastic strip assembly,Initiating assembly,unknown,0.0017481730319559574,0
medium_40f_stride20:1796b943-caad-43c6-b9bd-80b8d601f37d__ep1:qa:54,1796b943-caad-43c6-b9bd-80b8d601f37d__ep1,test,1180,1219,VR training session and plastic strip assembly,Initiating assembly,Observing workspace,0.0017540020635351539,0
medium_40f_stride20:1796b943-caad-43c6-b9bd-80b8d601f37d__ep1:qa:64,1796b943-caad-43c6-b9bd-80b8d601f37d__ep1,test,1400,1439,VR training session and plastic strip assembly,Handling plastic strip,Observing workspace,0.0017474249470978975,0
medium_40f_stride20:1796b943-caad-43c6-b9bd-80b8d601f37d__ep1:qa:65,1796b943-caad-43c6-b9bd-80b8d601f37d__ep1,test,1420,1459,VR training session and plastic strip assembly,Handling plastic strip,Observing workspace,0.0017401569057255983,0
medium_40f_stride20:1796b943-caad-43c6-b9bd-80b8d601f37d__ep1:qa:66,1796b943-caad-43c6-b9bd-80b8d601f37d__ep1,test,1440,1479,VR training session and plastic strip assembly,Handling plastic strip,Observing workspace,0.0017828664276748896,0
medium_40f_stride20:1796b943-caad-43c6-b9bd-80b8d601f37d__ep1:qa:67,1796b943-caad-43c6-b9bd-80b8d601f37d__ep1,test,1460,1499,VR training session and plastic strip assembly,Handling plastic strip,Observing workspace,0.001733464072458446,0
medium_40f_stride20:1796b943-caad-43c6-b9bd-80b8d601f37d__ep1:qa:68,1796b943-caad-43c6-b9bd-80b8d601f37d__ep1,test,1480,1519,VR training session and plastic strip assembly,Handling plastic strip,Observing workspace,0.0017264557536691427,0
medium_40f_stride20:1796b943-caad-43c6-b9bd-80b8d601f37d__ep1:qa:69,1796b943-caad-43c6-b9bd-80b8d601f37d__ep1,test,1500,1539,VR training session and plastic strip assembly,Handling plastic strip,Stacking cardboard squares,0.0019021319458261132,0
medium_40f_stride20:1796b943-caad-43c6-b9bd-80b8d601f37d__ep1:qa:70,1796b943-caad-43c6-b9bd-80b8d601f37d__ep1,test,1520,1559,VR training session and plastic strip assembly,Handling plastic strip,Observing workspace,0.0017314176075160503,0
medium_40f_stride20:1796b943-caad-43c6-b9bd-80b8d601f37d__ep1:qa:71,1796b943-caad-43c6-b9bd-80b8d601f37d__ep1,test,1540,1579,VR training session and plastic strip assembly,Handling plastic strip,Moving cardboard cutouts,0.0017194541869685054,0
medium_40f_stride20:1796b943-caad-43c6-b9bd-80b8d601f37d__ep1:qa:72,1796b943-caad-43c6-b9bd-80b8d601f37d__ep1,test,1560,1599,VR training session and plastic strip assembly,Handling plastic strip,Observing workspace,0.0017511798068881035,0
medium_40f_stride20:1796b943-caad-43c6-b9bd-80b8d601f37d__ep1:qa:73,1796b943-caad-43c6-b9bd-80b8d601f37d__ep1,test,1580,1619,VR training session and plastic strip assembly,Handling plastic strip,Transport cereal to shelf,0.0017864066176116467,0
medium_40f_stride20:1796b943-caad-43c6-b9bd-80b8d601f37d__ep1:qa:83,1796b943-caad-43c6-b9bd-80b8d601f37d__ep1,test,1800,1839,VR training session and plastic strip assembly,Bending plastic strip,unknown,0.001748309819959104,0
medium_40f_stride20:1796b943-caad-43c6-b9bd-80b8d601f37d__ep1:qa:84,1796b943-caad-43c6-b9bd-80b8d601f37d__ep1,test,1820,1859,VR training session and plastic strip assembly,Bending plastic strip,Form paper strip into a star,0.0018092060927301645,0
medium_40f_stride20:1796b943-caad-43c6-b9bd-80b8d601f37d__ep1:qa:85,1796b943-caad-43c6-b9bd-80b8d601f37d__ep1,test,1840,1879,VR training session and plastic strip assembly,Bending plastic strip,unknown,0.0017605602042749524,0
medium_40f_stride20:1796b943-caad-43c6-b9bd-80b8d601f37d__ep1:qa:86,1796b943-caad-43c6-b9bd-80b8d601f37d__ep1,test,1860,1899,VR training session and plastic strip assembly,Bending plastic strip,Observing workspace,0.0017339754849672318,0
medium_40f_stride20:1796b943-caad-43c6-b9bd-80b8d601f37d__ep1:qa:87,1796b943-caad-43c6-b9bd-80b8d601f37d__ep1,test,1880,1919,VR training session and plastic strip assembly,Manipulating plastic strip,Observing workspace,0.0017465513665229082,0
medium_40f_stride20:1796b943-caad-43c6-b9bd-80b8d601f37d__ep1:qa:88,1796b943-caad-43c6-b9bd-80b8d601f37d__ep1,test,1900,1939,VR training session and plastic strip assembly,Manipulating plastic strip,Draw and reposition ruler,0.0017899840604513884,0
medium_40f_stride20:1796b943-caad-43c6-b9bd-80b8d601f37d__ep1:qa:89,1796b943-caad-43c6-b9bd-80b8d601f37d__ep1,test,1920,1959,VR training session and plastic strip assembly,Manipulating plastic strip,Observing workspace,0.0017480484675616026,0
medium_40f_stride20:1796b943-caad-43c6-b9bd-80b8d601f37d__ep1:qa:90,1796b943-caad-43c6-b9bd-80b8d601f37d__ep1,test,1940,1979,VR training session and plastic strip assembly,Manipulating plastic strip,Observing workspace,0.0017344397492706776,0
medium_40f_stride20:1796b943-caad-43c6-b9bd-80b8d601f37d__ep1:qa:91,1796b943-caad-43c6-b9bd-80b8d601f37d__ep1,test,1960,1999,VR training session and plastic strip assembly,Manipulating plastic strip,Draw and reposition ruler,0.0017421998782083392,0
medium_40f_stride20:1796b943-caad-43c6-b9bd-80b8d601f37d__ep1:qa:92,1796b943-caad-43c6-b9bd-80b8d601f37d__ep1,test,2000,2039,VR training session and plastic strip assembly,Manipulating plastic strip,Observing workspace,0.001736770267598331,0
medium_40f_stride20:1796b943-caad-43c6-b9bd-80b8d601f37d__ep1:qa:93,1796b943-caad-43c6-b9bd-80b8d601f37d__ep1,test,2020,2059,VR training session and plastic strip assembly,Manipulating plastic strip,Observing workspace,0.0017589747440069914,0
medium_40f_stride20:1796b943-caad-43c6-b9bd-80b8d601f37d__ep1:qa:94,1796b943-caad-43c6-b9bd-80b8d601f37d__ep1,test,2040,2079,VR training session and plastic strip assembly,Manipulating plastic strip,Observing workspace,0.0017343328800052404,0
medium_40f_stride20:1796b943-caad-43c6-b9bd-80b8d601f37d__ep1:qa:95,1796b943-caad-43c6-b9bd-80b8d601f37d__ep1,test,2060,2099,VR training session and plastic strip assembly,Manipulating plastic strip,Observing workspace,0.0017433370230719447,0
medium_40f_stride20:1796b943-caad-43c6-b9bd-80b8d601f37d__ep1:qa:96,1796b943-caad-43c6-b9bd-80b8d601f37d__ep1,test,2080,2119,VR training session and plastic strip assembly,Manipulating plastic strip,Observing workspace,0.001741096843034029,0
medium_40f_stride20:1796b943-caad-43c6-b9bd-80b8d601f37d__ep1:qa:97,1796b943-caad-43c6-b9bd-80b8d601f37d__ep1,test,2100,2139,VR training session and plastic strip assembly,Manipulating plastic strip,Observing workspace,0.0017332735005766153,0
medium_40f_stride20:1796b943-caad-43c6-b9bd-80b8d601f37d__ep1:qa:98,1796b943-caad-43c6-b9bd-80b8d601f37d__ep1,test,2120,2159,VR training session and plastic strip assembly,Manipulating plastic strip,Observing workspace,0.0017483782721683383,0
medium_40f_stride20:1796b943-caad-43c6-b9bd-80b8d601f37d__ep1:qa:99,1796b943-caad-43c6-b9bd-80b8d601f37d__ep1,test,2140,2179,VR training session and plastic strip assembly,Manipulating plastic strip,Inspecting the cleaned plastic jar,0.001776312943547964,0
medium_40f_stride20:1796b943-caad-43c6-b9bd-80b8d601f37d__ep1:qa:100,1796b943-caad-43c6-b9bd-80b8d601f37d__ep1,test,2160,2199,VR training session and plastic strip assembly,Manipulating plastic strip,Observing workspace,0.0017386118415743113,0
medium_40f_stride20:1796b943-caad-43c6-b9bd-80b8d601f37d__ep1:qa:101,1796b943-caad-43c6-b9bd-80b8d601f37d__ep1,test,2180,2219,VR training session and plastic strip assembly,Manipulating plastic strip,Observing workspace,0.0017474766355007887,0
medium_40f_stride20:1796b943-caad-43c6-b9bd-80b8d601f37d__ep1:qa:102,1796b943-caad-43c6-b9bd-80b8d601f37d__ep1,test,2200,2239,VR training session and plastic strip assembly,Manipulating plastic strip,Observing workspace,0.0017628599889576435,0
medium_40f_stride20:1796b943-caad-43c6-b9bd-80b8d601f37d__ep1:qa:130,1796b943-caad-43c6-b9bd-80b8d601f37d__ep1,test,2800,2839,VR training session and plastic strip assembly,Folding plastic strip,Sorting cardboard shapes and holding marker,0.0018750835442915559,0
medium_40f_stride20:1796b943-caad-43c6-b9bd-80b8d601f37d__ep1:qa:131,1796b943-caad-43c6-b9bd-80b8d601f37d__ep1,test,2820,2859,VR training session and plastic strip assembly,Folding plastic strip,Sorting cardboard shapes and holding marker,0.001961036352440715,0
medium_40f_stride20:1796b943-caad-43c6-b9bd-80b8d601f37d__ep1:qa:132,1796b943-caad-43c6-b9bd-80b8d601f37d__ep1,test,2840,2879,VR training session and plastic strip assembly,Folding plastic strip,Observing workspace,0.0017624282045289874,0
medium_40f_stride20:1796b943-caad-43c6-b9bd-80b8d601f37d__ep1:qa:133,1796b943-caad-43c6-b9bd-80b8d601f37d__ep1,test,2860,2899,VR training session and plastic strip assembly,Folding plastic strip,Sorting cardboard shapes and holding marker,0.0017978280084207654,0
medium_40f_stride20:1796b943-caad-43c6-b9bd-80b8d601f37d__ep1:qa:134,1796b943-caad-43c6-b9bd-80b8d601f37d__ep1,test,2880,2919,VR training session and plastic strip assembly,Folding plastic strip,Sorting cardboard shapes and holding marker,0.0018027661135420203,0
medium_40f_stride20:1796b943-caad-43c6-b9bd-80b8d601f37d__ep1:qa:135,1796b943-caad-43c6-b9bd-80b8d601f37d__ep1,test,2900,2939,VR training session and plastic strip assembly,Folding plastic strip,Cut cardboard pattern,0.0017677120631560683,0
medium_40f_stride20:1796b943-caad-43c6-b9bd-80b8d601f37d__ep1:qa:136,1796b943-caad-43c6-b9bd-80b8d601f37d__ep1,test,2920,2959,VR training session and plastic strip assembly,Folding plastic strip,Cut cardboard pattern,0.0018185199005529284,0
medium_40f_stride20:1796b943-caad-43c6-b9bd-80b8d601f37d__ep1:qa:137,1796b943-caad-43c6-b9bd-80b8d601f37d__ep1,test,2940,2979,VR training session and plastic strip assembly,Folding plastic strip,Observing workspace,0.001742762397043407,0
medium_40f_stride20:1796b943-caad-43c6-b9bd-80b8d601f37d__ep1:qa:138,1796b943-caad-43c6-b9bd-80b8d601f37d__ep1,test,2960,2999,VR training session and plastic strip assembly,Folding plastic strip,Observing workspace,0.001776602235622704,0
medium_40f_stride20:1796b943-caad-43c6-b9bd-80b8d601f37d__ep1:qa:139,1796b943-caad-43c6-b9bd-80b8d601f37d__ep1,test,2980,3019,VR training session and plastic strip assembly,Folding plastic strip,Observing workspace,0.0019170154118910432,0
medium_40f_stride20:1796b943-caad-43c6-b9bd-80b8d601f37d__ep1:qa:140,1796b943-caad-43c6-b9bd-80b8d601f37d__ep1,test,3000,3039,VR training session and plastic strip assembly,Folding plastic strip,Observing workspace,0.0018108495278283954,0
medium_40f_stride20:ba18b7c1-21ff-45da-8452-41acce7fc8de__ep2:qa:0,ba18b7c1-21ff-45da-8452-41acce7fc8de__ep2,test,0,39,Crafting a paper cone,Manipulate paper decoration,Check instructions on phone,0.002001013606786728,0
medium_40f_stride20:ba18b7c1-21ff-45da-8452-41acce7fc8de__ep2:qa:1,ba18b7c1-21ff-45da-8452-41acce7fc8de__ep2,test,20,59,Crafting a paper cone,Manipulate paper decoration,Check instructions on phone,0.001958663808181882,0
medium_40f_stride20:ba18b7c1-21ff-45da-8452-41acce7fc8de__ep2:qa:2,ba18b7c1-21ff-45da-8452-41acce7fc8de__ep2,test,40,79,Crafting a paper cone,Manipulate paper decoration,Check instructions on phone,0.00201489869505167,0
medium_40f_stride20:ba18b7c1-21ff-45da-8452-41acce7fc8de__ep2:qa:3,ba18b7c1-21ff-45da-8452-41acce7fc8de__ep2,test,60,99,Crafting a paper cone,Manipulate paper decoration,Check instructions on phone,0.001847208826802671,0
medium_40f_stride20:ba18b7c1-21ff-45da-8452-41acce7fc8de__ep2:qa:4,ba18b7c1-21ff-45da-8452-41acce7fc8de__ep2,test,80,119,Crafting a paper cone,Manipulate paper decoration,Check instructions on phone,0.001985279144719243,0
medium_40f_stride20:ba18b7c1-21ff-45da-8452-41acce7fc8de__ep2:qa:5,ba18b7c1-21ff-45da-8452-41acce7fc8de__ep2,test,100,139,Crafting a paper cone,Manipulate paper decoration,Check instructions on phone,0.001904454198665917,0
medium_40f_stride20:ba18b7c1-21ff-45da-8452-41acce7fc8de__ep2:qa:6,ba18b7c1-21ff-45da-8452-41acce7fc8de__ep2,test,120,159,Crafting a paper cone,Manipulate paper decoration,Check instructions on phone,0.0018832295900210738,0
medium_40f_stride20:ba18b7c1-21ff-45da-8452-41acce7fc8de__ep2:qa:7,ba18b7c1-21ff-45da-8452-41acce7fc8de__ep2,test,140,179,Crafting a paper cone,Manipulate paper decoration,Cutting and folding cardboard shapes,0.0018652521539479494,0
medium_40f_stride20:ba18b7c1-21ff-45da-8452-41acce7fc8de__ep2:qa:8,ba18b7c1-21ff-45da-8452-41acce7fc8de__ep2,test,160,199,Crafting a paper cone,Manipulate paper decoration,Cutting and folding cardboard shapes,0.0018691436853259802,0
medium_40f_stride20:ba18b7c1-21ff-45da-8452-41acce7fc8de__ep2:qa:9,ba18b7c1-21ff-45da-8452-41acce7fc8de__ep2,test,180,219,Crafting a paper cone,Manipulate paper decoration,Prepare workspace and tools,0.0018861357821151614,0
medium_40f_stride20:ba18b7c1-21ff-45da-8452-41acce7fc8de__ep2:qa:10,ba18b7c1-21ff-45da-8452-41acce7fc8de__ep2,test,200,239,Crafting a paper cone,Manipulate paper decoration,Sorting small star-shaped plastic pieces,0.0018993652192875743,0
medium_40f_stride20:ba18b7c1-21ff-45da-8452-41acce7fc8de__ep2:qa:11,ba18b7c1-21ff-45da-8452-41acce7fc8de__ep2,test,220,259,Crafting a paper cone,Manipulate paper decoration,folding paper stars and typing on smartphone,0.0018640037160366774,0
medium_40f_stride20:ba18b7c1-21ff-45da-8452-41acce7fc8de__ep2:qa:12,ba18b7c1-21ff-45da-8452-41acce7fc8de__ep2,test,240,279,Crafting a paper cone,Manipulate paper decoration,Folding and sorting paper stars while handling a water bottle,0.0019065040396526456,0
medium_40f_stride20:ba18b7c1-21ff-45da-8452-41acce7fc8de__ep2:qa:13,ba18b7c1-21ff-45da-8452-41acce7fc8de__ep2,test,260,299,Crafting a paper cone,Manipulate paper decoration,Folding and sorting paper stars while handling a water bottle,0.001858873525634408,0
medium_40f_stride20:ba18b7c1-21ff-45da-8452-41acce7fc8de__ep2:qa:39,ba18b7c1-21ff-45da-8452-41acce7fc8de__ep2,test,800,839,Crafting a paper cone,Manipulate paper edge,typing on smartphone and picking up paper strip,0.0019534952007234097,0
medium_40f_stride20:ba18b7c1-21ff-45da-8452-41acce7fc8de__ep2:qa:40,ba18b7c1-21ff-45da-8452-41acce7fc8de__ep2,test,820,859,Crafting a paper cone,Manipulate paper edge,Folding paper strip,0.0017912478651851416,0
medium_40f_stride20:ba18b7c1-21ff-45da-8452-41acce7fc8de__ep2:qa:41,ba18b7c1-21ff-45da-8452-41acce7fc8de__ep2,test,840,879,Crafting a paper cone,Manipulate paper edge,typing on smartphone and picking up paper strip,0.0018860335694625974,0
medium_40f_stride20:ba18b7c1-21ff-45da-8452-41acce7fc8de__ep2:qa:42,ba18b7c1-21ff-45da-8452-41acce7fc8de__ep2,test,860,899,Crafting a paper cone,Manipulate paper edge,Cutting and folding cardboard shapes,0.0018022002186626196,0
medium_40f_stride20:ba18b7c1-21ff-45da-8452-41acce7fc8de__ep2:qa:43,ba18b7c1-21ff-45da-8452-41acce7fc8de__ep2,test,880,919,Crafting a paper cone,Manipulate paper edge,Retrieving materials,0.0018107254290953279,0
medium_40f_stride20:ba18b7c1-21ff-45da-8452-41acce7fc8de__ep2:qa:44,ba18b7c1-21ff-45da-8452-41acce7fc8de__ep2,test,900,939,Crafting a paper cone,Manipulate paper edge,Retrieving materials,0.001895168679766357,0
medium_40f_stride20:ba18b7c1-21ff-45da-8452-41acce7fc8de__ep2:qa:45,ba18b7c1-21ff-45da-8452-41acce7fc8de__ep2,test,920,959,Crafting a paper cone,Manipulate paper edge,Retrieving materials,0.0018175350269302726,0
medium_40f_stride20:ba18b7c1-21ff-45da-8452-41acce7fc8de__ep2:qa:46,ba18b7c1-21ff-45da-8452-41acce7fc8de__ep2,test,940,979,Crafting a paper cone,Manipulate paper edge,Manipulate paper strips,0.001774351578205824,0
medium_40f_stride20:ba18b7c1-21ff-45da-8452-41acce7fc8de__ep2:qa:47,ba18b7c1-21ff-45da-8452-41acce7fc8de__ep2,test,960,999,Crafting a paper cone,Manipulate paper edge,Stocking items and carrying container,0.0018503766041249037,0
medium_40f_stride20:ba18b7c1-21ff-45da-8452-41acce7fc8de__ep2:qa:48,ba18b7c1-21ff-45da-8452-41acce7fc8de__ep2,test,980,1019,Crafting a paper cone,Manipulate paper edge,Cutting and folding cardboard shapes,0.0017934568459168077,0
medium_40f_stride20:ba18b7c1-21ff-45da-8452-41acce7fc8de__ep2:qa:49,ba18b7c1-21ff-45da-8452-41acce7fc8de__ep2,test,1000,1039,Crafting a paper cone,Manipulate paper edge,Trace and remove pattern,0.0017983171856030822,0
medium_40f_stride20:ba18b7c1-21ff-45da-8452-41acce7fc8de__ep2:qa:50,ba18b7c1-21ff-45da-8452-41acce7fc8de__ep2,test,1020,1059,Crafting a paper cone,Manipulate paper edge,Trace and remove pattern,0.0018374305218458176,0
medium_40f_stride20:ba18b7c1-21ff-45da-8452-41acce7fc8de__ep2:qa:51,ba18b7c1-21ff-45da-8452-41acce7fc8de__ep2,test,1040,1079,Crafting a paper cone,Adjusting paper edge and placing strip,Trace and remove pattern,0.0019013291457667947,0
medium_40f_stride20:ba18b7c1-21ff-45da-8452-41acce7fc8de__ep2:qa:52,ba18b7c1-21ff-45da-8452-41acce7fc8de__ep2,test,1060,1099,Crafting a paper cone,Adjusting paper edge and placing strip,Trace and remove pattern,0.0017901853425428271,0
medium_40f_stride20:ba18b7c1-21ff-45da-8452-41acce7fc8de__ep2:qa:58,ba18b7c1-21ff-45da-8452-41acce7fc8de__ep2,test,1200,1239,Crafting a paper cone,Adjusting paper edge and placing strip,Trace and remove pattern,0.0018052231753244996,0
medium_40f_stride20:ba18b7c1-21ff-45da-8452-41acce7fc8de__ep2:qa:59,ba18b7c1-21ff-45da-8452-41acce7fc8de__ep2,test,1220,1259,Crafting a paper cone,Adjusting paper edge and placing strip,Retrieving materials,0.0019223650451749563,0
medium_40f_stride20:ba18b7c1-21ff-45da-8452-41acce7fc8de__ep2:qa:60,ba18b7c1-21ff-45da-8452-41acce7fc8de__ep2,test,1240,1279,Crafting a paper cone,Adjusting paper edge and placing strip,Retrieving materials,0.0018170373514294624,0
medium_40f_stride20:ba18b7c1-21ff-45da-8452-41acce7fc8de__ep2:qa:61,ba18b7c1-21ff-45da-8452-41acce7fc8de__ep2,test,1260,1299,Crafting a paper cone,Adjusting paper edge and placing strip,unknown,0.0017766851233318448,0
medium_40f_stride20:ba18b7c1-21ff-45da-8452-41acce7fc8de__ep2:qa:62,ba18b7c1-21ff-45da-8452-41acce7fc8de__ep2,test,1280,1319,Crafting a paper cone,Adjusting paper edge and placing strip,Stacking cardboard pieces,0.0020626734476536512,0
medium_40f_stride20:ba18b7c1-21ff-45da-8452-41acce7fc8de__ep2:qa:63,ba18b7c1-21ff-45da-8452-41acce7fc8de__ep2,test,1300,1339,Crafting a paper cone,Adjusting paper edge and placing strip,Folding paper strips while using phone,0.001809276407584548,0
medium_40f_stride20:ba18b7c1-21ff-45da-8452-41acce7fc8de__ep2:qa:64,ba18b7c1-21ff-45da-8452-41acce7fc8de__ep2,test,1320,1359,Crafting a paper cone,Adjusting paper edge and placing strip,Trace and remove pattern,0.0018070684745907784,0
medium_40f_stride20:ba18b7c1-21ff-45da-8452-41acce7fc8de__ep2:qa:65,ba18b7c1-21ff-45da-8452-41acce7fc8de__ep2,test,1340,1379,Crafting a paper cone,Adjusting paper edge and placing strip,Trace and remove pattern,0.002067524241283536,0
medium_40f_stride20:ba18b7c1-21ff-45da-8452-41acce7fc8de__ep2:qa:66,ba18b7c1-21ff-45da-8452-41acce7fc8de__ep2,test,1360,1399,Crafting a paper cone,Adjusting paper edge and placing strip,Cutting and folding cardboard shapes,0.0018084455514326692,0
medium_40f_stride20:ba18b7c1-21ff-45da-8452-41acce7fc8de__ep2:qa:67,ba18b7c1-21ff-45da-8452-41acce7fc8de__ep2,test,1380,1419,Crafting a paper cone,Adjusting paper edge and placing strip,Trace and remove pattern,0.001799154095351696,0
medium_40f_stride20:ba18b7c1-21ff-45da-8452-41acce7fc8de__ep2:qa:68,ba18b7c1-21ff-45da-8452-41acce7fc8de__ep2,test,1400,1439,Crafting a paper cone,Adjusting paper edge and placing strip,Trace and remove pattern,0.001860987045802176,0
medium_40f_stride20:ba18b7c1-21ff-45da-8452-41acce7fc8de__ep2:qa:69,ba18b7c1-21ff-45da-8452-41acce7fc8de__ep2,test,1420,1459,Crafting a paper cone,Adjusting paper edge and placing strip,Trace and remove pattern,0.0018023931188508868,0
medium_40f_stride20:ba18b7c1-21ff-45da-8452-41acce7fc8de__ep2:qa:70,ba18b7c1-21ff-45da-8452-41acce7fc8de__ep2,test,1440,1479,Crafting a paper cone,Adjusting paper edge and placing strip,folding paper strips into stars,0.0018677902407944202,0
medium_40f_stride20:ba18b7c1-21ff-45da-8452-41acce7fc8de__ep2:qa:71,ba18b7c1-21ff-45da-8452-41acce7fc8de__ep2,test,1460,1499,Crafting a paper cone,Adjusting paper edge and placing strip,Cutting and folding cardboard shapes,0.0017708182567730546,0
medium_40f_stride20:ba18b7c1-21ff-45da-8452-41acce7fc8de__ep2:qa:87,ba18b7c1-21ff-45da-8452-41acce7fc8de__ep2,test,1800,1839,Crafting a paper cone,Manipulate paper strip,Positioning paper strip,0.0018086270429193974,0
medium_40f_stride20:ba18b7c1-21ff-45da-8452-41acce7fc8de__ep2:qa:88,ba18b7c1-21ff-45da-8452-41acce7fc8de__ep2,test,1820,1859,Crafting a paper cone,Manipulate paper strip,Form paper strip into a star,0.0019198929658159614,0
medium_40f_stride20:ba18b7c1-21ff-45da-8452-41acce7fc8de__ep2:qa:89,ba18b7c1-21ff-45da-8452-41acce7fc8de__ep2,test,1840,1879,Crafting a paper cone,Manipulate paper strip,unknown,0.0018203441286459565,0
medium_40f_stride20:ba18b7c1-21ff-45da-8452-41acce7fc8de__ep2:qa:90,ba18b7c1-21ff-45da-8452-41acce7fc8de__ep2,test,1860,1899,Crafting a paper cone,Manipulate paper strip,Cutting and folding cardboard shapes,0.0017826586263254285,0
medium_40f_stride20:ba18b7c1-21ff-45da-8452-41acce7fc8de__ep2:qa:91,ba18b7c1-21ff-45da-8452-41acce7fc8de__ep2,test,1880,1919,Crafting a paper cone,Manipulate paper strip,Cutting and folding cardboard shapes,0.0017590931383892894,0
medium_40f_stride20:ba18b7c1-21ff-45da-8452-41acce7fc8de__ep2:qa:92,ba18b7c1-21ff-45da-8452-41acce7fc8de__ep2,test,1900,1939,Crafting a paper cone,Manipulate paper strip,Handling snack packages,0.0018651086138561368,0
medium_40f_stride20:ba18b7c1-21ff-45da-8452-41acce7fc8de__ep2:qa:93,ba18b7c1-21ff-45da-8452-41acce7fc8de__ep2,test,1920,1959,Crafting a paper cone,Manipulate paper strip,Cut out cardboard pattern,0.0018290192820131779,0
medium_40f_stride20:ba18b7c1-21ff-45da-8452-41acce7fc8de__ep2:qa:94,ba18b7c1-21ff-45da-8452-41acce7fc8de__ep2,test,1940,1979,Crafting a paper cone,Manipulate paper strip,Trace and remove pattern,0.001813404611311853,0
medium_40f_stride20:ba18b7c1-21ff-45da-8452-41acce7fc8de__ep2:qa:95,ba18b7c1-21ff-45da-8452-41acce7fc8de__ep2,test,1960,1999,Crafting a paper cone,Manipulate paper strip,Retrieving and carrying containers,0.001750668277963996,0
medium_40f_stride20:ba18b7c1-21ff-45da-8452-41acce7fc8de__ep2:qa:96,ba18b7c1-21ff-45da-8452-41acce7fc8de__ep2,test,1980,2019,Crafting a paper cone,Manipulate paper strip,Trace and remove pattern piece,0.0017520427936688066,0
medium_40f_stride20:ba18b7c1-21ff-45da-8452-41acce7fc8de__ep2:qa:97,ba18b7c1-21ff-45da-8452-41acce7fc8de__ep2,test,2000,2039,Crafting a paper cone,Manipulate paper strip,Cut out cardboard pattern,0.0018632669234648347,0
medium_40f_stride20:ba18b7c1-21ff-45da-8452-41acce7fc8de__ep2:qa:98,ba18b7c1-21ff-45da-8452-41acce7fc8de__ep2,test,2020,2059,Crafting a paper cone,Manipulate paper strip,Cut out cardboard pattern,0.0018035211833193898,0
medium_40f_stride20:ba18b7c1-21ff-45da-8452-41acce7fc8de__ep2:qa:99,ba18b7c1-21ff-45da-8452-41acce7fc8de__ep2,test,2040,2079,Crafting a paper cone,Manipulate paper strip,Cut out cardboard pattern,0.0018603717908263206,0
medium_40f_stride20:ba18b7c1-21ff-45da-8452-41acce7fc8de__ep2:qa:100,ba18b7c1-21ff-45da-8452-41acce7fc8de__ep2,test,2060,2099,Crafting a paper cone,Manipulate paper strip,Trace and remove pattern,0.0017798446351662278,0
medium_40f_stride20:ba18b7c1-21ff-45da-8452-41acce7fc8de__ep2:qa:142,ba18b7c1-21ff-45da-8452-41acce7fc8de__ep2,test,2920,2959,Crafting a paper cone,Adjusting and securing paper structure,Cut cardboard pattern,0.001859978074207902,0
medium_40f_stride20:ba18b7c1-21ff-45da-8452-41acce7fc8de__ep2:qa:143,ba18b7c1-21ff-45da-8452-41acce7fc8de__ep2,test,2940,2979,Crafting a paper cone,Adjusting and securing paper structure,Retrieving smartphone,0.0018068671924993396,0
medium_40f_stride20:ba18b7c1-21ff-45da-8452-41acce7fc8de__ep2:qa:144,ba18b7c1-21ff-45da-8452-41acce7fc8de__ep2,test,2960,2999,Crafting a paper cone,Adjusting and securing paper structure,Cutting cardboard pieces,0.0017540978733450174,0
medium_40f_stride20:ba18b7c1-21ff-45da-8452-41acce7fc8de__ep2:qa:145,ba18b7c1-21ff-45da-8452-41acce7fc8de__ep2,test,2980,3019,Crafting a paper cone,Adjusting and securing paper structure,folding paper strips into stars,0.001951394253410399,0
medium_40f_stride20:ba18b7c1-21ff-45da-8452-41acce7fc8de__ep2:qa:146,ba18b7c1-21ff-45da-8452-41acce7fc8de__ep2,test,3000,3039,Crafting a paper cone,Adjusting and securing paper structure,Cut cardboard pattern,0.0017560310661792755,0
medium_40f_stride20:ba18b7c1-21ff-45da-8452-41acce7fc8de__ep2:qa:147,ba18b7c1-21ff-45da-8452-41acce7fc8de__ep2,test,3020,3059,Crafting a paper cone,Adjusting and securing paper structure,Cutting cardboard pieces,0.0017542762216180563,0
medium_40f_stride20:ba18b7c1-21ff-45da-8452-41acce7fc8de__ep2:qa:148,ba18b7c1-21ff-45da-8452-41acce7fc8de__ep2,test,3040,3079,Crafting a paper cone,Adjusting and securing paper structure,Vacuuming the carpet edge,0.0018983541522175074,0
medium_40f_stride20:ba18b7c1-21ff-45da-8452-41acce7fc8de__ep2:qa:149,ba18b7c1-21ff-45da-8452-41acce7fc8de__ep2,test,3060,3099,Crafting a paper cone,Adjusting and securing paper structure,Prepare for further marking,0.0018048384226858616,0
medium_40f_stride20:ba18b7c1-21ff-45da-8452-41acce7fc8de__ep2:qa:150,ba18b7c1-21ff-45da-8452-41acce7fc8de__ep2,test,3080,3119,Crafting a paper cone,Adjusting and securing paper structure,Cut cardboard pattern,0.0017863770481199026,0
medium_40f_stride20:ba18b7c1-21ff-45da-8452-41acce7fc8de__ep2:qa:151,ba18b7c1-21ff-45da-8452-41acce7fc8de__ep2,test,3100,3139,Crafting a paper cone,Adjusting and securing paper structure,Manipulate small paper segment,0.0018226307583972812,0
medium_40f_stride20:ba18b7c1-21ff-45da-8452-41acce7fc8de__ep2:qa:152,ba18b7c1-21ff-45da-8452-41acce7fc8de__ep2,test,3120,3159,Crafting a paper cone,Adjusting and securing paper structure,Inspecting and placing cans on shelf,0.0018959949957206845,0
medium_40f_stride20:ba18b7c1-21ff-45da-8452-41acce7fc8de__ep2:qa:153,ba18b7c1-21ff-45da-8452-41acce7fc8de__ep2,test,3140,3179,Crafting a paper cone,Adjusting and securing paper structure,Cutting cardboard pieces,0.0017230793600901961,0
medium_40f_stride20:ba18b7c1-21ff-45da-8452-41acce7fc8de__ep2:qa:154,ba18b7c1-21ff-45da-8452-41acce7fc8de__ep2,test,3160,3199,Crafting a paper cone,Adjusting and securing paper structure,Manipulating paper strips,0.0017350111156702042,0
medium_40f_stride20:ba18b7c1-21ff-45da-8452-41acce7fc8de__ep2:qa:165,ba18b7c1-21ff-45da-8452-41acce7fc8de__ep2,test,3400,3439,Crafting a paper cone,Manipulate adhesive strip,Cleaning and bagging an electronic item,0.0019360899459570646,0
medium_40f_stride20:ba18b7c1-21ff-45da-8452-41acce7fc8de__ep2:qa:166,ba18b7c1-21ff-45da-8452-41acce7fc8de__ep2,test,3420,3459,Crafting a paper cone,Manipulate adhesive strip,Walking through workspace,0.0018277281196787953,0
medium_40f_stride20:ba18b7c1-21ff-45da-8452-41acce7fc8de__ep2:qa:167,ba18b7c1-21ff-45da-8452-41acce7fc8de__ep2,test,3440,3479,Crafting a paper cone,Manipulate adhesive strip,Walking through workspace,0.001776655437424779,0
medium_40f_stride20:ba18b7c1-21ff-45da-8452-41acce7fc8de__ep2:qa:168,ba18b7c1-21ff-45da-8452-41acce7fc8de__ep2,test,3460,3499,Crafting a paper cone,Manipulate adhesive strip,Cutting cardboard pieces,0.0018012914806604385,0
medium_40f_stride20:ba18b7c1-21ff-45da-8452-41acce7fc8de__ep2:qa:169,ba18b7c1-21ff-45da-8452-41acce7fc8de__ep2,test,3480,3519,Crafting a paper cone,Manipulate adhesive strip,Cutting cardboard pieces,0.0017684445483610034,0
medium_40f_stride20:ba18b7c1-21ff-45da-8452-41acce7fc8de__ep2:qa:170,ba18b7c1-21ff-45da-8452-41acce7fc8de__ep2,test,3500,3539,Crafting a paper cone,Manipulate adhesive strip,unknown,0.0017767116660252213,0
medium_40f_stride20:ba18b7c1-21ff-45da-8452-41acce7fc8de__ep2:qa:171,ba18b7c1-21ff-45da-8452-41acce7fc8de__ep2,test,3520,3559,Crafting a paper cone,Manipulate adhesive strip,Cutting cardboard pieces,0.0017600191058591008,0
medium_40f_stride20:ba18b7c1-21ff-45da-8452-41acce7fc8de__ep2:qa:172,ba18b7c1-21ff-45da-8452-41acce7fc8de__ep2,test,3540,3579,Crafting a paper cone,Manipulate adhesive strip,Cutting cardboard pieces,0.0017810792196542025,0
medium_40f_stride20:ba18b7c1-21ff-45da-8452-41acce7fc8de__ep2:qa:173,ba18b7c1-21ff-45da-8452-41acce7fc8de__ep2,test,3560,3599,Crafting a paper cone,Manipulate adhesive strip,Cutting cardboard pieces,0.001774333417415619,0
medium_40f_stride20:ba18b7c1-21ff-45da-8452-41acce7fc8de__ep2:qa:174,ba18b7c1-21ff-45da-8452-41acce7fc8de__ep2,test,3580,3619,Crafting a paper cone,Manipulate adhesive strip,Place down paper segment and reach for supplies,0.002028757007792592,0
medium_40f_stride20:ba18b7c1-21ff-45da-8452-41acce7fc8de__ep2:qa:175,ba18b7c1-21ff-45da-8452-41acce7fc8de__ep2,test,3600,3639,Crafting a paper cone,Manipulate adhesive strip,Adjust phone and reach for beads,0.0019104054663330317,0
medium_40f_stride20:ba18b7c1-21ff-45da-8452-41acce7fc8de__ep2:qa:176,ba18b7c1-21ff-45da-8452-41acce7fc8de__ep2,test,3620,3659,Crafting a paper cone,Manipulate adhesive strip,Using phone and drinking water,0.0017933717463165522,0
medium_40f_stride20:ba18b7c1-21ff-45da-8452-41acce7fc8de__ep2:qa:177,ba18b7c1-21ff-45da-8452-41acce7fc8de__ep2,test,3640,3679,Crafting a paper cone,Manipulate adhesive strip,Transporting snack packages to shelf,0.001850623986683786,0
medium_40f_stride20:ba18b7c1-21ff-45da-8452-41acce7fc8de__ep2:qa:178,ba18b7c1-21ff-45da-8452-41acce7fc8de__ep2,test,3660,3699,Crafting a paper cone,Manipulate adhesive strip,Cutting cardboard pieces,0.0017670427914708853,0
medium_40f_stride20:ba18b7c1-21ff-45da-8452-41acce7fc8de__ep2:qa:234,ba18b7c1-21ff-45da-8452-41acce7fc8de__ep2,test,4800,4839,Crafting a paper cone,Secure paper edges with adhesive,Mark cardboard for cutting,0.0020430488511919975,0
medium_40f_stride20:ba18b7c1-21ff-45da-8452-41acce7fc8de__ep2:qa:235,ba18b7c1-21ff-45da-8452-41acce7fc8de__ep2,test,4820,4859,Crafting a paper cone,Secure paper edges with adhesive,Mark cardboard for cutting,0.0018770538736134768,0
medium_40f_stride20:ba18b7c1-21ff-45da-8452-41acce7fc8de__ep2:qa:236,ba18b7c1-21ff-45da-8452-41acce7fc8de__ep2,test,4840,4879,Crafting a paper cone,Secure paper edges with adhesive,Mark cardboard for cutting,0.0018514505354687572,0
medium_40f_stride20:ba18b7c1-21ff-45da-8452-41acce7fc8de__ep2:qa:237,ba18b7c1-21ff-45da-8452-41acce7fc8de__ep2,test,4860,4899,Crafting a paper cone,Secure paper edges with adhesive,Hold small object,0.0017902060644701123,0
medium_40f_stride20:ba18b7c1-21ff-45da-8452-41acce7fc8de__ep2:qa:238,ba18b7c1-21ff-45da-8452-41acce7fc8de__ep2,test,4880,4919,Crafting a paper cone,Secure paper edges with adhesive,Move empty cardboard boxes,0.0021563670597970486,0
medium_40f_stride20:ba18b7c1-21ff-45da-8452-41acce7fc8de__ep2:qa:239,ba18b7c1-21ff-45da-8452-41acce7fc8de__ep2,test,4900,4939,Crafting a paper cone,Secure paper edges with adhesive,Place down paper strip,0.0018482462037354708,0
medium_40f_stride20:ba18b7c1-21ff-45da-8452-41acce7fc8de__ep2:qa:240,ba18b7c1-21ff-45da-8452-41acce7fc8de__ep2,test,4920,4959,Crafting a paper cone,Secure paper edges with adhesive,Place down paper strip,0.002173124346882105,0
medium_40f_stride20:ba18b7c1-21ff-45da-8452-41acce7fc8de__ep2:qa:241,ba18b7c1-21ff-45da-8452-41acce7fc8de__ep2,test,4940,4979,Crafting a paper cone,Secure paper edges with adhesive,Cut cardboard with utility knife,0.0019012602278962731,0
medium_40f_stride20:ba18b7c1-21ff-45da-8452-41acce7fc8de__ep2:qa:242,ba18b7c1-21ff-45da-8452-41acce7fc8de__ep2,test,4960,4999,Crafting a paper cone,Secure paper edges with adhesive,Cut cardboard with utility knife,0.0018234007293358445,0
medium_40f_stride20:ba18b7c1-21ff-45da-8452-41acce7fc8de__ep2:qa:243,ba18b7c1-21ff-45da-8452-41acce7fc8de__ep2,test,4980,5019,Crafting a paper cone,Secure paper edges with adhesive,Cut cardboard with utility knife,0.001800788682885468,0
medium_40f_stride20:ba18b7c1-21ff-45da-8452-41acce7fc8de__ep2:qa:244,ba18b7c1-21ff-45da-8452-41acce7fc8de__ep2,test,5000,5039,Crafting a paper cone,Secure paper edges with adhesive,Cut cardboard with utility knife,0.0019456958398222923,0
medium_40f_stride20:ba18b7c1-21ff-45da-8452-41acce7fc8de__ep2:qa:245,ba18b7c1-21ff-45da-8452-41acce7fc8de__ep2,test,5020,5059,Crafting a paper cone,Secure paper edges with adhesive,Cut cardboard with utility knife,0.00201095687225461,0
medium_40f_stride20:ba18b7c1-21ff-45da-8452-41acce7fc8de__ep2:qa:246,ba18b7c1-21ff-45da-8452-41acce7fc8de__ep2,test,5040,5079,Crafting a paper cone,Secure paper edges with adhesive,Cut cardboard with utility knife,0.0019387732027098536,0
medium_40f_stride20:b6579cb5-0a71-4ca6-8808-1e2700be05c7__ep3:qa:0,b6579cb5-0a71-4ca6-8808-1e2700be05c7__ep3,test,0,39,Sorting and counting colored star-shaped beads,Sort and record bead counts,Sorting and counting beads,0.002136585069820285,0
medium_40f_stride20:b6579cb5-0a71-4ca6-8808-1e2700be05c7__ep3:qa:1,b6579cb5-0a71-4ca6-8808-1e2700be05c7__ep3,test,20,59,Sorting and counting colored star-shaped beads,Sort and record bead counts,Sorting and counting beads,0.002142825862392783,0
medium_40f_stride20:b6579cb5-0a71-4ca6-8808-1e2700be05c7__ep3:qa:2,b6579cb5-0a71-4ca6-8808-1e2700be05c7__ep3,test,40,79,Sorting and counting colored star-shaped beads,Sort and record bead counts,Sorting and counting beads,0.0021322735119611025,0
medium_40f_stride20:b6579cb5-0a71-4ca6-8808-1e2700be05c7__ep3:qa:3,b6579cb5-0a71-4ca6-8808-1e2700be05c7__ep3,test,60,99,Sorting and counting colored star-shaped beads,Sort and record bead counts,Sorting and counting beads,0.0021274930331856012,0
medium_40f_stride20:b6579cb5-0a71-4ca6-8808-1e2700be05c7__ep3:qa:4,b6579cb5-0a71-4ca6-8808-1e2700be05c7__ep3,test,80,119,Sorting and counting colored star-shaped beads,Sort and record bead counts,Sorting and counting beads,0.0021372048649936914,0
medium_40f_stride20:b6579cb5-0a71-4ca6-8808-1e2700be05c7__ep3:qa:13,b6579cb5-0a71-4ca6-8808-1e2700be05c7__ep3,test,280,319,Sorting and counting colored star-shaped beads,Sort and record bead counts,Sorting and counting beads,0.0021195828448981047,0
medium_40f_stride20:b6579cb5-0a71-4ca6-8808-1e2700be05c7__ep3:qa:14,b6579cb5-0a71-4ca6-8808-1e2700be05c7__ep3,test,300,339,Sorting and counting colored star-shaped beads,Sort and record bead counts,Sorting and counting beads,0.002116973279044032,0
medium_40f_stride20:b6579cb5-0a71-4ca6-8808-1e2700be05c7__ep3:qa:15,b6579cb5-0a71-4ca6-8808-1e2700be05c7__ep3,test,320,359,Sorting and counting colored star-shaped beads,Sort and record bead counts,Sorting and counting beads,0.002148121828213334,0
medium_40f_stride20:b6579cb5-0a71-4ca6-8808-1e2700be05c7__ep3:qa:16,b6579cb5-0a71-4ca6-8808-1e2700be05c7__ep3,test,340,379,Sorting and counting colored star-shaped beads,Sort and record bead counts,Sorting and counting beads,0.002199120819568634,0
medium_40f_stride20:b6579cb5-0a71-4ca6-8808-1e2700be05c7__ep3:qa:17,b6579cb5-0a71-4ca6-8808-1e2700be05c7__ep3,test,360,399,Sorting and counting colored star-shaped beads,Sort and record bead counts,Sorting and counting beads,0.002154142130166292,0
medium_40f_stride20:b6579cb5-0a71-4ca6-8808-1e2700be05c7__ep3:qa:48,b6579cb5-0a71-4ca6-8808-1e2700be05c7__ep3,test,1000,1039,Sorting and counting colored star-shaped beads,Sort and record bead counts,Sorting and counting beads,0.002178628696128726,0
medium_40f_stride20:b6579cb5-0a71-4ca6-8808-1e2700be05c7__ep3:qa:49,b6579cb5-0a71-4ca6-8808-1e2700be05c7__ep3,test,1020,1059,Sorting and counting colored star-shaped beads,Sort and record bead counts,Sorting and counting beads,0.0021052819211035967,0
medium_40f_stride20:b6579cb5-0a71-4ca6-8808-1e2700be05c7__ep3:qa:50,b6579cb5-0a71-4ca6-8808-1e2700be05c7__ep3,test,1040,1079,Sorting and counting colored star-shaped beads,Sort and record bead counts,Sorting and counting beads,0.0020954504143446684,0
medium_40f_stride20:b6579cb5-0a71-4ca6-8808-1e2700be05c7__ep3:qa:51,b6579cb5-0a71-4ca6-8808-1e2700be05c7__ep3,test,1060,1099,Sorting and counting colored star-shaped beads,Sort and record bead counts,Sorting and counting beads,0.0021175099536776543,0
medium_40f_stride20:b6579cb5-0a71-4ca6-8808-1e2700be05c7__ep3:qa:52,b6579cb5-0a71-4ca6-8808-1e2700be05c7__ep3,test,1080,1119,Sorting and counting colored star-shaped beads,Sort and record bead counts,Sorting and counting beads,0.002161152195185423,0
medium_40f_stride20:b6579cb5-0a71-4ca6-8808-1e2700be05c7__ep3:qa:96,b6579cb5-0a71-4ca6-8808-1e2700be05c7__ep3,test,2000,2039,Sorting and counting colored star-shaped beads,Sort and group beads,Sorting and counting beads,0.002110689179971814,0
medium_40f_stride20:b6579cb5-0a71-4ca6-8808-1e2700be05c7__ep3:qa:97,b6579cb5-0a71-4ca6-8808-1e2700be05c7__ep3,test,2020,2059,Sorting and counting colored star-shaped beads,Sort and group beads,Sorting and counting beads,0.002170977648347616,0
medium_40f_stride20:b6579cb5-0a71-4ca6-8808-1e2700be05c7__ep3:qa:98,b6579cb5-0a71-4ca6-8808-1e2700be05c7__ep3,test,2040,2079,Sorting and counting colored star-shaped beads,Sort and group beads,Sorting and counting beads,0.002101993653923273,0
medium_40f_stride20:b6579cb5-0a71-4ca6-8808-1e2700be05c7__ep3:qa:99,b6579cb5-0a71-4ca6-8808-1e2700be05c7__ep3,test,2060,2099,Sorting and counting colored star-shaped beads,Sort and group beads,Sorting and counting beads,0.0021118796430528164,0
medium_40f_stride20:b6579cb5-0a71-4ca6-8808-1e2700be05c7__ep3:qa:100,b6579cb5-0a71-4ca6-8808-1e2700be05c7__ep3,test,2080,2119,Sorting and counting colored star-shaped beads,Sort and group beads,Sorting and counting beads,0.00212521618232131,0
medium_40f_stride20:b6579cb5-0a71-4ca6-8808-1e2700be05c7__ep3:qa:101,b6579cb5-0a71-4ca6-8808-1e2700be05c7__ep3,test,2100,2139,Sorting and counting colored star-shaped beads,Sort and group beads,Sorting and counting beads,0.002028892980888486,0
medium_40f_stride20:b6579cb5-0a71-4ca6-8808-1e2700be05c7__ep3:qa:115,b6579cb5-0a71-4ca6-8808-1e2700be05c7__ep3,test,2400,2439,Sorting and counting colored star-shaped beads,"Pick, place, and count beads",Sorting and counting beads,0.0021189837716519833,0
medium_40f_stride20:b6579cb5-0a71-4ca6-8808-1e2700be05c7__ep3:qa:116,b6579cb5-0a71-4ca6-8808-1e2700be05c7__ep3,test,2420,2459,Sorting and counting colored star-shaped beads,"Pick, place, and count beads",Sorting and counting beads,0.0020296431612223387,0
medium_40f_stride20:b6579cb5-0a71-4ca6-8808-1e2700be05c7__ep3:qa:117,b6579cb5-0a71-4ca6-8808-1e2700be05c7__ep3,test,2440,2479,Sorting and counting colored star-shaped beads,"Pick, place, and count beads",Sorting and counting beads,0.002092299982905388,0
medium_40f_stride20:b6579cb5-0a71-4ca6-8808-1e2700be05c7__ep3:qa:118,b6579cb5-0a71-4ca6-8808-1e2700be05c7__ep3,test,2460,2499,Sorting and counting colored star-shaped beads,"Pick, place, and count beads",Sorting and counting beads,0.002119362587109208,0
medium_40f_stride20:b6579cb5-0a71-4ca6-8808-1e2700be05c7__ep3:qa:119,b6579cb5-0a71-4ca6-8808-1e2700be05c7__ep3,test,2480,2519,Sorting and counting colored star-shaped beads,"Pick, place, and count beads",Sorting and counting beads,0.0020769257098436356,0
medium_40f_stride20:b6579cb5-0a71-4ca6-8808-1e2700be05c7__ep3:qa:120,b6579cb5-0a71-4ca6-8808-1e2700be05c7__ep3,test,2500,2539,Sorting and counting colored star-shaped beads,"Pick, place, and count beads",Sorting and counting beads,0.0020037894137203693,0
medium_40f_stride20:b6579cb5-0a71-4ca6-8808-1e2700be05c7__ep3:qa:122,b6579cb5-0a71-4ca6-8808-1e2700be05c7__ep3,test,2560,2599,Sorting and counting colored star-shaped beads,"Pick, place, and count beads",Sorting and counting beads,0.0020593376830220222,0
medium_40f_stride20:b6579cb5-0a71-4ca6-8808-1e2700be05c7__ep3:qa:123,b6579cb5-0a71-4ca6-8808-1e2700be05c7__ep3,test,2580,2619,Sorting and counting colored star-shaped beads,"Pick, place, and count beads",Sorting and counting beads,0.0021170072723180056,0
medium_40f_stride20:b6579cb5-0a71-4ca6-8808-1e2700be05c7__ep3:qa:124,b6579cb5-0a71-4ca6-8808-1e2700be05c7__ep3,test,2600,2639,Sorting and counting colored star-shaped beads,"Pick, place, and count beads",Sorting and counting beads,0.002101957332342863,0
medium_40f_stride20:b6579cb5-0a71-4ca6-8808-1e2700be05c7__ep3:qa:125,b6579cb5-0a71-4ca6-8808-1e2700be05c7__ep3,test,2620,2659,Sorting and counting colored star-shaped beads,"Pick, place, and count beads",Sorting and counting beads,0.001999038038775325,0
medium_40f_stride20:b6579cb5-0a71-4ca6-8808-1e2700be05c7__ep3:qa:126,b6579cb5-0a71-4ca6-8808-1e2700be05c7__ep3,test,2640,2679,Sorting and counting colored star-shaped beads,"Pick, place, and count beads",Sorting and counting beads,0.002069733338430524,0
medium_40f_stride20:b6579cb5-0a71-4ca6-8808-1e2700be05c7__ep3:qa:127,b6579cb5-0a71-4ca6-8808-1e2700be05c7__ep3,test,2660,2699,Sorting and counting colored star-shaped beads,"Pick, place, and count beads",Sorting and counting beads,0.0019687889143824577,0
medium_40f_stride20:b6579cb5-0a71-4ca6-8808-1e2700be05c7__ep3:qa:143,b6579cb5-0a71-4ca6-8808-1e2700be05c7__ep3,test,3000,3039,Sorting and counting colored star-shaped beads,Sort beads and record count,Sorting and counting beads,0.0020830531138926744,0
medium_40f_stride20:b6579cb5-0a71-4ca6-8808-1e2700be05c7__ep3:qa:144,b6579cb5-0a71-4ca6-8808-1e2700be05c7__ep3,test,3020,3059,Sorting and counting colored star-shaped beads,Sort beads and record count,Sort beads,0.002074470976367593,0
medium_40f_stride20:b6579cb5-0a71-4ca6-8808-1e2700be05c7__ep3:qa:145,b6579cb5-0a71-4ca6-8808-1e2700be05c7__ep3,test,3040,3079,Sorting and counting colored star-shaped beads,Sort beads and record count,Sorting and counting beads,0.002131268847733736,0
medium_40f_stride20:b6579cb5-0a71-4ca6-8808-1e2700be05c7__ep3:qa:146,b6579cb5-0a71-4ca6-8808-1e2700be05c7__ep3,test,3060,3099,Sorting and counting colored star-shaped beads,Sort beads and record count,Sorting and counting beads,0.001978127285838127,0
medium_40f_stride20:b6579cb5-0a71-4ca6-8808-1e2700be05c7__ep3:qa:147,b6579cb5-0a71-4ca6-8808-1e2700be05c7__ep3,test,3080,3119,Sorting and counting colored star-shaped beads,Sort beads and record count,Sorting and counting beads,0.002139320597052574,0
medium_40f_stride20:b6579cb5-0a71-4ca6-8808-1e2700be05c7__ep3:qa:156,b6579cb5-0a71-4ca6-8808-1e2700be05c7__ep3,test,3280,3319,Sorting and counting colored star-shaped beads,Sort beads and record count,Sorting and counting beads,0.002104662824422121,0
medium_40f_stride20:b6579cb5-0a71-4ca6-8808-1e2700be05c7__ep3:qa:157,b6579cb5-0a71-4ca6-8808-1e2700be05c7__ep3,test,3300,3339,Sorting and counting colored star-shaped beads,Sort beads and record count,Sorting and counting beads,0.00211167661473155,0
medium_40f_stride20:b6579cb5-0a71-4ca6-8808-1e2700be05c7__ep3:qa:158,b6579cb5-0a71-4ca6-8808-1e2700be05c7__ep3,test,3320,3359,Sorting and counting colored star-shaped beads,Sort beads and record count,Sorting and counting beads,0.002146876882761717,0
medium_40f_stride20:b6579cb5-0a71-4ca6-8808-1e2700be05c7__ep3:qa:159,b6579cb5-0a71-4ca6-8808-1e2700be05c7__ep3,test,3340,3379,Sorting and counting colored star-shaped beads,Sort beads and record count,Walking through the room,0.0020124863367527723,0
medium_40f_stride20:b6579cb5-0a71-4ca6-8808-1e2700be05c7__ep3:qa:160,b6579cb5-0a71-4ca6-8808-1e2700be05c7__ep3,test,3360,3399,Sorting and counting colored star-shaped beads,Sort beads and record count,Sorting and counting beads,0.002063589636236429,0
medium_40f_stride20:b6579cb5-0a71-4ca6-8808-1e2700be05c7__ep3:qa:171,b6579cb5-0a71-4ca6-8808-1e2700be05c7__ep3,test,3600,3639,Sorting and counting colored star-shaped beads,Sort beads and record count,Adjust phone and reach for beads,0.002031707903370261,0
medium_40f_stride20:b6579cb5-0a71-4ca6-8808-1e2700be05c7__ep3:qa:172,b6579cb5-0a71-4ca6-8808-1e2700be05c7__ep3,test,3620,3659,Sorting and counting colored star-shaped beads,Sort beads and record count,Sorting and counting beads,0.001981677021831274,0
medium_40f_stride20:b6579cb5-0a71-4ca6-8808-1e2700be05c7__ep3:qa:173,b6579cb5-0a71-4ca6-8808-1e2700be05c7__ep3,test,3640,3679,Sorting and counting colored star-shaped beads,Sort beads and record count,Sorting and counting beads,0.0020430407021194696,0
medium_40f_stride20:b6579cb5-0a71-4ca6-8808-1e2700be05c7__ep3:qa:174,b6579cb5-0a71-4ca6-8808-1e2700be05c7__ep3,test,3660,3699,Sorting and counting colored star-shaped beads,Sort beads and record count,Sorting and counting beads,0.001986513379961252,0
medium_40f_stride20:b6579cb5-0a71-4ca6-8808-1e2700be05c7__ep3:qa:175,b6579cb5-0a71-4ca6-8808-1e2700be05c7__ep3,test,3680,3719,Sorting and counting colored star-shaped beads,Sort beads and record count,Drawing lines and checking smartphone,0.0020601763390004635,0
medium_40f_stride20:b6579cb5-0a71-4ca6-8808-1e2700be05c7__ep3:qa:176,b6579cb5-0a71-4ca6-8808-1e2700be05c7__ep3,test,3700,3739,Sorting and counting colored star-shaped beads,Sort beads and record count,Sorting and counting beads,0.0021133783739060163,0
medium_40f_stride20:b6579cb5-0a71-4ca6-8808-1e2700be05c7__ep3:qa:190,b6579cb5-0a71-4ca6-8808-1e2700be05c7__ep3,test,4000,4039,Sorting and counting colored star-shaped beads,Sort beads and record count,Sorting and counting beads,0.002102325204759836,0
medium_40f_stride20:b6579cb5-0a71-4ca6-8808-1e2700be05c7__ep3:qa:191,b6579cb5-0a71-4ca6-8808-1e2700be05c7__ep3,test,4020,4059,Sorting and counting colored star-shaped beads,Sort beads and record count,Sorting and counting beads,0.0020585213787853718,0
medium_40f_stride20:b6579cb5-0a71-4ca6-8808-1e2700be05c7__ep3:qa:192,b6579cb5-0a71-4ca6-8808-1e2700be05c7__ep3,test,4040,4079,Sorting and counting colored star-shaped beads,Sort beads and record count,Sorting and counting beads,0.002110252622514963,0
medium_40f_stride20:b6579cb5-0a71-4ca6-8808-1e2700be05c7__ep3:qa:193,b6579cb5-0a71-4ca6-8808-1e2700be05c7__ep3,test,4060,4099,Sorting and counting colored star-shaped beads,Sort beads and record count,Gathering star beads,0.00202985480427742,0
medium_40f_stride20:b6579cb5-0a71-4ca6-8808-1e2700be05c7__ep3:qa:194,b6579cb5-0a71-4ca6-8808-1e2700be05c7__ep3,test,4080,4119,Sorting and counting colored star-shaped beads,Sort beads and record count,Sorting and counting beads,0.002118418924510479,0
medium_40f_stride20:b6579cb5-0a71-4ca6-8808-1e2700be05c7__ep3:qa:195,b6579cb5-0a71-4ca6-8808-1e2700be05c7__ep3,test,4100,4139,Sorting and counting colored star-shaped beads,Sort beads and record count,Sorting and counting beads,0.0020866666454821825,0
medium_40f_stride20:b6579cb5-0a71-4ca6-8808-1e2700be05c7__ep3:qa:201,b6579cb5-0a71-4ca6-8808-1e2700be05c7__ep3,test,4240,4279,Sorting and counting colored star-shaped beads,Sort beads and record count,Sorting and counting beads,0.0020485289860516787,0
medium_40f_stride20:b6579cb5-0a71-4ca6-8808-1e2700be05c7__ep3:qa:202,b6579cb5-0a71-4ca6-8808-1e2700be05c7__ep3,test,4260,4299,Sorting and counting colored star-shaped beads,Count beads and retrieve more,Sorting and counting beads,0.002143283374607563,0
medium_40f_stride20:b6579cb5-0a71-4ca6-8808-1e2700be05c7__ep3:qa:203,b6579cb5-0a71-4ca6-8808-1e2700be05c7__ep3,test,4280,4319,Sorting and counting colored star-shaped beads,Count beads and retrieve more,Sorting and counting beads,0.0020066024735569954,0
medium_40f_stride20:b6579cb5-0a71-4ca6-8808-1e2700be05c7__ep3:qa:204,b6579cb5-0a71-4ca6-8808-1e2700be05c7__ep3,test,4300,4339,Sorting and counting colored star-shaped beads,Count beads and retrieve more,Sorting and counting beads,0.0020747403614223003,0
medium_40f_stride20:b6579cb5-0a71-4ca6-8808-1e2700be05c7__ep3:qa:205,b6579cb5-0a71-4ca6-8808-1e2700be05c7__ep3,test,4320,4359,Sorting and counting colored star-shaped beads,Count beads and retrieve more,Sorting and counting beads,0.0020771101117134094,0
medium_40f_stride20:b6579cb5-0a71-4ca6-8808-1e2700be05c7__ep3:qa:206,b6579cb5-0a71-4ca6-8808-1e2700be05c7__ep3,test,4340,4379,Sorting and counting colored star-shaped beads,Count beads and retrieve more,Sorting and counting beads,0.0019636976066976786,0
medium_40f_stride20:b6579cb5-0a71-4ca6-8808-1e2700be05c7__ep3:qa:208,b6579cb5-0a71-4ca6-8808-1e2700be05c7__ep3,test,4400,4439,Sorting and counting colored star-shaped beads,Count beads and retrieve more,Sorting and counting beads,0.0020961135160177946,0
medium_40f_stride20:b6579cb5-0a71-4ca6-8808-1e2700be05c7__ep3:qa:209,b6579cb5-0a71-4ca6-8808-1e2700be05c7__ep3,test,4420,4459,Sorting and counting colored star-shaped beads,Count beads and retrieve more,Sort beads by hand,0.002013138262555003,0
medium_40f_stride20:b6579cb5-0a71-4ca6-8808-1e2700be05c7__ep3:qa:210,b6579cb5-0a71-4ca6-8808-1e2700be05c7__ep3,test,4440,4479,Sorting and counting colored star-shaped beads,Count beads and retrieve more,Sort beads by hand,0.002050042152404785,0
medium_40f_stride20:b6579cb5-0a71-4ca6-8808-1e2700be05c7__ep3:qa:211,b6579cb5-0a71-4ca6-8808-1e2700be05c7__ep3,test,4460,4499,Sorting and counting colored star-shaped beads,Count beads and retrieve more,Sorting and counting beads,0.0020800717175006866,0
medium_40f_stride20:b6579cb5-0a71-4ca6-8808-1e2700be05c7__ep3:qa:212,b6579cb5-0a71-4ca6-8808-1e2700be05c7__ep3,test,4480,4519,Sorting and counting colored star-shaped beads,Count beads and retrieve more,Sort beads by hand,0.0020464505068957806,0
medium_40f_stride20:b6579cb5-0a71-4ca6-8808-1e2700be05c7__ep3:qa:213,b6579cb5-0a71-4ca6-8808-1e2700be05c7__ep3,test,4500,4539,Sorting and counting colored star-shaped beads,Count beads and retrieve more,Sorting and counting beads,0.0020690499804913998,0
medium_40f_stride20:b6579cb5-0a71-4ca6-8808-1e2700be05c7__ep3:qa:219,b6579cb5-0a71-4ca6-8808-1e2700be05c7__ep3,test,4640,4679,Sorting and counting colored star-shaped beads,Document bead counts,Sorting and counting beads,0.0020348099060356617,0
medium_40f_stride20:b6579cb5-0a71-4ca6-8808-1e2700be05c7__ep3:qa:220,b6579cb5-0a71-4ca6-8808-1e2700be05c7__ep3,test,4660,4699,Sorting and counting colored star-shaped beads,Document bead counts,Sorting and counting beads,0.0020587679464370012,0
medium_40f_stride20:b6579cb5-0a71-4ca6-8808-1e2700be05c7__ep3:qa:221,b6579cb5-0a71-4ca6-8808-1e2700be05c7__ep3,test,4680,4719,Sorting and counting colored star-shaped beads,Document bead counts,Repositioning and cutting cardboard pieces,0.0021069576032459736,0
medium_40f_stride20:b6579cb5-0a71-4ca6-8808-1e2700be05c7__ep3:qa:222,b6579cb5-0a71-4ca6-8808-1e2700be05c7__ep3,test,4700,4739,Sorting and counting colored star-shaped beads,Document bead counts,Holding quilled paper piece,0.002078458433970809,0
medium_40f_stride20:b6579cb5-0a71-4ca6-8808-1e2700be05c7__ep3:qa:223,b6579cb5-0a71-4ca6-8808-1e2700be05c7__ep3,test,4720,4759,Sorting and counting colored star-shaped beads,Document bead counts,Sorting and counting beads,0.0020972860511392355,0
medium_40f_stride20:b6579cb5-0a71-4ca6-8808-1e2700be05c7__ep3:qa:226,b6579cb5-0a71-4ca6-8808-1e2700be05c7__ep3,test,4800,4839,Sorting and counting colored star-shaped beads,Document bead counts,Hold instructional sign,0.0020908284932374954,0
medium_40f_stride20:b6579cb5-0a71-4ca6-8808-1e2700be05c7__ep3:qa:227,b6579cb5-0a71-4ca6-8808-1e2700be05c7__ep3,test,4820,4859,Sorting and counting colored star-shaped beads,Document bead counts,Sorting and counting beads,0.002071279101073742,0
medium_40f_stride20:b6579cb5-0a71-4ca6-8808-1e2700be05c7__ep3:qa:228,b6579cb5-0a71-4ca6-8808-1e2700be05c7__ep3,test,4840,4879,Sorting and counting colored star-shaped beads,Document bead counts,Sorting and counting beads,0.0020884221885353327,0
medium_40f_stride20:b6579cb5-0a71-4ca6-8808-1e2700be05c7__ep3:qa:229,b6579cb5-0a71-4ca6-8808-1e2700be05c7__ep3,test,4880,4919,Sorting and counting colored star-shaped beads,Organize and count beads,Move empty cardboard boxes,0.0020943344570696354,0
medium_40f_stride20:b6579cb5-0a71-4ca6-8808-1e2700be05c7__ep3:qa:230,b6579cb5-0a71-4ca6-8808-1e2700be05c7__ep3,test,4900,4939,Sorting and counting colored star-shaped beads,Organize and count beads,Sorting and counting beads,0.0020477757789194584,0
medium_40f_stride20:b6579cb5-0a71-4ca6-8808-1e2700be05c7__ep3:qa:231,b6579cb5-0a71-4ca6-8808-1e2700be05c7__ep3,test,4920,4959,Sorting and counting colored star-shaped beads,Organize and count beads,Sorting beads and writing on paper,0.002091774018481374,0
medium_40f_stride20:b6579cb5-0a71-4ca6-8808-1e2700be05c7__ep3:qa:232,b6579cb5-0a71-4ca6-8808-1e2700be05c7__ep3,test,4940,4979,Sorting and counting colored star-shaped beads,Organize and count beads,Sorting and counting beads,0.0020424663089215755,0
medium_40f_stride20:b6579cb5-0a71-4ca6-8808-1e2700be05c7__ep3:qa:233,b6579cb5-0a71-4ca6-8808-1e2700be05c7__ep3,test,4960,4999,Sorting and counting colored star-shaped beads,Organize and count beads,Sorting and counting beads,0.0021269405260682106,0
medium_40f_stride20:b6579cb5-0a71-4ca6-8808-1e2700be05c7__ep3:qa:234,b6579cb5-0a71-4ca6-8808-1e2700be05c7__ep3,test,5000,5039,Sorting and counting colored star-shaped beads,Organize and count beads,Sorting and counting beads,0.002074819291010499,0
medium_40f_stride20:b6579cb5-0a71-4ca6-8808-1e2700be05c7__ep3:qa:235,b6579cb5-0a71-4ca6-8808-1e2700be05c7__ep3,test,5020,5059,Sorting and counting colored star-shaped beads,Organize and count beads,Pick up and place star-shaped beads,0.002039656275883317,0
medium_40f_stride20:b6579cb5-0a71-4ca6-8808-1e2700be05c7__ep3:qa:236,b6579cb5-0a71-4ca6-8808-1e2700be05c7__ep3,test,5040,5079,Sorting and counting colored star-shaped beads,Organize and count beads,Pick up and place star-shaped beads,0.002084874315187335,0
medium_40f_stride20:b6579cb5-0a71-4ca6-8808-1e2700be05c7__ep3:qa:237,b6579cb5-0a71-4ca6-8808-1e2700be05c7__ep3,test,5060,5099,Sorting and counting colored star-shaped beads,Organize and count beads,Sorting and counting beads,0.002050912007689476,0
medium_40f_stride20:b6579cb5-0a71-4ca6-8808-1e2700be05c7__ep3:qa:238,b6579cb5-0a71-4ca6-8808-1e2700be05c7__ep3,test,5080,5119,Sorting and counting colored star-shaped beads,Organize and count beads,Sorting and counting beads,0.00210486794821918,0
medium_40f_stride20:b6579cb5-0a71-4ca6-8808-1e2700be05c7__ep3:qa:239,b6579cb5-0a71-4ca6-8808-1e2700be05c7__ep3,test,5120,5159,Sorting and counting colored star-shaped beads,Organize and count beads,Sorting and counting beads,0.002064044587314129,0
medium_40f_stride20:b6579cb5-0a71-4ca6-8808-1e2700be05c7__ep3:qa:240,b6579cb5-0a71-4ca6-8808-1e2700be05c7__ep3,test,5140,5179,Sorting and counting colored star-shaped beads,Organize and count beads,Sorting and counting beads,0.002072103787213564,0
medium_40f_stride20:b6579cb5-0a71-4ca6-8808-1e2700be05c7__ep3:qa:241,b6579cb5-0a71-4ca6-8808-1e2700be05c7__ep3,test,5160,5199,Sorting and counting colored star-shaped beads,Organize and count beads,Sorting and counting beads,0.0021315813064575195,0
medium_40f_stride20:b6579cb5-0a71-4ca6-8808-1e2700be05c7__ep3:qa:242,b6579cb5-0a71-4ca6-8808-1e2700be05c7__ep3,test,5180,5219,Sorting and counting colored star-shaped beads,Organize and count beads,Pick up and place star-shaped beads,0.001939216279424727,0
medium_40f_stride20:b6579cb5-0a71-4ca6-8808-1e2700be05c7__ep3:qa:243,b6579cb5-0a71-4ca6-8808-1e2700be05c7__ep3,test,5200,5239,Sorting and counting colored star-shaped beads,Organize and count beads,Sorting and counting beads,0.0020594738889485598,0
medium_40f_stride20:b6579cb5-0a71-4ca6-8808-1e2700be05c7__ep3:qa:244,b6579cb5-0a71-4ca6-8808-1e2700be05c7__ep3,test,5220,5259,Sorting and counting colored star-shaped beads,Organize and count beads,Sorting and counting beads,0.002028048736974597,0
medium_40f_stride20:b6579cb5-0a71-4ca6-8808-1e2700be05c7__ep3:qa:246,b6579cb5-0a71-4ca6-8808-1e2700be05c7__ep3,test,5280,5319,Sorting and counting colored star-shaped beads,Organize and count beads,Reposition sign and organize beads,0.002077569952234626,0
medium_40f_stride20:b6579cb5-0a71-4ca6-8808-1e2700be05c7__ep3:qa:247,b6579cb5-0a71-4ca6-8808-1e2700be05c7__ep3,test,5300,5339,Sorting and counting colored star-shaped beads,Organize and count beads,Reposition sign and organize beads,0.002223646966740489,0
medium_40f_stride20:b6579cb5-0a71-4ca6-8808-1e2700be05c7__ep3:qa:248,b6579cb5-0a71-4ca6-8808-1e2700be05c7__ep3,test,5320,5359,Sorting and counting colored star-shaped beads,Organize and count beads,Reposition sign and organize beads,0.0024048185441643,0
medium_40f_stride20:b6579cb5-0a71-4ca6-8808-1e2700be05c7__ep3:qa:249,b6579cb5-0a71-4ca6-8808-1e2700be05c7__ep3,test,5340,5379,Sorting and counting colored star-shaped beads,Organize and count beads,Sorting and counting beads,0.001987102907150984,0
medium_40f_stride20:b6579cb5-0a71-4ca6-8808-1e2700be05c7__ep3:qa:250,b6579cb5-0a71-4ca6-8808-1e2700be05c7__ep3,test,5360,5399,Sorting and counting colored star-shaped beads,Organize and count beads,Sorting and counting beads,0.002093277871608734,0
long_80f_stride40:8a8e1b3c-607e-4ada-b3fd-fa639727e92c__ep1:qa:0,8a8e1b3c-607e-4ada-b3fd-fa639727e92c__ep1,test,0,79,Cooking and cleaning in the kitchen,Using a smartphone,Wiping the plastic jar,0.0019374601542949677,0
long_80f_stride40:8a8e1b3c-607e-4ada-b3fd-fa639727e92c__ep1:qa:1,8a8e1b3c-607e-4ada-b3fd-fa639727e92c__ep1,test,40,119,Cooking and cleaning in the kitchen,Using a smartphone,Wiping the plastic jar,0.0019410731038078666,0
long_80f_stride40:8a8e1b3c-607e-4ada-b3fd-fa639727e92c__ep1:qa:2,8a8e1b3c-607e-4ada-b3fd-fa639727e92c__ep1,test,80,159,Cooking and cleaning in the kitchen,Using a smartphone,Wiping the plastic jar,0.001939941430464387,0
long_80f_stride40:8a8e1b3c-607e-4ada-b3fd-fa639727e92c__ep1:qa:3,8a8e1b3c-607e-4ada-b3fd-fa639727e92c__ep1,test,120,199,Cooking and cleaning in the kitchen,Using a smartphone,Wiping the plastic jar,0.0019433745183050632,0
long_80f_stride40:8a8e1b3c-607e-4ada-b3fd-fa639727e92c__ep1:qa:4,8a8e1b3c-607e-4ada-b3fd-fa639727e92c__ep1,test,160,239,Cooking and cleaning in the kitchen,Using a smartphone,Wiping the plastic jar,0.0019394451519474387,0
long_80f_stride40:8a8e1b3c-607e-4ada-b3fd-fa639727e92c__ep1:qa:5,8a8e1b3c-607e-4ada-b3fd-fa639727e92c__ep1,test,200,279,Cooking and cleaning in the kitchen,Using a smartphone,Wiping the plastic jar,0.0019393466645851731,0
long_80f_stride40:8a8e1b3c-607e-4ada-b3fd-fa639727e92c__ep1:qa:6,8a8e1b3c-607e-4ada-b3fd-fa639727e92c__ep1,test,240,319,Cooking and cleaning in the kitchen,Using a smartphone,Wiping the plastic jar,0.0019362338352948427,0
long_80f_stride40:8a8e1b3c-607e-4ada-b3fd-fa639727e92c__ep1:qa:7,8a8e1b3c-607e-4ada-b3fd-fa639727e92c__ep1,test,280,359,Cooking and cleaning in the kitchen,Using a smartphone,Wiping the plastic jar,0.001936894143000245,0
long_80f_stride40:8a8e1b3c-607e-4ada-b3fd-fa639727e92c__ep1:qa:8,8a8e1b3c-607e-4ada-b3fd-fa639727e92c__ep1,test,320,399,Cooking and cleaning in the kitchen,Using a smartphone,Wiping the plastic jar,0.0019405318889766932,0
long_80f_stride40:8a8e1b3c-607e-4ada-b3fd-fa639727e92c__ep1:qa:9,8a8e1b3c-607e-4ada-b3fd-fa639727e92c__ep1,test,400,479,Cooking and cleaning in the kitchen,Using a smartphone,Wiping the plastic jar,0.0019305984023958445,0
long_80f_stride40:8a8e1b3c-607e-4ada-b3fd-fa639727e92c__ep1:qa:10,8a8e1b3c-607e-4ada-b3fd-fa639727e92c__ep1,test,440,519,Cooking and cleaning in the kitchen,Using a smartphone,Wiping the plastic jar,0.0019300561398267746,0
long_80f_stride40:8a8e1b3c-607e-4ada-b3fd-fa639727e92c__ep1:qa:11,8a8e1b3c-607e-4ada-b3fd-fa639727e92c__ep1,test,480,559,Cooking and cleaning in the kitchen,Using a smartphone,Wiping the plastic jar,0.0019301744177937508,0
long_80f_stride40:8a8e1b3c-607e-4ada-b3fd-fa639727e92c__ep1:qa:12,8a8e1b3c-607e-4ada-b3fd-fa639727e92c__ep1,test,520,599,Cooking and cleaning in the kitchen,Using a smartphone,Wiping the plastic jar,0.0019307064358144999,0
long_80f_stride40:8a8e1b3c-607e-4ada-b3fd-fa639727e92c__ep1:qa:13,8a8e1b3c-607e-4ada-b3fd-fa639727e92c__ep1,test,560,639,Cooking and cleaning in the kitchen,Using a smartphone,Wiping the plastic jar,0.001936796004883945,0
long_80f_stride40:8a8e1b3c-607e-4ada-b3fd-fa639727e92c__ep1:qa:14,8a8e1b3c-607e-4ada-b3fd-fa639727e92c__ep1,test,600,679,Cooking and cleaning in the kitchen,Setting up smartphone,Wiping the plastic jar,0.0019360928563401103,0
long_80f_stride40:8a8e1b3c-607e-4ada-b3fd-fa639727e92c__ep1:qa:15,8a8e1b3c-607e-4ada-b3fd-fa639727e92c__ep1,test,640,719,Cooking and cleaning in the kitchen,Setting up smartphone,Wiping the plastic jar,0.0019320310093462467,0
long_80f_stride40:8a8e1b3c-607e-4ada-b3fd-fa639727e92c__ep1:qa:16,8a8e1b3c-607e-4ada-b3fd-fa639727e92c__ep1,test,680,759,Cooking and cleaning in the kitchen,Setting up smartphone,Wiping the plastic jar,0.0019380362937226892,0
long_80f_stride40:8a8e1b3c-607e-4ada-b3fd-fa639727e92c__ep1:qa:20,8a8e1b3c-607e-4ada-b3fd-fa639727e92c__ep1,test,920,999,Cooking and cleaning in the kitchen,Tidying workspace,Wiping the plastic jar,0.0019261129200458527,0
long_80f_stride40:8a8e1b3c-607e-4ada-b3fd-fa639727e92c__ep1:qa:21,8a8e1b3c-607e-4ada-b3fd-fa639727e92c__ep1,test,1000,1079,Cooking and cleaning in the kitchen,Tidying workspace,Wiping the plastic jar,0.0019254019716754556,0
long_80f_stride40:8a8e1b3c-607e-4ada-b3fd-fa639727e92c__ep1:qa:22,8a8e1b3c-607e-4ada-b3fd-fa639727e92c__ep1,test,1040,1119,Cooking and cleaning in the kitchen,Tidying workspace,Wiping the plastic jar,0.0019253197824582458,0
long_80f_stride40:8a8e1b3c-607e-4ada-b3fd-fa639727e92c__ep1:qa:23,8a8e1b3c-607e-4ada-b3fd-fa639727e92c__ep1,test,1080,1159,Cooking and cleaning in the kitchen,Tidying workspace,Wiping the plastic jar,0.001921130227856338,0
long_80f_stride40:8a8e1b3c-607e-4ada-b3fd-fa639727e92c__ep1:qa:24,8a8e1b3c-607e-4ada-b3fd-fa639727e92c__ep1,test,1120,1199,Cooking and cleaning in the kitchen,Tidying workspace,Wiping the plastic jar,0.0019159180810675025,0
long_80f_stride40:8a8e1b3c-607e-4ada-b3fd-fa639727e92c__ep1:qa:25,8a8e1b3c-607e-4ada-b3fd-fa639727e92c__ep1,test,1160,1239,Cooking and cleaning in the kitchen,Tidying workspace,Wiping the plastic jar,0.0019179818918928504,0
long_80f_stride40:8a8e1b3c-607e-4ada-b3fd-fa639727e92c__ep1:qa:26,8a8e1b3c-607e-4ada-b3fd-fa639727e92c__ep1,test,1240,1319,Cooking and cleaning in the kitchen,Handling container lid,Wiping the plastic jar,0.00191210035700351,0
long_80f_stride40:8a8e1b3c-607e-4ada-b3fd-fa639727e92c__ep1:qa:27,8a8e1b3c-607e-4ada-b3fd-fa639727e92c__ep1,test,1280,1359,Cooking and cleaning in the kitchen,Handling container lid,Wiping the plastic jar,0.001963263377547264,0
long_80f_stride40:8a8e1b3c-607e-4ada-b3fd-fa639727e92c__ep1:qa:28,8a8e1b3c-607e-4ada-b3fd-fa639727e92c__ep1,test,1320,1399,Cooking and cleaning in the kitchen,Handling container lid,Wiping the plastic jar,0.0019267397001385689,0
long_80f_stride40:8a8e1b3c-607e-4ada-b3fd-fa639727e92c__ep1:qa:29,8a8e1b3c-607e-4ada-b3fd-fa639727e92c__ep1,test,1400,1479,Cooking and cleaning in the kitchen,Handling container lid,Wiping the plastic jar,0.001889304956421256,0
long_80f_stride40:8a8e1b3c-607e-4ada-b3fd-fa639727e92c__ep1:qa:30,8a8e1b3c-607e-4ada-b3fd-fa639727e92c__ep1,test,1440,1519,Cooking and cleaning in the kitchen,Handling container lid,Wiping the plastic jar,0.0019127378473058343,0
long_80f_stride40:8a8e1b3c-607e-4ada-b3fd-fa639727e92c__ep1:qa:31,8a8e1b3c-607e-4ada-b3fd-fa639727e92c__ep1,test,1480,1559,Cooking and cleaning in the kitchen,Handling container lid,Wiping the plastic jar,0.001908525824546814,0
long_80f_stride40:8a8e1b3c-607e-4ada-b3fd-fa639727e92c__ep1:qa:32,8a8e1b3c-607e-4ada-b3fd-fa639727e92c__ep1,test,1520,1599,Cooking and cleaning in the kitchen,Handling container lid,Wiping the plastic jar,0.001919614733196795,0
long_80f_stride40:8a8e1b3c-607e-4ada-b3fd-fa639727e92c__ep1:qa:33,8a8e1b3c-607e-4ada-b3fd-fa639727e92c__ep1,test,1560,1639,Cooking and cleaning in the kitchen,Handling container lid,Wiping the plastic jar,0.0019248491153120995,0
long_80f_stride40:8a8e1b3c-607e-4ada-b3fd-fa639727e92c__ep1:qa:34,8a8e1b3c-607e-4ada-b3fd-fa639727e92c__ep1,test,1600,1679,Cooking and cleaning in the kitchen,Handling container lid,Wiping the plastic jar,0.0019152277382090688,0
long_80f_stride40:8a8e1b3c-607e-4ada-b3fd-fa639727e92c__ep1:qa:35,8a8e1b3c-607e-4ada-b3fd-fa639727e92c__ep1,test,1640,1719,Cooking and cleaning in the kitchen,Approaching the stove,Wiping the plastic jar,0.0019221408292651176,0
long_80f_stride40:8a8e1b3c-607e-4ada-b3fd-fa639727e92c__ep1:qa:36,8a8e1b3c-607e-4ada-b3fd-fa639727e92c__ep1,test,1680,1759,Cooking and cleaning in the kitchen,Approaching the stove,Wiping the plastic jar,0.0019290304044261575,0
long_80f_stride40:8a8e1b3c-607e-4ada-b3fd-fa639727e92c__ep1:qa:37,8a8e1b3c-607e-4ada-b3fd-fa639727e92c__ep1,test,1720,1799,Cooking and cleaning in the kitchen,Approaching the stove,Wiping the plastic jar,0.001907668774947524,0
long_80f_stride40:8a8e1b3c-607e-4ada-b3fd-fa639727e92c__ep1:qa:38,8a8e1b3c-607e-4ada-b3fd-fa639727e92c__ep1,test,1800,1879,Cooking and cleaning in the kitchen,Approaching the stove,Wiping the plastic jar,0.001914230058901012,0
long_80f_stride40:8a8e1b3c-607e-4ada-b3fd-fa639727e92c__ep1:qa:39,8a8e1b3c-607e-4ada-b3fd-fa639727e92c__ep1,test,1840,1919,Cooking and cleaning in the kitchen,Checking cooking pot,Wiping the plastic jar,0.0019128740532323718,0
long_80f_stride40:8a8e1b3c-607e-4ada-b3fd-fa639727e92c__ep1:qa:40,8a8e1b3c-607e-4ada-b3fd-fa639727e92c__ep1,test,1880,1959,Cooking and cleaning in the kitchen,Checking cooking pot,Wiping the plastic jar,0.0019235898507758975,0
long_80f_stride40:8a8e1b3c-607e-4ada-b3fd-fa639727e92c__ep1:qa:41,8a8e1b3c-607e-4ada-b3fd-fa639727e92c__ep1,test,1920,1999,Cooking and cleaning in the kitchen,Checking cooking pot,Wiping the plastic jar,0.0019101791549474,0
long_80f_stride40:8a8e1b3c-607e-4ada-b3fd-fa639727e92c__ep1:qa:42,8a8e1b3c-607e-4ada-b3fd-fa639727e92c__ep1,test,2000,2079,Cooking and cleaning in the kitchen,Checking cooking pot,Wiping the plastic jar,0.0019137852359563112,0
long_80f_stride40:8a8e1b3c-607e-4ada-b3fd-fa639727e92c__ep1:qa:43,8a8e1b3c-607e-4ada-b3fd-fa639727e92c__ep1,test,2040,2119,Cooking and cleaning in the kitchen,Checking cooking pot,Wiping the plastic jar,0.0019132274901494384,0
long_80f_stride40:8a8e1b3c-607e-4ada-b3fd-fa639727e92c__ep1:qa:44,8a8e1b3c-607e-4ada-b3fd-fa639727e92c__ep1,test,2080,2159,Cooking and cleaning in the kitchen,Checking cooking pot,Wiping the plastic jar,0.001918852562084794,0
long_80f_stride40:8a8e1b3c-607e-4ada-b3fd-fa639727e92c__ep1:qa:45,8a8e1b3c-607e-4ada-b3fd-fa639727e92c__ep1,test,2120,2199,Cooking and cleaning in the kitchen,Checking cooking pot,Wiping the plastic jar,0.0019122663652524352,0
long_80f_stride40:8a8e1b3c-607e-4ada-b3fd-fa639727e92c__ep1:qa:46,8a8e1b3c-607e-4ada-b3fd-fa639727e92c__ep1,test,2160,2239,Cooking and cleaning in the kitchen,Checking cooking pot,Wiping the plastic jar,0.001918625202961266,0
long_80f_stride40:8a8e1b3c-607e-4ada-b3fd-fa639727e92c__ep1:qa:47,8a8e1b3c-607e-4ada-b3fd-fa639727e92c__ep1,test,2200,2279,Cooking and cleaning in the kitchen,Checking cooking pot,Wiping the plastic jar,0.0019079771591350436,0
long_80f_stride40:8a8e1b3c-607e-4ada-b3fd-fa639727e92c__ep1:qa:48,8a8e1b3c-607e-4ada-b3fd-fa639727e92c__ep1,test,2240,2319,Cooking and cleaning in the kitchen,Moving around the kitchen,Wiping the plastic jar,0.0019018463790416718,0
long_80f_stride40:8a8e1b3c-607e-4ada-b3fd-fa639727e92c__ep1:qa:49,8a8e1b3c-607e-4ada-b3fd-fa639727e92c__ep1,test,2280,2359,Cooking and cleaning in the kitchen,Moving around the kitchen,Wiping the plastic jar,0.0019007930532097816,0
long_80f_stride40:8a8e1b3c-607e-4ada-b3fd-fa639727e92c__ep1:qa:50,8a8e1b3c-607e-4ada-b3fd-fa639727e92c__ep1,test,2320,2399,Cooking and cleaning in the kitchen,Moving around the kitchen,Wiping the plastic jar,0.0019075082382187247,0
long_80f_stride40:8a8e1b3c-607e-4ada-b3fd-fa639727e92c__ep1:qa:51,8a8e1b3c-607e-4ada-b3fd-fa639727e92c__ep1,test,2400,2479,Cooking and cleaning in the kitchen,Moving around the kitchen,Wiping the plastic jar,0.001905132201500237,0
long_80f_stride40:8a8e1b3c-607e-4ada-b3fd-fa639727e92c__ep1:qa:52,8a8e1b3c-607e-4ada-b3fd-fa639727e92c__ep1,test,2440,2519,Cooking and cleaning in the kitchen,Moving around the kitchen,Wiping the plastic jar,0.0019074970623478293,0
long_80f_stride40:8a8e1b3c-607e-4ada-b3fd-fa639727e92c__ep1:qa:53,8a8e1b3c-607e-4ada-b3fd-fa639727e92c__ep1,test,2520,2599,Cooking and cleaning in the kitchen,Moving around the kitchen,Wiping the plastic jar,0.0018931201193481684,0
long_80f_stride40:8a8e1b3c-607e-4ada-b3fd-fa639727e92c__ep1:qa:54,8a8e1b3c-607e-4ada-b3fd-fa639727e92c__ep1,test,2560,2639,Cooking and cleaning in the kitchen,Moving around the kitchen,Wiping the plastic jar,0.0018887422047555447,0
long_80f_stride40:8a8e1b3c-607e-4ada-b3fd-fa639727e92c__ep1:qa:55,8a8e1b3c-607e-4ada-b3fd-fa639727e92c__ep1,test,2600,2679,Cooking and cleaning in the kitchen,Moving around the kitchen,Wiping the plastic jar,0.0018951714737340808,0
long_80f_stride40:8a8e1b3c-607e-4ada-b3fd-fa639727e92c__ep1:qa:56,8a8e1b3c-607e-4ada-b3fd-fa639727e92c__ep1,test,2680,2759,Cooking and cleaning in the kitchen,Wiping counter,Wiping the plastic jar,0.0019016421865671873,0
long_80f_stride40:8a8e1b3c-607e-4ada-b3fd-fa639727e92c__ep1:qa:57,8a8e1b3c-607e-4ada-b3fd-fa639727e92c__ep1,test,2720,2799,Cooking and cleaning in the kitchen,Wiping counter,Wiping the plastic jar,0.0018993084086105227,0
long_80f_stride40:8a8e1b3c-607e-4ada-b3fd-fa639727e92c__ep1:qa:58,8a8e1b3c-607e-4ada-b3fd-fa639727e92c__ep1,test,2800,2879,Cooking and cleaning in the kitchen,Wiping counter,Wiping the plastic jar,0.0019071724964305758,0
long_80f_stride40:8a8e1b3c-607e-4ada-b3fd-fa639727e92c__ep1:qa:59,8a8e1b3c-607e-4ada-b3fd-fa639727e92c__ep1,test,2840,2919,Cooking and cleaning in the kitchen,Cleaning cloth maintenance,Wiping the plastic jar,0.0019151525339111686,0
long_80f_stride40:8a8e1b3c-607e-4ada-b3fd-fa639727e92c__ep1:qa:60,8a8e1b3c-607e-4ada-b3fd-fa639727e92c__ep1,test,2880,2959,Cooking and cleaning in the kitchen,Cleaning cloth maintenance,Wiping the plastic jar,0.0018976035062223673,0
long_80f_stride40:8a8e1b3c-607e-4ada-b3fd-fa639727e92c__ep1:qa:61,8a8e1b3c-607e-4ada-b3fd-fa639727e92c__ep1,test,2920,2999,Cooking and cleaning in the kitchen,Cleaning cloth maintenance,Wiping the plastic jar,0.0019055148586630821,0
long_80f_stride40:8a8e1b3c-607e-4ada-b3fd-fa639727e92c__ep1:qa:62,8a8e1b3c-607e-4ada-b3fd-fa639727e92c__ep1,test,3000,3079,Cooking and cleaning in the kitchen,Cleaning cloth maintenance,Wiping the plastic jar,0.0018980370368808508,0
long_80f_stride40:8a8e1b3c-607e-4ada-b3fd-fa639727e92c__ep1:qa:63,8a8e1b3c-607e-4ada-b3fd-fa639727e92c__ep1,test,3040,3119,Cooking and cleaning in the kitchen,Cleaning cloth maintenance,Wiping the plastic jar,0.0019050219561904669,0
long_80f_stride40:8a8e1b3c-607e-4ada-b3fd-fa639727e92c__ep1:qa:64,8a8e1b3c-607e-4ada-b3fd-fa639727e92c__ep1,test,3120,3199,Cooking and cleaning in the kitchen,Cleaning cloth maintenance,Inspecting the cleaned plastic jar,0.0018856552196666598,0
long_80f_stride40:8a8e1b3c-607e-4ada-b3fd-fa639727e92c__ep1:qa:65,8a8e1b3c-607e-4ada-b3fd-fa639727e92c__ep1,test,3160,3239,Cooking and cleaning in the kitchen,Cleaning cloth maintenance,Wiping the plastic jar,0.0018969549564644694,0
long_80f_stride40:8a8e1b3c-607e-4ada-b3fd-fa639727e92c__ep1:qa:66,8a8e1b3c-607e-4ada-b3fd-fa639727e92c__ep1,test,3200,3279,Cooking and cleaning in the kitchen,Cleaning cloth maintenance,Wiping the plastic jar,0.0018898790003731847,0
long_80f_stride40:8a8e1b3c-607e-4ada-b3fd-fa639727e92c__ep1:qa:67,8a8e1b3c-607e-4ada-b3fd-fa639727e92c__ep1,test,3240,3319,Cooking and cleaning in the kitchen,Cleaning cloth maintenance,Wiping the plastic jar,0.001894282759167254,0
long_80f_stride40:8a8e1b3c-607e-4ada-b3fd-fa639727e92c__ep1:qa:68,8a8e1b3c-607e-4ada-b3fd-fa639727e92c__ep1,test,3320,3399,Cooking and cleaning in the kitchen,Retrieving cleaning supplies,Wiping the plastic jar,0.0019007010851055384,0
long_80f_stride40:8a8e1b3c-607e-4ada-b3fd-fa639727e92c__ep1:qa:69,8a8e1b3c-607e-4ada-b3fd-fa639727e92c__ep1,test,3400,3479,Cooking and cleaning in the kitchen,Retrieving cleaning supplies,Wiping the plastic jar,0.0018948755459859967,0
long_80f_stride40:8a8e1b3c-607e-4ada-b3fd-fa639727e92c__ep1:qa:70,8a8e1b3c-607e-4ada-b3fd-fa639727e92c__ep1,test,3440,3519,Cooking and cleaning in the kitchen,Retrieving cleaning supplies,Wiping the plastic jar,0.0018802048871293664,0
long_80f_stride40:8a8e1b3c-607e-4ada-b3fd-fa639727e92c__ep1:qa:71,8a8e1b3c-607e-4ada-b3fd-fa639727e92c__ep1,test,3480,3559,Cooking and cleaning in the kitchen,Retrieving cleaning supplies,Wiping the plastic jar,0.0018940545851364732,0
long_80f_stride40:8a8e1b3c-607e-4ada-b3fd-fa639727e92c__ep1:qa:72,8a8e1b3c-607e-4ada-b3fd-fa639727e92c__ep1,test,3520,3599,Cooking and cleaning in the kitchen,Retrieving cleaning supplies,Wiping the plastic jar,0.0018835531082004309,0
long_80f_stride40:8a8e1b3c-607e-4ada-b3fd-fa639727e92c__ep1:qa:73,8a8e1b3c-607e-4ada-b3fd-fa639727e92c__ep1,test,3560,3639,Cooking and cleaning in the kitchen,Retrieving cleaning supplies,Wiping the plastic jar,0.0018812756752595305,0
long_80f_stride40:8a8e1b3c-607e-4ada-b3fd-fa639727e92c__ep1:qa:74,8a8e1b3c-607e-4ada-b3fd-fa639727e92c__ep1,test,3600,3679,Cooking and cleaning in the kitchen,Retrieving cleaning supplies,Wiping the plastic jar,0.0018743006512522697,0
long_80f_stride40:8a8e1b3c-607e-4ada-b3fd-fa639727e92c__ep1:qa:75,8a8e1b3c-607e-4ada-b3fd-fa639727e92c__ep1,test,3680,3759,Cooking and cleaning in the kitchen,Retrieving cleaning supplies,Wiping the plastic jar,0.0018738911021500826,0
long_80f_stride40:8a8e1b3c-607e-4ada-b3fd-fa639727e92c__ep1:qa:76,8a8e1b3c-607e-4ada-b3fd-fa639727e92c__ep1,test,3720,3799,Cooking and cleaning in the kitchen,Retrieving cleaning supplies,Wiping the plastic jar,0.0018950662342831492,0
long_80f_stride40:8a8e1b3c-607e-4ada-b3fd-fa639727e92c__ep1:qa:77,8a8e1b3c-607e-4ada-b3fd-fa639727e92c__ep1,test,3760,3839,Cooking and cleaning in the kitchen,Retrieving cleaning supplies,Using smartphone as a guide on cardboard,0.001961479661986232,0
long_80f_stride40:8a8e1b3c-607e-4ada-b3fd-fa639727e92c__ep1:qa:78,8a8e1b3c-607e-4ada-b3fd-fa639727e92c__ep1,test,3840,3919,Cooking and cleaning in the kitchen,Cleaning kitchen surfaces,Wiping the plastic jar,0.0018812173511832952,0
long_80f_stride40:8a8e1b3c-607e-4ada-b3fd-fa639727e92c__ep1:qa:79,8a8e1b3c-607e-4ada-b3fd-fa639727e92c__ep1,test,3880,3959,Cooking and cleaning in the kitchen,Cleaning kitchen surfaces,Wiping the plastic jar,0.0018823310965672135,0
long_80f_stride40:8a8e1b3c-607e-4ada-b3fd-fa639727e92c__ep1:qa:80,8a8e1b3c-607e-4ada-b3fd-fa639727e92c__ep1,test,3920,3999,Cooking and cleaning in the kitchen,Cleaning kitchen surfaces,Wiping the plastic jar,0.0018761919345706701,0
long_80f_stride40:8a8e1b3c-607e-4ada-b3fd-fa639727e92c__ep1:qa:81,8a8e1b3c-607e-4ada-b3fd-fa639727e92c__ep1,test,4000,4079,Cooking and cleaning in the kitchen,Cleaning kitchen surfaces,Wiping the plastic jar,0.0018861086573451757,0
long_80f_stride40:8a8e1b3c-607e-4ada-b3fd-fa639727e92c__ep1:qa:82,8a8e1b3c-607e-4ada-b3fd-fa639727e92c__ep1,test,4080,4159,Cooking and cleaning in the kitchen,Cleaning kitchen surfaces,Wiping the plastic jar,0.0018783173291012645,0
long_80f_stride40:8a8e1b3c-607e-4ada-b3fd-fa639727e92c__ep1:qa:83,8a8e1b3c-607e-4ada-b3fd-fa639727e92c__ep1,test,4120,4199,Cooking and cleaning in the kitchen,Cleaning kitchen surfaces,Wiping the plastic jar,0.0018874650122597814,0
long_80f_stride40:8a8e1b3c-607e-4ada-b3fd-fa639727e92c__ep1:qa:84,8a8e1b3c-607e-4ada-b3fd-fa639727e92c__ep1,test,4160,4239,Cooking and cleaning in the kitchen,Cleaning kitchen surfaces,Wiping the plastic jar,0.0018712237942963839,0
long_80f_stride40:8a8e1b3c-607e-4ada-b3fd-fa639727e92c__ep1:qa:85,8a8e1b3c-607e-4ada-b3fd-fa639727e92c__ep1,test,4240,4319,Cooking and cleaning in the kitchen,Cooking at the stove,Wiping the plastic jar,0.0018880008719861507,0
long_80f_stride40:8a8e1b3c-607e-4ada-b3fd-fa639727e92c__ep1:qa:86,8a8e1b3c-607e-4ada-b3fd-fa639727e92c__ep1,test,4280,4359,Cooking and cleaning in the kitchen,Cooking at the stove,Wiping the plastic jar,0.0018670978024601936,0
long_80f_stride40:8a8e1b3c-607e-4ada-b3fd-fa639727e92c__ep1:qa:87,8a8e1b3c-607e-4ada-b3fd-fa639727e92c__ep1,test,4320,4399,Cooking and cleaning in the kitchen,Cooking at the stove,Wiping the plastic jar,0.0018874923698604107,0
long_80f_stride40:8a8e1b3c-607e-4ada-b3fd-fa639727e92c__ep1:qa:88,8a8e1b3c-607e-4ada-b3fd-fa639727e92c__ep1,test,4400,4479,Cooking and cleaning in the kitchen,Cooking at the stove,Inspecting the cleaned plastic jar,0.001886657322756946,0
long_80f_stride40:8a8e1b3c-607e-4ada-b3fd-fa639727e92c__ep1:qa:89,8a8e1b3c-607e-4ada-b3fd-fa639727e92c__ep1,test,4480,4559,Cooking and cleaning in the kitchen,Cooking at the stove,Inspecting the cleaned plastic jar,0.0018702256493270397,0
long_80f_stride40:8a8e1b3c-607e-4ada-b3fd-fa639727e92c__ep1:qa:90,8a8e1b3c-607e-4ada-b3fd-fa639727e92c__ep1,test,4520,4599,Cooking and cleaning in the kitchen,Cooking at the stove,Inspecting the cleaned plastic jar,0.0018816570518538356,0
long_80f_stride40:8a8e1b3c-607e-4ada-b3fd-fa639727e92c__ep1:qa:91,8a8e1b3c-607e-4ada-b3fd-fa639727e92c__ep1,test,4560,4639,Cooking and cleaning in the kitchen,Cooking at the stove,Wiping the plastic jar,0.0018677227199077606,0
long_80f_stride40:8a8e1b3c-607e-4ada-b3fd-fa639727e92c__ep1:qa:92,8a8e1b3c-607e-4ada-b3fd-fa639727e92c__ep1,test,4640,4719,Cooking and cleaning in the kitchen,Cooking at the stove,Inspecting shelf contents,0.0018813707865774632,0
long_80f_stride40:8a8e1b3c-607e-4ada-b3fd-fa639727e92c__ep1:qa:93,8a8e1b3c-607e-4ada-b3fd-fa639727e92c__ep1,test,4720,4799,Cooking and cleaning in the kitchen,Adjusting cookware,Wiping the plastic jar,0.001887077116407454,0
long_80f_stride40:8a8e1b3c-607e-4ada-b3fd-fa639727e92c__ep1:qa:94,8a8e1b3c-607e-4ada-b3fd-fa639727e92c__ep1,test,4800,4879,Cooking and cleaning in the kitchen,Adjusting cookware,Inspecting shelf contents,0.001903804368339479,0
long_80f_stride40:8a8e1b3c-607e-4ada-b3fd-fa639727e92c__ep1:qa:95,8a8e1b3c-607e-4ada-b3fd-fa639727e92c__ep1,test,4880,4959,Cooking and cleaning in the kitchen,Adjusting cookware,Inspecting shelf contents,0.0019138326169922948,0
long_80f_stride40:a1012a57-385e-45a9-8a59-694a26fe92a5__ep1:qa:0,a1012a57-385e-45a9-8a59-694a26fe92a5__ep1,test,0,79,Cutting cardboard with a utility knife,Prepare to cut cardboard,unknown,0.0018305793637409806,0
long_80f_stride40:a1012a57-385e-45a9-8a59-694a26fe92a5__ep1:qa:1,a1012a57-385e-45a9-8a59-694a26fe92a5__ep1,test,40,119,Cutting cardboard with a utility knife,Prepare to cut cardboard,unknown,0.0018145624781027436,0
long_80f_stride40:a1012a57-385e-45a9-8a59-694a26fe92a5__ep1:qa:2,a1012a57-385e-45a9-8a59-694a26fe92a5__ep1,test,80,159,Cutting cardboard with a utility knife,Prepare to cut cardboard,unknown,0.001832950278185308,0
long_80f_stride40:a1012a57-385e-45a9-8a59-694a26fe92a5__ep1:qa:3,a1012a57-385e-45a9-8a59-694a26fe92a5__ep1,test,120,199,Cutting cardboard with a utility knife,Prepare to cut cardboard,unknown,0.0018369645113125443,0
long_80f_stride40:a1012a57-385e-45a9-8a59-694a26fe92a5__ep1:qa:4,a1012a57-385e-45a9-8a59-694a26fe92a5__ep1,test,160,239,Cutting cardboard with a utility knife,Prepare to cut cardboard,unknown,0.0018430652562528849,0
long_80f_stride40:a1012a57-385e-45a9-8a59-694a26fe92a5__ep1:qa:5,a1012a57-385e-45a9-8a59-694a26fe92a5__ep1,test,240,319,Cutting cardboard with a utility knife,Prepare to cut cardboard,unknown,0.0019187271827831864,0
long_80f_stride40:a1012a57-385e-45a9-8a59-694a26fe92a5__ep1:qa:6,a1012a57-385e-45a9-8a59-694a26fe92a5__ep1,test,280,359,Cutting cardboard with a utility knife,Prepare to cut cardboard,unknown,0.0019949553534388542,0
long_80f_stride40:a1012a57-385e-45a9-8a59-694a26fe92a5__ep1:qa:7,a1012a57-385e-45a9-8a59-694a26fe92a5__ep1,test,400,479,Cutting cardboard with a utility knife,Cut cardboard,unknown,0.0018596933223307133,0
long_80f_stride40:a1012a57-385e-45a9-8a59-694a26fe92a5__ep1:qa:8,a1012a57-385e-45a9-8a59-694a26fe92a5__ep1,test,440,519,Cutting cardboard with a utility knife,Cut cardboard,unknown,0.0018277163617312908,0
long_80f_stride40:a1012a57-385e-45a9-8a59-694a26fe92a5__ep1:qa:9,a1012a57-385e-45a9-8a59-694a26fe92a5__ep1,test,480,559,Cutting cardboard with a utility knife,Cut cardboard,unknown,0.0018355629872530699,0
long_80f_stride40:a1012a57-385e-45a9-8a59-694a26fe92a5__ep1:qa:10,a1012a57-385e-45a9-8a59-694a26fe92a5__ep1,test,520,599,Cutting cardboard with a utility knife,Cut cardboard,unknown,0.0018378072418272495,0
long_80f_stride40:a1012a57-385e-45a9-8a59-694a26fe92a5__ep1:qa:11,a1012a57-385e-45a9-8a59-694a26fe92a5__ep1,test,560,639,Cutting cardboard with a utility knife,Cut cardboard,unknown,0.001849172986112535,0
long_80f_stride40:a1012a57-385e-45a9-8a59-694a26fe92a5__ep1:qa:12,a1012a57-385e-45a9-8a59-694a26fe92a5__ep1,test,600,679,Cutting cardboard with a utility knife,Cut cardboard,unknown,0.0018824050202965736,0
long_80f_stride40:a1012a57-385e-45a9-8a59-694a26fe92a5__ep1:qa:13,a1012a57-385e-45a9-8a59-694a26fe92a5__ep1,test,640,719,Cutting cardboard with a utility knife,Cut cardboard,unknown,0.0018608001992106438,0
long_80f_stride40:a1012a57-385e-45a9-8a59-694a26fe92a5__ep1:qa:14,a1012a57-385e-45a9-8a59-694a26fe92a5__ep1,test,680,759,Cutting cardboard with a utility knife,Cut cardboard,unknown,0.0018615518929436803,0
long_80f_stride40:a1012a57-385e-45a9-8a59-694a26fe92a5__ep1:qa:15,a1012a57-385e-45a9-8a59-694a26fe92a5__ep1,test,720,799,Cutting cardboard with a utility knife,Cut cardboard,unknown,0.0018243298400193453,0
long_80f_stride40:a1012a57-385e-45a9-8a59-694a26fe92a5__ep1:qa:16,a1012a57-385e-45a9-8a59-694a26fe92a5__ep1,test,760,839,Cutting cardboard with a utility knife,Cut cardboard,unknown,0.0018658938352018595,0
long_80f_stride40:a1012a57-385e-45a9-8a59-694a26fe92a5__ep1:qa:17,a1012a57-385e-45a9-8a59-694a26fe92a5__ep1,test,800,879,Cutting cardboard with a utility knife,Cut cardboard,unknown,0.0019101876532658935,0
long_80f_stride40:a1012a57-385e-45a9-8a59-694a26fe92a5__ep1:qa:18,a1012a57-385e-45a9-8a59-694a26fe92a5__ep1,test,840,919,Cutting cardboard with a utility knife,Cut cardboard,unknown,0.0019088431727141142,0
long_80f_stride40:a1012a57-385e-45a9-8a59-694a26fe92a5__ep1:qa:19,a1012a57-385e-45a9-8a59-694a26fe92a5__ep1,test,880,959,Cutting cardboard with a utility knife,Cut cardboard,unknown,0.0018283622339367867,0
long_80f_stride40:a1012a57-385e-45a9-8a59-694a26fe92a5__ep1:qa:20,a1012a57-385e-45a9-8a59-694a26fe92a5__ep1,test,920,999,Cutting cardboard with a utility knife,Cut cardboard,Removing and discarding damaged items,0.001842837780714035,0
long_80f_stride40:a1012a57-385e-45a9-8a59-694a26fe92a5__ep1:qa:21,a1012a57-385e-45a9-8a59-694a26fe92a5__ep1,test,960,1039,Cutting cardboard with a utility knife,Cut cardboard,unknown,0.0018674947787076235,0
long_80f_stride40:a1012a57-385e-45a9-8a59-694a26fe92a5__ep1:qa:22,a1012a57-385e-45a9-8a59-694a26fe92a5__ep1,test,1000,1079,Cutting cardboard with a utility knife,Cut cardboard,unknown,0.001861711498349905,0
long_80f_stride40:a1012a57-385e-45a9-8a59-694a26fe92a5__ep1:qa:23,a1012a57-385e-45a9-8a59-694a26fe92a5__ep1,test,1040,1119,Cutting cardboard with a utility knife,Cut cardboard,unknown,0.0018389656906947494,0
long_80f_stride40:a1012a57-385e-45a9-8a59-694a26fe92a5__ep1:qa:24,a1012a57-385e-45a9-8a59-694a26fe92a5__ep1,test,1080,1159,Cutting cardboard with a utility knife,Cut cardboard,unknown,0.001833855640143156,0
long_80f_stride40:a1012a57-385e-45a9-8a59-694a26fe92a5__ep1:qa:25,a1012a57-385e-45a9-8a59-694a26fe92a5__ep1,test,1120,1199,Cutting cardboard with a utility knife,Cut cardboard,unknown,0.0018640372436493635,0
long_80f_stride40:a1012a57-385e-45a9-8a59-694a26fe92a5__ep1:qa:26,a1012a57-385e-45a9-8a59-694a26fe92a5__ep1,test,1160,1239,Cutting cardboard with a utility knife,Cut cardboard,unknown,0.0018639820627868176,0
long_80f_stride40:a1012a57-385e-45a9-8a59-694a26fe92a5__ep1:qa:27,a1012a57-385e-45a9-8a59-694a26fe92a5__ep1,test,1200,1279,Cutting cardboard with a utility knife,Cut cardboard,unknown,0.0018811271293088794,0
long_80f_stride40:a1012a57-385e-45a9-8a59-694a26fe92a5__ep1:qa:28,a1012a57-385e-45a9-8a59-694a26fe92a5__ep1,test,1240,1319,Cutting cardboard with a utility knife,Cut cardboard,unknown,0.0018799009267240763,0
long_80f_stride40:a1012a57-385e-45a9-8a59-694a26fe92a5__ep1:qa:29,a1012a57-385e-45a9-8a59-694a26fe92a5__ep1,test,1280,1359,Cutting cardboard with a utility knife,Cut cardboard,Stacking cardboard squares,0.0019010471878573298,0
long_80f_stride40:a1012a57-385e-45a9-8a59-694a26fe92a5__ep1:qa:30,a1012a57-385e-45a9-8a59-694a26fe92a5__ep1,test,1320,1399,Cutting cardboard with a utility knife,Cut cardboard,unknown,0.001835077186115086,0
long_80f_stride40:a1012a57-385e-45a9-8a59-694a26fe92a5__ep1:qa:31,a1012a57-385e-45a9-8a59-694a26fe92a5__ep1,test,1360,1439,Cutting cardboard with a utility knife,Cut cardboard,unknown,0.0018469933420419693,0
long_80f_stride40:a1012a57-385e-45a9-8a59-694a26fe92a5__ep1:qa:32,a1012a57-385e-45a9-8a59-694a26fe92a5__ep1,test,1400,1479,Cutting cardboard with a utility knife,Cut cardboard,unknown,0.0018429955234751105,0
long_80f_stride40:a1012a57-385e-45a9-8a59-694a26fe92a5__ep1:qa:33,a1012a57-385e-45a9-8a59-694a26fe92a5__ep1,test,1440,1519,Cutting cardboard with a utility knife,Cut cardboard,unknown,0.001847023144364357,0
long_80f_stride40:a1012a57-385e-45a9-8a59-694a26fe92a5__ep1:qa:34,a1012a57-385e-45a9-8a59-694a26fe92a5__ep1,test,1480,1559,Cutting cardboard with a utility knife,Cut cardboard,unknown,0.0018217192264273763,0
long_80f_stride40:a1012a57-385e-45a9-8a59-694a26fe92a5__ep1:qa:35,a1012a57-385e-45a9-8a59-694a26fe92a5__ep1,test,1520,1599,Cutting cardboard with a utility knife,Cut cardboard,unknown,0.0018679928034543991,0
long_80f_stride40:a1012a57-385e-45a9-8a59-694a26fe92a5__ep1:qa:36,a1012a57-385e-45a9-8a59-694a26fe92a5__ep1,test,1560,1639,Cutting cardboard with a utility knife,Cut cardboard,unknown,0.0018412350909784436,0
long_80f_stride40:a1012a57-385e-45a9-8a59-694a26fe92a5__ep1:qa:37,a1012a57-385e-45a9-8a59-694a26fe92a5__ep1,test,1600,1679,Cutting cardboard with a utility knife,unknown,unknown,0.0018453245284035802,1
long_80f_stride40:a1012a57-385e-45a9-8a59-694a26fe92a5__ep1:qa:38,a1012a57-385e-45a9-8a59-694a26fe92a5__ep1,test,1640,1719,Cutting cardboard with a utility knife,unknown,unknown,0.0018408054020255804,1
long_80f_stride40:a1012a57-385e-45a9-8a59-694a26fe92a5__ep1:qa:39,a1012a57-385e-45a9-8a59-694a26fe92a5__ep1,test,1680,1759,Cutting cardboard with a utility knife,Cut cardboard,unknown,0.0018471963703632355,0
long_80f_stride40:a1012a57-385e-45a9-8a59-694a26fe92a5__ep1:qa:40,a1012a57-385e-45a9-8a59-694a26fe92a5__ep1,test,1720,1799,Cutting cardboard with a utility knife,Cut cardboard,unknown,0.0018292022868990898,0
long_80f_stride40:a1012a57-385e-45a9-8a59-694a26fe92a5__ep1:qa:41,a1012a57-385e-45a9-8a59-694a26fe92a5__ep1,test,1760,1839,Cutting cardboard with a utility knife,Cut cardboard,unknown,0.001833192422054708,0
long_80f_stride40:a1012a57-385e-45a9-8a59-694a26fe92a5__ep1:qa:42,a1012a57-385e-45a9-8a59-694a26fe92a5__ep1,test,1800,1879,Cutting cardboard with a utility knife,Cut cardboard,unknown,0.001897173933684826,0
long_80f_stride40:a1012a57-385e-45a9-8a59-694a26fe92a5__ep1:qa:43,a1012a57-385e-45a9-8a59-694a26fe92a5__ep1,test,1840,1919,Cutting cardboard with a utility knife,Cut cardboard,unknown,0.0019282816210761666,0
long_80f_stride40:a1012a57-385e-45a9-8a59-694a26fe92a5__ep1:qa:44,a1012a57-385e-45a9-8a59-694a26fe92a5__ep1,test,1880,1959,Cutting cardboard with a utility knife,Cut cardboard,unknown,0.0018424129812046885,0
long_80f_stride40:a1012a57-385e-45a9-8a59-694a26fe92a5__ep1:qa:45,a1012a57-385e-45a9-8a59-694a26fe92a5__ep1,test,1920,1999,Cutting cardboard with a utility knife,Cut cardboard,unknown,0.0018253559246659279,0
long_80f_stride40:a1012a57-385e-45a9-8a59-694a26fe92a5__ep1:qa:46,a1012a57-385e-45a9-8a59-694a26fe92a5__ep1,test,1960,2039,Cutting cardboard with a utility knife,Cut cardboard,unknown,0.0018664142116904259,0
long_80f_stride40:a1012a57-385e-45a9-8a59-694a26fe92a5__ep1:qa:47,a1012a57-385e-45a9-8a59-694a26fe92a5__ep1,test,2000,2079,Cutting cardboard with a utility knife,Cut cardboard,unknown,0.0018573811976239085,0
long_80f_stride40:a1012a57-385e-45a9-8a59-694a26fe92a5__ep1:qa:48,a1012a57-385e-45a9-8a59-694a26fe92a5__ep1,test,2040,2119,Cutting cardboard with a utility knife,Cut cardboard,unknown,0.0018460911232978106,0
long_80f_stride40:a1012a57-385e-45a9-8a59-694a26fe92a5__ep1:qa:49,a1012a57-385e-45a9-8a59-694a26fe92a5__ep1,test,2080,2159,Cutting cardboard with a utility knife,Cut cardboard,unknown,0.0018276814371347427,0
long_80f_stride40:a1012a57-385e-45a9-8a59-694a26fe92a5__ep1:qa:50,a1012a57-385e-45a9-8a59-694a26fe92a5__ep1,test,2120,2199,Cutting cardboard with a utility knife,Cut cardboard,unknown,0.001828545704483986,0
long_80f_stride40:a1012a57-385e-45a9-8a59-694a26fe92a5__ep1:qa:51,a1012a57-385e-45a9-8a59-694a26fe92a5__ep1,test,2160,2239,Cutting cardboard with a utility knife,Cut cardboard,unknown,0.0018464019522070885,0
long_80f_stride40:a1012a57-385e-45a9-8a59-694a26fe92a5__ep1:qa:52,a1012a57-385e-45a9-8a59-694a26fe92a5__ep1,test,2200,2279,Cutting cardboard with a utility knife,Cut cardboard,unknown,0.0018727339338511229,0
long_80f_stride40:a1012a57-385e-45a9-8a59-694a26fe92a5__ep1:qa:53,a1012a57-385e-45a9-8a59-694a26fe92a5__ep1,test,2240,2319,Cutting cardboard with a utility knife,Cut cardboard,unknown,0.0019100677454844117,0
long_80f_stride40:a1012a57-385e-45a9-8a59-694a26fe92a5__ep1:qa:54,a1012a57-385e-45a9-8a59-694a26fe92a5__ep1,test,2280,2359,Cutting cardboard with a utility knife,Cut cardboard,unknown,0.0018672903534024954,0
long_80f_stride40:a1012a57-385e-45a9-8a59-694a26fe92a5__ep1:qa:55,a1012a57-385e-45a9-8a59-694a26fe92a5__ep1,test,2320,2399,Cutting cardboard with a utility knife,Cut cardboard,unknown,0.0018219482153654099,0
long_80f_stride40:a1012a57-385e-45a9-8a59-694a26fe92a5__ep1:qa:56,a1012a57-385e-45a9-8a59-694a26fe92a5__ep1,test,2360,2439,Cutting cardboard with a utility knife,Cut cardboard,unknown,0.0018337267683818936,0
long_80f_stride40:a1012a57-385e-45a9-8a59-694a26fe92a5__ep1:qa:57,a1012a57-385e-45a9-8a59-694a26fe92a5__ep1,test,2400,2479,Cutting cardboard with a utility knife,Cut cardboard,unknown,0.0018573724664747715,0
long_80f_stride40:a1012a57-385e-45a9-8a59-694a26fe92a5__ep1:qa:58,a1012a57-385e-45a9-8a59-694a26fe92a5__ep1,test,2440,2519,Cutting cardboard with a utility knife,Cut cardboard,unknown,0.0018135950667783618,0
long_80f_stride40:a1012a57-385e-45a9-8a59-694a26fe92a5__ep1:qa:59,a1012a57-385e-45a9-8a59-694a26fe92a5__ep1,test,2480,2559,Cutting cardboard with a utility knife,Cut cardboard,unknown,0.0018345373682677746,0
long_80f_stride40:a1012a57-385e-45a9-8a59-694a26fe92a5__ep1:qa:60,a1012a57-385e-45a9-8a59-694a26fe92a5__ep1,test,2520,2599,Cutting cardboard with a utility knife,Cut cardboard,unknown,0.0018352966289967299,0
long_80f_stride40:a1012a57-385e-45a9-8a59-694a26fe92a5__ep1:qa:61,a1012a57-385e-45a9-8a59-694a26fe92a5__ep1,test,2560,2639,Cutting cardboard with a utility knife,Cut cardboard,unknown,0.0018305993871763349,0
long_80f_stride40:a1012a57-385e-45a9-8a59-694a26fe92a5__ep1:qa:62,a1012a57-385e-45a9-8a59-694a26fe92a5__ep1,test,2600,2679,Cutting cardboard with a utility knife,Cut cardboard,unknown,0.0018321748357266188,0
long_80f_stride40:a1012a57-385e-45a9-8a59-694a26fe92a5__ep1:qa:63,a1012a57-385e-45a9-8a59-694a26fe92a5__ep1,test,2640,2719,Cutting cardboard with a utility knife,Cut cardboard,unknown,0.001842594239860773,0
long_80f_stride40:a1012a57-385e-45a9-8a59-694a26fe92a5__ep1:qa:64,a1012a57-385e-45a9-8a59-694a26fe92a5__ep1,test,2680,2759,Cutting cardboard with a utility knife,Cut cardboard,unknown,0.001824602484703064,0
long_80f_stride40:a1012a57-385e-45a9-8a59-694a26fe92a5__ep1:qa:65,a1012a57-385e-45a9-8a59-694a26fe92a5__ep1,test,2720,2799,Cutting cardboard with a utility knife,Cut cardboard,unknown,0.001835439121350646,0
long_80f_stride40:a1012a57-385e-45a9-8a59-694a26fe92a5__ep1:qa:66,a1012a57-385e-45a9-8a59-694a26fe92a5__ep1,test,2760,2839,Cutting cardboard with a utility knife,Cut cardboard,Finish and place origami star,0.0018368769669905305,0
long_80f_stride40:a1012a57-385e-45a9-8a59-694a26fe92a5__ep1:qa:67,a1012a57-385e-45a9-8a59-694a26fe92a5__ep1,test,2800,2879,Cutting cardboard with a utility knife,Cut cardboard,unknown,0.0018867142498493195,0
long_80f_stride40:a1012a57-385e-45a9-8a59-694a26fe92a5__ep1:qa:68,a1012a57-385e-45a9-8a59-694a26fe92a5__ep1,test,2840,2919,Cutting cardboard with a utility knife,Cut cardboard,unknown,0.0018640512134879827,0
long_80f_stride40:a1012a57-385e-45a9-8a59-694a26fe92a5__ep1:qa:69,a1012a57-385e-45a9-8a59-694a26fe92a5__ep1,test,2880,2959,Cutting cardboard with a utility knife,Cut cardboard,unknown,0.0018256946932524443,0
long_80f_stride40:a1012a57-385e-45a9-8a59-694a26fe92a5__ep1:qa:70,a1012a57-385e-45a9-8a59-694a26fe92a5__ep1,test,2920,2999,Cutting cardboard with a utility knife,Cut cardboard,unknown,0.0018156269798055291,0
long_80f_stride40:a1012a57-385e-45a9-8a59-694a26fe92a5__ep1:qa:71,a1012a57-385e-45a9-8a59-694a26fe92a5__ep1,test,2960,3039,Cutting cardboard with a utility knife,Cut cardboard,unknown,0.0018547686049714684,0
long_80f_stride40:a1012a57-385e-45a9-8a59-694a26fe92a5__ep1:qa:72,a1012a57-385e-45a9-8a59-694a26fe92a5__ep1,test,3000,3079,Cutting cardboard with a utility knife,Cut cardboard,unknown,0.0018439703853800893,0
long_80f_stride40:a1012a57-385e-45a9-8a59-694a26fe92a5__ep1:qa:73,a1012a57-385e-45a9-8a59-694a26fe92a5__ep1,test,3040,3119,Cutting cardboard with a utility knife,Cut cardboard,unknown,0.0018659270135685802,0
long_80f_stride40:a1012a57-385e-45a9-8a59-694a26fe92a5__ep1:qa:74,a1012a57-385e-45a9-8a59-694a26fe92a5__ep1,test,3080,3159,Cutting cardboard with a utility knife,Cut cardboard,unknown,0.001834396505728364,0
long_80f_stride40:a1012a57-385e-45a9-8a59-694a26fe92a5__ep1:qa:75,a1012a57-385e-45a9-8a59-694a26fe92a5__ep1,test,3120,3199,Cutting cardboard with a utility knife,Cut cardboard,unknown,0.001831302884966135,0
long_80f_stride40:a1012a57-385e-45a9-8a59-694a26fe92a5__ep1:qa:76,a1012a57-385e-45a9-8a59-694a26fe92a5__ep1,test,3160,3239,Cutting cardboard with a utility knife,Cut cardboard,unknown,0.0018166268710047007,0
long_80f_stride40:a1012a57-385e-45a9-8a59-694a26fe92a5__ep1:qa:77,a1012a57-385e-45a9-8a59-694a26fe92a5__ep1,test,3200,3279,Cutting cardboard with a utility knife,Cut cardboard,unknown,0.001908917911350727,0
long_80f_stride40:a1012a57-385e-45a9-8a59-694a26fe92a5__ep1:qa:78,a1012a57-385e-45a9-8a59-694a26fe92a5__ep1,test,3240,3319,Cutting cardboard with a utility knife,Cut cardboard,unknown,0.0018701296066865325,0
long_80f_stride40:a1012a57-385e-45a9-8a59-694a26fe92a5__ep1:qa:79,a1012a57-385e-45a9-8a59-694a26fe92a5__ep1,test,3280,3359,Cutting cardboard with a utility knife,Cut cardboard,unknown,0.0018144856439903378,0
long_80f_stride40:a1012a57-385e-45a9-8a59-694a26fe92a5__ep1:qa:80,a1012a57-385e-45a9-8a59-694a26fe92a5__ep1,test,3320,3399,Cutting cardboard with a utility knife,Cut cardboard,unknown,0.001846725819632411,0
long_80f_stride40:a1012a57-385e-45a9-8a59-694a26fe92a5__ep1:qa:81,a1012a57-385e-45a9-8a59-694a26fe92a5__ep1,test,3360,3439,Cutting cardboard with a utility knife,Cut cardboard,unknown,0.001836553099565208,0
long_80f_stride40:a1012a57-385e-45a9-8a59-694a26fe92a5__ep1:qa:82,a1012a57-385e-45a9-8a59-694a26fe92a5__ep1,test,3400,3479,Cutting cardboard with a utility knife,Cut cardboard,unknown,0.001851240056566894,0
long_80f_stride40:a1012a57-385e-45a9-8a59-694a26fe92a5__ep1:qa:83,a1012a57-385e-45a9-8a59-694a26fe92a5__ep1,test,3440,3519,Cutting cardboard with a utility knife,Cut cardboard,unknown,0.001817056443542242,0
long_80f_stride40:a1012a57-385e-45a9-8a59-694a26fe92a5__ep1:qa:84,a1012a57-385e-45a9-8a59-694a26fe92a5__ep1,test,3480,3559,Cutting cardboard with a utility knife,Cut along the marked line,unknown,0.001855442184023559,0
long_80f_stride40:a1012a57-385e-45a9-8a59-694a26fe92a5__ep1:qa:85,a1012a57-385e-45a9-8a59-694a26fe92a5__ep1,test,3520,3599,Cutting cardboard with a utility knife,Cut along the marked line,unknown,0.0018544223858043551,0
long_80f_stride40:a1012a57-385e-45a9-8a59-694a26fe92a5__ep1:qa:86,a1012a57-385e-45a9-8a59-694a26fe92a5__ep1,test,3560,3639,Cutting cardboard with a utility knife,Cut along the marked line,unknown,0.0018235478783026338,0
long_80f_stride40:a1012a57-385e-45a9-8a59-694a26fe92a5__ep1:qa:121,a1012a57-385e-45a9-8a59-694a26fe92a5__ep1,test,5000,5079,Cutting cardboard with a utility knife,Cut along the marked line,unknown,0.0018319841474294662,0
long_80f_stride40:a1012a57-385e-45a9-8a59-694a26fe92a5__ep1:qa:122,a1012a57-385e-45a9-8a59-694a26fe92a5__ep1,test,5040,5119,Cutting cardboard with a utility knife,Cut along the marked line,unknown,0.0018317506182938814,0
long_80f_stride40:a1012a57-385e-45a9-8a59-694a26fe92a5__ep1:qa:123,a1012a57-385e-45a9-8a59-694a26fe92a5__ep1,test,5080,5159,Cutting cardboard with a utility knife,Cut along the marked line,unknown,0.0018362361006438732,0
long_80f_stride40:a1012a57-385e-45a9-8a59-694a26fe92a5__ep1:qa:124,a1012a57-385e-45a9-8a59-694a26fe92a5__ep1,test,5120,5199,Cutting cardboard with a utility knife,Cut along the marked line,unknown,0.0018504990730434656,0
long_80f_stride40:a1012a57-385e-45a9-8a59-694a26fe92a5__ep1:qa:125,a1012a57-385e-45a9-8a59-694a26fe92a5__ep1,test,5160,5239,Cutting cardboard with a utility knife,Cut along the marked line,unknown,0.0018397720996290445,0
long_80f_stride40:a1012a57-385e-45a9-8a59-694a26fe92a5__ep1:qa:126,a1012a57-385e-45a9-8a59-694a26fe92a5__ep1,test,5200,5279,Cutting cardboard with a utility knife,Cut along the marked line,unknown,0.0018596097361296415,0
long_80f_stride40:a1012a57-385e-45a9-8a59-694a26fe92a5__ep1:qa:127,a1012a57-385e-45a9-8a59-694a26fe92a5__ep1,test,5240,5319,Cutting cardboard with a utility knife,Cut along the marked line,unknown,0.001903648255392909,0
long_80f_stride40:a1012a57-385e-45a9-8a59-694a26fe92a5__ep1:qa:128,a1012a57-385e-45a9-8a59-694a26fe92a5__ep1,test,5280,5359,Cutting cardboard with a utility knife,Finish cutting along the marked line and reposition,Gathering materials and walking,0.0019001035252586007,0
long_80f_stride40:a1012a57-385e-45a9-8a59-694a26fe92a5__ep1:qa:129,a1012a57-385e-45a9-8a59-694a26fe92a5__ep1,test,5320,5399,Cutting cardboard with a utility knife,Finish cutting along the marked line and reposition,Gathering materials and walking,0.0018967498326674104,0
long_80f_stride40:33f7ae08-ac1d-4321-9cb9-eca79016b359__ep1:qa:0,33f7ae08-ac1d-4321-9cb9-eca79016b359__ep1,test,0,79,Stocking retail store shelves,Walk to shelf location,Holding and grasping product bags,0.002050700830295682,0
long_80f_stride40:33f7ae08-ac1d-4321-9cb9-eca79016b359__ep1:qa:1,33f7ae08-ac1d-4321-9cb9-eca79016b359__ep1,test,40,119,Stocking retail store shelves,Walk to shelf location,Holding and grasping product bags,0.002065370324999094,0
long_80f_stride40:33f7ae08-ac1d-4321-9cb9-eca79016b359__ep1:qa:2,33f7ae08-ac1d-4321-9cb9-eca79016b359__ep1,test,80,159,Stocking retail store shelves,Walk to shelf location,Holding and grasping product bags,0.002014617435634136,0
long_80f_stride40:33f7ae08-ac1d-4321-9cb9-eca79016b359__ep1:qa:3,33f7ae08-ac1d-4321-9cb9-eca79016b359__ep1,test,120,199,Stocking retail store shelves,Walk to shelf location,Holding and grasping product bags,0.0019509755074977875,0
long_80f_stride40:33f7ae08-ac1d-4321-9cb9-eca79016b359__ep1:qa:4,33f7ae08-ac1d-4321-9cb9-eca79016b359__ep1,test,160,239,Stocking retail store shelves,Walk to shelf location,Holding and grasping product bags,0.001923509524203837,0
long_80f_stride40:33f7ae08-ac1d-4321-9cb9-eca79016b359__ep1:qa:5,33f7ae08-ac1d-4321-9cb9-eca79016b359__ep1,test,200,279,Stocking retail store shelves,Walk to shelf location,Holding and grasping product bags,0.001977377338334918,0
long_80f_stride40:33f7ae08-ac1d-4321-9cb9-eca79016b359__ep1:qa:6,33f7ae08-ac1d-4321-9cb9-eca79016b359__ep1,test,240,319,Stocking retail store shelves,Walk to shelf location,Holding and grasping product bags,0.0019523899536579847,0
long_80f_stride40:33f7ae08-ac1d-4321-9cb9-eca79016b359__ep1:qa:7,33f7ae08-ac1d-4321-9cb9-eca79016b359__ep1,test,320,399,Stocking retail store shelves,Inspect shelf condition,Holding and grasping product bags,0.0020269453525543213,0
long_80f_stride40:33f7ae08-ac1d-4321-9cb9-eca79016b359__ep1:qa:8,33f7ae08-ac1d-4321-9cb9-eca79016b359__ep1,test,400,479,Stocking retail store shelves,Inspect shelf condition,Pick up cereal boxes,0.002061260398477316,0
long_80f_stride40:33f7ae08-ac1d-4321-9cb9-eca79016b359__ep1:qa:9,33f7ae08-ac1d-4321-9cb9-eca79016b359__ep1,test,440,519,Stocking retail store shelves,Inspect shelf condition,Holding and inspecting product,0.0019228975288569927,0
long_80f_stride40:33f7ae08-ac1d-4321-9cb9-eca79016b359__ep1:qa:10,33f7ae08-ac1d-4321-9cb9-eca79016b359__ep1,test,480,559,Stocking retail store shelves,Inspect shelf condition,Holding and inspecting product,0.0019525405950844288,0
long_80f_stride40:33f7ae08-ac1d-4321-9cb9-eca79016b359__ep1:qa:11,33f7ae08-ac1d-4321-9cb9-eca79016b359__ep1,test,520,599,Stocking retail store shelves,Inspect shelf condition,Holding and inspecting product,0.001922618830576539,0
long_80f_stride40:33f7ae08-ac1d-4321-9cb9-eca79016b359__ep1:qa:12,33f7ae08-ac1d-4321-9cb9-eca79016b359__ep1,test,560,639,Stocking retail store shelves,Inspect shelf condition,Placing product bags on shelf,0.0019212656188756227,0
long_80f_stride40:33f7ae08-ac1d-4321-9cb9-eca79016b359__ep1:qa:13,33f7ae08-ac1d-4321-9cb9-eca79016b359__ep1,test,600,679,Stocking retail store shelves,Inspect shelf condition,Placing product bags on shelf,0.0019502880750223994,0
long_80f_stride40:33f7ae08-ac1d-4321-9cb9-eca79016b359__ep1:qa:14,33f7ae08-ac1d-4321-9cb9-eca79016b359__ep1,test,640,719,Stocking retail store shelves,Inspect shelf condition,Positioning shelving dividers,0.0019472576677799225,0
long_80f_stride40:33f7ae08-ac1d-4321-9cb9-eca79016b359__ep1:qa:15,33f7ae08-ac1d-4321-9cb9-eca79016b359__ep1,test,680,759,Stocking retail store shelves,Inspect shelf condition and observe surroundings,Transferring products from box to shelf,0.0019355235854163766,0
long_80f_stride40:33f7ae08-ac1d-4321-9cb9-eca79016b359__ep1:qa:16,33f7ae08-ac1d-4321-9cb9-eca79016b359__ep1,test,720,799,Stocking retail store shelves,Inspect shelf condition and observe surroundings,Positioning the container on the floor,0.002071690745651722,0
long_80f_stride40:33f7ae08-ac1d-4321-9cb9-eca79016b359__ep1:qa:17,33f7ae08-ac1d-4321-9cb9-eca79016b359__ep1,test,760,839,Stocking retail store shelves,Inspect shelf condition and observe surroundings,Positioning the container on the floor,0.002051118528470397,0
long_80f_stride40:33f7ae08-ac1d-4321-9cb9-eca79016b359__ep1:qa:20,33f7ae08-ac1d-4321-9cb9-eca79016b359__ep1,test,920,999,Stocking retail store shelves,Approach inventory boxes,Moving container and stocking items,0.0021068030036985874,0
long_80f_stride40:33f7ae08-ac1d-4321-9cb9-eca79016b359__ep1:qa:21,33f7ae08-ac1d-4321-9cb9-eca79016b359__ep1,test,1000,1079,Stocking retail store shelves,Approach inventory boxes,Transferring products from box to shelf,0.001929531805217266,0
long_80f_stride40:33f7ae08-ac1d-4321-9cb9-eca79016b359__ep1:qa:22,33f7ae08-ac1d-4321-9cb9-eca79016b359__ep1,test,1040,1119,Stocking retail store shelves,Approach inventory boxes,Transferring products from box to shelf,0.0019396570278331637,0
long_80f_stride40:33f7ae08-ac1d-4321-9cb9-eca79016b359__ep1:qa:23,33f7ae08-ac1d-4321-9cb9-eca79016b359__ep1,test,1080,1159,Stocking retail store shelves,Approach inventory boxes,Transferring products from box to shelf,0.0019669686444103718,0
long_80f_stride40:33f7ae08-ac1d-4321-9cb9-eca79016b359__ep1:qa:24,33f7ae08-ac1d-4321-9cb9-eca79016b359__ep1,test,1160,1239,Stocking retail store shelves,Approach inventory boxes,Transferring products from box to shelf,0.0019192654872313142,0
long_80f_stride40:33f7ae08-ac1d-4321-9cb9-eca79016b359__ep1:qa:25,33f7ae08-ac1d-4321-9cb9-eca79016b359__ep1,test,1200,1279,Stocking retail store shelves,Approach inventory boxes,Transferring products from box to shelf,0.0019935951568186283,0
long_80f_stride40:33f7ae08-ac1d-4321-9cb9-eca79016b359__ep1:qa:26,33f7ae08-ac1d-4321-9cb9-eca79016b359__ep1,test,1280,1359,Stocking retail store shelves,Extract wire hangers from inventory,Marking cardboard squares,0.0019953083246946335,0
long_80f_stride40:33f7ae08-ac1d-4321-9cb9-eca79016b359__ep1:qa:27,33f7ae08-ac1d-4321-9cb9-eca79016b359__ep1,test,1320,1399,Stocking retail store shelves,Extract wire hangers from inventory,Positioning shelving dividers,0.002007141010835767,0
long_80f_stride40:33f7ae08-ac1d-4321-9cb9-eca79016b359__ep1:qa:28,33f7ae08-ac1d-4321-9cb9-eca79016b359__ep1,test,1400,1479,Stocking retail store shelves,Extract wire hangers from inventory,Stocking product boxes,0.002016977174207568,0
long_80f_stride40:33f7ae08-ac1d-4321-9cb9-eca79016b359__ep1:qa:29,33f7ae08-ac1d-4321-9cb9-eca79016b359__ep1,test,1440,1519,Stocking retail store shelves,Extract wire hangers from inventory,Cleaning and boxing jars,0.0018842024728655815,0
long_80f_stride40:33f7ae08-ac1d-4321-9cb9-eca79016b359__ep1:qa:30,33f7ae08-ac1d-4321-9cb9-eca79016b359__ep1,test,1520,1599,Stocking retail store shelves,Extract wire hangers from inventory,Transferring products from box to shelf,0.0019260793924331665,0
long_80f_stride40:33f7ae08-ac1d-4321-9cb9-eca79016b359__ep1:qa:31,33f7ae08-ac1d-4321-9cb9-eca79016b359__ep1,test,1560,1639,Stocking retail store shelves,Extract wire hangers from inventory,Transport cereal to shelf,0.0019560332875698805,0
long_80f_stride40:33f7ae08-ac1d-4321-9cb9-eca79016b359__ep1:qa:32,33f7ae08-ac1d-4321-9cb9-eca79016b359__ep1,test,1600,1679,Stocking retail store shelves,Extract wire hangers from inventory,Transport cereal to shelf,0.001963835209608078,0
long_80f_stride40:33f7ae08-ac1d-4321-9cb9-eca79016b359__ep1:qa:33,33f7ae08-ac1d-4321-9cb9-eca79016b359__ep1,test,1640,1719,Stocking retail store shelves,Extract wire hangers from inventory,Transferring products from box to shelf,0.0019064070656895638,0
long_80f_stride40:33f7ae08-ac1d-4321-9cb9-eca79016b359__ep1:qa:34,33f7ae08-ac1d-4321-9cb9-eca79016b359__ep1,test,1680,1759,Stocking retail store shelves,Extract wire hangers from inventory,Stocking items and reaching for container,0.0018362677656114101,0
long_80f_stride40:33f7ae08-ac1d-4321-9cb9-eca79016b359__ep1:qa:35,33f7ae08-ac1d-4321-9cb9-eca79016b359__ep1,test,1720,1799,Stocking retail store shelves,Extract wire hangers from inventory,folding paper strip and typing on smartphone,0.0020702818874269724,0
long_80f_stride40:33f7ae08-ac1d-4321-9cb9-eca79016b359__ep1:qa:36,33f7ae08-ac1d-4321-9cb9-eca79016b359__ep1,test,1760,1839,Stocking retail store shelves,Extract wire hangers from inventory,Arranging shelf display,0.002004358684644103,0
long_80f_stride40:33f7ae08-ac1d-4321-9cb9-eca79016b359__ep1:qa:37,33f7ae08-ac1d-4321-9cb9-eca79016b359__ep1,test,1800,1879,Stocking retail store shelves,Bundle display hooks,Placing items and transitioning,0.001957499422132969,0
long_80f_stride40:33f7ae08-ac1d-4321-9cb9-eca79016b359__ep1:qa:38,33f7ae08-ac1d-4321-9cb9-eca79016b359__ep1,test,1840,1919,Stocking retail store shelves,Bundle display hooks,Transferring products from box to shelf,0.0019893269054591656,0
long_80f_stride40:33f7ae08-ac1d-4321-9cb9-eca79016b359__ep1:qa:39,33f7ae08-ac1d-4321-9cb9-eca79016b359__ep1,test,1880,1959,Stocking retail store shelves,Bundle display hooks,Holding and positioning item on shelf,0.001946127973496914,0
long_80f_stride40:33f7ae08-ac1d-4321-9cb9-eca79016b359__ep1:qa:41,33f7ae08-ac1d-4321-9cb9-eca79016b359__ep1,test,2000,2079,Stocking retail store shelves,Bundle display hooks,Retrieving and carrying containers,0.0019387038191780448,0
long_80f_stride40:33f7ae08-ac1d-4321-9cb9-eca79016b359__ep1:qa:42,33f7ae08-ac1d-4321-9cb9-eca79016b359__ep1,test,2040,2119,Stocking retail store shelves,Bundle display hooks,Retrieving and carrying containers,0.0019464368233457208,0
long_80f_stride40:33f7ae08-ac1d-4321-9cb9-eca79016b359__ep1:qa:43,33f7ae08-ac1d-4321-9cb9-eca79016b359__ep1,test,2080,2159,Stocking retail store shelves,Bundle display hooks,Retrieving and carrying containers,0.0019338142592459917,0
long_80f_stride40:33f7ae08-ac1d-4321-9cb9-eca79016b359__ep1:qa:44,33f7ae08-ac1d-4321-9cb9-eca79016b359__ep1,test,2120,2199,Stocking retail store shelves,Bundle display hooks,Transferring products from box to shelf,0.0018714942270889878,0
long_80f_stride40:33f7ae08-ac1d-4321-9cb9-eca79016b359__ep1:qa:45,33f7ae08-ac1d-4321-9cb9-eca79016b359__ep1,test,2160,2239,Stocking retail store shelves,Bundle display hooks,Stocking product boxes,0.0018888593185693026,0
long_80f_stride40:33f7ae08-ac1d-4321-9cb9-eca79016b359__ep1:qa:46,33f7ae08-ac1d-4321-9cb9-eca79016b359__ep1,test,2200,2279,Stocking retail store shelves,Bundle display hooks,Retrieving and carrying containers,0.0018723865505307913,0
long_80f_stride40:33f7ae08-ac1d-4321-9cb9-eca79016b359__ep1:qa:47,33f7ae08-ac1d-4321-9cb9-eca79016b359__ep1,test,2240,2319,Stocking retail store shelves,Bundle display hooks,unknown,0.001885018078610301,0
long_80f_stride40:33f7ae08-ac1d-4321-9cb9-eca79016b359__ep1:qa:48,33f7ae08-ac1d-4321-9cb9-eca79016b359__ep1,test,2280,2359,Stocking retail store shelves,Install display hooks,folding paper strips and retrieving stapler,0.0019895697478204966,0
long_80f_stride40:33f7ae08-ac1d-4321-9cb9-eca79016b359__ep1:qa:49,33f7ae08-ac1d-4321-9cb9-eca79016b359__ep1,test,2320,2399,Stocking retail store shelves,Install display hooks,"Placing, rearranging, and cleaning shelf items",0.0019105742685496807,0
long_80f_stride40:33f7ae08-ac1d-4321-9cb9-eca79016b359__ep1:qa:50,33f7ae08-ac1d-4321-9cb9-eca79016b359__ep1,test,2360,2439,Stocking retail store shelves,Install display hooks,Cut light green fabric,0.00188195810187608,0
long_80f_stride40:33f7ae08-ac1d-4321-9cb9-eca79016b359__ep1:qa:53,33f7ae08-ac1d-4321-9cb9-eca79016b359__ep1,test,2520,2599,Stocking retail store shelves,Install display hooks,Reach for items in box,0.002062583575025201,0
long_80f_stride40:33f7ae08-ac1d-4321-9cb9-eca79016b359__ep1:qa:54,33f7ae08-ac1d-4321-9cb9-eca79016b359__ep1,test,2560,2639,Stocking retail store shelves,Install display hooks,"Placing, rearranging, and cleaning shelf items",0.002024078043177724,0
long_80f_stride40:33f7ae08-ac1d-4321-9cb9-eca79016b359__ep1:qa:55,33f7ae08-ac1d-4321-9cb9-eca79016b359__ep1,test,2600,2679,Stocking retail store shelves,Install display hooks,"Placing, rearranging, and cleaning shelf items",0.001927894540131092,0
long_80f_stride40:33f7ae08-ac1d-4321-9cb9-eca79016b359__ep1:qa:56,33f7ae08-ac1d-4321-9cb9-eca79016b359__ep1,test,2640,2719,Stocking retail store shelves,Install display hooks,Interacting with coworker,0.0018643999937921762,0
long_80f_stride40:33f7ae08-ac1d-4321-9cb9-eca79016b359__ep1:qa:57,33f7ae08-ac1d-4321-9cb9-eca79016b359__ep1,test,2680,2759,Stocking retail store shelves,Install display hooks,Stocking product boxes,0.0019459495088085532,0
long_80f_stride40:33f7ae08-ac1d-4321-9cb9-eca79016b359__ep1:qa:58,33f7ae08-ac1d-4321-9cb9-eca79016b359__ep1,test,2800,2879,Stocking retail store shelves,Move to stocking area,Stocking product boxes,0.0019571762531995773,0
long_80f_stride40:33f7ae08-ac1d-4321-9cb9-eca79016b359__ep1:qa:59,33f7ae08-ac1d-4321-9cb9-eca79016b359__ep1,test,2840,2919,Stocking retail store shelves,Unpack and place items on shelf,Stocking product boxes,0.0019148812862113118,0
long_80f_stride40:33f7ae08-ac1d-4321-9cb9-eca79016b359__ep1:qa:60,33f7ae08-ac1d-4321-9cb9-eca79016b359__ep1,test,2880,2959,Stocking retail store shelves,Unpack and place items on shelf,Placing snack packages in box,0.0018985433271154761,0
long_80f_stride40:33f7ae08-ac1d-4321-9cb9-eca79016b359__ep1:qa:61,33f7ae08-ac1d-4321-9cb9-eca79016b359__ep1,test,2920,2999,Stocking retail store shelves,Unpack and place items on shelf,Stocking product boxes,0.0019128669518977404,0
long_80f_stride40:33f7ae08-ac1d-4321-9cb9-eca79016b359__ep1:qa:62,33f7ae08-ac1d-4321-9cb9-eca79016b359__ep1,test,3000,3079,Stocking retail store shelves,Unpack and place items on shelf,Transferring products from box to shelf,0.0019060615450143814,0
long_80f_stride40:33f7ae08-ac1d-4321-9cb9-eca79016b359__ep1:qa:63,33f7ae08-ac1d-4321-9cb9-eca79016b359__ep1,test,3040,3119,Stocking retail store shelves,Unpack and place items on shelf,Stocking product boxes,0.0019119164207950234,0
long_80f_stride40:33f7ae08-ac1d-4321-9cb9-eca79016b359__ep1:qa:64,33f7ae08-ac1d-4321-9cb9-eca79016b359__ep1,test,3080,3159,Stocking retail store shelves,Unpack and place items on shelf,Placing snack packages in box,0.0019619024824351072,0
long_80f_stride40:33f7ae08-ac1d-4321-9cb9-eca79016b359__ep1:qa:65,33f7ae08-ac1d-4321-9cb9-eca79016b359__ep1,test,3120,3199,Stocking retail store shelves,Unpack and place items on shelf,Placing snack packages in box,0.001960760448127985,0
long_80f_stride40:33f7ae08-ac1d-4321-9cb9-eca79016b359__ep1:qa:66,33f7ae08-ac1d-4321-9cb9-eca79016b359__ep1,test,3160,3239,Stocking retail store shelves,Unpack and place items on shelf,Stocking product boxes,0.0018988127121701837,0
long_80f_stride40:33f7ae08-ac1d-4321-9cb9-eca79016b359__ep1:qa:67,33f7ae08-ac1d-4321-9cb9-eca79016b359__ep1,test,3200,3279,Stocking retail store shelves,Unpack and place items on shelf,Place grocery item on shelf,0.001991006312891841,0
long_80f_stride40:33f7ae08-ac1d-4321-9cb9-eca79016b359__ep1:qa:68,33f7ae08-ac1d-4321-9cb9-eca79016b359__ep1,test,3280,3359,Stocking retail store shelves,Unpack and place items on shelf,Stocking product boxes,0.0018844620790332556,0
long_80f_stride40:33f7ae08-ac1d-4321-9cb9-eca79016b359__ep1:qa:69,33f7ae08-ac1d-4321-9cb9-eca79016b359__ep1,test,3320,3399,Stocking retail store shelves,Place and adjust items on shelf,Stocking product boxes,0.001890035578981042,0
long_80f_stride40:33f7ae08-ac1d-4321-9cb9-eca79016b359__ep1:qa:70,33f7ae08-ac1d-4321-9cb9-eca79016b359__ep1,test,3360,3439,Stocking retail store shelves,Place and adjust items on shelf,Inspecting and bagging a smartphone box,0.001952878199517727,0
long_80f_stride40:33f7ae08-ac1d-4321-9cb9-eca79016b359__ep1:qa:71,33f7ae08-ac1d-4321-9cb9-eca79016b359__ep1,test,3440,3519,Stocking retail store shelves,Place and adjust items on shelf,Stocking product boxes,0.0019814909901469946,0
long_80f_stride40:33f7ae08-ac1d-4321-9cb9-eca79016b359__ep1:qa:72,33f7ae08-ac1d-4321-9cb9-eca79016b359__ep1,test,3480,3559,Stocking retail store shelves,Place and adjust items on shelf,Stocking canned goods,0.0020001402590423822,0
long_80f_stride40:33f7ae08-ac1d-4321-9cb9-eca79016b359__ep1:qa:73,33f7ae08-ac1d-4321-9cb9-eca79016b359__ep1,test,3520,3599,Stocking retail store shelves,Place and adjust items on shelf,Stocking product boxes,0.0019447895465418696,0
long_80f_stride40:33f7ae08-ac1d-4321-9cb9-eca79016b359__ep1:qa:74,33f7ae08-ac1d-4321-9cb9-eca79016b359__ep1,test,3560,3639,Stocking retail store shelves,Place and adjust items on shelf,Stocking product boxes,0.00192965567111969,0
long_80f_stride40:33f7ae08-ac1d-4321-9cb9-eca79016b359__ep1:qa:75,33f7ae08-ac1d-4321-9cb9-eca79016b359__ep1,test,3640,3719,Stocking retail store shelves,Place and adjust items on shelf,Retrieving next product,0.0020200107246637344,0
long_80f_stride40:33f7ae08-ac1d-4321-9cb9-eca79016b359__ep1:qa:76,33f7ae08-ac1d-4321-9cb9-eca79016b359__ep1,test,3680,3759,Stocking retail store shelves,Place and adjust items on shelf,Cleaning shelves and rearranging products,0.0021927948109805584,0
long_80f_stride40:33f7ae08-ac1d-4321-9cb9-eca79016b359__ep1:qa:77,33f7ae08-ac1d-4321-9cb9-eca79016b359__ep1,test,3720,3799,Stocking retail store shelves,Place and adjust items on shelf,Replenishing shelf stock,0.0019927644170820713,0
long_80f_stride40:33f7ae08-ac1d-4321-9cb9-eca79016b359__ep1:qa:78,33f7ae08-ac1d-4321-9cb9-eca79016b359__ep1,test,3760,3839,Stocking retail store shelves,Place and adjust items on shelf,Using smartphone as a guide on cardboard,0.002283048117533326,0
long_80f_stride40:33f7ae08-ac1d-4321-9cb9-eca79016b359__ep1:qa:79,33f7ae08-ac1d-4321-9cb9-eca79016b359__ep1,test,3800,3879,Stocking retail store shelves,unknown,manipulating paper star,0.0020766407251358032,0
long_80f_stride40:33f7ae08-ac1d-4321-9cb9-eca79016b359__ep1:qa:80,33f7ae08-ac1d-4321-9cb9-eca79016b359__ep1,test,3840,3919,Stocking retail store shelves,Place items on shelf,Placing and adjusting plush toys,0.001907975529320538,0
long_80f_stride40:33f7ae08-ac1d-4321-9cb9-eca79016b359__ep1:qa:81,33f7ae08-ac1d-4321-9cb9-eca79016b359__ep1,test,3880,3959,Stocking retail store shelves,Place items on shelf,Retrieve snack packs,0.0019572132732719183,0
long_80f_stride40:33f7ae08-ac1d-4321-9cb9-eca79016b359__ep1:qa:82,33f7ae08-ac1d-4321-9cb9-eca79016b359__ep1,test,3920,3999,Stocking retail store shelves,Place items on shelf,Placing and adjusting plush toys,0.001992326695472002,0
long_80f_stride40:33f7ae08-ac1d-4321-9cb9-eca79016b359__ep1:qa:83,33f7ae08-ac1d-4321-9cb9-eca79016b359__ep1,test,4000,4079,Stocking retail store shelves,Place items on shelf,Placing and adjusting plush toys,0.001994470367208123,0
long_80f_stride40:33f7ae08-ac1d-4321-9cb9-eca79016b359__ep1:qa:84,33f7ae08-ac1d-4321-9cb9-eca79016b359__ep1,test,4040,4119,Stocking retail store shelves,Place items on shelf,Placing and adjusting plush toys,0.001947659533470869,0
long_80f_stride40:33f7ae08-ac1d-4321-9cb9-eca79016b359__ep1:qa:85,33f7ae08-ac1d-4321-9cb9-eca79016b359__ep1,test,4080,4159,Stocking retail store shelves,Place items on shelf,Placing and adjusting plush toys,0.0018982819747179747,0
long_80f_stride40:33f7ae08-ac1d-4321-9cb9-eca79016b359__ep1:qa:86,33f7ae08-ac1d-4321-9cb9-eca79016b359__ep1,test,4120,4199,Stocking retail store shelves,Place and retrieve items for stocking,Stocking product boxes,0.0018972352845594287,0
long_80f_stride40:33f7ae08-ac1d-4321-9cb9-eca79016b359__ep1:qa:87,33f7ae08-ac1d-4321-9cb9-eca79016b359__ep1,test,4160,4239,Stocking retail store shelves,Place and retrieve items for stocking,Placing and adjusting plush toys,0.0019102499354630709,0
long_80f_stride40:33f7ae08-ac1d-4321-9cb9-eca79016b359__ep1:qa:88,33f7ae08-ac1d-4321-9cb9-eca79016b359__ep1,test,4200,4279,Stocking retail store shelves,Place and retrieve items for stocking,Placing and adjusting plush toys,0.0019928179681301117,0
long_80f_stride40:33f7ae08-ac1d-4321-9cb9-eca79016b359__ep1:qa:95,33f7ae08-ac1d-4321-9cb9-eca79016b359__ep1,test,4520,4599,Stocking retail store shelves,Place and retrieve items for stocking,Stocking product boxes,0.0019410254899412394,0
long_80f_stride40:33f7ae08-ac1d-4321-9cb9-eca79016b359__ep1:qa:96,33f7ae08-ac1d-4321-9cb9-eca79016b359__ep1,test,4560,4639,Stocking retail store shelves,Place and retrieve items for stocking,Cutting and stacking cardboard pieces,0.0019767251797020435,0
long_80f_stride40:33f7ae08-ac1d-4321-9cb9-eca79016b359__ep1:qa:97,33f7ae08-ac1d-4321-9cb9-eca79016b359__ep1,test,4600,4679,Stocking retail store shelves,Place and retrieve items for stocking,Stocking products and reorganizing bin,0.0019604561384767294,0
long_80f_stride40:33f7ae08-ac1d-4321-9cb9-eca79016b359__ep1:qa:98,33f7ae08-ac1d-4321-9cb9-eca79016b359__ep1,test,4640,4719,Stocking retail store shelves,Place and retrieve items for stocking,Cutting and stacking cardboard pieces,0.002184332115575671,0
long_80f_stride40:33f7ae08-ac1d-4321-9cb9-eca79016b359__ep1:qa:99,33f7ae08-ac1d-4321-9cb9-eca79016b359__ep1,test,4680,4759,Stocking retail store shelves,Place and retrieve items for stocking,Repositioning and cutting cardboard pieces,0.0021293293684720993,0
long_80f_stride40:33f7ae08-ac1d-4321-9cb9-eca79016b359__ep1:qa:100,33f7ae08-ac1d-4321-9cb9-eca79016b359__ep1,test,4720,4799,Stocking retail store shelves,Place and retrieve items for stocking,Placing and adjusting plush toys,0.0019461094634607434,0
long_80f_stride40:33f7ae08-ac1d-4321-9cb9-eca79016b359__ep1:qa:101,33f7ae08-ac1d-4321-9cb9-eca79016b359__ep1,test,4760,4839,Stocking retail store shelves,Place and retrieve items for stocking,Replenishing shelf stock,0.0020958478562533855,0
long_80f_stride40:33f7ae08-ac1d-4321-9cb9-eca79016b359__ep1:qa:102,33f7ae08-ac1d-4321-9cb9-eca79016b359__ep1,test,4800,4879,Stocking retail store shelves,Place and retrieve items for stocking,Reaching for products,0.002217569388449192,0
long_80f_stride40:33f7ae08-ac1d-4321-9cb9-eca79016b359__ep1:qa:103,33f7ae08-ac1d-4321-9cb9-eca79016b359__ep1,test,4880,4959,Stocking retail store shelves,Place and retrieve items for stocking,Observing and reaching for products,0.0023541604168713093,0
long_80f_stride40:9c553886-83c5-4dc4-be5c-dcb269b3a771__ep2:qa:0,9c553886-83c5-4dc4-be5c-dcb269b3a771__ep2,test,0,79,Labeling and processing cardboard pieces,Labeling cardboard pieces,Cutting and measuring cardboard,0.0019969658460468054,0
long_80f_stride40:9c553886-83c5-4dc4-be5c-dcb269b3a771__ep2:qa:1,9c553886-83c5-4dc4-be5c-dcb269b3a771__ep2,test,40,119,Labeling and processing cardboard pieces,Labeling cardboard pieces,Cutting and measuring cardboard,0.002005981747061014,0
long_80f_stride40:9c553886-83c5-4dc4-be5c-dcb269b3a771__ep2:qa:2,9c553886-83c5-4dc4-be5c-dcb269b3a771__ep2,test,80,159,Labeling and processing cardboard pieces,Labeling cardboard pieces,Cutting and measuring cardboard,0.0019643856212496758,0
long_80f_stride40:9c553886-83c5-4dc4-be5c-dcb269b3a771__ep2:qa:3,9c553886-83c5-4dc4-be5c-dcb269b3a771__ep2,test,120,199,Labeling and processing cardboard pieces,Labeling cardboard pieces,Cutting and measuring cardboard,0.001929246704094112,0
long_80f_stride40:9c553886-83c5-4dc4-be5c-dcb269b3a771__ep2:qa:4,9c553886-83c5-4dc4-be5c-dcb269b3a771__ep2,test,160,239,Labeling and processing cardboard pieces,Labeling cardboard pieces,Cutting and measuring cardboard,0.0019259646069258451,0
long_80f_stride40:9c553886-83c5-4dc4-be5c-dcb269b3a771__ep2:qa:5,9c553886-83c5-4dc4-be5c-dcb269b3a771__ep2,test,200,279,Labeling and processing cardboard pieces,Labeling cardboard pieces,Cutting and measuring cardboard,0.0019462332129478455,0
long_80f_stride40:9c553886-83c5-4dc4-be5c-dcb269b3a771__ep2:qa:6,9c553886-83c5-4dc4-be5c-dcb269b3a771__ep2,test,240,319,Labeling and processing cardboard pieces,Labeling cardboard pieces,Cutting and measuring cardboard,0.0019352330127730966,0
long_80f_stride40:9c553886-83c5-4dc4-be5c-dcb269b3a771__ep2:qa:7,9c553886-83c5-4dc4-be5c-dcb269b3a771__ep2,test,280,359,Labeling and processing cardboard pieces,Labeling cardboard pieces,unknown,0.0019927415996789932,0
long_80f_stride40:9c553886-83c5-4dc4-be5c-dcb269b3a771__ep2:qa:8,9c553886-83c5-4dc4-be5c-dcb269b3a771__ep2,test,320,399,Labeling and processing cardboard pieces,Labeling cardboard pieces,Cutting and measuring cardboard,0.0019408250227570534,0
long_80f_stride40:9c553886-83c5-4dc4-be5c-dcb269b3a771__ep2:qa:9,9c553886-83c5-4dc4-be5c-dcb269b3a771__ep2,test,360,439,Labeling and processing cardboard pieces,Labeling cardboard pieces,Stabilizing cardboard for cutting,0.0020296277943998575,0
long_80f_stride40:9c553886-83c5-4dc4-be5c-dcb269b3a771__ep2:qa:10,9c553886-83c5-4dc4-be5c-dcb269b3a771__ep2,test,400,479,Labeling and processing cardboard pieces,Labeling cardboard pieces,Stabilizing cardboard for cutting,0.0019808663055300713,0
long_80f_stride40:9c553886-83c5-4dc4-be5c-dcb269b3a771__ep2:qa:11,9c553886-83c5-4dc4-be5c-dcb269b3a771__ep2,test,440,519,Labeling and processing cardboard pieces,Labeling cardboard pieces,Stabilizing cardboard for cutting,0.0019254001090303063,0
long_80f_stride40:9c553886-83c5-4dc4-be5c-dcb269b3a771__ep2:qa:12,9c553886-83c5-4dc4-be5c-dcb269b3a771__ep2,test,520,599,Labeling and processing cardboard pieces,Labeling cardboard pieces,Stabilizing cardboard for cutting,0.0019025257788598537,0
long_80f_stride40:9c553886-83c5-4dc4-be5c-dcb269b3a771__ep2:qa:13,9c553886-83c5-4dc4-be5c-dcb269b3a771__ep2,test,600,679,Labeling and processing cardboard pieces,Labeling cardboard pieces,Stabilizing cardboard for cutting,0.001938974834047258,0
long_80f_stride40:9c553886-83c5-4dc4-be5c-dcb269b3a771__ep2:qa:14,9c553886-83c5-4dc4-be5c-dcb269b3a771__ep2,test,640,719,Labeling and processing cardboard pieces,Labeling cardboard pieces,Positioning ruler for cutting,0.0019130887230858207,0
long_80f_stride40:9c553886-83c5-4dc4-be5c-dcb269b3a771__ep2:qa:15,9c553886-83c5-4dc4-be5c-dcb269b3a771__ep2,test,680,759,Labeling and processing cardboard pieces,Labeling cardboard pieces,Cutting and measuring cardboard,0.0019095955649390817,0
long_80f_stride40:9c553886-83c5-4dc4-be5c-dcb269b3a771__ep2:qa:16,9c553886-83c5-4dc4-be5c-dcb269b3a771__ep2,test,720,799,Labeling and processing cardboard pieces,Labeling cardboard pieces,Positioning ruler for cutting,0.0019130721921101213,0
long_80f_stride40:9c553886-83c5-4dc4-be5c-dcb269b3a771__ep2:qa:17,9c553886-83c5-4dc4-be5c-dcb269b3a771__ep2,test,800,879,Labeling and processing cardboard pieces,Labeling cardboard pieces,Positioning ruler for cutting,0.001973623875528574,0
long_80f_stride40:9c553886-83c5-4dc4-be5c-dcb269b3a771__ep2:qa:18,9c553886-83c5-4dc4-be5c-dcb269b3a771__ep2,test,880,959,Labeling and processing cardboard pieces,Labeling cardboard pieces,Labeling cardboard squares,0.0019214767962694168,0
long_80f_stride40:9c553886-83c5-4dc4-be5c-dcb269b3a771__ep2:qa:19,9c553886-83c5-4dc4-be5c-dcb269b3a771__ep2,test,1000,1079,Labeling and processing cardboard pieces,Labeling cardboard pieces,Labeling cardboard squares,0.0019681183621287346,0
long_80f_stride40:9c553886-83c5-4dc4-be5c-dcb269b3a771__ep2:qa:20,9c553886-83c5-4dc4-be5c-dcb269b3a771__ep2,test,1040,1119,Labeling and processing cardboard pieces,Labeling cardboard pieces,Labeling cardboard squares,0.001989708049222827,0
long_80f_stride40:9c553886-83c5-4dc4-be5c-dcb269b3a771__ep2:qa:21,9c553886-83c5-4dc4-be5c-dcb269b3a771__ep2,test,1080,1159,Labeling and processing cardboard pieces,Labeling cardboard pieces,Labeling cardboard squares,0.0019430583342909813,0
long_80f_stride40:9c553886-83c5-4dc4-be5c-dcb269b3a771__ep2:qa:22,9c553886-83c5-4dc4-be5c-dcb269b3a771__ep2,test,1120,1199,Labeling and processing cardboard pieces,Labeling cardboard pieces,Labeling cardboard squares,0.001917080138809979,0
long_80f_stride40:9c553886-83c5-4dc4-be5c-dcb269b3a771__ep2:qa:23,9c553886-83c5-4dc4-be5c-dcb269b3a771__ep2,test,1160,1239,Labeling and processing cardboard pieces,Labeling cardboard pieces,Labeling cardboard squares,0.0019160090014338493,0
long_80f_stride40:9c553886-83c5-4dc4-be5c-dcb269b3a771__ep2:qa:24,9c553886-83c5-4dc4-be5c-dcb269b3a771__ep2,test,1200,1279,Labeling and processing cardboard pieces,Labeling cardboard pieces,Removing old shelf labels,0.001893210457637906,0
long_80f_stride40:9c553886-83c5-4dc4-be5c-dcb269b3a771__ep2:qa:25,9c553886-83c5-4dc4-be5c-dcb269b3a771__ep2,test,1280,1359,Labeling and processing cardboard pieces,Labeling cardboard pieces,Stacking cardboard pieces,0.0021600734908133745,0
long_80f_stride40:9c553886-83c5-4dc4-be5c-dcb269b3a771__ep2:qa:26,9c553886-83c5-4dc4-be5c-dcb269b3a771__ep2,test,1320,1399,Labeling and processing cardboard pieces,Labeling cardboard pieces,Labeling cardboard squares,0.0018980526365339756,0
long_80f_stride40:9c553886-83c5-4dc4-be5c-dcb269b3a771__ep2:qa:27,9c553886-83c5-4dc4-be5c-dcb269b3a771__ep2,test,1400,1479,Labeling and processing cardboard pieces,Labeling cardboard pieces,Removing old shelf labels,0.0018502988386899233,0
long_80f_stride40:9c553886-83c5-4dc4-be5c-dcb269b3a771__ep2:qa:28,9c553886-83c5-4dc4-be5c-dcb269b3a771__ep2,test,1440,1519,Labeling and processing cardboard pieces,Labeling cardboard pieces,Labeling cardboard squares,0.0018503974424675107,0
long_80f_stride40:9c553886-83c5-4dc4-be5c-dcb269b3a771__ep2:qa:29,9c553886-83c5-4dc4-be5c-dcb269b3a771__ep2,test,1520,1599,Labeling and processing cardboard pieces,Labeling cardboard pieces,Labeling cardboard squares,0.0019053671276196837,0
long_80f_stride40:9c553886-83c5-4dc4-be5c-dcb269b3a771__ep2:qa:30,9c553886-83c5-4dc4-be5c-dcb269b3a771__ep2,test,1560,1639,Labeling and processing cardboard pieces,Labeling cardboard pieces,Labeling and organizing cardboard squares,0.0018883160082623363,0
long_80f_stride40:9c553886-83c5-4dc4-be5c-dcb269b3a771__ep2:qa:31,9c553886-83c5-4dc4-be5c-dcb269b3a771__ep2,test,1600,1679,Labeling and processing cardboard pieces,Labeling cardboard pieces,Labeling and organizing cardboard squares,0.0019615590572357178,0
long_80f_stride40:9c553886-83c5-4dc4-be5c-dcb269b3a771__ep2:qa:32,9c553886-83c5-4dc4-be5c-dcb269b3a771__ep2,test,1680,1759,Labeling and processing cardboard pieces,Organizing cardboard pieces,Labeling cardboard squares,0.001903763273730874,0
long_80f_stride40:9c553886-83c5-4dc4-be5c-dcb269b3a771__ep2:qa:33,9c553886-83c5-4dc4-be5c-dcb269b3a771__ep2,test,1720,1799,Labeling and processing cardboard pieces,Organizing cardboard pieces,Labeling cardboard square,0.0019041455816477537,0
long_80f_stride40:9c553886-83c5-4dc4-be5c-dcb269b3a771__ep2:qa:34,9c553886-83c5-4dc4-be5c-dcb269b3a771__ep2,test,1800,1879,Labeling and processing cardboard pieces,Organizing cardboard pieces,Labeling cardboard square,0.0019287000177428126,0
long_80f_stride40:9c553886-83c5-4dc4-be5c-dcb269b3a771__ep2:qa:35,9c553886-83c5-4dc4-be5c-dcb269b3a771__ep2,test,1840,1919,Labeling and processing cardboard pieces,Organizing cardboard pieces,Removing old shelf labels,0.001942337374202907,0
long_80f_stride40:9c553886-83c5-4dc4-be5c-dcb269b3a771__ep2:qa:36,9c553886-83c5-4dc4-be5c-dcb269b3a771__ep2,test,1880,1959,Labeling and processing cardboard pieces,Cutting cardboard pieces,Labeling and placing cardboard squares,0.0019204571144655347,0
long_80f_stride40:9c553886-83c5-4dc4-be5c-dcb269b3a771__ep2:qa:37,9c553886-83c5-4dc4-be5c-dcb269b3a771__ep2,test,1920,1999,Labeling and processing cardboard pieces,Cutting cardboard pieces,Labeling and placing cardboard squares,0.0019106322433799505,0
long_80f_stride40:9c553886-83c5-4dc4-be5c-dcb269b3a771__ep2:qa:38,9c553886-83c5-4dc4-be5c-dcb269b3a771__ep2,test,2000,2079,Labeling and processing cardboard pieces,Cutting cardboard pieces,Removing old shelf labels,0.0018932073144242167,0
long_80f_stride40:9c553886-83c5-4dc4-be5c-dcb269b3a771__ep2:qa:39,9c553886-83c5-4dc4-be5c-dcb269b3a771__ep2,test,2040,2119,Labeling and processing cardboard pieces,Cutting cardboard pieces,Labeling and placing cardboard squares,0.0018993210978806019,0
long_80f_stride40:9c553886-83c5-4dc4-be5c-dcb269b3a771__ep2:qa:40,9c553886-83c5-4dc4-be5c-dcb269b3a771__ep2,test,2080,2159,Labeling and processing cardboard pieces,Cutting cardboard pieces,Labeling and placing cardboard squares,0.001913826446980238,0
long_80f_stride40:9c553886-83c5-4dc4-be5c-dcb269b3a771__ep2:qa:41,9c553886-83c5-4dc4-be5c-dcb269b3a771__ep2,test,2120,2199,Labeling and processing cardboard pieces,Cutting cardboard pieces,Labeling and placing cardboard squares,0.0019311244832351804,0
long_80f_stride40:9c553886-83c5-4dc4-be5c-dcb269b3a771__ep2:qa:42,9c553886-83c5-4dc4-be5c-dcb269b3a771__ep2,test,2200,2279,Labeling and processing cardboard pieces,Cutting cardboard pieces,Labeling and placing cardboard squares,0.0019598479848355055,0
long_80f_stride40:9c553886-83c5-4dc4-be5c-dcb269b3a771__ep2:qa:43,9c553886-83c5-4dc4-be5c-dcb269b3a771__ep2,test,2240,2319,Labeling and processing cardboard pieces,Cutting cardboard pieces,Labeling and placing cardboard squares,0.0018850091146305203,0
long_80f_stride40:9c553886-83c5-4dc4-be5c-dcb269b3a771__ep2:qa:44,9c553886-83c5-4dc4-be5c-dcb269b3a771__ep2,test,2280,2359,Labeling and processing cardboard pieces,Cutting cardboard pieces,Labeling and placing cardboard square,0.0020123524591326714,0
long_80f_stride40:9c553886-83c5-4dc4-be5c-dcb269b3a771__ep2:qa:45,9c553886-83c5-4dc4-be5c-dcb269b3a771__ep2,test,2320,2399,Labeling and processing cardboard pieces,Cutting cardboard pieces,Labeling and placing cardboard square,0.0018814513459801674,0
long_80f_stride40:9c553886-83c5-4dc4-be5c-dcb269b3a771__ep2:qa:46,9c553886-83c5-4dc4-be5c-dcb269b3a771__ep2,test,2360,2439,Labeling and processing cardboard pieces,Cutting cardboard pieces,Cut light green fabric,0.0018741769017651677,0
long_80f_stride40:9c553886-83c5-4dc4-be5c-dcb269b3a771__ep2:qa:47,9c553886-83c5-4dc4-be5c-dcb269b3a771__ep2,test,2400,2479,Labeling and processing cardboard pieces,Cutting cardboard pieces,Positioning cardboard pieces,0.0018908190540969372,0
long_80f_stride40:9c553886-83c5-4dc4-be5c-dcb269b3a771__ep2:qa:48,9c553886-83c5-4dc4-be5c-dcb269b3a771__ep2,test,2440,2519,Labeling and processing cardboard pieces,Cutting cardboard pieces,Removing old shelf labels,0.0018569760723039508,0
long_80f_stride40:9c553886-83c5-4dc4-be5c-dcb269b3a771__ep2:qa:49,9c553886-83c5-4dc4-be5c-dcb269b3a771__ep2,test,2480,2559,Labeling and processing cardboard pieces,Cutting cardboard pieces,Labeling and placing cardboard square,0.0018767880974337459,0
long_80f_stride40:9c553886-83c5-4dc4-be5c-dcb269b3a771__ep2:qa:50,9c553886-83c5-4dc4-be5c-dcb269b3a771__ep2,test,2520,2599,Labeling and processing cardboard pieces,Cutting cardboard pieces,Cutting cardboard,0.001878144801594317,0
long_80f_stride40:9c553886-83c5-4dc4-be5c-dcb269b3a771__ep2:qa:51,9c553886-83c5-4dc4-be5c-dcb269b3a771__ep2,test,2560,2639,Labeling and processing cardboard pieces,Cutting cardboard pieces,Removing old shelf labels,0.0018433971563354135,0
long_80f_stride40:9c553886-83c5-4dc4-be5c-dcb269b3a771__ep2:qa:52,9c553886-83c5-4dc4-be5c-dcb269b3a771__ep2,test,2600,2679,Labeling and processing cardboard pieces,Cutting cardboard pieces,Removing old shelf labels,0.0018594294087961316,0
long_80f_stride40:9c553886-83c5-4dc4-be5c-dcb269b3a771__ep2:qa:53,9c553886-83c5-4dc4-be5c-dcb269b3a771__ep2,test,2640,2719,Labeling and processing cardboard pieces,Cutting cardboard pieces,Removing old shelf labels,0.0018562847981229424,0
long_80f_stride40:9c553886-83c5-4dc4-be5c-dcb269b3a771__ep2:qa:54,9c553886-83c5-4dc4-be5c-dcb269b3a771__ep2,test,2680,2759,Labeling and processing cardboard pieces,Cutting cardboard pieces,Labeling cardboard squares,0.0018658054759725928,0
long_80f_stride40:9c553886-83c5-4dc4-be5c-dcb269b3a771__ep2:qa:55,9c553886-83c5-4dc4-be5c-dcb269b3a771__ep2,test,2720,2799,Labeling and processing cardboard pieces,Cutting cardboard pieces,Labeling and placing cardboard square,0.0019401104655116796,0
long_80f_stride40:9c553886-83c5-4dc4-be5c-dcb269b3a771__ep2:qa:56,9c553886-83c5-4dc4-be5c-dcb269b3a771__ep2,test,2760,2839,Labeling and processing cardboard pieces,Cutting cardboard pieces,Finish and place origami star,0.0019648345187306404,0
long_80f_stride40:9c553886-83c5-4dc4-be5c-dcb269b3a771__ep2:qa:57,9c553886-83c5-4dc4-be5c-dcb269b3a771__ep2,test,2800,2879,Labeling and processing cardboard pieces,Cutting cardboard pieces,Removing old shelf labels,0.0018733987817540765,0
long_80f_stride40:9c553886-83c5-4dc4-be5c-dcb269b3a771__ep2:qa:58,9c553886-83c5-4dc4-be5c-dcb269b3a771__ep2,test,2840,2919,Labeling and processing cardboard pieces,Labeling cardboard pieces,Removing old shelf labels,0.001878686249256134,0
long_80f_stride40:9c553886-83c5-4dc4-be5c-dcb269b3a771__ep2:qa:59,9c553886-83c5-4dc4-be5c-dcb269b3a771__ep2,test,2880,2959,Labeling and processing cardboard pieces,Labeling cardboard pieces,Labeling and switching markers,0.0018605453660711646,0
long_80f_stride40:9c553886-83c5-4dc4-be5c-dcb269b3a771__ep2:qa:60,9c553886-83c5-4dc4-be5c-dcb269b3a771__ep2,test,2920,2999,Labeling and processing cardboard pieces,Labeling cardboard pieces,Labeling and switching markers,0.0018923351308330894,0
long_80f_stride40:9c553886-83c5-4dc4-be5c-dcb269b3a771__ep2:qa:61,9c553886-83c5-4dc4-be5c-dcb269b3a771__ep2,test,3000,3079,Labeling and processing cardboard pieces,Labeling cardboard pieces,Removing old shelf labels,0.0018596723675727844,0
long_80f_stride40:9c553886-83c5-4dc4-be5c-dcb269b3a771__ep2:qa:62,9c553886-83c5-4dc4-be5c-dcb269b3a771__ep2,test,3040,3119,Labeling and processing cardboard pieces,Labeling cardboard pieces,Removing old shelf labels,0.0018639269983395934,0
long_80f_stride40:9c553886-83c5-4dc4-be5c-dcb269b3a771__ep2:qa:63,9c553886-83c5-4dc4-be5c-dcb269b3a771__ep2,test,3080,3159,Labeling and processing cardboard pieces,Labeling cardboard pieces,Removing old shelf labels,0.0018572135595604777,0
long_80f_stride40:9c553886-83c5-4dc4-be5c-dcb269b3a771__ep2:qa:64,9c553886-83c5-4dc4-be5c-dcb269b3a771__ep2,test,3120,3199,Labeling and processing cardboard pieces,Labeling cardboard pieces,Removing old shelf labels,0.0018527260981500149,0
long_80f_stride40:9c553886-83c5-4dc4-be5c-dcb269b3a771__ep2:qa:65,9c553886-83c5-4dc4-be5c-dcb269b3a771__ep2,test,3160,3239,Labeling and processing cardboard pieces,Labeling cardboard pieces,Positioning cardboard pieces,0.0018513697432354093,0
long_80f_stride40:9c553886-83c5-4dc4-be5c-dcb269b3a771__ep2:qa:66,9c553886-83c5-4dc4-be5c-dcb269b3a771__ep2,test,3200,3279,Labeling and processing cardboard pieces,Labeling cardboard pieces,unknown,0.0018792158225551248,0
long_80f_stride40:9c553886-83c5-4dc4-be5c-dcb269b3a771__ep2:qa:67,9c553886-83c5-4dc4-be5c-dcb269b3a771__ep2,test,3240,3319,Labeling and processing cardboard pieces,Labeling cardboard pieces,Labeling and placing cardboard square,0.00186879129614681,0
long_80f_stride40:9c553886-83c5-4dc4-be5c-dcb269b3a771__ep2:qa:68,9c553886-83c5-4dc4-be5c-dcb269b3a771__ep2,test,3280,3359,Labeling and processing cardboard pieces,Labeling cardboard pieces,Removing old shelf labels,0.0018515563569962978,0
long_80f_stride40:9c553886-83c5-4dc4-be5c-dcb269b3a771__ep2:qa:69,9c553886-83c5-4dc4-be5c-dcb269b3a771__ep2,test,3320,3399,Labeling and processing cardboard pieces,Labeling cardboard pieces,Removing old shelf labels,0.0018551858374848962,0
long_80f_stride40:9c553886-83c5-4dc4-be5c-dcb269b3a771__ep2:qa:70,9c553886-83c5-4dc4-be5c-dcb269b3a771__ep2,test,3400,3479,Labeling and processing cardboard pieces,Labeling cardboard pieces,Labeling and switching markers,0.0019204531563445926,0
long_80f_stride40:9c553886-83c5-4dc4-be5c-dcb269b3a771__ep2:qa:71,9c553886-83c5-4dc4-be5c-dcb269b3a771__ep2,test,3440,3519,Labeling and processing cardboard pieces,Labeling cardboard pieces,Labeling and switching markers,0.0020215476397424936,0
long_80f_stride40:9c553886-83c5-4dc4-be5c-dcb269b3a771__ep2:qa:72,9c553886-83c5-4dc4-be5c-dcb269b3a771__ep2,test,3480,3559,Labeling and processing cardboard pieces,Labeling cardboard pieces,Removing old shelf labels,0.0019311984069645405,0
long_80f_stride40:9c553886-83c5-4dc4-be5c-dcb269b3a771__ep2:qa:73,9c553886-83c5-4dc4-be5c-dcb269b3a771__ep2,test,3520,3599,Labeling and processing cardboard pieces,Labeling cardboard pieces,Labeling and switching markers,0.0018835687078535557,0
long_80f_stride40:9c553886-83c5-4dc4-be5c-dcb269b3a771__ep2:qa:74,9c553886-83c5-4dc4-be5c-dcb269b3a771__ep2,test,3560,3639,Labeling and processing cardboard pieces,Labeling cardboard pieces,Labeling and switching markers,0.0018927421187981963,0
long_80f_stride40:9c553886-83c5-4dc4-be5c-dcb269b3a771__ep2:qa:75,9c553886-83c5-4dc4-be5c-dcb269b3a771__ep2,test,3600,3679,Labeling and processing cardboard pieces,Labeling cardboard pieces,Labeling and switching markers,0.001905005075968802,0
long_80f_stride40:9c553886-83c5-4dc4-be5c-dcb269b3a771__ep2:qa:76,9c553886-83c5-4dc4-be5c-dcb269b3a771__ep2,test,3640,3719,Labeling and processing cardboard pieces,Labeling cardboard pieces,Adjusting and folding cardboard,0.0018587440717965364,0
long_80f_stride40:9c553886-83c5-4dc4-be5c-dcb269b3a771__ep2:qa:77,9c553886-83c5-4dc4-be5c-dcb269b3a771__ep2,test,3680,3759,Labeling and processing cardboard pieces,Labeling cardboard pieces,Labeling and retrieving cardboard pieces,0.002087118336930871,0
long_80f_stride40:9c553886-83c5-4dc4-be5c-dcb269b3a771__ep2:qa:78,9c553886-83c5-4dc4-be5c-dcb269b3a771__ep2,test,3720,3799,Labeling and processing cardboard pieces,Labeling cardboard pieces,Positioning cardboard pieces,0.0018635377055034041,0
long_80f_stride40:9c553886-83c5-4dc4-be5c-dcb269b3a771__ep2:qa:79,9c553886-83c5-4dc4-be5c-dcb269b3a771__ep2,test,3800,3879,Labeling and processing cardboard pieces,Labeling cardboard pieces,unknown,0.0019066198728978634,0
long_80f_stride40:9c553886-83c5-4dc4-be5c-dcb269b3a771__ep2:qa:80,9c553886-83c5-4dc4-be5c-dcb269b3a771__ep2,test,3840,3919,Labeling and processing cardboard pieces,Labeling cardboard pieces,Positioning cardboard pieces,0.0018864431185647845,0
long_80f_stride40:9c553886-83c5-4dc4-be5c-dcb269b3a771__ep2:qa:81,9c553886-83c5-4dc4-be5c-dcb269b3a771__ep2,test,3880,3959,Labeling and processing cardboard pieces,Labeling cardboard pieces,Labeling and retrieving cardboard pieces,0.001935420441441238,0
long_80f_stride40:9c553886-83c5-4dc4-be5c-dcb269b3a771__ep2:qa:82,9c553886-83c5-4dc4-be5c-dcb269b3a771__ep2,test,3920,3999,Labeling and processing cardboard pieces,Labeling cardboard pieces,Positioning cardboard pieces,0.001923561212606728,0
long_80f_stride40:9c553886-83c5-4dc4-be5c-dcb269b3a771__ep2:qa:83,9c553886-83c5-4dc4-be5c-dcb269b3a771__ep2,test,3960,4039,Labeling and processing cardboard pieces,Labeling cardboard pieces,Positioning cardboard pieces,0.0019202399998903275,0
long_80f_stride40:9c553886-83c5-4dc4-be5c-dcb269b3a771__ep2:qa:84,9c553886-83c5-4dc4-be5c-dcb269b3a771__ep2,test,4000,4079,Labeling and processing cardboard pieces,Labeling cardboard pieces,Positioning cardboard pieces,0.0019349507056176662,0
long_80f_stride40:9c553886-83c5-4dc4-be5c-dcb269b3a771__ep2:qa:85,9c553886-83c5-4dc4-be5c-dcb269b3a771__ep2,test,4040,4119,Labeling and processing cardboard pieces,Labeling cardboard pieces,Positioning cardboard pieces,0.0018880779389292002,0
long_80f_stride40:9c553886-83c5-4dc4-be5c-dcb269b3a771__ep2:qa:86,9c553886-83c5-4dc4-be5c-dcb269b3a771__ep2,test,4080,4159,Labeling and processing cardboard pieces,Labeling cardboard pieces,Positioning cardboard pieces,0.0018916538683697581,0
long_80f_stride40:9c553886-83c5-4dc4-be5c-dcb269b3a771__ep2:qa:98,9c553886-83c5-4dc4-be5c-dcb269b3a771__ep2,test,4600,4679,Labeling and processing cardboard pieces,Labeling cardboard pieces,Marking cardboard with pen,0.0018549617379903793,0
long_80f_stride40:9c553886-83c5-4dc4-be5c-dcb269b3a771__ep2:qa:99,9c553886-83c5-4dc4-be5c-dcb269b3a771__ep2,test,4640,4719,Labeling and processing cardboard pieces,Labeling cardboard pieces,Cutting and stacking cardboard pieces,0.0021002870053052902,0
long_80f_stride40:9c553886-83c5-4dc4-be5c-dcb269b3a771__ep2:qa:100,9c553886-83c5-4dc4-be5c-dcb269b3a771__ep2,test,4680,4759,Labeling and processing cardboard pieces,Labeling cardboard pieces,Adjusting and folding cardboard,0.002072794595733285,0
long_80f_stride40:9c553886-83c5-4dc4-be5c-dcb269b3a771__ep2:qa:101,9c553886-83c5-4dc4-be5c-dcb269b3a771__ep2,test,4720,4799,Labeling and processing cardboard pieces,Labeling cardboard pieces,Adjusting and folding cardboard,0.0018708424177020788,0
long_80f_stride40:9c553886-83c5-4dc4-be5c-dcb269b3a771__ep2:qa:119,9c553886-83c5-4dc4-be5c-dcb269b3a771__ep2,test,5520,5599,Labeling and processing cardboard pieces,Labeling cardboard pieces,Positioning cardboard pieces,0.0018503296887502074,0
long_80f_stride40:9c553886-83c5-4dc4-be5c-dcb269b3a771__ep2:qa:120,9c553886-83c5-4dc4-be5c-dcb269b3a771__ep2,test,5560,5639,Labeling and processing cardboard pieces,Labeling cardboard pieces,Sort Mahjong tiles,0.001943100243806839,0
long_80f_stride40:9c553886-83c5-4dc4-be5c-dcb269b3a771__ep2:qa:121,9c553886-83c5-4dc4-be5c-dcb269b3a771__ep2,test,5640,5719,Labeling and processing cardboard pieces,Labeling cardboard pieces,Placing cardboard piece,0.0019415754359215498,0
long_80f_stride40:9c553886-83c5-4dc4-be5c-dcb269b3a771__ep2:qa:122,9c553886-83c5-4dc4-be5c-dcb269b3a771__ep2,test,5680,5759,Labeling and processing cardboard pieces,Observing and pausing,Labeling and placing cardboard squares,0.0018955122213810682,0
long_80f_stride40:9c553886-83c5-4dc4-be5c-dcb269b3a771__ep2:qa:123,9c553886-83c5-4dc4-be5c-dcb269b3a771__ep2,test,5720,5799,Labeling and processing cardboard pieces,Observing and pausing,Positioning cardboard pieces,0.0018680115463212132,0
long_80f_stride40:34f07a04-eb37-45a3-95ec-189ed5f4a85b__ep5:qa:0,34f07a04-eb37-45a3-95ec-189ed5f4a85b__ep5,test,0,79,Stocking shelves in a retail store,Placing canned goods on the shelf,Picking and stocking items from container,0.0021890634670853615,0
long_80f_stride40:34f07a04-eb37-45a3-95ec-189ed5f4a85b__ep5:qa:1,34f07a04-eb37-45a3-95ec-189ed5f4a85b__ep5,test,40,119,Stocking shelves in a retail store,Placing canned goods on the shelf,Picking and stocking items from container,0.0021268639247864485,0
long_80f_stride40:34f07a04-eb37-45a3-95ec-189ed5f4a85b__ep5:qa:2,34f07a04-eb37-45a3-95ec-189ed5f4a85b__ep5,test,80,159,Stocking shelves in a retail store,Placing canned goods on the shelf,Picking and stocking items from container,0.002219351939857006,0
long_80f_stride40:34f07a04-eb37-45a3-95ec-189ed5f4a85b__ep5:qa:3,34f07a04-eb37-45a3-95ec-189ed5f4a85b__ep5,test,120,199,Stocking shelves in a retail store,Placing canned goods on the shelf,Stocking items and reaching for container,0.002148754894733429,0
long_80f_stride40:34f07a04-eb37-45a3-95ec-189ed5f4a85b__ep5:qa:4,34f07a04-eb37-45a3-95ec-189ed5f4a85b__ep5,test,160,239,Stocking shelves in a retail store,Placing canned goods on the shelf,Moving container and stocking items,0.0021076160483062267,0
long_80f_stride40:34f07a04-eb37-45a3-95ec-189ed5f4a85b__ep5:qa:5,34f07a04-eb37-45a3-95ec-189ed5f4a85b__ep5,test,240,319,Stocking shelves in a retail store,Placing canned goods on the shelf,Stocking items and carrying container,0.0021945033222436905,0
long_80f_stride40:34f07a04-eb37-45a3-95ec-189ed5f4a85b__ep5:qa:6,34f07a04-eb37-45a3-95ec-189ed5f4a85b__ep5,test,280,359,Stocking shelves in a retail store,Placing canned goods on the shelf,Stocking items and carrying container,0.002196735702455044,0
long_80f_stride40:34f07a04-eb37-45a3-95ec-189ed5f4a85b__ep5:qa:7,34f07a04-eb37-45a3-95ec-189ed5f4a85b__ep5,test,320,399,Stocking shelves in a retail store,Placing canned goods on the shelf,Stocking items and carrying container,0.0021616837475448847,0
long_80f_stride40:34f07a04-eb37-45a3-95ec-189ed5f4a85b__ep5:qa:8,34f07a04-eb37-45a3-95ec-189ed5f4a85b__ep5,test,400,479,Stocking shelves in a retail store,Placing canned goods on the shelf,Stocking items and carrying container,0.0020941479597240686,0
long_80f_stride40:34f07a04-eb37-45a3-95ec-189ed5f4a85b__ep5:qa:9,34f07a04-eb37-45a3-95ec-189ed5f4a85b__ep5,test,440,519,Stocking shelves in a retail store,Placing canned goods on the shelf,Stocking items and reaching for container,0.002082950435578823,0
long_80f_stride40:34f07a04-eb37-45a3-95ec-189ed5f4a85b__ep5:qa:10,34f07a04-eb37-45a3-95ec-189ed5f4a85b__ep5,test,480,559,Stocking shelves in a retail store,Placing canned goods on the shelf,Stocking items and carrying container,0.00211001536808908,0
long_80f_stride40:34f07a04-eb37-45a3-95ec-189ed5f4a85b__ep5:qa:11,34f07a04-eb37-45a3-95ec-189ed5f4a85b__ep5,test,560,639,Stocking shelves in a retail store,Placing canned goods on the shelf,Stocking items and reaching for container,0.0021476547699421644,0
long_80f_stride40:34f07a04-eb37-45a3-95ec-189ed5f4a85b__ep5:qa:12,34f07a04-eb37-45a3-95ec-189ed5f4a85b__ep5,test,600,679,Stocking shelves in a retail store,Placing canned goods on the shelf,Stocking items and carrying container,0.002179844072088599,0
long_80f_stride40:34f07a04-eb37-45a3-95ec-189ed5f4a85b__ep5:qa:13,34f07a04-eb37-45a3-95ec-189ed5f4a85b__ep5,test,640,719,Stocking shelves in a retail store,Placing canned goods on the shelf,Stocking items and carrying container,0.0021680756472051144,0
long_80f_stride40:34f07a04-eb37-45a3-95ec-189ed5f4a85b__ep5:qa:14,34f07a04-eb37-45a3-95ec-189ed5f4a85b__ep5,test,680,759,Stocking shelves in a retail store,Placing canned goods on the shelf,Stocking items and reaching for container,0.0020684096962213516,0
long_80f_stride40:34f07a04-eb37-45a3-95ec-189ed5f4a85b__ep5:qa:15,34f07a04-eb37-45a3-95ec-189ed5f4a85b__ep5,test,720,799,Stocking shelves in a retail store,Placing canned goods on the shelf,Positioning the container on the floor,0.002279908861964941,0
long_80f_stride40:34f07a04-eb37-45a3-95ec-189ed5f4a85b__ep5:qa:16,34f07a04-eb37-45a3-95ec-189ed5f4a85b__ep5,test,800,879,Stocking shelves in a retail store,Placing canned goods on the shelf,Positioning the container on the floor,0.0021832638885825872,0
long_80f_stride40:34f07a04-eb37-45a3-95ec-189ed5f4a85b__ep5:qa:17,34f07a04-eb37-45a3-95ec-189ed5f4a85b__ep5,test,880,959,Stocking shelves in a retail store,Retrieving and placing canned goods,Moving container and stocking items,0.0021583831403404474,0
long_80f_stride40:34f07a04-eb37-45a3-95ec-189ed5f4a85b__ep5:qa:18,34f07a04-eb37-45a3-95ec-189ed5f4a85b__ep5,test,920,999,Stocking shelves in a retail store,Retrieving and placing canned goods,Moving container and stocking items,0.002391756046563387,0
long_80f_stride40:34f07a04-eb37-45a3-95ec-189ed5f4a85b__ep5:qa:19,34f07a04-eb37-45a3-95ec-189ed5f4a85b__ep5,test,1000,1079,Stocking shelves in a retail store,Retrieving and placing canned goods,Moving container and stocking items,0.0021436242386698723,0
long_80f_stride40:34f07a04-eb37-45a3-95ec-189ed5f4a85b__ep5:qa:20,34f07a04-eb37-45a3-95ec-189ed5f4a85b__ep5,test,1080,1159,Stocking shelves in a retail store,Retrieving and placing canned goods,Moving container and stocking items,0.0021008423063904047,0
long_80f_stride40:34f07a04-eb37-45a3-95ec-189ed5f4a85b__ep5:qa:21,34f07a04-eb37-45a3-95ec-189ed5f4a85b__ep5,test,1120,1199,Stocking shelves in a retail store,Retrieving and placing canned goods,Moving container and stocking items,0.0021640798076987267,0
long_80f_stride40:34f07a04-eb37-45a3-95ec-189ed5f4a85b__ep5:qa:22,34f07a04-eb37-45a3-95ec-189ed5f4a85b__ep5,test,1160,1239,Stocking shelves in a retail store,Retrieving and placing canned goods,Moving container and stocking items,0.0021320090163499117,0
long_80f_stride40:34f07a04-eb37-45a3-95ec-189ed5f4a85b__ep5:qa:23,34f07a04-eb37-45a3-95ec-189ed5f4a85b__ep5,test,1200,1279,Stocking shelves in a retail store,Retrieving and placing canned goods,Stocking items and reaching for container,0.0021905882749706507,0
long_80f_stride40:34f07a04-eb37-45a3-95ec-189ed5f4a85b__ep5:qa:24,34f07a04-eb37-45a3-95ec-189ed5f4a85b__ep5,test,1280,1359,Stocking shelves in a retail store,Reaching into the box for more stock,Handling shipping box,0.002134681213647127,0
long_80f_stride40:34f07a04-eb37-45a3-95ec-189ed5f4a85b__ep5:qa:25,34f07a04-eb37-45a3-95ec-189ed5f4a85b__ep5,test,1320,1399,Stocking shelves in a retail store,Reaching into the box for more stock,Stocking items and reaching for container,0.0022416040301322937,0
long_80f_stride40:34f07a04-eb37-45a3-95ec-189ed5f4a85b__ep5:qa:26,34f07a04-eb37-45a3-95ec-189ed5f4a85b__ep5,test,1400,1479,Stocking shelves in a retail store,Reaching into the box for more stock,Stocking items and reaching for container,0.0021652746945619583,0
long_80f_stride40:34f07a04-eb37-45a3-95ec-189ed5f4a85b__ep5:qa:27,34f07a04-eb37-45a3-95ec-189ed5f4a85b__ep5,test,1440,1519,Stocking shelves in a retail store,Reaching into the box for more stock,Retrieving and shelving container,0.002049872651696205,0
long_80f_stride40:34f07a04-eb37-45a3-95ec-189ed5f4a85b__ep5:qa:28,34f07a04-eb37-45a3-95ec-189ed5f4a85b__ep5,test,1480,1559,Stocking shelves in a retail store,Reaching into the box for more stock,Retrieving and shelving container,0.002055853372439742,0
long_80f_stride40:34f07a04-eb37-45a3-95ec-189ed5f4a85b__ep5:qa:29,34f07a04-eb37-45a3-95ec-189ed5f4a85b__ep5,test,1520,1599,Stocking shelves in a retail store,Reaching into the box for more stock,Stocking items and reaching for container,0.0021371871698647738,0
long_80f_stride40:34f07a04-eb37-45a3-95ec-189ed5f4a85b__ep5:qa:30,34f07a04-eb37-45a3-95ec-189ed5f4a85b__ep5,test,1560,1639,Stocking shelves in a retail store,Reaching into the box for more stock,Retrieving and shelving container,0.0021281111985445023,0
long_80f_stride40:34f07a04-eb37-45a3-95ec-189ed5f4a85b__ep5:qa:31,34f07a04-eb37-45a3-95ec-189ed5f4a85b__ep5,test,1640,1719,Stocking shelves in a retail store,Reaching into the box for more stock,Retrieving and shelving container,0.002151990309357643,0
long_80f_stride40:34f07a04-eb37-45a3-95ec-189ed5f4a85b__ep5:qa:32,34f07a04-eb37-45a3-95ec-189ed5f4a85b__ep5,test,1680,1759,Stocking shelves in a retail store,Picking up and placing canned goods,Stocking items and reaching for container,0.002137259114533663,0
long_80f_stride40:34f07a04-eb37-45a3-95ec-189ed5f4a85b__ep5:qa:33,34f07a04-eb37-45a3-95ec-189ed5f4a85b__ep5,test,1720,1799,Stocking shelves in a retail store,Picking up and placing canned goods,Stocking items and reaching for container,0.002222262090072036,0
long_80f_stride40:34f07a04-eb37-45a3-95ec-189ed5f4a85b__ep5:qa:34,34f07a04-eb37-45a3-95ec-189ed5f4a85b__ep5,test,1800,1879,Stocking shelves in a retail store,Picking up and placing canned goods,Stocking items and reaching for container,0.0021389778703451157,0
long_80f_stride40:34f07a04-eb37-45a3-95ec-189ed5f4a85b__ep5:qa:35,34f07a04-eb37-45a3-95ec-189ed5f4a85b__ep5,test,1880,1959,Stocking shelves in a retail store,Placing and retrieving canned goods,Stocking items and reaching for container,0.0021191746927797794,0
long_80f_stride40:34f07a04-eb37-45a3-95ec-189ed5f4a85b__ep5:qa:36,34f07a04-eb37-45a3-95ec-189ed5f4a85b__ep5,test,1920,1999,Stocking shelves in a retail store,Placing and retrieving canned goods,Stocking items and reaching for container,0.0021104980260133743,0
long_80f_stride40:34f07a04-eb37-45a3-95ec-189ed5f4a85b__ep5:qa:37,34f07a04-eb37-45a3-95ec-189ed5f4a85b__ep5,test,1960,2039,Stocking shelves in a retail store,Placing and retrieving canned goods,Stocking items and reaching for container,0.0021023915614932775,0
long_80f_stride40:34f07a04-eb37-45a3-95ec-189ed5f4a85b__ep5:qa:38,34f07a04-eb37-45a3-95ec-189ed5f4a85b__ep5,test,2000,2079,Stocking shelves in a retail store,Placing and retrieving canned goods,Stocking items and reaching for container,0.0021381310652941465,0
long_80f_stride40:34f07a04-eb37-45a3-95ec-189ed5f4a85b__ep5:qa:39,34f07a04-eb37-45a3-95ec-189ed5f4a85b__ep5,test,2040,2119,Stocking shelves in a retail store,Placing and retrieving canned goods,Stocking items and reaching for container,0.002125728176906705,0
long_80f_stride40:34f07a04-eb37-45a3-95ec-189ed5f4a85b__ep5:qa:40,34f07a04-eb37-45a3-95ec-189ed5f4a85b__ep5,test,2120,2199,Stocking shelves in a retail store,Placing and retrieving canned goods,Stocking items and reaching for container,0.002129217376932502,0
long_80f_stride40:34f07a04-eb37-45a3-95ec-189ed5f4a85b__ep5:qa:41,34f07a04-eb37-45a3-95ec-189ed5f4a85b__ep5,test,2160,2239,Stocking shelves in a retail store,Placing and retrieving canned goods,Stocking items and reaching for container,0.00215239729732275,0
long_80f_stride40:34f07a04-eb37-45a3-95ec-189ed5f4a85b__ep5:qa:42,34f07a04-eb37-45a3-95ec-189ed5f4a85b__ep5,test,2200,2279,Stocking shelves in a retail store,Placing and retrieving canned goods,Stocking items and reaching for container,0.0021112668327987194,0
long_80f_stride40:34f07a04-eb37-45a3-95ec-189ed5f4a85b__ep5:qa:43,34f07a04-eb37-45a3-95ec-189ed5f4a85b__ep5,test,2240,2319,Stocking shelves in a retail store,Placing canned goods on the shelf,Stocking items and reaching for container,0.002073237206786871,0
long_80f_stride40:34f07a04-eb37-45a3-95ec-189ed5f4a85b__ep5:qa:44,34f07a04-eb37-45a3-95ec-189ed5f4a85b__ep5,test,2280,2359,Stocking shelves in a retail store,Placing canned goods on the shelf,Placing items on shelf and moving box,0.002203875221312046,0
long_80f_stride40:34f07a04-eb37-45a3-95ec-189ed5f4a85b__ep5:qa:45,34f07a04-eb37-45a3-95ec-189ed5f4a85b__ep5,test,2320,2399,Stocking shelves in a retail store,Placing canned goods on the shelf,Stocking items and reaching for container,0.002124244812875986,0
long_80f_stride40:34f07a04-eb37-45a3-95ec-189ed5f4a85b__ep5:qa:46,34f07a04-eb37-45a3-95ec-189ed5f4a85b__ep5,test,2400,2479,Stocking shelves in a retail store,Placing canned goods on the shelf,Stocking items and reaching for container,0.0021132039837539196,0
long_80f_stride40:34f07a04-eb37-45a3-95ec-189ed5f4a85b__ep5:qa:47,34f07a04-eb37-45a3-95ec-189ed5f4a85b__ep5,test,2440,2519,Stocking shelves in a retail store,Placing canned goods on the shelf,Stocking items and reaching for container,0.002089852001518011,0
long_80f_stride40:34f07a04-eb37-45a3-95ec-189ed5f4a85b__ep5:qa:48,34f07a04-eb37-45a3-95ec-189ed5f4a85b__ep5,test,2480,2559,Stocking shelves in a retail store,Placing canned goods on the shelf,Stocking items and reaching for container,0.0021036623511463404,0
long_80f_stride40:34f07a04-eb37-45a3-95ec-189ed5f4a85b__ep5:qa:49,34f07a04-eb37-45a3-95ec-189ed5f4a85b__ep5,test,2520,2599,Stocking shelves in a retail store,Placing canned goods on the shelf,Placing container on floor,0.0020522268023341894,0
long_80f_stride40:34f07a04-eb37-45a3-95ec-189ed5f4a85b__ep5:qa:50,34f07a04-eb37-45a3-95ec-189ed5f4a85b__ep5,test,2560,2639,Stocking shelves in a retail store,Placing canned goods on the shelf,Placing container on floor,0.0020714402198791504,0
long_80f_stride40:34f07a04-eb37-45a3-95ec-189ed5f4a85b__ep5:qa:51,34f07a04-eb37-45a3-95ec-189ed5f4a85b__ep5,test,2600,2679,Stocking shelves in a retail store,Placing canned goods on the shelf,Stocking items and reaching for container,0.002079693367704749,0
long_80f_stride40:34f07a04-eb37-45a3-95ec-189ed5f4a85b__ep5:qa:52,34f07a04-eb37-45a3-95ec-189ed5f4a85b__ep5,test,2640,2719,Stocking shelves in a retail store,Aligning canned goods on the shelf,Stocking items and reaching for container,0.002037293976172805,0
long_80f_stride40:34f07a04-eb37-45a3-95ec-189ed5f4a85b__ep5:qa:53,34f07a04-eb37-45a3-95ec-189ed5f4a85b__ep5,test,2680,2759,Stocking shelves in a retail store,Aligning canned goods on the shelf,Stocking items and reaching for container,0.0020649521611630917,0
long_80f_stride40:34f07a04-eb37-45a3-95ec-189ed5f4a85b__ep5:qa:54,34f07a04-eb37-45a3-95ec-189ed5f4a85b__ep5,test,2720,2799,Stocking shelves in a retail store,Aligning canned goods on the shelf,Stocking items and reaching for container,0.002065143780782819,0
long_80f_stride40:34f07a04-eb37-45a3-95ec-189ed5f4a85b__ep5:qa:55,34f07a04-eb37-45a3-95ec-189ed5f4a85b__ep5,test,2800,2879,Stocking shelves in a retail store,Aligning canned goods on the shelf,Placing container on floor,0.002157343551516533,0
long_80f_stride40:34f07a04-eb37-45a3-95ec-189ed5f4a85b__ep5:qa:56,34f07a04-eb37-45a3-95ec-189ed5f4a85b__ep5,test,2840,2919,Stocking shelves in a retail store,Stocking multiple cans on the shelf,Stocking items and reaching for container,0.002129600616171956,0
long_80f_stride40:34f07a04-eb37-45a3-95ec-189ed5f4a85b__ep5:qa:57,34f07a04-eb37-45a3-95ec-189ed5f4a85b__ep5,test,2880,2959,Stocking shelves in a retail store,Stocking multiple cans on the shelf,Stocking items and reaching for container,0.002043998334556818,0
long_80f_stride40:34f07a04-eb37-45a3-95ec-189ed5f4a85b__ep5:qa:58,34f07a04-eb37-45a3-95ec-189ed5f4a85b__ep5,test,2920,2999,Stocking shelves in a retail store,Stocking multiple cans on the shelf,Preparing container on shelf,0.0021227668039500713,0
long_80f_stride40:34f07a04-eb37-45a3-95ec-189ed5f4a85b__ep5:qa:59,34f07a04-eb37-45a3-95ec-189ed5f4a85b__ep5,test,3000,3079,Stocking shelves in a retail store,Stocking multiple cans on the shelf,Preparing container on shelf,0.002118074567988515,0
long_80f_stride40:34f07a04-eb37-45a3-95ec-189ed5f4a85b__ep5:qa:60,34f07a04-eb37-45a3-95ec-189ed5f4a85b__ep5,test,3080,3159,Stocking shelves in a retail store,Stocking multiple cans on the shelf,Preparing container on shelf,0.0020838005002588034,0
long_80f_stride40:34f07a04-eb37-45a3-95ec-189ed5f4a85b__ep5:qa:61,34f07a04-eb37-45a3-95ec-189ed5f4a85b__ep5,test,3120,3199,Stocking shelves in a retail store,Stocking multiple cans on the shelf,Preparing container on shelf,0.0021593410056084394,0
long_80f_stride40:34f07a04-eb37-45a3-95ec-189ed5f4a85b__ep5:qa:62,34f07a04-eb37-45a3-95ec-189ed5f4a85b__ep5,test,3200,3279,Stocking shelves in a retail store,Stocking multiple cans on the shelf,Preparing container on shelf,0.002078970894217491,0
long_80f_stride40:34f07a04-eb37-45a3-95ec-189ed5f4a85b__ep5:qa:63,34f07a04-eb37-45a3-95ec-189ed5f4a85b__ep5,test,3240,3319,Stocking shelves in a retail store,Stocking multiple cans on the shelf,Preparing container on shelf,0.002126834122464061,0
long_80f_stride40:34f07a04-eb37-45a3-95ec-189ed5f4a85b__ep5:qa:64,34f07a04-eb37-45a3-95ec-189ed5f4a85b__ep5,test,3320,3399,Stocking shelves in a retail store,Placing canned goods on the shelf,Organizing canned goods in container,0.0021085713524371386,0
long_80f_stride40:34f07a04-eb37-45a3-95ec-189ed5f4a85b__ep5:qa:65,34f07a04-eb37-45a3-95ec-189ed5f4a85b__ep5,test,3400,3479,Stocking shelves in a retail store,Placing canned goods on the shelf,Organizing canned goods in container,0.002116832183673978,0
long_80f_stride40:34f07a04-eb37-45a3-95ec-189ed5f4a85b__ep5:qa:66,34f07a04-eb37-45a3-95ec-189ed5f4a85b__ep5,test,3440,3519,Stocking shelves in a retail store,Placing canned goods on the shelf,Organizing canned goods in container,0.002073089824989438,0
long_80f_stride40:34f07a04-eb37-45a3-95ec-189ed5f4a85b__ep5:qa:67,34f07a04-eb37-45a3-95ec-189ed5f4a85b__ep5,test,3480,3559,Stocking shelves in a retail store,Placing canned goods on the shelf,Stocking items and reaching for container,0.00209683645516634,0
long_80f_stride40:34f07a04-eb37-45a3-95ec-189ed5f4a85b__ep5:qa:68,34f07a04-eb37-45a3-95ec-189ed5f4a85b__ep5,test,3520,3599,Stocking shelves in a retail store,Placing canned goods on the shelf,Stocking items and reaching for container,0.002078022575005889,0
long_80f_stride40:34f07a04-eb37-45a3-95ec-189ed5f4a85b__ep5:qa:69,34f07a04-eb37-45a3-95ec-189ed5f4a85b__ep5,test,3560,3639,Stocking shelves in a retail store,Placing canned goods on the shelf,Organizing canned goods in container,0.0020835655741393566,0
long_80f_stride40:34f07a04-eb37-45a3-95ec-189ed5f4a85b__ep5:qa:70,34f07a04-eb37-45a3-95ec-189ed5f4a85b__ep5,test,3600,3679,Stocking shelves in a retail store,Adjusting stock and finishing placement,Organizing canned goods in container,0.0021694584283977747,0
long_80f_stride40:34f07a04-eb37-45a3-95ec-189ed5f4a85b__ep5:qa:71,34f07a04-eb37-45a3-95ec-189ed5f4a85b__ep5,test,3640,3719,Stocking shelves in a retail store,Adjusting stock and finishing placement,Organizing canned goods in container,0.002093612914904952,0
long_80f_stride40:34f07a04-eb37-45a3-95ec-189ed5f4a85b__ep5:qa:72,34f07a04-eb37-45a3-95ec-189ed5f4a85b__ep5,test,3680,3759,Stocking shelves in a retail store,Adjusting stock and finishing placement,Cleaning shelves and rearranging products,0.002133144997060299,0
long_80f_stride40:34f07a04-eb37-45a3-95ec-189ed5f4a85b__ep5:qa:74,34f07a04-eb37-45a3-95ec-189ed5f4a85b__ep5,test,3800,3879,Stocking shelves in a retail store,Adjusting stock and finishing placement,Organizing canned goods in container,0.0020616406109184027,0
long_80f_stride40:34f07a04-eb37-45a3-95ec-189ed5f4a85b__ep5:qa:75,34f07a04-eb37-45a3-95ec-189ed5f4a85b__ep5,test,3840,3919,Stocking shelves in a retail store,Adjusting stock and finishing placement,Stocking items and reaching for container,0.0020656653214246035,0
long_80f_stride40:34f07a04-eb37-45a3-95ec-189ed5f4a85b__ep5:qa:76,34f07a04-eb37-45a3-95ec-189ed5f4a85b__ep5,test,3880,3959,Stocking shelves in a retail store,Adjusting stock and finishing placement,Stocking items and reaching for container,0.0020767601672559977,0
long_80f_stride40:34f07a04-eb37-45a3-95ec-189ed5f4a85b__ep5:qa:77,34f07a04-eb37-45a3-95ec-189ed5f4a85b__ep5,test,4000,4079,Stocking shelves in a retail store,Finalizing shelf organization,Stocking products from bin onto shelf,0.0020990176126360893,0
long_80f_stride40:34f07a04-eb37-45a3-95ec-189ed5f4a85b__ep5:qa:78,34f07a04-eb37-45a3-95ec-189ed5f4a85b__ep5,test,4040,4119,Stocking shelves in a retail store,Finalizing shelf organization,Stocking items and reaching for container,0.0021041862200945616,0
long_80f_stride40:34f07a04-eb37-45a3-95ec-189ed5f4a85b__ep5:qa:79,34f07a04-eb37-45a3-95ec-189ed5f4a85b__ep5,test,4120,4199,Stocking shelves in a retail store,Finalizing shelf organization,Stocking items and reaching for container,0.0020657251589000225,0
long_80f_stride40:34f07a04-eb37-45a3-95ec-189ed5f4a85b__ep5:qa:80,34f07a04-eb37-45a3-95ec-189ed5f4a85b__ep5,test,4160,4239,Stocking shelves in a retail store,Finalizing shelf organization,Stocking products from bin onto shelf,0.0020309544634073973,0
long_80f_stride40:34f07a04-eb37-45a3-95ec-189ed5f4a85b__ep5:qa:81,34f07a04-eb37-45a3-95ec-189ed5f4a85b__ep5,test,4200,4279,Stocking shelves in a retail store,Finalizing shelf organization,Stocking items and reaching for container,0.002030279254540801,0
long_80f_stride40:34f07a04-eb37-45a3-95ec-189ed5f4a85b__ep5:qa:82,34f07a04-eb37-45a3-95ec-189ed5f4a85b__ep5,test,4240,4319,Stocking shelves in a retail store,Finalizing shelf organization,Stocking items and reaching for container,0.0022028079256415367,0
long_80f_stride40:34f07a04-eb37-45a3-95ec-189ed5f4a85b__ep5:qa:83,34f07a04-eb37-45a3-95ec-189ed5f4a85b__ep5,test,4280,4359,Stocking shelves in a retail store,Finalizing shelf organization,Wiping product jars,0.002159353345632553,0
long_80f_stride40:34f07a04-eb37-45a3-95ec-189ed5f4a85b__ep5:qa:84,34f07a04-eb37-45a3-95ec-189ed5f4a85b__ep5,test,4400,4479,Stocking shelves in a retail store,Handling earbud case,Stocking products and reorganizing bin,0.002187346341088414,0
long_80f_stride40:34f07a04-eb37-45a3-95ec-189ed5f4a85b__ep5:qa:85,34f07a04-eb37-45a3-95ec-189ed5f4a85b__ep5,test,4440,4519,Stocking shelves in a retail store,Handling earbud case,Stocking products and reorganizing bin,0.00216585211455822,0
long_80f_stride40:34f07a04-eb37-45a3-95ec-189ed5f4a85b__ep5:qa:86,34f07a04-eb37-45a3-95ec-189ed5f4a85b__ep5,test,4480,4559,Stocking shelves in a retail store,Handling earbud case,Stocking products and reorganizing bin,0.0021404391154646873,0
long_80f_stride40:34f07a04-eb37-45a3-95ec-189ed5f4a85b__ep5:qa:87,34f07a04-eb37-45a3-95ec-189ed5f4a85b__ep5,test,4520,4599,Stocking shelves in a retail store,Handling earbud case,Placing container on floor,0.0021051685325801373,0
long_80f_stride40:34f07a04-eb37-45a3-95ec-189ed5f4a85b__ep5:qa:88,34f07a04-eb37-45a3-95ec-189ed5f4a85b__ep5,test,4560,4639,Stocking shelves in a retail store,Handling earbud case,Stocking products and reorganizing bin,0.0021707057021558285,0
long_80f_stride40:34f07a04-eb37-45a3-95ec-189ed5f4a85b__ep5:qa:89,34f07a04-eb37-45a3-95ec-189ed5f4a85b__ep5,test,4600,4679,Stocking shelves in a retail store,Handling earbud case,Stocking products and reorganizing bin,0.0021924960892647505,0
long_80f_stride40:34f07a04-eb37-45a3-95ec-189ed5f4a85b__ep5:qa:90,34f07a04-eb37-45a3-95ec-189ed5f4a85b__ep5,test,4640,4719,Stocking shelves in a retail store,Handling earbud case,Stocking products and reorganizing bin,0.00220861635170877,0
long_80f_stride40:34f07a04-eb37-45a3-95ec-189ed5f4a85b__ep5:qa:91,34f07a04-eb37-45a3-95ec-189ed5f4a85b__ep5,test,4720,4799,Stocking shelves in a retail store,Checking smartphone,Finalizing shelf placement and moving bin,0.002130892127752304,0
long_80f_stride40:34f07a04-eb37-45a3-95ec-189ed5f4a85b__ep5:qa:92,34f07a04-eb37-45a3-95ec-189ed5f4a85b__ep5,test,4800,4879,Stocking shelves in a retail store,Checking smartphone,Reaching for products,0.0021558876615017653,0
long_80f_stride40:34f07a04-eb37-45a3-95ec-189ed5f4a85b__ep5:qa:93,34f07a04-eb37-45a3-95ec-189ed5f4a85b__ep5,test,4880,4959,Stocking shelves in a retail store,Checking smartphone,Observing and reaching for products,0.002284012734889984,0
long_80f_stride40:b9dd769b-e31a-4fdb-945e-5a60db6487b0__ep2:qa:0,b9dd769b-e31a-4fdb-945e-5a60db6487b0__ep2,test,0,79,Sorting craft materials,Sort craft materials into piles,folding paper strips into stars,0.0019549932330846786,0
long_80f_stride40:b9dd769b-e31a-4fdb-945e-5a60db6487b0__ep2:qa:1,b9dd769b-e31a-4fdb-945e-5a60db6487b0__ep2,test,40,119,Sorting craft materials,Sort craft materials into piles,folding paper strips into stars,0.001955765299499035,0
long_80f_stride40:b9dd769b-e31a-4fdb-945e-5a60db6487b0__ep2:qa:2,b9dd769b-e31a-4fdb-945e-5a60db6487b0__ep2,test,80,159,Sorting craft materials,Sort craft materials into piles,folding paper strips into stars,0.0019571802113205194,0
long_80f_stride40:b9dd769b-e31a-4fdb-945e-5a60db6487b0__ep2:qa:3,b9dd769b-e31a-4fdb-945e-5a60db6487b0__ep2,test,120,199,Sorting craft materials,Sort craft materials into piles,folding paper strips into stars,0.001956536201760173,0
long_80f_stride40:b9dd769b-e31a-4fdb-945e-5a60db6487b0__ep2:qa:4,b9dd769b-e31a-4fdb-945e-5a60db6487b0__ep2,test,160,239,Sorting craft materials,Sort craft materials into piles,folding paper strips into stars,0.0019532530568540096,0
long_80f_stride40:b9dd769b-e31a-4fdb-945e-5a60db6487b0__ep2:qa:5,b9dd769b-e31a-4fdb-945e-5a60db6487b0__ep2,test,200,279,Sorting craft materials,Sort craft materials into piles,folding paper strips into stars,0.001954882638528943,0
long_80f_stride40:b9dd769b-e31a-4fdb-945e-5a60db6487b0__ep2:qa:6,b9dd769b-e31a-4fdb-945e-5a60db6487b0__ep2,test,240,319,Sorting craft materials,Sort craft materials into piles,folding paper strips into stars,0.001955178566277027,0
long_80f_stride40:b9dd769b-e31a-4fdb-945e-5a60db6487b0__ep2:qa:7,b9dd769b-e31a-4fdb-945e-5a60db6487b0__ep2,test,280,359,Sorting craft materials,Sort craft materials into piles,folding paper strips into stars,0.0019568605348467827,0
long_80f_stride40:b9dd769b-e31a-4fdb-945e-5a60db6487b0__ep2:qa:8,b9dd769b-e31a-4fdb-945e-5a60db6487b0__ep2,test,320,399,Sorting craft materials,Sort craft materials into piles,folding paper strips into stars,0.0019575946498662233,0
long_80f_stride40:b9dd769b-e31a-4fdb-945e-5a60db6487b0__ep2:qa:9,b9dd769b-e31a-4fdb-945e-5a60db6487b0__ep2,test,360,439,Sorting craft materials,Sort craft materials into piles,folding paper strips into stars,0.0019558228086680174,0
long_80f_stride40:b9dd769b-e31a-4fdb-945e-5a60db6487b0__ep2:qa:10,b9dd769b-e31a-4fdb-945e-5a60db6487b0__ep2,test,400,479,Sorting craft materials,Sort craft materials into piles,folding paper strips into stars,0.001955171814188361,0
long_80f_stride40:b9dd769b-e31a-4fdb-945e-5a60db6487b0__ep2:qa:11,b9dd769b-e31a-4fdb-945e-5a60db6487b0__ep2,test,440,519,Sorting craft materials,Sort craft materials into piles,folding paper strips into stars,0.0019532826263457537,0
long_80f_stride40:b9dd769b-e31a-4fdb-945e-5a60db6487b0__ep2:qa:12,b9dd769b-e31a-4fdb-945e-5a60db6487b0__ep2,test,480,559,Sorting craft materials,Sort craft materials into piles,folding paper strips into stars,0.0019579376094043255,0
long_80f_stride40:b9dd769b-e31a-4fdb-945e-5a60db6487b0__ep2:qa:13,b9dd769b-e31a-4fdb-945e-5a60db6487b0__ep2,test,520,599,Sorting craft materials,Manipulate craft pieces,folding paper strips into stars,0.0019540651701390743,0
long_80f_stride40:b9dd769b-e31a-4fdb-945e-5a60db6487b0__ep2:qa:14,b9dd769b-e31a-4fdb-945e-5a60db6487b0__ep2,test,560,639,Sorting craft materials,Manipulate craft pieces,folding paper strips into stars,0.0019539298955351114,0
long_80f_stride40:b9dd769b-e31a-4fdb-945e-5a60db6487b0__ep2:qa:15,b9dd769b-e31a-4fdb-945e-5a60db6487b0__ep2,test,600,679,Sorting craft materials,Manipulate craft pieces,folding paper strips into stars,0.0019556060433387756,0
long_80f_stride40:b9dd769b-e31a-4fdb-945e-5a60db6487b0__ep2:qa:19,b9dd769b-e31a-4fdb-945e-5a60db6487b0__ep2,test,800,879,Sorting craft materials,Manipulate craft pieces,folding paper strips into stars,0.0019533466547727585,0
long_80f_stride40:b9dd769b-e31a-4fdb-945e-5a60db6487b0__ep2:qa:20,b9dd769b-e31a-4fdb-945e-5a60db6487b0__ep2,test,840,919,Sorting craft materials,Manipulate craft pieces,folding paper strips into stars,0.0019569951109588146,0
long_80f_stride40:b9dd769b-e31a-4fdb-945e-5a60db6487b0__ep2:qa:21,b9dd769b-e31a-4fdb-945e-5a60db6487b0__ep2,test,880,959,Sorting craft materials,Manipulate craft pieces,folding paper strips into stars,0.0019521976355463266,0
long_80f_stride40:b9dd769b-e31a-4fdb-945e-5a60db6487b0__ep2:qa:22,b9dd769b-e31a-4fdb-945e-5a60db6487b0__ep2,test,920,999,Sorting craft materials,Manipulate craft pieces,folding paper strips into stars,0.0019468115642666817,0
long_80f_stride40:b9dd769b-e31a-4fdb-945e-5a60db6487b0__ep2:qa:23,b9dd769b-e31a-4fdb-945e-5a60db6487b0__ep2,test,960,1039,Sorting craft materials,Manipulate craft pieces,folding paper strips into stars,0.0019528414122760296,0
long_80f_stride40:b9dd769b-e31a-4fdb-945e-5a60db6487b0__ep2:qa:24,b9dd769b-e31a-4fdb-945e-5a60db6487b0__ep2,test,1000,1079,Sorting craft materials,Manipulate craft pieces,folding paper strips into stars,0.001950216363184154,0
long_80f_stride40:b9dd769b-e31a-4fdb-945e-5a60db6487b0__ep2:qa:25,b9dd769b-e31a-4fdb-945e-5a60db6487b0__ep2,test,1040,1119,Sorting craft materials,Manipulate craft pieces,folding paper strips into stars,0.001954304054379463,0
long_80f_stride40:b9dd769b-e31a-4fdb-945e-5a60db6487b0__ep2:qa:26,b9dd769b-e31a-4fdb-945e-5a60db6487b0__ep2,test,1080,1159,Sorting craft materials,Manipulate craft pieces,folding paper strips into stars,0.0019518169574439526,0
long_80f_stride40:b9dd769b-e31a-4fdb-945e-5a60db6487b0__ep2:qa:27,b9dd769b-e31a-4fdb-945e-5a60db6487b0__ep2,test,1120,1199,Sorting craft materials,Manipulate craft pieces,folding paper strips into stars,0.0019504488445818424,0
long_80f_stride40:b9dd769b-e31a-4fdb-945e-5a60db6487b0__ep2:qa:28,b9dd769b-e31a-4fdb-945e-5a60db6487b0__ep2,test,1160,1239,Sorting craft materials,Manipulate craft pieces,folding paper strips into stars,0.0019510708516463637,0
long_80f_stride40:b9dd769b-e31a-4fdb-945e-5a60db6487b0__ep2:qa:29,b9dd769b-e31a-4fdb-945e-5a60db6487b0__ep2,test,1200,1279,Sorting craft materials,Manipulate craft pieces,folding paper strips into stars,0.0019627499859780073,0
long_80f_stride40:b9dd769b-e31a-4fdb-945e-5a60db6487b0__ep2:qa:30,b9dd769b-e31a-4fdb-945e-5a60db6487b0__ep2,test,1240,1319,Sorting craft materials,Manipulate paper strips,folding paper strips into stars,0.0019513685256242752,0
long_80f_stride40:b9dd769b-e31a-4fdb-945e-5a60db6487b0__ep2:qa:31,b9dd769b-e31a-4fdb-945e-5a60db6487b0__ep2,test,1280,1359,Sorting craft materials,Manipulate paper strips,folding paper strips into stars,0.0019187928410246968,0
long_80f_stride40:b9dd769b-e31a-4fdb-945e-5a60db6487b0__ep2:qa:32,b9dd769b-e31a-4fdb-945e-5a60db6487b0__ep2,test,1320,1399,Sorting craft materials,Manipulate paper strips,folding paper strips into stars,0.0019510466372594237,0
long_80f_stride40:b9dd769b-e31a-4fdb-945e-5a60db6487b0__ep2:qa:33,b9dd769b-e31a-4fdb-945e-5a60db6487b0__ep2,test,1400,1479,Sorting craft materials,Manipulate paper strips,folding paper strips into stars,0.0019683477003127337,0
long_80f_stride40:b9dd769b-e31a-4fdb-945e-5a60db6487b0__ep2:qa:34,b9dd769b-e31a-4fdb-945e-5a60db6487b0__ep2,test,1440,1519,Sorting craft materials,Manipulate paper strips,folding paper strips into stars,0.0019501803908497095,0
long_80f_stride40:b9dd769b-e31a-4fdb-945e-5a60db6487b0__ep2:qa:35,b9dd769b-e31a-4fdb-945e-5a60db6487b0__ep2,test,1480,1559,Sorting craft materials,Manipulate paper strips,folding paper strips into stars,0.0019505458185449243,0
long_80f_stride40:b9dd769b-e31a-4fdb-945e-5a60db6487b0__ep2:qa:36,b9dd769b-e31a-4fdb-945e-5a60db6487b0__ep2,test,1520,1599,Sorting craft materials,Manipulate paper strips,folding paper strips into stars,0.0019507213728502393,0
long_80f_stride40:b9dd769b-e31a-4fdb-945e-5a60db6487b0__ep2:qa:37,b9dd769b-e31a-4fdb-945e-5a60db6487b0__ep2,test,1560,1639,Sorting craft materials,Manipulate paper strips,folding paper strips into stars,0.0019470424158498645,0
long_80f_stride40:b9dd769b-e31a-4fdb-945e-5a60db6487b0__ep2:qa:38,b9dd769b-e31a-4fdb-945e-5a60db6487b0__ep2,test,1600,1679,Sorting craft materials,Manipulate paper strips,folding paper strips into stars,0.0019508700352162123,0
long_80f_stride40:b9dd769b-e31a-4fdb-945e-5a60db6487b0__ep2:qa:39,b9dd769b-e31a-4fdb-945e-5a60db6487b0__ep2,test,1640,1719,Sorting craft materials,Release scissors and operate smartphone,folding paper strips into stars,0.0019535364117473364,0
long_80f_stride40:b9dd769b-e31a-4fdb-945e-5a60db6487b0__ep2:qa:40,b9dd769b-e31a-4fdb-945e-5a60db6487b0__ep2,test,1680,1759,Sorting craft materials,Release scissors and operate smartphone,folding paper strips into stars,0.001938645844347775,0
long_80f_stride40:b9dd769b-e31a-4fdb-945e-5a60db6487b0__ep2:qa:41,b9dd769b-e31a-4fdb-945e-5a60db6487b0__ep2,test,1720,1799,Sorting craft materials,Release scissors and operate smartphone,folding paper strips into stars,0.0019498958718031645,0
long_80f_stride40:b9dd769b-e31a-4fdb-945e-5a60db6487b0__ep2:qa:42,b9dd769b-e31a-4fdb-945e-5a60db6487b0__ep2,test,1800,1879,Sorting craft materials,Release scissors and operate smartphone,folding paper strips into stars,0.001949288067407906,0
long_80f_stride40:b9dd769b-e31a-4fdb-945e-5a60db6487b0__ep2:qa:43,b9dd769b-e31a-4fdb-945e-5a60db6487b0__ep2,test,1880,1959,Sorting craft materials,Release scissors and operate smartphone,folding paper strips into stars,0.001948976656422019,0
long_80f_stride40:b9dd769b-e31a-4fdb-945e-5a60db6487b0__ep2:qa:44,b9dd769b-e31a-4fdb-945e-5a60db6487b0__ep2,test,1920,1999,Sorting craft materials,Release scissors and operate smartphone,folding paper strips into stars,0.0019466690719127655,0
long_80f_stride40:b9dd769b-e31a-4fdb-945e-5a60db6487b0__ep2:qa:45,b9dd769b-e31a-4fdb-945e-5a60db6487b0__ep2,test,1960,2039,Sorting craft materials,Release scissors and operate smartphone,folding paper strips into stars,0.0019462674390524626,0
long_80f_stride40:b9dd769b-e31a-4fdb-945e-5a60db6487b0__ep2:qa:46,b9dd769b-e31a-4fdb-945e-5a60db6487b0__ep2,test,2000,2079,Sorting craft materials,Release scissors and operate smartphone,folding paper strips into stars,0.0019468774553388357,0
long_80f_stride40:b9dd769b-e31a-4fdb-945e-5a60db6487b0__ep2:qa:47,b9dd769b-e31a-4fdb-945e-5a60db6487b0__ep2,test,2040,2119,Sorting craft materials,Release scissors and operate smartphone,folding paper strips into stars,0.0019436848815530539,0
long_80f_stride40:b9dd769b-e31a-4fdb-945e-5a60db6487b0__ep2:qa:48,b9dd769b-e31a-4fdb-945e-5a60db6487b0__ep2,test,2080,2159,Sorting craft materials,Release scissors and operate smartphone,folding paper strips into stars,0.0019472831627354026,0
long_80f_stride40:b9dd769b-e31a-4fdb-945e-5a60db6487b0__ep2:qa:49,b9dd769b-e31a-4fdb-945e-5a60db6487b0__ep2,test,2120,2199,Sorting craft materials,Operate and release smartphone,folding paper strips into stars,0.0019542649388313293,0
long_80f_stride40:b9dd769b-e31a-4fdb-945e-5a60db6487b0__ep2:qa:50,b9dd769b-e31a-4fdb-945e-5a60db6487b0__ep2,test,2160,2239,Sorting craft materials,Operate and release smartphone,folding paper strips into stars,0.0019488994730636477,0
long_80f_stride40:b9dd769b-e31a-4fdb-945e-5a60db6487b0__ep2:qa:51,b9dd769b-e31a-4fdb-945e-5a60db6487b0__ep2,test,2200,2279,Sorting craft materials,Operate and release smartphone,folding paper strips into stars,0.0019470382248982787,0
long_80f_stride40:b9dd769b-e31a-4fdb-945e-5a60db6487b0__ep2:qa:52,b9dd769b-e31a-4fdb-945e-5a60db6487b0__ep2,test,2280,2359,Sorting craft materials,Operate and release smartphone,folding paper strips into stars,0.0019466630183160305,0
long_80f_stride40:b9dd769b-e31a-4fdb-945e-5a60db6487b0__ep2:qa:53,b9dd769b-e31a-4fdb-945e-5a60db6487b0__ep2,test,2320,2399,Sorting craft materials,Manipulate paper strips,folding paper strips into stars,0.0019492660649120808,0
long_80f_stride40:b9dd769b-e31a-4fdb-945e-5a60db6487b0__ep2:qa:54,b9dd769b-e31a-4fdb-945e-5a60db6487b0__ep2,test,2400,2479,Sorting craft materials,Manipulate paper strips,folding paper strips into stars,0.001945141819305718,0
long_80f_stride40:b9dd769b-e31a-4fdb-945e-5a60db6487b0__ep2:qa:55,b9dd769b-e31a-4fdb-945e-5a60db6487b0__ep2,test,2440,2519,Sorting craft materials,Manipulate paper strips,folding paper strips into stars,0.0019478766480460763,0
long_80f_stride40:b9dd769b-e31a-4fdb-945e-5a60db6487b0__ep2:qa:56,b9dd769b-e31a-4fdb-945e-5a60db6487b0__ep2,test,2480,2559,Sorting craft materials,Manipulate paper strips,folding paper strips into stars,0.0019456958398222923,0
long_80f_stride40:b9dd769b-e31a-4fdb-945e-5a60db6487b0__ep2:qa:57,b9dd769b-e31a-4fdb-945e-5a60db6487b0__ep2,test,2520,2599,Sorting craft materials,Manipulate paper strips,folding paper strips into stars,0.001943817245773971,0
long_80f_stride40:b9dd769b-e31a-4fdb-945e-5a60db6487b0__ep2:qa:58,b9dd769b-e31a-4fdb-945e-5a60db6487b0__ep2,test,2560,2639,Sorting craft materials,Manipulate paper strips,folding paper strips into stars,0.0019467351958155632,0
long_80f_stride40:b9dd769b-e31a-4fdb-945e-5a60db6487b0__ep2:qa:59,b9dd769b-e31a-4fdb-945e-5a60db6487b0__ep2,test,2600,2679,Sorting craft materials,Manipulate paper strips,folding paper strips into stars,0.0019462259951978922,0
long_80f_stride40:b9dd769b-e31a-4fdb-945e-5a60db6487b0__ep2:qa:60,b9dd769b-e31a-4fdb-945e-5a60db6487b0__ep2,test,2640,2719,Sorting craft materials,Manipulate paper strips,folding paper strips into stars,0.0019447916420176625,0
long_80f_stride40:b9dd769b-e31a-4fdb-945e-5a60db6487b0__ep2:qa:61,b9dd769b-e31a-4fdb-945e-5a60db6487b0__ep2,test,2680,2759,Sorting craft materials,Manipulate paper strips,folding paper strips into stars,0.001945924130268395,0
long_80f_stride40:b9dd769b-e31a-4fdb-945e-5a60db6487b0__ep2:qa:62,b9dd769b-e31a-4fdb-945e-5a60db6487b0__ep2,test,2720,2799,Sorting craft materials,Manipulate and release paper strips,folding paper strips into stars,0.0019453021232038736,0
long_80f_stride40:b9dd769b-e31a-4fdb-945e-5a60db6487b0__ep2:qa:63,b9dd769b-e31a-4fdb-945e-5a60db6487b0__ep2,test,2760,2839,Sorting craft materials,Manipulate and release paper strips,folding paper strips into stars,0.0019430534448474646,0
long_80f_stride40:b9dd769b-e31a-4fdb-945e-5a60db6487b0__ep2:qa:64,b9dd769b-e31a-4fdb-945e-5a60db6487b0__ep2,test,2800,2879,Sorting craft materials,Manipulate and release paper strips,folding paper strips into stars,0.001946222735568881,0
long_80f_stride40:b9dd769b-e31a-4fdb-945e-5a60db6487b0__ep2:qa:65,b9dd769b-e31a-4fdb-945e-5a60db6487b0__ep2,test,2880,2959,Sorting craft materials,Manipulate and release paper strips,folding paper strips into stars,0.0019448675448074937,0
long_80f_stride40:b9dd769b-e31a-4fdb-945e-5a60db6487b0__ep2:qa:66,b9dd769b-e31a-4fdb-945e-5a60db6487b0__ep2,test,2920,2999,Sorting craft materials,Manipulate and release paper strips,folding paper strips into stars,0.001945331459864974,0
long_80f_stride40:b9dd769b-e31a-4fdb-945e-5a60db6487b0__ep2:qa:67,b9dd769b-e31a-4fdb-945e-5a60db6487b0__ep2,test,2960,3039,Sorting craft materials,Manipulate and release paper strips,folding paper strips into stars,0.0019441202748566866,0
long_80f_stride40:b9dd769b-e31a-4fdb-945e-5a60db6487b0__ep2:qa:68,b9dd769b-e31a-4fdb-945e-5a60db6487b0__ep2,test,3000,3079,Sorting craft materials,Manipulate and release paper strips,folding paper strips into stars,0.0019432634580880404,0
long_80f_stride40:b9dd769b-e31a-4fdb-945e-5a60db6487b0__ep2:qa:69,b9dd769b-e31a-4fdb-945e-5a60db6487b0__ep2,test,3040,3119,Sorting craft materials,Manipulate and release paper strips,folding paper strips into stars,0.0019425073405727744,0
long_80f_stride40:b9dd769b-e31a-4fdb-945e-5a60db6487b0__ep2:qa:70,b9dd769b-e31a-4fdb-945e-5a60db6487b0__ep2,test,3080,3159,Sorting craft materials,Manipulate and release paper strips,folding paper strips into stars,0.0019447911763563752,0
long_80f_stride40:b9dd769b-e31a-4fdb-945e-5a60db6487b0__ep2:qa:71,b9dd769b-e31a-4fdb-945e-5a60db6487b0__ep2,test,3120,3199,Sorting craft materials,Manipulate and release paper strips,folding paper strips into stars,0.0019433399429544806,0
long_80f_stride40:b9dd769b-e31a-4fdb-945e-5a60db6487b0__ep2:qa:72,b9dd769b-e31a-4fdb-945e-5a60db6487b0__ep2,test,3160,3239,Sorting craft materials,Manipulate and release paper strips,folding paper strips into stars,0.0019405337516218424,0
long_80f_stride40:b9dd769b-e31a-4fdb-945e-5a60db6487b0__ep2:qa:73,b9dd769b-e31a-4fdb-945e-5a60db6487b0__ep2,test,3200,3279,Sorting craft materials,unknown,folding paper strips into stars,0.0019433984998613596,0
long_80f_stride40:b9dd769b-e31a-4fdb-945e-5a60db6487b0__ep2:qa:74,b9dd769b-e31a-4fdb-945e-5a60db6487b0__ep2,test,3240,3319,Sorting craft materials,Manipulate paper strips,folding paper strips into stars,0.001944921095855534,0
long_80f_stride40:b9dd769b-e31a-4fdb-945e-5a60db6487b0__ep2:qa:75,b9dd769b-e31a-4fdb-945e-5a60db6487b0__ep2,test,3280,3359,Sorting craft materials,Manipulate paper strips,folding paper strips into stars,0.001944779884070158,0
long_80f_stride40:b9dd769b-e31a-4fdb-945e-5a60db6487b0__ep2:qa:76,b9dd769b-e31a-4fdb-945e-5a60db6487b0__ep2,test,3320,3399,Sorting craft materials,Manipulate paper strips,folding paper strips into stars,0.001942658331245184,0
long_80f_stride40:b9dd769b-e31a-4fdb-945e-5a60db6487b0__ep2:qa:77,b9dd769b-e31a-4fdb-945e-5a60db6487b0__ep2,test,3400,3479,Sorting craft materials,Manipulate paper strips,folding paper strips into stars,0.0019434033893048763,0
long_80f_stride40:b9dd769b-e31a-4fdb-945e-5a60db6487b0__ep2:qa:78,b9dd769b-e31a-4fdb-945e-5a60db6487b0__ep2,test,3440,3519,Sorting craft materials,Manipulate paper strips,folding paper strips into stars,0.0019425326026976109,0
long_80f_stride40:b9dd769b-e31a-4fdb-945e-5a60db6487b0__ep2:qa:79,b9dd769b-e31a-4fdb-945e-5a60db6487b0__ep2,test,3480,3559,Sorting craft materials,Manipulate paper strips,folding paper strips into stars,0.0019408689113333821,0
long_80f_stride40:b9dd769b-e31a-4fdb-945e-5a60db6487b0__ep2:qa:80,b9dd769b-e31a-4fdb-945e-5a60db6487b0__ep2,test,3520,3599,Sorting craft materials,Sort small craft pieces,folding paper strips into stars,0.0019406718201935291,0
long_80f_stride40:b9dd769b-e31a-4fdb-945e-5a60db6487b0__ep2:qa:81,b9dd769b-e31a-4fdb-945e-5a60db6487b0__ep2,test,3560,3639,Sorting craft materials,Sort small craft pieces,folding paper strips into stars,0.0019412306137382984,0
long_80f_stride40:b9dd769b-e31a-4fdb-945e-5a60db6487b0__ep2:qa:82,b9dd769b-e31a-4fdb-945e-5a60db6487b0__ep2,test,3600,3679,Sorting craft materials,Sort small craft pieces,folding paper strips into stars,0.0019395569106563926,0
long_80f_stride40:b9dd769b-e31a-4fdb-945e-5a60db6487b0__ep2:qa:86,b9dd769b-e31a-4fdb-945e-5a60db6487b0__ep2,test,3800,3879,Sorting craft materials,Sort small craft pieces,folding paper strips into stars,0.0019385581836104393,0
long_80f_stride40:b9dd769b-e31a-4fdb-945e-5a60db6487b0__ep2:qa:87,b9dd769b-e31a-4fdb-945e-5a60db6487b0__ep2,test,3840,3919,Sorting craft materials,Sort small craft pieces,folding paper strips into stars,0.001939321868121624,0
long_80f_stride40:b9dd769b-e31a-4fdb-945e-5a60db6487b0__ep2:qa:88,b9dd769b-e31a-4fdb-945e-5a60db6487b0__ep2,test,3880,3959,Sorting craft materials,Sort small craft pieces,folding paper strips into stars,0.0019386857748031616,0
long_80f_stride40:b9dd769b-e31a-4fdb-945e-5a60db6487b0__ep2:qa:89,b9dd769b-e31a-4fdb-945e-5a60db6487b0__ep2,test,3920,3999,Sorting craft materials,Sort small craft pieces,folding paper strips into stars,0.0019386503845453262,0
long_80f_stride40:b9dd769b-e31a-4fdb-945e-5a60db6487b0__ep2:qa:90,b9dd769b-e31a-4fdb-945e-5a60db6487b0__ep2,test,3960,4039,Sorting craft materials,Sort small craft pieces,folding paper strips into stars,0.0019390064990147948,0
long_80f_stride40:b9dd769b-e31a-4fdb-945e-5a60db6487b0__ep2:qa:91,b9dd769b-e31a-4fdb-945e-5a60db6487b0__ep2,test,4000,4079,Sorting craft materials,Sort small craft pieces,folding paper strips into stars,0.0019402701873332262,0
long_80f_stride40:b9dd769b-e31a-4fdb-945e-5a60db6487b0__ep2:qa:92,b9dd769b-e31a-4fdb-945e-5a60db6487b0__ep2,test,4040,4119,Sorting craft materials,Sort small craft pieces,folding paper strips into stars,0.001941204653121531,0
long_80f_stride40:b9dd769b-e31a-4fdb-945e-5a60db6487b0__ep2:qa:93,b9dd769b-e31a-4fdb-945e-5a60db6487b0__ep2,test,4080,4159,Sorting craft materials,Sort small craft pieces,folding paper strips into stars,0.0019386931089684367,0
long_80f_stride40:b9dd769b-e31a-4fdb-945e-5a60db6487b0__ep2:qa:94,b9dd769b-e31a-4fdb-945e-5a60db6487b0__ep2,test,4120,4199,Sorting craft materials,Sort small craft pieces,folding paper strips into stars,0.0019383508479222655,0
long_80f_stride40:b9dd769b-e31a-4fdb-945e-5a60db6487b0__ep2:qa:95,b9dd769b-e31a-4fdb-945e-5a60db6487b0__ep2,test,4160,4239,Sorting craft materials,Sort small craft pieces,folding paper strips into stars,0.001937562832608819,0
long_80f_stride40:b9dd769b-e31a-4fdb-945e-5a60db6487b0__ep2:qa:96,b9dd769b-e31a-4fdb-945e-5a60db6487b0__ep2,test,4200,4279,Sorting craft materials,Sort small craft pieces,folding paper strips into stars,0.001938267843797803,0
long_80f_stride40:b9dd769b-e31a-4fdb-945e-5a60db6487b0__ep2:qa:97,b9dd769b-e31a-4fdb-945e-5a60db6487b0__ep2,test,4240,4319,Sorting craft materials,Sort small craft pieces,folding paper strips into stars,0.0019406344508752227,0
long_80f_stride40:b9dd769b-e31a-4fdb-945e-5a60db6487b0__ep2:qa:98,b9dd769b-e31a-4fdb-945e-5a60db6487b0__ep2,test,4280,4359,Sorting craft materials,Sort small craft pieces,folding paper strips into stars,0.0019361440790817142,0
long_80f_stride40:ba045ed4-ef25-404d-b756-8dcbd45b18fa__ep2:qa:0,ba045ed4-ef25-404d-b756-8dcbd45b18fa__ep2,test,0,79,Assembling a paper honeycomb lantern,Unfold paper lantern,Rolling paper strips into coils,0.0017457716166973114,0
long_80f_stride40:ba045ed4-ef25-404d-b756-8dcbd45b18fa__ep2:qa:1,ba045ed4-ef25-404d-b756-8dcbd45b18fa__ep2,test,40,119,Assembling a paper honeycomb lantern,Unfold paper lantern,Rolling paper strips into coils,0.0017547215102240443,0
long_80f_stride40:ba045ed4-ef25-404d-b756-8dcbd45b18fa__ep2:qa:2,ba045ed4-ef25-404d-b756-8dcbd45b18fa__ep2,test,80,159,Assembling a paper honeycomb lantern,Unfold paper lantern,Folding and sorting paper stars while handling a water bottle,0.001748202834278345,0
long_80f_stride40:ba045ed4-ef25-404d-b756-8dcbd45b18fa__ep2:qa:3,ba045ed4-ef25-404d-b756-8dcbd45b18fa__ep2,test,120,199,Assembling a paper honeycomb lantern,Unfold paper lantern,Folding and sorting paper stars,0.001744830864481628,0
long_80f_stride40:ba045ed4-ef25-404d-b756-8dcbd45b18fa__ep2:qa:4,ba045ed4-ef25-404d-b756-8dcbd45b18fa__ep2,test,160,239,Assembling a paper honeycomb lantern,Unfold paper lantern,Sorting small star-shaped plastic pieces,0.0017706077778711915,0
long_80f_stride40:ba045ed4-ef25-404d-b756-8dcbd45b18fa__ep2:qa:5,ba045ed4-ef25-404d-b756-8dcbd45b18fa__ep2,test,200,279,Assembling a paper honeycomb lantern,Unfold paper lantern,unknown,0.0017669075168669224,0
long_80f_stride40:ba045ed4-ef25-404d-b756-8dcbd45b18fa__ep2:qa:6,ba045ed4-ef25-404d-b756-8dcbd45b18fa__ep2,test,240,319,Assembling a paper honeycomb lantern,Fold and grasp lantern,unknown,0.0018374916398897767,0
long_80f_stride40:ba045ed4-ef25-404d-b756-8dcbd45b18fa__ep2:qa:7,ba045ed4-ef25-404d-b756-8dcbd45b18fa__ep2,test,280,359,Assembling a paper honeycomb lantern,Fold and grasp lantern,unknown,0.0019233089406043291,0
long_80f_stride40:ba045ed4-ef25-404d-b756-8dcbd45b18fa__ep2:qa:8,ba045ed4-ef25-404d-b756-8dcbd45b18fa__ep2,test,320,399,Assembling a paper honeycomb lantern,Fold and grasp lantern,Folding and sorting paper stars,0.0017678375588729978,0
long_80f_stride40:ba045ed4-ef25-404d-b756-8dcbd45b18fa__ep2:qa:9,ba045ed4-ef25-404d-b756-8dcbd45b18fa__ep2,test,400,479,Assembling a paper honeycomb lantern,Fold and grasp lantern,Finishing coil and selecting new strip,0.00178333290386945,0
long_80f_stride40:ba045ed4-ef25-404d-b756-8dcbd45b18fa__ep2:qa:10,ba045ed4-ef25-404d-b756-8dcbd45b18fa__ep2,test,440,519,Assembling a paper honeycomb lantern,Fold and grasp lantern,Folding and sorting paper stars,0.0017650495283305645,0
long_80f_stride40:ba045ed4-ef25-404d-b756-8dcbd45b18fa__ep2:qa:11,ba045ed4-ef25-404d-b756-8dcbd45b18fa__ep2,test,480,559,Assembling a paper honeycomb lantern,Fold and grasp lantern,Folding and sorting paper stars,0.0017513408092781901,0
long_80f_stride40:ba045ed4-ef25-404d-b756-8dcbd45b18fa__ep2:qa:12,ba045ed4-ef25-404d-b756-8dcbd45b18fa__ep2,test,520,599,Assembling a paper honeycomb lantern,Fold and grasp lantern,unknown,0.001747146830894053,0
long_80f_stride40:ba045ed4-ef25-404d-b756-8dcbd45b18fa__ep2:qa:13,ba045ed4-ef25-404d-b756-8dcbd45b18fa__ep2,test,600,679,Assembling a paper honeycomb lantern,Fold and grasp lantern,unknown,0.0017950264737010002,0
long_80f_stride40:ba045ed4-ef25-404d-b756-8dcbd45b18fa__ep2:qa:14,ba045ed4-ef25-404d-b756-8dcbd45b18fa__ep2,test,640,719,Assembling a paper honeycomb lantern,Grasp lantern component,unknown,0.0017718597082421184,0
long_80f_stride40:ba045ed4-ef25-404d-b756-8dcbd45b18fa__ep2:qa:15,ba045ed4-ef25-404d-b756-8dcbd45b18fa__ep2,test,680,759,Assembling a paper honeycomb lantern,Grasp lantern component,unknown,0.0017714592395350337,0
long_80f_stride40:ba045ed4-ef25-404d-b756-8dcbd45b18fa__ep2:qa:16,ba045ed4-ef25-404d-b756-8dcbd45b18fa__ep2,test,720,799,Assembling a paper honeycomb lantern,Grasp lantern component,Positioning the container on the floor,0.0017553268698975444,0
long_80f_stride40:ba045ed4-ef25-404d-b756-8dcbd45b18fa__ep2:qa:17,ba045ed4-ef25-404d-b756-8dcbd45b18fa__ep2,test,800,879,Assembling a paper honeycomb lantern,Grasp lantern component,unknown,0.0018279481446370482,0
long_80f_stride40:ba045ed4-ef25-404d-b756-8dcbd45b18fa__ep2:qa:18,ba045ed4-ef25-404d-b756-8dcbd45b18fa__ep2,test,840,919,Assembling a paper honeycomb lantern,Open paper lantern,unknown,0.001823841710574925,0
long_80f_stride40:ba045ed4-ef25-404d-b756-8dcbd45b18fa__ep2:qa:19,ba045ed4-ef25-404d-b756-8dcbd45b18fa__ep2,test,880,959,Assembling a paper honeycomb lantern,Open paper lantern,unknown,0.0017373705049976707,0
long_80f_stride40:ba045ed4-ef25-404d-b756-8dcbd45b18fa__ep2:qa:20,ba045ed4-ef25-404d-b756-8dcbd45b18fa__ep2,test,920,999,Assembling a paper honeycomb lantern,Open paper lantern,Placing products on shelf,0.001753214281052351,0
long_80f_stride40:ba045ed4-ef25-404d-b756-8dcbd45b18fa__ep2:qa:21,ba045ed4-ef25-404d-b756-8dcbd45b18fa__ep2,test,1000,1079,Assembling a paper honeycomb lantern,Open paper lantern,unknown,0.0017732101259753108,0
long_80f_stride40:ba045ed4-ef25-404d-b756-8dcbd45b18fa__ep2:qa:22,ba045ed4-ef25-404d-b756-8dcbd45b18fa__ep2,test,1040,1119,Assembling a paper honeycomb lantern,Open paper lantern,Folding and sorting paper stars,0.0017643878236413002,0
long_80f_stride40:ba045ed4-ef25-404d-b756-8dcbd45b18fa__ep2:qa:23,ba045ed4-ef25-404d-b756-8dcbd45b18fa__ep2,test,1080,1159,Assembling a paper honeycomb lantern,Open paper lantern,Folding and sorting paper stars,0.0017516458174213767,0
long_80f_stride40:ba045ed4-ef25-404d-b756-8dcbd45b18fa__ep2:qa:24,ba045ed4-ef25-404d-b756-8dcbd45b18fa__ep2,test,1120,1199,Assembling a paper honeycomb lantern,Open paper lantern,Placing and searching for puzzle pieces,0.0017858130158856511,0
long_80f_stride40:ba045ed4-ef25-404d-b756-8dcbd45b18fa__ep2:qa:25,ba045ed4-ef25-404d-b756-8dcbd45b18fa__ep2,test,1160,1239,Assembling a paper honeycomb lantern,Open paper lantern,unknown,0.0017762264469638467,0
long_80f_stride40:ba045ed4-ef25-404d-b756-8dcbd45b18fa__ep2:qa:26,ba045ed4-ef25-404d-b756-8dcbd45b18fa__ep2,test,1200,1279,Assembling a paper honeycomb lantern,Align paper lantern edges,unknown,0.0017924150452017784,0
long_80f_stride40:ba045ed4-ef25-404d-b756-8dcbd45b18fa__ep2:qa:27,ba045ed4-ef25-404d-b756-8dcbd45b18fa__ep2,test,1240,1319,Assembling a paper honeycomb lantern,Align paper lantern edges,Marking lines and repositioning ruler,0.0018677099142223597,0
long_80f_stride40:ba045ed4-ef25-404d-b756-8dcbd45b18fa__ep2:qa:28,ba045ed4-ef25-404d-b756-8dcbd45b18fa__ep2,test,1280,1359,Assembling a paper honeycomb lantern,Align paper lantern edges,Marking cardboard squares,0.0018745146226137877,0
long_80f_stride40:ba045ed4-ef25-404d-b756-8dcbd45b18fa__ep2:qa:30,ba045ed4-ef25-404d-b756-8dcbd45b18fa__ep2,test,1400,1479,Assembling a paper honeycomb lantern,Align paper lantern edges,Folding and sorting paper stars,0.0017820923822000623,0
long_80f_stride40:ba045ed4-ef25-404d-b756-8dcbd45b18fa__ep2:qa:31,ba045ed4-ef25-404d-b756-8dcbd45b18fa__ep2,test,1440,1519,Assembling a paper honeycomb lantern,Align paper lantern edges,unknown,0.0017586367903277278,0
long_80f_stride40:ba045ed4-ef25-404d-b756-8dcbd45b18fa__ep2:qa:32,ba045ed4-ef25-404d-b756-8dcbd45b18fa__ep2,test,1480,1559,Assembling a paper honeycomb lantern,Align paper lantern edges,unknown,0.0017325931694358587,0
long_80f_stride40:ba045ed4-ef25-404d-b756-8dcbd45b18fa__ep2:qa:33,ba045ed4-ef25-404d-b756-8dcbd45b18fa__ep2,test,1520,1599,Assembling a paper honeycomb lantern,Align paper lantern edges,unknown,0.001779236481525004,0
long_80f_stride40:ba045ed4-ef25-404d-b756-8dcbd45b18fa__ep2:qa:34,ba045ed4-ef25-404d-b756-8dcbd45b18fa__ep2,test,1560,1639,Assembling a paper honeycomb lantern,Align paper lantern edges,unknown,0.001752115786075592,0
long_80f_stride40:ba045ed4-ef25-404d-b756-8dcbd45b18fa__ep2:qa:35,ba045ed4-ef25-404d-b756-8dcbd45b18fa__ep2,test,1600,1679,Assembling a paper honeycomb lantern,Align paper lantern edges,unknown,0.001756578334607184,0
long_80f_stride40:ba045ed4-ef25-404d-b756-8dcbd45b18fa__ep2:qa:36,ba045ed4-ef25-404d-b756-8dcbd45b18fa__ep2,test,1640,1719,Assembling a paper honeycomb lantern,Align paper lantern edges,unknown,0.001749327639117837,0
long_80f_stride40:ba045ed4-ef25-404d-b756-8dcbd45b18fa__ep2:qa:37,ba045ed4-ef25-404d-b756-8dcbd45b18fa__ep2,test,1680,1759,Assembling a paper honeycomb lantern,Align paper lantern edges,unknown,0.001757719204761088,0
long_80f_stride40:ba045ed4-ef25-404d-b756-8dcbd45b18fa__ep2:qa:38,ba045ed4-ef25-404d-b756-8dcbd45b18fa__ep2,test,1720,1799,Assembling a paper honeycomb lantern,Align paper lantern edges,folding paper strip and typing on smartphone,0.001900118077173829,0
long_80f_stride40:ba045ed4-ef25-404d-b756-8dcbd45b18fa__ep2:qa:39,ba045ed4-ef25-404d-b756-8dcbd45b18fa__ep2,test,1760,1839,Assembling a paper honeycomb lantern,Align paper lantern edges,folding paper strip and typing on smartphone,0.0018492374802008271,0
long_80f_stride40:ba045ed4-ef25-404d-b756-8dcbd45b18fa__ep2:qa:40,ba045ed4-ef25-404d-b756-8dcbd45b18fa__ep2,test,1800,1879,Assembling a paper honeycomb lantern,Align paper lantern edges,unknown,0.0018122377805411816,0
long_80f_stride40:ba045ed4-ef25-404d-b756-8dcbd45b18fa__ep2:qa:41,ba045ed4-ef25-404d-b756-8dcbd45b18fa__ep2,test,1840,1919,Assembling a paper honeycomb lantern,Align paper lantern edges,unknown,0.0018476450350135565,0
long_80f_stride40:ba045ed4-ef25-404d-b756-8dcbd45b18fa__ep2:qa:42,ba045ed4-ef25-404d-b756-8dcbd45b18fa__ep2,test,1880,1959,Assembling a paper honeycomb lantern,Align paper lantern edges,unknown,0.0017503532581031322,0
long_80f_stride40:ba045ed4-ef25-404d-b756-8dcbd45b18fa__ep2:qa:43,ba045ed4-ef25-404d-b756-8dcbd45b18fa__ep2,test,1920,1999,Assembling a paper honeycomb lantern,Align paper lantern edges,unknown,0.0017343758372589946,0
long_80f_stride40:ba045ed4-ef25-404d-b756-8dcbd45b18fa__ep2:qa:44,ba045ed4-ef25-404d-b756-8dcbd45b18fa__ep2,test,1960,2039,Assembling a paper honeycomb lantern,Adjust lantern string and handle components,unknown,0.0017799291526898742,0
long_80f_stride40:ba045ed4-ef25-404d-b756-8dcbd45b18fa__ep2:qa:45,ba045ed4-ef25-404d-b756-8dcbd45b18fa__ep2,test,2000,2079,Assembling a paper honeycomb lantern,Adjust lantern string and handle components,unknown,0.0017685705097392201,0
long_80f_stride40:ba045ed4-ef25-404d-b756-8dcbd45b18fa__ep2:qa:46,ba045ed4-ef25-404d-b756-8dcbd45b18fa__ep2,test,2040,2119,Assembling a paper honeycomb lantern,Adjust lantern string and handle components,unknown,0.0017561684362590313,0
long_80f_stride40:ba045ed4-ef25-404d-b756-8dcbd45b18fa__ep2:qa:79,ba045ed4-ef25-404d-b756-8dcbd45b18fa__ep2,test,3400,3479,Assembling a paper honeycomb lantern,Adjust lantern string and handle components,Manipulating paper strips,0.0017943576676771045,0
long_80f_stride40:ba045ed4-ef25-404d-b756-8dcbd45b18fa__ep2:qa:80,ba045ed4-ef25-404d-b756-8dcbd45b18fa__ep2,test,3440,3519,Assembling a paper honeycomb lantern,Adjust lantern string and handle components,Walking through workspace,0.0018141473410651088,0
long_80f_stride40:ba045ed4-ef25-404d-b756-8dcbd45b18fa__ep2:qa:81,ba045ed4-ef25-404d-b756-8dcbd45b18fa__ep2,test,3520,3599,Assembling a paper honeycomb lantern,Adjust lantern string and handle components,unknown,0.001765468972735107,0
long_80f_stride40:ba045ed4-ef25-404d-b756-8dcbd45b18fa__ep2:qa:82,ba045ed4-ef25-404d-b756-8dcbd45b18fa__ep2,test,3560,3639,Assembling a paper honeycomb lantern,Adjust lantern string and handle components,Adjust phone and reach for beads,0.0017567608738318086,0
long_80f_stride40:ba045ed4-ef25-404d-b756-8dcbd45b18fa__ep2:qa:83,ba045ed4-ef25-404d-b756-8dcbd45b18fa__ep2,test,3640,3719,Assembling a paper honeycomb lantern,Handle paper lantern component,unknown,0.001766024623066187,0
long_80f_stride40:ba045ed4-ef25-404d-b756-8dcbd45b18fa__ep2:qa:84,ba045ed4-ef25-404d-b756-8dcbd45b18fa__ep2,test,3680,3759,Assembling a paper honeycomb lantern,Handle paper lantern component,Cleaning shelves and rearranging products,0.0018866746686398983,0
long_80f_stride40:ba045ed4-ef25-404d-b756-8dcbd45b18fa__ep2:qa:85,ba045ed4-ef25-404d-b756-8dcbd45b18fa__ep2,test,3720,3799,Assembling a paper honeycomb lantern,Handle paper lantern component,unknown,0.0017670702654868364,0
long_80f_stride40:ba045ed4-ef25-404d-b756-8dcbd45b18fa__ep2:qa:86,ba045ed4-ef25-404d-b756-8dcbd45b18fa__ep2,test,3800,3879,Assembling a paper honeycomb lantern,Handle paper lantern component,manipulating paper star,0.001887454534880817,0
long_80f_stride40:ba045ed4-ef25-404d-b756-8dcbd45b18fa__ep2:qa:87,ba045ed4-ef25-404d-b756-8dcbd45b18fa__ep2,test,3840,3919,Assembling a paper honeycomb lantern,Expand and adjust lantern shape,unknown,0.0018225866369903088,0
long_80f_stride40:ba045ed4-ef25-404d-b756-8dcbd45b18fa__ep2:qa:88,ba045ed4-ef25-404d-b756-8dcbd45b18fa__ep2,test,3880,3959,Assembling a paper honeycomb lantern,Expand and adjust lantern shape,Adjusting and placing down paper pieces,0.0018537333235144615,0
long_80f_stride40:ba045ed4-ef25-404d-b756-8dcbd45b18fa__ep2:qa:89,ba045ed4-ef25-404d-b756-8dcbd45b18fa__ep2,test,3920,3999,Assembling a paper honeycomb lantern,Expand and adjust lantern shape,unknown,0.0017724193166941404,0
long_80f_stride40:ba045ed4-ef25-404d-b756-8dcbd45b18fa__ep2:qa:90,ba045ed4-ef25-404d-b756-8dcbd45b18fa__ep2,test,4000,4079,Assembling a paper honeycomb lantern,Expand and adjust lantern shape,unknown,0.001779883517883718,0
long_80f_stride40:ba045ed4-ef25-404d-b756-8dcbd45b18fa__ep2:qa:91,ba045ed4-ef25-404d-b756-8dcbd45b18fa__ep2,test,4040,4119,Assembling a paper honeycomb lantern,Expand and adjust lantern shape,Sorting pieces and retrieving smartphone,0.0018981548491865396,0
long_80f_stride40:ba045ed4-ef25-404d-b756-8dcbd45b18fa__ep2:qa:92,ba045ed4-ef25-404d-b756-8dcbd45b18fa__ep2,test,4080,4159,Assembling a paper honeycomb lantern,Expand and adjust lantern shape,Manipulating paper strips,0.0017425069818273187,0
long_80f_stride40:ba045ed4-ef25-404d-b756-8dcbd45b18fa__ep2:qa:93,ba045ed4-ef25-404d-b756-8dcbd45b18fa__ep2,test,4120,4199,Assembling a paper honeycomb lantern,Expand and adjust lantern shape,unknown,0.0017516497755423188,0
long_80f_stride40:ba045ed4-ef25-404d-b756-8dcbd45b18fa__ep2:qa:94,ba045ed4-ef25-404d-b756-8dcbd45b18fa__ep2,test,4160,4239,Assembling a paper honeycomb lantern,Expand and adjust lantern shape,Manipulating paper strips,0.0017482612747699022,0
long_80f_stride40:ba045ed4-ef25-404d-b756-8dcbd45b18fa__ep2:qa:95,ba045ed4-ef25-404d-b756-8dcbd45b18fa__ep2,test,4200,4279,Assembling a paper honeycomb lantern,Expand and adjust lantern shape,Reaching for and picking up stars,0.0018130785319954157,0
long_80f_stride40:ba045ed4-ef25-404d-b756-8dcbd45b18fa__ep2:qa:96,ba045ed4-ef25-404d-b756-8dcbd45b18fa__ep2,test,4280,4359,Assembling a paper honeycomb lantern,Secure lantern with adhesive,Wiping product jars,0.0019174019107595086,0
long_80f_stride40:ba045ed4-ef25-404d-b756-8dcbd45b18fa__ep2:qa:97,ba045ed4-ef25-404d-b756-8dcbd45b18fa__ep2,test,4320,4399,Assembling a paper honeycomb lantern,Secure lantern with adhesive,Sorting beads by color,0.0017804374219849706,0
long_80f_stride40:ba045ed4-ef25-404d-b756-8dcbd45b18fa__ep2:qa:98,ba045ed4-ef25-404d-b756-8dcbd45b18fa__ep2,test,4400,4479,Assembling a paper honeycomb lantern,Secure lantern with adhesive,Manipulating paper strips,0.00175714201759547,0
long_80f_stride40:ba045ed4-ef25-404d-b756-8dcbd45b18fa__ep2:qa:99,ba045ed4-ef25-404d-b756-8dcbd45b18fa__ep2,test,4440,4519,Assembling a paper honeycomb lantern,Secure lantern with adhesive,Writing on paper and reaching for beads,0.0018245846731588244,0
long_80f_stride40:ba045ed4-ef25-404d-b756-8dcbd45b18fa__ep2:qa:100,ba045ed4-ef25-404d-b756-8dcbd45b18fa__ep2,test,4480,4559,Assembling a paper honeycomb lantern,Secure lantern with adhesive,unknown,0.0017676368588581681,0
long_80f_stride40:ba045ed4-ef25-404d-b756-8dcbd45b18fa__ep2:qa:101,ba045ed4-ef25-404d-b756-8dcbd45b18fa__ep2,test,4520,4599,Assembling a paper honeycomb lantern,Secure lantern with adhesive,Sort beads and adjust phone,0.0018546403152868152,0
long_80f_stride40:ba045ed4-ef25-404d-b756-8dcbd45b18fa__ep2:qa:102,ba045ed4-ef25-404d-b756-8dcbd45b18fa__ep2,test,4600,4679,Assembling a paper honeycomb lantern,Secure lantern with adhesive,unknown,0.001764581655152142,0
long_80f_stride40:ba045ed4-ef25-404d-b756-8dcbd45b18fa__ep2:qa:103,ba045ed4-ef25-404d-b756-8dcbd45b18fa__ep2,test,4640,4719,Assembling a paper honeycomb lantern,Unpack additional lantern component,Cutting and stacking cardboard pieces,0.0019576663617044687,0
long_80f_stride40:ba045ed4-ef25-404d-b756-8dcbd45b18fa__ep2:qa:104,ba045ed4-ef25-404d-b756-8dcbd45b18fa__ep2,test,4680,4759,Assembling a paper honeycomb lantern,Unpack additional lantern component,Repositioning and cutting cardboard pieces,0.001933935098350048,0
long_80f_stride40:ba045ed4-ef25-404d-b756-8dcbd45b18fa__ep2:qa:105,ba045ed4-ef25-404d-b756-8dcbd45b18fa__ep2,test,4720,4799,Assembling a paper honeycomb lantern,Unpack additional lantern component,unknown,0.001748860813677311,0
long_80f_stride40:ba045ed4-ef25-404d-b756-8dcbd45b18fa__ep2:qa:106,ba045ed4-ef25-404d-b756-8dcbd45b18fa__ep2,test,4800,4879,Assembling a paper honeycomb lantern,Unpack additional lantern component,Adjusting snack package,0.0018780484097078443,0
long_80f_stride40:ba045ed4-ef25-404d-b756-8dcbd45b18fa__ep2:qa:107,ba045ed4-ef25-404d-b756-8dcbd45b18fa__ep2,test,4840,4919,Assembling a paper honeycomb lantern,Remove packaging and prepare component,unknown,0.0017467383295297623,0
long_80f_stride40:ba045ed4-ef25-404d-b756-8dcbd45b18fa__ep2:qa:108,ba045ed4-ef25-404d-b756-8dcbd45b18fa__ep2,test,4880,4959,Assembling a paper honeycomb lantern,Remove packaging and prepare component,Observing and reaching for products,0.0019135973416268826,0
long_80f_stride40:ba045ed4-ef25-404d-b756-8dcbd45b18fa__ep2:qa:109,ba045ed4-ef25-404d-b756-8dcbd45b18fa__ep2,test,4920,4999,Assembling a paper honeycomb lantern,Remove packaging and prepare component,unknown,0.001755327102728188,0
long_80f_stride40:ba045ed4-ef25-404d-b756-8dcbd45b18fa__ep2:qa:110,ba045ed4-ef25-404d-b756-8dcbd45b18fa__ep2,test,5000,5079,Assembling a paper honeycomb lantern,Remove packaging and prepare component,Cleaning shelves and relocating,0.0018314567860215902,0
long_80f_stride40:ba045ed4-ef25-404d-b756-8dcbd45b18fa__ep2:qa:111,ba045ed4-ef25-404d-b756-8dcbd45b18fa__ep2,test,5040,5119,Assembling a paper honeycomb lantern,Remove packaging and prepare component,Aligning ruler for final measurements,0.0017604570602998137,0
long_80f_stride40:ba045ed4-ef25-404d-b756-8dcbd45b18fa__ep2:qa:112,ba045ed4-ef25-404d-b756-8dcbd45b18fa__ep2,test,5080,5159,Assembling a paper honeycomb lantern,Remove packaging and prepare component,Aligning ruler for final measurements,0.0017456995556131005,0
long_80f_stride40:ba045ed4-ef25-404d-b756-8dcbd45b18fa__ep2:qa:113,ba045ed4-ef25-404d-b756-8dcbd45b18fa__ep2,test,5160,5239,Assembling a paper honeycomb lantern,Remove packaging and prepare component,unknown,0.0017490617465227842,0
long_80f_stride40:ba045ed4-ef25-404d-b756-8dcbd45b18fa__ep2:qa:114,ba045ed4-ef25-404d-b756-8dcbd45b18fa__ep2,test,5200,5279,Assembling a paper honeycomb lantern,Remove packaging and prepare component,unknown,0.001772251445800066,0
long_80f_stride40:ba045ed4-ef25-404d-b756-8dcbd45b18fa__ep2:qa:115,ba045ed4-ef25-404d-b756-8dcbd45b18fa__ep2,test,5240,5319,Assembling a paper honeycomb lantern,Expand paper lantern,unknown,0.0018209555419161916,0
long_80f_stride40:ba045ed4-ef25-404d-b756-8dcbd45b18fa__ep2:qa:116,ba045ed4-ef25-404d-b756-8dcbd45b18fa__ep2,test,5280,5359,Assembling a paper honeycomb lantern,Expand paper lantern,Reposition sign and organize beads,0.002095957985147834,0
long_80f_stride40:ba045ed4-ef25-404d-b756-8dcbd45b18fa__ep2:qa:117,ba045ed4-ef25-404d-b756-8dcbd45b18fa__ep2,test,5320,5399,Assembling a paper honeycomb lantern,Expand paper lantern,Reposition sign and organize beads,0.001992226578295231,0
long_80f_stride40:ba045ed4-ef25-404d-b756-8dcbd45b18fa__ep2:qa:118,ba045ed4-ef25-404d-b756-8dcbd45b18fa__ep2,test,5400,5479,Assembling a paper honeycomb lantern,Expand paper lantern,Organizing paper strips,0.001908371108584106,0
long_80f_stride40:ba045ed4-ef25-404d-b756-8dcbd45b18fa__ep2:qa:119,ba045ed4-ef25-404d-b756-8dcbd45b18fa__ep2,test,5440,5519,Assembling a paper honeycomb lantern,Expand paper lantern,Aligning ruler for final measurements,0.0018093674443662167,0
long_80f_stride40:ba045ed4-ef25-404d-b756-8dcbd45b18fa__ep2:qa:120,ba045ed4-ef25-404d-b756-8dcbd45b18fa__ep2,test,5480,5559,Assembling a paper honeycomb lantern,Expand paper lantern,Manipulate paper piece,0.001896921545267105,0
long_80f_stride40:ba045ed4-ef25-404d-b756-8dcbd45b18fa__ep2:qa:121,ba045ed4-ef25-404d-b756-8dcbd45b18fa__ep2,test,5520,5599,Assembling a paper honeycomb lantern,Expand paper lantern,Fold paper star,0.00181491463445127,0
long_80f_stride40:ba045ed4-ef25-404d-b756-8dcbd45b18fa__ep2:qa:122,ba045ed4-ef25-404d-b756-8dcbd45b18fa__ep2,test,5560,5639,Assembling a paper honeycomb lantern,Expand paper lantern,Sort Mahjong tiles,0.0019132999004796147,0
long_80f_stride40:ba045ed4-ef25-404d-b756-8dcbd45b18fa__ep2:qa:123,ba045ed4-ef25-404d-b756-8dcbd45b18fa__ep2,test,5600,5679,Assembling a paper honeycomb lantern,Expand paper lantern,Aligning ruler for final measurements,0.0019261210691183805,0
long_80f_stride40:ba045ed4-ef25-404d-b756-8dcbd45b18fa__ep2:qa:124,ba045ed4-ef25-404d-b756-8dcbd45b18fa__ep2,test,5640,5719,Assembling a paper honeycomb lantern,Final alignment of lantern edges,Arranging paper stars,0.0017748347017914057,0
long_80f_stride40:ba045ed4-ef25-404d-b756-8dcbd45b18fa__ep2:qa:125,ba045ed4-ef25-404d-b756-8dcbd45b18fa__ep2,test,5680,5759,Assembling a paper honeycomb lantern,Final alignment of lantern edges,Complete folding and place star on table,0.0018439522245898843,0
long_80f_stride40:ba045ed4-ef25-404d-b756-8dcbd45b18fa__ep2:qa:126,ba045ed4-ef25-404d-b756-8dcbd45b18fa__ep2,test,5720,5799,Assembling a paper honeycomb lantern,Final alignment of lantern edges,Complete folding and place star on table,0.0017946215812116861,0
long_80f_stride40:ba045ed4-ef25-404d-b756-8dcbd45b18fa__ep2:qa:127,ba045ed4-ef25-404d-b756-8dcbd45b18fa__ep2,test,5800,5879,Assembling a paper honeycomb lantern,Final alignment of lantern edges,Holding and rotating paper strip,0.002192630898207426,0
long_80f_stride40:4b02bb38-384a-438a-b5f9-6131d85c34b0__ep1:qa:0,4b02bb38-384a-438a-b5f9-6131d85c34b0__ep1,test,0,79,Crafting and smartphone usage at a desk,Preparing craft area,Cutting and pausing,0.0018688678974285722,0
long_80f_stride40:4b02bb38-384a-438a-b5f9-6131d85c34b0__ep1:qa:1,4b02bb38-384a-438a-b5f9-6131d85c34b0__ep1,test,40,119,Crafting and smartphone usage at a desk,Preparing craft area,Cutting and pausing,0.0018716148333624005,0
long_80f_stride40:4b02bb38-384a-438a-b5f9-6131d85c34b0__ep1:qa:2,4b02bb38-384a-438a-b5f9-6131d85c34b0__ep1,test,80,159,Crafting and smartphone usage at a desk,Preparing craft area,Cutting and pausing,0.0018729843432083726,0
long_80f_stride40:4b02bb38-384a-438a-b5f9-6131d85c34b0__ep1:qa:3,4b02bb38-384a-438a-b5f9-6131d85c34b0__ep1,test,120,199,Crafting and smartphone usage at a desk,Preparing craft area,Cutting and pausing,0.0018821739358827472,0
long_80f_stride40:4b02bb38-384a-438a-b5f9-6131d85c34b0__ep1:qa:4,4b02bb38-384a-438a-b5f9-6131d85c34b0__ep1,test,160,239,Crafting and smartphone usage at a desk,Preparing craft area,Cutting and pausing,0.0018691831501200795,0
long_80f_stride40:4b02bb38-384a-438a-b5f9-6131d85c34b0__ep1:qa:5,4b02bb38-384a-438a-b5f9-6131d85c34b0__ep1,test,200,279,Crafting and smartphone usage at a desk,Preparing craft area,Cutting and pausing,0.0018765564309433103,0
long_80f_stride40:4b02bb38-384a-438a-b5f9-6131d85c34b0__ep1:qa:6,4b02bb38-384a-438a-b5f9-6131d85c34b0__ep1,test,280,359,Crafting and smartphone usage at a desk,Transitioning to smartphone usage,Cutting and pausing,0.0018685372779145837,0
long_80f_stride40:4b02bb38-384a-438a-b5f9-6131d85c34b0__ep1:qa:7,4b02bb38-384a-438a-b5f9-6131d85c34b0__ep1,test,320,399,Crafting and smartphone usage at a desk,Transitioning to smartphone usage,Cutting and pausing,0.0018770870519801974,0
long_80f_stride40:4b02bb38-384a-438a-b5f9-6131d85c34b0__ep1:qa:8,4b02bb38-384a-438a-b5f9-6131d85c34b0__ep1,test,400,479,Crafting and smartphone usage at a desk,Transitioning to smartphone usage,Cutting and pausing,0.001864878460764885,0
long_80f_stride40:4b02bb38-384a-438a-b5f9-6131d85c34b0__ep1:qa:9,4b02bb38-384a-438a-b5f9-6131d85c34b0__ep1,test,440,519,Crafting and smartphone usage at a desk,Transitioning to smartphone usage,Cutting and pausing,0.0018688356503844261,0
long_80f_stride40:4b02bb38-384a-438a-b5f9-6131d85c34b0__ep1:qa:10,4b02bb38-384a-438a-b5f9-6131d85c34b0__ep1,test,480,559,Crafting and smartphone usage at a desk,Transitioning to smartphone usage,Cutting and pausing,0.0018715806072577834,0
long_80f_stride40:4b02bb38-384a-438a-b5f9-6131d85c34b0__ep1:qa:11,4b02bb38-384a-438a-b5f9-6131d85c34b0__ep1,test,520,599,Crafting and smartphone usage at a desk,Transitioning to smartphone usage,Cutting and pausing,0.0018664015224203467,0
long_80f_stride40:4b02bb38-384a-438a-b5f9-6131d85c34b0__ep1:qa:12,4b02bb38-384a-438a-b5f9-6131d85c34b0__ep1,test,560,639,Crafting and smartphone usage at a desk,Transitioning to smartphone usage,Cutting and pausing,0.001874672481790185,0
long_80f_stride40:4b02bb38-384a-438a-b5f9-6131d85c34b0__ep1:qa:13,4b02bb38-384a-438a-b5f9-6131d85c34b0__ep1,test,640,719,Crafting and smartphone usage at a desk,Transitioning to smartphone usage,Cutting and pausing,0.0018712584860622883,0
long_80f_stride40:4b02bb38-384a-438a-b5f9-6131d85c34b0__ep1:qa:14,4b02bb38-384a-438a-b5f9-6131d85c34b0__ep1,test,680,759,Crafting and smartphone usage at a desk,Transitioning to smartphone usage,Cutting and pausing,0.0018760832026600838,0
long_80f_stride40:4b02bb38-384a-438a-b5f9-6131d85c34b0__ep1:qa:15,4b02bb38-384a-438a-b5f9-6131d85c34b0__ep1,test,720,799,Crafting and smartphone usage at a desk,Transitioning to smartphone usage,Cutting and pausing,0.0018652614671736956,0
long_80f_stride40:4b02bb38-384a-438a-b5f9-6131d85c34b0__ep1:qa:16,4b02bb38-384a-438a-b5f9-6131d85c34b0__ep1,test,760,839,Crafting and smartphone usage at a desk,Transitioning to smartphone usage,Cutting and pausing,0.001865937258116901,0
long_80f_stride40:4b02bb38-384a-438a-b5f9-6131d85c34b0__ep1:qa:17,4b02bb38-384a-438a-b5f9-6131d85c34b0__ep1,test,800,879,Crafting and smartphone usage at a desk,unknown,Cutting and pausing,0.0018690115539357066,0
long_80f_stride40:4b02bb38-384a-438a-b5f9-6131d85c34b0__ep1:qa:18,4b02bb38-384a-438a-b5f9-6131d85c34b0__ep1,test,840,919,Crafting and smartphone usage at a desk,Using smartphone,Cutting and pausing,0.0018569885287433863,0
long_80f_stride40:4b02bb38-384a-438a-b5f9-6131d85c34b0__ep1:qa:19,4b02bb38-384a-438a-b5f9-6131d85c34b0__ep1,test,880,959,Crafting and smartphone usage at a desk,Using smartphone,Cutting and pausing,0.0018643579678609967,0
long_80f_stride40:4b02bb38-384a-438a-b5f9-6131d85c34b0__ep1:qa:20,4b02bb38-384a-438a-b5f9-6131d85c34b0__ep1,test,920,999,Crafting and smartphone usage at a desk,Using smartphone,Cutting and pausing,0.0018620566697791219,0
long_80f_stride40:4b02bb38-384a-438a-b5f9-6131d85c34b0__ep1:qa:21,4b02bb38-384a-438a-b5f9-6131d85c34b0__ep1,test,1000,1079,Crafting and smartphone usage at a desk,Using smartphone,Cutting and pausing,0.0018677414627745748,0
long_80f_stride40:4b02bb38-384a-438a-b5f9-6131d85c34b0__ep1:qa:22,4b02bb38-384a-438a-b5f9-6131d85c34b0__ep1,test,1040,1119,Crafting and smartphone usage at a desk,Using smartphone,Cutting and pausing,0.0018764601554721594,0
long_80f_stride40:4b02bb38-384a-438a-b5f9-6131d85c34b0__ep1:qa:23,4b02bb38-384a-438a-b5f9-6131d85c34b0__ep1,test,1080,1159,Crafting and smartphone usage at a desk,Using smartphone,Cutting and pausing,0.0018653878942131996,0
long_80f_stride40:4b02bb38-384a-438a-b5f9-6131d85c34b0__ep1:qa:24,4b02bb38-384a-438a-b5f9-6131d85c34b0__ep1,test,1120,1199,Crafting and smartphone usage at a desk,Using smartphone,Cutting and pausing,0.0018633377039805055,0
long_80f_stride40:4b02bb38-384a-438a-b5f9-6131d85c34b0__ep1:qa:25,4b02bb38-384a-438a-b5f9-6131d85c34b0__ep1,test,1160,1239,Crafting and smartphone usage at a desk,Using smartphone,Cutting and pausing,0.0018668005941435695,0
long_80f_stride40:4b02bb38-384a-438a-b5f9-6131d85c34b0__ep1:qa:26,4b02bb38-384a-438a-b5f9-6131d85c34b0__ep1,test,1200,1279,Crafting and smartphone usage at a desk,Using smartphone,Cutting and pausing,0.00188854755833745,0
long_80f_stride40:4b02bb38-384a-438a-b5f9-6131d85c34b0__ep1:qa:27,4b02bb38-384a-438a-b5f9-6131d85c34b0__ep1,test,1240,1319,Crafting and smartphone usage at a desk,Browsing smartphone,Cutting and pausing,0.0018594161374494433,0
long_80f_stride40:4b02bb38-384a-438a-b5f9-6131d85c34b0__ep1:qa:28,4b02bb38-384a-438a-b5f9-6131d85c34b0__ep1,test,1280,1359,Crafting and smartphone usage at a desk,Browsing smartphone,Positioning and cutting cardboard,0.0019199395319446921,0
long_80f_stride40:4b02bb38-384a-438a-b5f9-6131d85c34b0__ep1:qa:29,4b02bb38-384a-438a-b5f9-6131d85c34b0__ep1,test,1320,1399,Crafting and smartphone usage at a desk,Browsing smartphone,Cutting and pausing,0.001876795431599021,0
long_80f_stride40:4b02bb38-384a-438a-b5f9-6131d85c34b0__ep1:qa:30,4b02bb38-384a-438a-b5f9-6131d85c34b0__ep1,test,1400,1479,Crafting and smartphone usage at a desk,Browsing smartphone,Cutting and pausing,0.0018948300275951624,0
long_80f_stride40:4b02bb38-384a-438a-b5f9-6131d85c34b0__ep1:qa:31,4b02bb38-384a-438a-b5f9-6131d85c34b0__ep1,test,1440,1519,Crafting and smartphone usage at a desk,Browsing smartphone,Cutting and pausing,0.0018623252399265766,0
long_80f_stride40:4b02bb38-384a-438a-b5f9-6131d85c34b0__ep1:qa:32,4b02bb38-384a-438a-b5f9-6131d85c34b0__ep1,test,1480,1559,Crafting and smartphone usage at a desk,Browsing smartphone,Cutting and pausing,0.0018581671174615622,0
long_80f_stride40:4b02bb38-384a-438a-b5f9-6131d85c34b0__ep1:qa:33,4b02bb38-384a-438a-b5f9-6131d85c34b0__ep1,test,1520,1599,Crafting and smartphone usage at a desk,Browsing smartphone,Cutting and pausing,0.0018717828206717968,0
long_80f_stride40:4b02bb38-384a-438a-b5f9-6131d85c34b0__ep1:qa:34,4b02bb38-384a-438a-b5f9-6131d85c34b0__ep1,test,1560,1639,Crafting and smartphone usage at a desk,Browsing smartphone,Cutting and pausing,0.0018593958811834455,0
long_80f_stride40:4b02bb38-384a-438a-b5f9-6131d85c34b0__ep1:qa:35,4b02bb38-384a-438a-b5f9-6131d85c34b0__ep1,test,1600,1679,Crafting and smartphone usage at a desk,Browsing smartphone,Cutting and pausing,0.0018636233871802688,0
long_80f_stride40:4b02bb38-384a-438a-b5f9-6131d85c34b0__ep1:qa:36,4b02bb38-384a-438a-b5f9-6131d85c34b0__ep1,test,1640,1719,Crafting and smartphone usage at a desk,Browsing smartphone,Cutting and pausing,0.0018730483716353774,0
long_80f_stride40:4b02bb38-384a-438a-b5f9-6131d85c34b0__ep1:qa:37,4b02bb38-384a-438a-b5f9-6131d85c34b0__ep1,test,1680,1759,Crafting and smartphone usage at a desk,Browsing smartphone,Cutting and pausing,0.0018578359158709645,0
long_80f_stride40:4b02bb38-384a-438a-b5f9-6131d85c34b0__ep1:qa:38,4b02bb38-384a-438a-b5f9-6131d85c34b0__ep1,test,1720,1799,Crafting and smartphone usage at a desk,Browsing smartphone,Cutting and pausing,0.0018580699106678367,0
long_80f_stride40:4b02bb38-384a-438a-b5f9-6131d85c34b0__ep1:qa:39,4b02bb38-384a-438a-b5f9-6131d85c34b0__ep1,test,1760,1839,Crafting and smartphone usage at a desk,Browsing smartphone,Cutting and pausing,0.001860345364548266,0
long_80f_stride40:4b02bb38-384a-438a-b5f9-6131d85c34b0__ep1:qa:40,4b02bb38-384a-438a-b5f9-6131d85c34b0__ep1,test,1800,1879,Crafting and smartphone usage at a desk,unknown,Cutting and pausing,0.001872374559752643,0
long_80f_stride40:4b02bb38-384a-438a-b5f9-6131d85c34b0__ep1:qa:41,4b02bb38-384a-438a-b5f9-6131d85c34b0__ep1,test,1840,1919,Crafting and smartphone usage at a desk,Scrolling smartphone screen,Handle container from box,0.0018735872581601143,0
long_80f_stride40:4b02bb38-384a-438a-b5f9-6131d85c34b0__ep1:qa:42,4b02bb38-384a-438a-b5f9-6131d85c34b0__ep1,test,1880,1959,Crafting and smartphone usage at a desk,Scrolling smartphone screen,Cutting and pausing,0.0018852791981771588,0
long_80f_stride40:4b02bb38-384a-438a-b5f9-6131d85c34b0__ep1:qa:43,4b02bb38-384a-438a-b5f9-6131d85c34b0__ep1,test,1920,1999,Crafting and smartphone usage at a desk,Scrolling smartphone screen,Handle container from box,0.001898538088425994,0
long_80f_stride40:4b02bb38-384a-438a-b5f9-6131d85c34b0__ep1:qa:44,4b02bb38-384a-438a-b5f9-6131d85c34b0__ep1,test,2000,2079,Crafting and smartphone usage at a desk,Scrolling smartphone screen,Handle container from box,0.0018774023046717048,0
long_80f_stride40:4b02bb38-384a-438a-b5f9-6131d85c34b0__ep1:qa:45,4b02bb38-384a-438a-b5f9-6131d85c34b0__ep1,test,2040,2119,Crafting and smartphone usage at a desk,Scrolling smartphone screen,Cutting and pausing,0.0018761398969218135,0
long_80f_stride40:4b02bb38-384a-438a-b5f9-6131d85c34b0__ep1:qa:46,4b02bb38-384a-438a-b5f9-6131d85c34b0__ep1,test,2080,2159,Crafting and smartphone usage at a desk,Scrolling smartphone screen,Cutting and pausing,0.0018869354389607906,0
long_80f_stride40:4b02bb38-384a-438a-b5f9-6131d85c34b0__ep1:qa:47,4b02bb38-384a-438a-b5f9-6131d85c34b0__ep1,test,2120,2199,Crafting and smartphone usage at a desk,Scrolling smartphone screen,Cutting and pausing,0.001891222782433033,0
long_80f_stride40:4b02bb38-384a-438a-b5f9-6131d85c34b0__ep1:qa:48,4b02bb38-384a-438a-b5f9-6131d85c34b0__ep1,test,2160,2239,Crafting and smartphone usage at a desk,Scrolling smartphone screen,Cutting and pausing,0.0018751914612948895,0
long_80f_stride40:4b02bb38-384a-438a-b5f9-6131d85c34b0__ep1:qa:49,4b02bb38-384a-438a-b5f9-6131d85c34b0__ep1,test,2200,2279,Crafting and smartphone usage at a desk,Scrolling smartphone screen,Cutting and pausing,0.0019546239636838436,0
long_80f_stride40:4b02bb38-384a-438a-b5f9-6131d85c34b0__ep1:qa:50,4b02bb38-384a-438a-b5f9-6131d85c34b0__ep1,test,2240,2319,Crafting and smartphone usage at a desk,Scrolling smartphone screen,Cutting and pausing,0.001970608253031969,0
long_80f_stride40:4b02bb38-384a-438a-b5f9-6131d85c34b0__ep1:qa:51,4b02bb38-384a-438a-b5f9-6131d85c34b0__ep1,test,2280,2359,Crafting and smartphone usage at a desk,Scrolling smartphone screen,Walking to storage area,0.0018897593254223466,0
long_80f_stride40:4b02bb38-384a-438a-b5f9-6131d85c34b0__ep1:qa:52,4b02bb38-384a-438a-b5f9-6131d85c34b0__ep1,test,2320,2399,Crafting and smartphone usage at a desk,Scrolling smartphone screen,Handle container from box,0.001834572060033679,0
long_80f_stride40:4b02bb38-384a-438a-b5f9-6131d85c34b0__ep1:qa:53,4b02bb38-384a-438a-b5f9-6131d85c34b0__ep1,test,2360,2439,Crafting and smartphone usage at a desk,Scrolling smartphone screen,Cutting and pausing,0.001844962825998664,0
long_80f_stride40:4b02bb38-384a-438a-b5f9-6131d85c34b0__ep1:qa:54,4b02bb38-384a-438a-b5f9-6131d85c34b0__ep1,test,2400,2479,Crafting and smartphone usage at a desk,Scrolling smartphone screen,Cutting and pausing,0.0018635322339832783,0
long_80f_stride40:4b02bb38-384a-438a-b5f9-6131d85c34b0__ep1:qa:55,4b02bb38-384a-438a-b5f9-6131d85c34b0__ep1,test,2440,2519,Crafting and smartphone usage at a desk,Scrolling and setting down smartphone,Cutting and pausing,0.0018496527336537838,0
long_80f_stride40:4b02bb38-384a-438a-b5f9-6131d85c34b0__ep1:qa:56,4b02bb38-384a-438a-b5f9-6131d85c34b0__ep1,test,2480,2559,Crafting and smartphone usage at a desk,Scrolling and setting down smartphone,Cutting and pausing,0.0018616560846567154,0
long_80f_stride40:4b02bb38-384a-438a-b5f9-6131d85c34b0__ep1:qa:57,4b02bb38-384a-438a-b5f9-6131d85c34b0__ep1,test,2520,2599,Crafting and smartphone usage at a desk,Scrolling and setting down smartphone,Cutting and pausing,0.0018583032069727778,0
long_80f_stride40:4b02bb38-384a-438a-b5f9-6131d85c34b0__ep1:qa:59,4b02bb38-384a-438a-b5f9-6131d85c34b0__ep1,test,2640,2719,Crafting and smartphone usage at a desk,Scrolling and setting down smartphone,Cutting and pausing,0.0018595322035253048,0
long_80f_stride40:4b02bb38-384a-438a-b5f9-6131d85c34b0__ep1:qa:60,4b02bb38-384a-438a-b5f9-6131d85c34b0__ep1,test,2680,2759,Crafting and smartphone usage at a desk,Scrolling and setting down smartphone,Cutting and pausing,0.001862461562268436,0
long_80f_stride40:4b02bb38-384a-438a-b5f9-6131d85c34b0__ep1:qa:61,4b02bb38-384a-438a-b5f9-6131d85c34b0__ep1,test,2720,2799,Crafting and smartphone usage at a desk,Scrolling and setting down smartphone,Cutting and pausing,0.001862904755398631,0
long_80f_stride40:4b02bb38-384a-438a-b5f9-6131d85c34b0__ep1:qa:62,4b02bb38-384a-438a-b5f9-6131d85c34b0__ep1,test,2760,2839,Crafting and smartphone usage at a desk,Scrolling and setting down smartphone,Cutting and pausing,0.0018527217907831073,0
long_80f_stride40:4b02bb38-384a-438a-b5f9-6131d85c34b0__ep1:qa:63,4b02bb38-384a-438a-b5f9-6131d85c34b0__ep1,test,2800,2879,Crafting and smartphone usage at a desk,unknown,Cutting and pausing,0.0018706967821344733,0
long_80f_stride40:4b02bb38-384a-438a-b5f9-6131d85c34b0__ep1:qa:64,4b02bb38-384a-438a-b5f9-6131d85c34b0__ep1,test,2840,2919,Crafting and smartphone usage at a desk,Scrolling and placing smartphone down,Cutting and pausing,0.0018671391298994422,0
long_80f_stride40:4b02bb38-384a-438a-b5f9-6131d85c34b0__ep1:qa:65,4b02bb38-384a-438a-b5f9-6131d85c34b0__ep1,test,2880,2959,Crafting and smartphone usage at a desk,Scrolling and placing smartphone down,Cutting and pausing,0.0018599877366796136,0
long_80f_stride40:4b02bb38-384a-438a-b5f9-6131d85c34b0__ep1:qa:66,4b02bb38-384a-438a-b5f9-6131d85c34b0__ep1,test,2920,2999,Crafting and smartphone usage at a desk,Scrolling and placing smartphone down,Cutting and pausing,0.0018675962928682566,0
long_80f_stride40:4b02bb38-384a-438a-b5f9-6131d85c34b0__ep1:qa:83,4b02bb38-384a-438a-b5f9-6131d85c34b0__ep1,test,3680,3759,Crafting and smartphone usage at a desk,Scrolling and placing smartphone down,Cutting and pausing,0.0018472125520929694,0
long_80f_stride40:4b02bb38-384a-438a-b5f9-6131d85c34b0__ep1:qa:84,4b02bb38-384a-438a-b5f9-6131d85c34b0__ep1,test,3720,3799,Crafting and smartphone usage at a desk,Scrolling and placing smartphone down,Cutting and pausing,0.0018670540302991867,0
long_80f_stride40:4b02bb38-384a-438a-b5f9-6131d85c34b0__ep1:qa:85,4b02bb38-384a-438a-b5f9-6131d85c34b0__ep1,test,3760,3839,Crafting and smartphone usage at a desk,Scrolling and placing smartphone down,Cutting and pausing,0.0018388682510703802,0
long_80f_stride40:4b02bb38-384a-438a-b5f9-6131d85c34b0__ep1:qa:86,4b02bb38-384a-438a-b5f9-6131d85c34b0__ep1,test,3800,3879,Crafting and smartphone usage at a desk,unknown,Cutting and pausing,0.0018577456939965487,0
long_80f_stride40:4b02bb38-384a-438a-b5f9-6131d85c34b0__ep1:qa:87,4b02bb38-384a-438a-b5f9-6131d85c34b0__ep1,test,3840,3919,Crafting and smartphone usage at a desk,Holding smartphone,Cutting and pausing,0.001860266551375389,0
long_80f_stride40:4b02bb38-384a-438a-b5f9-6131d85c34b0__ep1:qa:88,4b02bb38-384a-438a-b5f9-6131d85c34b0__ep1,test,3880,3959,Crafting and smartphone usage at a desk,Holding smartphone,Cutting and pausing,0.0018584048375487328,0
long_80f_stride40:4b02bb38-384a-438a-b5f9-6131d85c34b0__ep1:qa:89,4b02bb38-384a-438a-b5f9-6131d85c34b0__ep1,test,3920,3999,Crafting and smartphone usage at a desk,Holding smartphone,Cutting and pausing,0.0018537665018811822,0
long_80f_stride40:4b02bb38-384a-438a-b5f9-6131d85c34b0__ep1:qa:90,4b02bb38-384a-438a-b5f9-6131d85c34b0__ep1,test,4000,4079,Crafting and smartphone usage at a desk,Holding smartphone,Cutting and pausing,0.0018635224550962448,0
long_80f_stride40:4b02bb38-384a-438a-b5f9-6131d85c34b0__ep1:qa:91,4b02bb38-384a-438a-b5f9-6131d85c34b0__ep1,test,4040,4119,Crafting and smartphone usage at a desk,Holding smartphone,Walking to storage area,0.001977647189050913,0
long_80f_stride40:4b02bb38-384a-438a-b5f9-6131d85c34b0__ep1:qa:92,4b02bb38-384a-438a-b5f9-6131d85c34b0__ep1,test,4080,4159,Crafting and smartphone usage at a desk,Holding smartphone,Cutting and pausing,0.0018566870130598545,0
long_80f_stride40:4b02bb38-384a-438a-b5f9-6131d85c34b0__ep1:qa:93,4b02bb38-384a-438a-b5f9-6131d85c34b0__ep1,test,4120,4199,Crafting and smartphone usage at a desk,Holding smartphone,Cutting and pausing,0.001863064942881465,0
long_80f_stride40:4b02bb38-384a-438a-b5f9-6131d85c34b0__ep1:qa:94,4b02bb38-384a-438a-b5f9-6131d85c34b0__ep1,test,4160,4239,Crafting and smartphone usage at a desk,Holding smartphone,Cutting and pausing,0.0018732788739725947,0
long_80f_stride40:4b02bb38-384a-438a-b5f9-6131d85c34b0__ep1:qa:95,4b02bb38-384a-438a-b5f9-6131d85c34b0__ep1,test,4200,4279,Crafting and smartphone usage at a desk,Holding smartphone,Cutting and pausing,0.0018532749963924289,0
long_80f_stride40:4b02bb38-384a-438a-b5f9-6131d85c34b0__ep1:qa:96,4b02bb38-384a-438a-b5f9-6131d85c34b0__ep1,test,4240,4319,Crafting and smartphone usage at a desk,Paper quilling craft,Cutting and pausing,0.0018659370252862573,0
long_80f_stride40:4b02bb38-384a-438a-b5f9-6131d85c34b0__ep1:qa:97,4b02bb38-384a-438a-b5f9-6131d85c34b0__ep1,test,4280,4359,Crafting and smartphone usage at a desk,Paper quilling craft,Cutting and pausing,0.0018479274585843086,0
long_80f_stride40:4b02bb38-384a-438a-b5f9-6131d85c34b0__ep1:qa:98,4b02bb38-384a-438a-b5f9-6131d85c34b0__ep1,test,4320,4399,Crafting and smartphone usage at a desk,Paper quilling craft,Cutting and pausing,0.001854904810898006,0
long_80f_stride40:4b02bb38-384a-438a-b5f9-6131d85c34b0__ep1:qa:99,4b02bb38-384a-438a-b5f9-6131d85c34b0__ep1,test,4400,4479,Crafting and smartphone usage at a desk,Paper quilling craft,Cutting and pausing,0.0018541640602052212,0
long_80f_stride40:4b02bb38-384a-438a-b5f9-6131d85c34b0__ep1:qa:100,4b02bb38-384a-438a-b5f9-6131d85c34b0__ep1,test,4440,4519,Crafting and smartphone usage at a desk,Paper quilling craft,Cutting and pausing,0.0018482499290257692,0
long_80f_stride40:4b02bb38-384a-438a-b5f9-6131d85c34b0__ep1:qa:101,4b02bb38-384a-438a-b5f9-6131d85c34b0__ep1,test,4480,4559,Crafting and smartphone usage at a desk,Paper quilling craft,Cutting and pausing,0.0018550859531387687,0
long_80f_stride40:4b02bb38-384a-438a-b5f9-6131d85c34b0__ep1:qa:102,4b02bb38-384a-438a-b5f9-6131d85c34b0__ep1,test,4520,4599,Crafting and smartphone usage at a desk,Paper quilling craft,Cutting and pausing,0.0018582467455416918,0
long_80f_stride40:4b02bb38-384a-438a-b5f9-6131d85c34b0__ep1:qa:103,4b02bb38-384a-438a-b5f9-6131d85c34b0__ep1,test,4560,4639,Crafting and smartphone usage at a desk,Paper quilling craft,Cutting and pausing,0.0018447123002260923,0
long_80f_stride40:4b02bb38-384a-438a-b5f9-6131d85c34b0__ep1:qa:104,4b02bb38-384a-438a-b5f9-6131d85c34b0__ep1,test,4600,4679,Crafting and smartphone usage at a desk,Paper quilling craft,Cutting and pausing,0.0018571470864117146,0
long_80f_stride40:4b02bb38-384a-438a-b5f9-6131d85c34b0__ep1:qa:105,4b02bb38-384a-438a-b5f9-6131d85c34b0__ep1,test,4640,4719,Crafting and smartphone usage at a desk,Paper quilling craft,Cutting and pausing,0.001844956772401929,0
long_80f_stride40:4b02bb38-384a-438a-b5f9-6131d85c34b0__ep1:qa:106,4b02bb38-384a-438a-b5f9-6131d85c34b0__ep1,test,4680,4759,Crafting and smartphone usage at a desk,Paper quilling craft,Cutting and pausing,0.0018450873903930187,0
long_80f_stride40:4b02bb38-384a-438a-b5f9-6131d85c34b0__ep1:qa:107,4b02bb38-384a-438a-b5f9-6131d85c34b0__ep1,test,4720,4799,Crafting and smartphone usage at a desk,Paper quilling craft,Cutting and pausing,0.0018671011785045266,0
long_80f_stride40:4b02bb38-384a-438a-b5f9-6131d85c34b0__ep1:qa:108,4b02bb38-384a-438a-b5f9-6131d85c34b0__ep1,test,4760,4839,Crafting and smartphone usage at a desk,Paper quilling craft,Cutting and pausing,0.0018531945534050465,0
long_80f_stride40:4b02bb38-384a-438a-b5f9-6131d85c34b0__ep1:qa:109,4b02bb38-384a-438a-b5f9-6131d85c34b0__ep1,test,4800,4879,Crafting and smartphone usage at a desk,Paper quilling craft,Cutting and pausing,0.0018501243321225047,0
long_80f_stride40:5399ef86-4df9-49bc-809f-8f4f92f9e659__ep6:qa:0,5399ef86-4df9-49bc-809f-8f4f92f9e659__ep6,test,0,79,Assembling a jigsaw puzzle,Pick up and place puzzle piece,Placing and scanning for puzzle pieces,0.002358455443754792,0
long_80f_stride40:5399ef86-4df9-49bc-809f-8f4f92f9e659__ep6:qa:1,5399ef86-4df9-49bc-809f-8f4f92f9e659__ep6,test,40,119,Assembling a jigsaw puzzle,Pick up and place puzzle piece,Placing and scanning for puzzle pieces,0.002354247262701392,0
long_80f_stride40:5399ef86-4df9-49bc-809f-8f4f92f9e659__ep6:qa:2,5399ef86-4df9-49bc-809f-8f4f92f9e659__ep6,test,80,159,Assembling a jigsaw puzzle,Pick up and place puzzle piece,Placing and scanning for puzzle pieces,0.0023599781561642885,0
long_80f_stride40:5399ef86-4df9-49bc-809f-8f4f92f9e659__ep6:qa:3,5399ef86-4df9-49bc-809f-8f4f92f9e659__ep6,test,160,239,Assembling a jigsaw puzzle,Pick up and place puzzle piece,Placing and scanning for puzzle pieces,0.002325574168935418,0
long_80f_stride40:5399ef86-4df9-49bc-809f-8f4f92f9e659__ep6:qa:4,5399ef86-4df9-49bc-809f-8f4f92f9e659__ep6,test,200,279,Assembling a jigsaw puzzle,Pick up and place puzzle piece,Placing and scanning for puzzle pieces,0.002384452847763896,0
long_80f_stride40:5399ef86-4df9-49bc-809f-8f4f92f9e659__ep6:qa:5,5399ef86-4df9-49bc-809f-8f4f92f9e659__ep6,test,240,319,Assembling a jigsaw puzzle,Manipulate puzzle piece,Placing and scanning for puzzle pieces,0.0023573250509798527,0
long_80f_stride40:5399ef86-4df9-49bc-809f-8f4f92f9e659__ep6:qa:6,5399ef86-4df9-49bc-809f-8f4f92f9e659__ep6,test,280,359,Assembling a jigsaw puzzle,Manipulate puzzle piece,Scanning for and placing puzzle pieces,0.0022965376265347004,0
long_80f_stride40:5399ef86-4df9-49bc-809f-8f4f92f9e659__ep6:qa:7,5399ef86-4df9-49bc-809f-8f4f92f9e659__ep6,test,320,399,Assembling a jigsaw puzzle,Manipulate puzzle piece,Scanning for and placing puzzle pieces,0.0023681160528212786,0
long_80f_stride40:5399ef86-4df9-49bc-809f-8f4f92f9e659__ep6:qa:8,5399ef86-4df9-49bc-809f-8f4f92f9e659__ep6,test,400,479,Assembling a jigsaw puzzle,Manipulate puzzle piece,Scanning for and placing puzzle pieces,0.002330699237063527,0
long_80f_stride40:5399ef86-4df9-49bc-809f-8f4f92f9e659__ep6:qa:9,5399ef86-4df9-49bc-809f-8f4f92f9e659__ep6,test,440,519,Assembling a jigsaw puzzle,Manipulate puzzle piece,Scanning for and placing puzzle pieces,0.0023174274247139692,0
long_80f_stride40:5399ef86-4df9-49bc-809f-8f4f92f9e659__ep6:qa:10,5399ef86-4df9-49bc-809f-8f4f92f9e659__ep6,test,480,559,Assembling a jigsaw puzzle,Manipulate puzzle piece,Scanning for and placing puzzle pieces,0.002322552492842078,0
long_80f_stride40:5399ef86-4df9-49bc-809f-8f4f92f9e659__ep6:qa:11,5399ef86-4df9-49bc-809f-8f4f92f9e659__ep6,test,520,599,Assembling a jigsaw puzzle,Manipulate puzzle piece,Scanning for and placing puzzle pieces,0.002308910945430398,0
long_80f_stride40:5399ef86-4df9-49bc-809f-8f4f92f9e659__ep6:qa:12,5399ef86-4df9-49bc-809f-8f4f92f9e659__ep6,test,560,639,Assembling a jigsaw puzzle,Manipulate puzzle piece,Manipulating puzzle pieces,0.0023327365051954985,0
long_80f_stride40:5399ef86-4df9-49bc-809f-8f4f92f9e659__ep6:qa:13,5399ef86-4df9-49bc-809f-8f4f92f9e659__ep6,test,600,679,Assembling a jigsaw puzzle,Manipulate puzzle piece,Manipulating puzzle pieces,0.0023584438022226095,0
long_80f_stride40:5399ef86-4df9-49bc-809f-8f4f92f9e659__ep6:qa:14,5399ef86-4df9-49bc-809f-8f4f92f9e659__ep6,test,640,719,Assembling a jigsaw puzzle,Manipulate puzzle piece,Placing puzzle piece,0.002301629167050123,0
long_80f_stride40:5399ef86-4df9-49bc-809f-8f4f92f9e659__ep6:qa:15,5399ef86-4df9-49bc-809f-8f4f92f9e659__ep6,test,680,759,Assembling a jigsaw puzzle,Manipulate puzzle piece,Placing and scanning for puzzle pieces,0.0023325392976403236,0
long_80f_stride40:5399ef86-4df9-49bc-809f-8f4f92f9e659__ep6:qa:16,5399ef86-4df9-49bc-809f-8f4f92f9e659__ep6,test,720,799,Assembling a jigsaw puzzle,Manipulate puzzle piece,Placing puzzle piece,0.0022351443767547607,0
long_80f_stride40:5399ef86-4df9-49bc-809f-8f4f92f9e659__ep6:qa:17,5399ef86-4df9-49bc-809f-8f4f92f9e659__ep6,test,760,839,Assembling a jigsaw puzzle,Manipulate puzzle piece,Placing puzzle piece,0.0022365767508745193,0
long_80f_stride40:5399ef86-4df9-49bc-809f-8f4f92f9e659__ep6:qa:18,5399ef86-4df9-49bc-809f-8f4f92f9e659__ep6,test,800,879,Assembling a jigsaw puzzle,Manipulate puzzle piece,Placing puzzle piece,0.0022499661426991224,0
long_80f_stride40:5399ef86-4df9-49bc-809f-8f4f92f9e659__ep6:qa:19,5399ef86-4df9-49bc-809f-8f4f92f9e659__ep6,test,840,919,Assembling a jigsaw puzzle,Manipulate puzzle pieces,Manipulating puzzle pieces,0.0022914838045835495,0
long_80f_stride40:5399ef86-4df9-49bc-809f-8f4f92f9e659__ep6:qa:20,5399ef86-4df9-49bc-809f-8f4f92f9e659__ep6,test,880,959,Assembling a jigsaw puzzle,Manipulate puzzle pieces,Placing and searching for puzzle pieces,0.002315369201824069,0
long_80f_stride40:5399ef86-4df9-49bc-809f-8f4f92f9e659__ep6:qa:21,5399ef86-4df9-49bc-809f-8f4f92f9e659__ep6,test,920,999,Assembling a jigsaw puzzle,Manipulate puzzle pieces,Placing and searching for puzzle pieces,0.002291772747412324,0
long_80f_stride40:5399ef86-4df9-49bc-809f-8f4f92f9e659__ep6:qa:22,5399ef86-4df9-49bc-809f-8f4f92f9e659__ep6,test,1000,1079,Assembling a jigsaw puzzle,Manipulate puzzle pieces,Placing and searching for puzzle pieces,0.00230522477068007,0
long_80f_stride40:5399ef86-4df9-49bc-809f-8f4f92f9e659__ep6:qa:23,5399ef86-4df9-49bc-809f-8f4f92f9e659__ep6,test,1040,1119,Assembling a jigsaw puzzle,Manipulate puzzle pieces,Placing and searching for puzzle pieces,0.0023200528230518103,0
long_80f_stride40:5399ef86-4df9-49bc-809f-8f4f92f9e659__ep6:qa:24,5399ef86-4df9-49bc-809f-8f4f92f9e659__ep6,test,1080,1159,Assembling a jigsaw puzzle,Manipulate puzzle pieces,Placing and searching for puzzle pieces,0.0023147370666265488,0
long_80f_stride40:5399ef86-4df9-49bc-809f-8f4f92f9e659__ep6:qa:25,5399ef86-4df9-49bc-809f-8f4f92f9e659__ep6,test,1120,1199,Assembling a jigsaw puzzle,Manipulate puzzle pieces,Placing and searching for puzzle pieces,0.0024875544477254152,0
long_80f_stride40:5399ef86-4df9-49bc-809f-8f4f92f9e659__ep6:qa:26,5399ef86-4df9-49bc-809f-8f4f92f9e659__ep6,test,1160,1239,Assembling a jigsaw puzzle,Manipulate puzzle pieces,Placing and searching for puzzle pieces,0.002308708382770419,0
long_80f_stride40:5399ef86-4df9-49bc-809f-8f4f92f9e659__ep6:qa:27,5399ef86-4df9-49bc-809f-8f4f92f9e659__ep6,test,1200,1279,Assembling a jigsaw puzzle,Manipulate puzzle pieces,Adjusting puzzle piece,0.0023903686087578535,0
long_80f_stride40:5399ef86-4df9-49bc-809f-8f4f92f9e659__ep6:qa:28,5399ef86-4df9-49bc-809f-8f4f92f9e659__ep6,test,1240,1319,Assembling a jigsaw puzzle,Manipulate puzzle pieces,Placing puzzle piece,0.0022011001128703356,0
long_80f_stride40:5399ef86-4df9-49bc-809f-8f4f92f9e659__ep6:qa:29,5399ef86-4df9-49bc-809f-8f4f92f9e659__ep6,test,1280,1359,Assembling a jigsaw puzzle,Manipulate puzzle pieces,Placing puzzle piece,0.0022615070920437574,0
long_80f_stride40:5399ef86-4df9-49bc-809f-8f4f92f9e659__ep6:qa:30,5399ef86-4df9-49bc-809f-8f4f92f9e659__ep6,test,1320,1399,Assembling a jigsaw puzzle,Manipulate puzzle pieces,Adjusting puzzle piece,0.002356892917305231,0
long_80f_stride40:5399ef86-4df9-49bc-809f-8f4f92f9e659__ep6:qa:31,5399ef86-4df9-49bc-809f-8f4f92f9e659__ep6,test,1360,1439,Assembling a jigsaw puzzle,Manipulate puzzle pieces,Adjusting puzzle piece,0.0022678147070109844,0
long_80f_stride40:5399ef86-4df9-49bc-809f-8f4f92f9e659__ep6:qa:32,5399ef86-4df9-49bc-809f-8f4f92f9e659__ep6,test,1400,1479,Assembling a jigsaw puzzle,Manipulate puzzle pieces,Adjusting puzzle piece,0.0023752807173877954,0
long_80f_stride40:5399ef86-4df9-49bc-809f-8f4f92f9e659__ep6:qa:33,5399ef86-4df9-49bc-809f-8f4f92f9e659__ep6,test,1440,1519,Assembling a jigsaw puzzle,Manipulate puzzle pieces,Adjusting puzzle piece,0.002233990002423525,0
long_80f_stride40:5399ef86-4df9-49bc-809f-8f4f92f9e659__ep6:qa:34,5399ef86-4df9-49bc-809f-8f4f92f9e659__ep6,test,1480,1559,Assembling a jigsaw puzzle,Manipulate puzzle pieces,Positioning puzzle piece,0.0022028046660125256,0
long_80f_stride40:5399ef86-4df9-49bc-809f-8f4f92f9e659__ep6:qa:35,5399ef86-4df9-49bc-809f-8f4f92f9e659__ep6,test,1520,1599,Assembling a jigsaw puzzle,Manipulate puzzle pieces,Adjusting puzzle piece,0.002330961637198925,0
long_80f_stride40:5399ef86-4df9-49bc-809f-8f4f92f9e659__ep6:qa:36,5399ef86-4df9-49bc-809f-8f4f92f9e659__ep6,test,1560,1639,Assembling a jigsaw puzzle,Place puzzle piece,Adjusting puzzle piece,0.002233942272141576,0
long_80f_stride40:5399ef86-4df9-49bc-809f-8f4f92f9e659__ep6:qa:37,5399ef86-4df9-49bc-809f-8f4f92f9e659__ep6,test,1600,1679,Assembling a jigsaw puzzle,Place puzzle piece,Adjusting puzzle piece,0.002218810375779867,0
long_80f_stride40:5399ef86-4df9-49bc-809f-8f4f92f9e659__ep6:qa:38,5399ef86-4df9-49bc-809f-8f4f92f9e659__ep6,test,1640,1719,Assembling a jigsaw puzzle,Place puzzle piece,Adjusting puzzle piece,0.0023052061442285776,0
long_80f_stride40:5399ef86-4df9-49bc-809f-8f4f92f9e659__ep6:qa:41,5399ef86-4df9-49bc-809f-8f4f92f9e659__ep6,test,1800,1879,Assembling a jigsaw puzzle,Place puzzle piece,Positioning puzzle piece,0.002328642876818776,0
long_80f_stride40:5399ef86-4df9-49bc-809f-8f4f92f9e659__ep6:qa:42,5399ef86-4df9-49bc-809f-8f4f92f9e659__ep6,test,1840,1919,Assembling a jigsaw puzzle,Place puzzle piece,Adjusting puzzle piece,0.002303754910826683,0
long_80f_stride40:5399ef86-4df9-49bc-809f-8f4f92f9e659__ep6:qa:43,5399ef86-4df9-49bc-809f-8f4f92f9e659__ep6,test,1880,1959,Assembling a jigsaw puzzle,Observe puzzle progress,Manipulating puzzle pieces,0.002369922585785389,0
long_80f_stride40:5399ef86-4df9-49bc-809f-8f4f92f9e659__ep6:qa:44,5399ef86-4df9-49bc-809f-8f4f92f9e659__ep6,test,1920,1999,Assembling a jigsaw puzzle,Observe puzzle progress,Manipulating puzzle pieces,0.0022928379476070404,0
long_80f_stride40:5399ef86-4df9-49bc-809f-8f4f92f9e659__ep6:qa:45,5399ef86-4df9-49bc-809f-8f4f92f9e659__ep6,test,2000,2079,Assembling a jigsaw puzzle,Observe puzzle progress,Manipulating puzzle pieces,0.0023302757181227207,0
long_80f_stride40:5399ef86-4df9-49bc-809f-8f4f92f9e659__ep6:qa:46,5399ef86-4df9-49bc-809f-8f4f92f9e659__ep6,test,2040,2119,Assembling a jigsaw puzzle,Observe puzzle progress,Manipulating puzzle pieces,0.0023152746725827456,0
long_80f_stride40:5399ef86-4df9-49bc-809f-8f4f92f9e659__ep6:qa:47,5399ef86-4df9-49bc-809f-8f4f92f9e659__ep6,test,2080,2159,Assembling a jigsaw puzzle,Observe puzzle progress,Manipulating puzzle pieces,0.0023553308565169573,0
long_80f_stride40:5399ef86-4df9-49bc-809f-8f4f92f9e659__ep6:qa:48,5399ef86-4df9-49bc-809f-8f4f92f9e659__ep6,test,2120,2199,Assembling a jigsaw puzzle,Observe puzzle progress,Manipulating puzzle pieces,0.002321485662832856,0
long_80f_stride40:5399ef86-4df9-49bc-809f-8f4f92f9e659__ep6:qa:49,5399ef86-4df9-49bc-809f-8f4f92f9e659__ep6,test,2160,2239,Assembling a jigsaw puzzle,Observe puzzle progress,Adjusting puzzle piece,0.002335989149287343,0
long_80f_stride40:5399ef86-4df9-49bc-809f-8f4f92f9e659__ep6:qa:50,5399ef86-4df9-49bc-809f-8f4f92f9e659__ep6,test,2200,2279,Assembling a jigsaw puzzle,Observe puzzle progress,Adjusting puzzle piece,0.002277496736496687,0
long_80f_stride40:5399ef86-4df9-49bc-809f-8f4f92f9e659__ep6:qa:51,5399ef86-4df9-49bc-809f-8f4f92f9e659__ep6,test,2240,2319,Assembling a jigsaw puzzle,Search for and pick up puzzle piece,Adjusting puzzle piece,0.0022154489997774363,0
long_80f_stride40:5399ef86-4df9-49bc-809f-8f4f92f9e659__ep6:qa:52,5399ef86-4df9-49bc-809f-8f4f92f9e659__ep6,test,2280,2359,Assembling a jigsaw puzzle,Search for and pick up puzzle piece,Adjusting puzzle piece,0.0021941240411251783,0
long_80f_stride40:5399ef86-4df9-49bc-809f-8f4f92f9e659__ep6:qa:53,5399ef86-4df9-49bc-809f-8f4f92f9e659__ep6,test,2320,2399,Assembling a jigsaw puzzle,Search for and pick up puzzle piece,Adjusting puzzle piece,0.0023246475029736757,0
long_80f_stride40:5399ef86-4df9-49bc-809f-8f4f92f9e659__ep6:qa:54,5399ef86-4df9-49bc-809f-8f4f92f9e659__ep6,test,2400,2479,Assembling a jigsaw puzzle,Search for and pick up puzzle piece,"Moving, placing, and adjusting puzzle pieces",0.0023199014831334352,0
long_80f_stride40:5399ef86-4df9-49bc-809f-8f4f92f9e659__ep6:qa:55,5399ef86-4df9-49bc-809f-8f4f92f9e659__ep6,test,2440,2519,Assembling a jigsaw puzzle,Search for and pick up puzzle piece,"Moving, placing, and adjusting puzzle pieces",0.0022870022803545,0
long_80f_stride40:5399ef86-4df9-49bc-809f-8f4f92f9e659__ep6:qa:56,5399ef86-4df9-49bc-809f-8f4f92f9e659__ep6,test,2480,2559,Assembling a jigsaw puzzle,Search for and pick up puzzle piece,Adjusting puzzle piece,0.0022595678456127644,0
long_80f_stride40:5399ef86-4df9-49bc-809f-8f4f92f9e659__ep6:qa:57,5399ef86-4df9-49bc-809f-8f4f92f9e659__ep6,test,2520,2599,Assembling a jigsaw puzzle,Search for and pick up puzzle piece,Adjusting puzzle piece,0.002238752320408821,0
long_80f_stride40:5399ef86-4df9-49bc-809f-8f4f92f9e659__ep6:qa:58,5399ef86-4df9-49bc-809f-8f4f92f9e659__ep6,test,2560,2639,Assembling a jigsaw puzzle,Search for and pick up puzzle piece,Adjusting puzzle piece,0.002223625546321273,0
long_80f_stride40:5399ef86-4df9-49bc-809f-8f4f92f9e659__ep6:qa:59,5399ef86-4df9-49bc-809f-8f4f92f9e659__ep6,test,2600,2679,Assembling a jigsaw puzzle,Search for and pick up puzzle piece,Adjusting puzzle piece,0.0022921790368855,0
long_80f_stride40:5399ef86-4df9-49bc-809f-8f4f92f9e659__ep6:qa:60,5399ef86-4df9-49bc-809f-8f4f92f9e659__ep6,test,2680,2759,Assembling a jigsaw puzzle,Release and adjust puzzle piece,Adjusting puzzle piece,0.0022808504290878773,0
long_80f_stride40:5399ef86-4df9-49bc-809f-8f4f92f9e659__ep6:qa:61,5399ef86-4df9-49bc-809f-8f4f92f9e659__ep6,test,2720,2799,Assembling a jigsaw puzzle,Release and adjust puzzle piece,"Moving, placing, and adjusting puzzle pieces",0.0023341975174844265,0
long_80f_stride40:5399ef86-4df9-49bc-809f-8f4f92f9e659__ep6:qa:62,5399ef86-4df9-49bc-809f-8f4f92f9e659__ep6,test,2800,2879,Assembling a jigsaw puzzle,Release and adjust puzzle piece,Adjusting puzzle piece,0.0023677449207752943,0
long_80f_stride40:5399ef86-4df9-49bc-809f-8f4f92f9e659__ep6:qa:63,5399ef86-4df9-49bc-809f-8f4f92f9e659__ep6,test,2880,2959,Assembling a jigsaw puzzle,"Reach for, pick up, and attempt to fit puzzle piece",Adjusting puzzle piece,0.002304496243596077,0
long_80f_stride40:5399ef86-4df9-49bc-809f-8f4f92f9e659__ep6:qa:64,5399ef86-4df9-49bc-809f-8f4f92f9e659__ep6,test,2920,2999,Assembling a jigsaw puzzle,"Reach for, pick up, and attempt to fit puzzle piece",Adjusting puzzle piece,0.00195873505435884,0
long_80f_stride40:5399ef86-4df9-49bc-809f-8f4f92f9e659__ep6:qa:65,5399ef86-4df9-49bc-809f-8f4f92f9e659__ep6,test,3000,3079,Assembling a jigsaw puzzle,"Reach for, pick up, and attempt to fit puzzle piece",Adjusting puzzle piece,0.002377627417445183,0
long_80f_stride40:5399ef86-4df9-49bc-809f-8f4f92f9e659__ep6:qa:66,5399ef86-4df9-49bc-809f-8f4f92f9e659__ep6,test,3080,3159,Assembling a jigsaw puzzle,"Reach for, pick up, and attempt to fit puzzle piece",Adjusting puzzle piece,0.002257016720250249,0
long_80f_stride40:5399ef86-4df9-49bc-809f-8f4f92f9e659__ep6:qa:67,5399ef86-4df9-49bc-809f-8f4f92f9e659__ep6,test,3120,3199,Assembling a jigsaw puzzle,"Reach for, pick up, and attempt to fit puzzle piece",Adjusting puzzle piece,0.002251946832984686,0
long_80f_stride40:5399ef86-4df9-49bc-809f-8f4f92f9e659__ep6:qa:68,5399ef86-4df9-49bc-809f-8f4f92f9e659__ep6,test,3200,3279,Assembling a jigsaw puzzle,"Reach for, pick up, and attempt to fit puzzle piece",Adjusting puzzle piece,0.0022925427183508873,0
long_80f_stride40:5399ef86-4df9-49bc-809f-8f4f92f9e659__ep6:qa:69,5399ef86-4df9-49bc-809f-8f4f92f9e659__ep6,test,3240,3319,Assembling a jigsaw puzzle,"Reach for, pick up, and attempt to fit puzzle piece",Adjusting puzzle piece,0.0023190558422356844,0
long_80f_stride40:5399ef86-4df9-49bc-809f-8f4f92f9e659__ep6:qa:70,5399ef86-4df9-49bc-809f-8f4f92f9e659__ep6,test,3280,3359,Assembling a jigsaw puzzle,"Reach for, pick up, and attempt to fit puzzle piece",Adjusting puzzle piece,0.0023374902084469795,0
long_80f_stride40:5399ef86-4df9-49bc-809f-8f4f92f9e659__ep6:qa:71,5399ef86-4df9-49bc-809f-8f4f92f9e659__ep6,test,3320,3399,Assembling a jigsaw puzzle,"Reach for, pick up, and attempt to fit puzzle piece",Adjusting puzzle piece,0.002344698179513216,0
long_80f_stride40:5399ef86-4df9-49bc-809f-8f4f92f9e659__ep6:qa:72,5399ef86-4df9-49bc-809f-8f4f92f9e659__ep6,test,3360,3439,Assembling a jigsaw puzzle,"Reach for, pick up, and attempt to fit puzzle piece",Adjusting puzzle piece,0.0022917785681784153,0
long_80f_stride40:5399ef86-4df9-49bc-809f-8f4f92f9e659__ep6:qa:73,5399ef86-4df9-49bc-809f-8f4f92f9e659__ep6,test,3400,3479,Assembling a jigsaw puzzle,Attempt to fit and place puzzle piece,Adjusting puzzle piece,0.002338056918233633,0
long_80f_stride40:5399ef86-4df9-49bc-809f-8f4f92f9e659__ep6:qa:74,5399ef86-4df9-49bc-809f-8f4f92f9e659__ep6,test,3440,3519,Assembling a jigsaw puzzle,Attempt to fit and place puzzle piece,Adjusting puzzle piece,0.0022735290694981813,0
long_80f_stride40:5399ef86-4df9-49bc-809f-8f4f92f9e659__ep6:qa:75,5399ef86-4df9-49bc-809f-8f4f92f9e659__ep6,test,3480,3559,Assembling a jigsaw puzzle,Attempt to fit and place puzzle piece,Adjusting puzzle piece,0.0023524463176727295,0
long_80f_stride40:5399ef86-4df9-49bc-809f-8f4f92f9e659__ep6:qa:76,5399ef86-4df9-49bc-809f-8f4f92f9e659__ep6,test,3560,3639,Assembling a jigsaw puzzle,Attempt to fit and place puzzle piece,Adjusting puzzle piece,0.0022719549015164375,0
long_80f_stride40:5399ef86-4df9-49bc-809f-8f4f92f9e659__ep6:qa:77,5399ef86-4df9-49bc-809f-8f4f92f9e659__ep6,test,3600,3679,Assembling a jigsaw puzzle,Attempt to fit and place puzzle piece,Adjusting puzzle piece,0.0022235431242734194,0
long_80f_stride40:5399ef86-4df9-49bc-809f-8f4f92f9e659__ep6:qa:78,5399ef86-4df9-49bc-809f-8f4f92f9e659__ep6,test,3640,3719,Assembling a jigsaw puzzle,Sort puzzle pieces,Adjusting puzzle piece,0.0022365113254636526,0
long_80f_stride40:5399ef86-4df9-49bc-809f-8f4f92f9e659__ep6:qa:79,5399ef86-4df9-49bc-809f-8f4f92f9e659__ep6,test,3680,3759,Assembling a jigsaw puzzle,Sort puzzle pieces,Adjusting puzzle piece,0.00218738685362041,0
long_80f_stride40:5399ef86-4df9-49bc-809f-8f4f92f9e659__ep6:qa:80,5399ef86-4df9-49bc-809f-8f4f92f9e659__ep6,test,3720,3799,Assembling a jigsaw puzzle,Sort puzzle pieces,Adjusting puzzle piece,0.0023673514369875193,0
long_80f_stride40:5399ef86-4df9-49bc-809f-8f4f92f9e659__ep6:qa:81,5399ef86-4df9-49bc-809f-8f4f92f9e659__ep6,test,3800,3879,Assembling a jigsaw puzzle,Sort puzzle pieces,Adjusting puzzle piece,0.0022866367362439632,0
long_80f_stride40:5399ef86-4df9-49bc-809f-8f4f92f9e659__ep6:qa:82,5399ef86-4df9-49bc-809f-8f4f92f9e659__ep6,test,3840,3919,Assembling a jigsaw puzzle,Sort puzzle pieces,Adjusting puzzle piece,0.0022896595764905214,0
long_80f_stride40:5399ef86-4df9-49bc-809f-8f4f92f9e659__ep6:qa:83,5399ef86-4df9-49bc-809f-8f4f92f9e659__ep6,test,3880,3959,Assembling a jigsaw puzzle,Sort puzzle pieces,Adjusting puzzle piece,0.0022727325558662415,0
long_80f_stride40:5399ef86-4df9-49bc-809f-8f4f92f9e659__ep6:qa:84,5399ef86-4df9-49bc-809f-8f4f92f9e659__ep6,test,3920,3999,Assembling a jigsaw puzzle,Sort puzzle pieces,Adjusting puzzle piece,0.002232738770544529,0
long_80f_stride40:5399ef86-4df9-49bc-809f-8f4f92f9e659__ep6:qa:85,5399ef86-4df9-49bc-809f-8f4f92f9e659__ep6,test,3960,4039,Assembling a jigsaw puzzle,Sort puzzle pieces,Adjusting puzzle piece,0.0023204574827104807,0
long_80f_stride40:5399ef86-4df9-49bc-809f-8f4f92f9e659__ep6:qa:86,5399ef86-4df9-49bc-809f-8f4f92f9e659__ep6,test,4000,4079,Assembling a jigsaw puzzle,Sort puzzle pieces,Adjusting puzzle piece,0.0023363009095191956,0
long_80f_stride40:5399ef86-4df9-49bc-809f-8f4f92f9e659__ep6:qa:87,5399ef86-4df9-49bc-809f-8f4f92f9e659__ep6,test,4040,4119,Assembling a jigsaw puzzle,Sort puzzle pieces,Adjusting puzzle piece,0.0023641998413950205,0
long_80f_stride40:5399ef86-4df9-49bc-809f-8f4f92f9e659__ep6:qa:88,5399ef86-4df9-49bc-809f-8f4f92f9e659__ep6,test,4080,4159,Assembling a jigsaw puzzle,Sort puzzle pieces,Adjusting puzzle piece,0.0022551221773028374,0
long_80f_stride40:5399ef86-4df9-49bc-809f-8f4f92f9e659__ep6:qa:89,5399ef86-4df9-49bc-809f-8f4f92f9e659__ep6,test,4120,4199,Assembling a jigsaw puzzle,Sort puzzle pieces,Adjusting puzzle piece,0.0023361053317785263,0
long_80f_stride40:5399ef86-4df9-49bc-809f-8f4f92f9e659__ep6:qa:90,5399ef86-4df9-49bc-809f-8f4f92f9e659__ep6,test,4160,4239,Assembling a jigsaw puzzle,Sort puzzle pieces,Adjusting puzzle piece,0.002207730198279023,0
long_80f_stride40:5399ef86-4df9-49bc-809f-8f4f92f9e659__ep6:qa:91,5399ef86-4df9-49bc-809f-8f4f92f9e659__ep6,test,4200,4279,Assembling a jigsaw puzzle,Sort puzzle pieces,Adjusting puzzle piece,0.0022373415995389223,0
long_80f_stride40:5399ef86-4df9-49bc-809f-8f4f92f9e659__ep6:qa:92,5399ef86-4df9-49bc-809f-8f4f92f9e659__ep6,test,4240,4319,Assembling a jigsaw puzzle,Sort puzzle pieces,Adjusting puzzle piece,0.0023946494329720736,0
long_80f_stride40:5399ef86-4df9-49bc-809f-8f4f92f9e659__ep6:qa:93,5399ef86-4df9-49bc-809f-8f4f92f9e659__ep6,test,4280,4359,Assembling a jigsaw puzzle,Sort puzzle pieces,Adjusting puzzle piece,0.0021775499917566776,0
long_80f_stride40:5399ef86-4df9-49bc-809f-8f4f92f9e659__ep6:qa:94,5399ef86-4df9-49bc-809f-8f4f92f9e659__ep6,test,4320,4399,Assembling a jigsaw puzzle,Sort puzzle pieces,Adjusting puzzle piece,0.002425949554890394,0
long_80f_stride40:b750fab3-7fbb-43a0-b451-c64c4d4a64da__ep1:qa:0,b750fab3-7fbb-43a0-b451-c64c4d4a64da__ep1,test,0,79,Crafting with beads and paper strips,Walking to the crafting area,Prepare workspace and tools,0.00200073909945786,0
long_80f_stride40:b750fab3-7fbb-43a0-b451-c64c4d4a64da__ep1:qa:1,b750fab3-7fbb-43a0-b451-c64c4d4a64da__ep1,test,40,119,Crafting with beads and paper strips,Walking to the crafting area,Prepare workspace and tools,0.0019922396168112755,0
long_80f_stride40:b750fab3-7fbb-43a0-b451-c64c4d4a64da__ep1:qa:2,b750fab3-7fbb-43a0-b451-c64c4d4a64da__ep1,test,80,159,Crafting with beads and paper strips,Walking to the crafting area,Manipulate paper strips,0.0019871394615620375,0
long_80f_stride40:b750fab3-7fbb-43a0-b451-c64c4d4a64da__ep1:qa:3,b750fab3-7fbb-43a0-b451-c64c4d4a64da__ep1,test,120,199,Crafting with beads and paper strips,Walking to the crafting area,Manipulate paper strips,0.002025266643613577,0
long_80f_stride40:b750fab3-7fbb-43a0-b451-c64c4d4a64da__ep1:qa:4,b750fab3-7fbb-43a0-b451-c64c4d4a64da__ep1,test,160,239,Crafting with beads and paper strips,Walking to the crafting area,Manipulate paper strips,0.001996493199840188,0
long_80f_stride40:b750fab3-7fbb-43a0-b451-c64c4d4a64da__ep1:qa:5,b750fab3-7fbb-43a0-b451-c64c4d4a64da__ep1,test,200,279,Crafting with beads and paper strips,Walking to the crafting area,Prepare workspace and tools,0.001990677323192358,0
long_80f_stride40:b750fab3-7fbb-43a0-b451-c64c4d4a64da__ep1:qa:6,b750fab3-7fbb-43a0-b451-c64c4d4a64da__ep1,test,240,319,Crafting with beads and paper strips,Preparing materials,Folding paper strips,0.0019537450280040503,0
long_80f_stride40:b750fab3-7fbb-43a0-b451-c64c4d4a64da__ep1:qa:7,b750fab3-7fbb-43a0-b451-c64c4d4a64da__ep1,test,280,359,Crafting with beads and paper strips,Preparing materials,unknown,0.002061251550912857,0
long_80f_stride40:b750fab3-7fbb-43a0-b451-c64c4d4a64da__ep1:qa:8,b750fab3-7fbb-43a0-b451-c64c4d4a64da__ep1,test,320,399,Crafting with beads and paper strips,Preparing materials,Manipulate paper strips,0.0020123852882534266,0
long_80f_stride40:b750fab3-7fbb-43a0-b451-c64c4d4a64da__ep1:qa:9,b750fab3-7fbb-43a0-b451-c64c4d4a64da__ep1,test,400,479,Crafting with beads and paper strips,Preparing materials,Arrange paper strips,0.0020361868664622307,0
long_80f_stride40:b750fab3-7fbb-43a0-b451-c64c4d4a64da__ep1:qa:10,b750fab3-7fbb-43a0-b451-c64c4d4a64da__ep1,test,440,519,Crafting with beads and paper strips,Preparing materials,Arrange paper strips,0.0019745409954339266,0
long_80f_stride40:b750fab3-7fbb-43a0-b451-c64c4d4a64da__ep1:qa:11,b750fab3-7fbb-43a0-b451-c64c4d4a64da__ep1,test,480,559,Crafting with beads and paper strips,Preparing materials,Folding paper strips while using phone,0.001981539186090231,0
long_80f_stride40:b750fab3-7fbb-43a0-b451-c64c4d4a64da__ep1:qa:12,b750fab3-7fbb-43a0-b451-c64c4d4a64da__ep1,test,560,639,Crafting with beads and paper strips,Preparing materials,Manipulate paper strips,0.0020043416880071163,0
long_80f_stride40:b750fab3-7fbb-43a0-b451-c64c4d4a64da__ep1:qa:13,b750fab3-7fbb-43a0-b451-c64c4d4a64da__ep1,test,600,679,Crafting with beads and paper strips,Preparing materials,Manipulate paper strips,0.00201821094378829,0
long_80f_stride40:b750fab3-7fbb-43a0-b451-c64c4d4a64da__ep1:qa:14,b750fab3-7fbb-43a0-b451-c64c4d4a64da__ep1,test,680,759,Crafting with beads and paper strips,Using phone,Manipulate paper strips,0.0020223765168339014,0
long_80f_stride40:b750fab3-7fbb-43a0-b451-c64c4d4a64da__ep1:qa:15,b750fab3-7fbb-43a0-b451-c64c4d4a64da__ep1,test,720,799,Crafting with beads and paper strips,Using phone,Manipulate paper strips,0.0020312080159783363,0
long_80f_stride40:b750fab3-7fbb-43a0-b451-c64c4d4a64da__ep1:qa:16,b750fab3-7fbb-43a0-b451-c64c4d4a64da__ep1,test,800,879,Crafting with beads and paper strips,Using phone,Manipulate paper strips,0.0020304000936448574,0
long_80f_stride40:b750fab3-7fbb-43a0-b451-c64c4d4a64da__ep1:qa:17,b750fab3-7fbb-43a0-b451-c64c4d4a64da__ep1,test,840,919,Crafting with beads and paper strips,Using phone,Manipulate paper strips,0.00195905240252614,0
long_80f_stride40:b750fab3-7fbb-43a0-b451-c64c4d4a64da__ep1:qa:18,b750fab3-7fbb-43a0-b451-c64c4d4a64da__ep1,test,880,959,Crafting with beads and paper strips,Using phone,Manipulate paper strips,0.001991353230550885,0
long_80f_stride40:b750fab3-7fbb-43a0-b451-c64c4d4a64da__ep1:qa:19,b750fab3-7fbb-43a0-b451-c64c4d4a64da__ep1,test,920,999,Crafting with beads and paper strips,Using phone,Manipulate paper strips,0.001978368265554309,0
long_80f_stride40:b750fab3-7fbb-43a0-b451-c64c4d4a64da__ep1:qa:20,b750fab3-7fbb-43a0-b451-c64c4d4a64da__ep1,test,960,1039,Crafting with beads and paper strips,Using phone,Manipulate paper strips,0.0020234982948750257,0
long_80f_stride40:b750fab3-7fbb-43a0-b451-c64c4d4a64da__ep1:qa:21,b750fab3-7fbb-43a0-b451-c64c4d4a64da__ep1,test,1000,1079,Crafting with beads and paper strips,Using phone,Manipulate paper strips,0.001980485860258341,0
long_80f_stride40:b750fab3-7fbb-43a0-b451-c64c4d4a64da__ep1:qa:22,b750fab3-7fbb-43a0-b451-c64c4d4a64da__ep1,test,1040,1119,Crafting with beads and paper strips,Using phone,Manipulate paper strips,0.001916551380418241,0
long_80f_stride40:b750fab3-7fbb-43a0-b451-c64c4d4a64da__ep1:qa:23,b750fab3-7fbb-43a0-b451-c64c4d4a64da__ep1,test,1080,1159,Crafting with beads and paper strips,Assembling material pieces,Manipulate paper strips,0.001993940444663167,0
long_80f_stride40:b750fab3-7fbb-43a0-b451-c64c4d4a64da__ep1:qa:24,b750fab3-7fbb-43a0-b451-c64c4d4a64da__ep1,test,1120,1199,Crafting with beads and paper strips,Assembling material pieces,Folding paper strips while using phone,0.0019672145135700703,0
long_80f_stride40:b750fab3-7fbb-43a0-b451-c64c4d4a64da__ep1:qa:25,b750fab3-7fbb-43a0-b451-c64c4d4a64da__ep1,test,1160,1239,Crafting with beads and paper strips,Assembling material pieces,Manipulate paper strips,0.0019637492951005697,0
long_80f_stride40:b750fab3-7fbb-43a0-b451-c64c4d4a64da__ep1:qa:30,b750fab3-7fbb-43a0-b451-c64c4d4a64da__ep1,test,1400,1479,Crafting with beads and paper strips,Assembling material pieces,Manipulate paper strips,0.002083414699882269,0
long_80f_stride40:b750fab3-7fbb-43a0-b451-c64c4d4a64da__ep1:qa:31,b750fab3-7fbb-43a0-b451-c64c4d4a64da__ep1,test,1480,1559,Crafting with beads and paper strips,Assembling material pieces,Manipulate paper strips,0.001976476516574621,0
long_80f_stride40:b750fab3-7fbb-43a0-b451-c64c4d4a64da__ep1:qa:32,b750fab3-7fbb-43a0-b451-c64c4d4a64da__ep1,test,1520,1599,Crafting with beads and paper strips,Assembling material pieces,Manipulate paper strips,0.0020171222276985645,0
long_80f_stride40:b750fab3-7fbb-43a0-b451-c64c4d4a64da__ep1:qa:33,b750fab3-7fbb-43a0-b451-c64c4d4a64da__ep1,test,1560,1639,Crafting with beads and paper strips,Assembling material pieces,Manipulate paper strips,0.001977098174393177,0
long_80f_stride40:b750fab3-7fbb-43a0-b451-c64c4d4a64da__ep1:qa:34,b750fab3-7fbb-43a0-b451-c64c4d4a64da__ep1,test,1640,1719,Crafting with beads and paper strips,Assembling material pieces,Manipulate paper strips,0.0020098600070923567,0
long_80f_stride40:b750fab3-7fbb-43a0-b451-c64c4d4a64da__ep1:qa:35,b750fab3-7fbb-43a0-b451-c64c4d4a64da__ep1,test,1680,1759,Crafting with beads and paper strips,Manipulating yellow strips,Folding paper strips,0.0019740615971386433,0
long_80f_stride40:b750fab3-7fbb-43a0-b451-c64c4d4a64da__ep1:qa:36,b750fab3-7fbb-43a0-b451-c64c4d4a64da__ep1,test,1720,1799,Crafting with beads and paper strips,Manipulating yellow strips,folding paper strip and typing on smartphone,0.002030064817517996,0
long_80f_stride40:b750fab3-7fbb-43a0-b451-c64c4d4a64da__ep1:qa:37,b750fab3-7fbb-43a0-b451-c64c4d4a64da__ep1,test,1800,1879,Crafting with beads and paper strips,Manipulating yellow strips,Manipulate paper strips,0.0019704503938555717,0
long_80f_stride40:b750fab3-7fbb-43a0-b451-c64c4d4a64da__ep1:qa:38,b750fab3-7fbb-43a0-b451-c64c4d4a64da__ep1,test,1840,1919,Crafting with beads and paper strips,Manipulating yellow strips,unknown,0.0019585415720939636,0
long_80f_stride40:b750fab3-7fbb-43a0-b451-c64c4d4a64da__ep1:qa:39,b750fab3-7fbb-43a0-b451-c64c4d4a64da__ep1,test,1880,1959,Crafting with beads and paper strips,Manipulating yellow strips,Manipulate paper strips,0.001997303683310747,0
long_80f_stride40:b750fab3-7fbb-43a0-b451-c64c4d4a64da__ep1:qa:40,b750fab3-7fbb-43a0-b451-c64c4d4a64da__ep1,test,1920,1999,Crafting with beads and paper strips,Manipulating yellow strips,Manipulate paper strips,0.0019447595113888383,0
long_80f_stride40:b750fab3-7fbb-43a0-b451-c64c4d4a64da__ep1:qa:41,b750fab3-7fbb-43a0-b451-c64c4d4a64da__ep1,test,1960,2039,Crafting with beads and paper strips,Manipulating yellow strips,Manipulate paper strips,0.001939344103448093,0
long_80f_stride40:b750fab3-7fbb-43a0-b451-c64c4d4a64da__ep1:qa:42,b750fab3-7fbb-43a0-b451-c64c4d4a64da__ep1,test,2000,2079,Crafting with beads and paper strips,Manipulating yellow strips,Manipulate paper strips,0.0019455923466011882,0
long_80f_stride40:b750fab3-7fbb-43a0-b451-c64c4d4a64da__ep1:qa:43,b750fab3-7fbb-43a0-b451-c64c4d4a64da__ep1,test,2040,2119,Crafting with beads and paper strips,Manipulating yellow strips,Manipulate paper strips,0.001944031217135489,0
long_80f_stride40:b750fab3-7fbb-43a0-b451-c64c4d4a64da__ep1:qa:44,b750fab3-7fbb-43a0-b451-c64c4d4a64da__ep1,test,2080,2159,Crafting with beads and paper strips,Working with paper strips,Manipulate paper strips,0.0019844998605549335,0
long_80f_stride40:b750fab3-7fbb-43a0-b451-c64c4d4a64da__ep1:qa:45,b750fab3-7fbb-43a0-b451-c64c4d4a64da__ep1,test,2120,2199,Crafting with beads and paper strips,Working with paper strips,Manipulate paper strips,0.0019584146793931723,0
long_80f_stride40:b750fab3-7fbb-43a0-b451-c64c4d4a64da__ep1:qa:46,b750fab3-7fbb-43a0-b451-c64c4d4a64da__ep1,test,2160,2239,Crafting with beads and paper strips,Working with paper strips,Manipulate paper strips,0.0019757752306759357,0
long_80f_stride40:b750fab3-7fbb-43a0-b451-c64c4d4a64da__ep1:qa:51,b750fab3-7fbb-43a0-b451-c64c4d4a64da__ep1,test,2400,2479,Crafting with beads and paper strips,Working with paper strips,Manipulate paper strips,0.0019393223337829113,0
long_80f_stride40:b750fab3-7fbb-43a0-b451-c64c4d4a64da__ep1:qa:52,b750fab3-7fbb-43a0-b451-c64c4d4a64da__ep1,test,2440,2519,Crafting with beads and paper strips,Working with paper strips,Manipulate paper strips,0.00190507504157722,0
long_80f_stride40:b750fab3-7fbb-43a0-b451-c64c4d4a64da__ep1:qa:53,b750fab3-7fbb-43a0-b451-c64c4d4a64da__ep1,test,2480,2559,Crafting with beads and paper strips,Working with paper strips,Manipulate paper strips,0.0019040097249671817,0
long_80f_stride40:b750fab3-7fbb-43a0-b451-c64c4d4a64da__ep1:qa:54,b750fab3-7fbb-43a0-b451-c64c4d4a64da__ep1,test,2520,2599,Crafting with beads and paper strips,Working with paper strips,Cutting cardboard pieces with scissors,0.001982093323022127,0
long_80f_stride40:b750fab3-7fbb-43a0-b451-c64c4d4a64da__ep1:qa:55,b750fab3-7fbb-43a0-b451-c64c4d4a64da__ep1,test,2560,2639,Crafting with beads and paper strips,Working with paper strips,Manipulate paper strips,0.0018825585721060634,0
long_80f_stride40:b750fab3-7fbb-43a0-b451-c64c4d4a64da__ep1:qa:56,b750fab3-7fbb-43a0-b451-c64c4d4a64da__ep1,test,2600,2679,Crafting with beads and paper strips,Working with paper strips,Manipulate paper strips,0.0018980713794007897,0
long_80f_stride40:b750fab3-7fbb-43a0-b451-c64c4d4a64da__ep1:qa:57,b750fab3-7fbb-43a0-b451-c64c4d4a64da__ep1,test,2640,2719,Crafting with beads and paper strips,Working with paper strips,Manipulate paper strips,0.0018945960327982903,0
long_80f_stride40:b750fab3-7fbb-43a0-b451-c64c4d4a64da__ep1:qa:58,b750fab3-7fbb-43a0-b451-c64c4d4a64da__ep1,test,2680,2759,Crafting with beads and paper strips,Working with paper strips,Manipulate paper strips,0.0019627984147518873,0
long_80f_stride40:b750fab3-7fbb-43a0-b451-c64c4d4a64da__ep1:qa:59,b750fab3-7fbb-43a0-b451-c64c4d4a64da__ep1,test,2720,2799,Crafting with beads and paper strips,Working with paper strips,Manipulate paper strips,0.0019096260657534003,0
long_80f_stride40:b750fab3-7fbb-43a0-b451-c64c4d4a64da__ep1:qa:60,b750fab3-7fbb-43a0-b451-c64c4d4a64da__ep1,test,2760,2839,Crafting with beads and paper strips,Working with paper strips,Finish and place origami star,0.0021020113490521908,0
long_80f_stride40:b750fab3-7fbb-43a0-b451-c64c4d4a64da__ep1:qa:65,b750fab3-7fbb-43a0-b451-c64c4d4a64da__ep1,test,3000,3079,Crafting with beads and paper strips,Working with paper strips,Manipulate paper strips,0.0019286276074126363,0
long_80f_stride40:b750fab3-7fbb-43a0-b451-c64c4d4a64da__ep1:qa:66,b750fab3-7fbb-43a0-b451-c64c4d4a64da__ep1,test,3040,3119,Crafting with beads and paper strips,Working with paper strips,Manipulate paper strips,0.0019499306799843907,0
long_80f_stride40:b750fab3-7fbb-43a0-b451-c64c4d4a64da__ep1:qa:67,b750fab3-7fbb-43a0-b451-c64c4d4a64da__ep1,test,3080,3159,Crafting with beads and paper strips,Working with paper strips,Manipulating paper strips,0.0018970760283991694,0
long_80f_stride40:b750fab3-7fbb-43a0-b451-c64c4d4a64da__ep1:qa:68,b750fab3-7fbb-43a0-b451-c64c4d4a64da__ep1,test,3120,3199,Crafting with beads and paper strips,Working with paper strips,Manipulating paper strips,0.0018911858787760139,0
long_80f_stride40:b750fab3-7fbb-43a0-b451-c64c4d4a64da__ep1:qa:69,b750fab3-7fbb-43a0-b451-c64c4d4a64da__ep1,test,3160,3239,Crafting with beads and paper strips,Working with paper strips,Folding paper strips,0.001915810047648847,0
long_80f_stride40:b750fab3-7fbb-43a0-b451-c64c4d4a64da__ep1:qa:70,b750fab3-7fbb-43a0-b451-c64c4d4a64da__ep1,test,3200,3279,Crafting with beads and paper strips,Working with paper strips,Finishing cutting and switching to phone,0.0019225921714678407,0
long_80f_stride40:b750fab3-7fbb-43a0-b451-c64c4d4a64da__ep1:qa:71,b750fab3-7fbb-43a0-b451-c64c4d4a64da__ep1,test,3240,3319,Crafting with beads and paper strips,Working with paper strips,Manipulating paper strips,0.00191454344894737,0
long_80f_stride40:b750fab3-7fbb-43a0-b451-c64c4d4a64da__ep1:qa:72,b750fab3-7fbb-43a0-b451-c64c4d4a64da__ep1,test,3280,3359,Crafting with beads and paper strips,Manipulating beads,Folding paper strips,0.001927486970089376,0
long_80f_stride40:b750fab3-7fbb-43a0-b451-c64c4d4a64da__ep1:qa:73,b750fab3-7fbb-43a0-b451-c64c4d4a64da__ep1,test,3320,3399,Crafting with beads and paper strips,Manipulating beads,Folding paper strips,0.00191375776194036,0
long_80f_stride40:b750fab3-7fbb-43a0-b451-c64c4d4a64da__ep1:qa:74,b750fab3-7fbb-43a0-b451-c64c4d4a64da__ep1,test,3360,3439,Crafting with beads and paper strips,Manipulating beads,Inspecting and bagging a smartphone box,0.0019220603862777352,0
long_80f_stride40:b750fab3-7fbb-43a0-b451-c64c4d4a64da__ep1:qa:84,b750fab3-7fbb-43a0-b451-c64c4d4a64da__ep1,test,3800,3879,Crafting with beads and paper strips,Manipulating beads,Select and handle paper strips,0.002066069282591343,0
long_80f_stride40:b750fab3-7fbb-43a0-b451-c64c4d4a64da__ep1:qa:85,b750fab3-7fbb-43a0-b451-c64c4d4a64da__ep1,test,3840,3919,Crafting with beads and paper strips,Manipulating beads,Select and handle paper strips,0.002054417971521616,0
long_80f_stride40:b750fab3-7fbb-43a0-b451-c64c4d4a64da__ep1:qa:86,b750fab3-7fbb-43a0-b451-c64c4d4a64da__ep1,test,3880,3959,Crafting with beads and paper strips,Manipulating beads,Adjusting and placing down paper pieces,0.0022317920811474323,0
long_80f_stride40:b750fab3-7fbb-43a0-b451-c64c4d4a64da__ep1:qa:87,b750fab3-7fbb-43a0-b451-c64c4d4a64da__ep1,test,3920,3999,Crafting with beads and paper strips,Manipulating beads,Manipulating paper strips,0.001949356752447784,0
long_80f_stride40:b750fab3-7fbb-43a0-b451-c64c4d4a64da__ep1:qa:88,b750fab3-7fbb-43a0-b451-c64c4d4a64da__ep1,test,3960,4039,Crafting with beads and paper strips,Manipulating beads,unknown,0.0019411112880334258,0
long_80f_stride40:b750fab3-7fbb-43a0-b451-c64c4d4a64da__ep1:qa:89,b750fab3-7fbb-43a0-b451-c64c4d4a64da__ep1,test,4000,4079,Crafting with beads and paper strips,Manipulating beads,Manipulating paper strips,0.0019348989007994533,0
long_80f_stride40:b750fab3-7fbb-43a0-b451-c64c4d4a64da__ep1:qa:90,b750fab3-7fbb-43a0-b451-c64c4d4a64da__ep1,test,4040,4119,Crafting with beads and paper strips,Manipulating beads,Manipulating quilled paper,0.0020193862728774548,0
long_80f_stride40:b750fab3-7fbb-43a0-b451-c64c4d4a64da__ep1:qa:91,b750fab3-7fbb-43a0-b451-c64c4d4a64da__ep1,test,4080,4159,Crafting with beads and paper strips,Manipulating beads,Manipulating paper strips,0.0019103221129626036,0
long_80f_stride40:b750fab3-7fbb-43a0-b451-c64c4d4a64da__ep1:qa:92,b750fab3-7fbb-43a0-b451-c64c4d4a64da__ep1,test,4120,4199,Crafting with beads and paper strips,Manipulating beads,Manipulating paper strips,0.0019179277587682009,0
long_80f_stride40:b750fab3-7fbb-43a0-b451-c64c4d4a64da__ep1:qa:93,b750fab3-7fbb-43a0-b451-c64c4d4a64da__ep1,test,4160,4239,Crafting with beads and paper strips,Manipulating beads,Bend and shape paper strips,0.0019112464506179094,0
long_80f_stride40:b750fab3-7fbb-43a0-b451-c64c4d4a64da__ep1:qa:98,b750fab3-7fbb-43a0-b451-c64c4d4a64da__ep1,test,4400,4479,Crafting with beads and paper strips,Manipulating beads,Manipulating paper strips,0.0019417485455051064,0
long_80f_stride40:b750fab3-7fbb-43a0-b451-c64c4d4a64da__ep1:qa:99,b750fab3-7fbb-43a0-b451-c64c4d4a64da__ep1,test,4440,4519,Crafting with beads and paper strips,Manipulating beads,Placing down scissors,0.001993905520066619,0
long_80f_stride40:b750fab3-7fbb-43a0-b451-c64c4d4a64da__ep1:qa:100,b750fab3-7fbb-43a0-b451-c64c4d4a64da__ep1,test,4480,4559,Crafting with beads and paper strips,Manipulating beads,Manipulating paper strips,0.0019289159681648016,0
long_80f_stride40:b750fab3-7fbb-43a0-b451-c64c4d4a64da__ep1:qa:101,b750fab3-7fbb-43a0-b451-c64c4d4a64da__ep1,test,4520,4599,Crafting with beads and paper strips,Manipulating beads,Sort beads and adjust phone,0.0020895020570605993,0
long_80f_stride40:b750fab3-7fbb-43a0-b451-c64c4d4a64da__ep1:qa:102,b750fab3-7fbb-43a0-b451-c64c4d4a64da__ep1,test,4560,4639,Crafting with beads and paper strips,Manipulating beads,Cutting and stacking cardboard pieces,0.002044923370704055,0
long_80f_stride40:b750fab3-7fbb-43a0-b451-c64c4d4a64da__ep1:qa:103,b750fab3-7fbb-43a0-b451-c64c4d4a64da__ep1,test,4600,4679,Crafting with beads and paper strips,Manipulating beads,Manipulating paper strips,0.0019000674365088344,0
long_80f_stride40:b750fab3-7fbb-43a0-b451-c64c4d4a64da__ep1:qa:104,b750fab3-7fbb-43a0-b451-c64c4d4a64da__ep1,test,4640,4719,Crafting with beads and paper strips,Using phone and resuming work,Cutting and stacking cardboard pieces,0.002251220401376486,0
long_80f_stride40:b750fab3-7fbb-43a0-b451-c64c4d4a64da__ep1:qa:105,b750fab3-7fbb-43a0-b451-c64c4d4a64da__ep1,test,4680,4759,Crafting with beads and paper strips,Using phone and resuming work,Repositioning and cutting cardboard pieces,0.0020712404511868954,0
long_80f_stride40:b750fab3-7fbb-43a0-b451-c64c4d4a64da__ep1:qa:106,b750fab3-7fbb-43a0-b451-c64c4d4a64da__ep1,test,4720,4799,Crafting with beads and paper strips,Using phone and resuming work,Resuming cutting cardboard,0.0018711467273533344,0
long_80f_stride40:b750fab3-7fbb-43a0-b451-c64c4d4a64da__ep1:qa:107,b750fab3-7fbb-43a0-b451-c64c4d4a64da__ep1,test,4800,4879,Crafting with beads and paper strips,Using phone and resuming work,Hold small object,0.002180220326408744,0
long_80f_stride40:b750fab3-7fbb-43a0-b451-c64c4d4a64da__ep1:qa:108,b750fab3-7fbb-43a0-b451-c64c4d4a64da__ep1,test,4840,4919,Crafting with beads and paper strips,Using phone and resuming work,Manipulating paper strips,0.0019065381493419409,0
long_80f_stride40:b750fab3-7fbb-43a0-b451-c64c4d4a64da__ep1:qa:109,b750fab3-7fbb-43a0-b451-c64c4d4a64da__ep1,test,4920,4999,Crafting with beads and paper strips,Working with paper strips,Manipulating paper strips,0.0019345039036124945,0
long_80f_stride40:b750fab3-7fbb-43a0-b451-c64c4d4a64da__ep1:qa:110,b750fab3-7fbb-43a0-b451-c64c4d4a64da__ep1,test,5000,5079,Crafting with beads and paper strips,Working with paper strips,Resuming cutting cardboard,0.0020073652267456055,0
long_80f_stride40:b750fab3-7fbb-43a0-b451-c64c4d4a64da__ep1:qa:111,b750fab3-7fbb-43a0-b451-c64c4d4a64da__ep1,test,5040,5119,Crafting with beads and paper strips,Working with paper strips,Resuming cutting cardboard,0.0019351511728018522,0
long_80f_stride40:b750fab3-7fbb-43a0-b451-c64c4d4a64da__ep1:qa:112,b750fab3-7fbb-43a0-b451-c64c4d4a64da__ep1,test,5080,5159,Crafting with beads and paper strips,Working with paper strips,Manipulating paper strips,0.0019179460359737277,0
long_80f_stride40:b750fab3-7fbb-43a0-b451-c64c4d4a64da__ep1:qa:113,b750fab3-7fbb-43a0-b451-c64c4d4a64da__ep1,test,5120,5199,Crafting with beads and paper strips,Working with paper strips,Resuming cutting cardboard,0.001931011094711721,0
long_80f_stride40:b750fab3-7fbb-43a0-b451-c64c4d4a64da__ep1:qa:114,b750fab3-7fbb-43a0-b451-c64c4d4a64da__ep1,test,5160,5239,Crafting with beads and paper strips,Working with paper strips,Resuming cutting cardboard,0.0019397824071347713,0
long_80f_stride40:b750fab3-7fbb-43a0-b451-c64c4d4a64da__ep1:qa:115,b750fab3-7fbb-43a0-b451-c64c4d4a64da__ep1,test,5200,5279,Crafting with beads and paper strips,Working with paper strips,Resuming cutting cardboard,0.001934375031851232,0
long_80f_stride40:b750fab3-7fbb-43a0-b451-c64c4d4a64da__ep1:qa:116,b750fab3-7fbb-43a0-b451-c64c4d4a64da__ep1,test,5240,5319,Crafting with beads and paper strips,Working with paper strips,Manipulating paper strips,0.0019104243256151676,0
long_80f_stride40:b750fab3-7fbb-43a0-b451-c64c4d4a64da__ep1:qa:117,b750fab3-7fbb-43a0-b451-c64c4d4a64da__ep1,test,5280,5359,Crafting with beads and paper strips,Working with paper strips,Gathering materials and walking,0.002169126644730568,0
long_80f_stride40:b750fab3-7fbb-43a0-b451-c64c4d4a64da__ep1:qa:118,b750fab3-7fbb-43a0-b451-c64c4d4a64da__ep1,test,5320,5399,Crafting with beads and paper strips,Working with paper strips and using phone,Gathering materials and walking,0.0021651152055710554,0
long_80f_stride40:b750fab3-7fbb-43a0-b451-c64c4d4a64da__ep1:qa:119,b750fab3-7fbb-43a0-b451-c64c4d4a64da__ep1,test,5360,5439,Crafting with beads and paper strips,Working with paper strips and using phone,Resuming cutting cardboard,0.001910723396576941,0
long_80f_stride40:b750fab3-7fbb-43a0-b451-c64c4d4a64da__ep1:qa:120,b750fab3-7fbb-43a0-b451-c64c4d4a64da__ep1,test,5400,5479,Crafting with beads and paper strips,Working with paper strips and using phone,Organizing paper strips,0.002239930909126997,0
long_80f_stride40:877779cd-25f3-4293-a3c4-39067dd9558c__ep4:qa:0,877779cd-25f3-4293-a3c4-39067dd9558c__ep4,test,0,79,Sorting and arranging buttons by color,Sort buttons by color,Arranging buttons on the table,0.0020361975766718388,0
long_80f_stride40:877779cd-25f3-4293-a3c4-39067dd9558c__ep4:qa:1,877779cd-25f3-4293-a3c4-39067dd9558c__ep4,test,40,119,Sorting and arranging buttons by color,Sort buttons by color,Arranging buttons on the table,0.0020412104204297066,0
long_80f_stride40:877779cd-25f3-4293-a3c4-39067dd9558c__ep4:qa:2,877779cd-25f3-4293-a3c4-39067dd9558c__ep4,test,80,159,Sorting and arranging buttons by color,Sort buttons by color,Arranging buttons on the table,0.0020348690450191498,0
long_80f_stride40:877779cd-25f3-4293-a3c4-39067dd9558c__ep4:qa:3,877779cd-25f3-4293-a3c4-39067dd9558c__ep4,test,120,199,Sorting and arranging buttons by color,Sort buttons by color,Sorting orange buttons,0.002047827700152993,0
long_80f_stride40:877779cd-25f3-4293-a3c4-39067dd9558c__ep4:qa:4,877779cd-25f3-4293-a3c4-39067dd9558c__ep4,test,160,239,Sorting and arranging buttons by color,Sort buttons by color,Sorting orange buttons,0.002034630859270692,0
long_80f_stride40:877779cd-25f3-4293-a3c4-39067dd9558c__ep4:qa:5,877779cd-25f3-4293-a3c4-39067dd9558c__ep4,test,200,279,Sorting and arranging buttons by color,Sort buttons by color,Sorting orange buttons,0.0020373142324388027,0
long_80f_stride40:877779cd-25f3-4293-a3c4-39067dd9558c__ep4:qa:6,877779cd-25f3-4293-a3c4-39067dd9558c__ep4,test,240,319,Sorting and arranging buttons by color,Arrange buttons,Arranging buttons,0.0020168262999504805,0
long_80f_stride40:877779cd-25f3-4293-a3c4-39067dd9558c__ep4:qa:7,877779cd-25f3-4293-a3c4-39067dd9558c__ep4,test,280,359,Sorting and arranging buttons by color,Arrange buttons,unknown,0.0020808156114071608,0
long_80f_stride40:877779cd-25f3-4293-a3c4-39067dd9558c__ep4:qa:8,877779cd-25f3-4293-a3c4-39067dd9558c__ep4,test,320,399,Sorting and arranging buttons by color,Arrange buttons,Sorting orange buttons,0.002044885652139783,0
long_80f_stride40:877779cd-25f3-4293-a3c4-39067dd9558c__ep4:qa:9,877779cd-25f3-4293-a3c4-39067dd9558c__ep4,test,400,479,Sorting and arranging buttons by color,Arrange buttons,Arranging buttons,0.0020583681762218475,0
long_80f_stride40:877779cd-25f3-4293-a3c4-39067dd9558c__ep4:qa:10,877779cd-25f3-4293-a3c4-39067dd9558c__ep4,test,440,519,Sorting and arranging buttons by color,Arrange buttons,Arranging buttons,0.0020512372720986605,0
long_80f_stride40:877779cd-25f3-4293-a3c4-39067dd9558c__ep4:qa:11,877779cd-25f3-4293-a3c4-39067dd9558c__ep4,test,480,559,Sorting and arranging buttons by color,Arrange buttons,Arranging buttons,0.0020296932198107243,0
long_80f_stride40:877779cd-25f3-4293-a3c4-39067dd9558c__ep4:qa:12,877779cd-25f3-4293-a3c4-39067dd9558c__ep4,test,520,599,Sorting and arranging buttons by color,Arrange buttons,Arranging buttons,0.0020190738141536713,0
long_80f_stride40:877779cd-25f3-4293-a3c4-39067dd9558c__ep4:qa:13,877779cd-25f3-4293-a3c4-39067dd9558c__ep4,test,560,639,Sorting and arranging buttons by color,Arrange buttons,Sorting orange buttons,0.0020483548287302256,0
long_80f_stride40:877779cd-25f3-4293-a3c4-39067dd9558c__ep4:qa:14,877779cd-25f3-4293-a3c4-39067dd9558c__ep4,test,600,679,Sorting and arranging buttons by color,Arrange buttons,Sorting orange buttons,0.0020517033990472555,0
long_80f_stride40:877779cd-25f3-4293-a3c4-39067dd9558c__ep4:qa:15,877779cd-25f3-4293-a3c4-39067dd9558c__ep4,test,640,719,Sorting and arranging buttons by color,Arrange buttons,Sorting orange buttons,0.0020244447514414787,0
long_80f_stride40:877779cd-25f3-4293-a3c4-39067dd9558c__ep4:qa:16,877779cd-25f3-4293-a3c4-39067dd9558c__ep4,test,680,759,Sorting and arranging buttons by color,Arrange buttons,Sorting orange buttons,0.0020513993222266436,0
long_80f_stride40:877779cd-25f3-4293-a3c4-39067dd9558c__ep4:qa:17,877779cd-25f3-4293-a3c4-39067dd9558c__ep4,test,720,799,Sorting and arranging buttons by color,Arrange buttons,Sorting orange buttons,0.001984735019505024,0
long_80f_stride40:877779cd-25f3-4293-a3c4-39067dd9558c__ep4:qa:18,877779cd-25f3-4293-a3c4-39067dd9558c__ep4,test,760,839,Sorting and arranging buttons by color,Arrange buttons,Sorting buttons,0.0019965129904448986,0
long_80f_stride40:877779cd-25f3-4293-a3c4-39067dd9558c__ep4:qa:19,877779cd-25f3-4293-a3c4-39067dd9558c__ep4,test,800,879,Sorting and arranging buttons by color,Arrange buttons in a line,Sorting buttons,0.002075550612062216,0
long_80f_stride40:877779cd-25f3-4293-a3c4-39067dd9558c__ep4:qa:20,877779cd-25f3-4293-a3c4-39067dd9558c__ep4,test,840,919,Sorting and arranging buttons by color,Arrange buttons in a line,Sorting buttons,0.0020443780813366175,0
long_80f_stride40:877779cd-25f3-4293-a3c4-39067dd9558c__ep4:qa:21,877779cd-25f3-4293-a3c4-39067dd9558c__ep4,test,880,959,Sorting and arranging buttons by color,Arrange buttons in a line,Sorting orange buttons,0.0020418441854417324,0
long_80f_stride40:877779cd-25f3-4293-a3c4-39067dd9558c__ep4:qa:23,877779cd-25f3-4293-a3c4-39067dd9558c__ep4,test,1000,1079,Sorting and arranging buttons by color,Arrange buttons in a line,Sorting orange buttons,0.0020557278767228127,0
long_80f_stride40:877779cd-25f3-4293-a3c4-39067dd9558c__ep4:qa:24,877779cd-25f3-4293-a3c4-39067dd9558c__ep4,test,1040,1119,Sorting and arranging buttons by color,Arrange buttons in a line,Sorting orange buttons,0.0020611931104213,0
long_80f_stride40:877779cd-25f3-4293-a3c4-39067dd9558c__ep4:qa:25,877779cd-25f3-4293-a3c4-39067dd9558c__ep4,test,1080,1159,Sorting and arranging buttons by color,Arrange buttons in a line,Sorting orange buttons,0.0020370439160615206,0
long_80f_stride40:877779cd-25f3-4293-a3c4-39067dd9558c__ep4:qa:26,877779cd-25f3-4293-a3c4-39067dd9558c__ep4,test,1120,1199,Sorting and arranging buttons by color,Arrange buttons in a line,Sorting orange buttons,0.0020245022606104612,0
long_80f_stride40:877779cd-25f3-4293-a3c4-39067dd9558c__ep4:qa:27,877779cd-25f3-4293-a3c4-39067dd9558c__ep4,test,1160,1239,Sorting and arranging buttons by color,Arrange buttons in a line,Sorting orange buttons,0.002027485752478242,0
long_80f_stride40:877779cd-25f3-4293-a3c4-39067dd9558c__ep4:qa:28,877779cd-25f3-4293-a3c4-39067dd9558c__ep4,test,1200,1279,Sorting and arranging buttons by color,Arrange buttons in a line,Sorting orange buttons,0.0020311966072767973,0
long_80f_stride40:877779cd-25f3-4293-a3c4-39067dd9558c__ep4:qa:29,877779cd-25f3-4293-a3c4-39067dd9558c__ep4,test,1240,1319,Sorting and arranging buttons by color,Sort and arrange buttons,Marking lines and repositioning ruler,0.0020637696143239737,0
long_80f_stride40:877779cd-25f3-4293-a3c4-39067dd9558c__ep4:qa:30,877779cd-25f3-4293-a3c4-39067dd9558c__ep4,test,1280,1359,Sorting and arranging buttons by color,Sort and arrange buttons,Stacking cardboard pieces,0.0022140289656817913,0
long_80f_stride40:877779cd-25f3-4293-a3c4-39067dd9558c__ep4:qa:31,877779cd-25f3-4293-a3c4-39067dd9558c__ep4,test,1320,1399,Sorting and arranging buttons by color,Sort and arrange buttons,Sorting orange buttons,0.0019332842202857137,0
long_80f_stride40:877779cd-25f3-4293-a3c4-39067dd9558c__ep4:qa:32,877779cd-25f3-4293-a3c4-39067dd9558c__ep4,test,1400,1479,Sorting and arranging buttons by color,Sort and arrange buttons,Sorting orange button,0.0020005616825073957,0
long_80f_stride40:877779cd-25f3-4293-a3c4-39067dd9558c__ep4:qa:33,877779cd-25f3-4293-a3c4-39067dd9558c__ep4,test,1440,1519,Sorting and arranging buttons by color,Sort and arrange buttons,Sorting orange button,0.002048294059932232,0
long_80f_stride40:877779cd-25f3-4293-a3c4-39067dd9558c__ep4:qa:34,877779cd-25f3-4293-a3c4-39067dd9558c__ep4,test,1480,1559,Sorting and arranging buttons by color,Sort and arrange buttons,Sorting orange button,0.002036862075328827,0
long_80f_stride40:877779cd-25f3-4293-a3c4-39067dd9558c__ep4:qa:35,877779cd-25f3-4293-a3c4-39067dd9558c__ep4,test,1520,1599,Sorting and arranging buttons by color,Sort and arrange buttons,Sorting orange buttons,0.0020340862683951855,0
long_80f_stride40:877779cd-25f3-4293-a3c4-39067dd9558c__ep4:qa:36,877779cd-25f3-4293-a3c4-39067dd9558c__ep4,test,1560,1639,Sorting and arranging buttons by color,Sort and arrange buttons,Sorting orange button,0.002012113342061639,0
long_80f_stride40:877779cd-25f3-4293-a3c4-39067dd9558c__ep4:qa:37,877779cd-25f3-4293-a3c4-39067dd9558c__ep4,test,1600,1679,Sorting and arranging buttons by color,Sort and arrange buttons,Sorting orange button,0.0019980943761765957,0
long_80f_stride40:877779cd-25f3-4293-a3c4-39067dd9558c__ep4:qa:38,877779cd-25f3-4293-a3c4-39067dd9558c__ep4,test,1640,1719,Sorting and arranging buttons by color,Sort and arrange buttons,Arranging orange buttons,0.0020159815903753042,0
long_80f_stride40:877779cd-25f3-4293-a3c4-39067dd9558c__ep4:qa:39,877779cd-25f3-4293-a3c4-39067dd9558c__ep4,test,1680,1759,Sorting and arranging buttons by color,Sort and arrange buttons,Arranging orange buttons,0.0020104937721043825,0
long_80f_stride40:877779cd-25f3-4293-a3c4-39067dd9558c__ep4:qa:40,877779cd-25f3-4293-a3c4-39067dd9558c__ep4,test,1720,1799,Sorting and arranging buttons by color,Sort and arrange buttons,Completing list and moving away from desk,0.0021314402110874653,0
long_80f_stride40:877779cd-25f3-4293-a3c4-39067dd9558c__ep4:qa:41,877779cd-25f3-4293-a3c4-39067dd9558c__ep4,test,1760,1839,Sorting and arranging buttons by color,Pick up and place buttons,Sorting orange buttons,0.0019635988865047693,0
long_80f_stride40:877779cd-25f3-4293-a3c4-39067dd9558c__ep4:qa:42,877779cd-25f3-4293-a3c4-39067dd9558c__ep4,test,1800,1879,Sorting and arranging buttons by color,Pick up and place buttons,Sorting orange buttons,0.0020361647475510836,0
long_80f_stride40:877779cd-25f3-4293-a3c4-39067dd9558c__ep4:qa:43,877779cd-25f3-4293-a3c4-39067dd9558c__ep4,test,1840,1919,Sorting and arranging buttons by color,Pick up and place buttons,Sorting orange buttons,0.0020108807366341352,0
long_80f_stride40:877779cd-25f3-4293-a3c4-39067dd9558c__ep4:qa:46,877779cd-25f3-4293-a3c4-39067dd9558c__ep4,test,2000,2079,Sorting and arranging buttons by color,Pick up and place buttons,Sorting orange buttons,0.002002580091357231,0
long_80f_stride40:877779cd-25f3-4293-a3c4-39067dd9558c__ep4:qa:47,877779cd-25f3-4293-a3c4-39067dd9558c__ep4,test,2040,2119,Sorting and arranging buttons by color,Pick up and place buttons,Arranging orange buttons,0.0020162116270512342,0
long_80f_stride40:877779cd-25f3-4293-a3c4-39067dd9558c__ep4:qa:48,877779cd-25f3-4293-a3c4-39067dd9558c__ep4,test,2080,2159,Sorting and arranging buttons by color,Pick up and place buttons,Arranging orange buttons,0.002016739221289754,0
long_80f_stride40:877779cd-25f3-4293-a3c4-39067dd9558c__ep4:qa:49,877779cd-25f3-4293-a3c4-39067dd9558c__ep4,test,2160,2239,Sorting and arranging buttons by color,Pick up and place buttons,Sorting orange buttons,0.0020323041826486588,0
long_80f_stride40:877779cd-25f3-4293-a3c4-39067dd9558c__ep4:qa:50,877779cd-25f3-4293-a3c4-39067dd9558c__ep4,test,2200,2279,Sorting and arranging buttons by color,Pick up and place buttons,Arranging orange buttons,0.002012617187574506,0
long_80f_stride40:877779cd-25f3-4293-a3c4-39067dd9558c__ep4:qa:51,877779cd-25f3-4293-a3c4-39067dd9558c__ep4,test,2240,2319,Sorting and arranging buttons by color,Pick up and place buttons,Arranging orange buttons,0.001965707167983055,0
long_80f_stride40:877779cd-25f3-4293-a3c4-39067dd9558c__ep4:qa:52,877779cd-25f3-4293-a3c4-39067dd9558c__ep4,test,2280,2359,Sorting and arranging buttons by color,Sort buttons,Arranging orange buttons,0.001953106839209795,0
long_80f_stride40:877779cd-25f3-4293-a3c4-39067dd9558c__ep4:qa:53,877779cd-25f3-4293-a3c4-39067dd9558c__ep4,test,2320,2399,Sorting and arranging buttons by color,Sort buttons,Arranging orange buttons,0.0020043712574988604,0
long_80f_stride40:877779cd-25f3-4293-a3c4-39067dd9558c__ep4:qa:54,877779cd-25f3-4293-a3c4-39067dd9558c__ep4,test,2400,2479,Sorting and arranging buttons by color,Sort buttons,Moving orange buttons,0.002033751690760255,0
long_80f_stride40:877779cd-25f3-4293-a3c4-39067dd9558c__ep4:qa:55,877779cd-25f3-4293-a3c4-39067dd9558c__ep4,test,2440,2519,Sorting and arranging buttons by color,Sort buttons,Moving orange buttons,0.0020287500228732824,0
long_80f_stride40:877779cd-25f3-4293-a3c4-39067dd9558c__ep4:qa:56,877779cd-25f3-4293-a3c4-39067dd9558c__ep4,test,2480,2559,Sorting and arranging buttons by color,Sort buttons,Moving orange buttons,0.0020320641342550516,0
long_80f_stride40:877779cd-25f3-4293-a3c4-39067dd9558c__ep4:qa:57,877779cd-25f3-4293-a3c4-39067dd9558c__ep4,test,2520,2599,Sorting and arranging buttons by color,Sort buttons,Moving orange buttons,0.0020029509905725718,0
long_80f_stride40:877779cd-25f3-4293-a3c4-39067dd9558c__ep4:qa:58,877779cd-25f3-4293-a3c4-39067dd9558c__ep4,test,2560,2639,Sorting and arranging buttons by color,Sort buttons,Moving orange buttons,0.0020061940886080265,0
long_80f_stride40:877779cd-25f3-4293-a3c4-39067dd9558c__ep4:qa:59,877779cd-25f3-4293-a3c4-39067dd9558c__ep4,test,2600,2679,Sorting and arranging buttons by color,Sort buttons,Moving orange buttons,0.0020141296554356813,0
long_80f_stride40:877779cd-25f3-4293-a3c4-39067dd9558c__ep4:qa:60,877779cd-25f3-4293-a3c4-39067dd9558c__ep4,test,2640,2719,Sorting and arranging buttons by color,Sort buttons,Arranging orange buttons,0.002000570995733142,0
long_80f_stride40:877779cd-25f3-4293-a3c4-39067dd9558c__ep4:qa:61,877779cd-25f3-4293-a3c4-39067dd9558c__ep4,test,2680,2759,Sorting and arranging buttons by color,Sort buttons,Arranging orange buttons,0.00200689397752285,0
long_80f_stride40:877779cd-25f3-4293-a3c4-39067dd9558c__ep4:qa:62,877779cd-25f3-4293-a3c4-39067dd9558c__ep4,test,2720,2799,Sorting and arranging buttons by color,Sort buttons,Arranging orange buttons,0.0020072360057383776,0
long_80f_stride40:877779cd-25f3-4293-a3c4-39067dd9558c__ep4:qa:63,877779cd-25f3-4293-a3c4-39067dd9558c__ep4,test,2760,2839,Sorting and arranging buttons by color,Sort and adjust button line,Finish and place origami star,0.002135038375854492,0
long_80f_stride40:877779cd-25f3-4293-a3c4-39067dd9558c__ep4:qa:64,877779cd-25f3-4293-a3c4-39067dd9558c__ep4,test,2800,2879,Sorting and arranging buttons by color,Sort and adjust button line,Arranging orange buttons,0.0020496887154877186,0
long_80f_stride40:877779cd-25f3-4293-a3c4-39067dd9558c__ep4:qa:65,877779cd-25f3-4293-a3c4-39067dd9558c__ep4,test,2840,2919,Sorting and arranging buttons by color,Sort and adjust button line,Arranging orange buttons,0.0020563851576298475,0
long_80f_stride40:877779cd-25f3-4293-a3c4-39067dd9558c__ep4:qa:68,877779cd-25f3-4293-a3c4-39067dd9558c__ep4,test,3000,3079,Sorting and arranging buttons by color,Sort and adjust button line,Arranging orange buttons,0.002034515840932727,0
long_80f_stride40:877779cd-25f3-4293-a3c4-39067dd9558c__ep4:qa:69,877779cd-25f3-4293-a3c4-39067dd9558c__ep4,test,3040,3119,Sorting and arranging buttons by color,Sort and adjust button line,Arranging orange buttons,0.002066816668957472,0
long_80f_stride40:877779cd-25f3-4293-a3c4-39067dd9558c__ep4:qa:70,877779cd-25f3-4293-a3c4-39067dd9558c__ep4,test,3080,3159,Sorting and arranging buttons by color,Sort and adjust button line,Moving orange buttons and interacting with smartphone,0.0020298894960433245,0
long_80f_stride40:877779cd-25f3-4293-a3c4-39067dd9558c__ep4:qa:71,877779cd-25f3-4293-a3c4-39067dd9558c__ep4,test,3120,3199,Sorting and arranging buttons by color,Sort and adjust button line,Moving orange buttons and interacting with smartphone,0.002027842216193676,0
long_80f_stride40:877779cd-25f3-4293-a3c4-39067dd9558c__ep4:qa:72,877779cd-25f3-4293-a3c4-39067dd9558c__ep4,test,3160,3239,Sorting and arranging buttons by color,Sort and adjust button line,Arranging orange buttons,0.00202616467140615,0
long_80f_stride40:877779cd-25f3-4293-a3c4-39067dd9558c__ep4:qa:73,877779cd-25f3-4293-a3c4-39067dd9558c__ep4,test,3200,3279,Sorting and arranging buttons by color,Sort and adjust button line,Moving orange buttons and interacting with smartphone,0.0020281507167965174,0
long_80f_stride40:877779cd-25f3-4293-a3c4-39067dd9558c__ep4:qa:74,877779cd-25f3-4293-a3c4-39067dd9558c__ep4,test,3240,3319,Sorting and arranging buttons by color,Use smartphone,Arranging orange buttons,0.0020315060392022133,0
long_80f_stride40:877779cd-25f3-4293-a3c4-39067dd9558c__ep4:qa:75,877779cd-25f3-4293-a3c4-39067dd9558c__ep4,test,3280,3359,Sorting and arranging buttons by color,Use smartphone,Arranging orange buttons,0.0020435673650354147,0
long_80f_stride40:877779cd-25f3-4293-a3c4-39067dd9558c__ep4:qa:76,877779cd-25f3-4293-a3c4-39067dd9558c__ep4,test,3320,3399,Sorting and arranging buttons by color,Use smartphone,Arranging orange buttons,0.0020827222615480423,0
long_80f_stride40:877779cd-25f3-4293-a3c4-39067dd9558c__ep4:qa:77,877779cd-25f3-4293-a3c4-39067dd9558c__ep4,test,3400,3479,Sorting and arranging buttons by color,Use smartphone,Arranging orange buttons,0.0020396362524479628,0
long_80f_stride40:877779cd-25f3-4293-a3c4-39067dd9558c__ep4:qa:78,877779cd-25f3-4293-a3c4-39067dd9558c__ep4,test,3440,3519,Sorting and arranging buttons by color,Use smartphone,Arranging orange buttons,0.001982517773285508,0
long_80f_stride40:877779cd-25f3-4293-a3c4-39067dd9558c__ep4:qa:79,877779cd-25f3-4293-a3c4-39067dd9558c__ep4,test,3480,3559,Sorting and arranging buttons by color,Use smartphone,Arranging orange buttons,0.002049455652013421,0
long_80f_stride40:877779cd-25f3-4293-a3c4-39067dd9558c__ep4:qa:80,877779cd-25f3-4293-a3c4-39067dd9558c__ep4,test,3520,3599,Sorting and arranging buttons by color,Use smartphone,Arranging orange buttons,0.0020350911654531956,0
long_80f_stride40:877779cd-25f3-4293-a3c4-39067dd9558c__ep4:qa:81,877779cd-25f3-4293-a3c4-39067dd9558c__ep4,test,3560,3639,Sorting and arranging buttons by color,Use smartphone,Arranging orange buttons,0.0019902740605175495,0
long_80f_stride40:877779cd-25f3-4293-a3c4-39067dd9558c__ep4:qa:82,877779cd-25f3-4293-a3c4-39067dd9558c__ep4,test,3600,3679,Sorting and arranging buttons by color,Use smartphone,Adjust phone and reach for beads,0.0020099557004868984,0
long_80f_stride40:877779cd-25f3-4293-a3c4-39067dd9558c__ep4:qa:83,877779cd-25f3-4293-a3c4-39067dd9558c__ep4,test,3640,3719,Sorting and arranging buttons by color,Use smartphone,Arranging orange buttons,0.0020296117290854454,0
long_80f_stride40:877779cd-25f3-4293-a3c4-39067dd9558c__ep4:qa:84,877779cd-25f3-4293-a3c4-39067dd9558c__ep4,test,3680,3759,Sorting and arranging buttons by color,Use smartphone,Drawing lines and checking smartphone,0.002026653615757823,0
long_80f_stride40:877779cd-25f3-4293-a3c4-39067dd9558c__ep4:qa:85,877779cd-25f3-4293-a3c4-39067dd9558c__ep4,test,3720,3799,Sorting and arranging buttons by color,Use smartphone,Arranging orange buttons,0.0020736430305987597,0
long_80f_stride40:877779cd-25f3-4293-a3c4-39067dd9558c__ep4:qa:86,877779cd-25f3-4293-a3c4-39067dd9558c__ep4,test,3760,3839,Sorting and arranging buttons by color,Sort and place buttons,Using smartphone as a guide on cardboard,0.002310988726094365,0
long_80f_stride40:877779cd-25f3-4293-a3c4-39067dd9558c__ep4:qa:87,877779cd-25f3-4293-a3c4-39067dd9558c__ep4,test,3800,3879,Sorting and arranging buttons by color,Sort and place buttons,Arranging orange buttons,0.0020146132446825504,0
long_80f_stride40:877779cd-25f3-4293-a3c4-39067dd9558c__ep4:qa:88,877779cd-25f3-4293-a3c4-39067dd9558c__ep4,test,3840,3919,Sorting and arranging buttons by color,Sort and place buttons,Arranging orange buttons,0.001995971193537116,0
long_80f_stride40:877779cd-25f3-4293-a3c4-39067dd9558c__ep4:qa:91,877779cd-25f3-4293-a3c4-39067dd9558c__ep4,test,4000,4079,Sorting and arranging buttons by color,Sort and place buttons,Arranging orange buttons,0.0020544040016829967,0
long_80f_stride40:877779cd-25f3-4293-a3c4-39067dd9558c__ep4:qa:92,877779cd-25f3-4293-a3c4-39067dd9558c__ep4,test,4040,4119,Sorting and arranging buttons by color,Sort and place buttons,Arranging orange buttons,0.002067709108814597,0
long_80f_stride40:877779cd-25f3-4293-a3c4-39067dd9558c__ep4:qa:93,877779cd-25f3-4293-a3c4-39067dd9558c__ep4,test,4080,4159,Sorting and arranging buttons by color,Sort and place buttons,Arranging orange buttons,0.002007113303989172,0
long_80f_stride40:877779cd-25f3-4293-a3c4-39067dd9558c__ep4:qa:94,877779cd-25f3-4293-a3c4-39067dd9558c__ep4,test,4120,4199,Sorting and arranging buttons by color,Sort and place buttons,Arranging orange buttons,0.002056213328614831,0
long_80f_stride40:877779cd-25f3-4293-a3c4-39067dd9558c__ep4:qa:95,877779cd-25f3-4293-a3c4-39067dd9558c__ep4,test,4160,4239,Sorting and arranging buttons by color,Sort and place buttons,Arranging orange buttons,0.0019802593160420656,0
long_80f_stride40:877779cd-25f3-4293-a3c4-39067dd9558c__ep4:qa:96,877779cd-25f3-4293-a3c4-39067dd9558c__ep4,test,4200,4279,Sorting and arranging buttons by color,Sort and place buttons,Arranging orange buttons,0.001997903920710087,0
long_80f_stride40:877779cd-25f3-4293-a3c4-39067dd9558c__ep4:qa:97,877779cd-25f3-4293-a3c4-39067dd9558c__ep4,test,4240,4319,Sorting and arranging buttons by color,Sort and place buttons,Arranging orange buttons,0.002079911297187209,0
long_80f_stride40:877779cd-25f3-4293-a3c4-39067dd9558c__ep4:qa:98,877779cd-25f3-4293-a3c4-39067dd9558c__ep4,test,4280,4359,Sorting and arranging buttons by color,Sort and place buttons,Wiping product jars,0.002019063103944063,0
long_80f_stride40:877779cd-25f3-4293-a3c4-39067dd9558c__ep4:qa:99,877779cd-25f3-4293-a3c4-39067dd9558c__ep4,test,4320,4399,Sorting and arranging buttons by color,Sort and place buttons,Arranging orange buttons,0.0021024139132350683,0
long_80f_stride40:1796b943-caad-43c6-b9bd-80b8d601f37d__ep1:qa:0,1796b943-caad-43c6-b9bd-80b8d601f37d__ep1,test,0,79,VR training session and plastic strip assembly,Entering the training area,Observing workspace,0.0017499258974567056,0
long_80f_stride40:1796b943-caad-43c6-b9bd-80b8d601f37d__ep1:qa:1,1796b943-caad-43c6-b9bd-80b8d601f37d__ep1,test,40,119,VR training session and plastic strip assembly,Entering the training area,Cutting cardboard shapes,0.0017304609064012766,0
long_80f_stride40:1796b943-caad-43c6-b9bd-80b8d601f37d__ep1:qa:2,1796b943-caad-43c6-b9bd-80b8d601f37d__ep1,test,80,159,VR training session and plastic strip assembly,Entering the training area,unknown,0.0017414551693946123,0
long_80f_stride40:1796b943-caad-43c6-b9bd-80b8d601f37d__ep1:qa:3,1796b943-caad-43c6-b9bd-80b8d601f37d__ep1,test,120,199,VR training session and plastic strip assembly,Entering the training area,unknown,0.0017439044313505292,0
long_80f_stride40:1796b943-caad-43c6-b9bd-80b8d601f37d__ep1:qa:4,1796b943-caad-43c6-b9bd-80b8d601f37d__ep1,test,200,279,VR training session and plastic strip assembly,Entering the training area,unknown,0.0017624915344640613,0
long_80f_stride40:1796b943-caad-43c6-b9bd-80b8d601f37d__ep1:qa:5,1796b943-caad-43c6-b9bd-80b8d601f37d__ep1,test,240,319,VR training session and plastic strip assembly,Entering the training area,unknown,0.0018217753386124969,0
long_80f_stride40:1796b943-caad-43c6-b9bd-80b8d601f37d__ep1:qa:6,1796b943-caad-43c6-b9bd-80b8d601f37d__ep1,test,280,359,VR training session and plastic strip assembly,Greeting participants,unknown,0.0019071982242166996,0
long_80f_stride40:1796b943-caad-43c6-b9bd-80b8d601f37d__ep1:qa:7,1796b943-caad-43c6-b9bd-80b8d601f37d__ep1,test,320,399,VR training session and plastic strip assembly,Greeting participants,unknown,0.0017461666138842702,0
long_80f_stride40:1796b943-caad-43c6-b9bd-80b8d601f37d__ep1:qa:8,1796b943-caad-43c6-b9bd-80b8d601f37d__ep1,test,400,479,VR training session and plastic strip assembly,Greeting participants,unknown,0.0017681207973510027,0
long_80f_stride40:1796b943-caad-43c6-b9bd-80b8d601f37d__ep1:qa:9,1796b943-caad-43c6-b9bd-80b8d601f37d__ep1,test,440,519,VR training session and plastic strip assembly,Greeting participants,unknown,0.0017367861000820994,0
long_80f_stride40:1796b943-caad-43c6-b9bd-80b8d601f37d__ep1:qa:10,1796b943-caad-43c6-b9bd-80b8d601f37d__ep1,test,480,559,VR training session and plastic strip assembly,Greeting participants,unknown,0.0017447629943490028,0
long_80f_stride40:1796b943-caad-43c6-b9bd-80b8d601f37d__ep1:qa:11,1796b943-caad-43c6-b9bd-80b8d601f37d__ep1,test,560,639,VR training session and plastic strip assembly,Greeting participants,unknown,0.001754778902977705,0
long_80f_stride40:1796b943-caad-43c6-b9bd-80b8d601f37d__ep1:qa:12,1796b943-caad-43c6-b9bd-80b8d601f37d__ep1,test,600,679,VR training session and plastic strip assembly,Greeting participants,unknown,0.0017854839097708464,0
long_80f_stride40:1796b943-caad-43c6-b9bd-80b8d601f37d__ep1:qa:13,1796b943-caad-43c6-b9bd-80b8d601f37d__ep1,test,640,719,VR training session and plastic strip assembly,Greeting participants,unknown,0.0017664505867287517,0
long_80f_stride40:1796b943-caad-43c6-b9bd-80b8d601f37d__ep1:qa:14,1796b943-caad-43c6-b9bd-80b8d601f37d__ep1,test,680,759,VR training session and plastic strip assembly,Moving through the room,unknown,0.0017655016854405403,0
long_80f_stride40:1796b943-caad-43c6-b9bd-80b8d601f37d__ep1:qa:15,1796b943-caad-43c6-b9bd-80b8d601f37d__ep1,test,720,799,VR training session and plastic strip assembly,Moving through the room,unknown,0.001734933815896511,0
long_80f_stride40:1796b943-caad-43c6-b9bd-80b8d601f37d__ep1:qa:16,1796b943-caad-43c6-b9bd-80b8d601f37d__ep1,test,800,879,VR training session and plastic strip assembly,Moving through the room,unknown,0.0018134306883439422,0
long_80f_stride40:1796b943-caad-43c6-b9bd-80b8d601f37d__ep1:qa:17,1796b943-caad-43c6-b9bd-80b8d601f37d__ep1,test,840,919,VR training session and plastic strip assembly,Moving through the room,unknown,0.001809404813684523,0
long_80f_stride40:1796b943-caad-43c6-b9bd-80b8d601f37d__ep1:qa:18,1796b943-caad-43c6-b9bd-80b8d601f37d__ep1,test,880,959,VR training session and plastic strip assembly,Initiating assembly,Observing workspace,0.0017553904326632619,0
long_80f_stride40:1796b943-caad-43c6-b9bd-80b8d601f37d__ep1:qa:19,1796b943-caad-43c6-b9bd-80b8d601f37d__ep1,test,920,999,VR training session and plastic strip assembly,Initiating assembly,Placing container on floor,0.0017717019654810429,0
long_80f_stride40:1796b943-caad-43c6-b9bd-80b8d601f37d__ep1:qa:20,1796b943-caad-43c6-b9bd-80b8d601f37d__ep1,test,1000,1079,VR training session and plastic strip assembly,Initiating assembly,unknown,0.0017671342939138412,0
long_80f_stride40:1796b943-caad-43c6-b9bd-80b8d601f37d__ep1:qa:21,1796b943-caad-43c6-b9bd-80b8d601f37d__ep1,test,1040,1119,VR training session and plastic strip assembly,Initiating assembly,unknown,0.0017459266819059849,0
long_80f_stride40:1796b943-caad-43c6-b9bd-80b8d601f37d__ep1:qa:22,1796b943-caad-43c6-b9bd-80b8d601f37d__ep1,test,1080,1159,VR training session and plastic strip assembly,Initiating assembly,unknown,0.001743108849041164,0
long_80f_stride40:1796b943-caad-43c6-b9bd-80b8d601f37d__ep1:qa:23,1796b943-caad-43c6-b9bd-80b8d601f37d__ep1,test,1120,1199,VR training session and plastic strip assembly,Initiating assembly,unknown,0.001771311741322279,0
long_80f_stride40:1796b943-caad-43c6-b9bd-80b8d601f37d__ep1:qa:24,1796b943-caad-43c6-b9bd-80b8d601f37d__ep1,test,1160,1239,VR training session and plastic strip assembly,Initiating assembly,unknown,0.0017702055629342794,0
long_80f_stride40:1796b943-caad-43c6-b9bd-80b8d601f37d__ep1:qa:25,1796b943-caad-43c6-b9bd-80b8d601f37d__ep1,test,1200,1279,VR training session and plastic strip assembly,Initiating assembly,unknown,0.0017828390700742602,0
long_80f_stride40:1796b943-caad-43c6-b9bd-80b8d601f37d__ep1:qa:26,1796b943-caad-43c6-b9bd-80b8d601f37d__ep1,test,1240,1319,VR training session and plastic strip assembly,Handling plastic strip,Draw grid lines,0.0018370600882917643,0
long_80f_stride40:1796b943-caad-43c6-b9bd-80b8d601f37d__ep1:qa:27,1796b943-caad-43c6-b9bd-80b8d601f37d__ep1,test,1280,1359,VR training session and plastic strip assembly,Handling plastic strip,Stacking cardboard squares,0.0019108514534309506,0
long_80f_stride40:1796b943-caad-43c6-b9bd-80b8d601f37d__ep1:qa:28,1796b943-caad-43c6-b9bd-80b8d601f37d__ep1,test,1320,1399,VR training session and plastic strip assembly,Handling plastic strip,unknown,0.0017399456119164824,0
long_80f_stride40:1796b943-caad-43c6-b9bd-80b8d601f37d__ep1:qa:29,1796b943-caad-43c6-b9bd-80b8d601f37d__ep1,test,1400,1479,VR training session and plastic strip assembly,Handling plastic strip,Observing workspace,0.0018099467270076275,0
long_80f_stride40:1796b943-caad-43c6-b9bd-80b8d601f37d__ep1:qa:30,1796b943-caad-43c6-b9bd-80b8d601f37d__ep1,test,1440,1519,VR training session and plastic strip assembly,Handling plastic strip,unknown,0.0017556556267663836,0
long_80f_stride40:1796b943-caad-43c6-b9bd-80b8d601f37d__ep1:qa:31,1796b943-caad-43c6-b9bd-80b8d601f37d__ep1,test,1480,1559,VR training session and plastic strip assembly,Handling plastic strip,unknown,0.0017342740902677178,0
long_80f_stride40:1796b943-caad-43c6-b9bd-80b8d601f37d__ep1:qa:32,1796b943-caad-43c6-b9bd-80b8d601f37d__ep1,test,1520,1599,VR training session and plastic strip assembly,Handling plastic strip,unknown,0.001771371578797698,0
long_80f_stride40:1796b943-caad-43c6-b9bd-80b8d601f37d__ep1:qa:33,1796b943-caad-43c6-b9bd-80b8d601f37d__ep1,test,1560,1639,VR training session and plastic strip assembly,Handling plastic strip,unknown,0.001749226008541882,0
long_80f_stride40:1796b943-caad-43c6-b9bd-80b8d601f37d__ep1:qa:34,1796b943-caad-43c6-b9bd-80b8d601f37d__ep1,test,1600,1679,VR training session and plastic strip assembly,Handling plastic strip,unknown,0.0017536664381623268,0
long_80f_stride40:1796b943-caad-43c6-b9bd-80b8d601f37d__ep1:qa:35,1796b943-caad-43c6-b9bd-80b8d601f37d__ep1,test,1640,1719,VR training session and plastic strip assembly,Bending plastic strip,unknown,0.0017470031743869185,0
long_80f_stride40:1796b943-caad-43c6-b9bd-80b8d601f37d__ep1:qa:36,1796b943-caad-43c6-b9bd-80b8d601f37d__ep1,test,1680,1759,VR training session and plastic strip assembly,Bending plastic strip,Measuring and marking cardboard for crafting,0.001764695974998176,0
long_80f_stride40:1796b943-caad-43c6-b9bd-80b8d601f37d__ep1:qa:37,1796b943-caad-43c6-b9bd-80b8d601f37d__ep1,test,1720,1799,VR training session and plastic strip assembly,Bending plastic strip,folding paper strip and typing on smartphone,0.0017909862799569964,0
long_80f_stride40:1796b943-caad-43c6-b9bd-80b8d601f37d__ep1:qa:38,1796b943-caad-43c6-b9bd-80b8d601f37d__ep1,test,1800,1879,VR training session and plastic strip assembly,Bending plastic strip,unknown,0.0017984651494771242,0
long_80f_stride40:1796b943-caad-43c6-b9bd-80b8d601f37d__ep1:qa:39,1796b943-caad-43c6-b9bd-80b8d601f37d__ep1,test,1840,1919,VR training session and plastic strip assembly,Bending plastic strip,unknown,0.0018186274683102965,0
long_80f_stride40:1796b943-caad-43c6-b9bd-80b8d601f37d__ep1:qa:40,1796b943-caad-43c6-b9bd-80b8d601f37d__ep1,test,1880,1959,VR training session and plastic strip assembly,Manipulating plastic strip,Observing workspace,0.0017511353362351656,0
long_80f_stride40:1796b943-caad-43c6-b9bd-80b8d601f37d__ep1:qa:41,1796b943-caad-43c6-b9bd-80b8d601f37d__ep1,test,1920,1999,VR training session and plastic strip assembly,Manipulating plastic strip,Observing workspace,0.001740148407407105,0
long_80f_stride40:1796b943-caad-43c6-b9bd-80b8d601f37d__ep1:qa:42,1796b943-caad-43c6-b9bd-80b8d601f37d__ep1,test,2000,2079,VR training session and plastic strip assembly,Manipulating plastic strip,unknown,0.0017630290240049362,0
long_80f_stride40:1796b943-caad-43c6-b9bd-80b8d601f37d__ep1:qa:43,1796b943-caad-43c6-b9bd-80b8d601f37d__ep1,test,2040,2119,VR training session and plastic strip assembly,Manipulating plastic strip,unknown,0.0017526400042697787,0
long_80f_stride40:1796b943-caad-43c6-b9bd-80b8d601f37d__ep1:qa:44,1796b943-caad-43c6-b9bd-80b8d601f37d__ep1,test,2080,2159,VR training session and plastic strip assembly,Manipulating plastic strip,Observing workspace,0.001743772649206221,0
long_80f_stride40:1796b943-caad-43c6-b9bd-80b8d601f37d__ep1:qa:45,1796b943-caad-43c6-b9bd-80b8d601f37d__ep1,test,2120,2199,VR training session and plastic strip assembly,Manipulating plastic strip,Observing workspace,0.0017465612618252635,0
long_80f_stride40:1796b943-caad-43c6-b9bd-80b8d601f37d__ep1:qa:46,1796b943-caad-43c6-b9bd-80b8d601f37d__ep1,test,2160,2239,VR training session and plastic strip assembly,Manipulating plastic strip,Observing workspace,0.001754388795234263,0
long_80f_stride40:1796b943-caad-43c6-b9bd-80b8d601f37d__ep1:qa:47,1796b943-caad-43c6-b9bd-80b8d601f37d__ep1,test,2200,2279,VR training session and plastic strip assembly,Manipulating plastic strip,Observing workspace,0.0018040388822555542,0
long_80f_stride40:1796b943-caad-43c6-b9bd-80b8d601f37d__ep1:qa:48,1796b943-caad-43c6-b9bd-80b8d601f37d__ep1,test,2240,2319,VR training session and plastic strip assembly,Preparing plastic strip for folding,unknown,0.001814958406612277,0
long_80f_stride40:1796b943-caad-43c6-b9bd-80b8d601f37d__ep1:qa:49,1796b943-caad-43c6-b9bd-80b8d601f37d__ep1,test,2280,2359,VR training session and plastic strip assembly,Preparing plastic strip for folding,unknown,0.0017760806949809194,0
long_80f_stride40:1796b943-caad-43c6-b9bd-80b8d601f37d__ep1:qa:50,1796b943-caad-43c6-b9bd-80b8d601f37d__ep1,test,2320,2399,VR training session and plastic strip assembly,Preparing plastic strip for folding,Observing workspace,0.001748985960148275,0
long_80f_stride40:1796b943-caad-43c6-b9bd-80b8d601f37d__ep1:qa:51,1796b943-caad-43c6-b9bd-80b8d601f37d__ep1,test,2400,2479,VR training session and plastic strip assembly,Preparing plastic strip for folding,unknown,0.0017629268113523722,0
long_80f_stride40:1796b943-caad-43c6-b9bd-80b8d601f37d__ep1:qa:52,1796b943-caad-43c6-b9bd-80b8d601f37d__ep1,test,2440,2519,VR training session and plastic strip assembly,Preparing plastic strip for folding,Observing workspace,0.0017458273796364665,0
long_80f_stride40:1796b943-caad-43c6-b9bd-80b8d601f37d__ep1:qa:53,1796b943-caad-43c6-b9bd-80b8d601f37d__ep1,test,2480,2559,VR training session and plastic strip assembly,Preparing plastic strip for folding,Observing workspace,0.0017436021007597446,0
long_80f_stride40:1796b943-caad-43c6-b9bd-80b8d601f37d__ep1:qa:54,1796b943-caad-43c6-b9bd-80b8d601f37d__ep1,test,2520,2599,VR training session and plastic strip assembly,Preparing plastic strip for folding,Releasing scissors,0.0017994607333093882,0
long_80f_stride40:1796b943-caad-43c6-b9bd-80b8d601f37d__ep1:qa:55,1796b943-caad-43c6-b9bd-80b8d601f37d__ep1,test,2560,2639,VR training session and plastic strip assembly,Preparing plastic strip for folding,Release and prepare new strip,0.001745031215250492,0
long_80f_stride40:1796b943-caad-43c6-b9bd-80b8d601f37d__ep1:qa:56,1796b943-caad-43c6-b9bd-80b8d601f37d__ep1,test,2600,2679,VR training session and plastic strip assembly,Preparing plastic strip for folding,Observing workspace,0.0017546339659020305,0
long_80f_stride40:1796b943-caad-43c6-b9bd-80b8d601f37d__ep1:qa:57,1796b943-caad-43c6-b9bd-80b8d601f37d__ep1,test,2640,2719,VR training session and plastic strip assembly,Folding plastic strip,Resuming recording star count,0.001794592128135264,0
long_80f_stride40:1796b943-caad-43c6-b9bd-80b8d601f37d__ep1:qa:58,1796b943-caad-43c6-b9bd-80b8d601f37d__ep1,test,2680,2759,VR training session and plastic strip assembly,Folding plastic strip,Observing workspace,0.0017641613958403468,0
long_80f_stride40:1796b943-caad-43c6-b9bd-80b8d601f37d__ep1:qa:59,1796b943-caad-43c6-b9bd-80b8d601f37d__ep1,test,2720,2799,VR training session and plastic strip assembly,Folding plastic strip,Observing workspace,0.0018184429500252008,0
long_80f_stride40:1796b943-caad-43c6-b9bd-80b8d601f37d__ep1:qa:60,1796b943-caad-43c6-b9bd-80b8d601f37d__ep1,test,2800,2879,VR training session and plastic strip assembly,Folding plastic strip,Sorting cardboard shapes and holding marker,0.0018043576274067163,0
long_80f_stride40:1796b943-caad-43c6-b9bd-80b8d601f37d__ep1:qa:61,1796b943-caad-43c6-b9bd-80b8d601f37d__ep1,test,2840,2919,VR training session and plastic strip assembly,Folding plastic strip,Observing workspace,0.0017816298641264439,0
long_80f_stride40:1796b943-caad-43c6-b9bd-80b8d601f37d__ep1:qa:62,1796b943-caad-43c6-b9bd-80b8d601f37d__ep1,test,2880,2959,VR training session and plastic strip assembly,Folding plastic strip,Sorting cardboard shapes and holding marker,0.001813104609027505,0
long_80f_stride40:1796b943-caad-43c6-b9bd-80b8d601f37d__ep1:qa:63,1796b943-caad-43c6-b9bd-80b8d601f37d__ep1,test,2920,2999,VR training session and plastic strip assembly,Folding plastic strip,Observing workspace,0.0017737565794959664,0
long_80f_stride40:1796b943-caad-43c6-b9bd-80b8d601f37d__ep1:qa:64,1796b943-caad-43c6-b9bd-80b8d601f37d__ep1,test,2960,3039,VR training session and plastic strip assembly,Folding plastic strip,Observing workspace,0.0017924121348187327,0
long_80f_stride40:1796b943-caad-43c6-b9bd-80b8d601f37d__ep1:qa:65,1796b943-caad-43c6-b9bd-80b8d601f37d__ep1,test,3000,3079,VR training session and plastic strip assembly,Folding plastic strip,Observing workspace,0.0017926138825714588,0
long_80f_stride40:1796b943-caad-43c6-b9bd-80b8d601f37d__ep1:qa:66,1796b943-caad-43c6-b9bd-80b8d601f37d__ep1,test,3040,3119,VR training session and plastic strip assembly,Folding plastic strip,Observing workspace,0.0017697883304208517,0
long_80f_stride40:1796b943-caad-43c6-b9bd-80b8d601f37d__ep1:qa:67,1796b943-caad-43c6-b9bd-80b8d601f37d__ep1,test,3080,3159,VR training session and plastic strip assembly,Folding plastic strip,Observing workspace,0.001797991106286645,0
long_80f_stride40:1796b943-caad-43c6-b9bd-80b8d601f37d__ep1:qa:68,1796b943-caad-43c6-b9bd-80b8d601f37d__ep1,test,3120,3199,VR training session and plastic strip assembly,Folding plastic strip,Observing workspace,0.0017866992857307196,0
long_80f_stride40:1796b943-caad-43c6-b9bd-80b8d601f37d__ep1:qa:69,1796b943-caad-43c6-b9bd-80b8d601f37d__ep1,test,3160,3239,VR training session and plastic strip assembly,Folding plastic strip,Observing workspace,0.0017511124024167657,0
long_80f_stride40:1796b943-caad-43c6-b9bd-80b8d601f37d__ep1:qa:70,1796b943-caad-43c6-b9bd-80b8d601f37d__ep1,test,3200,3279,VR training session and plastic strip assembly,Folding plastic strip,unknown,0.0018109552329406142,0
long_80f_stride40:1796b943-caad-43c6-b9bd-80b8d601f37d__ep1:qa:71,1796b943-caad-43c6-b9bd-80b8d601f37d__ep1,test,3240,3319,VR training session and plastic strip assembly,Folding plastic strip,Observing workspace,0.0017900996608659625,0
long_80f_stride40:1796b943-caad-43c6-b9bd-80b8d601f37d__ep1:qa:72,1796b943-caad-43c6-b9bd-80b8d601f37d__ep1,test,3280,3359,VR training session and plastic strip assembly,Folding plastic strip,Observing workspace,0.0017609460046514869,0
long_80f_stride40:1796b943-caad-43c6-b9bd-80b8d601f37d__ep1:qa:73,1796b943-caad-43c6-b9bd-80b8d601f37d__ep1,test,3320,3399,VR training session and plastic strip assembly,Folding plastic strip,Observing workspace,0.0017594917444512248,0
long_80f_stride40:1796b943-caad-43c6-b9bd-80b8d601f37d__ep1:qa:74,1796b943-caad-43c6-b9bd-80b8d601f37d__ep1,test,3360,3439,VR training session and plastic strip assembly,Folding plastic strip,Cleaning and bagging an electronic item,0.0017575749661773443,0
long_80f_stride40:1796b943-caad-43c6-b9bd-80b8d601f37d__ep1:qa:75,1796b943-caad-43c6-b9bd-80b8d601f37d__ep1,test,3400,3479,VR training session and plastic strip assembly,Folding plastic strip,Observing workspace,0.0017579004634171724,0
long_80f_stride40:1796b943-caad-43c6-b9bd-80b8d601f37d__ep1:qa:76,1796b943-caad-43c6-b9bd-80b8d601f37d__ep1,test,3440,3519,VR training session and plastic strip assembly,Folding plastic strip,Observing workspace,0.0017452334286645055,0
long_80f_stride40:1796b943-caad-43c6-b9bd-80b8d601f37d__ep1:qa:77,1796b943-caad-43c6-b9bd-80b8d601f37d__ep1,test,3480,3559,VR training session and plastic strip assembly,Folding plastic strip,unknown,0.0017582940636202693,0
long_80f_stride40:1796b943-caad-43c6-b9bd-80b8d601f37d__ep1:qa:78,1796b943-caad-43c6-b9bd-80b8d601f37d__ep1,test,3520,3599,VR training session and plastic strip assembly,Folding plastic strip,Observing workspace,0.001764185493811965,0
long_80f_stride40:1796b943-caad-43c6-b9bd-80b8d601f37d__ep1:qa:79,1796b943-caad-43c6-b9bd-80b8d601f37d__ep1,test,3560,3639,VR training session and plastic strip assembly,Folding plastic strip,Observing workspace,0.0017493029590696096,0
long_80f_stride40:1796b943-caad-43c6-b9bd-80b8d601f37d__ep1:qa:80,1796b943-caad-43c6-b9bd-80b8d601f37d__ep1,test,3600,3679,VR training session and plastic strip assembly,Folding plastic strip,unknown,0.0017854798352345824,0
long_80f_stride40:1796b943-caad-43c6-b9bd-80b8d601f37d__ep1:qa:81,1796b943-caad-43c6-b9bd-80b8d601f37d__ep1,test,3640,3719,VR training session and plastic strip assembly,Folding plastic strip,unknown,0.001760039129294455,0
long_80f_stride40:1796b943-caad-43c6-b9bd-80b8d601f37d__ep1:qa:82,1796b943-caad-43c6-b9bd-80b8d601f37d__ep1,test,3680,3759,VR training session and plastic strip assembly,Folding plastic strip,Drawing lines and checking smartphone,0.0018471546936780214,0
long_80f_stride40:1796b943-caad-43c6-b9bd-80b8d601f37d__ep1:qa:83,1796b943-caad-43c6-b9bd-80b8d601f37d__ep1,test,3720,3799,VR training session and plastic strip assembly,Folding plastic strip,unknown,0.0017592376098036766,0
long_80f_stride40:1796b943-caad-43c6-b9bd-80b8d601f37d__ep1:qa:84,1796b943-caad-43c6-b9bd-80b8d601f37d__ep1,test,3760,3839,VR training session and plastic strip assembly,Folding plastic strip,Using smartphone as a guide on cardboard,0.0019961639773100615,0
long_80f_stride40:1796b943-caad-43c6-b9bd-80b8d601f37d__ep1:qa:85,1796b943-caad-43c6-b9bd-80b8d601f37d__ep1,test,3800,3879,VR training session and plastic strip assembly,Folding plastic strip,unknown,0.0018295390764251351,0
long_80f_stride40:1796b943-caad-43c6-b9bd-80b8d601f37d__ep1:qa:86,1796b943-caad-43c6-b9bd-80b8d601f37d__ep1,test,3840,3919,VR training session and plastic strip assembly,Folding plastic strip,unknown,0.0018062273738905787,0
long_80f_stride40:1796b943-caad-43c6-b9bd-80b8d601f37d__ep1:qa:87,1796b943-caad-43c6-b9bd-80b8d601f37d__ep1,test,3880,3959,VR training session and plastic strip assembly,Folding plastic strip,unknown,0.0017911983886733651,0
long_80f_stride40:1796b943-caad-43c6-b9bd-80b8d601f37d__ep1:qa:88,1796b943-caad-43c6-b9bd-80b8d601f37d__ep1,test,3920,3999,VR training session and plastic strip assembly,Folding plastic strip,Marking and cutting cardboard,0.00177798792719841,0
long_80f_stride40:1796b943-caad-43c6-b9bd-80b8d601f37d__ep1:qa:89,1796b943-caad-43c6-b9bd-80b8d601f37d__ep1,test,3960,4039,VR training session and plastic strip assembly,Folding plastic strip,unknown,0.0018117163563147187,0
long_80f_stride40:1796b943-caad-43c6-b9bd-80b8d601f37d__ep1:qa:90,1796b943-caad-43c6-b9bd-80b8d601f37d__ep1,test,4000,4079,VR training session and plastic strip assembly,Folding plastic strip,unknown,0.0017699487507343292,0
long_80f_stride40:1796b943-caad-43c6-b9bd-80b8d601f37d__ep1:qa:91,1796b943-caad-43c6-b9bd-80b8d601f37d__ep1,test,4040,4119,VR training session and plastic strip assembly,Folding plastic strip,Sorting quilled paper pieces,0.0017826739931479096,0
long_80f_stride40:1796b943-caad-43c6-b9bd-80b8d601f37d__ep1:qa:92,1796b943-caad-43c6-b9bd-80b8d601f37d__ep1,test,4080,4159,VR training session and plastic strip assembly,Folding plastic strip,Observing workspace,0.0017576265381649137,0
long_80f_stride40:ba18b7c1-21ff-45da-8452-41acce7fc8de__ep2:qa:0,ba18b7c1-21ff-45da-8452-41acce7fc8de__ep2,test,0,79,Crafting a paper cone,Manipulate paper decoration,Check instructions on phone,0.0019526687683537602,0
long_80f_stride40:ba18b7c1-21ff-45da-8452-41acce7fc8de__ep2:qa:1,ba18b7c1-21ff-45da-8452-41acce7fc8de__ep2,test,40,119,Crafting a paper cone,Manipulate paper decoration,Check instructions on phone,0.001967889489606023,0
long_80f_stride40:ba18b7c1-21ff-45da-8452-41acce7fc8de__ep2:qa:2,ba18b7c1-21ff-45da-8452-41acce7fc8de__ep2,test,80,159,Crafting a paper cone,Manipulate paper decoration,Check instructions on phone,0.001904505304992199,0
long_80f_stride40:ba18b7c1-21ff-45da-8452-41acce7fc8de__ep2:qa:3,ba18b7c1-21ff-45da-8452-41acce7fc8de__ep2,test,120,199,Crafting a paper cone,Manipulate paper decoration,Cutting and folding cardboard shapes,0.0018574729328975081,0
long_80f_stride40:ba18b7c1-21ff-45da-8452-41acce7fc8de__ep2:qa:4,ba18b7c1-21ff-45da-8452-41acce7fc8de__ep2,test,160,239,Crafting a paper cone,Manipulate paper decoration,Sorting small star-shaped plastic pieces,0.0018963178154081106,0
long_80f_stride40:ba18b7c1-21ff-45da-8452-41acce7fc8de__ep2:qa:5,ba18b7c1-21ff-45da-8452-41acce7fc8de__ep2,test,200,279,Crafting a paper cone,Manipulate paper decoration,Cutting and folding cardboard shapes,0.0018688010750338435,0
long_80f_stride40:ba18b7c1-21ff-45da-8452-41acce7fc8de__ep2:qa:6,ba18b7c1-21ff-45da-8452-41acce7fc8de__ep2,test,240,319,Crafting a paper cone,Manipulate paper decoration,unknown,0.0019027709495276213,0
long_80f_stride40:ba18b7c1-21ff-45da-8452-41acce7fc8de__ep2:qa:7,ba18b7c1-21ff-45da-8452-41acce7fc8de__ep2,test,280,359,Crafting a paper cone,Manipulate paper decoration,unknown,0.0020275642164051533,0
long_80f_stride40:ba18b7c1-21ff-45da-8452-41acce7fc8de__ep2:qa:8,ba18b7c1-21ff-45da-8452-41acce7fc8de__ep2,test,320,399,Crafting a paper cone,Manipulate paper decoration,Cutting and folding cardboard shapes,0.0018637055763974786,0
long_80f_stride40:ba18b7c1-21ff-45da-8452-41acce7fc8de__ep2:qa:9,ba18b7c1-21ff-45da-8452-41acce7fc8de__ep2,test,360,439,Crafting a paper cone,Manipulate paper decoration,typing on smartphone,0.0018782572587952018,0
long_80f_stride40:ba18b7c1-21ff-45da-8452-41acce7fc8de__ep2:qa:10,ba18b7c1-21ff-45da-8452-41acce7fc8de__ep2,test,400,479,Crafting a paper cone,Manipulate paper decoration,Draw lines and patterns on cardboard,0.0019255959196016192,0
long_80f_stride40:ba18b7c1-21ff-45da-8452-41acce7fc8de__ep2:qa:11,ba18b7c1-21ff-45da-8452-41acce7fc8de__ep2,test,440,519,Crafting a paper cone,Manipulate paper decoration,Draw lines and patterns on cardboard,0.0018686851253733039,0
long_80f_stride40:ba18b7c1-21ff-45da-8452-41acce7fc8de__ep2:qa:12,ba18b7c1-21ff-45da-8452-41acce7fc8de__ep2,test,480,559,Crafting a paper cone,Manipulate paper decoration,Draw lines and patterns on cardboard,0.0018695842009037733,0
long_80f_stride40:ba18b7c1-21ff-45da-8452-41acce7fc8de__ep2:qa:13,ba18b7c1-21ff-45da-8452-41acce7fc8de__ep2,test,520,599,Crafting a paper cone,Manipulate paper edge,Cutting and folding cardboard shapes,0.0018077001441270113,0
long_80f_stride40:ba18b7c1-21ff-45da-8452-41acce7fc8de__ep2:qa:14,ba18b7c1-21ff-45da-8452-41acce7fc8de__ep2,test,560,639,Crafting a paper cone,Manipulate paper edge,Cutting and folding cardboard shapes,0.0018499662401154637,0
long_80f_stride40:ba18b7c1-21ff-45da-8452-41acce7fc8de__ep2:qa:15,ba18b7c1-21ff-45da-8452-41acce7fc8de__ep2,test,600,679,Crafting a paper cone,Manipulate paper edge,Cutting and folding cardboard shapes,0.0018551212269812822,0
long_80f_stride40:ba18b7c1-21ff-45da-8452-41acce7fc8de__ep2:qa:19,ba18b7c1-21ff-45da-8452-41acce7fc8de__ep2,test,800,879,Crafting a paper cone,Manipulate paper edge,typing on smartphone and picking up paper strip,0.0019203517585992813,0
long_80f_stride40:ba18b7c1-21ff-45da-8452-41acce7fc8de__ep2:qa:20,ba18b7c1-21ff-45da-8452-41acce7fc8de__ep2,test,840,919,Crafting a paper cone,Manipulate paper edge,unknown,0.0018886120524257421,0
long_80f_stride40:ba18b7c1-21ff-45da-8452-41acce7fc8de__ep2:qa:21,ba18b7c1-21ff-45da-8452-41acce7fc8de__ep2,test,880,959,Crafting a paper cone,Manipulate paper edge,Cleaning and organizing products in boxes,0.0018177650636062026,0
long_80f_stride40:ba18b7c1-21ff-45da-8452-41acce7fc8de__ep2:qa:22,ba18b7c1-21ff-45da-8452-41acce7fc8de__ep2,test,920,999,Crafting a paper cone,Manipulate paper edge,Moving container and stocking items,0.0018526928033679724,0
long_80f_stride40:ba18b7c1-21ff-45da-8452-41acce7fc8de__ep2:qa:23,ba18b7c1-21ff-45da-8452-41acce7fc8de__ep2,test,960,1039,Crafting a paper cone,Manipulate paper edge,unknown,0.001824793522246182,0
long_80f_stride40:ba18b7c1-21ff-45da-8452-41acce7fc8de__ep2:qa:24,ba18b7c1-21ff-45da-8452-41acce7fc8de__ep2,test,1000,1079,Crafting a paper cone,Manipulate paper edge,unknown,0.0018127274233847857,0
long_80f_stride40:ba18b7c1-21ff-45da-8452-41acce7fc8de__ep2:qa:25,ba18b7c1-21ff-45da-8452-41acce7fc8de__ep2,test,1040,1119,Crafting a paper cone,Adjusting paper edge and placing strip,Folding and sorting paper stars,0.0018121498869732022,0
long_80f_stride40:ba18b7c1-21ff-45da-8452-41acce7fc8de__ep2:qa:26,ba18b7c1-21ff-45da-8452-41acce7fc8de__ep2,test,1080,1159,Crafting a paper cone,Adjusting paper edge and placing strip,Manipulate paper strips,0.0017899497179314494,0
long_80f_stride40:ba18b7c1-21ff-45da-8452-41acce7fc8de__ep2:qa:27,ba18b7c1-21ff-45da-8452-41acce7fc8de__ep2,test,1120,1199,Crafting a paper cone,Adjusting paper edge and placing strip,Placing and searching for puzzle pieces,0.0018365293508395553,0
long_80f_stride40:ba18b7c1-21ff-45da-8452-41acce7fc8de__ep2:qa:28,ba18b7c1-21ff-45da-8452-41acce7fc8de__ep2,test,1200,1279,Crafting a paper cone,Adjusting paper edge and placing strip,unknown,0.0018484739121049643,0
long_80f_stride40:ba18b7c1-21ff-45da-8452-41acce7fc8de__ep2:qa:29,ba18b7c1-21ff-45da-8452-41acce7fc8de__ep2,test,1240,1319,Crafting a paper cone,Adjusting paper edge and placing strip,Transitioning from utility knife to scissors,0.002069480950012803,0
long_80f_stride40:ba18b7c1-21ff-45da-8452-41acce7fc8de__ep2:qa:30,ba18b7c1-21ff-45da-8452-41acce7fc8de__ep2,test,1280,1359,Crafting a paper cone,Adjusting paper edge and placing strip,Marking cardboard squares,0.0020453680772334337,0
long_80f_stride40:ba18b7c1-21ff-45da-8452-41acce7fc8de__ep2:qa:31,ba18b7c1-21ff-45da-8452-41acce7fc8de__ep2,test,1320,1399,Crafting a paper cone,Adjusting paper edge and placing strip,Cutting and folding cardboard shapes,0.0017743440112099051,0
long_80f_stride40:ba18b7c1-21ff-45da-8452-41acce7fc8de__ep2:qa:32,ba18b7c1-21ff-45da-8452-41acce7fc8de__ep2,test,1360,1439,Crafting a paper cone,Adjusting paper edge and placing strip,Trace and remove pattern,0.0018045178148895502,0
long_80f_stride40:ba18b7c1-21ff-45da-8452-41acce7fc8de__ep2:qa:33,ba18b7c1-21ff-45da-8452-41acce7fc8de__ep2,test,1400,1479,Crafting a paper cone,Adjusting paper edge and placing strip,folding paper strips into stars,0.001842005760408938,0
long_80f_stride40:ba18b7c1-21ff-45da-8452-41acce7fc8de__ep2:qa:34,ba18b7c1-21ff-45da-8452-41acce7fc8de__ep2,test,1440,1519,Crafting a paper cone,Adjusting paper edge and placing strip,Manipulate paper strips,0.001794146024622023,0
long_80f_stride40:ba18b7c1-21ff-45da-8452-41acce7fc8de__ep2:qa:35,ba18b7c1-21ff-45da-8452-41acce7fc8de__ep2,test,1480,1559,Crafting a paper cone,Adjusting paper edge and placing strip,Manipulate paper strips,0.001789697795175016,0
long_80f_stride40:ba18b7c1-21ff-45da-8452-41acce7fc8de__ep2:qa:36,ba18b7c1-21ff-45da-8452-41acce7fc8de__ep2,test,1520,1599,Crafting a paper cone,Adjusting paper edge and placing strip,unknown,0.0018251887522637844,0
long_80f_stride40:ba18b7c1-21ff-45da-8452-41acce7fc8de__ep2:qa:37,ba18b7c1-21ff-45da-8452-41acce7fc8de__ep2,test,1560,1639,Crafting a paper cone,Adjusting paper edge and placing strip,Trace and remove pattern piece,0.0017932831542566419,0
long_80f_stride40:ba18b7c1-21ff-45da-8452-41acce7fc8de__ep2:qa:38,ba18b7c1-21ff-45da-8452-41acce7fc8de__ep2,test,1600,1679,Crafting a paper cone,unknown,Trace and remove pattern piece,0.0018608509562909603,0
long_80f_stride40:ba18b7c1-21ff-45da-8452-41acce7fc8de__ep2:qa:39,ba18b7c1-21ff-45da-8452-41acce7fc8de__ep2,test,1640,1719,Crafting a paper cone,Manipulate paper strip,Manipulate paper strips,0.0017868763534352183,0
long_80f_stride40:ba18b7c1-21ff-45da-8452-41acce7fc8de__ep2:qa:40,ba18b7c1-21ff-45da-8452-41acce7fc8de__ep2,test,1680,1759,Crafting a paper cone,Manipulate paper strip,unknown,0.0017902624094858766,0
long_80f_stride40:ba18b7c1-21ff-45da-8452-41acce7fc8de__ep2:qa:41,ba18b7c1-21ff-45da-8452-41acce7fc8de__ep2,test,1720,1799,Crafting a paper cone,Manipulate paper strip,folding paper strip and typing on smartphone,0.002066589193418622,0
long_80f_stride40:ba18b7c1-21ff-45da-8452-41acce7fc8de__ep2:qa:42,ba18b7c1-21ff-45da-8452-41acce7fc8de__ep2,test,1800,1879,Crafting a paper cone,Manipulate paper strip,unknown,0.0018739682855084538,0
long_80f_stride40:ba18b7c1-21ff-45da-8452-41acce7fc8de__ep2:qa:43,ba18b7c1-21ff-45da-8452-41acce7fc8de__ep2,test,1840,1919,Crafting a paper cone,Manipulate paper strip,unknown,0.0019275153754279017,0
long_80f_stride40:ba18b7c1-21ff-45da-8452-41acce7fc8de__ep2:qa:44,ba18b7c1-21ff-45da-8452-41acce7fc8de__ep2,test,1880,1959,Crafting a paper cone,Manipulate paper strip,Cut out cardboard pattern,0.0017890247981995344,0
long_80f_stride40:ba18b7c1-21ff-45da-8452-41acce7fc8de__ep2:qa:45,ba18b7c1-21ff-45da-8452-41acce7fc8de__ep2,test,1920,1999,Crafting a paper cone,Manipulate paper strip,Cut out cardboard pattern,0.0017594010569155216,0
long_80f_stride40:ba18b7c1-21ff-45da-8452-41acce7fc8de__ep2:qa:46,ba18b7c1-21ff-45da-8452-41acce7fc8de__ep2,test,1960,2039,Crafting a paper cone,Manipulate paper strip,unknown,0.0018160641193389893,0
long_80f_stride40:ba18b7c1-21ff-45da-8452-41acce7fc8de__ep2:qa:47,ba18b7c1-21ff-45da-8452-41acce7fc8de__ep2,test,2000,2079,Crafting a paper cone,Manipulate paper strip,Cut out cardboard pattern,0.0018277185736224055,0
long_80f_stride40:ba18b7c1-21ff-45da-8452-41acce7fc8de__ep2:qa:48,ba18b7c1-21ff-45da-8452-41acce7fc8de__ep2,test,2040,2119,Crafting a paper cone,Manipulate paper strip,Cut out cardboard pattern,0.0018390044569969177,0
long_80f_stride40:ba18b7c1-21ff-45da-8452-41acce7fc8de__ep2:qa:49,ba18b7c1-21ff-45da-8452-41acce7fc8de__ep2,test,2080,2159,Crafting a paper cone,Manipulate paper strip,Cut out cardboard pattern,0.001806851476430893,0
long_80f_stride40:ba18b7c1-21ff-45da-8452-41acce7fc8de__ep2:qa:50,ba18b7c1-21ff-45da-8452-41acce7fc8de__ep2,test,2120,2199,Crafting a paper cone,Manipulate paper strip,unknown,0.0017580105923116207,0
long_80f_stride40:ba18b7c1-21ff-45da-8452-41acce7fc8de__ep2:qa:51,ba18b7c1-21ff-45da-8452-41acce7fc8de__ep2,test,2160,2239,Crafting a paper cone,Manipulate paper strip,unknown,0.0017891702009364963,0
long_80f_stride40:ba18b7c1-21ff-45da-8452-41acce7fc8de__ep2:qa:52,ba18b7c1-21ff-45da-8452-41acce7fc8de__ep2,test,2200,2279,Crafting a paper cone,Manipulate paper strip,unknown,0.0018279304495081306,0
long_80f_stride40:ba18b7c1-21ff-45da-8452-41acce7fc8de__ep2:qa:53,ba18b7c1-21ff-45da-8452-41acce7fc8de__ep2,test,2240,2319,Crafting a paper cone,Manipulate paper strip,unknown,0.0018823477439582348,0
long_80f_stride40:ba18b7c1-21ff-45da-8452-41acce7fc8de__ep2:qa:54,ba18b7c1-21ff-45da-8452-41acce7fc8de__ep2,test,2280,2359,Crafting a paper cone,Manipulate paper strip,folding paper strips and retrieving stapler,0.0019350785296410322,0
long_80f_stride40:ba18b7c1-21ff-45da-8452-41acce7fc8de__ep2:qa:55,ba18b7c1-21ff-45da-8452-41acce7fc8de__ep2,test,2320,2399,Crafting a paper cone,Adjusting and securing paper structure,unknown,0.0017470094608142972,0
long_80f_stride40:ba18b7c1-21ff-45da-8452-41acce7fc8de__ep2:qa:56,ba18b7c1-21ff-45da-8452-41acce7fc8de__ep2,test,2360,2439,Crafting a paper cone,Adjusting and securing paper structure,Cut light green fabric,0.0019137660274282098,0
long_80f_stride40:ba18b7c1-21ff-45da-8452-41acce7fc8de__ep2:qa:57,ba18b7c1-21ff-45da-8452-41acce7fc8de__ep2,test,2400,2479,Crafting a paper cone,Adjusting and securing paper structure,unknown,0.0018041246803477407,0
long_80f_stride40:ba18b7c1-21ff-45da-8452-41acce7fc8de__ep2:qa:69,ba18b7c1-21ff-45da-8452-41acce7fc8de__ep2,test,2920,2999,Crafting a paper cone,Adjusting and securing paper structure,Cut cardboard pattern,0.0017551076598465443,0
long_80f_stride40:ba18b7c1-21ff-45da-8452-41acce7fc8de__ep2:qa:70,ba18b7c1-21ff-45da-8452-41acce7fc8de__ep2,test,2960,3039,Crafting a paper cone,Adjusting and securing paper structure,unknown,0.0018011010251939297,0
long_80f_stride40:ba18b7c1-21ff-45da-8452-41acce7fc8de__ep2:qa:71,ba18b7c1-21ff-45da-8452-41acce7fc8de__ep2,test,3000,3079,Crafting a paper cone,Adjusting and securing paper structure,Vacuuming the carpet edge,0.001877366565167904,0
long_80f_stride40:ba18b7c1-21ff-45da-8452-41acce7fc8de__ep2:qa:72,ba18b7c1-21ff-45da-8452-41acce7fc8de__ep2,test,3040,3119,Crafting a paper cone,Adjusting and securing paper structure,unknown,0.0018234312301501632,0
long_80f_stride40:ba18b7c1-21ff-45da-8452-41acce7fc8de__ep2:qa:73,ba18b7c1-21ff-45da-8452-41acce7fc8de__ep2,test,3080,3159,Crafting a paper cone,Adjusting and securing paper structure,Placing snack packages in box,0.0018110314849764109,0
long_80f_stride40:ba18b7c1-21ff-45da-8452-41acce7fc8de__ep2:qa:74,ba18b7c1-21ff-45da-8452-41acce7fc8de__ep2,test,3120,3199,Crafting a paper cone,Adjusting and securing paper structure,Placing snack packages in box,0.0018103447509929538,0
long_80f_stride40:ba18b7c1-21ff-45da-8452-41acce7fc8de__ep2:qa:75,ba18b7c1-21ff-45da-8452-41acce7fc8de__ep2,test,3160,3239,Crafting a paper cone,Adjusting and securing paper structure,Gathering and boxing plastic pieces,0.0018151209224015474,0
long_80f_stride40:ba18b7c1-21ff-45da-8452-41acce7fc8de__ep2:qa:76,ba18b7c1-21ff-45da-8452-41acce7fc8de__ep2,test,3200,3279,Crafting a paper cone,unknown,unknown,0.0018847959581762552,1
long_80f_stride40:ba18b7c1-21ff-45da-8452-41acce7fc8de__ep2:qa:77,ba18b7c1-21ff-45da-8452-41acce7fc8de__ep2,test,3240,3319,Crafting a paper cone,Manipulate adhesive strip,unknown,0.0018252130830660462,0
long_80f_stride40:ba18b7c1-21ff-45da-8452-41acce7fc8de__ep2:qa:78,ba18b7c1-21ff-45da-8452-41acce7fc8de__ep2,test,3280,3359,Crafting a paper cone,Manipulate adhesive strip,Cutting cardboard pieces,0.0017487979494035244,0
long_80f_stride40:ba18b7c1-21ff-45da-8452-41acce7fc8de__ep2:qa:79,ba18b7c1-21ff-45da-8452-41acce7fc8de__ep2,test,3320,3399,Crafting a paper cone,Manipulate adhesive strip,unknown,0.001787818968296051,0
long_80f_stride40:ba18b7c1-21ff-45da-8452-41acce7fc8de__ep2:qa:80,ba18b7c1-21ff-45da-8452-41acce7fc8de__ep2,test,3400,3479,Crafting a paper cone,Manipulate adhesive strip,Manipulate paper strips,0.0018758070655167103,0
long_80f_stride40:ba18b7c1-21ff-45da-8452-41acce7fc8de__ep2:qa:81,ba18b7c1-21ff-45da-8452-41acce7fc8de__ep2,test,3440,3519,Crafting a paper cone,Manipulate adhesive strip,Walking through workspace,0.0018594178836792707,0
long_80f_stride40:ba18b7c1-21ff-45da-8452-41acce7fc8de__ep2:qa:82,ba18b7c1-21ff-45da-8452-41acce7fc8de__ep2,test,3480,3559,Crafting a paper cone,Manipulate adhesive strip,unknown,0.0018032786902040243,0
long_80f_stride40:ba18b7c1-21ff-45da-8452-41acce7fc8de__ep2:qa:83,ba18b7c1-21ff-45da-8452-41acce7fc8de__ep2,test,3520,3599,Crafting a paper cone,Manipulate adhesive strip,unknown,0.0017991947242990136,0
long_80f_stride40:ba18b7c1-21ff-45da-8452-41acce7fc8de__ep2:qa:84,ba18b7c1-21ff-45da-8452-41acce7fc8de__ep2,test,3560,3639,Crafting a paper cone,Manipulate adhesive strip,Adjust phone and reach for beads,0.0018388837343081832,0
long_80f_stride40:ba18b7c1-21ff-45da-8452-41acce7fc8de__ep2:qa:85,ba18b7c1-21ff-45da-8452-41acce7fc8de__ep2,test,3600,3679,Crafting a paper cone,Manipulate adhesive strip,Adjust phone and reach for beads,0.0019610910676419735,0
long_80f_stride40:ba18b7c1-21ff-45da-8452-41acce7fc8de__ep2:qa:86,ba18b7c1-21ff-45da-8452-41acce7fc8de__ep2,test,3640,3719,Crafting a paper cone,Manipulate adhesive strip,Cleaning shelves and rearranging products,0.0018680775538086891,0
long_80f_stride40:ba18b7c1-21ff-45da-8452-41acce7fc8de__ep2:qa:87,ba18b7c1-21ff-45da-8452-41acce7fc8de__ep2,test,3680,3759,Crafting a paper cone,Manipulate adhesive strip,Cleaning shelves and rearranging products,0.002042656298726797,0
long_80f_stride40:ba18b7c1-21ff-45da-8452-41acce7fc8de__ep2:qa:88,ba18b7c1-21ff-45da-8452-41acce7fc8de__ep2,test,3720,3799,Crafting a paper cone,Manipulate adhesive strip,Replenishing shelf stock,0.001817381358705461,0
long_80f_stride40:ba18b7c1-21ff-45da-8452-41acce7fc8de__ep2:qa:89,ba18b7c1-21ff-45da-8452-41acce7fc8de__ep2,test,3760,3839,Crafting a paper cone,Manipulate adhesive strip,Using smartphone as a guide on cardboard,0.0022661660332232714,0
long_80f_stride40:ba18b7c1-21ff-45da-8452-41acce7fc8de__ep2:qa:90,ba18b7c1-21ff-45da-8452-41acce7fc8de__ep2,test,3800,3879,Crafting a paper cone,Manipulate adhesive strip,manipulating paper star,0.0020687163341790438,0
long_80f_stride40:ba18b7c1-21ff-45da-8452-41acce7fc8de__ep2:qa:91,ba18b7c1-21ff-45da-8452-41acce7fc8de__ep2,test,3840,3919,Crafting a paper cone,Manipulate adhesive strip,Manipulating paper quilling piece,0.0018898214912042022,0
long_80f_stride40:ba18b7c1-21ff-45da-8452-41acce7fc8de__ep2:qa:92,ba18b7c1-21ff-45da-8452-41acce7fc8de__ep2,test,3880,3959,Crafting a paper cone,Manipulate adhesive strip,Adjusting and placing down paper pieces,0.002003691392019391,0
long_80f_stride40:ba18b7c1-21ff-45da-8452-41acce7fc8de__ep2:qa:93,ba18b7c1-21ff-45da-8452-41acce7fc8de__ep2,test,3920,3999,Crafting a paper cone,Secure paper edges with adhesive,unknown,0.001801800448447466,0
long_80f_stride40:ba18b7c1-21ff-45da-8452-41acce7fc8de__ep2:qa:94,ba18b7c1-21ff-45da-8452-41acce7fc8de__ep2,test,3960,4039,Crafting a paper cone,Secure paper edges with adhesive,unknown,0.0019119083881378174,0
long_80f_stride40:ba18b7c1-21ff-45da-8452-41acce7fc8de__ep2:qa:95,ba18b7c1-21ff-45da-8452-41acce7fc8de__ep2,test,4000,4079,Crafting a paper cone,Secure paper edges with adhesive,unknown,0.0018221945501863956,0
long_80f_stride40:ba18b7c1-21ff-45da-8452-41acce7fc8de__ep2:qa:114,ba18b7c1-21ff-45da-8452-41acce7fc8de__ep2,test,4800,4879,Crafting a paper cone,Secure paper edges with adhesive,Adjusting snack package,0.0020325363148003817,0
long_80f_stride40:ba18b7c1-21ff-45da-8452-41acce7fc8de__ep2:qa:115,ba18b7c1-21ff-45da-8452-41acce7fc8de__ep2,test,4840,4919,Crafting a paper cone,Secure paper edges with adhesive,Cutting cardboard pieces,0.0017888146685436368,0
long_80f_stride40:ba18b7c1-21ff-45da-8452-41acce7fc8de__ep2:qa:116,ba18b7c1-21ff-45da-8452-41acce7fc8de__ep2,test,4880,4959,Crafting a paper cone,Secure paper edges with adhesive,Place down paper strip,0.0021271666046231985,0
long_80f_stride40:ba18b7c1-21ff-45da-8452-41acce7fc8de__ep2:qa:117,ba18b7c1-21ff-45da-8452-41acce7fc8de__ep2,test,4920,4999,Crafting a paper cone,Secure paper edges with adhesive,Cut cardboard with utility knife,0.0018048847559839487,0
long_80f_stride40:ba18b7c1-21ff-45da-8452-41acce7fc8de__ep2:qa:118,ba18b7c1-21ff-45da-8452-41acce7fc8de__ep2,test,4960,5039,Crafting a paper cone,Secure paper edges with adhesive,Resuming cutting cardboard,0.0017988636391237378,0
long_80f_stride40:ba18b7c1-21ff-45da-8452-41acce7fc8de__ep2:qa:119,ba18b7c1-21ff-45da-8452-41acce7fc8de__ep2,test,5000,5079,Crafting a paper cone,Secure paper edges with adhesive,Cleaning shelves and relocating,0.0019765133038163185,0
long_80f_stride40:ba18b7c1-21ff-45da-8452-41acce7fc8de__ep2:qa:120,ba18b7c1-21ff-45da-8452-41acce7fc8de__ep2,test,5040,5119,Crafting a paper cone,Secure paper edges with adhesive,Cut cardboard with utility knife,0.0018321044044569135,0
long_80f_stride40:ba18b7c1-21ff-45da-8452-41acce7fc8de__ep2:qa:121,ba18b7c1-21ff-45da-8452-41acce7fc8de__ep2,test,5080,5159,Crafting a paper cone,Secure paper edges with adhesive,Cut cardboard with utility knife,0.0018286140402778983,0
long_80f_stride40:ba18b7c1-21ff-45da-8452-41acce7fc8de__ep2:qa:122,ba18b7c1-21ff-45da-8452-41acce7fc8de__ep2,test,5120,5199,Crafting a paper cone,Secure paper edges with adhesive,Resuming cutting cardboard,0.001812454778701067,0
long_80f_stride40:ba18b7c1-21ff-45da-8452-41acce7fc8de__ep2:qa:123,ba18b7c1-21ff-45da-8452-41acce7fc8de__ep2,test,5160,5239,Crafting a paper cone,Secure paper edges with adhesive,Resuming cutting cardboard,0.0018182237399742007,0
long_80f_stride40:ba18b7c1-21ff-45da-8452-41acce7fc8de__ep2:qa:124,ba18b7c1-21ff-45da-8452-41acce7fc8de__ep2,test,5200,5279,Crafting a paper cone,unknown,Resuming cutting cardboard,0.0018184451619163156,0
long_80f_stride40:b6579cb5-0a71-4ca6-8808-1e2700be05c7__ep3:qa:0,b6579cb5-0a71-4ca6-8808-1e2700be05c7__ep3,test,0,79,Sorting and counting colored star-shaped beads,Sort and record bead counts,Sorting and counting beads,0.002130393171682954,0
long_80f_stride40:b6579cb5-0a71-4ca6-8808-1e2700be05c7__ep3:qa:1,b6579cb5-0a71-4ca6-8808-1e2700be05c7__ep3,test,40,119,Sorting and counting colored star-shaped beads,Sort and record bead counts,Sorting and counting beads,0.002139356220141053,0
long_80f_stride40:b6579cb5-0a71-4ca6-8808-1e2700be05c7__ep3:qa:2,b6579cb5-0a71-4ca6-8808-1e2700be05c7__ep3,test,80,159,Sorting and counting colored star-shaped beads,Sort and record bead counts,Sorting and counting beads,0.002136495430022478,0
long_80f_stride40:b6579cb5-0a71-4ca6-8808-1e2700be05c7__ep3:qa:3,b6579cb5-0a71-4ca6-8808-1e2700be05c7__ep3,test,120,199,Sorting and counting colored star-shaped beads,Sort and record bead counts,Sorting and counting beads,0.0021632809657603502,0
long_80f_stride40:b6579cb5-0a71-4ca6-8808-1e2700be05c7__ep3:qa:4,b6579cb5-0a71-4ca6-8808-1e2700be05c7__ep3,test,160,239,Sorting and counting colored star-shaped beads,Sort and record bead counts,Sorting and counting beads,0.002150004729628563,0
long_80f_stride40:b6579cb5-0a71-4ca6-8808-1e2700be05c7__ep3:qa:5,b6579cb5-0a71-4ca6-8808-1e2700be05c7__ep3,test,200,279,Sorting and counting colored star-shaped beads,Sort and record bead counts,Sorting and counting beads,0.002162539167329669,0
long_80f_stride40:b6579cb5-0a71-4ca6-8808-1e2700be05c7__ep3:qa:6,b6579cb5-0a71-4ca6-8808-1e2700be05c7__ep3,test,280,359,Sorting and counting colored star-shaped beads,Sort and record bead counts,Sorting and counting beads,0.0021274688187986612,0
long_80f_stride40:b6579cb5-0a71-4ca6-8808-1e2700be05c7__ep3:qa:7,b6579cb5-0a71-4ca6-8808-1e2700be05c7__ep3,test,320,399,Sorting and counting colored star-shaped beads,Sort and record bead counts,Sorting and counting beads,0.0021691301371902227,0
long_80f_stride40:b6579cb5-0a71-4ca6-8808-1e2700be05c7__ep3:qa:8,b6579cb5-0a71-4ca6-8808-1e2700be05c7__ep3,test,360,439,Sorting and counting colored star-shaped beads,Sort and record bead counts,Sorting and counting beads,0.0020912024192512035,0
long_80f_stride40:b6579cb5-0a71-4ca6-8808-1e2700be05c7__ep3:qa:9,b6579cb5-0a71-4ca6-8808-1e2700be05c7__ep3,test,400,479,Sorting and counting colored star-shaped beads,Sort and record bead counts,Sorting and counting beads,0.0021070807706564665,0
long_80f_stride40:b6579cb5-0a71-4ca6-8808-1e2700be05c7__ep3:qa:10,b6579cb5-0a71-4ca6-8808-1e2700be05c7__ep3,test,440,519,Sorting and counting colored star-shaped beads,Sort and record bead counts,Sorting and counting beads,0.002117210766300559,0
long_80f_stride40:b6579cb5-0a71-4ca6-8808-1e2700be05c7__ep3:qa:11,b6579cb5-0a71-4ca6-8808-1e2700be05c7__ep3,test,480,559,Sorting and counting colored star-shaped beads,Sort and record bead counts,Sorting and counting beads,0.002115414245054126,0
long_80f_stride40:b6579cb5-0a71-4ca6-8808-1e2700be05c7__ep3:qa:12,b6579cb5-0a71-4ca6-8808-1e2700be05c7__ep3,test,520,599,Sorting and counting colored star-shaped beads,Sort and record bead counts,Sorting and counting beads,0.0021088444627821445,0
long_80f_stride40:b6579cb5-0a71-4ca6-8808-1e2700be05c7__ep3:qa:13,b6579cb5-0a71-4ca6-8808-1e2700be05c7__ep3,test,560,639,Sorting and counting colored star-shaped beads,Sort and record bead counts,Sorting and counting beads,0.002155517227947712,0
long_80f_stride40:b6579cb5-0a71-4ca6-8808-1e2700be05c7__ep3:qa:23,b6579cb5-0a71-4ca6-8808-1e2700be05c7__ep3,test,1000,1079,Sorting and counting colored star-shaped beads,Sort and record bead counts,Sorting and counting beads,0.002122730016708374,0
long_80f_stride40:b6579cb5-0a71-4ca6-8808-1e2700be05c7__ep3:qa:24,b6579cb5-0a71-4ca6-8808-1e2700be05c7__ep3,test,1040,1119,Sorting and counting colored star-shaped beads,Sort and record bead counts,Sorting and counting beads,0.0021399101242423058,0
long_80f_stride40:b6579cb5-0a71-4ca6-8808-1e2700be05c7__ep3:qa:25,b6579cb5-0a71-4ca6-8808-1e2700be05c7__ep3,test,1080,1159,Sorting and counting colored star-shaped beads,Sort and record bead counts,Sorting and counting beads,0.002095125149935484,0
long_80f_stride40:b6579cb5-0a71-4ca6-8808-1e2700be05c7__ep3:qa:26,b6579cb5-0a71-4ca6-8808-1e2700be05c7__ep3,test,1120,1199,Sorting and counting colored star-shaped beads,Sort and record bead counts,Sorting and counting beads,0.0020923051051795483,0
long_80f_stride40:b6579cb5-0a71-4ca6-8808-1e2700be05c7__ep3:qa:27,b6579cb5-0a71-4ca6-8808-1e2700be05c7__ep3,test,1160,1239,Sorting and counting colored star-shaped beads,Sort and record bead counts,Sorting and counting beads,0.002108820481225848,0
long_80f_stride40:b6579cb5-0a71-4ca6-8808-1e2700be05c7__ep3:qa:28,b6579cb5-0a71-4ca6-8808-1e2700be05c7__ep3,test,1200,1279,Sorting and counting colored star-shaped beads,Sort and group beads,Sorting and counting beads,0.002106010913848877,0
long_80f_stride40:b6579cb5-0a71-4ca6-8808-1e2700be05c7__ep3:qa:29,b6579cb5-0a71-4ca6-8808-1e2700be05c7__ep3,test,1240,1319,Sorting and counting colored star-shaped beads,Sort and group beads,Draw grid lines,0.0021333566401153803,0
long_80f_stride40:b6579cb5-0a71-4ca6-8808-1e2700be05c7__ep3:qa:30,b6579cb5-0a71-4ca6-8808-1e2700be05c7__ep3,test,1280,1359,Sorting and counting colored star-shaped beads,Sort and group beads,Marking cardboard squares,0.002170009771361947,0
long_80f_stride40:b6579cb5-0a71-4ca6-8808-1e2700be05c7__ep3:qa:32,b6579cb5-0a71-4ca6-8808-1e2700be05c7__ep3,test,1400,1479,Sorting and counting colored star-shaped beads,Sort and group beads,Sort beads by color,0.002148022409528494,0
long_80f_stride40:b6579cb5-0a71-4ca6-8808-1e2700be05c7__ep3:qa:33,b6579cb5-0a71-4ca6-8808-1e2700be05c7__ep3,test,1440,1519,Sorting and counting colored star-shaped beads,Sort and group beads,Sorting and counting beads,0.002083217492327094,0
long_80f_stride40:b6579cb5-0a71-4ca6-8808-1e2700be05c7__ep3:qa:46,b6579cb5-0a71-4ca6-8808-1e2700be05c7__ep3,test,2000,2079,Sorting and counting colored star-shaped beads,Sort and group beads,Sorting and counting beads,0.0021060691215097904,0
long_80f_stride40:b6579cb5-0a71-4ca6-8808-1e2700be05c7__ep3:qa:47,b6579cb5-0a71-4ca6-8808-1e2700be05c7__ep3,test,2040,2119,Sorting and counting colored star-shaped beads,Sort and group beads,Sorting and counting beads,0.0020999314729124308,0
long_80f_stride40:b6579cb5-0a71-4ca6-8808-1e2700be05c7__ep3:qa:48,b6579cb5-0a71-4ca6-8808-1e2700be05c7__ep3,test,2080,2159,Sorting and counting colored star-shaped beads,Sort and group beads,Sorting and counting beads,0.0021269398275762796,0
long_80f_stride40:b6579cb5-0a71-4ca6-8808-1e2700be05c7__ep3:qa:49,b6579cb5-0a71-4ca6-8808-1e2700be05c7__ep3,test,2120,2199,Sorting and counting colored star-shaped beads,Sort and group beads,Sorting and counting beads,0.002117944648489356,0
long_80f_stride40:b6579cb5-0a71-4ca6-8808-1e2700be05c7__ep3:qa:50,b6579cb5-0a71-4ca6-8808-1e2700be05c7__ep3,test,2160,2239,Sorting and counting colored star-shaped beads,Sort and group beads,Sorting and counting beads,0.00215164921246469,0
long_80f_stride40:b6579cb5-0a71-4ca6-8808-1e2700be05c7__ep3:qa:51,b6579cb5-0a71-4ca6-8808-1e2700be05c7__ep3,test,2200,2279,Sorting and counting colored star-shaped beads,"Pick, place, and count beads",Sorting and counting beads,0.002095145173370838,0
long_80f_stride40:b6579cb5-0a71-4ca6-8808-1e2700be05c7__ep3:qa:52,b6579cb5-0a71-4ca6-8808-1e2700be05c7__ep3,test,2240,2319,Sorting and counting colored star-shaped beads,"Pick, place, and count beads",Sorting and counting beads,0.0020566217135638,0
long_80f_stride40:b6579cb5-0a71-4ca6-8808-1e2700be05c7__ep3:qa:53,b6579cb5-0a71-4ca6-8808-1e2700be05c7__ep3,test,2280,2359,Sorting and counting colored star-shaped beads,"Pick, place, and count beads",Sorting and counting beads,0.0020544196013361216,0
long_80f_stride40:b6579cb5-0a71-4ca6-8808-1e2700be05c7__ep3:qa:55,b6579cb5-0a71-4ca6-8808-1e2700be05c7__ep3,test,2400,2479,Sorting and counting colored star-shaped beads,"Pick, place, and count beads",Sorting and counting beads,0.0020911225583404303,0
long_80f_stride40:b6579cb5-0a71-4ca6-8808-1e2700be05c7__ep3:qa:56,b6579cb5-0a71-4ca6-8808-1e2700be05c7__ep3,test,2440,2519,Sorting and counting colored star-shaped beads,"Pick, place, and count beads",Sorting and counting beads,0.002099051373079419,0
long_80f_stride40:b6579cb5-0a71-4ca6-8808-1e2700be05c7__ep3:qa:57,b6579cb5-0a71-4ca6-8808-1e2700be05c7__ep3,test,2480,2559,Sorting and counting colored star-shaped beads,"Pick, place, and count beads",Sort beads,0.002066719811409712,0
long_80f_stride40:b6579cb5-0a71-4ca6-8808-1e2700be05c7__ep3:qa:58,b6579cb5-0a71-4ca6-8808-1e2700be05c7__ep3,test,2560,2639,Sorting and counting colored star-shaped beads,"Pick, place, and count beads",Sorting and counting beads,0.00205564615316689,0
long_80f_stride40:b6579cb5-0a71-4ca6-8808-1e2700be05c7__ep3:qa:59,b6579cb5-0a71-4ca6-8808-1e2700be05c7__ep3,test,2600,2679,Sorting and counting colored star-shaped beads,"Pick, place, and count beads",Sorting and counting beads,0.0020922310650348663,0
long_80f_stride40:b6579cb5-0a71-4ca6-8808-1e2700be05c7__ep3:qa:60,b6579cb5-0a71-4ca6-8808-1e2700be05c7__ep3,test,2640,2719,Sorting and counting colored star-shaped beads,"Pick, place, and count beads",Sorting and counting beads,0.0020676441490650177,0
long_80f_stride40:b6579cb5-0a71-4ca6-8808-1e2700be05c7__ep3:qa:61,b6579cb5-0a71-4ca6-8808-1e2700be05c7__ep3,test,2680,2759,Sorting and counting colored star-shaped beads,"Pick, place, and count beads",Sorting and counting beads,0.0020995629020035267,0
long_80f_stride40:b6579cb5-0a71-4ca6-8808-1e2700be05c7__ep3:qa:62,b6579cb5-0a71-4ca6-8808-1e2700be05c7__ep3,test,2720,2799,Sorting and counting colored star-shaped beads,"Pick, place, and count beads",Sorting and counting beads,0.002089425455778837,0
long_80f_stride40:b6579cb5-0a71-4ca6-8808-1e2700be05c7__ep3:qa:63,b6579cb5-0a71-4ca6-8808-1e2700be05c7__ep3,test,2760,2839,Sorting and counting colored star-shaped beads,Sort beads and record count,Finish and place origami star,0.00213833199813962,0
long_80f_stride40:b6579cb5-0a71-4ca6-8808-1e2700be05c7__ep3:qa:64,b6579cb5-0a71-4ca6-8808-1e2700be05c7__ep3,test,2800,2879,Sorting and counting colored star-shaped beads,Sort beads and record count,Sorting and counting beads,0.00213269772939384,0
long_80f_stride40:b6579cb5-0a71-4ca6-8808-1e2700be05c7__ep3:qa:65,b6579cb5-0a71-4ca6-8808-1e2700be05c7__ep3,test,2840,2919,Sorting and counting colored star-shaped beads,Sort beads and record count,Sorting and counting beads,0.002148052677512169,0
long_80f_stride40:b6579cb5-0a71-4ca6-8808-1e2700be05c7__ep3:qa:68,b6579cb5-0a71-4ca6-8808-1e2700be05c7__ep3,test,3000,3079,Sorting and counting colored star-shaped beads,Sort beads and record count,Sorting and counting beads,0.002103808568790555,0
long_80f_stride40:b6579cb5-0a71-4ca6-8808-1e2700be05c7__ep3:qa:69,b6579cb5-0a71-4ca6-8808-1e2700be05c7__ep3,test,3040,3119,Sorting and counting colored star-shaped beads,Sort beads and record count,Sorting and counting beads,0.0021386027801781893,0
long_80f_stride40:b6579cb5-0a71-4ca6-8808-1e2700be05c7__ep3:qa:70,b6579cb5-0a71-4ca6-8808-1e2700be05c7__ep3,test,3080,3159,Sorting and counting colored star-shaped beads,Sort beads and record count,Sorting and counting beads,0.0020581225398927927,0
long_80f_stride40:b6579cb5-0a71-4ca6-8808-1e2700be05c7__ep3:qa:71,b6579cb5-0a71-4ca6-8808-1e2700be05c7__ep3,test,3120,3199,Sorting and counting colored star-shaped beads,Sort beads and record count,Sorting and counting beads,0.0020460067316889763,0
long_80f_stride40:b6579cb5-0a71-4ca6-8808-1e2700be05c7__ep3:qa:72,b6579cb5-0a71-4ca6-8808-1e2700be05c7__ep3,test,3160,3239,Sorting and counting colored star-shaped beads,Sort beads and record count,Sorting and counting beads,0.002098463475704193,0
long_80f_stride40:b6579cb5-0a71-4ca6-8808-1e2700be05c7__ep3:qa:73,b6579cb5-0a71-4ca6-8808-1e2700be05c7__ep3,test,3200,3279,Sorting and counting colored star-shaped beads,Sort beads and record count,Sorting and counting beads,0.00207420508377254,0
long_80f_stride40:b6579cb5-0a71-4ca6-8808-1e2700be05c7__ep3:qa:74,b6579cb5-0a71-4ca6-8808-1e2700be05c7__ep3,test,3280,3359,Sorting and counting colored star-shaped beads,Sort beads and record count,Sorting and counting beads,0.002114244271069765,0
long_80f_stride40:b6579cb5-0a71-4ca6-8808-1e2700be05c7__ep3:qa:75,b6579cb5-0a71-4ca6-8808-1e2700be05c7__ep3,test,3320,3399,Sorting and counting colored star-shaped beads,Sort beads and record count,Sorting and counting beads,0.002108268439769745,0
long_80f_stride40:b6579cb5-0a71-4ca6-8808-1e2700be05c7__ep3:qa:76,b6579cb5-0a71-4ca6-8808-1e2700be05c7__ep3,test,3360,3439,Sorting and counting colored star-shaped beads,Sort beads and record count,Sorting and counting beads,0.0020657144486904144,0
long_80f_stride40:b6579cb5-0a71-4ca6-8808-1e2700be05c7__ep3:qa:77,b6579cb5-0a71-4ca6-8808-1e2700be05c7__ep3,test,3400,3479,Sorting and counting colored star-shaped beads,Sort beads and record count,Sorting and counting beads,0.0021018818952143192,0
long_80f_stride40:b6579cb5-0a71-4ca6-8808-1e2700be05c7__ep3:qa:78,b6579cb5-0a71-4ca6-8808-1e2700be05c7__ep3,test,3440,3519,Sorting and counting colored star-shaped beads,Sort beads and record count,Sorting and counting beads,0.002046572044491768,0
long_80f_stride40:b6579cb5-0a71-4ca6-8808-1e2700be05c7__ep3:qa:79,b6579cb5-0a71-4ca6-8808-1e2700be05c7__ep3,test,3480,3559,Sorting and counting colored star-shaped beads,Sort beads and record count,Sorting and counting beads,0.002105997409671545,0
long_80f_stride40:b6579cb5-0a71-4ca6-8808-1e2700be05c7__ep3:qa:80,b6579cb5-0a71-4ca6-8808-1e2700be05c7__ep3,test,3520,3599,Sorting and counting colored star-shaped beads,Sort beads and record count,Sorting and counting beads,0.0020802824292331934,0
long_80f_stride40:b6579cb5-0a71-4ca6-8808-1e2700be05c7__ep3:qa:81,b6579cb5-0a71-4ca6-8808-1e2700be05c7__ep3,test,3600,3679,Sorting and counting colored star-shaped beads,Sort beads and record count,Adjust phone and reach for beads,0.0020872820168733597,0
long_80f_stride40:b6579cb5-0a71-4ca6-8808-1e2700be05c7__ep3:qa:82,b6579cb5-0a71-4ca6-8808-1e2700be05c7__ep3,test,3640,3719,Sorting and counting colored star-shaped beads,Sort beads and record count,Sorting and counting beads,0.0020668846555054188,0
long_80f_stride40:b6579cb5-0a71-4ca6-8808-1e2700be05c7__ep3:qa:83,b6579cb5-0a71-4ca6-8808-1e2700be05c7__ep3,test,3680,3759,Sorting and counting colored star-shaped beads,Sort beads and record count,Sort and combine bead piles,0.0020511900074779987,0
long_80f_stride40:b6579cb5-0a71-4ca6-8808-1e2700be05c7__ep3:qa:84,b6579cb5-0a71-4ca6-8808-1e2700be05c7__ep3,test,3720,3799,Sorting and counting colored star-shaped beads,Sort beads and record count,Sorting and counting beads,0.002118123695254326,0
long_80f_stride40:b6579cb5-0a71-4ca6-8808-1e2700be05c7__ep3:qa:85,b6579cb5-0a71-4ca6-8808-1e2700be05c7__ep3,test,3760,3839,Sorting and counting colored star-shaped beads,Sort beads and record count,Using smartphone as a guide on cardboard,0.002342580584809184,0
long_80f_stride40:b6579cb5-0a71-4ca6-8808-1e2700be05c7__ep3:qa:86,b6579cb5-0a71-4ca6-8808-1e2700be05c7__ep3,test,3800,3879,Sorting and counting colored star-shaped beads,Sort beads and record count,Preparing for further sorting,0.002115814248099923,0
long_80f_stride40:b6579cb5-0a71-4ca6-8808-1e2700be05c7__ep3:qa:87,b6579cb5-0a71-4ca6-8808-1e2700be05c7__ep3,test,3840,3919,Sorting and counting colored star-shaped beads,Sort beads and record count,Preparing for further sorting,0.0021009109914302826,0
long_80f_stride40:b6579cb5-0a71-4ca6-8808-1e2700be05c7__ep3:qa:88,b6579cb5-0a71-4ca6-8808-1e2700be05c7__ep3,test,3880,3959,Sorting and counting colored star-shaped beads,Sort beads and record count,Sort beads,0.002090074820443988,0
long_80f_stride40:b6579cb5-0a71-4ca6-8808-1e2700be05c7__ep3:qa:90,b6579cb5-0a71-4ca6-8808-1e2700be05c7__ep3,test,4000,4079,Sorting and counting colored star-shaped beads,Sort beads and record count,Sorting and counting beads,0.002087777014821768,0
long_80f_stride40:b6579cb5-0a71-4ca6-8808-1e2700be05c7__ep3:qa:91,b6579cb5-0a71-4ca6-8808-1e2700be05c7__ep3,test,4040,4119,Sorting and counting colored star-shaped beads,Sort beads and record count,Sorting and counting beads,0.0021049410570412874,0
long_80f_stride40:b6579cb5-0a71-4ca6-8808-1e2700be05c7__ep3:qa:92,b6579cb5-0a71-4ca6-8808-1e2700be05c7__ep3,test,4080,4159,Sorting and counting colored star-shaped beads,Sort beads and record count,Sorting and counting beads,0.0020413706079125404,0
long_80f_stride40:b6579cb5-0a71-4ca6-8808-1e2700be05c7__ep3:qa:93,b6579cb5-0a71-4ca6-8808-1e2700be05c7__ep3,test,4120,4199,Sorting and counting colored star-shaped beads,Sort beads and record count,Sorting and counting beads,0.002093392424285412,0
long_80f_stride40:b6579cb5-0a71-4ca6-8808-1e2700be05c7__ep3:qa:94,b6579cb5-0a71-4ca6-8808-1e2700be05c7__ep3,test,4160,4239,Sorting and counting colored star-shaped beads,Sort beads and record count,Sorting and counting beads,0.002007004339247942,0
long_80f_stride40:b6579cb5-0a71-4ca6-8808-1e2700be05c7__ep3:qa:95,b6579cb5-0a71-4ca6-8808-1e2700be05c7__ep3,test,4240,4319,Sorting and counting colored star-shaped beads,Sort beads and record count,Sorting and counting beads,0.002109709195792675,0
long_80f_stride40:b6579cb5-0a71-4ca6-8808-1e2700be05c7__ep3:qa:96,b6579cb5-0a71-4ca6-8808-1e2700be05c7__ep3,test,4280,4359,Sorting and counting colored star-shaped beads,Count beads and retrieve more,Wiping product jars,0.0020009607542306185,0
long_80f_stride40:b6579cb5-0a71-4ca6-8808-1e2700be05c7__ep3:qa:97,b6579cb5-0a71-4ca6-8808-1e2700be05c7__ep3,test,4320,4399,Sorting and counting colored star-shaped beads,Count beads and retrieve more,Sorting and counting beads,0.0021269519347697496,0
long_80f_stride40:b6579cb5-0a71-4ca6-8808-1e2700be05c7__ep3:qa:98,b6579cb5-0a71-4ca6-8808-1e2700be05c7__ep3,test,4400,4479,Sorting and counting colored star-shaped beads,Count beads and retrieve more,Sort beads by hand,0.0020460186060518026,0
long_80f_stride40:b6579cb5-0a71-4ca6-8808-1e2700be05c7__ep3:qa:99,b6579cb5-0a71-4ca6-8808-1e2700be05c7__ep3,test,4440,4519,Sorting and counting colored star-shaped beads,Count beads and retrieve more,Writing on paper and reaching for beads,0.002049810718744993,0
long_80f_stride40:b6579cb5-0a71-4ca6-8808-1e2700be05c7__ep3:qa:100,b6579cb5-0a71-4ca6-8808-1e2700be05c7__ep3,test,4480,4559,Sorting and counting colored star-shaped beads,Count beads and retrieve more,Sorting and counting beads,0.0020352171268314123,0
long_80f_stride40:b6579cb5-0a71-4ca6-8808-1e2700be05c7__ep3:qa:101,b6579cb5-0a71-4ca6-8808-1e2700be05c7__ep3,test,4520,4599,Sorting and counting colored star-shaped beads,Count beads and retrieve more,Sort beads by color,0.0022030319087207317,0
long_80f_stride40:b6579cb5-0a71-4ca6-8808-1e2700be05c7__ep3:qa:102,b6579cb5-0a71-4ca6-8808-1e2700be05c7__ep3,test,4560,4639,Sorting and counting colored star-shaped beads,Count beads and retrieve more,Sorting and counting beads,0.002021313877776265,0
long_80f_stride40:b6579cb5-0a71-4ca6-8808-1e2700be05c7__ep3:qa:103,b6579cb5-0a71-4ca6-8808-1e2700be05c7__ep3,test,4640,4719,Sorting and counting colored star-shaped beads,Document bead counts,Cutting and stacking cardboard pieces,0.002222741022706032,0
long_80f_stride40:b6579cb5-0a71-4ca6-8808-1e2700be05c7__ep3:qa:104,b6579cb5-0a71-4ca6-8808-1e2700be05c7__ep3,test,4680,4759,Sorting and counting colored star-shaped beads,Document bead counts,Repositioning and cutting cardboard pieces,0.002050728304311633,0
long_80f_stride40:b6579cb5-0a71-4ca6-8808-1e2700be05c7__ep3:qa:105,b6579cb5-0a71-4ca6-8808-1e2700be05c7__ep3,test,4720,4799,Sorting and counting colored star-shaped beads,Document bead counts,Sorting and counting beads,0.0021149744279682636,0
long_80f_stride40:b6579cb5-0a71-4ca6-8808-1e2700be05c7__ep3:qa:106,b6579cb5-0a71-4ca6-8808-1e2700be05c7__ep3,test,4800,4879,Sorting and counting colored star-shaped beads,Document bead counts,Placing cardboard piece,0.002120038028806448,0
long_80f_stride40:b6579cb5-0a71-4ca6-8808-1e2700be05c7__ep3:qa:107,b6579cb5-0a71-4ca6-8808-1e2700be05c7__ep3,test,4880,4959,Sorting and counting colored star-shaped beads,Organize and count beads,Observing and reaching for products,0.00206339661963284,0
long_80f_stride40:b6579cb5-0a71-4ca6-8808-1e2700be05c7__ep3:qa:108,b6579cb5-0a71-4ca6-8808-1e2700be05c7__ep3,test,4920,4999,Sorting and counting colored star-shaped beads,Organize and count beads,Sorting and counting beads,0.002101606922224164,0
long_80f_stride40:b6579cb5-0a71-4ca6-8808-1e2700be05c7__ep3:qa:109,b6579cb5-0a71-4ca6-8808-1e2700be05c7__ep3,test,5000,5079,Sorting and counting colored star-shaped beads,Organize and count beads,Sorting and counting beads,0.002064543077722192,0
long_80f_stride40:b6579cb5-0a71-4ca6-8808-1e2700be05c7__ep3:qa:110,b6579cb5-0a71-4ca6-8808-1e2700be05c7__ep3,test,5040,5119,Sorting and counting colored star-shaped beads,Organize and count beads,Sorting and counting beads,0.002079012570902705,0
long_80f_stride40:b6579cb5-0a71-4ca6-8808-1e2700be05c7__ep3:qa:111,b6579cb5-0a71-4ca6-8808-1e2700be05c7__ep3,test,5120,5199,Sorting and counting colored star-shaped beads,Organize and count beads,Sorting and counting beads,0.0020765408407896757,0
long_80f_stride40:b6579cb5-0a71-4ca6-8808-1e2700be05c7__ep3:qa:112,b6579cb5-0a71-4ca6-8808-1e2700be05c7__ep3,test,5160,5239,Sorting and counting colored star-shaped beads,Organize and count beads,Sorting and counting beads,0.002105208346620202,0
long_80f_stride40:b6579cb5-0a71-4ca6-8808-1e2700be05c7__ep3:qa:113,b6579cb5-0a71-4ca6-8808-1e2700be05c7__ep3,test,5200,5279,Sorting and counting colored star-shaped beads,Organize and count beads,Sorting and counting beads,0.0020795620512217283,0
long_80f_stride40:b6579cb5-0a71-4ca6-8808-1e2700be05c7__ep3:qa:114,b6579cb5-0a71-4ca6-8808-1e2700be05c7__ep3,test,5280,5359,Sorting and counting colored star-shaped beads,Organize and count beads,Reposition sign and organize beads,0.0022903871722519398,0
long_80f_stride40:b6579cb5-0a71-4ca6-8808-1e2700be05c7__ep3:qa:115,b6579cb5-0a71-4ca6-8808-1e2700be05c7__ep3,test,5320,5399,Sorting and counting colored star-shaped beads,Organize and count beads,Adjusting cardboard divider,0.0021817106753587723,0
long_80f_stride40:b6579cb5-0a71-4ca6-8808-1e2700be05c7__ep3:qa:116,b6579cb5-0a71-4ca6-8808-1e2700be05c7__ep3,test,5360,5439,Sorting and counting colored star-shaped beads,Organize and count beads,Sorting and counting beads,0.002089962363243103,0
long_80f_stride40:b6579cb5-0a71-4ca6-8808-1e2700be05c7__ep3:qa:117,b6579cb5-0a71-4ca6-8808-1e2700be05c7__ep3,test,5400,5479,Sorting and counting colored star-shaped beads,Organize and count beads,Sorting beads by color,0.002094714669510722,0
long_80f_stride40:b6579cb5-0a71-4ca6-8808-1e2700be05c7__ep3:qa:118,b6579cb5-0a71-4ca6-8808-1e2700be05c7__ep3,test,5440,5519,Sorting and counting colored star-shaped beads,Organize and count beads,Sorting and counting beads,0.0020607728511095047,0
