id,episode_id,split,start_frame,end_frame,true_label,predicted_label,confidence,correct
8036,,,0,0,chronological,chronological,0.9126634001731873,1
8037,,,0,0,reversed,reversed,0.5583310723304749,1
8038,,,0,0,chronological,chronological,0.5193694829940796,1
8039,,,0,0,reversed,reversed,0.8091405630111694,1
8040,,,0,0,chronological,chronological,0.7950764894485474,1
8041,,,0,0,reversed,reversed,0.8155001997947693,1
8042,,,0,0,chronological,chronological,0.9964151382446289,1
8043,,,0,0,reversed,reversed,0.8200420141220093,1
8044,,,0,0,chronological,chronological,0.9764547944068909,1
8045,,,0,0,reversed,chronological,0.9430756568908691,0
8046,,,0,0,chronological,chronological,0.9724141955375671,1
8047,,,0,0,reversed,chronological,0.7930324077606201,0
8048,,,0,0,chronological,reversed,0.642397403717041,0
8049,,,0,0,reversed,reversed,0.9434447884559631,1
8050,,,0,0,chronological,chronological,0.9196669459342957,1
8051,,,0,0,reversed,reversed,0.976525604724884,1
8052,,,0,0,chronological,reversed,0.7796883583068848,0
8053,,,0,0,reversed,reversed,0.999701201915741,1
8054,,,0,0,chronological,chronological,1.0,1
8055,,,0,0,reversed,reversed,1.0,1
8056,,,0,0,chronological,chronological,1.0,1
8057,,,0,0,reversed,reversed,1.0,1
8058,,,0,0,chronological,chronological,0.9872205853462219,1
8059,,,0,0,reversed,reversed,0.9985985159873962,1
8060,,,0,0,chronological,chronological,0.9999808073043823,1
8061,,,0,0,reversed,reversed,0.9999693632125854,1
8062,,,0,0,chronological,chronological,1.0,1
8063,,,0,0,reversed,reversed,1.0,1
8064,,,0,0,chronological,chronological,1.0,1
8065,,,0,0,reversed,reversed,1.0,1
8066,,,0,0,chronological,chronological,0.9984833598136902,1
8067,,,0,0,reversed,reversed,0.9999626874923706,1
8068,,,0,0,chronological,chronological,0.999294638633728,1
8069,,,0,0,reversed,reversed,0.9999978542327881,1
8070,,,0,0,chronological,reversed,0.5835466384887695,0
8071,,,0,0,reversed,reversed,0.6753867864608765,1
8072,,,0,0,chronological,chronological,0.6369001269340515,1
8073,,,0,0,reversed,reversed,0.9565407633781433,1
8074,,,0,0,chronological,reversed,0.9522330164909363,0
8075,,,0,0,reversed,chronological,0.5328719615936279,0
8076,,,0,0,chronological,reversed,0.5990980863571167,0
8077,,,0,0,reversed,reversed,0.5640864968299866,1
8078,,,0,0,chronological,chronological,0.6778831481933594,1
8079,,,0,0,reversed,reversed,0.6703705191612244,1
8080,,,0,0,chronological,chronological,0.8769221305847168,1
8081,,,0,0,reversed,reversed,0.9877778887748718,1
8082,,,0,0,chronological,chronological,0.9461156129837036,1
8083,,,0,0,reversed,reversed,0.9865862131118774,1
8084,,,0,0,chronological,chronological,0.9999064207077026,1
8085,,,0,0,reversed,reversed,0.9999939203262329,1
8086,,,0,0,chronological,chronological,1.0,1
8087,,,0,0,reversed,reversed,1.0,1
8088,,,0,0,chronological,chronological,0.9554187059402466,1
8089,,,0,0,reversed,reversed,0.9999586343765259,1
8090,,,0,0,chronological,chronological,0.9790427684783936,1
8091,,,0,0,reversed,reversed,0.9995800852775574,1
8092,,,0,0,chronological,chronological,0.9961754083633423,1
8093,,,0,0,reversed,reversed,0.960287868976593,1
8094,,,0,0,chronological,chronological,0.5800121426582336,1
8095,,,0,0,reversed,chronological,0.912517786026001,0
8096,,,0,0,chronological,chronological,1.0,1
8097,,,0,0,reversed,reversed,0.9999986886978149,1
8098,,,0,0,chronological,chronological,0.5034080743789673,1
8099,,,0,0,reversed,reversed,0.84400874376297,1
8100,,,0,0,chronological,reversed,0.6105087995529175,0
8101,,,0,0,reversed,chronological,0.5429912209510803,0
8102,,,0,0,chronological,chronological,0.9959595799446106,1
8103,,,0,0,reversed,reversed,0.9777878522872925,1
8104,,,0,0,chronological,chronological,0.5596765875816345,1
8105,,,0,0,reversed,reversed,0.927222490310669,1
8106,,,0,0,chronological,chronological,0.8863247036933899,1
8107,,,0,0,reversed,reversed,0.9819227457046509,1
8108,,,0,0,chronological,chronological,0.9957447648048401,1
8109,,,0,0,reversed,reversed,0.9996747970581055,1
8110,,,0,0,chronological,chronological,0.7857407331466675,1
8111,,,0,0,reversed,reversed,0.9516523480415344,1
8112,,,0,0,chronological,chronological,0.9515624046325684,1
8113,,,0,0,reversed,reversed,0.9992901086807251,1
8114,,,0,0,chronological,chronological,0.5456672310829163,1
8115,,,0,0,reversed,reversed,0.7813766598701477,1
8116,,,0,0,chronological,chronological,0.9986720085144043,1
8117,,,0,0,reversed,reversed,0.987644374370575,1
8118,,,0,0,chronological,chronological,0.9959549903869629,1
8119,,,0,0,reversed,reversed,0.9999635219573975,1
8120,,,0,0,chronological,chronological,0.9748926162719727,1
8121,,,0,0,reversed,reversed,0.9662805199623108,1
8122,,,0,0,chronological,chronological,0.5289735198020935,1
8123,,,0,0,reversed,chronological,0.8563364148139954,0
8124,,,0,0,chronological,chronological,0.9769616723060608,1
8125,,,0,0,reversed,reversed,0.9991214871406555,1
8126,,,0,0,chronological,chronological,0.9444543719291687,1
8127,,,0,0,reversed,reversed,0.9619463682174683,1
8128,,,0,0,chronological,chronological,0.9680324196815491,1
8129,,,0,0,reversed,reversed,0.9703274369239807,1
8130,,,0,0,chronological,chronological,0.9999998807907104,1
8131,,,0,0,reversed,reversed,1.0,1
8132,,,0,0,chronological,chronological,0.9996771812438965,1
8133,,,0,0,reversed,reversed,0.9998189806938171,1
8134,,,0,0,chronological,chronological,1.0,1
8135,,,0,0,reversed,reversed,1.0,1
8136,,,0,0,chronological,chronological,0.9998300075531006,1
8137,,,0,0,reversed,reversed,0.999819815158844,1
8138,,,0,0,chronological,reversed,0.8692770004272461,0
8139,,,0,0,reversed,reversed,0.8979507088661194,1
8140,,,0,0,chronological,chronological,0.993786096572876,1
8141,,,0,0,reversed,reversed,0.9967488050460815,1
8142,,,0,0,chronological,chronological,0.8229560256004333,1
8143,,,0,0,reversed,reversed,0.995232880115509,1
8144,,,0,0,chronological,chronological,0.8676802515983582,1
8145,,,0,0,reversed,reversed,0.9696146845817566,1
8146,,,0,0,chronological,chronological,0.9830858707427979,1
8147,,,0,0,reversed,reversed,0.9932667016983032,1
8148,,,0,0,chronological,chronological,0.9992826581001282,1
8149,,,0,0,reversed,reversed,0.9996482133865356,1
8150,,,0,0,chronological,chronological,0.9999948740005493,1
8151,,,0,0,reversed,reversed,0.9962478280067444,1
8152,,,0,0,chronological,chronological,0.8926926851272583,1
8153,,,0,0,reversed,reversed,0.9996833801269531,1
8154,,,0,0,chronological,chronological,0.9754151105880737,1
8155,,,0,0,reversed,reversed,0.9999992847442627,1
8156,,,0,0,chronological,chronological,0.9796460270881653,1
8157,,,0,0,reversed,reversed,0.9999570846557617,1
8158,,,0,0,chronological,chronological,0.9990668892860413,1
8159,,,0,0,reversed,reversed,0.9999997615814209,1
8160,,,0,0,chronological,chronological,0.6455188393592834,1
8161,,,0,0,reversed,chronological,0.8550917506217957,0
8162,,,0,0,chronological,chronological,0.56254643201828,1
8163,,,0,0,reversed,chronological,0.7798587083816528,0
8164,,,0,0,chronological,chronological,0.9903020262718201,1
8165,,,0,0,reversed,reversed,0.9985601305961609,1
8166,,,0,0,chronological,reversed,0.7075154781341553,0
8167,,,0,0,reversed,reversed,0.9879911541938782,1
8168,,,0,0,chronological,chronological,0.9398483633995056,1
8169,,,0,0,reversed,reversed,0.9861729741096497,1
8170,,,0,0,chronological,reversed,0.866199791431427,0
8171,,,0,0,reversed,chronological,0.6570737957954407,0
8172,,,0,0,chronological,chronological,0.9833425283432007,1
8173,,,0,0,reversed,reversed,0.9998723268508911,1
8174,,,0,0,chronological,reversed,0.50531405210495,0
8175,,,0,0,reversed,chronological,0.6469338536262512,0
8176,,,0,0,chronological,reversed,0.9528377056121826,0
8177,,,0,0,reversed,reversed,0.5347130298614502,1
8178,,,0,0,chronological,reversed,0.899828314781189,0
8179,,,0,0,reversed,reversed,0.9851135015487671,1
8180,,,0,0,chronological,chronological,0.9023347496986389,1
8181,,,0,0,reversed,reversed,0.8631002902984619,1
8182,,,0,0,chronological,chronological,0.9999994039535522,1
8183,,,0,0,reversed,reversed,0.9999997615814209,1
8184,,,0,0,chronological,chronological,0.7866736650466919,1
8185,,,0,0,reversed,chronological,0.6900386214256287,0
8186,,,0,0,chronological,reversed,0.5056694746017456,0
8187,,,0,0,reversed,chronological,0.8752672076225281,0
8188,,,0,0,chronological,chronological,0.99981290102005,1
8189,,,0,0,reversed,reversed,0.8484033942222595,1
8190,,,0,0,chronological,chronological,0.9553088545799255,1
8191,,,0,0,reversed,reversed,0.6719186902046204,1
8192,,,0,0,chronological,chronological,0.9996769428253174,1
8193,,,0,0,reversed,reversed,0.7696166038513184,1
8194,,,0,0,chronological,chronological,0.8240534067153931,1
8195,,,0,0,reversed,chronological,0.6931977272033691,0
8196,,,0,0,chronological,chronological,0.9689957499504089,1
8197,,,0,0,reversed,reversed,0.6590374112129211,1
8198,,,0,0,chronological,chronological,0.9997971653938293,1
8199,,,0,0,reversed,reversed,0.9518588185310364,1
8200,,,0,0,chronological,chronological,0.9997043013572693,1
8201,,,0,0,reversed,reversed,0.9955427050590515,1
8202,,,0,0,chronological,chronological,0.9998241066932678,1
8203,,,0,0,reversed,chronological,0.5083920359611511,0
8204,,,0,0,chronological,chronological,0.9999974966049194,1
8205,,,0,0,reversed,reversed,0.9999430179595947,1
8206,,,0,0,chronological,chronological,0.6680535078048706,1
8207,,,0,0,reversed,reversed,0.9365651607513428,1
8208,,,0,0,chronological,chronological,0.9957711100578308,1
8209,,,0,0,reversed,reversed,0.9999991655349731,1
8210,,,0,0,chronological,chronological,0.9998995065689087,1
8211,,,0,0,reversed,reversed,0.9999979734420776,1
8212,,,0,0,chronological,chronological,0.9999606609344482,1
8213,,,0,0,reversed,reversed,0.9999896287918091,1
8214,,,0,0,chronological,chronological,0.7910226583480835,1
8215,,,0,0,reversed,chronological,0.849982738494873,0
8216,,,0,0,chronological,chronological,0.9999996423721313,1
8217,,,0,0,reversed,reversed,0.9999977350234985,1
8218,,,0,0,chronological,chronological,0.6489896774291992,1
8219,,,0,0,reversed,reversed,0.9260702133178711,1
8220,,,0,0,chronological,chronological,0.9756937623023987,1
8221,,,0,0,reversed,reversed,0.9723132252693176,1
8222,,,0,0,chronological,chronological,0.8753060698509216,1
8223,,,0,0,reversed,reversed,0.5176938772201538,1
8224,,,0,0,chronological,reversed,0.9283925890922546,0
8225,,,0,0,reversed,reversed,0.7529911398887634,1
8226,,,0,0,chronological,chronological,0.978209912776947,1
8227,,,0,0,reversed,reversed,0.999376118183136,1
8228,,,0,0,chronological,reversed,0.9988260865211487,0
8229,,,0,0,reversed,chronological,0.6308345794677734,0
8230,,,0,0,chronological,chronological,0.999993085861206,1
8231,,,0,0,reversed,reversed,0.9999626874923706,1
8232,,,0,0,chronological,chronological,0.8433616757392883,1
8233,,,0,0,reversed,reversed,0.756531298160553,1
8234,,,0,0,chronological,chronological,0.99769127368927,1
8235,,,0,0,reversed,chronological,0.752065122127533,0
8236,,,0,0,chronological,reversed,0.9847972989082336,0
8237,,,0,0,reversed,chronological,0.9983335137367249,0
8238,,,0,0,chronological,chronological,0.9999772310256958,1
8239,,,0,0,reversed,reversed,0.9999843835830688,1
8240,,,0,0,chronological,reversed,0.9073048830032349,0
8241,,,0,0,reversed,chronological,0.9123594760894775,0
8242,,,0,0,chronological,chronological,0.9972473978996277,1
8243,,,0,0,reversed,reversed,0.9793804287910461,1
8244,,,0,0,chronological,chronological,0.9999996423721313,1
8245,,,0,0,reversed,reversed,1.0,1
8246,,,0,0,chronological,chronological,0.9927613735198975,1
8247,,,0,0,reversed,reversed,0.9999995231628418,1
8248,,,0,0,chronological,chronological,0.9999995231628418,1
8249,,,0,0,reversed,reversed,0.9999998807907104,1
8250,,,0,0,chronological,reversed,0.9303449988365173,0
8251,,,0,0,reversed,reversed,0.8776016235351562,1
8252,,,0,0,chronological,chronological,0.8456316590309143,1
8253,,,0,0,reversed,reversed,0.999904990196228,1
8254,,,0,0,chronological,chronological,0.9938754439353943,1
8255,,,0,0,reversed,reversed,0.9999842643737793,1
8256,,,0,0,chronological,reversed,0.5196515917778015,0
8257,,,0,0,reversed,reversed,0.897092342376709,1
8258,,,0,0,chronological,chronological,1.0,1
8259,,,0,0,reversed,reversed,1.0,1
8260,,,0,0,chronological,chronological,0.9571475982666016,1
8261,,,0,0,reversed,reversed,0.9997363686561584,1
8262,,,0,0,chronological,chronological,0.999962568283081,1
8263,,,0,0,reversed,reversed,1.0,1
8264,,,0,0,chronological,chronological,0.9022629857063293,1
8265,,,0,0,reversed,reversed,0.9999083280563354,1
8266,,,0,0,chronological,chronological,0.9999654293060303,1
8267,,,0,0,reversed,reversed,0.9994091987609863,1
8268,,,0,0,chronological,chronological,0.7349244952201843,1
8269,,,0,0,reversed,reversed,0.9703617095947266,1
8270,,,0,0,chronological,chronological,0.8171074390411377,1
8271,,,0,0,reversed,reversed,0.9242085814476013,1
8272,,,0,0,chronological,reversed,0.8242859244346619,0
8273,,,0,0,reversed,reversed,0.9999759197235107,1
8274,,,0,0,chronological,chronological,0.9999967813491821,1
8275,,,0,0,reversed,reversed,0.9999499320983887,1
8276,,,0,0,chronological,reversed,0.747157871723175,0
8277,,,0,0,reversed,chronological,0.9643991589546204,0
8278,,,0,0,chronological,chronological,0.9531302452087402,1
8279,,,0,0,reversed,reversed,0.9366455674171448,1
8280,,,0,0,chronological,chronological,0.8747826814651489,1
8281,,,0,0,reversed,reversed,0.9982519745826721,1
8282,,,0,0,chronological,chronological,0.9977926015853882,1
8283,,,0,0,reversed,reversed,0.9998830556869507,1
8284,,,0,0,chronological,chronological,0.999460756778717,1
8285,,,0,0,reversed,reversed,0.9999958276748657,1
8286,,,0,0,chronological,chronological,0.980705201625824,1
8287,,,0,0,reversed,reversed,0.5351575016975403,1
8288,,,0,0,chronological,chronological,0.9999696016311646,1
8289,,,0,0,reversed,reversed,0.9998501539230347,1
8290,,,0,0,chronological,chronological,0.9881089329719543,1
8291,,,0,0,reversed,reversed,0.9968863129615784,1
8292,,,0,0,chronological,chronological,0.645652174949646,1
8293,,,0,0,reversed,chronological,0.7517616152763367,0
8294,,,0,0,chronological,chronological,0.8400720357894897,1
8295,,,0,0,reversed,chronological,0.6764375567436218,0
8296,,,0,0,chronological,chronological,0.9954187870025635,1
8297,,,0,0,reversed,reversed,0.9994256496429443,1
8298,,,0,0,chronological,reversed,0.5247594714164734,0
8299,,,0,0,reversed,chronological,0.9120355248451233,0
8300,,,0,0,chronological,chronological,0.99982088804245,1
8301,,,0,0,reversed,reversed,0.7530335187911987,1
8302,,,0,0,chronological,chronological,0.8666078448295593,1
8303,,,0,0,reversed,chronological,0.6965192556381226,0
8304,,,0,0,chronological,chronological,0.9401900768280029,1
8305,,,0,0,reversed,reversed,0.9164065718650818,1
8306,,,0,0,chronological,chronological,0.7099161744117737,1
8307,,,0,0,reversed,reversed,0.8332135081291199,1
8308,,,0,0,chronological,chronological,0.9978963136672974,1
8309,,,0,0,reversed,reversed,0.9999370574951172,1
8310,,,0,0,chronological,chronological,0.6097028255462646,1
8311,,,0,0,reversed,reversed,0.8101096749305725,1
8312,,,0,0,chronological,chronological,0.7073559165000916,1
8313,,,0,0,reversed,reversed,0.7914528250694275,1
8314,,,0,0,chronological,chronological,0.9154577851295471,1
8315,,,0,0,reversed,reversed,0.5716232061386108,1
8316,,,0,0,chronological,chronological,0.9993256330490112,1
8317,,,0,0,reversed,reversed,0.9499291777610779,1
8318,,,0,0,chronological,chronological,0.9095937013626099,1
8319,,,0,0,reversed,reversed,0.7798384428024292,1
8320,,,0,0,chronological,chronological,0.9686424136161804,1
8321,,,0,0,reversed,reversed,0.9986225366592407,1
8322,,,0,0,chronological,chronological,0.9467537999153137,1
8323,,,0,0,reversed,reversed,0.9459859728813171,1
8324,,,0,0,chronological,chronological,0.9999996423721313,1
8325,,,0,0,reversed,reversed,0.9999735355377197,1
8326,,,0,0,chronological,chronological,0.9976140260696411,1
8327,,,0,0,reversed,reversed,0.9991117119789124,1
8328,,,0,0,chronological,chronological,0.999997615814209,1
8329,,,0,0,reversed,reversed,0.999992847442627,1
8330,,,0,0,chronological,chronological,0.9493250250816345,1
8331,,,0,0,reversed,reversed,0.8349037766456604,1
8332,,,0,0,chronological,chronological,0.9719704985618591,1
8333,,,0,0,reversed,reversed,0.9681437015533447,1
8334,,,0,0,chronological,chronological,0.7673611044883728,1
8335,,,0,0,reversed,reversed,0.8323728442192078,1
8336,,,0,0,chronological,chronological,0.9908492565155029,1
8337,,,0,0,reversed,reversed,0.991141676902771,1
8338,,,0,0,chronological,chronological,0.9991870522499084,1
8339,,,0,0,reversed,reversed,0.9975401163101196,1
8340,,,0,0,chronological,chronological,0.9887931942939758,1
8341,,,0,0,reversed,reversed,0.9769880771636963,1
8342,,,0,0,chronological,chronological,0.9648229479789734,1
8343,,,0,0,reversed,reversed,0.9936610460281372,1
8344,,,0,0,chronological,chronological,0.9796293377876282,1
8345,,,0,0,reversed,reversed,0.9981854557991028,1
8346,,,0,0,chronological,reversed,0.6813511252403259,0
8347,,,0,0,reversed,reversed,0.8095353245735168,1
8348,,,0,0,chronological,reversed,0.8059065341949463,0
8349,,,0,0,reversed,chronological,0.9943884015083313,0
8350,,,0,0,chronological,chronological,0.9948260188102722,1
8351,,,0,0,reversed,reversed,0.930275559425354,1
8352,,,0,0,chronological,reversed,0.6367519497871399,0
8353,,,0,0,reversed,reversed,0.52166748046875,1
8354,,,0,0,chronological,chronological,0.9209421873092651,1
8355,,,0,0,reversed,chronological,0.9575177431106567,0
8356,,,0,0,chronological,chronological,0.9832836389541626,1
8357,,,0,0,reversed,reversed,0.9497806429862976,1
8358,,,0,0,chronological,chronological,0.5252429246902466,1
8359,,,0,0,reversed,reversed,0.8791214823722839,1
8360,,,0,0,chronological,chronological,0.9997403025627136,1
8361,,,0,0,reversed,reversed,0.9973940849304199,1
8362,,,0,0,chronological,chronological,0.9508705735206604,1
8363,,,0,0,reversed,reversed,0.9687976837158203,1
8364,,,0,0,chronological,chronological,0.9854316115379333,1
8365,,,0,0,reversed,reversed,0.9999949932098389,1
8366,,,0,0,chronological,chronological,0.9995173215866089,1
8367,,,0,0,reversed,reversed,0.9647907018661499,1
8368,,,0,0,chronological,reversed,0.9441213607788086,0
8369,,,0,0,reversed,chronological,0.9928379654884338,0
8370,,,0,0,chronological,chronological,1.0,1
8371,,,0,0,reversed,reversed,1.0,1
8372,,,0,0,chronological,chronological,0.9979966282844543,1
8373,,,0,0,reversed,reversed,0.9999849796295166,1
8374,,,0,0,chronological,chronological,0.7567099928855896,1
8375,,,0,0,reversed,reversed,0.9405027031898499,1
8376,,,0,0,chronological,chronological,0.8139219284057617,1
8377,,,0,0,reversed,chronological,0.8204727172851562,0
8378,,,0,0,chronological,chronological,1.0,1
8379,,,0,0,reversed,reversed,0.9999998807907104,1
8380,,,0,0,chronological,chronological,0.9913311004638672,1
8381,,,0,0,reversed,reversed,0.9516640305519104,1
8382,,,0,0,chronological,reversed,0.9080423712730408,0
8383,,,0,0,reversed,chronological,0.9968475699424744,0
8384,,,0,0,chronological,chronological,0.9992877840995789,1
8385,,,0,0,reversed,reversed,0.9191717505455017,1
8386,,,0,0,chronological,chronological,1.0,1
8387,,,0,0,reversed,reversed,1.0,1
8388,,,0,0,chronological,chronological,0.9515805840492249,1
8389,,,0,0,reversed,reversed,0.5621776580810547,1
8390,,,0,0,chronological,chronological,0.9851903319358826,1
8391,,,0,0,reversed,reversed,0.9999904632568359,1
8392,,,0,0,chronological,reversed,0.9997177720069885,0
8393,,,0,0,reversed,chronological,0.9796552658081055,0
8394,,,0,0,chronological,chronological,0.9915376901626587,1
8395,,,0,0,reversed,chronological,0.7316799759864807,0
8396,,,0,0,chronological,chronological,0.9998764991760254,1
8397,,,0,0,reversed,reversed,0.9861837029457092,1
8398,,,0,0,chronological,chronological,0.9999945163726807,1
8399,,,0,0,reversed,reversed,0.9999986886978149,1
8400,,,0,0,chronological,chronological,0.9999996423721313,1
8401,,,0,0,reversed,reversed,0.9975802898406982,1
8402,,,0,0,chronological,chronological,0.9983959794044495,1
8403,,,0,0,reversed,reversed,0.9963241815567017,1
8404,,,0,0,chronological,chronological,1.0,1
8405,,,0,0,reversed,reversed,1.0,1
8406,,,0,0,chronological,chronological,0.9985707998275757,1
8407,,,0,0,reversed,chronological,0.8289839625358582,0
8408,,,0,0,chronological,reversed,0.6633336544036865,0
8409,,,0,0,reversed,reversed,0.9856107234954834,1
8410,,,0,0,chronological,chronological,0.9918625354766846,1
8411,,,0,0,reversed,reversed,0.9996721744537354,1
8412,,,0,0,chronological,chronological,0.9873790144920349,1
8413,,,0,0,reversed,reversed,0.8806861042976379,1
8414,,,0,0,chronological,chronological,0.5758090019226074,1
8415,,,0,0,reversed,reversed,0.6341004967689514,1
8416,,,0,0,chronological,chronological,0.9854610562324524,1
8417,,,0,0,reversed,reversed,0.9381018280982971,1
8418,,,0,0,chronological,chronological,0.9830483198165894,1
8419,,,0,0,reversed,reversed,0.5301421880722046,1
8420,,,0,0,chronological,chronological,0.9989017248153687,1
8421,,,0,0,reversed,reversed,0.9785248637199402,1
8422,,,0,0,chronological,chronological,0.8067514300346375,1
8423,,,0,0,reversed,reversed,0.9406279921531677,1
8424,,,0,0,chronological,reversed,0.5636518001556396,0
8425,,,0,0,reversed,reversed,0.9786331057548523,1
8426,,,0,0,chronological,chronological,0.9999946355819702,1
8427,,,0,0,reversed,reversed,0.9999527931213379,1
8428,,,0,0,chronological,chronological,0.9932328462600708,1
8429,,,0,0,reversed,reversed,0.880480945110321,1
8430,,,0,0,chronological,chronological,1.0,1
8431,,,0,0,reversed,reversed,1.0,1
8432,,,0,0,chronological,reversed,0.9432318806648254,0
8433,,,0,0,reversed,reversed,0.502494752407074,1
8434,,,0,0,chronological,reversed,0.6610868573188782,0
8435,,,0,0,reversed,reversed,0.9645534157752991,1
8436,,,0,0,chronological,chronological,0.982088029384613,1
8437,,,0,0,reversed,chronological,0.9523032307624817,0
8438,,,0,0,chronological,chronological,0.9857309460639954,1
8439,,,0,0,reversed,chronological,0.9696804881095886,0
8440,,,0,0,chronological,chronological,0.9957958459854126,1
8441,,,0,0,reversed,chronological,0.9617958068847656,0
8442,,,0,0,chronological,chronological,0.9638300538063049,1
8443,,,0,0,reversed,chronological,0.7273684144020081,0
8444,,,0,0,chronological,chronological,0.8708045482635498,1
8445,,,0,0,reversed,chronological,0.6787567734718323,0
8446,,,0,0,chronological,chronological,0.9289746880531311,1
8447,,,0,0,reversed,chronological,0.6904935240745544,0
8448,,,0,0,chronological,chronological,0.6510068774223328,1
8449,,,0,0,reversed,reversed,0.9688577651977539,1
8450,,,0,0,chronological,reversed,0.9812003970146179,0
8451,,,0,0,reversed,reversed,0.8272821307182312,1
8452,,,0,0,chronological,reversed,0.8109745979309082,0
8453,,,0,0,reversed,chronological,0.7982908487319946,0
8454,,,0,0,chronological,chronological,1.0,1
8455,,,0,0,reversed,reversed,1.0,1
8456,,,0,0,chronological,chronological,0.8917719721794128,1
8457,,,0,0,reversed,reversed,0.9991911053657532,1
8458,,,0,0,chronological,reversed,0.9982560276985168,0
8459,,,0,0,reversed,reversed,0.5296643972396851,1
8460,,,0,0,chronological,chronological,0.9964912533760071,1
8461,,,0,0,reversed,reversed,0.9799530506134033,1
8462,,,0,0,chronological,chronological,1.0,1
8463,,,0,0,reversed,reversed,1.0,1
8464,,,0,0,chronological,chronological,0.9997548460960388,1
8465,,,0,0,reversed,reversed,0.9994950294494629,1
8466,,,0,0,chronological,chronological,0.7831658124923706,1
8467,,,0,0,reversed,reversed,0.9394334554672241,1
8468,,,0,0,chronological,chronological,1.0,1
8469,,,0,0,reversed,reversed,1.0,1
8470,,,0,0,chronological,chronological,0.9995254278182983,1
8471,,,0,0,reversed,reversed,0.9955131411552429,1
8472,,,0,0,chronological,chronological,0.9948914051055908,1
8473,,,0,0,reversed,reversed,0.949888288974762,1
8474,,,0,0,chronological,chronological,0.9999996423721313,1
8475,,,0,0,reversed,reversed,0.9906370043754578,1
8476,,,0,0,chronological,chronological,1.0,1
8477,,,0,0,reversed,reversed,0.999995231628418,1
8478,,,0,0,chronological,chronological,0.9942041039466858,1
8479,,,0,0,reversed,reversed,0.9996035695075989,1
8480,,,0,0,chronological,chronological,0.9995403289794922,1
8481,,,0,0,reversed,reversed,0.9999639987945557,1
8482,,,0,0,chronological,chronological,0.9984217882156372,1
8483,,,0,0,reversed,reversed,0.996829092502594,1
8484,,,0,0,chronological,chronological,0.8855939507484436,1
8485,,,0,0,reversed,reversed,0.9393714666366577,1
8486,,,0,0,chronological,chronological,0.9153886437416077,1
8487,,,0,0,reversed,reversed,0.9985679388046265,1
8488,,,0,0,chronological,chronological,1.0,1
8489,,,0,0,reversed,reversed,0.9999994039535522,1
8490,,,0,0,chronological,chronological,1.0,1
8491,,,0,0,reversed,reversed,0.9999997615814209,1
8492,,,0,0,chronological,chronological,0.984190046787262,1
8493,,,0,0,reversed,reversed,0.9058918356895447,1
8494,,,0,0,chronological,chronological,0.8778043389320374,1
8495,,,0,0,reversed,chronological,0.655713677406311,0
8496,,,0,0,chronological,chronological,0.9848697185516357,1
8497,,,0,0,reversed,chronological,0.6231192946434021,0
8498,,,0,0,chronological,chronological,1.0,1
8499,,,0,0,reversed,reversed,1.0,1
8500,,,0,0,chronological,reversed,0.8854919672012329,0
8501,,,0,0,reversed,chronological,0.6246704459190369,0
8502,,,0,0,chronological,chronological,0.674589216709137,1
8503,,,0,0,reversed,reversed,0.931547224521637,1
8504,,,0,0,chronological,chronological,0.9999954700469971,1
8505,,,0,0,reversed,reversed,0.9998941421508789,1
8506,,,0,0,chronological,chronological,1.0,1
8507,,,0,0,reversed,reversed,1.0,1
8508,,,0,0,chronological,chronological,0.9983591437339783,1
8509,,,0,0,reversed,reversed,0.8106928467750549,1
8510,,,0,0,chronological,chronological,0.999997615814209,1
8511,,,0,0,reversed,reversed,0.9998670816421509,1
8512,,,0,0,chronological,chronological,0.9999109506607056,1
8513,,,0,0,reversed,reversed,0.9935114979743958,1
8514,,,0,0,chronological,chronological,0.7910812497138977,1
8515,,,0,0,reversed,reversed,0.9100435972213745,1
8516,,,0,0,chronological,chronological,0.9999996423721313,1
8517,,,0,0,reversed,reversed,0.9999998807907104,1
8518,,,0,0,chronological,chronological,0.9982163310050964,1
8519,,,0,0,reversed,reversed,0.9992840886116028,1
8520,,,0,0,chronological,chronological,1.0,1
8521,,,0,0,reversed,reversed,1.0,1
8522,,,0,0,chronological,chronological,0.998471200466156,1
8523,,,0,0,reversed,reversed,0.9996045231819153,1
8524,,,0,0,chronological,chronological,0.9999969005584717,1
8525,,,0,0,reversed,chronological,0.8798219561576843,0
8526,,,0,0,chronological,chronological,0.9225693941116333,1
8527,,,0,0,reversed,reversed,0.9956294298171997,1
8528,,,0,0,chronological,chronological,0.9864031076431274,1
8529,,,0,0,reversed,reversed,0.9981687068939209,1
8530,,,0,0,chronological,chronological,0.9999992847442627,1
8531,,,0,0,reversed,reversed,0.9788132905960083,1
8532,,,0,0,chronological,chronological,0.9360396862030029,1
8533,,,0,0,reversed,reversed,0.9999771118164062,1
8534,,,0,0,chronological,chronological,0.6043749451637268,1
8535,,,0,0,reversed,reversed,0.9922397136688232,1
8536,,,0,0,chronological,chronological,0.9999138116836548,1
8537,,,0,0,reversed,reversed,0.9998660087585449,1
8538,,,0,0,chronological,chronological,0.8996974229812622,1
8539,,,0,0,reversed,reversed,0.9999141693115234,1
8540,,,0,0,chronological,chronological,0.7718157768249512,1
8541,,,0,0,reversed,reversed,0.9980635046958923,1
8542,,,0,0,chronological,chronological,1.0,1
8543,,,0,0,reversed,reversed,1.0,1
8544,,,0,0,chronological,chronological,0.5786810517311096,1
8545,,,0,0,reversed,reversed,0.5894709825515747,1
8546,,,0,0,chronological,reversed,0.8161129355430603,0
8547,,,0,0,reversed,reversed,0.8269557952880859,1
8548,,,0,0,chronological,reversed,0.9460786581039429,0
8549,,,0,0,reversed,reversed,0.9550474882125854,1
8550,,,0,0,chronological,chronological,0.7390819191932678,1
8551,,,0,0,reversed,reversed,0.5625598430633545,1
8552,,,0,0,chronological,chronological,0.9936373233795166,1
8553,,,0,0,reversed,reversed,0.9935799837112427,1
8554,,,0,0,chronological,chronological,0.9999799728393555,1
8555,,,0,0,reversed,reversed,0.9926784038543701,1
8556,,,0,0,chronological,chronological,1.0,1
8557,,,0,0,reversed,reversed,0.9994701743125916,1
8558,,,0,0,chronological,chronological,0.9734062552452087,1
8559,,,0,0,reversed,reversed,0.9780371785163879,1
8560,,,0,0,chronological,chronological,0.9465259313583374,1
8561,,,0,0,reversed,chronological,0.9100720286369324,0
8562,,,0,0,chronological,chronological,0.8840931057929993,1
8563,,,0,0,reversed,chronological,0.7247195839881897,0
8564,,,0,0,chronological,chronological,0.9825024604797363,1
8565,,,0,0,reversed,reversed,0.9974949359893799,1
8566,,,0,0,chronological,chronological,0.7855222821235657,1
8567,,,0,0,reversed,reversed,0.8559443950653076,1
8568,,,0,0,chronological,reversed,0.9277613162994385,0
8569,,,0,0,reversed,chronological,0.8132502436637878,0
8570,,,0,0,chronological,chronological,0.9101353287696838,1
8571,,,0,0,reversed,chronological,0.9205719828605652,0
8572,,,0,0,chronological,chronological,0.9958109855651855,1
8573,,,0,0,reversed,reversed,0.9874338507652283,1
8574,,,0,0,chronological,chronological,0.6641454100608826,1
8575,,,0,0,reversed,chronological,0.8659564256668091,0
8576,,,0,0,chronological,chronological,0.6036954522132874,1
8577,,,0,0,reversed,chronological,0.8212586045265198,0
8578,,,0,0,chronological,chronological,0.8988180756568909,1
8579,,,0,0,reversed,reversed,0.7400763034820557,1
8580,,,0,0,chronological,chronological,0.557951033115387,1
8581,,,0,0,reversed,reversed,0.6571791768074036,1
8582,,,0,0,chronological,chronological,0.9738727807998657,1
8583,,,0,0,reversed,reversed,0.9805958271026611,1
8584,,,0,0,chronological,reversed,0.9558965563774109,0
8585,,,0,0,reversed,chronological,0.9665270447731018,0
8586,,,0,0,chronological,chronological,0.9993708729743958,1
8587,,,0,0,reversed,reversed,0.99973064661026,1
8588,,,0,0,chronological,chronological,0.7538356184959412,1
8589,,,0,0,reversed,reversed,0.7912163138389587,1
8590,,,0,0,chronological,chronological,0.9257466793060303,1
8591,,,0,0,reversed,reversed,0.7296286225318909,1
8592,,,0,0,chronological,chronological,0.7345185875892639,1
8593,,,0,0,reversed,chronological,0.6029148101806641,0
8594,,,0,0,chronological,reversed,0.8622931241989136,0
8595,,,0,0,reversed,reversed,0.6045376658439636,1
8596,,,0,0,chronological,chronological,0.5995215177536011,1
8597,,,0,0,reversed,reversed,0.9288492202758789,1
8598,,,0,0,chronological,reversed,0.7242341041564941,0
8599,,,0,0,reversed,reversed,0.5707457065582275,1
8600,,,0,0,chronological,reversed,0.5545535683631897,0
8601,,,0,0,reversed,reversed,0.9970864653587341,1
8602,,,0,0,chronological,reversed,0.9593770503997803,0
8603,,,0,0,reversed,reversed,0.6678785681724548,1
8604,,,0,0,chronological,reversed,0.6193357706069946,0
8605,,,0,0,reversed,reversed,0.6489124298095703,1
8606,,,0,0,chronological,reversed,0.519833505153656,0
8607,,,0,0,reversed,reversed,0.9961141347885132,1
8608,,,0,0,chronological,chronological,0.7450111508369446,1
8609,,,0,0,reversed,reversed,0.9719889760017395,1
8610,,,0,0,chronological,chronological,0.9999642372131348,1
8611,,,0,0,reversed,reversed,0.9979109168052673,1
8612,,,0,0,chronological,chronological,0.9955704808235168,1
8613,,,0,0,reversed,reversed,0.9901202917098999,1
8614,,,0,0,chronological,chronological,0.9996058344841003,1
8615,,,0,0,reversed,reversed,0.7086324691772461,1
8616,,,0,0,chronological,chronological,1.0,1
8617,,,0,0,reversed,reversed,1.0,1
8618,,,0,0,chronological,chronological,0.9756870269775391,1
8619,,,0,0,reversed,chronological,0.6276891827583313,0
8620,,,0,0,chronological,chronological,0.9999988079071045,1
8621,,,0,0,reversed,reversed,0.9999686479568481,1
8622,,,0,0,chronological,reversed,0.7592010498046875,0
8623,,,0,0,reversed,reversed,0.9930434226989746,1
8624,,,0,0,chronological,reversed,0.981404185295105,0
8625,,,0,0,reversed,reversed,0.9999792575836182,1
8626,,,0,0,chronological,reversed,0.9510272145271301,0
8627,,,0,0,reversed,reversed,0.7765091061592102,1
8628,,,0,0,chronological,chronological,0.9994268417358398,1
8629,,,0,0,reversed,reversed,0.9978158473968506,1
8630,,,0,0,chronological,chronological,0.9972203969955444,1
8631,,,0,0,reversed,reversed,0.9999864101409912,1
8632,,,0,0,chronological,chronological,0.9907128214836121,1
8633,,,0,0,reversed,reversed,0.9999674558639526,1
8634,,,0,0,chronological,chronological,1.0,1
8635,,,0,0,reversed,reversed,0.9845792055130005,1
8636,,,0,0,chronological,chronological,1.0,1
8637,,,0,0,reversed,reversed,1.0,1
8638,,,0,0,chronological,chronological,0.9999582767486572,1
8639,,,0,0,reversed,reversed,0.9977192282676697,1
8640,,,0,0,chronological,reversed,0.5706780552864075,0
8641,,,0,0,reversed,reversed,0.9807305335998535,1
8642,,,0,0,chronological,chronological,0.9969028830528259,1
8643,,,0,0,reversed,reversed,0.8002762794494629,1
8644,,,0,0,chronological,chronological,1.0,1
8645,,,0,0,reversed,reversed,1.0,1
8646,,,0,0,chronological,chronological,0.98729008436203,1
8647,,,0,0,reversed,reversed,0.9999586343765259,1
8648,,,0,0,chronological,chronological,0.6682366132736206,1
8649,,,0,0,reversed,chronological,0.5879205465316772,0
8650,,,0,0,chronological,chronological,0.990218460559845,1
8651,,,0,0,reversed,reversed,0.9949986934661865,1
8652,,,0,0,chronological,chronological,0.7089709639549255,1
8653,,,0,0,reversed,reversed,0.8248955011367798,1
8654,,,0,0,chronological,chronological,0.9571180939674377,1
8655,,,0,0,reversed,reversed,0.9691882133483887,1
8656,,,0,0,chronological,reversed,0.8797468543052673,0
8657,,,0,0,reversed,chronological,0.5931678414344788,0
8658,,,0,0,chronological,chronological,0.9906410574913025,1
8659,,,0,0,reversed,reversed,0.9978812336921692,1
8660,,,0,0,chronological,reversed,0.9280779361724854,0
8661,,,0,0,reversed,reversed,0.8738240599632263,1
8662,,,0,0,chronological,chronological,0.5645889639854431,1
8663,,,0,0,reversed,reversed,0.9685643315315247,1
8664,,,0,0,chronological,chronological,0.9999935626983643,1
8665,,,0,0,reversed,reversed,0.9999861717224121,1
8666,,,0,0,chronological,chronological,0.9968642592430115,1
8667,,,0,0,reversed,reversed,0.9703602194786072,1
8668,,,0,0,chronological,reversed,0.7869857549667358,0
8669,,,0,0,reversed,chronological,0.9063099026679993,0
8670,,,0,0,chronological,chronological,0.9999998807907104,1
8671,,,0,0,reversed,reversed,0.9999977350234985,1
8672,,,0,0,chronological,chronological,0.9875087141990662,1
8673,,,0,0,reversed,reversed,0.946664035320282,1
8674,,,0,0,chronological,chronological,0.9872416257858276,1
8675,,,0,0,reversed,reversed,0.9808956980705261,1
8676,,,0,0,chronological,chronological,0.9944460391998291,1
8677,,,0,0,reversed,reversed,0.9999953508377075,1
8678,,,0,0,chronological,chronological,1.0,1
8679,,,0,0,reversed,reversed,1.0,1
8680,,,0,0,chronological,reversed,0.7985910773277283,0
8681,,,0,0,reversed,reversed,0.8732787370681763,1
8682,,,0,0,chronological,chronological,0.9988866448402405,1
8683,,,0,0,reversed,reversed,0.8425584435462952,1
8684,,,0,0,chronological,chronological,0.9939204454421997,1
8685,,,0,0,reversed,reversed,0.9999675750732422,1
8686,,,0,0,chronological,chronological,1.0,1
8687,,,0,0,reversed,reversed,1.0,1
8688,,,0,0,chronological,reversed,0.90512615442276,0
8689,,,0,0,reversed,chronological,0.7785759568214417,0
8690,,,0,0,chronological,chronological,0.999964714050293,1
8691,,,0,0,reversed,reversed,0.9999929666519165,1
8692,,,0,0,chronological,reversed,0.8993591666221619,0
8693,,,0,0,reversed,reversed,0.505892276763916,1
8694,,,0,0,chronological,chronological,0.8216667771339417,1
8695,,,0,0,reversed,chronological,0.6235859394073486,0
8696,,,0,0,chronological,chronological,0.9979090690612793,1
8697,,,0,0,reversed,reversed,0.9999864101409912,1
8698,,,0,0,chronological,chronological,0.9358420372009277,1
8699,,,0,0,reversed,chronological,0.8633780479431152,0
8700,,,0,0,chronological,chronological,0.9954912066459656,1
8701,,,0,0,reversed,reversed,0.9895428419113159,1
8702,,,0,0,chronological,chronological,0.9999326467514038,1
8703,,,0,0,reversed,reversed,1.0,1
8704,,,0,0,chronological,chronological,0.865624189376831,1
8705,,,0,0,reversed,reversed,0.9997507929801941,1
8706,,,0,0,chronological,reversed,0.7032619118690491,0
8707,,,0,0,reversed,reversed,0.9552180171012878,1
8708,,,0,0,chronological,chronological,1.0,1
8709,,,0,0,reversed,reversed,1.0,1
8710,,,0,0,chronological,reversed,0.9166154265403748,0
8711,,,0,0,reversed,reversed,0.7368946075439453,1
8712,,,0,0,chronological,reversed,0.9356147646903992,0
8713,,,0,0,reversed,chronological,0.6351339817047119,0
8714,,,0,0,chronological,chronological,0.999974250793457,1
8715,,,0,0,reversed,reversed,0.9999996423721313,1
8716,,,0,0,chronological,chronological,0.9999531507492065,1
8717,,,0,0,reversed,reversed,0.9996386766433716,1
8718,,,0,0,chronological,chronological,0.9999992847442627,1
8719,,,0,0,reversed,reversed,1.0,1
8720,,,0,0,chronological,chronological,1.0,1
8721,,,0,0,reversed,reversed,1.0,1
8722,,,0,0,chronological,chronological,0.9999997615814209,1
8723,,,0,0,reversed,reversed,1.0,1
8724,,,0,0,chronological,chronological,0.8168489933013916,1
8725,,,0,0,reversed,chronological,0.5264827013015747,0
8726,,,0,0,chronological,chronological,0.6714577674865723,1
8727,,,0,0,reversed,chronological,0.5328944325447083,0
8728,,,0,0,chronological,chronological,0.9115369319915771,1
8729,,,0,0,reversed,reversed,0.8159286379814148,1
8730,,,0,0,chronological,chronological,0.9996788501739502,1
8731,,,0,0,reversed,reversed,0.9972575306892395,1
8732,,,0,0,chronological,chronological,0.9940525889396667,1
8733,,,0,0,reversed,chronological,0.5573810935020447,0
8734,,,0,0,chronological,chronological,0.9808518290519714,1
8735,,,0,0,reversed,reversed,0.8402345180511475,1
8736,,,0,0,chronological,reversed,0.5450004935264587,0
8737,,,0,0,reversed,chronological,0.8970067501068115,0
8738,,,0,0,chronological,chronological,0.9777784943580627,1
8739,,,0,0,reversed,reversed,0.8081517815589905,1
8740,,,0,0,chronological,chronological,0.772502601146698,1
8741,,,0,0,reversed,reversed,0.5786638259887695,1
8742,,,0,0,chronological,chronological,0.5502127408981323,1
8743,,,0,0,reversed,chronological,0.685918927192688,0
8744,,,0,0,chronological,chronological,0.8249838948249817,1
8745,,,0,0,reversed,reversed,0.7253131866455078,1
8746,,,0,0,chronological,chronological,0.9501904249191284,1
8747,,,0,0,reversed,reversed,0.972987949848175,1
8748,,,0,0,chronological,chronological,0.9999854564666748,1
8749,,,0,0,reversed,reversed,0.9999628067016602,1
8750,,,0,0,chronological,reversed,0.9990013241767883,0
8751,,,0,0,reversed,chronological,0.9916781187057495,0
8752,,,0,0,chronological,chronological,0.863714873790741,1
8753,,,0,0,reversed,reversed,0.995337724685669,1
8754,,,0,0,chronological,chronological,0.9996442794799805,1
8755,,,0,0,reversed,reversed,0.9999430179595947,1
8756,,,0,0,chronological,chronological,0.9976571798324585,1
8757,,,0,0,reversed,reversed,0.9986282587051392,1
8758,,,0,0,chronological,chronological,0.9999992847442627,1
8759,,,0,0,reversed,reversed,0.9999998807907104,1
8760,,,0,0,chronological,chronological,0.9999759197235107,1
8761,,,0,0,reversed,reversed,0.9999005794525146,1
8762,,,0,0,chronological,chronological,0.9998800754547119,1
8763,,,0,0,reversed,reversed,0.9095621705055237,1
8764,,,0,0,chronological,chronological,0.6250813603401184,1
8765,,,0,0,reversed,chronological,0.936298668384552,0
8766,,,0,0,chronological,chronological,1.0,1
8767,,,0,0,reversed,reversed,1.0,1
8768,,,0,0,chronological,chronological,0.9588894844055176,1
8769,,,0,0,reversed,reversed,0.9982944130897522,1
8770,,,0,0,chronological,chronological,0.9999722242355347,1
8771,,,0,0,reversed,reversed,0.9999862909317017,1
8772,,,0,0,chronological,chronological,0.9993534684181213,1
8773,,,0,0,reversed,reversed,0.9819487929344177,1
8774,,,0,0,chronological,chronological,0.9999221563339233,1
8775,,,0,0,reversed,reversed,0.9999889135360718,1
8776,,,0,0,chronological,chronological,0.9736179113388062,1
8777,,,0,0,reversed,reversed,0.9996681213378906,1
8778,,,0,0,chronological,reversed,0.5740994811058044,0
8779,,,0,0,reversed,chronological,0.5026029944419861,0
8780,,,0,0,chronological,chronological,1.0,1
8781,,,0,0,reversed,reversed,1.0,1
8782,,,0,0,chronological,reversed,0.8586752414703369,0
8783,,,0,0,reversed,reversed,0.7708408236503601,1
8784,,,0,0,chronological,reversed,0.5561239123344421,0
8785,,,0,0,reversed,reversed,0.9982988238334656,1
8786,,,0,0,chronological,chronological,0.9905068874359131,1
8787,,,0,0,reversed,reversed,0.9999988079071045,1
8788,,,0,0,chronological,chronological,0.95938640832901,1
8789,,,0,0,reversed,reversed,0.9999860525131226,1
8790,,,0,0,chronological,chronological,0.9224556684494019,1
8791,,,0,0,reversed,reversed,0.9519835710525513,1
8792,,,0,0,chronological,chronological,0.6682044267654419,1
8793,,,0,0,reversed,chronological,0.671210527420044,0
8794,,,0,0,chronological,chronological,0.9981260895729065,1
8795,,,0,0,reversed,reversed,0.9998250603675842,1
8796,,,0,0,chronological,reversed,0.97567218542099,0
8797,,,0,0,reversed,chronological,0.6476641893386841,0
8798,,,0,0,chronological,reversed,0.9604718089103699,0
8799,,,0,0,reversed,chronological,0.6332143545150757,0
8800,,,0,0,chronological,chronological,0.9285478591918945,1
8801,,,0,0,reversed,reversed,0.9931432008743286,1
8802,,,0,0,chronological,reversed,0.730996310710907,0
8803,,,0,0,reversed,reversed,0.9998944997787476,1
8804,,,0,0,chronological,chronological,0.9983590245246887,1
8805,,,0,0,reversed,reversed,0.9999994039535522,1
8806,,,0,0,chronological,chronological,0.9960818886756897,1
8807,,,0,0,reversed,reversed,0.9674959778785706,1
8808,,,0,0,chronological,chronological,0.9999752044677734,1
8809,,,0,0,reversed,reversed,0.9999980926513672,1
8810,,,0,0,chronological,chronological,0.9959592223167419,1
8811,,,0,0,reversed,reversed,0.999920129776001,1
8812,,,0,0,chronological,chronological,0.999996542930603,1
8813,,,0,0,reversed,reversed,0.9998811483383179,1
8814,,,0,0,chronological,chronological,1.0,1
8815,,,0,0,reversed,reversed,1.0,1
8816,,,0,0,chronological,chronological,0.9999971389770508,1
8817,,,0,0,reversed,reversed,1.0,1
8818,,,0,0,chronological,chronological,0.9999839067459106,1
8819,,,0,0,reversed,reversed,0.999705970287323,1
8820,,,0,0,chronological,chronological,0.9999983310699463,1
8821,,,0,0,reversed,reversed,0.999984860420227,1
8822,,,0,0,chronological,chronological,1.0,1
8823,,,0,0,reversed,reversed,1.0,1
8824,,,0,0,chronological,reversed,0.8707951307296753,0
8825,,,0,0,reversed,chronological,0.5716702342033386,0
8826,,,0,0,chronological,chronological,0.9958277344703674,1
8827,,,0,0,reversed,reversed,0.9997238516807556,1
8828,,,0,0,chronological,chronological,0.9879881143569946,1
8829,,,0,0,reversed,reversed,0.9999310970306396,1
8830,,,0,0,chronological,chronological,1.0,1
8831,,,0,0,reversed,reversed,1.0,1
8832,,,0,0,chronological,reversed,0.8964126706123352,0
8833,,,0,0,reversed,reversed,0.9998794794082642,1
8834,,,0,0,chronological,chronological,0.5829022526741028,1
8835,,,0,0,reversed,reversed,0.9998842477798462,1
8836,,,0,0,chronological,reversed,0.7469634413719177,0
8837,,,0,0,reversed,reversed,0.9999347925186157,1
8838,,,0,0,chronological,chronological,0.9999920129776001,1
8839,,,0,0,reversed,reversed,0.9999845027923584,1
8840,,,0,0,chronological,chronological,0.9999430179595947,1
8841,,,0,0,reversed,reversed,0.9452786445617676,1
8842,,,0,0,chronological,chronological,0.9999687671661377,1
8843,,,0,0,reversed,chronological,0.8804535865783691,0
8844,,,0,0,chronological,chronological,0.9999998807907104,1
8845,,,0,0,reversed,reversed,0.9999998807907104,1
8846,,,0,0,chronological,chronological,0.7065045237541199,1
8847,,,0,0,reversed,reversed,0.6724313497543335,1
8848,,,0,0,chronological,chronological,0.9998904466629028,1
8849,,,0,0,reversed,reversed,0.9998633861541748,1
8850,,,0,0,chronological,reversed,0.5416674613952637,0
8851,,,0,0,reversed,chronological,0.6797381639480591,0
8852,,,0,0,chronological,chronological,0.9751484394073486,1
8853,,,0,0,reversed,chronological,0.9425498843193054,0
8854,,,0,0,chronological,chronological,0.9936006665229797,1
8855,,,0,0,reversed,chronological,0.7639036774635315,0
8856,,,0,0,chronological,chronological,0.9899641871452332,1
8857,,,0,0,reversed,reversed,0.9819980263710022,1
8858,,,0,0,chronological,chronological,0.9365054368972778,1
8859,,,0,0,reversed,reversed,0.9842045903205872,1
8860,,,0,0,chronological,reversed,0.964319109916687,0
8861,,,0,0,reversed,chronological,0.9522241353988647,0
8862,,,0,0,chronological,chronological,0.9939252734184265,1
8863,,,0,0,reversed,reversed,0.9993841648101807,1
8864,,,0,0,chronological,chronological,0.9461125135421753,1
8865,,,0,0,reversed,reversed,0.8208725452423096,1
8866,,,0,0,chronological,chronological,0.9999618530273438,1
8867,,,0,0,reversed,reversed,0.9999492168426514,1
8868,,,0,0,chronological,chronological,0.7621245980262756,1
8869,,,0,0,reversed,reversed,0.9962483048439026,1
8870,,,0,0,chronological,reversed,0.7278378009796143,0
8871,,,0,0,reversed,reversed,0.9623187780380249,1
8872,,,0,0,chronological,chronological,0.9997001886367798,1
8873,,,0,0,reversed,reversed,0.93361496925354,1
8874,,,0,0,chronological,chronological,1.0,1
8875,,,0,0,reversed,reversed,1.0,1
8876,,,0,0,chronological,chronological,0.663500964641571,1
8877,,,0,0,reversed,reversed,0.9794105291366577,1
8878,,,0,0,chronological,reversed,0.9899532198905945,0
8879,,,0,0,reversed,reversed,0.7935113906860352,1
8880,,,0,0,chronological,chronological,0.9995796084403992,1
8881,,,0,0,reversed,reversed,0.9999998807907104,1
8882,,,0,0,chronological,chronological,0.9577350616455078,1
8883,,,0,0,reversed,reversed,0.9997363686561584,1
8884,,,0,0,chronological,chronological,0.9980490207672119,1
8885,,,0,0,reversed,reversed,0.9969092011451721,1
8886,,,0,0,chronological,chronological,0.9936261177062988,1
8887,,,0,0,reversed,reversed,0.9920360445976257,1
8888,,,0,0,chronological,chronological,0.9990383386611938,1
8889,,,0,0,reversed,reversed,0.9999830722808838,1
8890,,,0,0,chronological,chronological,1.0,1
8891,,,0,0,reversed,reversed,1.0,1
8892,,,0,0,chronological,chronological,0.971473217010498,1
8893,,,0,0,reversed,reversed,0.9997861981391907,1
8894,,,0,0,chronological,chronological,0.7506758570671082,1
8895,,,0,0,reversed,reversed,0.7454365491867065,1
8896,,,0,0,chronological,chronological,0.761060357093811,1
8897,,,0,0,reversed,reversed,0.9352275729179382,1
8898,,,0,0,chronological,chronological,0.9999977350234985,1
8899,,,0,0,reversed,reversed,0.9987665414810181,1
8900,,,0,0,chronological,chronological,0.6106094717979431,1
8901,,,0,0,reversed,reversed,0.9992513060569763,1
8902,,,0,0,chronological,chronological,0.9150559306144714,1
8903,,,0,0,reversed,chronological,0.5446648597717285,0
8904,,,0,0,chronological,chronological,0.9996918439865112,1
8905,,,0,0,reversed,reversed,0.9999358654022217,1
8906,,,0,0,chronological,chronological,0.9865343570709229,1
8907,,,0,0,reversed,reversed,0.9987119436264038,1
8908,,,0,0,chronological,reversed,0.9986652135848999,0
8909,,,0,0,reversed,chronological,0.9992936849594116,0
8910,,,0,0,chronological,chronological,1.0,1
8911,,,0,0,reversed,reversed,0.9999973773956299,1
8912,,,0,0,chronological,chronological,0.8541723489761353,1
8913,,,0,0,reversed,reversed,0.9739692211151123,1
8914,,,0,0,chronological,chronological,0.999880313873291,1
8915,,,0,0,reversed,reversed,0.9999980926513672,1
8916,,,0,0,chronological,chronological,0.9999545812606812,1
8917,,,0,0,reversed,reversed,0.9999852180480957,1
8918,,,0,0,chronological,chronological,0.9855990409851074,1
8919,,,0,0,reversed,reversed,0.9650148749351501,1
8920,,,0,0,chronological,chronological,0.8568440675735474,1
8921,,,0,0,reversed,reversed,0.7275980114936829,1
8922,,,0,0,chronological,chronological,0.9992444515228271,1
8923,,,0,0,reversed,reversed,0.9960066676139832,1
8924,,,0,0,chronological,chronological,0.993665874004364,1
8925,,,0,0,reversed,reversed,0.9543940424919128,1
8926,,,0,0,chronological,chronological,0.9485707879066467,1
8927,,,0,0,reversed,reversed,0.9843733310699463,1
8928,,,0,0,chronological,chronological,0.9926222562789917,1
8929,,,0,0,reversed,reversed,0.9993183612823486,1
8930,,,0,0,chronological,reversed,0.6408161520957947,0
8931,,,0,0,reversed,reversed,0.9886177182197571,1
8932,,,0,0,chronological,reversed,0.9901778101921082,0
8933,,,0,0,reversed,reversed,0.9542620182037354,1
8934,,,0,0,chronological,chronological,0.9923586249351501,1
8935,,,0,0,reversed,reversed,0.999943733215332,1
8936,,,0,0,chronological,reversed,0.9731013774871826,0
8937,,,0,0,reversed,reversed,0.7807377576828003,1
8938,,,0,0,chronological,reversed,0.66108238697052,0
8939,,,0,0,reversed,chronological,0.5248315930366516,0
8940,,,0,0,chronological,chronological,0.8830217123031616,1
8941,,,0,0,reversed,reversed,0.9087064266204834,1
8942,,,0,0,chronological,chronological,0.9196549654006958,1
8943,,,0,0,reversed,reversed,0.5473822355270386,1
8944,,,0,0,chronological,chronological,0.9713315963745117,1
8945,,,0,0,reversed,reversed,0.614473283290863,1
8946,,,0,0,chronological,chronological,0.5348995327949524,1
8947,,,0,0,reversed,chronological,0.602272093296051,0
8948,,,0,0,chronological,chronological,0.7074423432350159,1
8949,,,0,0,reversed,reversed,0.8325752019882202,1
8950,,,0,0,chronological,reversed,0.864639401435852,0
8951,,,0,0,reversed,chronological,0.8161982893943787,0
8952,,,0,0,chronological,chronological,0.8214011192321777,1
8953,,,0,0,reversed,reversed,0.651896595954895,1
8954,,,0,0,chronological,chronological,0.9999352693557739,1
8955,,,0,0,reversed,reversed,0.9967218041419983,1
8956,,,0,0,chronological,reversed,0.9377396106719971,0
8957,,,0,0,reversed,chronological,0.9992803931236267,0
8958,,,0,0,chronological,chronological,0.6138375401496887,1
8959,,,0,0,reversed,reversed,0.9872667193412781,1
8960,,,0,0,chronological,chronological,1.0,1
8961,,,0,0,reversed,reversed,1.0,1
8962,,,0,0,chronological,chronological,0.9999397993087769,1
8963,,,0,0,reversed,reversed,1.0,1
8964,,,0,0,chronological,chronological,1.0,1
8965,,,0,0,reversed,reversed,1.0,1
8966,,,0,0,chronological,chronological,0.994763970375061,1
8967,,,0,0,reversed,reversed,0.9999163150787354,1
8968,,,0,0,chronological,chronological,0.683309018611908,1
8969,,,0,0,reversed,chronological,0.853156566619873,0
8970,,,0,0,chronological,chronological,0.9999926090240479,1
8971,,,0,0,reversed,reversed,0.9999983310699463,1
8972,,,0,0,chronological,chronological,1.0,1
8973,,,0,0,reversed,reversed,1.0,1
8974,,,0,0,chronological,chronological,0.9953187108039856,1
8975,,,0,0,reversed,reversed,0.9999485015869141,1
8976,,,0,0,chronological,chronological,0.9999096393585205,1
8977,,,0,0,reversed,reversed,0.9986781477928162,1
8978,,,0,0,chronological,chronological,1.0,1
8979,,,0,0,reversed,reversed,0.9999964237213135,1
8980,,,0,0,chronological,chronological,0.9815298914909363,1
8981,,,0,0,reversed,reversed,0.9755748510360718,1
8982,,,0,0,chronological,chronological,0.9497497081756592,1
8983,,,0,0,reversed,reversed,0.5410106182098389,1
8984,,,0,0,chronological,chronological,0.9756332635879517,1
8985,,,0,0,reversed,reversed,0.9941316246986389,1
8986,,,0,0,chronological,chronological,0.9934431314468384,1
8987,,,0,0,reversed,reversed,0.999394416809082,1
8988,,,0,0,chronological,chronological,0.5462747812271118,1
8989,,,0,0,reversed,reversed,0.8689452409744263,1
8990,,,0,0,chronological,chronological,0.9999505281448364,1
8991,,,0,0,reversed,reversed,0.999997615814209,1
8992,,,0,0,chronological,chronological,1.0,1
8993,,,0,0,reversed,reversed,1.0,1
8994,,,0,0,chronological,reversed,0.7643955945968628,0
8995,,,0,0,reversed,reversed,0.87246173620224,1
8996,,,0,0,chronological,reversed,0.6564212441444397,0
8997,,,0,0,reversed,chronological,0.8750988245010376,0
8998,,,0,0,chronological,chronological,0.9999865293502808,1
8999,,,0,0,reversed,reversed,0.8797559142112732,1
9000,,,0,0,chronological,reversed,0.5851885080337524,0
9001,,,0,0,reversed,chronological,0.5267802476882935,0
9002,,,0,0,chronological,chronological,0.9820684790611267,1
9003,,,0,0,reversed,chronological,0.5496573448181152,0
9004,,,0,0,chronological,chronological,0.999904990196228,1
9005,,,0,0,reversed,reversed,0.9954138398170471,1
9006,,,0,0,chronological,chronological,1.0,1
9007,,,0,0,reversed,reversed,0.9999998807907104,1
9008,,,0,0,chronological,chronological,0.9999916553497314,1
9009,,,0,0,reversed,reversed,0.9999762773513794,1
9010,,,0,0,chronological,chronological,1.0,1
9011,,,0,0,reversed,reversed,1.0,1
9012,,,0,0,chronological,chronological,0.9998338222503662,1
9013,,,0,0,reversed,reversed,0.9998718500137329,1
9014,,,0,0,chronological,chronological,0.9991957545280457,1
9015,,,0,0,reversed,reversed,0.9999984502792358,1
9016,,,0,0,chronological,chronological,0.961100697517395,1
9017,,,0,0,reversed,reversed,0.9999998807907104,1
9018,,,0,0,chronological,chronological,1.0,1
9019,,,0,0,reversed,reversed,1.0,1
9020,,,0,0,chronological,chronological,0.9983750581741333,1
9021,,,0,0,reversed,reversed,0.9997242093086243,1
9022,,,0,0,chronological,chronological,1.0,1
9023,,,0,0,reversed,reversed,1.0,1
9024,,,0,0,chronological,chronological,0.999776303768158,1
9025,,,0,0,reversed,reversed,0.9999254941940308,1
9026,,,0,0,chronological,chronological,0.7116740942001343,1
9027,,,0,0,reversed,reversed,0.9999681711196899,1
9028,,,0,0,chronological,chronological,0.8283538818359375,1
9029,,,0,0,reversed,reversed,0.9994245767593384,1
9030,,,0,0,chronological,chronological,0.9999988079071045,1
9031,,,0,0,reversed,reversed,1.0,1
9032,,,0,0,chronological,chronological,0.9997382760047913,1
9033,,,0,0,reversed,reversed,0.9995831847190857,1
9034,,,0,0,chronological,chronological,0.9999977350234985,1
9035,,,0,0,reversed,reversed,0.9999847412109375,1
9036,,,0,0,chronological,chronological,1.0,1
9037,,,0,0,reversed,reversed,1.0,1
9038,,,0,0,chronological,chronological,0.999879002571106,1
9039,,,0,0,reversed,reversed,0.999862551689148,1
9040,,,0,0,chronological,chronological,0.9992352724075317,1
9041,,,0,0,reversed,reversed,1.0,1
9042,,,0,0,chronological,reversed,0.9176234602928162,0
9043,,,0,0,reversed,chronological,0.6328864097595215,0
9044,,,0,0,chronological,chronological,0.9999879598617554,1
9045,,,0,0,reversed,reversed,0.9999619722366333,1
9046,,,0,0,chronological,chronological,1.0,1
9047,,,0,0,reversed,reversed,1.0,1
9048,,,0,0,chronological,chronological,0.9467885494232178,1
9049,,,0,0,reversed,reversed,0.9613879919052124,1
9050,,,0,0,chronological,chronological,0.9999980926513672,1
9051,,,0,0,reversed,reversed,1.0,1
9052,,,0,0,chronological,chronological,1.0,1
9053,,,0,0,reversed,reversed,1.0,1
9054,,,0,0,chronological,chronological,0.9999995231628418,1
9055,,,0,0,reversed,reversed,1.0,1
9056,,,0,0,chronological,chronological,0.9999892711639404,1
9057,,,0,0,reversed,reversed,0.9999998807907104,1
9058,,,0,0,chronological,chronological,0.9999711513519287,1
9059,,,0,0,reversed,reversed,0.9997164607048035,1
9060,,,0,0,chronological,chronological,0.9999927282333374,1
9061,,,0,0,reversed,reversed,1.0,1
9062,,,0,0,chronological,chronological,0.5571807026863098,1
9063,,,0,0,reversed,reversed,0.9804250597953796,1
9064,,,0,0,chronological,chronological,0.8318897485733032,1
9065,,,0,0,reversed,reversed,0.9995148181915283,1
9066,,,0,0,chronological,reversed,0.9746031165122986,0
9067,,,0,0,reversed,chronological,0.7442622780799866,0
9068,,,0,0,chronological,reversed,0.5384084582328796,0
9069,,,0,0,reversed,reversed,0.9364960193634033,1
9070,,,0,0,chronological,chronological,0.8105971217155457,1
9071,,,0,0,reversed,reversed,0.980865478515625,1
9072,,,0,0,chronological,reversed,0.9237414598464966,0
9073,,,0,0,reversed,reversed,0.5407239198684692,1
9074,,,0,0,chronological,chronological,0.9463308453559875,1
9075,,,0,0,reversed,reversed,0.9978716373443604,1
9076,,,0,0,chronological,chronological,0.9862908720970154,1
9077,,,0,0,reversed,reversed,0.9999910593032837,1
9078,,,0,0,chronological,reversed,0.544526219367981,0
9079,,,0,0,reversed,reversed,0.9999850988388062,1
9080,,,0,0,chronological,reversed,0.9231114983558655,0
9081,,,0,0,reversed,reversed,0.9907532930374146,1
9082,,,0,0,chronological,chronological,0.9999597072601318,1
9083,,,0,0,reversed,reversed,1.0,1
9084,,,0,0,chronological,reversed,0.9975584745407104,0
9085,,,0,0,reversed,reversed,0.9979140162467957,1
9086,,,0,0,chronological,chronological,0.9723314642906189,1
9087,,,0,0,reversed,reversed,0.9999797344207764,1
9088,,,0,0,chronological,reversed,0.730294406414032,0
9089,,,0,0,reversed,reversed,0.9804345965385437,1
9090,,,0,0,chronological,chronological,0.9855552911758423,1
9091,,,0,0,reversed,reversed,0.9606265425682068,1
9092,,,0,0,chronological,chronological,0.9557483196258545,1
9093,,,0,0,reversed,reversed,0.5807592868804932,1
9094,,,0,0,chronological,chronological,0.5650795102119446,1
9095,,,0,0,reversed,chronological,0.7872158288955688,0
9096,,,0,0,chronological,chronological,0.9979460835456848,1
9097,,,0,0,reversed,reversed,0.7817009687423706,1
9098,,,0,0,chronological,chronological,0.940652072429657,1
9099,,,0,0,reversed,chronological,0.6781821250915527,0
9100,,,0,0,chronological,chronological,0.9993521571159363,1
9101,,,0,0,reversed,reversed,0.9860528707504272,1
9102,,,0,0,chronological,chronological,0.9993267059326172,1
9103,,,0,0,reversed,reversed,0.977552056312561,1
9104,,,0,0,chronological,chronological,0.9898267984390259,1
9105,,,0,0,reversed,reversed,0.9810675382614136,1
9106,,,0,0,chronological,chronological,0.9503355622291565,1
9107,,,0,0,reversed,chronological,0.8397053480148315,0
9108,,,0,0,chronological,chronological,0.9978950023651123,1
9109,,,0,0,reversed,reversed,0.5586024522781372,1
9110,,,0,0,chronological,chronological,0.9992511868476868,1
9111,,,0,0,reversed,reversed,0.9860697984695435,1
9112,,,0,0,chronological,chronological,0.9967907071113586,1
9113,,,0,0,reversed,reversed,0.9247068762779236,1
9114,,,0,0,chronological,chronological,0.9570852518081665,1
9115,,,0,0,reversed,reversed,0.7280595898628235,1
9116,,,0,0,chronological,chronological,0.9665154814720154,1
9117,,,0,0,reversed,reversed,0.9976396560668945,1
9118,,,0,0,chronological,chronological,0.9729428291320801,1
9119,,,0,0,reversed,reversed,0.9482238292694092,1
9120,,,0,0,chronological,chronological,0.8447347283363342,1
9121,,,0,0,reversed,reversed,0.6346562504768372,1
9122,,,0,0,chronological,chronological,0.9950122237205505,1
9123,,,0,0,reversed,reversed,0.725908637046814,1
9124,,,0,0,chronological,chronological,0.9682544469833374,1
9125,,,0,0,reversed,reversed,0.9927821159362793,1
9126,,,0,0,chronological,chronological,0.7271431684494019,1
9127,,,0,0,reversed,reversed,0.8882099986076355,1
9128,,,0,0,chronological,reversed,0.8963874578475952,0
9129,,,0,0,reversed,reversed,0.9946085214614868,1
9130,,,0,0,chronological,reversed,0.9773004055023193,0
9131,,,0,0,reversed,reversed,0.9991273283958435,1
9132,,,0,0,chronological,reversed,0.9938380122184753,0
9133,,,0,0,reversed,reversed,0.9939140677452087,1
9134,,,0,0,chronological,reversed,0.6992809176445007,0
9135,,,0,0,reversed,reversed,0.9997394680976868,1
9136,,,0,0,chronological,chronological,0.802261233329773,1
9137,,,0,0,reversed,reversed,0.9992480874061584,1
9138,,,0,0,chronological,reversed,0.8351431488990784,0
9139,,,0,0,reversed,reversed,0.8488646745681763,1
9140,,,0,0,chronological,chronological,0.9870138764381409,1
9141,,,0,0,reversed,reversed,0.9970865845680237,1
9142,,,0,0,chronological,reversed,0.9897937774658203,0
9143,,,0,0,reversed,chronological,0.5182211995124817,0
9144,,,0,0,chronological,chronological,0.9999822378158569,1
9145,,,0,0,reversed,reversed,0.9999979734420776,1
9146,,,0,0,chronological,chronological,0.8982726335525513,1
9147,,,0,0,reversed,reversed,0.9998981952667236,1
9148,,,0,0,chronological,chronological,0.886087954044342,1
9149,,,0,0,reversed,reversed,0.6913419365882874,1
9150,,,0,0,chronological,chronological,0.8735655546188354,1
9151,,,0,0,reversed,chronological,0.5251930952072144,0
9152,,,0,0,chronological,chronological,0.9999831914901733,1
9153,,,0,0,reversed,reversed,0.999992847442627,1
9154,,,0,0,chronological,chronological,0.9516926407814026,1
9155,,,0,0,reversed,reversed,0.853982150554657,1
9156,,,0,0,chronological,chronological,0.9930363297462463,1
9157,,,0,0,reversed,reversed,0.9999847412109375,1
9158,,,0,0,chronological,chronological,0.9992266893386841,1
9159,,,0,0,reversed,reversed,0.9998698234558105,1
9160,,,0,0,chronological,chronological,1.0,1
9161,,,0,0,reversed,reversed,1.0,1
9162,,,0,0,chronological,chronological,0.5904967188835144,1
9163,,,0,0,reversed,reversed,0.5012083649635315,1
9164,,,0,0,chronological,chronological,0.8181620240211487,1
9165,,,0,0,reversed,reversed,0.6117410659790039,1
9166,,,0,0,chronological,chronological,0.8815618753433228,1
9167,,,0,0,reversed,chronological,0.5166574120521545,0
9168,,,0,0,chronological,chronological,0.8251903653144836,1
9169,,,0,0,reversed,chronological,0.7651119828224182,0
9170,,,0,0,chronological,chronological,0.7456982135772705,1
9171,,,0,0,reversed,reversed,0.5409271121025085,1
9172,,,0,0,chronological,chronological,0.915033221244812,1
9173,,,0,0,reversed,chronological,0.7538754343986511,0
9174,,,0,0,chronological,chronological,0.9726534485816956,1
9175,,,0,0,reversed,chronological,0.8202548027038574,0
9176,,,0,0,chronological,chronological,0.9996486902236938,1
9177,,,0,0,reversed,reversed,0.9079669713973999,1
9178,,,0,0,chronological,chronological,0.9995385408401489,1
9179,,,0,0,reversed,reversed,0.9986271858215332,1
9180,,,0,0,chronological,chronological,0.9999961853027344,1
9181,,,0,0,reversed,reversed,0.9983695149421692,1
9182,,,0,0,chronological,chronological,0.8415912389755249,1
9183,,,0,0,reversed,reversed,0.7723429799079895,1
17220,,,0,0,chronological,chronological,0.8659342527389526,1
17221,,,0,0,reversed,reversed,0.8906101584434509,1
17222,,,0,0,chronological,reversed,0.7962045669555664,0
17223,,,0,0,reversed,chronological,0.7772872447967529,0
17224,,,0,0,chronological,chronological,0.9904521703720093,1
17225,,,0,0,reversed,reversed,0.9913520812988281,1
17226,,,0,0,chronological,chronological,0.5465819239616394,1
17227,,,0,0,reversed,reversed,0.7856573462486267,1
17228,,,0,0,chronological,chronological,0.9762643575668335,1
17229,,,0,0,reversed,reversed,0.7309630513191223,1
17230,,,0,0,chronological,chronological,0.5005199313163757,1
17231,,,0,0,reversed,chronological,0.6272319555282593,0
17232,,,0,0,chronological,chronological,0.6891955137252808,1
17233,,,0,0,reversed,reversed,0.7317101359367371,1
17234,,,0,0,chronological,reversed,0.999914288520813,0
17235,,,0,0,reversed,chronological,0.660467267036438,0
17236,,,0,0,chronological,chronological,0.8562250733375549,1
17237,,,0,0,reversed,reversed,0.9782292246818542,1
17238,,,0,0,chronological,reversed,0.7515021562576294,0
17239,,,0,0,reversed,chronological,0.8498229384422302,0
17240,,,0,0,chronological,chronological,0.9529120922088623,1
17241,,,0,0,reversed,reversed,0.9990447163581848,1
17242,,,0,0,chronological,chronological,0.5676291584968567,1
17243,,,0,0,reversed,reversed,0.7848647832870483,1
17244,,,0,0,chronological,reversed,0.7986630797386169,0
17245,,,0,0,reversed,reversed,0.5185583829879761,1
17246,,,0,0,chronological,reversed,0.9220824241638184,0
17247,,,0,0,reversed,chronological,0.8053439259529114,0
17248,,,0,0,chronological,reversed,0.5146835446357727,0
17249,,,0,0,reversed,reversed,0.8568633198738098,1
17250,,,0,0,chronological,chronological,0.9208024740219116,1
17251,,,0,0,reversed,reversed,0.9943656921386719,1
17252,,,0,0,chronological,chronological,0.8359785079956055,1
17253,,,0,0,reversed,reversed,0.7853665947914124,1
17254,,,0,0,chronological,chronological,0.9999886751174927,1
17255,,,0,0,reversed,reversed,0.9998645782470703,1
17256,,,0,0,chronological,reversed,0.8045263290405273,0
17257,,,0,0,reversed,chronological,0.790876567363739,0
17258,,,0,0,chronological,chronological,0.7466915845870972,1
17259,,,0,0,reversed,chronological,0.9413078427314758,0
17260,,,0,0,chronological,chronological,0.8249112367630005,1
17261,,,0,0,reversed,reversed,0.5586617588996887,1
17262,,,0,0,chronological,reversed,0.7008975148200989,0
17263,,,0,0,reversed,reversed,0.9013252258300781,1
17264,,,0,0,chronological,chronological,0.5522781014442444,1
17265,,,0,0,reversed,chronological,0.6685096621513367,0
17266,,,0,0,chronological,reversed,0.5082579851150513,0
17267,,,0,0,reversed,reversed,0.5350504517555237,1
17268,,,0,0,chronological,reversed,0.503585696220398,0
17269,,,0,0,reversed,chronological,0.6089723706245422,0
17270,,,0,0,chronological,chronological,0.6288315653800964,1
17271,,,0,0,reversed,chronological,0.5489067435264587,0
17272,,,0,0,chronological,chronological,0.9316322803497314,1
17273,,,0,0,reversed,chronological,0.5343899130821228,0
17274,,,0,0,chronological,chronological,0.6180418729782104,1
17275,,,0,0,reversed,reversed,0.5092036128044128,1
17276,,,0,0,chronological,chronological,0.8906500339508057,1
17277,,,0,0,reversed,reversed,0.694044828414917,1
17278,,,0,0,chronological,reversed,0.8925104737281799,0
17279,,,0,0,reversed,chronological,0.9104907512664795,0
17280,,,0,0,chronological,chronological,0.9770011305809021,1
17281,,,0,0,reversed,reversed,0.7723897099494934,1
17282,,,0,0,chronological,chronological,0.5979042053222656,1
17283,,,0,0,reversed,chronological,0.6060560941696167,0
17284,,,0,0,chronological,chronological,0.8922058939933777,1
17285,,,0,0,reversed,chronological,0.5114768743515015,0
17286,,,0,0,chronological,reversed,0.5090810656547546,0
17287,,,0,0,reversed,chronological,0.6353776454925537,0
17288,,,0,0,chronological,chronological,0.8346664905548096,1
17289,,,0,0,reversed,reversed,0.9978780746459961,1
17290,,,0,0,chronological,reversed,0.9366401433944702,0
17291,,,0,0,reversed,chronological,0.999079704284668,0
17292,,,0,0,chronological,chronological,0.9807915091514587,1
17293,,,0,0,reversed,reversed,0.788831353187561,1
17294,,,0,0,chronological,chronological,0.6573867201805115,1
17295,,,0,0,reversed,chronological,0.8500388860702515,0
17296,,,0,0,chronological,chronological,0.9543923735618591,1
17297,,,0,0,reversed,chronological,0.6368436813354492,0
17298,,,0,0,chronological,chronological,0.6347575783729553,1
17299,,,0,0,reversed,chronological,0.5328717231750488,0
17300,,,0,0,chronological,chronological,0.9862843751907349,1
17301,,,0,0,reversed,reversed,0.9852462410926819,1
17302,,,0,0,chronological,chronological,1.0,1
17303,,,0,0,reversed,reversed,1.0,1
17304,,,0,0,chronological,chronological,0.9999997615814209,1
17305,,,0,0,reversed,reversed,1.0,1
17306,,,0,0,chronological,chronological,0.9990087151527405,1
17307,,,0,0,reversed,reversed,0.9999974966049194,1
17308,,,0,0,chronological,chronological,0.9999115467071533,1
17309,,,0,0,reversed,reversed,0.9999009370803833,1
17310,,,0,0,chronological,chronological,0.999687910079956,1
17311,,,0,0,reversed,reversed,0.9991542100906372,1
17312,,,0,0,chronological,chronological,0.9980148077011108,1
17313,,,0,0,reversed,reversed,0.9589200019836426,1
17314,,,0,0,chronological,reversed,1.0,0
17315,,,0,0,reversed,chronological,1.0,0
17316,,,0,0,chronological,chronological,0.9996355772018433,1
17317,,,0,0,reversed,reversed,0.999940037727356,1
17318,,,0,0,chronological,chronological,0.9888458847999573,1
17319,,,0,0,reversed,reversed,0.9312155842781067,1
17320,,,0,0,chronological,chronological,0.9935321807861328,1
17321,,,0,0,reversed,reversed,0.9999980926513672,1
17322,,,0,0,chronological,chronological,1.0,1
17323,,,0,0,reversed,reversed,1.0,1
17324,,,0,0,chronological,reversed,0.8571534156799316,0
17325,,,0,0,reversed,reversed,0.9719512462615967,1
17326,,,0,0,chronological,chronological,0.9999982118606567,1
17327,,,0,0,reversed,reversed,0.999686598777771,1
17328,,,0,0,chronological,chronological,0.9977582693099976,1
17329,,,0,0,reversed,reversed,0.9994410872459412,1
17330,,,0,0,chronological,chronological,0.9958181977272034,1
17331,,,0,0,reversed,reversed,0.9947414398193359,1
17332,,,0,0,chronological,chronological,1.0,1
17333,,,0,0,reversed,reversed,1.0,1
17334,,,0,0,chronological,chronological,0.8745445013046265,1
17335,,,0,0,reversed,chronological,0.9043211936950684,0
17336,,,0,0,chronological,chronological,0.6645839214324951,1
17337,,,0,0,reversed,reversed,0.7526218295097351,1
17338,,,0,0,chronological,chronological,0.9998202919960022,1
17339,,,0,0,reversed,reversed,0.86965411901474,1
17340,,,0,0,chronological,chronological,0.9995298385620117,1
17341,,,0,0,reversed,reversed,0.9966993927955627,1
17342,,,0,0,chronological,chronological,0.8538596034049988,1
17343,,,0,0,reversed,reversed,0.6722434163093567,1
17344,,,0,0,chronological,chronological,0.9981817007064819,1
17345,,,0,0,reversed,reversed,0.9807925820350647,1
17346,,,0,0,chronological,chronological,0.9991496801376343,1
17347,,,0,0,reversed,reversed,0.5195551514625549,1
17348,,,0,0,chronological,chronological,0.9815931916236877,1
17349,,,0,0,reversed,reversed,0.9039548635482788,1
17350,,,0,0,chronological,chronological,0.8893203735351562,1
17351,,,0,0,reversed,reversed,0.9764659404754639,1
17352,,,0,0,chronological,chronological,0.9999984502792358,1
17353,,,0,0,reversed,reversed,0.9996823072433472,1
17354,,,0,0,chronological,reversed,0.5669745206832886,0
17355,,,0,0,reversed,chronological,0.6183336973190308,0
17356,,,0,0,chronological,chronological,0.6999914646148682,1
17357,,,0,0,reversed,reversed,0.9726354479789734,1
17358,,,0,0,chronological,reversed,0.6532336473464966,0
17359,,,0,0,reversed,reversed,0.9562708735466003,1
17360,,,0,0,chronological,chronological,0.9370297789573669,1
17361,,,0,0,reversed,reversed,0.7722963690757751,1
17362,,,0,0,chronological,chronological,0.9894163012504578,1
17363,,,0,0,reversed,reversed,0.9492824673652649,1
17364,,,0,0,chronological,chronological,0.9492855668067932,1
17365,,,0,0,reversed,reversed,0.9958314299583435,1
17366,,,0,0,chronological,chronological,0.9977489113807678,1
17367,,,0,0,reversed,reversed,0.9860835671424866,1
17368,,,0,0,chronological,chronological,0.9999991655349731,1
17369,,,0,0,reversed,reversed,0.6237761378288269,1
17370,,,0,0,chronological,chronological,0.9999996423721313,1
17371,,,0,0,reversed,reversed,0.9998102784156799,1
17372,,,0,0,chronological,chronological,0.9999997615814209,1
17373,,,0,0,reversed,reversed,1.0,1
17374,,,0,0,chronological,chronological,0.8155661225318909,1
17375,,,0,0,reversed,reversed,0.7872059345245361,1
17376,,,0,0,chronological,chronological,0.9426460266113281,1
17377,,,0,0,reversed,reversed,0.8565641641616821,1
17378,,,0,0,chronological,chronological,0.8203496932983398,1
17379,,,0,0,reversed,reversed,0.8195000886917114,1
17380,,,0,0,chronological,chronological,0.985679566860199,1
17381,,,0,0,reversed,reversed,0.6792294979095459,1
17382,,,0,0,chronological,chronological,0.9887623190879822,1
17383,,,0,0,reversed,reversed,0.9999994039535522,1
17384,,,0,0,chronological,chronological,0.9754430055618286,1
17385,,,0,0,reversed,reversed,0.9835220575332642,1
17386,,,0,0,chronological,chronological,0.9915477633476257,1
17387,,,0,0,reversed,reversed,0.9708860516548157,1
17388,,,0,0,chronological,chronological,0.9995085000991821,1
17389,,,0,0,reversed,reversed,0.9999967813491821,1
17390,,,0,0,chronological,chronological,0.983223557472229,1
17391,,,0,0,reversed,reversed,0.9987910389900208,1
17392,,,0,0,chronological,reversed,0.6234385371208191,0
17393,,,0,0,reversed,chronological,0.735282301902771,0
17394,,,0,0,chronological,chronological,0.9823569059371948,1
17395,,,0,0,reversed,reversed,0.8755491971969604,1
17396,,,0,0,chronological,chronological,0.9023266434669495,1
17397,,,0,0,reversed,reversed,0.8662489056587219,1
17398,,,0,0,chronological,reversed,0.6445482969284058,0
17399,,,0,0,reversed,reversed,0.5308042764663696,1
17400,,,0,0,chronological,reversed,0.7819323539733887,0
17401,,,0,0,reversed,chronological,0.6187382936477661,0
17402,,,0,0,chronological,chronological,0.9299612045288086,1
17403,,,0,0,reversed,reversed,0.8570058345794678,1
17404,,,0,0,chronological,chronological,0.9059962034225464,1
17405,,,0,0,reversed,chronological,0.8543016314506531,0
17406,,,0,0,chronological,chronological,0.7226492762565613,1
17407,,,0,0,reversed,reversed,0.9318636655807495,1
17408,,,0,0,chronological,chronological,0.8473469614982605,1
17409,,,0,0,reversed,reversed,0.8890731334686279,1
17410,,,0,0,chronological,chronological,0.6708387732505798,1
17411,,,0,0,reversed,chronological,0.508060097694397,0
17412,,,0,0,chronological,chronological,0.7019223570823669,1
17413,,,0,0,reversed,reversed,0.6408810019493103,1
17414,,,0,0,chronological,chronological,0.9552678465843201,1
17415,,,0,0,reversed,chronological,0.6442039012908936,0
17416,,,0,0,chronological,chronological,0.9813625812530518,1
17417,,,0,0,reversed,chronological,0.593670666217804,0
17418,,,0,0,chronological,reversed,0.503984808921814,0
17419,,,0,0,reversed,reversed,0.679681658744812,1
17420,,,0,0,chronological,reversed,0.9599936604499817,0
17421,,,0,0,reversed,chronological,0.9475210905075073,0
17422,,,0,0,chronological,chronological,0.9986873269081116,1
17423,,,0,0,reversed,reversed,0.9707545042037964,1
17424,,,0,0,chronological,chronological,0.986024796962738,1
17425,,,0,0,reversed,reversed,0.9909114241600037,1
17426,,,0,0,chronological,chronological,0.94890296459198,1
17427,,,0,0,reversed,reversed,0.8986932039260864,1
17428,,,0,0,chronological,chronological,0.9997171759605408,1
17429,,,0,0,reversed,reversed,0.9994630217552185,1
17430,,,0,0,chronological,reversed,0.594264566898346,0
17431,,,0,0,reversed,reversed,0.992962658405304,1
17432,,,0,0,chronological,chronological,0.9987331032752991,1
17433,,,0,0,reversed,reversed,0.9999557733535767,1
17434,,,0,0,chronological,chronological,0.9999253749847412,1
17435,,,0,0,reversed,reversed,0.9779239296913147,1
17436,,,0,0,chronological,chronological,0.9999908208847046,1
17437,,,0,0,reversed,reversed,0.8966307044029236,1
17438,,,0,0,chronological,chronological,0.5975598096847534,1
17439,,,0,0,reversed,reversed,0.5772960186004639,1
17440,,,0,0,chronological,chronological,1.0,1
17441,,,0,0,reversed,reversed,0.999997615814209,1
17442,,,0,0,chronological,reversed,0.9818623661994934,0
17443,,,0,0,reversed,chronological,0.6316531300544739,0
17444,,,0,0,chronological,reversed,0.6828001737594604,0
17445,,,0,0,reversed,chronological,0.7158735394477844,0
17446,,,0,0,chronological,chronological,0.9995176792144775,1
17447,,,0,0,reversed,reversed,0.9988933205604553,1
17448,,,0,0,chronological,chronological,0.9771803021430969,1
17449,,,0,0,reversed,reversed,0.9733404517173767,1
17450,,,0,0,chronological,chronological,0.5386152267456055,1
17451,,,0,0,reversed,chronological,0.6905193328857422,0
17452,,,0,0,chronological,chronological,0.8098967671394348,1
17453,,,0,0,reversed,reversed,0.9955483675003052,1
17454,,,0,0,chronological,chronological,0.9993540644645691,1
17455,,,0,0,reversed,reversed,0.9999881982803345,1
17456,,,0,0,chronological,chronological,0.9550828337669373,1
17457,,,0,0,reversed,reversed,0.9981379508972168,1
17458,,,0,0,chronological,chronological,0.9911621809005737,1
17459,,,0,0,reversed,reversed,0.9982378482818604,1
17460,,,0,0,chronological,reversed,0.6552935242652893,0
17461,,,0,0,reversed,reversed,0.8086124658584595,1
17462,,,0,0,chronological,reversed,0.8311105966567993,0
17463,,,0,0,reversed,chronological,0.9868209958076477,0
17464,,,0,0,chronological,chronological,0.993150532245636,1
17465,,,0,0,reversed,reversed,0.9981256127357483,1
17466,,,0,0,chronological,chronological,0.9906802773475647,1
17467,,,0,0,reversed,reversed,0.9994008541107178,1
17468,,,0,0,chronological,reversed,0.9999181032180786,0
17469,,,0,0,reversed,chronological,0.5902040004730225,0
17470,,,0,0,chronological,chronological,0.6896634101867676,1
17471,,,0,0,reversed,reversed,0.7867241501808167,1
17472,,,0,0,chronological,reversed,0.6420602202415466,0
17473,,,0,0,reversed,chronological,0.9896537661552429,0
17474,,,0,0,chronological,chronological,0.9999890327453613,1
17475,,,0,0,reversed,reversed,0.9971717000007629,1
17476,,,0,0,chronological,chronological,0.8110617399215698,1
17477,,,0,0,reversed,reversed,0.7687456011772156,1
17478,,,0,0,chronological,chronological,0.8909745216369629,1
17479,,,0,0,reversed,reversed,0.8953844308853149,1
17480,,,0,0,chronological,chronological,0.6656897068023682,1
17481,,,0,0,reversed,chronological,0.7035876512527466,0
17482,,,0,0,chronological,chronological,0.8200272917747498,1
17483,,,0,0,reversed,reversed,0.9468758702278137,1
17484,,,0,0,chronological,chronological,0.8905019164085388,1
17485,,,0,0,reversed,reversed,0.9107109904289246,1
17486,,,0,0,chronological,chronological,0.8797414302825928,1
17487,,,0,0,reversed,chronological,0.7124518156051636,0
17488,,,0,0,chronological,chronological,0.9987266659736633,1
17489,,,0,0,reversed,reversed,0.9603276252746582,1
17490,,,0,0,chronological,chronological,0.7718531489372253,1
17491,,,0,0,reversed,chronological,0.5773808360099792,0
17492,,,0,0,chronological,chronological,0.9958876967430115,1
17493,,,0,0,reversed,reversed,0.6226356029510498,1
17494,,,0,0,chronological,chronological,0.9989863038063049,1
17495,,,0,0,reversed,reversed,0.9112717509269714,1
17496,,,0,0,chronological,chronological,0.9997408986091614,1
17497,,,0,0,reversed,reversed,0.7477158904075623,1
17498,,,0,0,chronological,chronological,1.0,1
17499,,,0,0,reversed,reversed,1.0,1
17500,,,0,0,chronological,chronological,0.9875592589378357,1
17501,,,0,0,reversed,reversed,0.5260528922080994,1
17502,,,0,0,chronological,reversed,0.9175260663032532,0
17503,,,0,0,reversed,chronological,0.6483052968978882,0
17504,,,0,0,chronological,chronological,0.9999948740005493,1
17505,,,0,0,reversed,reversed,0.9999995231628418,1
17506,,,0,0,chronological,chronological,0.9999979734420776,1
17507,,,0,0,reversed,reversed,1.0,1
17508,,,0,0,chronological,chronological,0.9929596781730652,1
17509,,,0,0,reversed,reversed,0.9998342990875244,1
17510,,,0,0,chronological,chronological,1.0,1
17511,,,0,0,reversed,reversed,1.0,1
17512,,,0,0,chronological,chronological,0.9999881982803345,1
17513,,,0,0,reversed,reversed,0.9978640675544739,1
17514,,,0,0,chronological,chronological,0.9972836971282959,1
17515,,,0,0,reversed,reversed,0.9982656836509705,1
17516,,,0,0,chronological,chronological,0.7674283385276794,1
17517,,,0,0,reversed,reversed,0.7289605140686035,1
17518,,,0,0,chronological,chronological,1.0,1
17519,,,0,0,reversed,reversed,1.0,1
17520,,,0,0,chronological,chronological,0.9034439325332642,1
17521,,,0,0,reversed,reversed,0.9498235583305359,1
17522,,,0,0,chronological,chronological,0.9952369928359985,1
17523,,,0,0,reversed,reversed,0.9890528321266174,1
17524,,,0,0,chronological,chronological,0.6799796223640442,1
17525,,,0,0,reversed,chronological,0.7553886771202087,0
17526,,,0,0,chronological,chronological,0.945691704750061,1
17527,,,0,0,reversed,reversed,0.990990400314331,1
17528,,,0,0,chronological,chronological,0.9985452890396118,1
17529,,,0,0,reversed,reversed,0.9986358284950256,1
17530,,,0,0,chronological,chronological,0.5816807150840759,1
17531,,,0,0,reversed,chronological,0.6741877198219299,0
17532,,,0,0,chronological,chronological,1.0,1
17533,,,0,0,reversed,reversed,0.9999983310699463,1
17534,,,0,0,chronological,chronological,0.6043916940689087,1
17535,,,0,0,reversed,reversed,0.999491810798645,1
17536,,,0,0,chronological,chronological,0.982175886631012,1
17537,,,0,0,reversed,chronological,0.597522497177124,0
17538,,,0,0,chronological,reversed,0.9829626083374023,0
17539,,,0,0,reversed,chronological,0.988275408744812,0
17540,,,0,0,chronological,chronological,0.9999992847442627,1
17541,,,0,0,reversed,reversed,0.9999822378158569,1
17542,,,0,0,chronological,reversed,0.8910569548606873,0
17543,,,0,0,reversed,chronological,0.5682210922241211,0
17544,,,0,0,chronological,chronological,0.9984636306762695,1
17545,,,0,0,reversed,reversed,0.9999682903289795,1
17546,,,0,0,chronological,chronological,1.0,1
17547,,,0,0,reversed,reversed,1.0,1
17548,,,0,0,chronological,chronological,1.0,1
17549,,,0,0,reversed,reversed,1.0,1
17550,,,0,0,chronological,chronological,0.6956400871276855,1
17551,,,0,0,reversed,reversed,0.7239062190055847,1
17552,,,0,0,chronological,reversed,0.8639161586761475,0
17553,,,0,0,reversed,reversed,0.9908418655395508,1
17554,,,0,0,chronological,chronological,0.9810964465141296,1
17555,,,0,0,reversed,reversed,0.9973766803741455,1
17556,,,0,0,chronological,chronological,0.9999539852142334,1
17557,,,0,0,reversed,reversed,0.9999980926513672,1
17558,,,0,0,chronological,chronological,0.9714711904525757,1
17559,,,0,0,reversed,reversed,0.9883390665054321,1
17560,,,0,0,chronological,chronological,0.9740056395530701,1
17561,,,0,0,reversed,reversed,0.5727077722549438,1
17562,,,0,0,chronological,chronological,0.9984830021858215,1
17563,,,0,0,reversed,reversed,0.9999977350234985,1
17564,,,0,0,chronological,chronological,0.9999725818634033,1
17565,,,0,0,reversed,reversed,0.9988941550254822,1
17566,,,0,0,chronological,chronological,0.8998953700065613,1
17567,,,0,0,reversed,reversed,0.995826005935669,1
17568,,,0,0,chronological,chronological,0.9645460844039917,1
17569,,,0,0,reversed,reversed,0.9988144636154175,1
17570,,,0,0,chronological,reversed,0.5679664015769958,0
17571,,,0,0,reversed,reversed,0.9905143976211548,1
17572,,,0,0,chronological,chronological,0.878044605255127,1
17573,,,0,0,reversed,reversed,0.6933380365371704,1
17574,,,0,0,chronological,chronological,0.5888480544090271,1
17575,,,0,0,reversed,reversed,0.9954665899276733,1
17576,,,0,0,chronological,chronological,0.7661582231521606,1
17577,,,0,0,reversed,reversed,0.9895842671394348,1
17578,,,0,0,chronological,chronological,0.9999840259552002,1
17579,,,0,0,reversed,reversed,0.9999635219573975,1
17580,,,0,0,chronological,reversed,0.6334871649742126,0
17581,,,0,0,reversed,chronological,0.5465505719184875,0
17582,,,0,0,chronological,chronological,0.9992198944091797,1
17583,,,0,0,reversed,reversed,0.8177734613418579,1
17584,,,0,0,chronological,chronological,0.5091213583946228,1
17585,,,0,0,reversed,reversed,0.9258822798728943,1
17586,,,0,0,chronological,chronological,0.9999916553497314,1
17587,,,0,0,reversed,reversed,0.9999185800552368,1
17588,,,0,0,chronological,chronological,0.9993677735328674,1
17589,,,0,0,reversed,reversed,0.532085120677948,1
17590,,,0,0,chronological,chronological,0.9978885054588318,1
17591,,,0,0,reversed,chronological,0.9624269008636475,0
17592,,,0,0,chronological,chronological,0.998161256313324,1
17593,,,0,0,reversed,chronological,0.9719492197036743,0
17594,,,0,0,chronological,chronological,0.998741090297699,1
17595,,,0,0,reversed,reversed,0.9916666150093079,1
17596,,,0,0,chronological,chronological,0.999860405921936,1
17597,,,0,0,reversed,reversed,0.9928317070007324,1
17598,,,0,0,chronological,reversed,0.9898719191551208,0
17599,,,0,0,reversed,chronological,0.6735186576843262,0
17600,,,0,0,chronological,chronological,0.9998464584350586,1
17601,,,0,0,reversed,reversed,0.9999998807907104,1
17602,,,0,0,chronological,chronological,0.9929656982421875,1
17603,,,0,0,reversed,reversed,0.9275737404823303,1
17604,,,0,0,chronological,chronological,0.6765917539596558,1
17605,,,0,0,reversed,reversed,0.8244478106498718,1
17606,,,0,0,chronological,reversed,0.6516901850700378,0
17607,,,0,0,reversed,chronological,0.5140764117240906,0
17608,,,0,0,chronological,chronological,0.9998414516448975,1
17609,,,0,0,reversed,reversed,0.9993208646774292,1
17610,,,0,0,chronological,chronological,0.8019735217094421,1
17611,,,0,0,reversed,reversed,0.8874272108078003,1
17612,,,0,0,chronological,reversed,0.9146161675453186,0
17613,,,0,0,reversed,chronological,0.5914197564125061,0
17614,,,0,0,chronological,chronological,0.9999997615814209,1
17615,,,0,0,reversed,reversed,0.9998531341552734,1
17616,,,0,0,chronological,chronological,0.6035352945327759,1
17617,,,0,0,reversed,chronological,0.7870086431503296,0
17618,,,0,0,chronological,chronological,0.9999033212661743,1
17619,,,0,0,reversed,reversed,0.9999879598617554,1
17620,,,0,0,chronological,chronological,1.0,1
17621,,,0,0,reversed,reversed,0.9999887943267822,1
17622,,,0,0,chronological,chronological,0.8519499897956848,1
17623,,,0,0,reversed,reversed,0.8062949776649475,1
17624,,,0,0,chronological,chronological,0.9796234965324402,1
17625,,,0,0,reversed,reversed,0.9972547888755798,1
17626,,,0,0,chronological,reversed,0.6715664267539978,0
17627,,,0,0,reversed,chronological,0.8991064429283142,0
17628,,,0,0,chronological,chronological,0.7810652256011963,1
17629,,,0,0,reversed,reversed,0.7654897570610046,1
17630,,,0,0,chronological,chronological,0.7662647366523743,1
17631,,,0,0,reversed,reversed,0.9993495345115662,1
17632,,,0,0,chronological,reversed,0.7018893361091614,0
17633,,,0,0,reversed,chronological,0.973331868648529,0
17634,,,0,0,chronological,chronological,0.9917489290237427,1
17635,,,0,0,reversed,reversed,0.9948791265487671,1
17636,,,0,0,chronological,chronological,0.994382381439209,1
17637,,,0,0,reversed,chronological,0.5918528437614441,0
17638,,,0,0,chronological,chronological,0.9931811690330505,1
17639,,,0,0,reversed,reversed,0.9350484013557434,1
17640,,,0,0,chronological,reversed,0.9696395993232727,0
17641,,,0,0,reversed,chronological,0.9969505071640015,0
17642,,,0,0,chronological,chronological,0.998547375202179,1
17643,,,0,0,reversed,reversed,0.9999969005584717,1
17644,,,0,0,chronological,chronological,0.9952687621116638,1
17645,,,0,0,reversed,reversed,0.9988709092140198,1
17646,,,0,0,chronological,chronological,0.7388796210289001,1
17647,,,0,0,reversed,reversed,0.9515309929847717,1
17648,,,0,0,chronological,reversed,0.9474535584449768,0
17649,,,0,0,reversed,chronological,0.5873511433601379,0
17650,,,0,0,chronological,chronological,0.9916242957115173,1
17651,,,0,0,reversed,reversed,0.9989246726036072,1
17652,,,0,0,chronological,chronological,0.9950577020645142,1
17653,,,0,0,reversed,reversed,0.9999879598617554,1
17654,,,0,0,chronological,reversed,0.9978976249694824,0
17655,,,0,0,reversed,reversed,0.9695088267326355,1
17656,,,0,0,chronological,chronological,0.9031795859336853,1
17657,,,0,0,reversed,chronological,0.6868276596069336,0
17658,,,0,0,chronological,chronological,0.9817129969596863,1
17659,,,0,0,reversed,reversed,0.9952684044837952,1
17660,,,0,0,chronological,reversed,0.997645914554596,0
17661,,,0,0,reversed,chronological,0.9348324537277222,0
17662,,,0,0,chronological,chronological,1.0,1
17663,,,0,0,reversed,reversed,1.0,1
17664,,,0,0,chronological,reversed,0.8768608570098877,0
17665,,,0,0,reversed,chronological,0.9860050082206726,0
17666,,,0,0,chronological,chronological,0.9919903874397278,1
17667,,,0,0,reversed,reversed,0.8903108835220337,1
17668,,,0,0,chronological,reversed,0.9819261431694031,0
17669,,,0,0,reversed,chronological,0.5730243921279907,0
17670,,,0,0,chronological,chronological,0.9999690055847168,1
17671,,,0,0,reversed,reversed,0.9999997615814209,1
17672,,,0,0,chronological,chronological,0.5865026116371155,1
17673,,,0,0,reversed,reversed,0.9980966448783875,1
17674,,,0,0,chronological,reversed,0.9956580400466919,0
17675,,,0,0,reversed,chronological,0.6815102100372314,0
17676,,,0,0,chronological,chronological,1.0,1
17677,,,0,0,reversed,reversed,1.0,1
17678,,,0,0,chronological,chronological,0.9951317310333252,1
17679,,,0,0,reversed,reversed,0.9995662569999695,1
17680,,,0,0,chronological,chronological,0.9976092576980591,1
17681,,,0,0,reversed,reversed,0.8060963749885559,1
17682,,,0,0,chronological,reversed,0.7188617587089539,0
17683,,,0,0,reversed,chronological,0.9278832077980042,0
17684,,,0,0,chronological,chronological,0.9998077750205994,1
17685,,,0,0,reversed,reversed,0.999767005443573,1
17686,,,0,0,chronological,chronological,0.997605562210083,1
17687,,,0,0,reversed,reversed,0.8888007402420044,1
17688,,,0,0,chronological,chronological,0.9977838397026062,1
17689,,,0,0,reversed,reversed,0.9895162582397461,1
17690,,,0,0,chronological,chronological,1.0,1
17691,,,0,0,reversed,reversed,0.998908281326294,1
17692,,,0,0,chronological,chronological,1.0,1
17693,,,0,0,reversed,reversed,0.9999997615814209,1
17694,,,0,0,chronological,chronological,0.7925158739089966,1
17695,,,0,0,reversed,reversed,0.9973944425582886,1
17696,,,0,0,chronological,reversed,0.8968987464904785,0
17697,,,0,0,reversed,chronological,0.7334245443344116,0
17698,,,0,0,chronological,chronological,0.9968235492706299,1
17699,,,0,0,reversed,reversed,0.9550055265426636,1
17700,,,0,0,chronological,chronological,0.9986230134963989,1
17701,,,0,0,reversed,reversed,0.9886963367462158,1
17702,,,0,0,chronological,chronological,0.999860405921936,1
17703,,,0,0,reversed,reversed,0.9969784021377563,1
17704,,,0,0,chronological,reversed,0.6586658954620361,0
17705,,,0,0,reversed,chronological,0.8282710313796997,0
17706,,,0,0,chronological,chronological,0.5854725241661072,1
17707,,,0,0,reversed,chronological,0.6194283366203308,0
17708,,,0,0,chronological,chronological,0.9951677322387695,1
17709,,,0,0,reversed,reversed,0.8705037236213684,1
17710,,,0,0,chronological,chronological,0.9995484948158264,1
17711,,,0,0,reversed,reversed,0.9983868598937988,1
17712,,,0,0,chronological,chronological,1.0,1
17713,,,0,0,reversed,reversed,1.0,1
17714,,,0,0,chronological,chronological,1.0,1
17715,,,0,0,reversed,reversed,1.0,1
17716,,,0,0,chronological,chronological,0.9983807802200317,1
17717,,,0,0,reversed,reversed,0.9670392274856567,1
17718,,,0,0,chronological,chronological,1.0,1
17719,,,0,0,reversed,reversed,1.0,1
17720,,,0,0,chronological,chronological,0.9547082781791687,1
17721,,,0,0,reversed,chronological,0.8962693810462952,0
17722,,,0,0,chronological,chronological,0.8107229471206665,1
17723,,,0,0,reversed,reversed,0.7655443549156189,1
17724,,,0,0,chronological,chronological,0.6006861925125122,1
17725,,,0,0,reversed,chronological,0.7299250364303589,0
17726,,,0,0,chronological,chronological,0.999906063079834,1
17727,,,0,0,reversed,reversed,0.99931800365448,1
17728,,,0,0,chronological,chronological,0.6902427077293396,1
17729,,,0,0,reversed,chronological,0.8383542895317078,0
17730,,,0,0,chronological,chronological,1.0,1
17731,,,0,0,reversed,reversed,1.0,1
17732,,,0,0,chronological,chronological,0.993678867816925,1
17733,,,0,0,reversed,reversed,0.9181209802627563,1
17734,,,0,0,chronological,chronological,0.7582767605781555,1
17735,,,0,0,reversed,reversed,0.6703972220420837,1
17736,,,0,0,chronological,chronological,0.8239427208900452,1
17737,,,0,0,reversed,reversed,0.536186933517456,1
17738,,,0,0,chronological,chronological,0.9797952175140381,1
17739,,,0,0,reversed,reversed,0.9022588133811951,1
17740,,,0,0,chronological,chronological,0.9899195432662964,1
17741,,,0,0,reversed,reversed,0.949486494064331,1
17742,,,0,0,chronological,reversed,0.9378032684326172,0
17743,,,0,0,reversed,chronological,0.9870182871818542,0
17744,,,0,0,chronological,chronological,0.9998809099197388,1
17745,,,0,0,reversed,reversed,0.9976842403411865,1
17746,,,0,0,chronological,reversed,0.5478315353393555,0
17747,,,0,0,reversed,reversed,0.8061594367027283,1
17748,,,0,0,chronological,chronological,0.9907631278038025,1
17749,,,0,0,reversed,reversed,0.9999673366546631,1
17750,,,0,0,chronological,reversed,0.8806394934654236,0
17751,,,0,0,reversed,reversed,0.9772287607192993,1
17752,,,0,0,chronological,chronological,0.9999939203262329,1
17753,,,0,0,reversed,reversed,0.9999998807907104,1
17754,,,0,0,chronological,chronological,0.9994897842407227,1
17755,,,0,0,reversed,reversed,0.7035166025161743,1
17756,,,0,0,chronological,chronological,0.9999818801879883,1
17757,,,0,0,reversed,reversed,0.9999967813491821,1
17758,,,0,0,chronological,chronological,0.974484384059906,1
17759,,,0,0,reversed,reversed,0.8698694109916687,1
17760,,,0,0,chronological,chronological,0.9994403719902039,1
17761,,,0,0,reversed,reversed,0.9999939203262329,1
17762,,,0,0,chronological,chronological,1.0,1
17763,,,0,0,reversed,reversed,1.0,1
17764,,,0,0,chronological,chronological,0.5620174407958984,1
17765,,,0,0,reversed,reversed,0.9855850338935852,1
17766,,,0,0,chronological,chronological,1.0,1
17767,,,0,0,reversed,reversed,1.0,1
17768,,,0,0,chronological,reversed,0.7130715847015381,0
17769,,,0,0,reversed,reversed,0.7633968591690063,1
17770,,,0,0,chronological,chronological,0.5563585162162781,1
17771,,,0,0,reversed,chronological,0.8558870553970337,0
17772,,,0,0,chronological,chronological,0.9819298386573792,1
17773,,,0,0,reversed,reversed,0.8692756295204163,1
17774,,,0,0,chronological,reversed,0.5079708099365234,0
17775,,,0,0,reversed,reversed,0.6454949975013733,1
17776,,,0,0,chronological,chronological,0.6984789967536926,1
17777,,,0,0,reversed,reversed,0.9312871098518372,1
17778,,,0,0,chronological,reversed,0.6307000517845154,0
17779,,,0,0,reversed,chronological,0.5358272194862366,0
17780,,,0,0,chronological,chronological,0.9812594056129456,1
17781,,,0,0,reversed,reversed,0.944335401058197,1
17782,,,0,0,chronological,reversed,0.9748215079307556,0
17783,,,0,0,reversed,reversed,0.6045246720314026,1
17784,,,0,0,chronological,reversed,0.8120671510696411,0
17785,,,0,0,reversed,reversed,0.8306453824043274,1
17786,,,0,0,chronological,reversed,0.8554890155792236,0
17787,,,0,0,reversed,chronological,0.7099597454071045,0
17788,,,0,0,chronological,chronological,0.9999799728393555,1
17789,,,0,0,reversed,reversed,0.9996845722198486,1
17790,,,0,0,chronological,reversed,0.9250954389572144,0
17791,,,0,0,reversed,chronological,0.8339383006095886,0
17792,,,0,0,chronological,chronological,0.8516821265220642,1
17793,,,0,0,reversed,reversed,0.9394058585166931,1
17794,,,0,0,chronological,reversed,0.7007544636726379,0
17795,,,0,0,reversed,chronological,0.9260568022727966,0
17796,,,0,0,chronological,reversed,0.9201971888542175,0
17797,,,0,0,reversed,chronological,0.7795780897140503,0
17798,,,0,0,chronological,chronological,0.9997093081474304,1
17799,,,0,0,reversed,reversed,0.9962953925132751,1
17800,,,0,0,chronological,chronological,0.9999935626983643,1
17801,,,0,0,reversed,reversed,0.9999632835388184,1
17802,,,0,0,chronological,chronological,0.7150015234947205,1
17803,,,0,0,reversed,reversed,0.9958730340003967,1
17804,,,0,0,chronological,chronological,0.995394229888916,1
17805,,,0,0,reversed,reversed,0.9998722076416016,1
17806,,,0,0,chronological,chronological,0.9999613761901855,1
17807,,,0,0,reversed,reversed,0.9999605417251587,1
17808,,,0,0,chronological,chronological,0.9883415102958679,1
17809,,,0,0,reversed,reversed,0.9995473027229309,1
17810,,,0,0,chronological,reversed,0.5538563132286072,0
17811,,,0,0,reversed,chronological,0.5013412833213806,0
17812,,,0,0,chronological,chronological,0.5454241633415222,1
17813,,,0,0,reversed,reversed,0.7952733635902405,1
17814,,,0,0,chronological,chronological,0.9991598129272461,1
17815,,,0,0,reversed,reversed,0.9999997615814209,1
17816,,,0,0,chronological,chronological,0.963038980960846,1
17817,,,0,0,reversed,reversed,0.9990641474723816,1
17818,,,0,0,chronological,chronological,0.9999560117721558,1
17819,,,0,0,reversed,reversed,0.9999761581420898,1
17820,,,0,0,chronological,chronological,1.0,1
17821,,,0,0,reversed,reversed,0.9999996423721313,1
17822,,,0,0,chronological,chronological,0.9286403656005859,1
17823,,,0,0,reversed,reversed,0.8804577589035034,1
17824,,,0,0,chronological,reversed,0.9135788679122925,0
17825,,,0,0,reversed,chronological,0.9381012916564941,0
17826,,,0,0,chronological,reversed,0.9379931688308716,0
17827,,,0,0,reversed,reversed,0.7758584022521973,1
17828,,,0,0,chronological,chronological,0.999778687953949,1
17829,,,0,0,reversed,reversed,0.999961256980896,1
17830,,,0,0,chronological,chronological,0.9918383955955505,1
17831,,,0,0,reversed,reversed,0.9981057643890381,1
17832,,,0,0,chronological,chronological,0.9357447028160095,1
17833,,,0,0,reversed,reversed,0.9643685221672058,1
17834,,,0,0,chronological,chronological,0.9999994039535522,1
17835,,,0,0,reversed,reversed,0.9999983310699463,1
17836,,,0,0,chronological,chronological,0.935742974281311,1
17837,,,0,0,reversed,chronological,0.9015324711799622,0
17838,,,0,0,chronological,reversed,0.9931585192680359,0
17839,,,0,0,reversed,chronological,0.9942909479141235,0
17840,,,0,0,chronological,chronological,0.9999840259552002,1
17841,,,0,0,reversed,reversed,0.9999954700469971,1
17842,,,0,0,chronological,chronological,0.9977731108665466,1
17843,,,0,0,reversed,reversed,0.9981476068496704,1
17844,,,0,0,chronological,chronological,0.9999973773956299,1
17845,,,0,0,reversed,reversed,0.9999936819076538,1
17846,,,0,0,chronological,chronological,0.9882811903953552,1
17847,,,0,0,reversed,reversed,0.9946276545524597,1
17848,,,0,0,chronological,chronological,0.9959716200828552,1
17849,,,0,0,reversed,reversed,0.996921718120575,1
17850,,,0,0,chronological,reversed,0.8345762491226196,0
17851,,,0,0,reversed,reversed,0.8049911856651306,1
17852,,,0,0,chronological,chronological,0.937932014465332,1
17853,,,0,0,reversed,reversed,0.9395453929901123,1
17854,,,0,0,chronological,chronological,1.0,1
17855,,,0,0,reversed,reversed,1.0,1
17856,,,0,0,chronological,chronological,1.0,1
17857,,,0,0,reversed,reversed,1.0,1
17858,,,0,0,chronological,chronological,0.9999300241470337,1
17859,,,0,0,reversed,reversed,0.9994117021560669,1
17860,,,0,0,chronological,chronological,0.7492914795875549,1
17861,,,0,0,reversed,reversed,0.8982981443405151,1
17862,,,0,0,chronological,chronological,0.901360034942627,1
17863,,,0,0,reversed,reversed,0.9833164811134338,1
17864,,,0,0,chronological,reversed,0.6414160132408142,0
17865,,,0,0,reversed,reversed,0.9367008805274963,1
17866,,,0,0,chronological,chronological,0.8514318466186523,1
17867,,,0,0,reversed,reversed,0.9675951600074768,1
17868,,,0,0,chronological,chronological,0.7471618056297302,1
17869,,,0,0,reversed,reversed,0.9324681162834167,1
17870,,,0,0,chronological,chronological,0.572206974029541,1
17871,,,0,0,reversed,reversed,0.9054311513900757,1
17872,,,0,0,chronological,chronological,0.5526407957077026,1
17873,,,0,0,reversed,reversed,0.6351441144943237,1
17874,,,0,0,chronological,chronological,0.8183237910270691,1
17875,,,0,0,reversed,reversed,0.5430995225906372,1
17876,,,0,0,chronological,reversed,0.6692724823951721,0
17877,,,0,0,reversed,chronological,0.748917818069458,0
17878,,,0,0,chronological,chronological,0.7500013113021851,1
17879,,,0,0,reversed,reversed,0.8443750739097595,1
17880,,,0,0,chronological,chronological,0.9982151985168457,1
17881,,,0,0,reversed,reversed,0.9997552037239075,1
17882,,,0,0,chronological,chronological,0.9955481290817261,1
17883,,,0,0,reversed,reversed,0.9972066283226013,1
17884,,,0,0,chronological,chronological,0.7120001912117004,1
17885,,,0,0,reversed,reversed,0.9960227012634277,1
17886,,,0,0,chronological,reversed,0.8913372755050659,0
17887,,,0,0,reversed,reversed,0.789241373538971,1
17888,,,0,0,chronological,chronological,0.9997604489326477,1
17889,,,0,0,reversed,reversed,0.9881921410560608,1
17890,,,0,0,chronological,reversed,0.5405027866363525,0
17891,,,0,0,reversed,reversed,0.9838076233863831,1
17892,,,0,0,chronological,reversed,0.9602700471878052,0
17893,,,0,0,reversed,reversed,0.8164257407188416,1
17894,,,0,0,chronological,chronological,0.9991733431816101,1
17895,,,0,0,reversed,reversed,0.9999672174453735,1
17896,,,0,0,chronological,chronological,0.9852805733680725,1
17897,,,0,0,reversed,reversed,0.9999176263809204,1
17898,,,0,0,chronological,chronological,0.9474985003471375,1
17899,,,0,0,reversed,reversed,0.9999903440475464,1
17900,,,0,0,chronological,reversed,0.9371067881584167,0
17901,,,0,0,reversed,reversed,0.9784457683563232,1
17902,,,0,0,chronological,chronological,0.9993778467178345,1
17903,,,0,0,reversed,reversed,0.999987006187439,1
17904,,,0,0,chronological,chronological,0.5610891580581665,1
17905,,,0,0,reversed,reversed,0.9832305908203125,1
17906,,,0,0,chronological,reversed,0.9715221524238586,0
17907,,,0,0,reversed,chronological,0.8512451648712158,0
17908,,,0,0,chronological,chronological,0.9998868703842163,1
17909,,,0,0,reversed,reversed,0.9813538789749146,1
17910,,,0,0,chronological,chronological,0.8289828300476074,1
17911,,,0,0,reversed,reversed,0.9692793488502502,1
17912,,,0,0,chronological,reversed,0.8650236129760742,0
17913,,,0,0,reversed,chronological,0.5246908068656921,0
17914,,,0,0,chronological,chronological,0.9737141728401184,1
17915,,,0,0,reversed,reversed,0.9957157969474792,1
17916,,,0,0,chronological,chronological,0.9287306070327759,1
17917,,,0,0,reversed,reversed,0.9861491918563843,1
17918,,,0,0,chronological,chronological,0.929692804813385,1
17919,,,0,0,reversed,reversed,0.9983741044998169,1
17920,,,0,0,chronological,chronological,0.9999649524688721,1
17921,,,0,0,reversed,reversed,0.9998743534088135,1
17922,,,0,0,chronological,chronological,0.9998434782028198,1
17923,,,0,0,reversed,reversed,0.9998798370361328,1
17924,,,0,0,chronological,chronological,1.0,1
17925,,,0,0,reversed,reversed,1.0,1
17926,,,0,0,chronological,chronological,0.820241391658783,1
17927,,,0,0,reversed,reversed,0.8904357552528381,1
17928,,,0,0,chronological,chronological,0.9588351249694824,1
17929,,,0,0,reversed,reversed,0.9054628610610962,1
17930,,,0,0,chronological,chronological,0.9135087132453918,1
17931,,,0,0,reversed,chronological,0.8243287205696106,0
17932,,,0,0,chronological,chronological,1.0,1
17933,,,0,0,reversed,reversed,0.999997615814209,1
17934,,,0,0,chronological,chronological,0.9999146461486816,1
17935,,,0,0,reversed,reversed,0.9970667958259583,1
17936,,,0,0,chronological,chronological,0.5647125244140625,1
17937,,,0,0,reversed,reversed,0.6684767007827759,1
17938,,,0,0,chronological,chronological,0.9833848476409912,1
17939,,,0,0,reversed,reversed,0.9882332682609558,1
17940,,,0,0,chronological,chronological,0.9365386962890625,1
17941,,,0,0,reversed,reversed,0.9991580247879028,1
17942,,,0,0,chronological,chronological,0.8699311017990112,1
17943,,,0,0,reversed,reversed,0.8425509929656982,1
17944,,,0,0,chronological,chronological,0.9983091354370117,1
17945,,,0,0,reversed,reversed,0.7394041419029236,1
17946,,,0,0,chronological,chronological,0.9989302754402161,1
17947,,,0,0,reversed,reversed,0.9996730089187622,1
17948,,,0,0,chronological,reversed,0.6555269360542297,0
17949,,,0,0,reversed,chronological,0.7436704039573669,0
17950,,,0,0,chronological,reversed,0.8638973236083984,0
17951,,,0,0,reversed,chronological,0.9366035461425781,0
17952,,,0,0,chronological,chronological,0.7351124286651611,1
17953,,,0,0,reversed,reversed,0.7327043414115906,1
17954,,,0,0,chronological,reversed,0.7898054122924805,0
17955,,,0,0,reversed,chronological,0.6341161131858826,0
17956,,,0,0,chronological,chronological,0.9629635810852051,1
17957,,,0,0,reversed,reversed,0.9438014030456543,1
17958,,,0,0,chronological,chronological,0.979028046131134,1
17959,,,0,0,reversed,chronological,0.5876818299293518,0
17960,,,0,0,chronological,chronological,1.0,1
17961,,,0,0,reversed,reversed,1.0,1
17962,,,0,0,chronological,chronological,0.9969172477722168,1
17963,,,0,0,reversed,reversed,0.9778934717178345,1
17964,,,0,0,chronological,chronological,0.6560194492340088,1
17965,,,0,0,reversed,reversed,0.8198532462120056,1
17966,,,0,0,chronological,chronological,0.8390173316001892,1
17967,,,0,0,reversed,reversed,0.7634721398353577,1
17968,,,0,0,chronological,reversed,0.5292368531227112,0
17969,,,0,0,reversed,chronological,0.6098984479904175,0
17970,,,0,0,chronological,chronological,0.8433693051338196,1
17971,,,0,0,reversed,reversed,0.779563844203949,1
17972,,,0,0,chronological,chronological,0.9310773015022278,1
17973,,,0,0,reversed,reversed,0.6320093274116516,1
17974,,,0,0,chronological,chronological,0.5305158495903015,1
17975,,,0,0,reversed,reversed,0.8610145449638367,1
17976,,,0,0,chronological,chronological,0.7475469708442688,1
17977,,,0,0,reversed,reversed,0.6903565526008606,1
17978,,,0,0,chronological,chronological,0.9244486689567566,1
17979,,,0,0,reversed,reversed,0.957284688949585,1
17980,,,0,0,chronological,chronological,0.991239607334137,1
17981,,,0,0,reversed,reversed,0.9997987151145935,1
17982,,,0,0,chronological,reversed,0.9627510905265808,0
17983,,,0,0,reversed,chronological,0.859254002571106,0
17984,,,0,0,chronological,chronological,0.9999761581420898,1
17985,,,0,0,reversed,reversed,0.9998666048049927,1
17986,,,0,0,chronological,chronological,0.8982774615287781,1
17987,,,0,0,reversed,reversed,0.9990184307098389,1
17988,,,0,0,chronological,reversed,0.8053181767463684,0
17989,,,0,0,reversed,reversed,0.7355635762214661,1
17990,,,0,0,chronological,chronological,0.9727801084518433,1
17991,,,0,0,reversed,reversed,0.9955440163612366,1
17992,,,0,0,chronological,chronological,0.9651423692703247,1
17993,,,0,0,reversed,reversed,0.9984675049781799,1
17994,,,0,0,chronological,chronological,1.0,1
17995,,,0,0,reversed,reversed,0.9999998807907104,1
17996,,,0,0,chronological,chronological,0.9385920166969299,1
17997,,,0,0,reversed,reversed,0.7242739200592041,1
17998,,,0,0,chronological,chronological,0.9995189905166626,1
17999,,,0,0,reversed,reversed,0.9999570846557617,1
18000,,,0,0,chronological,chronological,0.6977125406265259,1
18001,,,0,0,reversed,reversed,0.9076448678970337,1
18002,,,0,0,chronological,chronological,0.9746550917625427,1
18003,,,0,0,reversed,reversed,0.9030295610427856,1
18004,,,0,0,chronological,chronological,1.0,1
18005,,,0,0,reversed,reversed,1.0,1
18006,,,0,0,chronological,chronological,0.9877447485923767,1
18007,,,0,0,reversed,reversed,0.9877959489822388,1
18008,,,0,0,chronological,chronological,0.5625839829444885,1
18009,,,0,0,reversed,chronological,0.9959719777107239,0
18010,,,0,0,chronological,chronological,0.9999923706054688,1
18011,,,0,0,reversed,reversed,0.9998193383216858,1
18012,,,0,0,chronological,chronological,0.9992393255233765,1
18013,,,0,0,reversed,reversed,0.9987045526504517,1
18014,,,0,0,chronological,chronological,0.9877726435661316,1
18015,,,0,0,reversed,reversed,0.9643481373786926,1
18016,,,0,0,chronological,reversed,0.843165934085846,0
18017,,,0,0,reversed,chronological,0.8537716865539551,0
18018,,,0,0,chronological,chronological,0.9983622431755066,1
18019,,,0,0,reversed,reversed,0.9976388216018677,1
18020,,,0,0,chronological,chronological,0.9712140560150146,1
18021,,,0,0,reversed,reversed,0.9220654964447021,1
18022,,,0,0,chronological,chronological,0.9991470575332642,1
18023,,,0,0,reversed,reversed,0.865977942943573,1
18024,,,0,0,chronological,chronological,0.9967976212501526,1
18025,,,0,0,reversed,chronological,0.9643795490264893,0
18026,,,0,0,chronological,chronological,0.9847989678382874,1
18027,,,0,0,reversed,reversed,0.9680227041244507,1
18028,,,0,0,chronological,chronological,0.558510959148407,1
18029,,,0,0,reversed,reversed,0.9957718253135681,1
18030,,,0,0,chronological,chronological,0.9920146465301514,1
18031,,,0,0,reversed,reversed,0.999975323677063,1
18032,,,0,0,chronological,chronological,0.6144362688064575,1
18033,,,0,0,reversed,reversed,0.5396405458450317,1
18034,,,0,0,chronological,chronological,0.9999593496322632,1
18035,,,0,0,reversed,reversed,0.9889653921127319,1
18036,,,0,0,chronological,chronological,0.9456151723861694,1
18037,,,0,0,reversed,reversed,0.9986863732337952,1
18038,,,0,0,chronological,chronological,1.0,1
18039,,,0,0,reversed,reversed,1.0,1
18040,,,0,0,chronological,chronological,0.9792481660842896,1
18041,,,0,0,reversed,reversed,0.999967098236084,1
18042,,,0,0,chronological,chronological,0.9908457398414612,1
18043,,,0,0,reversed,reversed,0.9999945163726807,1
18044,,,0,0,chronological,chronological,0.9999997615814209,1
18045,,,0,0,reversed,reversed,1.0,1
18046,,,0,0,chronological,chronological,1.0,1
18047,,,0,0,reversed,reversed,1.0,1
18048,,,0,0,chronological,chronological,0.99991774559021,1
18049,,,0,0,reversed,reversed,0.985813558101654,1
18050,,,0,0,chronological,chronological,0.9558756351470947,1
18051,,,0,0,reversed,reversed,0.7145279049873352,1
18052,,,0,0,chronological,chronological,0.9804052114486694,1
18053,,,0,0,reversed,reversed,0.9938521385192871,1
18054,,,0,0,chronological,reversed,0.5167649984359741,0
18055,,,0,0,reversed,reversed,0.9985175728797913,1
18056,,,0,0,chronological,reversed,0.6891875267028809,0
18057,,,0,0,reversed,reversed,0.8664531707763672,1
18058,,,0,0,chronological,chronological,0.8264108300209045,1
18059,,,0,0,reversed,reversed,0.9058434963226318,1
18060,,,0,0,chronological,reversed,0.5275090336799622,0
18061,,,0,0,reversed,reversed,0.645331084728241,1
18062,,,0,0,chronological,chronological,0.9986388087272644,1
18063,,,0,0,reversed,reversed,0.9993914365768433,1
18064,,,0,0,chronological,chronological,0.9190228581428528,1
18065,,,0,0,reversed,reversed,0.9775660634040833,1
18066,,,0,0,chronological,reversed,0.8768273591995239,0
18067,,,0,0,reversed,chronological,0.6677449345588684,0
18068,,,0,0,chronological,chronological,0.998984158039093,1
18069,,,0,0,reversed,reversed,0.992760181427002,1
18070,,,0,0,chronological,chronological,0.8390880227088928,1
18071,,,0,0,reversed,reversed,0.9782186150550842,1
18072,,,0,0,chronological,chronological,0.7723708152770996,1
18073,,,0,0,reversed,reversed,0.972227931022644,1
18074,,,0,0,chronological,chronological,0.7084909677505493,1
18075,,,0,0,reversed,reversed,0.9289588332176208,1
18076,,,0,0,chronological,chronological,0.6630454063415527,1
18077,,,0,0,reversed,reversed,0.9985866546630859,1
18078,,,0,0,chronological,chronological,0.989700436592102,1
18079,,,0,0,reversed,reversed,0.8089963793754578,1
18080,,,0,0,chronological,chronological,0.960224449634552,1
18081,,,0,0,reversed,reversed,0.9890021085739136,1
18082,,,0,0,chronological,chronological,0.9966590404510498,1
18083,,,0,0,reversed,reversed,0.9990555644035339,1
18084,,,0,0,chronological,chronological,0.9187029004096985,1
18085,,,0,0,reversed,chronological,0.6010210514068604,0
18086,,,0,0,chronological,chronological,0.9939225316047668,1
18087,,,0,0,reversed,reversed,0.9744577407836914,1
18088,,,0,0,chronological,chronological,0.9217675924301147,1
18089,,,0,0,reversed,reversed,0.935104250907898,1
18090,,,0,0,chronological,chronological,0.9999867677688599,1
18091,,,0,0,reversed,reversed,0.9998859167098999,1
18092,,,0,0,chronological,chronological,0.8197904229164124,1
18093,,,0,0,reversed,reversed,0.7454999685287476,1
18094,,,0,0,chronological,chronological,0.8779547214508057,1
18095,,,0,0,reversed,reversed,0.9058815240859985,1
18096,,,0,0,chronological,chronological,0.614626944065094,1
18097,,,0,0,reversed,reversed,0.6210817694664001,1
18098,,,0,0,chronological,chronological,0.8521610498428345,1
18099,,,0,0,reversed,reversed,0.5663889050483704,1
18100,,,0,0,chronological,chronological,0.5218549966812134,1
18101,,,0,0,reversed,chronological,0.6794170141220093,0
18102,,,0,0,chronological,chronological,0.6691306233406067,1
18103,,,0,0,reversed,reversed,0.5138837099075317,1
18104,,,0,0,chronological,chronological,0.6374995708465576,1
18105,,,0,0,reversed,reversed,0.6617265343666077,1
18106,,,0,0,chronological,reversed,0.6331833600997925,0
18107,,,0,0,reversed,reversed,0.6367539763450623,1
18108,,,0,0,chronological,chronological,0.992526650428772,1
18109,,,0,0,reversed,reversed,0.9967324733734131,1
18110,,,0,0,chronological,chronological,0.9930731654167175,1
18111,,,0,0,reversed,reversed,0.9755987524986267,1
18112,,,0,0,chronological,chronological,0.512982964515686,1
18113,,,0,0,reversed,reversed,0.5988050103187561,1
18114,,,0,0,chronological,chronological,0.535746157169342,1
18115,,,0,0,reversed,chronological,0.5317926406860352,0
18116,,,0,0,chronological,reversed,0.5233203768730164,0
18117,,,0,0,reversed,reversed,0.5504168272018433,1
18118,,,0,0,chronological,reversed,0.5074090361595154,0
18119,,,0,0,reversed,reversed,0.6155776381492615,1
18120,,,0,0,chronological,reversed,0.5680471062660217,0
18121,,,0,0,reversed,reversed,0.5069207549095154,1
18122,,,0,0,chronological,reversed,0.5058009624481201,0
18123,,,0,0,reversed,reversed,0.5137417912483215,1
18124,,,0,0,chronological,chronological,0.5591198205947876,1
18125,,,0,0,reversed,reversed,0.5106037855148315,1
18126,,,0,0,chronological,chronological,0.5780421495437622,1
18127,,,0,0,reversed,chronological,0.5704294443130493,0
18128,,,0,0,chronological,chronological,0.5120967030525208,1
18129,,,0,0,reversed,reversed,0.7723050713539124,1
18130,,,0,0,chronological,chronological,0.972315788269043,1
18131,,,0,0,reversed,reversed,0.9955304265022278,1
18132,,,0,0,chronological,chronological,0.9430099129676819,1
18133,,,0,0,reversed,reversed,0.950931191444397,1
18134,,,0,0,chronological,chronological,0.9999796152114868,1
18135,,,0,0,reversed,reversed,0.9999964237213135,1
18136,,,0,0,chronological,chronological,0.9998339414596558,1
18137,,,0,0,reversed,reversed,0.9999303817749023,1
18138,,,0,0,chronological,chronological,0.9513089656829834,1
18139,,,0,0,reversed,reversed,0.9966012239456177,1
18140,,,0,0,chronological,chronological,0.9999431371688843,1
18141,,,0,0,reversed,reversed,0.9991637468338013,1
18142,,,0,0,chronological,chronological,0.9935464262962341,1
18143,,,0,0,reversed,reversed,0.9990087747573853,1
18144,,,0,0,chronological,chronological,0.8969153761863708,1
18145,,,0,0,reversed,reversed,0.8945760726928711,1
18146,,,0,0,chronological,chronological,0.851781964302063,1
18147,,,0,0,reversed,reversed,0.654727041721344,1
18148,,,0,0,chronological,chronological,0.9781745672225952,1
18149,,,0,0,reversed,reversed,0.853040874004364,1
18150,,,0,0,chronological,chronological,0.9863463044166565,1
18151,,,0,0,reversed,reversed,0.6895843744277954,1
18152,,,0,0,chronological,chronological,0.8061686754226685,1
18153,,,0,0,reversed,chronological,0.7444984912872314,0
18154,,,0,0,chronological,chronological,0.5656585693359375,1
18155,,,0,0,reversed,chronological,0.5290797352790833,0
18156,,,0,0,chronological,chronological,0.6978906393051147,1
18157,,,0,0,reversed,chronological,0.5385735034942627,0
18158,,,0,0,chronological,chronological,0.541054368019104,1
18159,,,0,0,reversed,chronological,0.6627029180526733,0
18160,,,0,0,chronological,chronological,0.6508816480636597,1
18161,,,0,0,reversed,chronological,0.500664472579956,0
18162,,,0,0,chronological,chronological,0.6048941612243652,1
18163,,,0,0,reversed,chronological,0.566331148147583,0
18164,,,0,0,chronological,chronological,0.5445937514305115,1
18165,,,0,0,reversed,chronological,0.6960127353668213,0
18166,,,0,0,chronological,chronological,0.610351026058197,1
18167,,,0,0,reversed,chronological,0.6268730163574219,0
18168,,,0,0,chronological,chronological,0.7299785017967224,1
18169,,,0,0,reversed,reversed,0.5228905081748962,1
18170,,,0,0,chronological,chronological,0.6942926049232483,1
18171,,,0,0,reversed,chronological,0.6408882141113281,0
18172,,,0,0,chronological,chronological,0.5106948018074036,1
18173,,,0,0,reversed,chronological,0.6849583387374878,0
18174,,,0,0,chronological,chronological,0.6753254532814026,1
18175,,,0,0,reversed,reversed,0.537453830242157,1
18176,,,0,0,chronological,chronological,0.6552040576934814,1
18177,,,0,0,reversed,chronological,0.6236748695373535,0
18178,,,0,0,chronological,reversed,0.5312179923057556,0
18179,,,0,0,reversed,chronological,0.5991536974906921,0
18180,,,0,0,chronological,chronological,0.5198192000389099,1
18181,,,0,0,reversed,reversed,0.5381947755813599,1
18182,,,0,0,chronological,chronological,0.6898805499076843,1
18183,,,0,0,reversed,chronological,0.5261649489402771,0
18184,,,0,0,chronological,chronological,0.7587060332298279,1
18185,,,0,0,reversed,chronological,0.5513742566108704,0
18186,,,0,0,chronological,chronological,0.6217418313026428,1
18187,,,0,0,reversed,chronological,0.5348551273345947,0
18188,,,0,0,chronological,chronological,0.5820437669754028,1
18189,,,0,0,reversed,chronological,0.5794286131858826,0
18190,,,0,0,chronological,chronological,0.5673341155052185,1
18191,,,0,0,reversed,reversed,0.5999306440353394,1
18192,,,0,0,chronological,reversed,0.5115348696708679,0
18193,,,0,0,reversed,chronological,0.5137841701507568,0
18194,,,0,0,chronological,chronological,0.5630524754524231,1
18195,,,0,0,reversed,reversed,0.5585116147994995,1
18196,,,0,0,chronological,chronological,0.5840255618095398,1
18197,,,0,0,reversed,chronological,0.5023300647735596,0
18198,,,0,0,chronological,chronological,0.5626502633094788,1
18199,,,0,0,reversed,chronological,0.515933096408844,0
18200,,,0,0,chronological,chronological,0.5053420066833496,1
18201,,,0,0,reversed,chronological,0.5859026312828064,0
18202,,,0,0,chronological,chronological,0.6249760985374451,1
18203,,,0,0,reversed,reversed,0.533356249332428,1
18204,,,0,0,chronological,chronological,0.5383542776107788,1
18205,,,0,0,reversed,chronological,0.6797164082527161,0
18206,,,0,0,chronological,chronological,0.6778141856193542,1
18207,,,0,0,reversed,reversed,0.5538347959518433,1
18208,,,0,0,chronological,chronological,0.7469184398651123,1
18209,,,0,0,reversed,chronological,0.6891862154006958,0
18210,,,0,0,chronological,chronological,0.9141667485237122,1
18211,,,0,0,reversed,reversed,0.8734995722770691,1
18212,,,0,0,chronological,reversed,0.6856142282485962,0
18213,,,0,0,reversed,chronological,0.6853575706481934,0
18214,,,0,0,chronological,chronological,0.7253303527832031,1
18215,,,0,0,reversed,chronological,0.7922028303146362,0
18216,,,0,0,chronological,chronological,0.9999716281890869,1
18217,,,0,0,reversed,reversed,0.9995288848876953,1
18218,,,0,0,chronological,chronological,0.9985365867614746,1
18219,,,0,0,reversed,reversed,0.9997825026512146,1
18220,,,0,0,chronological,chronological,0.974275529384613,1
18221,,,0,0,reversed,reversed,0.9754050374031067,1
18222,,,0,0,chronological,chronological,0.9296653866767883,1
18223,,,0,0,reversed,reversed,0.6091885566711426,1
18224,,,0,0,chronological,chronological,0.9617248177528381,1
18225,,,0,0,reversed,chronological,0.65702885389328,0
18226,,,0,0,chronological,chronological,0.9900113940238953,1
18227,,,0,0,reversed,reversed,0.795464277267456,1
18228,,,0,0,chronological,chronological,0.9999356269836426,1
18229,,,0,0,reversed,reversed,0.9999891519546509,1
18230,,,0,0,chronological,chronological,0.8276066780090332,1
18231,,,0,0,reversed,chronological,0.5520892143249512,0
18232,,,0,0,chronological,chronological,0.6485008001327515,1
18233,,,0,0,reversed,reversed,0.7522421479225159,1
18234,,,0,0,chronological,chronological,0.5553954243659973,1
18235,,,0,0,reversed,reversed,0.5552767515182495,1
18236,,,0,0,chronological,chronological,0.9889707565307617,1
18237,,,0,0,reversed,reversed,0.9019504189491272,1
18238,,,0,0,chronological,chronological,0.8704203963279724,1
18239,,,0,0,reversed,reversed,0.7303866744041443,1
18240,,,0,0,chronological,reversed,0.5420039296150208,0
18241,,,0,0,reversed,chronological,0.6184125542640686,0
18242,,,0,0,chronological,chronological,0.9996702671051025,1
18243,,,0,0,reversed,reversed,0.921914279460907,1
18244,,,0,0,chronological,chronological,0.9994702935218811,1
18245,,,0,0,reversed,chronological,0.98661208152771,0
18246,,,0,0,chronological,chronological,0.9993746876716614,1
18247,,,0,0,reversed,chronological,0.9553470015525818,0
18248,,,0,0,chronological,chronological,0.98427814245224,1
18249,,,0,0,reversed,reversed,0.8787776827812195,1
18250,,,0,0,chronological,chronological,0.5940045118331909,1
18251,,,0,0,reversed,chronological,0.5679261088371277,0
18252,,,0,0,chronological,chronological,0.6319804787635803,1
18253,,,0,0,reversed,reversed,0.5193347930908203,1
18254,,,0,0,chronological,reversed,0.7032395005226135,0
18255,,,0,0,reversed,chronological,0.5974918007850647,0
18256,,,0,0,chronological,chronological,0.9903450608253479,1
18257,,,0,0,reversed,reversed,0.9719977378845215,1
18258,,,0,0,chronological,chronological,0.8378192186355591,1
18259,,,0,0,reversed,reversed,0.5895869135856628,1
18260,,,0,0,chronological,chronological,0.9031310081481934,1
18261,,,0,0,reversed,reversed,0.6148679256439209,1
18262,,,0,0,chronological,chronological,0.6868549585342407,1
18263,,,0,0,reversed,chronological,0.604465663433075,0
18264,,,0,0,chronological,chronological,0.9758708477020264,1
18265,,,0,0,reversed,reversed,0.977648913860321,1
18266,,,0,0,chronological,reversed,0.9480090737342834,0
18267,,,0,0,reversed,chronological,0.9733830094337463,0
18268,,,0,0,chronological,chronological,0.9999364614486694,1
18269,,,0,0,reversed,reversed,0.9990763664245605,1
18270,,,0,0,chronological,reversed,0.9999945163726807,0
18271,,,0,0,reversed,chronological,1.0,0
18272,,,0,0,chronological,chronological,0.9738787412643433,1
18273,,,0,0,reversed,reversed,0.9372948408126831,1
18274,,,0,0,chronological,chronological,0.9590833187103271,1
18275,,,0,0,reversed,reversed,0.6213348507881165,1
18276,,,0,0,chronological,chronological,0.9830411672592163,1
18277,,,0,0,reversed,reversed,0.9228184819221497,1
18278,,,0,0,chronological,chronological,0.9989097118377686,1
18279,,,0,0,reversed,reversed,0.9953712821006775,1
18280,,,0,0,chronological,chronological,0.9938957095146179,1
18281,,,0,0,reversed,reversed,0.9909127950668335,1
18282,,,0,0,chronological,chronological,0.9710112810134888,1
18283,,,0,0,reversed,reversed,0.919235348701477,1
18284,,,0,0,chronological,chronological,0.9998059868812561,1
18285,,,0,0,reversed,reversed,0.9988052845001221,1
18286,,,0,0,chronological,chronological,0.5788142681121826,1
18287,,,0,0,reversed,reversed,0.5325934886932373,1
18288,,,0,0,chronological,chronological,0.973186731338501,1
18289,,,0,0,reversed,reversed,0.6805334687232971,1
18290,,,0,0,chronological,chronological,0.999798595905304,1
18291,,,0,0,reversed,reversed,0.9755143523216248,1
18292,,,0,0,chronological,chronological,0.999968409538269,1
18293,,,0,0,reversed,reversed,0.9999887943267822,1
18294,,,0,0,chronological,chronological,0.9997045397758484,1
18295,,,0,0,reversed,reversed,0.9949947595596313,1
18296,,,0,0,chronological,chronological,0.9999996423721313,1
18297,,,0,0,reversed,reversed,0.9999977350234985,1
18298,,,0,0,chronological,chronological,0.9667381048202515,1
18299,,,0,0,reversed,reversed,0.9979996085166931,1
18300,,,0,0,chronological,chronological,1.0,1
18301,,,0,0,reversed,reversed,1.0,1
18302,,,0,0,chronological,chronological,0.9970700740814209,1
18303,,,0,0,reversed,reversed,0.9666029810905457,1
18304,,,0,0,chronological,reversed,0.6236531138420105,0
18305,,,0,0,reversed,chronological,0.8715585470199585,0
18306,,,0,0,chronological,chronological,0.9993866682052612,1
18307,,,0,0,reversed,reversed,0.9990191459655762,1
18308,,,0,0,chronological,chronological,0.9999760389328003,1
18309,,,0,0,reversed,reversed,0.9996910095214844,1
18310,,,0,0,chronological,chronological,0.963893711566925,1
18311,,,0,0,reversed,reversed,0.8797883987426758,1
18312,,,0,0,chronological,chronological,0.8219212293624878,1
18313,,,0,0,reversed,reversed,0.9911912083625793,1
18314,,,0,0,chronological,chronological,0.925262451171875,1
18315,,,0,0,reversed,chronological,0.6260367035865784,0
18316,,,0,0,chronological,chronological,0.9795294404029846,1
18317,,,0,0,reversed,reversed,0.9924526810646057,1
18318,,,0,0,chronological,chronological,0.993259847164154,1
18319,,,0,0,reversed,reversed,0.845655620098114,1
18320,,,0,0,chronological,chronological,0.7952530384063721,1
18321,,,0,0,reversed,reversed,0.6494700312614441,1
18322,,,0,0,chronological,chronological,0.9999995231628418,1
18323,,,0,0,reversed,reversed,0.9999911785125732,1
18324,,,0,0,chronological,chronological,0.9988104104995728,1
18325,,,0,0,reversed,reversed,0.5700662136077881,1
18326,,,0,0,chronological,chronological,1.0,1
18327,,,0,0,reversed,reversed,1.0,1
18328,,,0,0,chronological,chronological,0.999685525894165,1
18329,,,0,0,reversed,reversed,0.833966076374054,1
18330,,,0,0,chronological,chronological,0.8118621706962585,1
18331,,,0,0,reversed,reversed,0.7484105825424194,1
18332,,,0,0,chronological,chronological,0.8478370308876038,1
18333,,,0,0,reversed,reversed,0.6506857872009277,1
18334,,,0,0,chronological,chronological,0.9730573892593384,1
18335,,,0,0,reversed,reversed,0.9718305468559265,1
18336,,,0,0,chronological,chronological,0.6842393279075623,1
18337,,,0,0,reversed,reversed,0.874542772769928,1
18338,,,0,0,chronological,chronological,0.8169398307800293,1
18339,,,0,0,reversed,reversed,0.989846408367157,1
18340,,,0,0,chronological,chronological,0.5231987833976746,1
18341,,,0,0,reversed,reversed,0.7680870890617371,1
18342,,,0,0,chronological,reversed,0.6423741579055786,0
18343,,,0,0,reversed,reversed,0.8886426687240601,1
18344,,,0,0,chronological,reversed,0.6091946959495544,0
18345,,,0,0,reversed,reversed,0.6107052564620972,1
18346,,,0,0,chronological,chronological,0.9657738208770752,1
18347,,,0,0,reversed,reversed,0.891917884349823,1
18348,,,0,0,chronological,reversed,0.5155549645423889,0
18349,,,0,0,reversed,reversed,0.967207133769989,1
18350,,,0,0,chronological,chronological,0.6968531012535095,1
18351,,,0,0,reversed,chronological,0.8871846795082092,0
18352,,,0,0,chronological,chronological,0.9998780488967896,1
18353,,,0,0,reversed,reversed,0.9833886623382568,1
18354,,,0,0,chronological,chronological,0.9886327385902405,1
18355,,,0,0,reversed,reversed,0.8753085732460022,1
18356,,,0,0,chronological,chronological,0.984923243522644,1
18357,,,0,0,reversed,reversed,0.9683954119682312,1
18358,,,0,0,chronological,chronological,0.9998152852058411,1
18359,,,0,0,reversed,reversed,0.7008104920387268,1
18360,,,0,0,chronological,chronological,0.9999996423721313,1
18361,,,0,0,reversed,reversed,0.9999747276306152,1
18362,,,0,0,chronological,chronological,0.9940136075019836,1
18363,,,0,0,reversed,reversed,0.7171433568000793,1
18364,,,0,0,chronological,chronological,0.9943933486938477,1
18365,,,0,0,reversed,reversed,0.9850207567214966,1
18366,,,0,0,chronological,chronological,0.8993449807167053,1
18367,,,0,0,reversed,reversed,0.9204889535903931,1
25830,,,0,0,chronological,chronological,0.9984915256500244,1
25831,,,0,0,reversed,reversed,0.9840042591094971,1
25832,,,0,0,chronological,chronological,0.9999542236328125,1
25833,,,0,0,reversed,reversed,0.9979556798934937,1
25834,,,0,0,chronological,chronological,0.9456328749656677,1
25835,,,0,0,reversed,reversed,0.998995840549469,1
25836,,,0,0,chronological,chronological,0.9999996423721313,1
25837,,,0,0,reversed,reversed,0.9999994039535522,1
25838,,,0,0,chronological,chronological,0.9834134578704834,1
25839,,,0,0,reversed,reversed,0.9844750165939331,1
25840,,,0,0,chronological,chronological,0.9998061060905457,1
25841,,,0,0,reversed,reversed,0.9999995231628418,1
25842,,,0,0,chronological,chronological,0.6719836592674255,1
25843,,,0,0,reversed,reversed,0.9981650710105896,1
25844,,,0,0,chronological,chronological,0.5494608879089355,1
25845,,,0,0,reversed,reversed,0.9998452663421631,1
25846,,,0,0,chronological,reversed,0.9993959665298462,0
25847,,,0,0,reversed,chronological,0.994473397731781,0
25848,,,0,0,chronological,chronological,0.7557195425033569,1
25849,,,0,0,reversed,reversed,0.9910991787910461,1
25850,,,0,0,chronological,reversed,0.8865101933479309,0
25851,,,0,0,reversed,chronological,0.6440166234970093,0
25852,,,0,0,chronological,reversed,0.7412183284759521,0
25853,,,0,0,reversed,reversed,0.9999662637710571,1
25854,,,0,0,chronological,reversed,0.5522681474685669,0
25855,,,0,0,reversed,reversed,0.5555586814880371,1
25856,,,0,0,chronological,chronological,0.9999997615814209,1
25857,,,0,0,reversed,reversed,1.0,1
25858,,,0,0,chronological,chronological,0.9999856948852539,1
25859,,,0,0,reversed,reversed,0.9999996423721313,1
25860,,,0,0,chronological,chronological,0.9999861717224121,1
25861,,,0,0,reversed,reversed,0.9996607303619385,1
25862,,,0,0,chronological,chronological,0.9881101846694946,1
25863,,,0,0,reversed,reversed,0.7235747575759888,1
25864,,,0,0,chronological,chronological,0.9932268261909485,1
25865,,,0,0,reversed,reversed,0.9747616648674011,1
25866,,,0,0,chronological,chronological,0.5477454662322998,1
25867,,,0,0,reversed,reversed,0.7430649995803833,1
25868,,,0,0,chronological,chronological,0.9999074935913086,1
25869,,,0,0,reversed,reversed,0.9998856782913208,1
25870,,,0,0,chronological,reversed,0.5524060726165771,0
25871,,,0,0,reversed,reversed,0.6903190612792969,1
25872,,,0,0,chronological,reversed,0.6107144951820374,0
25873,,,0,0,reversed,reversed,0.897572934627533,1
25874,,,0,0,chronological,chronological,0.9999120235443115,1
25875,,,0,0,reversed,reversed,0.9999804496765137,1
25876,,,0,0,chronological,reversed,0.993475615978241,0
25877,,,0,0,reversed,chronological,0.6444399356842041,0
25878,,,0,0,chronological,chronological,0.9659518599510193,1
25879,,,0,0,reversed,reversed,0.9997000694274902,1
25880,,,0,0,chronological,chronological,0.999957799911499,1
25881,,,0,0,reversed,reversed,0.9999998807907104,1
25882,,,0,0,chronological,chronological,1.0,1
25883,,,0,0,reversed,reversed,1.0,1
25884,,,0,0,chronological,reversed,0.7812356948852539,0
25885,,,0,0,reversed,reversed,0.9998593330383301,1
25886,,,0,0,chronological,reversed,0.9999990463256836,0
25887,,,0,0,reversed,chronological,0.9998676776885986,0
25888,,,0,0,chronological,chronological,0.9998292922973633,1
25889,,,0,0,reversed,reversed,0.9996817111968994,1
25890,,,0,0,chronological,chronological,0.883962869644165,1
25891,,,0,0,reversed,reversed,0.959933876991272,1
25892,,,0,0,chronological,chronological,0.8998457789421082,1
25893,,,0,0,reversed,reversed,0.8558241128921509,1
25894,,,0,0,chronological,reversed,0.9997184872627258,0
25895,,,0,0,reversed,chronological,0.9983887672424316,0
25896,,,0,0,chronological,chronological,0.9999997615814209,1
25897,,,0,0,reversed,reversed,1.0,1
25898,,,0,0,chronological,chronological,0.9999418258666992,1
25899,,,0,0,reversed,reversed,0.9999704360961914,1
25900,,,0,0,chronological,chronological,0.6358996629714966,1
25901,,,0,0,reversed,reversed,0.999988317489624,1
25902,,,0,0,chronological,chronological,0.994752049446106,1
25903,,,0,0,reversed,reversed,0.9999295473098755,1
25904,,,0,0,chronological,reversed,0.9999454021453857,0
25905,,,0,0,reversed,reversed,0.9979816675186157,1
25906,,,0,0,chronological,chronological,0.9953616261482239,1
25907,,,0,0,reversed,reversed,0.9439482688903809,1
25908,,,0,0,chronological,chronological,0.8741908669471741,1
25909,,,0,0,reversed,reversed,0.7294372320175171,1
25910,,,0,0,chronological,chronological,0.5493806600570679,1
25911,,,0,0,reversed,reversed,0.9864766597747803,1
25912,,,0,0,chronological,chronological,1.0,1
25913,,,0,0,reversed,reversed,0.9999988079071045,1
25914,,,0,0,chronological,chronological,0.9876708984375,1
25915,,,0,0,reversed,chronological,0.7921259999275208,0
25916,,,0,0,chronological,chronological,0.8935458064079285,1
25917,,,0,0,reversed,chronological,0.7693979144096375,0
25918,,,0,0,chronological,chronological,0.990749180316925,1
25919,,,0,0,reversed,reversed,0.9997116923332214,1
25920,,,0,0,chronological,chronological,0.9917313456535339,1
25921,,,0,0,reversed,reversed,0.9982931017875671,1
25922,,,0,0,chronological,reversed,0.5519417524337769,0
25923,,,0,0,reversed,reversed,0.9999985694885254,1
25924,,,0,0,chronological,chronological,0.9996885061264038,1
25925,,,0,0,reversed,reversed,0.9999567270278931,1
25926,,,0,0,chronological,chronological,0.9997217059135437,1
25927,,,0,0,reversed,chronological,0.8611662983894348,0
25928,,,0,0,chronological,chronological,0.9999998807907104,1
25929,,,0,0,reversed,reversed,1.0,1
25930,,,0,0,chronological,chronological,0.9962093830108643,1
25931,,,0,0,reversed,reversed,0.9999995231628418,1
25932,,,0,0,chronological,chronological,1.0,1
25933,,,0,0,reversed,reversed,1.0,1
25934,,,0,0,chronological,chronological,1.0,1
25935,,,0,0,reversed,reversed,1.0,1
25936,,,0,0,chronological,chronological,0.9907109141349792,1
25937,,,0,0,reversed,reversed,0.9999918937683105,1
25938,,,0,0,chronological,chronological,0.9865272641181946,1
25939,,,0,0,reversed,reversed,0.9902999401092529,1
25940,,,0,0,chronological,chronological,0.9999747276306152,1
25941,,,0,0,reversed,reversed,0.9999997615814209,1
25942,,,0,0,chronological,chronological,1.0,1
25943,,,0,0,reversed,reversed,1.0,1
25944,,,0,0,chronological,chronological,1.0,1
25945,,,0,0,reversed,reversed,1.0,1
25946,,,0,0,chronological,chronological,0.9812160134315491,1
25947,,,0,0,reversed,chronological,0.705185055732727,0
25948,,,0,0,chronological,chronological,0.9998444318771362,1
25949,,,0,0,reversed,reversed,0.9905217885971069,1
25950,,,0,0,chronological,chronological,0.7382016777992249,1
25951,,,0,0,reversed,chronological,0.9211275577545166,0
25952,,,0,0,chronological,chronological,0.721417248249054,1
25953,,,0,0,reversed,chronological,0.6120573282241821,0
25954,,,0,0,chronological,chronological,0.9703865051269531,1
25955,,,0,0,reversed,reversed,0.9608010649681091,1
25956,,,0,0,chronological,reversed,0.973166286945343,0
25957,,,0,0,reversed,reversed,0.7601840496063232,1
25958,,,0,0,chronological,chronological,0.9972158670425415,1
25959,,,0,0,reversed,reversed,0.9999574422836304,1
25960,,,0,0,chronological,reversed,0.7841004729270935,0
25961,,,0,0,reversed,reversed,0.9798327684402466,1
25962,,,0,0,chronological,chronological,0.9865226149559021,1
25963,,,0,0,reversed,reversed,0.8324824571609497,1
25964,,,0,0,chronological,reversed,0.7243661880493164,0
25965,,,0,0,reversed,chronological,0.9438932538032532,0
25966,,,0,0,chronological,chronological,0.9978735446929932,1
25967,,,0,0,reversed,reversed,0.7218630909919739,1
25968,,,0,0,chronological,chronological,0.9696798324584961,1
25969,,,0,0,reversed,reversed,0.94235759973526,1
25970,,,0,0,chronological,chronological,0.999618649482727,1
25971,,,0,0,reversed,reversed,0.9995025396347046,1
25972,,,0,0,chronological,reversed,0.997261643409729,0
25973,,,0,0,reversed,chronological,0.9894346594810486,0
25974,,,0,0,chronological,chronological,0.9999998807907104,1
25975,,,0,0,reversed,reversed,0.9999997615814209,1
25976,,,0,0,chronological,chronological,0.999996542930603,1
25977,,,0,0,reversed,reversed,0.5181224346160889,1
25978,,,0,0,chronological,chronological,0.999760091304779,1
25979,,,0,0,reversed,reversed,0.9953012466430664,1
25980,,,0,0,chronological,chronological,1.0,1
25981,,,0,0,reversed,reversed,1.0,1
25982,,,0,0,chronological,chronological,0.6496059894561768,1
25983,,,0,0,reversed,reversed,0.9976274371147156,1
25984,,,0,0,chronological,chronological,0.9996144771575928,1
25985,,,0,0,reversed,reversed,0.9999099969863892,1
25986,,,0,0,chronological,chronological,0.9999997615814209,1
25987,,,0,0,reversed,reversed,0.999601423740387,1
25988,,,0,0,chronological,chronological,1.0,1
25989,,,0,0,reversed,reversed,1.0,1
25990,,,0,0,chronological,chronological,0.9998844861984253,1
25991,,,0,0,reversed,reversed,0.9994181394577026,1
25992,,,0,0,chronological,chronological,1.0,1
25993,,,0,0,reversed,reversed,1.0,1
25994,,,0,0,chronological,chronological,0.9943525791168213,1
25995,,,0,0,reversed,reversed,0.9374747276306152,1
25996,,,0,0,chronological,chronological,0.9125677943229675,1
25997,,,0,0,reversed,reversed,0.9999431371688843,1
25998,,,0,0,chronological,chronological,0.9991104006767273,1
25999,,,0,0,reversed,reversed,0.9999997615814209,1
26000,,,0,0,chronological,reversed,0.5016936659812927,0
26001,,,0,0,reversed,reversed,0.9696102142333984,1
26002,,,0,0,chronological,chronological,0.9999996423721313,1
26003,,,0,0,reversed,reversed,1.0,1
26004,,,0,0,chronological,reversed,0.9834516048431396,0
26005,,,0,0,reversed,chronological,0.9573326110839844,0
26006,,,0,0,chronological,chronological,0.9913472533226013,1
26007,,,0,0,reversed,reversed,0.9956423044204712,1
26008,,,0,0,chronological,reversed,1.0,0
26009,,,0,0,reversed,chronological,1.0,0
26010,,,0,0,chronological,chronological,0.9998743534088135,1
26011,,,0,0,reversed,reversed,0.9996604919433594,1
26012,,,0,0,chronological,chronological,0.8241836428642273,1
26013,,,0,0,reversed,reversed,0.9830652475357056,1
26014,,,0,0,chronological,chronological,0.9999746084213257,1
26015,,,0,0,reversed,reversed,0.9999611377716064,1
26016,,,0,0,chronological,chronological,0.9999996423721313,1
26017,,,0,0,reversed,reversed,0.9999977350234985,1
26018,,,0,0,chronological,chronological,0.9999958276748657,1
26019,,,0,0,reversed,reversed,0.9999955892562866,1
26020,,,0,0,chronological,chronological,0.9999585151672363,1
26021,,,0,0,reversed,reversed,0.9999998807907104,1
26022,,,0,0,chronological,chronological,1.0,1
26023,,,0,0,reversed,reversed,1.0,1
26024,,,0,0,chronological,chronological,0.7463698983192444,1
26025,,,0,0,reversed,reversed,0.9739490747451782,1
26026,,,0,0,chronological,reversed,0.999523401260376,0
26027,,,0,0,reversed,chronological,0.999987006187439,0
26028,,,0,0,chronological,reversed,0.7813022136688232,0
26029,,,0,0,reversed,chronological,0.9818354845046997,0
26030,,,0,0,chronological,chronological,0.9392929077148438,1
26031,,,0,0,reversed,chronological,0.9205398559570312,0
26032,,,0,0,chronological,chronological,0.9758146405220032,1
26033,,,0,0,reversed,reversed,0.999423623085022,1
26034,,,0,0,chronological,chronological,0.9576177597045898,1
26035,,,0,0,reversed,reversed,0.908635139465332,1
26036,,,0,0,chronological,chronological,1.0,1
26037,,,0,0,reversed,reversed,1.0,1
26038,,,0,0,chronological,chronological,0.9973354935646057,1
26039,,,0,0,reversed,reversed,0.9991248250007629,1
26040,,,0,0,chronological,chronological,0.9967722296714783,1
26041,,,0,0,reversed,reversed,0.9349384307861328,1
26042,,,0,0,chronological,chronological,0.6127768754959106,1
26043,,,0,0,reversed,reversed,0.9368194341659546,1
26044,,,0,0,chronological,chronological,1.0,1
26045,,,0,0,reversed,reversed,1.0,1
26046,,,0,0,chronological,chronological,0.9026041626930237,1
26047,,,0,0,reversed,reversed,0.8246026635169983,1
26048,,,0,0,chronological,chronological,0.5414445400238037,1
26049,,,0,0,reversed,chronological,0.8856020569801331,0
26050,,,0,0,chronological,chronological,0.9999980926513672,1
26051,,,0,0,reversed,reversed,0.9999884366989136,1
26052,,,0,0,chronological,chronological,0.9997429251670837,1
26053,,,0,0,reversed,reversed,0.9999974966049194,1
26054,,,0,0,chronological,chronological,0.9622989296913147,1
26055,,,0,0,reversed,reversed,0.9997300505638123,1
26056,,,0,0,chronological,chronological,0.9990598559379578,1
26057,,,0,0,reversed,reversed,0.9999837875366211,1
26058,,,0,0,chronological,chronological,0.9991146922111511,1
26059,,,0,0,reversed,reversed,0.9999871253967285,1
26060,,,0,0,chronological,reversed,0.7608988285064697,0
26061,,,0,0,reversed,reversed,0.9984128475189209,1
26062,,,0,0,chronological,chronological,0.9960179924964905,1
26063,,,0,0,reversed,reversed,0.9999885559082031,1
26064,,,0,0,chronological,chronological,0.9867228865623474,1
26065,,,0,0,reversed,reversed,0.999886155128479,1
26066,,,0,0,chronological,chronological,0.9935587048530579,1
26067,,,0,0,reversed,reversed,0.9611331820487976,1
26068,,,0,0,chronological,chronological,0.999941349029541,1
26069,,,0,0,reversed,reversed,0.9999996423721313,1
26070,,,0,0,chronological,chronological,0.9999967813491821,1
26071,,,0,0,reversed,reversed,0.9999388456344604,1
26072,,,0,0,chronological,chronological,0.9997757077217102,1
26073,,,0,0,reversed,reversed,0.9642673134803772,1
26074,,,0,0,chronological,chronological,0.9999998807907104,1
26075,,,0,0,reversed,reversed,1.0,1
26076,,,0,0,chronological,chronological,0.9572962522506714,1
26077,,,0,0,reversed,reversed,0.9712380170822144,1
26078,,,0,0,chronological,chronological,0.9958640336990356,1
26079,,,0,0,reversed,reversed,0.9684464931488037,1
26080,,,0,0,chronological,reversed,0.5016427636146545,0
26081,,,0,0,reversed,reversed,0.97571861743927,1
26082,,,0,0,chronological,chronological,0.9957631826400757,1
26083,,,0,0,reversed,reversed,0.9998750686645508,1
26084,,,0,0,chronological,chronological,0.9646504521369934,1
26085,,,0,0,reversed,reversed,0.9343528747558594,1
26086,,,0,0,chronological,chronological,0.9971473813056946,1
26087,,,0,0,reversed,chronological,0.8895427584648132,0
26088,,,0,0,chronological,chronological,1.0,1
26089,,,0,0,reversed,reversed,1.0,1
26090,,,0,0,chronological,chronological,0.9716078042984009,1
26091,,,0,0,reversed,reversed,0.923748254776001,1
26092,,,0,0,chronological,chronological,0.9125089645385742,1
26093,,,0,0,reversed,reversed,0.6548953056335449,1
26094,,,0,0,chronological,chronological,0.9946086406707764,1
26095,,,0,0,reversed,reversed,0.9987927675247192,1
26096,,,0,0,chronological,chronological,0.7293347716331482,1
26097,,,0,0,reversed,chronological,0.5270434617996216,0
26098,,,0,0,chronological,chronological,0.5194494724273682,1
26099,,,0,0,reversed,reversed,0.5822087526321411,1
26100,,,0,0,chronological,chronological,0.5689929723739624,1
26101,,,0,0,reversed,chronological,0.5360150933265686,0
26102,,,0,0,chronological,chronological,0.6634929776191711,1
26103,,,0,0,reversed,chronological,0.542646050453186,0
26104,,,0,0,chronological,chronological,0.6053937077522278,1
26105,,,0,0,reversed,chronological,0.7680436372756958,0
26106,,,0,0,chronological,chronological,0.7709587812423706,1
26107,,,0,0,reversed,reversed,0.7038556337356567,1
26108,,,0,0,chronological,reversed,0.5791483521461487,0
26109,,,0,0,reversed,chronological,0.5419649481773376,0
26110,,,0,0,chronological,chronological,0.7600510120391846,1
26111,,,0,0,reversed,chronological,0.5486040711402893,0
26112,,,0,0,chronological,chronological,0.8566393256187439,1
26113,,,0,0,reversed,chronological,0.5121111869812012,0
26114,,,0,0,chronological,reversed,0.584514856338501,0
26115,,,0,0,reversed,chronological,0.5588834285736084,0
26116,,,0,0,chronological,reversed,0.9450189471244812,0
26117,,,0,0,reversed,chronological,0.5922280550003052,0
26118,,,0,0,chronological,chronological,0.9891424179077148,1
26119,,,0,0,reversed,reversed,0.9944735169410706,1
26120,,,0,0,chronological,chronological,0.982932448387146,1
26121,,,0,0,reversed,reversed,0.9848138689994812,1
26122,,,0,0,chronological,chronological,1.0,1
26123,,,0,0,reversed,reversed,1.0,1
26124,,,0,0,chronological,reversed,0.8644483089447021,0
26125,,,0,0,reversed,reversed,0.9848737716674805,1
26126,,,0,0,chronological,chronological,0.8342205286026001,1
26127,,,0,0,reversed,reversed,0.9995642304420471,1
26128,,,0,0,chronological,chronological,0.9130280017852783,1
26129,,,0,0,reversed,reversed,0.998796820640564,1
26130,,,0,0,chronological,chronological,0.9956825971603394,1
26131,,,0,0,reversed,reversed,0.9880220890045166,1
26132,,,0,0,chronological,chronological,0.9966530203819275,1
26133,,,0,0,reversed,reversed,0.999004065990448,1
26134,,,0,0,chronological,reversed,0.7204675078392029,0
26135,,,0,0,reversed,reversed,0.8791919946670532,1
26136,,,0,0,chronological,chronological,0.8777727484703064,1
26137,,,0,0,reversed,reversed,0.9252148866653442,1
26138,,,0,0,chronological,chronological,0.7485873103141785,1
26139,,,0,0,reversed,reversed,0.6918119192123413,1
26140,,,0,0,chronological,chronological,0.9504020810127258,1
26141,,,0,0,reversed,reversed,0.9685935378074646,1
26142,,,0,0,chronological,chronological,0.5182266235351562,1
26143,,,0,0,reversed,reversed,0.997283935546875,1
26144,,,0,0,chronological,reversed,0.9950238466262817,0
26145,,,0,0,reversed,reversed,0.9931644797325134,1
26146,,,0,0,chronological,chronological,0.9378383755683899,1
26147,,,0,0,reversed,reversed,0.9998579025268555,1
26148,,,0,0,chronological,chronological,1.0,1
26149,,,0,0,reversed,reversed,0.9999986886978149,1
26150,,,0,0,chronological,chronological,0.6561292409896851,1
26151,,,0,0,reversed,reversed,0.7164221405982971,1
26152,,,0,0,chronological,reversed,0.5328226089477539,0
26153,,,0,0,reversed,reversed,0.9324030876159668,1
26154,,,0,0,chronological,chronological,0.6228779554367065,1
26155,,,0,0,reversed,reversed,0.9973306655883789,1
26156,,,0,0,chronological,chronological,0.9857529997825623,1
26157,,,0,0,reversed,reversed,0.9594272375106812,1
26158,,,0,0,chronological,reversed,0.5460010170936584,0
26159,,,0,0,reversed,reversed,0.6465860605239868,1
26160,,,0,0,chronological,reversed,0.807113766670227,0
26161,,,0,0,reversed,reversed,0.9281607270240784,1
26162,,,0,0,chronological,chronological,0.9925233721733093,1
26163,,,0,0,reversed,reversed,0.9995930790901184,1
26164,,,0,0,chronological,chronological,0.9958041310310364,1
26165,,,0,0,reversed,reversed,0.9647026062011719,1
26166,,,0,0,chronological,chronological,0.9938111901283264,1
26167,,,0,0,reversed,reversed,0.9740185141563416,1
26168,,,0,0,chronological,chronological,0.5419624447822571,1
26169,,,0,0,reversed,reversed,0.9983782768249512,1
26170,,,0,0,chronological,chronological,0.8401989936828613,1
26171,,,0,0,reversed,reversed,0.9943867921829224,1
26172,,,0,0,chronological,reversed,0.9916894435882568,0
26173,,,0,0,reversed,reversed,0.5167121887207031,1
26174,,,0,0,chronological,chronological,0.9489940404891968,1
26175,,,0,0,reversed,reversed,1.0,1
26176,,,0,0,chronological,chronological,0.9991549253463745,1
26177,,,0,0,reversed,reversed,0.9999998807907104,1
26178,,,0,0,chronological,reversed,0.586408793926239,0
26179,,,0,0,reversed,reversed,0.9565213322639465,1
26180,,,0,0,chronological,chronological,0.9975136518478394,1
26181,,,0,0,reversed,reversed,0.9999998807907104,1
26182,,,0,0,chronological,chronological,0.5212227702140808,1
26183,,,0,0,reversed,reversed,0.999927282333374,1
26184,,,0,0,chronological,reversed,0.9865184426307678,0
26185,,,0,0,reversed,reversed,0.9897488951683044,1
26186,,,0,0,chronological,chronological,0.9972206354141235,1
26187,,,0,0,reversed,reversed,0.9999831914901733,1
26188,,,0,0,chronological,reversed,0.9427264332771301,0
26189,,,0,0,reversed,reversed,0.9991311430931091,1
26190,,,0,0,chronological,reversed,0.9999996423721313,0
26191,,,0,0,reversed,reversed,0.9533638954162598,1
26192,,,0,0,chronological,chronological,0.9990112781524658,1
26193,,,0,0,reversed,reversed,0.9999576807022095,1
26194,,,0,0,chronological,chronological,0.9030237793922424,1
26195,,,0,0,reversed,reversed,0.8266913294792175,1
26196,,,0,0,chronological,chronological,0.9999868869781494,1
26197,,,0,0,reversed,reversed,0.9999818801879883,1
26198,,,0,0,chronological,chronological,0.9996844530105591,1
26199,,,0,0,reversed,reversed,0.999998927116394,1
26200,,,0,0,chronological,chronological,0.9998624324798584,1
26201,,,0,0,reversed,reversed,0.9999582767486572,1
26202,,,0,0,chronological,chronological,0.9990774393081665,1
26203,,,0,0,reversed,reversed,0.9999946355819702,1
26204,,,0,0,chronological,chronological,1.0,1
26205,,,0,0,reversed,reversed,0.9999915361404419,1
26206,,,0,0,chronological,chronological,0.9999878406524658,1
26207,,,0,0,reversed,reversed,0.9998718500137329,1
26208,,,0,0,chronological,reversed,0.6892207860946655,0
26209,,,0,0,reversed,reversed,0.5708784461021423,1
26210,,,0,0,chronological,chronological,0.9766209125518799,1
26211,,,0,0,reversed,reversed,0.9558674693107605,1
26212,,,0,0,chronological,chronological,0.9832794666290283,1
26213,,,0,0,reversed,reversed,0.719662070274353,1
26214,,,0,0,chronological,chronological,0.9412952065467834,1
26215,,,0,0,reversed,reversed,0.7787654399871826,1
26216,,,0,0,chronological,chronological,0.9994087219238281,1
26217,,,0,0,reversed,reversed,0.9986054301261902,1
26218,,,0,0,chronological,reversed,0.5194593071937561,0
26219,,,0,0,reversed,reversed,0.5323708057403564,1
26220,,,0,0,chronological,chronological,0.999921441078186,1
26221,,,0,0,reversed,reversed,0.9999998807907104,1
26222,,,0,0,chronological,chronological,0.9942620992660522,1
26223,,,0,0,reversed,reversed,0.9999841451644897,1
26224,,,0,0,chronological,chronological,0.6428691744804382,1
26225,,,0,0,reversed,reversed,0.9998018145561218,1
26226,,,0,0,chronological,chronological,1.0,1
26227,,,0,0,reversed,reversed,1.0,1
26228,,,0,0,chronological,chronological,0.9898626804351807,1
26229,,,0,0,reversed,reversed,0.9533714652061462,1
26230,,,0,0,chronological,chronological,0.9817115068435669,1
26231,,,0,0,reversed,reversed,0.9909756779670715,1
26232,,,0,0,chronological,chronological,0.736209511756897,1
26233,,,0,0,reversed,reversed,0.8944178223609924,1
26234,,,0,0,chronological,reversed,0.9790709018707275,0
26235,,,0,0,reversed,reversed,0.9198541641235352,1
26236,,,0,0,chronological,chronological,0.998818576335907,1
26237,,,0,0,reversed,reversed,0.9999983310699463,1
26238,,,0,0,chronological,chronological,1.0,1
26239,,,0,0,reversed,reversed,0.9999998807907104,1
26240,,,0,0,chronological,chronological,0.5759671330451965,1
26241,,,0,0,reversed,reversed,0.9994028806686401,1
26242,,,0,0,chronological,chronological,0.5808739066123962,1
26243,,,0,0,reversed,reversed,0.9833589196205139,1
26244,,,0,0,chronological,chronological,0.9998631477355957,1
26245,,,0,0,reversed,reversed,0.9999990463256836,1
26246,,,0,0,chronological,chronological,0.997965931892395,1
26247,,,0,0,reversed,reversed,0.9996111989021301,1
26248,,,0,0,chronological,chronological,0.9999972581863403,1
26249,,,0,0,reversed,reversed,0.9999971389770508,1
26250,,,0,0,chronological,chronological,1.0,1
26251,,,0,0,reversed,reversed,1.0,1
26252,,,0,0,chronological,chronological,0.9999610185623169,1
26253,,,0,0,reversed,reversed,0.9999972581863403,1
26254,,,0,0,chronological,chronological,0.9997202754020691,1
26255,,,0,0,reversed,reversed,0.9976006150245667,1
26256,,,0,0,chronological,chronological,0.9999839067459106,1
26257,,,0,0,reversed,reversed,1.0,1
26258,,,0,0,chronological,chronological,0.995717465877533,1
26259,,,0,0,reversed,reversed,0.9886063933372498,1
26260,,,0,0,chronological,chronological,0.998744010925293,1
26261,,,0,0,reversed,reversed,0.9999970197677612,1
26262,,,0,0,chronological,reversed,0.9891051650047302,0
26263,,,0,0,reversed,chronological,0.9518219828605652,0
26264,,,0,0,chronological,chronological,0.9990274906158447,1
26265,,,0,0,reversed,reversed,0.9998576641082764,1
26266,,,0,0,chronological,chronological,0.9951956868171692,1
26267,,,0,0,reversed,reversed,0.9999656677246094,1
26268,,,0,0,chronological,chronological,0.9786518216133118,1
26269,,,0,0,reversed,reversed,0.9999518394470215,1
26270,,,0,0,chronological,chronological,1.0,1
26271,,,0,0,reversed,reversed,1.0,1
26272,,,0,0,chronological,chronological,0.9982275366783142,1
26273,,,0,0,reversed,reversed,0.9999998807907104,1
26274,,,0,0,chronological,reversed,0.9527530074119568,0
26275,,,0,0,reversed,reversed,0.9869736433029175,1
26276,,,0,0,chronological,chronological,0.9954243302345276,1
26277,,,0,0,reversed,reversed,0.5927282571792603,1
26278,,,0,0,chronological,chronological,0.9999790191650391,1
26279,,,0,0,reversed,reversed,0.9999996423721313,1
26280,,,0,0,chronological,chronological,0.9999469518661499,1
26281,,,0,0,reversed,reversed,0.949765145778656,1
26282,,,0,0,chronological,chronological,0.9999986886978149,1
26283,,,0,0,reversed,reversed,0.9999922513961792,1
26284,,,0,0,chronological,chronological,0.987169623374939,1
26285,,,0,0,reversed,reversed,0.999990701675415,1
26286,,,0,0,chronological,chronological,1.0,1
26287,,,0,0,reversed,reversed,1.0,1
26288,,,0,0,chronological,chronological,0.9441736340522766,1
26289,,,0,0,reversed,reversed,0.8936595320701599,1
26290,,,0,0,chronological,chronological,0.9998531341552734,1
26291,,,0,0,reversed,reversed,0.9978932738304138,1
26292,,,0,0,chronological,chronological,0.9998354911804199,1
26293,,,0,0,reversed,reversed,0.9999995231628418,1
26294,,,0,0,chronological,chronological,0.9999992847442627,1
26295,,,0,0,reversed,reversed,0.9999990463256836,1
26296,,,0,0,chronological,chronological,0.9999996423721313,1
26297,,,0,0,reversed,reversed,0.999992847442627,1
26298,,,0,0,chronological,chronological,0.8010631203651428,1
26299,,,0,0,reversed,chronological,0.9837870001792908,0
26300,,,0,0,chronological,reversed,0.6509270071983337,0
26301,,,0,0,reversed,reversed,0.8174229860305786,1
26302,,,0,0,chronological,chronological,0.7512379288673401,1
26303,,,0,0,reversed,reversed,0.9956676959991455,1
26304,,,0,0,chronological,chronological,0.9991140961647034,1
26305,,,0,0,reversed,reversed,0.9999938011169434,1
26306,,,0,0,chronological,reversed,0.8118873238563538,0
26307,,,0,0,reversed,reversed,0.991402804851532,1
26308,,,0,0,chronological,chronological,0.9998738765716553,1
26309,,,0,0,reversed,reversed,0.9999997615814209,1
26310,,,0,0,chronological,chronological,0.5462214350700378,1
26311,,,0,0,reversed,reversed,0.8547192811965942,1
26312,,,0,0,chronological,chronological,0.9903182983398438,1
26313,,,0,0,reversed,reversed,0.9508688449859619,1
26314,,,0,0,chronological,reversed,0.7179892063140869,0
26315,,,0,0,reversed,reversed,0.9710322618484497,1
26316,,,0,0,chronological,chronological,0.9517379999160767,1
26317,,,0,0,reversed,reversed,0.9436342120170593,1
26318,,,0,0,chronological,chronological,0.9222017526626587,1
26319,,,0,0,reversed,reversed,0.9460674524307251,1
26320,,,0,0,chronological,chronological,0.5151304602622986,1
26321,,,0,0,reversed,reversed,0.9998666048049927,1
26322,,,0,0,chronological,chronological,0.9877696633338928,1
26323,,,0,0,reversed,reversed,0.9262030720710754,1
26324,,,0,0,chronological,chronological,0.5500146150588989,1
26325,,,0,0,reversed,reversed,0.9980791807174683,1
26326,,,0,0,chronological,chronological,1.0,1
26327,,,0,0,reversed,reversed,1.0,1
26328,,,0,0,chronological,chronological,0.5283174514770508,1
26329,,,0,0,reversed,reversed,0.9874415397644043,1
26330,,,0,0,chronological,chronological,0.9250221848487854,1
26331,,,0,0,reversed,reversed,0.9929141998291016,1
26332,,,0,0,chronological,chronological,1.0,1
26333,,,0,0,reversed,reversed,0.9999986886978149,1
26334,,,0,0,chronological,chronological,0.9999366998672485,1
26335,,,0,0,reversed,reversed,0.9999383687973022,1
26336,,,0,0,chronological,chronological,1.0,1
26337,,,0,0,reversed,reversed,1.0,1
26338,,,0,0,chronological,chronological,0.9882783889770508,1
26339,,,0,0,reversed,reversed,0.9999239444732666,1
26340,,,0,0,chronological,chronological,0.8992694020271301,1
26341,,,0,0,reversed,reversed,0.9986854195594788,1
26342,,,0,0,chronological,reversed,0.9510833024978638,0
26343,,,0,0,reversed,chronological,0.9209485054016113,0
26344,,,0,0,chronological,chronological,0.9999924898147583,1
26345,,,0,0,reversed,reversed,0.9999983310699463,1
26346,,,0,0,chronological,chronological,0.9662970304489136,1
26347,,,0,0,reversed,reversed,0.9954190254211426,1
26348,,,0,0,chronological,chronological,0.9687162637710571,1
26349,,,0,0,reversed,reversed,0.8798988461494446,1
26350,,,0,0,chronological,chronological,0.9993972778320312,1
26351,,,0,0,reversed,reversed,0.9933215975761414,1
26352,,,0,0,chronological,chronological,0.9847483038902283,1
26353,,,0,0,reversed,reversed,0.997164785861969,1
26354,,,0,0,chronological,chronological,0.9999995231628418,1
26355,,,0,0,reversed,reversed,0.9999996423721313,1
26356,,,0,0,chronological,reversed,0.8247814774513245,0
26357,,,0,0,reversed,reversed,0.9941105246543884,1
26358,,,0,0,chronological,chronological,0.9298120141029358,1
26359,,,0,0,reversed,reversed,0.9998819828033447,1
26360,,,0,0,chronological,reversed,0.7804380059242249,0
26361,,,0,0,reversed,reversed,0.9421720504760742,1
26362,,,0,0,chronological,chronological,0.9928841590881348,1
26363,,,0,0,reversed,reversed,0.9998772144317627,1
26364,,,0,0,chronological,chronological,0.9998358488082886,1
26365,,,0,0,reversed,reversed,0.9999903440475464,1
26366,,,0,0,chronological,chronological,0.9999997615814209,1
26367,,,0,0,reversed,reversed,1.0,1
26368,,,0,0,chronological,chronological,1.0,1
26369,,,0,0,reversed,reversed,0.9999996423721313,1
26370,,,0,0,chronological,chronological,0.9999908208847046,1
26371,,,0,0,reversed,reversed,0.9957691431045532,1
26372,,,0,0,chronological,chronological,1.0,1
26373,,,0,0,reversed,reversed,1.0,1
26374,,,0,0,chronological,chronological,0.9985560774803162,1
26375,,,0,0,reversed,reversed,0.9997931122779846,1
26376,,,0,0,chronological,chronological,0.999652624130249,1
26377,,,0,0,reversed,reversed,0.9996663331985474,1
26378,,,0,0,chronological,reversed,0.9225006103515625,0
26379,,,0,0,reversed,chronological,0.9721135497093201,0
26380,,,0,0,chronological,chronological,0.9999842643737793,1
26381,,,0,0,reversed,reversed,0.9999879598617554,1
26382,,,0,0,chronological,chronological,0.9989936947822571,1
26383,,,0,0,reversed,reversed,0.9685913324356079,1
26384,,,0,0,chronological,chronological,0.9993417859077454,1
26385,,,0,0,reversed,reversed,0.9917405843734741,1
26386,,,0,0,chronological,chronological,0.967620313167572,1
26387,,,0,0,reversed,reversed,0.7926427721977234,1
26388,,,0,0,chronological,chronological,0.5167794823646545,1
26389,,,0,0,reversed,reversed,0.8284706473350525,1
26390,,,0,0,chronological,chronological,0.5641937851905823,1
26391,,,0,0,reversed,reversed,0.5200169086456299,1
26392,,,0,0,chronological,reversed,0.6771899461746216,0
26393,,,0,0,reversed,chronological,0.6345911026000977,0
26394,,,0,0,chronological,chronological,0.9879425168037415,1
26395,,,0,0,reversed,reversed,0.7766954898834229,1
26396,,,0,0,chronological,chronological,0.9358233213424683,1
26397,,,0,0,reversed,reversed,0.5231744647026062,1
26398,,,0,0,chronological,chronological,0.8937930464744568,1
26399,,,0,0,reversed,reversed,0.7254111170768738,1
26400,,,0,0,chronological,reversed,0.9812229871749878,0
26401,,,0,0,reversed,reversed,0.9876207709312439,1
26402,,,0,0,chronological,chronological,0.9999998807907104,1
26403,,,0,0,reversed,reversed,0.9999997615814209,1
26404,,,0,0,chronological,chronological,0.7106295824050903,1
26405,,,0,0,reversed,reversed,0.7137516140937805,1
26406,,,0,0,chronological,chronological,0.6829700469970703,1
26407,,,0,0,reversed,reversed,0.9314965605735779,1
26408,,,0,0,chronological,chronological,0.6804060935974121,1
26409,,,0,0,reversed,reversed,0.7309883832931519,1
26410,,,0,0,chronological,chronological,0.6140121221542358,1
26411,,,0,0,reversed,reversed,0.572213351726532,1
26412,,,0,0,chronological,chronological,0.5022129416465759,1
26413,,,0,0,reversed,reversed,0.6448224186897278,1
26414,,,0,0,chronological,chronological,0.5278269052505493,1
26415,,,0,0,reversed,reversed,0.5324448347091675,1
26416,,,0,0,chronological,reversed,0.510282039642334,0
26417,,,0,0,reversed,chronological,0.581356406211853,0
26418,,,0,0,chronological,chronological,0.563235342502594,1
26419,,,0,0,reversed,reversed,0.6091893315315247,1
26420,,,0,0,chronological,chronological,0.9575252532958984,1
26421,,,0,0,reversed,chronological,0.5234283208847046,0
26422,,,0,0,chronological,chronological,0.5358529686927795,1
26423,,,0,0,reversed,chronological,0.9402876496315002,0
26424,,,0,0,chronological,chronological,0.502669632434845,1
26425,,,0,0,reversed,reversed,0.513253390789032,1
26426,,,0,0,chronological,chronological,0.9965631365776062,1
26427,,,0,0,reversed,reversed,0.9379675984382629,1
26428,,,0,0,chronological,chronological,0.5919422507286072,1
26429,,,0,0,reversed,reversed,0.998689591884613,1
26430,,,0,0,chronological,chronological,1.0,1
26431,,,0,0,reversed,reversed,1.0,1
26432,,,0,0,chronological,chronological,0.9922174215316772,1
26433,,,0,0,reversed,reversed,0.9877535700798035,1
26434,,,0,0,chronological,chronological,0.8985019326210022,1
26435,,,0,0,reversed,reversed,0.9971810579299927,1
26436,,,0,0,chronological,chronological,0.9997230172157288,1
26437,,,0,0,reversed,reversed,0.9999549388885498,1
26438,,,0,0,chronological,chronological,0.9997547268867493,1
26439,,,0,0,reversed,reversed,0.995310366153717,1
26440,,,0,0,chronological,chronological,0.9994274377822876,1
26441,,,0,0,reversed,reversed,0.9997703433036804,1
26442,,,0,0,chronological,chronological,1.0,1
26443,,,0,0,reversed,reversed,1.0,1
26444,,,0,0,chronological,chronological,0.6166858673095703,1
26445,,,0,0,reversed,reversed,0.9820634126663208,1
26446,,,0,0,chronological,chronological,0.9999524354934692,1
26447,,,0,0,reversed,reversed,0.9999711513519287,1
26448,,,0,0,chronological,chronological,0.999220609664917,1
26449,,,0,0,reversed,reversed,0.9878613948822021,1
26450,,,0,0,chronological,chronological,0.8914801478385925,1
26451,,,0,0,reversed,reversed,0.9968041181564331,1
26452,,,0,0,chronological,chronological,0.9062789082527161,1
26453,,,0,0,reversed,reversed,0.9994027614593506,1
26454,,,0,0,chronological,chronological,0.9999995231628418,1
26455,,,0,0,reversed,reversed,0.9999996423721313,1
26456,,,0,0,chronological,chronological,0.8938202857971191,1
26457,,,0,0,reversed,reversed,0.9901992678642273,1
26458,,,0,0,chronological,chronological,1.0,1
26459,,,0,0,reversed,reversed,0.9999988079071045,1
26460,,,0,0,chronological,chronological,0.7212474346160889,1
26461,,,0,0,reversed,reversed,0.9831383228302002,1
26462,,,0,0,chronological,chronological,0.6570013761520386,1
26463,,,0,0,reversed,chronological,0.6860795617103577,0
26464,,,0,0,chronological,reversed,0.7560590505599976,0
26465,,,0,0,reversed,reversed,0.7807242274284363,1
26466,,,0,0,chronological,chronological,0.689272403717041,1
26467,,,0,0,reversed,reversed,0.5168969035148621,1
26468,,,0,0,chronological,chronological,0.8059573769569397,1
26469,,,0,0,reversed,reversed,0.8339494466781616,1
26470,,,0,0,chronological,chronological,0.9640346169471741,1
26471,,,0,0,reversed,reversed,0.9965483546257019,1
26472,,,0,0,chronological,chronological,0.9998098015785217,1
26473,,,0,0,reversed,reversed,1.0,1
26474,,,0,0,chronological,chronological,0.9999932050704956,1
26475,,,0,0,reversed,reversed,0.9987764954566956,1
26476,,,0,0,chronological,chronological,1.0,1
26477,,,0,0,reversed,reversed,0.9999986886978149,1
26478,,,0,0,chronological,chronological,0.9988642930984497,1
26479,,,0,0,reversed,reversed,0.9897112846374512,1
26480,,,0,0,chronological,chronological,1.0,1
26481,,,0,0,reversed,reversed,1.0,1
26482,,,0,0,chronological,chronological,0.5242527723312378,1
26483,,,0,0,reversed,chronological,0.7944344878196716,0
26484,,,0,0,chronological,reversed,0.6571864485740662,0
26485,,,0,0,reversed,chronological,0.7577049136161804,0
26486,,,0,0,chronological,reversed,0.6331558227539062,0
26487,,,0,0,reversed,reversed,0.8632818460464478,1
26488,,,0,0,chronological,chronological,0.8997185826301575,1
26489,,,0,0,reversed,reversed,0.6092590689659119,1
26490,,,0,0,chronological,chronological,0.7187107801437378,1
26491,,,0,0,reversed,reversed,0.841576337814331,1
26492,,,0,0,chronological,reversed,0.7200343608856201,0
26493,,,0,0,reversed,reversed,0.7098039984703064,1
26494,,,0,0,chronological,chronological,0.8754061460494995,1
26495,,,0,0,reversed,reversed,0.776128351688385,1
26496,,,0,0,chronological,chronological,0.6094385385513306,1
26497,,,0,0,reversed,chronological,0.6841339468955994,0
26498,,,0,0,chronological,reversed,0.7586984038352966,0
26499,,,0,0,reversed,chronological,0.587498128414154,0
26500,,,0,0,chronological,reversed,0.6041887402534485,0
26501,,,0,0,reversed,reversed,0.9947742819786072,1
26502,,,0,0,chronological,reversed,0.5667529702186584,0
26503,,,0,0,reversed,reversed,0.7505583167076111,1
26504,,,0,0,chronological,chronological,0.7839901447296143,1
26505,,,0,0,reversed,reversed,0.5482029318809509,1
26506,,,0,0,chronological,chronological,0.5394029021263123,1
26507,,,0,0,reversed,chronological,0.7960007786750793,0
26508,,,0,0,chronological,chronological,0.930868923664093,1
26509,,,0,0,reversed,chronological,0.7557917237281799,0
26510,,,0,0,chronological,chronological,0.5336502194404602,1
26511,,,0,0,reversed,chronological,0.5359573364257812,0
26512,,,0,0,chronological,reversed,0.6747167706489563,0
26513,,,0,0,reversed,reversed,0.7582912445068359,1
26514,,,0,0,chronological,chronological,0.6989067792892456,1
26515,,,0,0,reversed,reversed,0.6573689579963684,1
26516,,,0,0,chronological,chronological,0.9797278046607971,1
26517,,,0,0,reversed,reversed,0.8613846302032471,1
26518,,,0,0,chronological,chronological,0.985034167766571,1
26519,,,0,0,reversed,reversed,0.7654502987861633,1
26520,,,0,0,chronological,chronological,0.7548527717590332,1
26521,,,0,0,reversed,reversed,0.9609197974205017,1
26522,,,0,0,chronological,chronological,0.7946304678916931,1
26523,,,0,0,reversed,reversed,0.7334685921669006,1
26524,,,0,0,chronological,reversed,0.794914722442627,0
26525,,,0,0,reversed,chronological,0.5401222705841064,0
26526,,,0,0,chronological,chronological,0.8729380965232849,1
26527,,,0,0,reversed,reversed,0.9427024126052856,1
26528,,,0,0,chronological,chronological,0.546832263469696,1
26529,,,0,0,reversed,chronological,0.522267758846283,0
26530,,,0,0,chronological,chronological,0.7364535331726074,1
26531,,,0,0,reversed,reversed,0.8436587452888489,1
26532,,,0,0,chronological,chronological,0.9993987083435059,1
26533,,,0,0,reversed,reversed,0.9983434677124023,1
26534,,,0,0,chronological,reversed,0.7348845601081848,0
26535,,,0,0,reversed,reversed,0.9606761932373047,1
26536,,,0,0,chronological,chronological,0.9197925329208374,1
26537,,,0,0,reversed,reversed,0.9967515468597412,1
26538,,,0,0,chronological,chronological,1.0,1
26539,,,0,0,reversed,reversed,1.0,1
26540,,,0,0,chronological,chronological,0.9997343420982361,1
26541,,,0,0,reversed,reversed,0.9820743203163147,1
26542,,,0,0,chronological,chronological,0.9999957084655762,1
26543,,,0,0,reversed,reversed,0.9999219179153442,1
26544,,,0,0,chronological,chronological,0.9307156205177307,1
26545,,,0,0,reversed,chronological,0.747959554195404,0
26546,,,0,0,chronological,reversed,0.5028062462806702,0
26547,,,0,0,reversed,chronological,0.600466251373291,0
26548,,,0,0,chronological,chronological,0.9999995231628418,1
26549,,,0,0,reversed,reversed,0.9995208978652954,1
26550,,,0,0,chronological,chronological,0.9999890327453613,1
26551,,,0,0,reversed,reversed,0.9998540878295898,1
26552,,,0,0,chronological,chronological,0.5856985449790955,1
26553,,,0,0,reversed,reversed,0.8615304231643677,1
26554,,,0,0,chronological,chronological,0.9729437232017517,1
26555,,,0,0,reversed,reversed,0.9987120628356934,1
26556,,,0,0,chronological,chronological,0.9994773268699646,1
26557,,,0,0,reversed,reversed,0.9992955923080444,1
26558,,,0,0,chronological,chronological,0.85299152135849,1
26559,,,0,0,reversed,reversed,0.9715221524238586,1
26560,,,0,0,chronological,chronological,0.94659024477005,1
26561,,,0,0,reversed,reversed,0.9943694472312927,1
26562,,,0,0,chronological,reversed,0.9935517311096191,0
26563,,,0,0,reversed,chronological,0.7224819660186768,0
26564,,,0,0,chronological,chronological,0.7161263823509216,1
26565,,,0,0,reversed,reversed,0.9977760910987854,1
26566,,,0,0,chronological,reversed,0.723305344581604,0
26567,,,0,0,reversed,reversed,0.8455731868743896,1
26568,,,0,0,chronological,reversed,0.5774570107460022,0
26569,,,0,0,reversed,chronological,0.6773702502250671,0
26570,,,0,0,chronological,chronological,0.6622027158737183,1
26571,,,0,0,reversed,reversed,0.6186529994010925,1
26572,,,0,0,chronological,chronological,0.8400344848632812,1
26573,,,0,0,reversed,chronological,0.5642382502555847,0
26574,,,0,0,chronological,chronological,0.8770192861557007,1
26575,,,0,0,reversed,chronological,0.7722145318984985,0
26576,,,0,0,chronological,chronological,0.9715988039970398,1
26577,,,0,0,reversed,chronological,0.6470118761062622,0
26578,,,0,0,chronological,chronological,0.9998801946640015,1
26579,,,0,0,reversed,reversed,0.9979850053787231,1
26580,,,0,0,chronological,chronological,0.981023907661438,1
26581,,,0,0,reversed,reversed,0.9481664896011353,1
26582,,,0,0,chronological,chronological,0.990982711315155,1
26583,,,0,0,reversed,reversed,0.8592604994773865,1
26584,,,0,0,chronological,chronological,0.9985750913619995,1
26585,,,0,0,reversed,reversed,0.9892080426216125,1
26586,,,0,0,chronological,chronological,0.9228918552398682,1
26587,,,0,0,reversed,reversed,0.5154725313186646,1
26588,,,0,0,chronological,reversed,0.7170841693878174,0
26589,,,0,0,reversed,reversed,0.9448278546333313,1
26590,,,0,0,chronological,reversed,0.5567812919616699,0
26591,,,0,0,reversed,reversed,0.8526212573051453,1
26592,,,0,0,chronological,chronological,0.9999887943267822,1
26593,,,0,0,reversed,reversed,0.9999966621398926,1
26594,,,0,0,chronological,chronological,0.8009713292121887,1
26595,,,0,0,reversed,reversed,0.99947589635849,1
26596,,,0,0,chronological,chronological,0.6162693500518799,1
26597,,,0,0,reversed,reversed,0.9961526989936829,1
26598,,,0,0,chronological,chronological,0.9982426166534424,1
26599,,,0,0,reversed,reversed,1.0,1
26600,,,0,0,chronological,chronological,0.9978518486022949,1
26601,,,0,0,reversed,reversed,0.9999980926513672,1
26602,,,0,0,chronological,chronological,1.0,1
26603,,,0,0,reversed,reversed,1.0,1
26604,,,0,0,chronological,chronological,0.8427702188491821,1
26605,,,0,0,reversed,reversed,0.9706234335899353,1
26606,,,0,0,chronological,reversed,0.7685776352882385,0
26607,,,0,0,reversed,reversed,0.5450837016105652,1
26608,,,0,0,chronological,chronological,0.5943744778633118,1
26609,,,0,0,reversed,chronological,0.8599327802658081,0
26610,,,0,0,chronological,chronological,0.9096507430076599,1
26611,,,0,0,reversed,chronological,0.5515466928482056,0
26612,,,0,0,chronological,chronological,0.9862301349639893,1
26613,,,0,0,reversed,chronological,0.8807250261306763,0
26614,,,0,0,chronological,chronological,0.5067590475082397,1
26615,,,0,0,reversed,reversed,0.9631471633911133,1
26616,,,0,0,chronological,chronological,0.6287005543708801,1
26617,,,0,0,reversed,reversed,0.7913711071014404,1
26618,,,0,0,chronological,chronological,0.9672905802726746,1
26619,,,0,0,reversed,reversed,0.9980286955833435,1
26620,,,0,0,chronological,chronological,0.9657734632492065,1
26621,,,0,0,reversed,reversed,0.9482536315917969,1
26622,,,0,0,chronological,chronological,0.9793052077293396,1
26623,,,0,0,reversed,reversed,0.9999446868896484,1
26624,,,0,0,chronological,chronological,0.8891764283180237,1
26625,,,0,0,reversed,reversed,0.9985002279281616,1
26626,,,0,0,chronological,reversed,0.545264482498169,0
26627,,,0,0,reversed,reversed,0.7281312346458435,1
26628,,,0,0,chronological,reversed,0.7147005796432495,0
26629,,,0,0,reversed,reversed,0.6221457123756409,1
26630,,,0,0,chronological,reversed,0.7539442181587219,0
26631,,,0,0,reversed,chronological,0.5141088962554932,0
26632,,,0,0,chronological,chronological,0.5764111280441284,1
26633,,,0,0,reversed,chronological,0.535613477230072,0
26634,,,0,0,chronological,reversed,0.5452907085418701,0
26635,,,0,0,reversed,reversed,0.6565406322479248,1
26636,,,0,0,chronological,reversed,0.6893800497055054,0
26637,,,0,0,reversed,chronological,0.9303624033927917,0
26638,,,0,0,chronological,chronological,0.8305779695510864,1
26639,,,0,0,reversed,reversed,0.5640726685523987,1
26640,,,0,0,chronological,chronological,0.8401805758476257,1
26641,,,0,0,reversed,reversed,0.5238701701164246,1
26642,,,0,0,chronological,chronological,0.5231329798698425,1
26643,,,0,0,reversed,chronological,0.8756372332572937,0
26644,,,0,0,chronological,chronological,0.9342349767684937,1
26645,,,0,0,reversed,reversed,0.6141671538352966,1
26646,,,0,0,chronological,chronological,0.7824898362159729,1
26647,,,0,0,reversed,reversed,0.9569973349571228,1
26648,,,0,0,chronological,chronological,0.5234706997871399,1
26649,,,0,0,reversed,reversed,0.8508867025375366,1
26650,,,0,0,chronological,reversed,0.6428927779197693,0
26651,,,0,0,reversed,reversed,0.6549251079559326,1
26652,,,0,0,chronological,chronological,0.9746916890144348,1
26653,,,0,0,reversed,reversed,0.9828107357025146,1
26654,,,0,0,chronological,chronological,0.7657940983772278,1
26655,,,0,0,reversed,reversed,0.5416971445083618,1
26656,,,0,0,chronological,chronological,0.7490648031234741,1
26657,,,0,0,reversed,chronological,0.5702492594718933,0
26658,,,0,0,chronological,reversed,0.7052819132804871,0
26659,,,0,0,reversed,chronological,0.6762802004814148,0
26660,,,0,0,chronological,chronological,0.6705459952354431,1
26661,,,0,0,reversed,reversed,0.626803994178772,1
26662,,,0,0,chronological,chronological,0.6427433490753174,1
26663,,,0,0,reversed,reversed,0.7869512438774109,1
26664,,,0,0,chronological,reversed,0.6496577858924866,0
26665,,,0,0,reversed,reversed,0.84681636095047,1
26666,,,0,0,chronological,reversed,0.8507049083709717,0
26667,,,0,0,reversed,reversed,0.5368180871009827,1
26668,,,0,0,chronological,reversed,0.5750274658203125,0
26669,,,0,0,reversed,reversed,0.8537383079528809,1
26670,,,0,0,chronological,reversed,0.633417546749115,0
26671,,,0,0,reversed,reversed,0.8035417795181274,1
26672,,,0,0,chronological,reversed,0.6187861561775208,0
26673,,,0,0,reversed,reversed,0.702513575553894,1
26674,,,0,0,chronological,reversed,0.6053959131240845,0
26675,,,0,0,reversed,reversed,0.6081231832504272,1
26676,,,0,0,chronological,reversed,0.5022704601287842,0
26677,,,0,0,reversed,reversed,0.5832086205482483,1
26678,,,0,0,chronological,reversed,0.6252005100250244,0
26679,,,0,0,reversed,reversed,0.7194713950157166,1
26680,,,0,0,chronological,reversed,0.6512606143951416,0
26681,,,0,0,reversed,reversed,0.7437944412231445,1
26682,,,0,0,chronological,reversed,0.6741658449172974,0
26683,,,0,0,reversed,reversed,0.7040459513664246,1
26684,,,0,0,chronological,reversed,0.6776459813117981,0
26685,,,0,0,reversed,reversed,0.7613519430160522,1
26686,,,0,0,chronological,reversed,0.6302498579025269,0
26687,,,0,0,reversed,reversed,0.7545199990272522,1
26688,,,0,0,chronological,reversed,0.5690503716468811,0
26689,,,0,0,reversed,reversed,0.6677851676940918,1
26690,,,0,0,chronological,reversed,0.601638674736023,0
26691,,,0,0,reversed,chronological,0.5343801975250244,0
26692,,,0,0,chronological,reversed,0.6262274980545044,0
26693,,,0,0,reversed,reversed,0.5196074843406677,1
26694,,,0,0,chronological,reversed,0.5897607207298279,0
26695,,,0,0,reversed,reversed,0.6980326771736145,1
26696,,,0,0,chronological,reversed,0.8227556943893433,0
26697,,,0,0,reversed,reversed,0.5983937382698059,1
26698,,,0,0,chronological,reversed,0.6252227425575256,0
26699,,,0,0,reversed,reversed,0.7855547070503235,1
26700,,,0,0,chronological,chronological,0.5134254693984985,1
26701,,,0,0,reversed,reversed,0.5995404720306396,1
26702,,,0,0,chronological,reversed,0.627210795879364,0
26703,,,0,0,reversed,chronological,0.5123710036277771,0
26704,,,0,0,chronological,reversed,0.5446792244911194,0
26705,,,0,0,reversed,reversed,0.5904858708381653,1
26706,,,0,0,chronological,chronological,0.6062271595001221,1
26707,,,0,0,reversed,reversed,0.5097127556800842,1
26708,,,0,0,chronological,chronological,0.9457005858421326,1
26709,,,0,0,reversed,chronological,0.659604012966156,0
26710,,,0,0,chronological,chronological,0.5324244499206543,1
26711,,,0,0,reversed,chronological,0.7255769371986389,0
26712,,,0,0,chronological,reversed,0.6979860663414001,0
26713,,,0,0,reversed,reversed,0.969992995262146,1
26714,,,0,0,chronological,chronological,0.7601339817047119,1
26715,,,0,0,reversed,reversed,0.7827052474021912,1
26716,,,0,0,chronological,chronological,0.9943286776542664,1
26717,,,0,0,reversed,reversed,0.9920384883880615,1
26718,,,0,0,chronological,chronological,0.5577937960624695,1
26719,,,0,0,reversed,chronological,0.9734549522399902,0
26720,,,0,0,chronological,chronological,0.9821124076843262,1
26721,,,0,0,reversed,reversed,0.9996277093887329,1
26722,,,0,0,chronological,chronological,0.9952327609062195,1
26723,,,0,0,reversed,reversed,0.999848484992981,1
26724,,,0,0,chronological,chronological,0.9934076070785522,1
26725,,,0,0,reversed,reversed,0.9999715089797974,1
26726,,,0,0,chronological,chronological,0.9998138546943665,1
26727,,,0,0,reversed,reversed,1.0,1
26728,,,0,0,chronological,chronological,0.8450993895530701,1
26729,,,0,0,reversed,reversed,0.9993182420730591,1
26730,,,0,0,chronological,chronological,0.5998255014419556,1
26731,,,0,0,reversed,reversed,0.9947350025177002,1
26732,,,0,0,chronological,chronological,0.9955137372016907,1
26733,,,0,0,reversed,reversed,0.9996852874755859,1
26734,,,0,0,chronological,chronological,0.9999992847442627,1
26735,,,0,0,reversed,reversed,0.9999912977218628,1
26736,,,0,0,chronological,chronological,0.7723174095153809,1
26737,,,0,0,reversed,chronological,0.7221657633781433,0
26738,,,0,0,chronological,chronological,0.9845402836799622,1
26739,,,0,0,reversed,chronological,0.5823507905006409,0
26740,,,0,0,chronological,chronological,0.9577670097351074,1
26741,,,0,0,reversed,reversed,0.6578784584999084,1
26742,,,0,0,chronological,chronological,0.9973210692405701,1
26743,,,0,0,reversed,reversed,0.9814938306808472,1
26744,,,0,0,chronological,reversed,0.8979488611221313,0
26745,,,0,0,reversed,chronological,0.6729077696800232,0
26746,,,0,0,chronological,chronological,0.9999924898147583,1
26747,,,0,0,reversed,reversed,0.9999821186065674,1
26748,,,0,0,chronological,chronological,0.9999957084655762,1
26749,,,0,0,reversed,reversed,1.0,1
26750,,,0,0,chronological,chronological,0.8817138671875,1
26751,,,0,0,reversed,reversed,0.8544272780418396,1
26752,,,0,0,chronological,reversed,0.7342445850372314,0
26753,,,0,0,reversed,reversed,0.6134203672409058,1
26754,,,0,0,chronological,chronological,0.9616934657096863,1
26755,,,0,0,reversed,reversed,0.7149518132209778,1
26756,,,0,0,chronological,chronological,0.997144877910614,1
26757,,,0,0,reversed,reversed,0.9991260170936584,1
26758,,,0,0,chronological,reversed,0.801713228225708,0
26759,,,0,0,reversed,chronological,0.977044403553009,0
26760,,,0,0,chronological,reversed,0.5019877552986145,0
26761,,,0,0,reversed,chronological,0.9964802861213684,0
26762,,,0,0,chronological,chronological,0.9994435906410217,1
26763,,,0,0,reversed,reversed,0.9873160123825073,1
26764,,,0,0,chronological,chronological,0.9965596795082092,1
26765,,,0,0,reversed,reversed,0.9927041530609131,1
26766,,,0,0,chronological,chronological,0.7256812453269958,1
26767,,,0,0,reversed,reversed,0.9968923926353455,1
26768,,,0,0,chronological,chronological,0.999996542930603,1
26769,,,0,0,reversed,reversed,0.9999991655349731,1
26770,,,0,0,chronological,chronological,0.9912747144699097,1
26771,,,0,0,reversed,reversed,0.558700442314148,1
26772,,,0,0,chronological,chronological,0.9998822212219238,1
26773,,,0,0,reversed,reversed,0.9429420828819275,1
26774,,,0,0,chronological,chronological,0.9983464479446411,1
26775,,,0,0,reversed,reversed,0.5050417184829712,1
26776,,,0,0,chronological,chronological,1.0,1
26777,,,0,0,reversed,reversed,0.999997615814209,1
26778,,,0,0,chronological,chronological,0.9995386600494385,1
26779,,,0,0,reversed,reversed,0.8635058403015137,1
26780,,,0,0,chronological,chronological,0.9984890222549438,1
26781,,,0,0,reversed,reversed,0.9961084723472595,1
26782,,,0,0,chronological,reversed,0.6495721936225891,0
26783,,,0,0,reversed,reversed,0.5083904266357422,1
26784,,,0,0,chronological,chronological,1.0,1
26785,,,0,0,reversed,reversed,1.0,1
26786,,,0,0,chronological,chronological,0.999516487121582,1
26787,,,0,0,reversed,reversed,0.9999594688415527,1
26788,,,0,0,chronological,chronological,0.9999998807907104,1
26789,,,0,0,reversed,reversed,0.9999998807907104,1
26790,,,0,0,chronological,chronological,0.9920005798339844,1
26791,,,0,0,reversed,reversed,0.7164396047592163,1
26792,,,0,0,chronological,chronological,0.9999831914901733,1
26793,,,0,0,reversed,reversed,0.9905796647071838,1
26794,,,0,0,chronological,chronological,0.9992701411247253,1
26795,,,0,0,reversed,reversed,0.9883920550346375,1
26796,,,0,0,chronological,chronological,0.8252812623977661,1
26797,,,0,0,reversed,reversed,0.9051005840301514,1
26798,,,0,0,chronological,reversed,0.7268896102905273,0
26799,,,0,0,reversed,chronological,0.9520938992500305,0
26800,,,0,0,chronological,chronological,0.9995962977409363,1
26801,,,0,0,reversed,reversed,0.9972321391105652,1
26802,,,0,0,chronological,chronological,0.9385400414466858,1
26803,,,0,0,reversed,reversed,0.964310884475708,1
26804,,,0,0,chronological,reversed,0.9967722296714783,0
26805,,,0,0,reversed,chronological,0.9939690828323364,0
26806,,,0,0,chronological,chronological,0.9999978542327881,1
26807,,,0,0,reversed,reversed,0.9999915361404419,1
26808,,,0,0,chronological,chronological,0.7968385815620422,1
26809,,,0,0,reversed,reversed,0.5935274362564087,1
26810,,,0,0,chronological,chronological,0.9999992847442627,1
26811,,,0,0,reversed,reversed,0.9999805688858032,1
26812,,,0,0,chronological,chronological,0.9950858950614929,1
26813,,,0,0,reversed,reversed,0.9938775897026062,1
26814,,,0,0,chronological,chronological,0.9998619556427002,1
26815,,,0,0,reversed,reversed,1.0,1
26816,,,0,0,chronological,chronological,0.9882644414901733,1
26817,,,0,0,reversed,reversed,0.9983056783676147,1
26818,,,0,0,chronological,chronological,0.9998728036880493,1
26819,,,0,0,reversed,reversed,0.9845912456512451,1
26820,,,0,0,chronological,chronological,0.9963790774345398,1
26821,,,0,0,reversed,reversed,0.9999657869338989,1
26822,,,0,0,chronological,chronological,0.960343599319458,1
26823,,,0,0,reversed,reversed,0.9474115967750549,1
26824,,,0,0,chronological,chronological,0.5572445392608643,1
26825,,,0,0,reversed,reversed,0.5467911958694458,1
26826,,,0,0,chronological,chronological,1.0,1
26827,,,0,0,reversed,reversed,0.9999998807907104,1
26828,,,0,0,chronological,chronological,0.9725135564804077,1
26829,,,0,0,reversed,reversed,0.9619461297988892,1
26830,,,0,0,chronological,reversed,0.9947637319564819,0
26831,,,0,0,reversed,chronological,0.9995450377464294,0
26832,,,0,0,chronological,chronological,0.9999922513961792,1
26833,,,0,0,reversed,reversed,0.999647855758667,1
26834,,,0,0,chronological,reversed,0.7154763340950012,0
26835,,,0,0,reversed,reversed,0.9988316893577576,1
26836,,,0,0,chronological,chronological,0.9949440360069275,1
26837,,,0,0,reversed,reversed,0.9970833659172058,1
26838,,,0,0,chronological,chronological,0.6015387773513794,1
26839,,,0,0,reversed,reversed,0.9964091181755066,1
26840,,,0,0,chronological,chronological,1.0,1
26841,,,0,0,reversed,reversed,0.9999831914901733,1
26842,,,0,0,chronological,chronological,0.7500917911529541,1
26843,,,0,0,reversed,chronological,0.6980445981025696,0
26844,,,0,0,chronological,reversed,0.84969562292099,0
26845,,,0,0,reversed,reversed,0.6932118535041809,1
26846,,,0,0,chronological,chronological,0.6734744906425476,1
26847,,,0,0,reversed,reversed,0.7723621726036072,1
26848,,,0,0,chronological,reversed,0.5640624165534973,0
26849,,,0,0,reversed,chronological,0.5020890831947327,0
26850,,,0,0,chronological,chronological,0.6107805371284485,1
26851,,,0,0,reversed,chronological,0.5029195547103882,0
26852,,,0,0,chronological,chronological,0.6979734897613525,1
26853,,,0,0,reversed,reversed,0.6554061770439148,1
26854,,,0,0,chronological,chronological,0.608380913734436,1
26855,,,0,0,reversed,reversed,0.5825755000114441,1
26856,,,0,0,chronological,chronological,0.5970991253852844,1
26857,,,0,0,reversed,reversed,0.5690804719924927,1
26858,,,0,0,chronological,chronological,0.5873925089836121,1
26859,,,0,0,reversed,chronological,0.5392822623252869,0
26860,,,0,0,chronological,reversed,0.6159804463386536,0
26861,,,0,0,reversed,chronological,0.6247395873069763,0
26862,,,0,0,chronological,chronological,0.5714699625968933,1
26863,,,0,0,reversed,chronological,0.584649384021759,0
26864,,,0,0,chronological,chronological,0.9610733985900879,1
26865,,,0,0,reversed,reversed,0.8496394753456116,1
26866,,,0,0,chronological,chronological,0.9874590635299683,1
26867,,,0,0,reversed,reversed,0.99875807762146,1
26868,,,0,0,chronological,chronological,0.8590354919433594,1
26869,,,0,0,reversed,reversed,0.9968525767326355,1
26870,,,0,0,chronological,chronological,0.9975388050079346,1
26871,,,0,0,reversed,reversed,1.0,1
26872,,,0,0,chronological,reversed,0.9665778279304504,0
26873,,,0,0,reversed,reversed,0.5360808968544006,1
26874,,,0,0,chronological,reversed,0.8183095455169678,0
26875,,,0,0,reversed,reversed,0.9229809045791626,1
26876,,,0,0,chronological,chronological,0.999969482421875,1
26877,,,0,0,reversed,reversed,0.9999780654907227,1
26878,,,0,0,chronological,chronological,0.9999083280563354,1
26879,,,0,0,reversed,reversed,0.9938615560531616,1
26880,,,0,0,chronological,chronological,0.8214930295944214,1
26881,,,0,0,reversed,reversed,0.7352639436721802,1
26882,,,0,0,chronological,chronological,0.9999185800552368,1
26883,,,0,0,reversed,reversed,0.9997467398643494,1
26884,,,0,0,chronological,chronological,1.0,1
26885,,,0,0,reversed,reversed,0.999998927116394,1
26886,,,0,0,chronological,chronological,0.9922426342964172,1
26887,,,0,0,reversed,reversed,0.9901314973831177,1
26888,,,0,0,chronological,chronological,1.0,1
26889,,,0,0,reversed,reversed,1.0,1
26890,,,0,0,chronological,chronological,0.9447019100189209,1
26891,,,0,0,reversed,chronological,0.9458545446395874,0
26892,,,0,0,chronological,chronological,0.9999994039535522,1
26893,,,0,0,reversed,reversed,0.9999997615814209,1
26894,,,0,0,chronological,chronological,1.0,1
26895,,,0,0,reversed,reversed,1.0,1
26896,,,0,0,chronological,chronological,0.9621558785438538,1
26897,,,0,0,reversed,reversed,0.6436020135879517,1
26898,,,0,0,chronological,chronological,0.9099082350730896,1
26899,,,0,0,reversed,reversed,0.869247317314148,1
26900,,,0,0,chronological,chronological,0.9789952635765076,1
26901,,,0,0,reversed,reversed,0.8594268560409546,1
26902,,,0,0,chronological,chronological,0.8523993492126465,1
26903,,,0,0,reversed,reversed,0.6982870697975159,1
26904,,,0,0,chronological,reversed,0.6023927330970764,0
26905,,,0,0,reversed,reversed,0.5986422300338745,1
26906,,,0,0,chronological,reversed,0.7457142472267151,0
26907,,,0,0,reversed,reversed,0.7407312393188477,1
26908,,,0,0,chronological,chronological,0.6551824808120728,1
26909,,,0,0,reversed,reversed,0.9791881442070007,1
26910,,,0,0,chronological,reversed,0.8221911787986755,0
26911,,,0,0,reversed,reversed,0.8428822755813599,1
26912,,,0,0,chronological,chronological,0.8462004065513611,1
26913,,,0,0,reversed,reversed,0.9305896759033203,1
26914,,,0,0,chronological,reversed,0.5004712343215942,0
26915,,,0,0,reversed,reversed,0.8844045400619507,1
26916,,,0,0,chronological,reversed,0.543530285358429,0
26917,,,0,0,reversed,reversed,0.7120772004127502,1
26918,,,0,0,chronological,chronological,0.5673041939735413,1
26919,,,0,0,reversed,reversed,0.7208847999572754,1
26920,,,0,0,chronological,reversed,0.658461332321167,0
26921,,,0,0,reversed,reversed,0.5667351484298706,1
26922,,,0,0,chronological,chronological,0.5733419060707092,1
26923,,,0,0,reversed,reversed,0.6655991673469543,1
26924,,,0,0,chronological,chronological,0.9206406474113464,1
26925,,,0,0,reversed,reversed,0.9462301135063171,1
26926,,,0,0,chronological,reversed,0.9802977442741394,0
26927,,,0,0,reversed,chronological,0.9411848187446594,0
26928,,,0,0,chronological,chronological,0.9943895936012268,1
26929,,,0,0,reversed,reversed,0.9996800422668457,1
26930,,,0,0,chronological,chronological,0.9999431371688843,1
26931,,,0,0,reversed,reversed,0.9999432563781738,1
26932,,,0,0,chronological,chronological,0.9989573955535889,1
26933,,,0,0,reversed,reversed,0.9993302822113037,1
26934,,,0,0,chronological,chronological,0.998634397983551,1
26935,,,0,0,reversed,reversed,0.9999825954437256,1
26936,,,0,0,chronological,chronological,0.9999129772186279,1
26937,,,0,0,reversed,reversed,1.0,1
26938,,,0,0,chronological,reversed,0.694614827632904,0
26939,,,0,0,reversed,reversed,0.5642678737640381,1
26940,,,0,0,chronological,chronological,0.9995156526565552,1
26941,,,0,0,reversed,reversed,0.9999866485595703,1
26942,,,0,0,chronological,chronological,0.9996815919876099,1
26943,,,0,0,reversed,reversed,0.9993093013763428,1
26944,,,0,0,chronological,chronological,1.0,1
26945,,,0,0,reversed,reversed,0.9999997615814209,1
26946,,,0,0,chronological,chronological,0.9983159303665161,1
26947,,,0,0,reversed,reversed,0.9999067783355713,1
26948,,,0,0,chronological,chronological,0.930145263671875,1
26949,,,0,0,reversed,reversed,0.8823155760765076,1
26950,,,0,0,chronological,chronological,0.9988678693771362,1
26951,,,0,0,reversed,reversed,0.9280324578285217,1
26952,,,0,0,chronological,chronological,0.9912710189819336,1
26953,,,0,0,reversed,reversed,0.9881757497787476,1
26954,,,0,0,chronological,chronological,0.9884648323059082,1
26955,,,0,0,reversed,reversed,0.9927965998649597,1
26956,,,0,0,chronological,reversed,0.7169491648674011,0
26957,,,0,0,reversed,reversed,0.866837203502655,1
26958,,,0,0,chronological,chronological,0.9999356269836426,1
26959,,,0,0,reversed,reversed,0.9971422553062439,1
26960,,,0,0,chronological,chronological,0.9987801909446716,1
26961,,,0,0,reversed,reversed,0.9990922212600708,1
26962,,,0,0,chronological,chronological,0.9999972581863403,1
26963,,,0,0,reversed,reversed,1.0,1
26964,,,0,0,chronological,chronological,0.9277828335762024,1
26965,,,0,0,reversed,chronological,0.9377248287200928,0
26966,,,0,0,chronological,reversed,0.57542484998703,0
26967,,,0,0,reversed,reversed,0.9747718572616577,1
26968,,,0,0,chronological,chronological,0.5020387768745422,1
26969,,,0,0,reversed,reversed,0.6698887944221497,1
26970,,,0,0,chronological,chronological,0.8965086340904236,1
26971,,,0,0,reversed,chronological,0.7119698524475098,0
26972,,,0,0,chronological,chronological,0.5924044251441956,1
26973,,,0,0,reversed,reversed,0.799346387386322,1
26974,,,0,0,chronological,chronological,0.9092379212379456,1
26975,,,0,0,reversed,reversed,0.6795953512191772,1
26976,,,0,0,chronological,chronological,0.9472317695617676,1
26977,,,0,0,reversed,chronological,0.6946740746498108,0
34440,,,0,0,chronological,chronological,0.9304713010787964,1
34441,,,0,0,reversed,chronological,0.9987910389900208,0
34442,,,0,0,chronological,reversed,0.577385425567627,0
34443,,,0,0,reversed,reversed,0.8207385540008545,1
34444,,,0,0,chronological,chronological,0.9945043921470642,1
34445,,,0,0,reversed,reversed,0.9954372048377991,1
34446,,,0,0,chronological,chronological,0.950088620185852,1
34447,,,0,0,reversed,reversed,0.9992021918296814,1
34448,,,0,0,chronological,reversed,0.9653672575950623,0
34449,,,0,0,reversed,reversed,0.984351396560669,1
34450,,,0,0,chronological,chronological,0.9983768463134766,1
34451,,,0,0,reversed,reversed,0.9961316585540771,1
34452,,,0,0,chronological,chronological,0.7652499079704285,1
34453,,,0,0,reversed,reversed,0.9853366017341614,1
34454,,,0,0,chronological,reversed,0.7506453990936279,0
34455,,,0,0,reversed,chronological,0.5605107545852661,0
34456,,,0,0,chronological,chronological,0.9988294243812561,1
34457,,,0,0,reversed,reversed,0.9604693651199341,1
34458,,,0,0,chronological,reversed,0.7525628805160522,0
34459,,,0,0,reversed,reversed,0.7383759617805481,1
34460,,,0,0,chronological,chronological,1.0,1
34461,,,0,0,reversed,reversed,1.0,1
34462,,,0,0,chronological,chronological,0.9641208052635193,1
34463,,,0,0,reversed,reversed,0.9999779462814331,1
34464,,,0,0,chronological,chronological,0.9998014569282532,1
34465,,,0,0,reversed,reversed,1.0,1
34466,,,0,0,chronological,chronological,0.9138760566711426,1
34467,,,0,0,reversed,reversed,0.983623743057251,1
34468,,,0,0,chronological,chronological,0.5501684546470642,1
34469,,,0,0,reversed,reversed,0.6108776330947876,1
34470,,,0,0,chronological,chronological,0.9999997615814209,1
34471,,,0,0,reversed,reversed,0.9939131140708923,1
34472,,,0,0,chronological,chronological,0.5303435921669006,1
34473,,,0,0,reversed,reversed,0.5683400630950928,1
34474,,,0,0,chronological,chronological,0.9998840093612671,1
34475,,,0,0,reversed,reversed,0.9827572107315063,1
34476,,,0,0,chronological,chronological,1.0,1
34477,,,0,0,reversed,reversed,1.0,1
34478,,,0,0,chronological,chronological,0.995140552520752,1
34479,,,0,0,reversed,reversed,0.9999172687530518,1
34480,,,0,0,chronological,chronological,0.9955483675003052,1
34481,,,0,0,reversed,reversed,0.9930166006088257,1
34482,,,0,0,chronological,reversed,0.8780812621116638,0
34483,,,0,0,reversed,chronological,0.9402546882629395,0
34484,,,0,0,chronological,chronological,0.9977885484695435,1
34485,,,0,0,reversed,reversed,0.9999310970306396,1
34486,,,0,0,chronological,chronological,0.9997288584709167,1
34487,,,0,0,reversed,reversed,0.9847015142440796,1
34488,,,0,0,chronological,chronological,0.998691737651825,1
34489,,,0,0,reversed,reversed,0.9996110796928406,1
34490,,,0,0,chronological,chronological,0.9999867677688599,1
34491,,,0,0,reversed,reversed,0.9999943971633911,1
34492,,,0,0,chronological,chronological,0.8286831378936768,1
34493,,,0,0,reversed,reversed,0.9917548894882202,1
34494,,,0,0,chronological,chronological,0.9943578839302063,1
34495,,,0,0,reversed,reversed,0.9996592998504639,1
34496,,,0,0,chronological,chronological,1.0,1
34497,,,0,0,reversed,reversed,1.0,1
34498,,,0,0,chronological,chronological,0.9859892129898071,1
34499,,,0,0,reversed,reversed,0.996019184589386,1
34500,,,0,0,chronological,chronological,0.999976634979248,1
34501,,,0,0,reversed,reversed,0.9999983310699463,1
34502,,,0,0,chronological,chronological,0.9688336253166199,1
34503,,,0,0,reversed,chronological,0.9771214127540588,0
34504,,,0,0,chronological,chronological,1.0,1
34505,,,0,0,reversed,reversed,1.0,1
34506,,,0,0,chronological,chronological,1.0,1
34507,,,0,0,reversed,reversed,0.9999957084655762,1
34508,,,0,0,chronological,reversed,0.9136068224906921,0
34509,,,0,0,reversed,reversed,0.9609861969947815,1
34510,,,0,0,chronological,chronological,0.9598760008811951,1
34511,,,0,0,reversed,reversed,0.9507986307144165,1
34512,,,0,0,chronological,chronological,0.9092937707901001,1
34513,,,0,0,reversed,reversed,0.9999996423721313,1
34514,,,0,0,chronological,chronological,0.9999344348907471,1
34515,,,0,0,reversed,reversed,1.0,1
34516,,,0,0,chronological,chronological,0.9999862909317017,1
34517,,,0,0,reversed,reversed,0.9983194470405579,1
34518,,,0,0,chronological,chronological,1.0,1
34519,,,0,0,reversed,reversed,0.9999997615814209,1
34520,,,0,0,chronological,chronological,0.9999997615814209,1
34521,,,0,0,reversed,reversed,0.9999986886978149,1
34522,,,0,0,chronological,reversed,0.8029665946960449,0
34523,,,0,0,reversed,reversed,0.8355766534805298,1
34524,,,0,0,chronological,chronological,0.900153636932373,1
34525,,,0,0,reversed,reversed,0.9192207455635071,1
34526,,,0,0,chronological,chronological,0.9998359680175781,1
34527,,,0,0,reversed,reversed,0.9045416712760925,1
34528,,,0,0,chronological,chronological,1.0,1
34529,,,0,0,reversed,reversed,1.0,1
34530,,,0,0,chronological,chronological,0.939354419708252,1
34531,,,0,0,reversed,reversed,0.9856491684913635,1
34532,,,0,0,chronological,reversed,0.7440641522407532,0
34533,,,0,0,reversed,reversed,0.9991849064826965,1
34534,,,0,0,chronological,chronological,0.9945843815803528,1
34535,,,0,0,reversed,chronological,0.6884331703186035,0
34536,,,0,0,chronological,chronological,0.9718419313430786,1
34537,,,0,0,reversed,reversed,0.9990701079368591,1
34538,,,0,0,chronological,chronological,0.9559959173202515,1
34539,,,0,0,reversed,reversed,0.9339781403541565,1
34540,,,0,0,chronological,chronological,0.6655988693237305,1
34541,,,0,0,reversed,chronological,0.8903729915618896,0
34542,,,0,0,chronological,chronological,0.8047435283660889,1
34543,,,0,0,reversed,chronological,0.696882963180542,0
34544,,,0,0,chronological,chronological,0.9881835579872131,1
34545,,,0,0,reversed,reversed,0.9929419755935669,1
34546,,,0,0,chronological,chronological,0.9887542724609375,1
34547,,,0,0,reversed,chronological,0.7945091724395752,0
34548,,,0,0,chronological,chronological,0.9991145730018616,1
34549,,,0,0,reversed,reversed,0.8726122379302979,1
34550,,,0,0,chronological,chronological,0.9864880442619324,1
34551,,,0,0,reversed,chronological,0.530029833316803,0
34552,,,0,0,chronological,chronological,0.999896764755249,1
34553,,,0,0,reversed,chronological,0.648737370967865,0
34554,,,0,0,chronological,chronological,0.9903301000595093,1
34555,,,0,0,reversed,reversed,0.9619393944740295,1
34556,,,0,0,chronological,reversed,0.8854615092277527,0
34557,,,0,0,reversed,reversed,0.8467132449150085,1
34558,,,0,0,chronological,chronological,0.9998486042022705,1
34559,,,0,0,reversed,reversed,0.9998455047607422,1
34560,,,0,0,chronological,chronological,0.9587621688842773,1
34561,,,0,0,reversed,chronological,0.9631996750831604,0
34562,,,0,0,chronological,chronological,0.9999997615814209,1
34563,,,0,0,reversed,reversed,0.9983185529708862,1
34564,,,0,0,chronological,chronological,0.9999949932098389,1
34565,,,0,0,reversed,reversed,1.0,1
34566,,,0,0,chronological,chronological,0.9939512014389038,1
34567,,,0,0,reversed,chronological,0.6846085786819458,0
34568,,,0,0,chronological,chronological,0.9845376014709473,1
34569,,,0,0,reversed,reversed,0.9888749122619629,1
34570,,,0,0,chronological,reversed,0.8814775943756104,0
34571,,,0,0,reversed,chronological,0.9971733093261719,0
34572,,,0,0,chronological,chronological,0.9999667406082153,1
34573,,,0,0,reversed,reversed,0.9999988079071045,1
34574,,,0,0,chronological,chronological,1.0,1
34575,,,0,0,reversed,reversed,1.0,1
34576,,,0,0,chronological,chronological,0.992739737033844,1
34577,,,0,0,reversed,reversed,0.9640105962753296,1
34578,,,0,0,chronological,chronological,0.9953678846359253,1
34579,,,0,0,reversed,reversed,0.8561971783638,1
34580,,,0,0,chronological,chronological,0.9999872446060181,1
34581,,,0,0,reversed,reversed,0.9999984502792358,1
34582,,,0,0,chronological,reversed,0.8947368264198303,0
34583,,,0,0,reversed,reversed,0.8964573740959167,1
34584,,,0,0,chronological,chronological,0.9999709129333496,1
34585,,,0,0,reversed,reversed,0.9998776912689209,1
34586,,,0,0,chronological,chronological,0.9837257266044617,1
34587,,,0,0,reversed,reversed,0.999916672706604,1
34588,,,0,0,chronological,chronological,0.999997615814209,1
34589,,,0,0,reversed,reversed,1.0,1
34590,,,0,0,chronological,chronological,0.9937375783920288,1
34591,,,0,0,reversed,reversed,0.9985067248344421,1
34592,,,0,0,chronological,chronological,0.9996203184127808,1
34593,,,0,0,reversed,reversed,0.9998615980148315,1
34594,,,0,0,chronological,chronological,0.9859630465507507,1
34595,,,0,0,reversed,reversed,0.9885810017585754,1
34596,,,0,0,chronological,chronological,0.8893555402755737,1
34597,,,0,0,reversed,reversed,0.6259172558784485,1
34598,,,0,0,chronological,chronological,0.5219098925590515,1
34599,,,0,0,reversed,reversed,0.7022278308868408,1
34600,,,0,0,chronological,chronological,0.9991672039031982,1
34601,,,0,0,reversed,reversed,0.9937971830368042,1
34602,,,0,0,chronological,chronological,0.9997764229774475,1
34603,,,0,0,reversed,reversed,0.9998681545257568,1
34604,,,0,0,chronological,chronological,0.9553999900817871,1
34605,,,0,0,reversed,reversed,0.9568415880203247,1
34606,,,0,0,chronological,chronological,0.9863600134849548,1
34607,,,0,0,reversed,reversed,0.9911512732505798,1
34608,,,0,0,chronological,chronological,0.9424480199813843,1
34609,,,0,0,reversed,reversed,0.9285497069358826,1
34610,,,0,0,chronological,chronological,0.9995293617248535,1
34611,,,0,0,reversed,reversed,0.999992847442627,1
34612,,,0,0,chronological,chronological,1.0,1
34613,,,0,0,reversed,reversed,1.0,1
34614,,,0,0,chronological,chronological,1.0,1
34615,,,0,0,reversed,reversed,1.0,1
34616,,,0,0,chronological,chronological,0.9997020363807678,1
34617,,,0,0,reversed,reversed,0.9997860789299011,1
34618,,,0,0,chronological,chronological,0.7811761498451233,1
34619,,,0,0,reversed,reversed,0.680382490158081,1
34620,,,0,0,chronological,chronological,0.8129887580871582,1
34621,,,0,0,reversed,reversed,0.8131662607192993,1
34622,,,0,0,chronological,chronological,0.9996064305305481,1
34623,,,0,0,reversed,reversed,0.9995661377906799,1
34624,,,0,0,chronological,chronological,1.0,1
34625,,,0,0,reversed,reversed,1.0,1
34626,,,0,0,chronological,chronological,1.0,1
34627,,,0,0,reversed,reversed,0.9999998807907104,1
34628,,,0,0,chronological,reversed,0.722773551940918,0
34629,,,0,0,reversed,reversed,0.8322747349739075,1
34630,,,0,0,chronological,chronological,0.9804918766021729,1
34631,,,0,0,reversed,reversed,0.969077467918396,1
34632,,,0,0,chronological,chronological,1.0,1
34633,,,0,0,reversed,reversed,1.0,1
34634,,,0,0,chronological,chronological,1.0,1
34635,,,0,0,reversed,reversed,0.9999998807907104,1
34636,,,0,0,chronological,chronological,0.9996955394744873,1
34637,,,0,0,reversed,reversed,0.9999513626098633,1
34638,,,0,0,chronological,chronological,0.9999967813491821,1
34639,,,0,0,reversed,reversed,1.0,1
34640,,,0,0,chronological,chronological,0.9987378716468811,1
34641,,,0,0,reversed,reversed,0.9712661504745483,1
34642,,,0,0,chronological,chronological,0.9954081177711487,1
34643,,,0,0,reversed,reversed,0.9996175765991211,1
34644,,,0,0,chronological,chronological,0.998938262462616,1
34645,,,0,0,reversed,reversed,0.9348771572113037,1
34646,,,0,0,chronological,chronological,0.9999998807907104,1
34647,,,0,0,reversed,reversed,0.9999910593032837,1
34648,,,0,0,chronological,reversed,0.8730155229568481,0
34649,,,0,0,reversed,reversed,0.9943976402282715,1
34650,,,0,0,chronological,chronological,0.9868972897529602,1
34651,,,0,0,reversed,reversed,0.9999998807907104,1
34652,,,0,0,chronological,chronological,1.0,1
34653,,,0,0,reversed,reversed,1.0,1
34654,,,0,0,chronological,chronological,0.5562924146652222,1
34655,,,0,0,reversed,reversed,0.9917190074920654,1
34656,,,0,0,chronological,reversed,0.7038302421569824,0
34657,,,0,0,reversed,reversed,0.957332193851471,1
34658,,,0,0,chronological,chronological,0.9085102677345276,1
34659,,,0,0,reversed,reversed,0.9997290968894958,1
34660,,,0,0,chronological,reversed,0.9970797896385193,0
34661,,,0,0,reversed,reversed,0.9637207388877869,1
34662,,,0,0,chronological,chronological,0.9999843835830688,1
34663,,,0,0,reversed,reversed,0.9985648989677429,1
34664,,,0,0,chronological,reversed,0.971200704574585,0
34665,,,0,0,reversed,reversed,0.9999880790710449,1
34666,,,0,0,chronological,reversed,0.9899089336395264,0
34667,,,0,0,reversed,reversed,0.9973489046096802,1
34668,,,0,0,chronological,reversed,0.8556711673736572,0
34669,,,0,0,reversed,reversed,0.99854576587677,1
34670,,,0,0,chronological,chronological,0.9999538660049438,1
34671,,,0,0,reversed,reversed,0.9940502047538757,1
34672,,,0,0,chronological,chronological,0.799127995967865,1
34673,,,0,0,reversed,reversed,0.9927131533622742,1
34674,,,0,0,chronological,chronological,0.8226960301399231,1
34675,,,0,0,reversed,chronological,0.7897292971611023,0
34676,,,0,0,chronological,chronological,0.9966259002685547,1
34677,,,0,0,reversed,reversed,0.9986420273780823,1
34678,,,0,0,chronological,chronological,1.0,1
34679,,,0,0,reversed,reversed,1.0,1
34680,,,0,0,chronological,chronological,0.9956789612770081,1
34681,,,0,0,reversed,reversed,0.9996483325958252,1
34682,,,0,0,chronological,chronological,0.9998409748077393,1
34683,,,0,0,reversed,reversed,0.9999983310699463,1
34684,,,0,0,chronological,chronological,0.9979634284973145,1
34685,,,0,0,reversed,reversed,0.999998927116394,1
34686,,,0,0,chronological,chronological,1.0,1
34687,,,0,0,reversed,reversed,1.0,1
34688,,,0,0,chronological,chronological,1.0,1
34689,,,0,0,reversed,reversed,1.0,1
34690,,,0,0,chronological,chronological,0.6990283131599426,1
34691,,,0,0,reversed,reversed,0.998492956161499,1
34692,,,0,0,chronological,chronological,0.9999960660934448,1
34693,,,0,0,reversed,reversed,0.9999995231628418,1
34694,,,0,0,chronological,reversed,0.999526858329773,0
34695,,,0,0,reversed,chronological,0.7985541224479675,0
34696,,,0,0,chronological,chronological,1.0,1
34697,,,0,0,reversed,reversed,1.0,1
34698,,,0,0,chronological,chronological,0.9989724159240723,1
34699,,,0,0,reversed,reversed,0.9998044371604919,1
34700,,,0,0,chronological,chronological,0.9999822378158569,1
34701,,,0,0,reversed,reversed,0.999902606010437,1
34702,,,0,0,chronological,chronological,0.9999984502792358,1
34703,,,0,0,reversed,reversed,0.9999972581863403,1
34704,,,0,0,chronological,chronological,0.9940369129180908,1
34705,,,0,0,reversed,chronological,0.7385920286178589,0
34706,,,0,0,chronological,chronological,0.7960129976272583,1
34707,,,0,0,reversed,chronological,0.7977229356765747,0
34708,,,0,0,chronological,chronological,0.9538811445236206,1
34709,,,0,0,reversed,chronological,0.9729019999504089,0
34710,,,0,0,chronological,chronological,0.9999775886535645,1
34711,,,0,0,reversed,reversed,0.9960624575614929,1
34712,,,0,0,chronological,reversed,0.7657598257064819,0
34713,,,0,0,reversed,chronological,0.662504255771637,0
34714,,,0,0,chronological,chronological,0.9999979734420776,1
34715,,,0,0,reversed,reversed,0.9991318583488464,1
34716,,,0,0,chronological,chronological,0.9999922513961792,1
34717,,,0,0,reversed,reversed,0.9999713897705078,1
34718,,,0,0,chronological,chronological,0.7793511152267456,1
34719,,,0,0,reversed,chronological,0.6041709780693054,0
34720,,,0,0,chronological,chronological,0.947903037071228,1
34721,,,0,0,reversed,reversed,0.8964619040489197,1
34722,,,0,0,chronological,chronological,0.9984142780303955,1
34723,,,0,0,reversed,reversed,0.9999649524688721,1
34724,,,0,0,chronological,chronological,0.9180090427398682,1
34725,,,0,0,reversed,reversed,0.8727401494979858,1
34726,,,0,0,chronological,chronological,0.8225754499435425,1
34727,,,0,0,reversed,reversed,0.9343395829200745,1
34728,,,0,0,chronological,chronological,0.9993754029273987,1
34729,,,0,0,reversed,reversed,0.9968277812004089,1
34730,,,0,0,chronological,chronological,0.9798406958580017,1
34731,,,0,0,reversed,reversed,0.9595441818237305,1
34732,,,0,0,chronological,reversed,0.5346918106079102,0
34733,,,0,0,reversed,chronological,0.8372135758399963,0
34734,,,0,0,chronological,reversed,0.9006050229072571,0
34735,,,0,0,reversed,chronological,0.9763810634613037,0
34736,,,0,0,chronological,chronological,0.9529348015785217,1
34737,,,0,0,reversed,reversed,0.9999556541442871,1
34738,,,0,0,chronological,chronological,0.9908115863800049,1
34739,,,0,0,reversed,reversed,0.9999816417694092,1
34740,,,0,0,chronological,chronological,0.844977855682373,1
34741,,,0,0,reversed,chronological,0.6802155375480652,0
34742,,,0,0,chronological,chronological,1.0,1
34743,,,0,0,reversed,reversed,1.0,1
34744,,,0,0,chronological,chronological,0.9999970197677612,1
34745,,,0,0,reversed,reversed,0.9979933500289917,1
34746,,,0,0,chronological,chronological,0.9636082649230957,1
34747,,,0,0,reversed,reversed,0.9329351782798767,1
34748,,,0,0,chronological,chronological,0.9391913414001465,1
34749,,,0,0,reversed,reversed,0.7912060618400574,1
34750,,,0,0,chronological,chronological,0.9999988079071045,1
34751,,,0,0,reversed,reversed,0.9999983310699463,1
34752,,,0,0,chronological,chronological,0.9883586168289185,1
34753,,,0,0,reversed,reversed,0.9930167198181152,1
34754,,,0,0,chronological,reversed,0.9662586450576782,0
34755,,,0,0,reversed,reversed,0.9879075884819031,1
34756,,,0,0,chronological,chronological,0.9999889135360718,1
34757,,,0,0,reversed,reversed,1.0,1
34758,,,0,0,chronological,chronological,0.9506674408912659,1
34759,,,0,0,reversed,reversed,0.9999632835388184,1
34760,,,0,0,chronological,chronological,0.9464955925941467,1
34761,,,0,0,reversed,reversed,0.8745102882385254,1
34762,,,0,0,chronological,chronological,0.9991862177848816,1
34763,,,0,0,reversed,reversed,0.9982068538665771,1
34764,,,0,0,chronological,chronological,0.9998366832733154,1
34765,,,0,0,reversed,reversed,0.9999914169311523,1
34766,,,0,0,chronological,chronological,0.7811697721481323,1
34767,,,0,0,reversed,reversed,0.6082269549369812,1
34768,,,0,0,chronological,chronological,0.9997478127479553,1
34769,,,0,0,reversed,reversed,0.9984444975852966,1
34770,,,0,0,chronological,chronological,0.9999927282333374,1
34771,,,0,0,reversed,reversed,0.9961408972740173,1
34772,,,0,0,chronological,chronological,0.6198784112930298,1
34773,,,0,0,reversed,reversed,0.8057947754859924,1
34774,,,0,0,chronological,chronological,1.0,1
34775,,,0,0,reversed,reversed,1.0,1
34776,,,0,0,chronological,chronological,0.984481692314148,1
34777,,,0,0,reversed,chronological,0.9787222743034363,0
34778,,,0,0,chronological,chronological,0.9993847608566284,1
34779,,,0,0,reversed,chronological,0.710628092288971,0
34780,,,0,0,chronological,chronological,0.9998997449874878,1
34781,,,0,0,reversed,reversed,0.9210644364356995,1
34782,,,0,0,chronological,chronological,0.9991635084152222,1
34783,,,0,0,reversed,reversed,0.9978780746459961,1
34784,,,0,0,chronological,chronological,0.9943118095397949,1
34785,,,0,0,reversed,chronological,0.6831260323524475,0
34786,,,0,0,chronological,chronological,0.9990832805633545,1
34787,,,0,0,reversed,reversed,0.9929609894752502,1
34788,,,0,0,chronological,chronological,0.5464537143707275,1
34789,,,0,0,reversed,reversed,0.7679219841957092,1
34790,,,0,0,chronological,chronological,0.828327476978302,1
34791,,,0,0,reversed,reversed,0.8866597414016724,1
34792,,,0,0,chronological,chronological,0.7494153380393982,1
34793,,,0,0,reversed,reversed,0.8079342246055603,1
34794,,,0,0,chronological,chronological,0.8246784210205078,1
34795,,,0,0,reversed,reversed,0.9298997521400452,1
34796,,,0,0,chronological,chronological,0.8620978593826294,1
34797,,,0,0,reversed,reversed,0.6975404620170593,1
34798,,,0,0,chronological,reversed,0.5881960988044739,0
34799,,,0,0,reversed,reversed,0.9102527499198914,1
34800,,,0,0,chronological,chronological,0.9998078942298889,1
34801,,,0,0,reversed,reversed,0.9993582367897034,1
34802,,,0,0,chronological,chronological,0.7819898128509521,1
34803,,,0,0,reversed,reversed,0.592819333076477,1
34804,,,0,0,chronological,reversed,0.8273949027061462,0
34805,,,0,0,reversed,chronological,0.5578715205192566,0
34806,,,0,0,chronological,chronological,0.980156421661377,1
34807,,,0,0,reversed,reversed,0.9898949265480042,1
34808,,,0,0,chronological,chronological,0.7392975687980652,1
34809,,,0,0,reversed,reversed,0.8256836533546448,1
34810,,,0,0,chronological,chronological,0.8100003004074097,1
34811,,,0,0,reversed,reversed,0.9642618894577026,1
34812,,,0,0,chronological,reversed,0.6642796397209167,0
34813,,,0,0,reversed,reversed,0.9871813654899597,1
34814,,,0,0,chronological,chronological,0.9970767498016357,1
34815,,,0,0,reversed,reversed,0.9986069798469543,1
34816,,,0,0,chronological,chronological,0.6399264931678772,1
34817,,,0,0,reversed,reversed,0.9852059483528137,1
34818,,,0,0,chronological,chronological,0.6615327000617981,1
34819,,,0,0,reversed,reversed,0.9938670992851257,1
34820,,,0,0,chronological,reversed,0.9234714508056641,0
34821,,,0,0,reversed,reversed,0.9957718253135681,1
34822,,,0,0,chronological,chronological,0.9999834299087524,1
34823,,,0,0,reversed,reversed,0.9989846348762512,1
34824,,,0,0,chronological,chronological,0.9028864502906799,1
34825,,,0,0,reversed,chronological,0.9740400314331055,0
34826,,,0,0,chronological,chronological,0.9999680519104004,1
34827,,,0,0,reversed,reversed,0.9985231757164001,1
34828,,,0,0,chronological,chronological,0.9995428323745728,1
34829,,,0,0,reversed,reversed,0.9998819828033447,1
34830,,,0,0,chronological,chronological,0.8423590064048767,1
34831,,,0,0,reversed,reversed,0.8839638233184814,1
34832,,,0,0,chronological,chronological,0.7391747832298279,1
34833,,,0,0,reversed,reversed,0.7153586149215698,1
34834,,,0,0,chronological,chronological,0.9816604852676392,1
34835,,,0,0,reversed,reversed,0.9680981040000916,1
34836,,,0,0,chronological,chronological,0.9995288848876953,1
34837,,,0,0,reversed,reversed,0.9950483441352844,1
34838,,,0,0,chronological,chronological,0.8344720005989075,1
34839,,,0,0,reversed,chronological,0.9832361340522766,0
34840,,,0,0,chronological,chronological,0.9956957101821899,1
34841,,,0,0,reversed,reversed,0.9820969700813293,1
34842,,,0,0,chronological,chronological,0.9773228168487549,1
34843,,,0,0,reversed,reversed,0.9858115911483765,1
34844,,,0,0,chronological,chronological,0.9955806136131287,1
34845,,,0,0,reversed,reversed,0.9778292179107666,1
34846,,,0,0,chronological,reversed,0.5629096031188965,0
34847,,,0,0,reversed,reversed,0.943790078163147,1
34848,,,0,0,chronological,chronological,0.7100622653961182,1
34849,,,0,0,reversed,reversed,0.9453446269035339,1
34850,,,0,0,chronological,chronological,1.0,1
34851,,,0,0,reversed,reversed,0.9999979734420776,1
34852,,,0,0,chronological,chronological,0.9983672499656677,1
34853,,,0,0,reversed,reversed,0.9998817443847656,1
34854,,,0,0,chronological,chronological,0.9988692402839661,1
34855,,,0,0,reversed,reversed,0.9978644251823425,1
34856,,,0,0,chronological,reversed,0.5772333741188049,0
34857,,,0,0,reversed,reversed,0.5791668891906738,1
34858,,,0,0,chronological,chronological,0.9172555208206177,1
34859,,,0,0,reversed,reversed,0.9994063377380371,1
34860,,,0,0,chronological,chronological,0.9999974966049194,1
34861,,,0,0,reversed,reversed,1.0,1
34862,,,0,0,chronological,chronological,0.9940266609191895,1
34863,,,0,0,reversed,reversed,0.6182634234428406,1
34864,,,0,0,chronological,chronological,0.9882021546363831,1
34865,,,0,0,reversed,reversed,0.6155846118927002,1
34866,,,0,0,chronological,chronological,0.9993466734886169,1
34867,,,0,0,reversed,reversed,0.9999284744262695,1
34868,,,0,0,chronological,chronological,0.9825906157493591,1
34869,,,0,0,reversed,reversed,0.9971204996109009,1
34870,,,0,0,chronological,chronological,0.9034889936447144,1
34871,,,0,0,reversed,reversed,0.7133047580718994,1
34872,,,0,0,chronological,chronological,0.9400410056114197,1
34873,,,0,0,reversed,reversed,0.999897837638855,1
34874,,,0,0,chronological,chronological,1.0,1
34875,,,0,0,reversed,reversed,0.9999945163726807,1
34876,,,0,0,chronological,reversed,0.8741570115089417,0
34877,,,0,0,reversed,reversed,0.6947287917137146,1
34878,,,0,0,chronological,reversed,0.6996316909790039,0
34879,,,0,0,reversed,reversed,0.8232418298721313,1
34880,,,0,0,chronological,chronological,0.9948282837867737,1
34881,,,0,0,reversed,reversed,0.9835826754570007,1
34882,,,0,0,chronological,chronological,0.9032764434814453,1
34883,,,0,0,reversed,reversed,0.6986006498336792,1
34884,,,0,0,chronological,reversed,0.5906485915184021,0
34885,,,0,0,reversed,reversed,0.9022696018218994,1
34886,,,0,0,chronological,chronological,0.9998297691345215,1
34887,,,0,0,reversed,reversed,0.9975010752677917,1
34888,,,0,0,chronological,chronological,0.9975824356079102,1
34889,,,0,0,reversed,reversed,0.9990116357803345,1
34890,,,0,0,chronological,chronological,0.9366856217384338,1
34891,,,0,0,reversed,reversed,0.9999203681945801,1
34892,,,0,0,chronological,chronological,0.9848719239234924,1
34893,,,0,0,reversed,reversed,0.9999978542327881,1
34894,,,0,0,chronological,chronological,0.9190961718559265,1
34895,,,0,0,reversed,reversed,0.9992074370384216,1
34896,,,0,0,chronological,chronological,1.0,1
34897,,,0,0,reversed,reversed,1.0,1
34898,,,0,0,chronological,chronological,0.983331024646759,1
34899,,,0,0,reversed,reversed,0.9947587847709656,1
34900,,,0,0,chronological,chronological,0.9984869956970215,1
34901,,,0,0,reversed,reversed,0.9999929666519165,1
34902,,,0,0,chronological,chronological,0.9999144077301025,1
34903,,,0,0,reversed,reversed,0.9999996423721313,1
34904,,,0,0,chronological,chronological,0.9970480799674988,1
34905,,,0,0,reversed,reversed,0.9998389482498169,1
34906,,,0,0,chronological,chronological,0.912712574005127,1
34907,,,0,0,reversed,reversed,0.6609569787979126,1
34908,,,0,0,chronological,reversed,0.9953619837760925,0
34909,,,0,0,reversed,chronological,0.9999772310256958,0
34910,,,0,0,chronological,chronological,1.0,1
34911,,,0,0,reversed,reversed,1.0,1
34912,,,0,0,chronological,chronological,1.0,1
34913,,,0,0,reversed,reversed,0.9999998807907104,1
34914,,,0,0,chronological,chronological,1.0,1
34915,,,0,0,reversed,reversed,1.0,1
34916,,,0,0,chronological,chronological,0.9947288632392883,1
34917,,,0,0,reversed,reversed,0.9987266659736633,1
34918,,,0,0,chronological,chronological,0.9985601305961609,1
34919,,,0,0,reversed,reversed,0.9964879751205444,1
34920,,,0,0,chronological,chronological,1.0,1
34921,,,0,0,reversed,reversed,1.0,1
34922,,,0,0,chronological,chronological,0.9080321192741394,1
34923,,,0,0,reversed,reversed,0.9283822774887085,1
34924,,,0,0,chronological,chronological,0.8158270120620728,1
34925,,,0,0,reversed,reversed,0.8997262120246887,1
34926,,,0,0,chronological,reversed,0.6883271336555481,0
34927,,,0,0,reversed,reversed,0.8570470213890076,1
34928,,,0,0,chronological,chronological,0.6174474358558655,1
34929,,,0,0,reversed,reversed,0.8634095788002014,1
34930,,,0,0,chronological,chronological,0.8138993978500366,1
34931,,,0,0,reversed,reversed,0.6324963569641113,1
34932,,,0,0,chronological,chronological,0.9091385006904602,1
34933,,,0,0,reversed,reversed,0.9167866706848145,1
34934,,,0,0,chronological,chronological,0.8818947076797485,1
34935,,,0,0,reversed,reversed,0.9999366998672485,1
34936,,,0,0,chronological,chronological,1.0,1
34937,,,0,0,reversed,reversed,1.0,1
34938,,,0,0,chronological,chronological,0.9239965677261353,1
34939,,,0,0,reversed,reversed,0.9999886751174927,1
34940,,,0,0,chronological,chronological,0.9999890327453613,1
34941,,,0,0,reversed,reversed,1.0,1
34942,,,0,0,chronological,chronological,0.7860768437385559,1
34943,,,0,0,reversed,reversed,0.8419888615608215,1
34944,,,0,0,chronological,chronological,1.0,1
34945,,,0,0,reversed,reversed,1.0,1
34946,,,0,0,chronological,chronological,0.6681050658226013,1
34947,,,0,0,reversed,reversed,0.6686397194862366,1
34948,,,0,0,chronological,chronological,0.9014164209365845,1
34949,,,0,0,reversed,reversed,0.799586296081543,1
34950,,,0,0,chronological,reversed,0.8524186611175537,0
34951,,,0,0,reversed,chronological,0.890172004699707,0
34952,,,0,0,chronological,chronological,0.9981708526611328,1
34953,,,0,0,reversed,reversed,0.996685802936554,1
34954,,,0,0,chronological,chronological,0.9823423027992249,1
34955,,,0,0,reversed,chronological,0.9561488032341003,0
34956,,,0,0,chronological,chronological,0.7565327286720276,1
34957,,,0,0,reversed,reversed,0.7889527082443237,1
34958,,,0,0,chronological,chronological,0.5048737525939941,1
34959,,,0,0,reversed,chronological,0.5143437385559082,0
34960,,,0,0,chronological,chronological,0.9162477254867554,1
34961,,,0,0,reversed,reversed,0.805047333240509,1
34962,,,0,0,chronological,chronological,0.9999443292617798,1
34963,,,0,0,reversed,reversed,0.9999470710754395,1
34964,,,0,0,chronological,reversed,0.7950807213783264,0
34965,,,0,0,reversed,chronological,0.896227240562439,0
34966,,,0,0,chronological,chronological,0.9997226595878601,1
34967,,,0,0,reversed,reversed,0.9979301691055298,1
34968,,,0,0,chronological,chronological,0.9999988079071045,1
34969,,,0,0,reversed,reversed,1.0,1
34970,,,0,0,chronological,chronological,0.9353840351104736,1
34971,,,0,0,reversed,reversed,0.9627119898796082,1
34972,,,0,0,chronological,chronological,1.0,1
34973,,,0,0,reversed,reversed,0.9999994039535522,1
34974,,,0,0,chronological,chronological,0.7628812193870544,1
34975,,,0,0,reversed,chronological,0.5296943187713623,0
34976,,,0,0,chronological,chronological,0.9891746044158936,1
34977,,,0,0,reversed,reversed,0.9846298098564148,1
34978,,,0,0,chronological,chronological,0.9998929500579834,1
34979,,,0,0,reversed,reversed,0.9998037219047546,1
34980,,,0,0,chronological,chronological,0.9999998807907104,1
34981,,,0,0,reversed,reversed,0.9999953508377075,1
34982,,,0,0,chronological,chronological,1.0,1
34983,,,0,0,reversed,reversed,1.0,1
34984,,,0,0,chronological,chronological,1.0,1
34985,,,0,0,reversed,reversed,1.0,1
34986,,,0,0,chronological,chronological,0.9971756935119629,1
34987,,,0,0,reversed,reversed,0.9998667240142822,1
34988,,,0,0,chronological,chronological,0.821097195148468,1
34989,,,0,0,reversed,reversed,0.9842171669006348,1
34990,,,0,0,chronological,chronological,0.8536922335624695,1
34991,,,0,0,reversed,reversed,0.9992935657501221,1
34992,,,0,0,chronological,reversed,0.8304490447044373,0
34993,,,0,0,reversed,reversed,0.9266449213027954,1
34994,,,0,0,chronological,chronological,0.9999182224273682,1
34995,,,0,0,reversed,reversed,0.9999616146087646,1
34996,,,0,0,chronological,chronological,0.9117017388343811,1
34997,,,0,0,reversed,reversed,0.7853631377220154,1
34998,,,0,0,chronological,chronological,0.9721312522888184,1
34999,,,0,0,reversed,reversed,0.99276202917099,1
35000,,,0,0,chronological,reversed,0.5548526644706726,0
35001,,,0,0,reversed,reversed,0.9608875513076782,1
35002,,,0,0,chronological,chronological,0.9535250663757324,1
35003,,,0,0,reversed,reversed,0.9943517446517944,1
35004,,,0,0,chronological,chronological,0.6289684176445007,1
35005,,,0,0,reversed,chronological,0.6184291243553162,0
35006,,,0,0,chronological,chronological,0.9919776916503906,1
35007,,,0,0,reversed,reversed,0.8469727635383606,1
35008,,,0,0,chronological,chronological,0.9748681783676147,1
35009,,,0,0,reversed,chronological,0.9960422515869141,0
35010,,,0,0,chronological,chronological,0.9945567846298218,1
35011,,,0,0,reversed,reversed,0.9999972581863403,1
35012,,,0,0,chronological,chronological,1.0,1
35013,,,0,0,reversed,reversed,1.0,1
42470,,,0,0,chronological,reversed,0.5497813820838928,0
42471,,,0,0,reversed,reversed,0.686272144317627,1
42472,,,0,0,chronological,chronological,0.6355724334716797,1
42473,,,0,0,reversed,reversed,0.5886783599853516,1
42474,,,0,0,chronological,chronological,0.5997608304023743,1
42475,,,0,0,reversed,reversed,0.5568391680717468,1
42476,,,0,0,chronological,chronological,0.9370564222335815,1
42477,,,0,0,reversed,reversed,0.5410933494567871,1
42478,,,0,0,chronological,chronological,0.8942769765853882,1
42479,,,0,0,reversed,chronological,0.546662449836731,0
42480,,,0,0,chronological,chronological,0.9677589535713196,1
42481,,,0,0,reversed,chronological,0.6136518120765686,0
42482,,,0,0,chronological,reversed,0.7105913758277893,0
42483,,,0,0,reversed,chronological,0.6829049587249756,0
42484,,,0,0,chronological,chronological,0.5546144247055054,1
42485,,,0,0,reversed,reversed,0.9501577019691467,1
42486,,,0,0,chronological,chronological,0.9966914653778076,1
42487,,,0,0,reversed,reversed,0.9994882345199585,1
42488,,,0,0,chronological,reversed,0.67535799741745,0
42489,,,0,0,reversed,reversed,0.6962998509407043,1
42490,,,0,0,chronological,reversed,0.9201161861419678,0
42491,,,0,0,reversed,reversed,0.8418185114860535,1
42492,,,0,0,chronological,chronological,0.9998733997344971,1
42493,,,0,0,reversed,reversed,0.999956488609314,1
42494,,,0,0,chronological,reversed,0.9970424771308899,0
42495,,,0,0,reversed,reversed,0.70540851354599,1
42496,,,0,0,chronological,chronological,1.0,1
42497,,,0,0,reversed,reversed,0.9999995231628418,1
42498,,,0,0,chronological,chronological,0.8982449173927307,1
42499,,,0,0,reversed,reversed,0.9684602618217468,1
42500,,,0,0,chronological,chronological,0.8695486783981323,1
42501,,,0,0,reversed,reversed,0.9968949556350708,1
42502,,,0,0,chronological,reversed,0.9863249659538269,0
42503,,,0,0,reversed,reversed,0.6176709532737732,1
42504,,,0,0,chronological,chronological,0.9999998807907104,1
42505,,,0,0,reversed,reversed,0.9999909400939941,1
42506,,,0,0,chronological,chronological,0.9815820455551147,1
42507,,,0,0,reversed,chronological,0.6524773836135864,0
42508,,,0,0,chronological,chronological,0.9999985694885254,1
42509,,,0,0,reversed,reversed,0.9999709129333496,1
42510,,,0,0,chronological,chronological,0.9942726492881775,1
42511,,,0,0,reversed,reversed,0.9643051624298096,1
42512,,,0,0,chronological,chronological,0.9999994039535522,1
42513,,,0,0,reversed,reversed,0.9997316002845764,1
42514,,,0,0,chronological,chronological,0.8677065968513489,1
42515,,,0,0,reversed,reversed,0.995664656162262,1
42516,,,0,0,chronological,chronological,1.0,1
42517,,,0,0,reversed,reversed,1.0,1
42518,,,0,0,chronological,chronological,0.9555484652519226,1
42519,,,0,0,reversed,reversed,0.9985660910606384,1
42520,,,0,0,chronological,reversed,0.9549490809440613,0
42521,,,0,0,reversed,reversed,0.9156244397163391,1
42522,,,0,0,chronological,chronological,0.7081353068351746,1
42523,,,0,0,reversed,reversed,0.7454691529273987,1
42524,,,0,0,chronological,chronological,0.9498692750930786,1
42525,,,0,0,reversed,reversed,0.9186241030693054,1
42526,,,0,0,chronological,chronological,0.9112100601196289,1
42527,,,0,0,reversed,reversed,0.951958179473877,1
42528,,,0,0,chronological,reversed,0.7505976557731628,0
42529,,,0,0,reversed,chronological,0.6449127197265625,0
42530,,,0,0,chronological,chronological,0.9889840483665466,1
42531,,,0,0,reversed,reversed,0.9045400619506836,1
42532,,,0,0,chronological,chronological,0.9044694900512695,1
42533,,,0,0,reversed,reversed,0.9898785352706909,1
42534,,,0,0,chronological,chronological,0.9941945672035217,1
42535,,,0,0,reversed,reversed,0.9727717638015747,1
42536,,,0,0,chronological,reversed,0.6906588673591614,0
42537,,,0,0,reversed,chronological,0.9775192737579346,0
42538,,,0,0,chronological,chronological,0.9986144304275513,1
42539,,,0,0,reversed,reversed,0.998519241809845,1
42540,,,0,0,chronological,chronological,0.6162588596343994,1
42541,,,0,0,reversed,chronological,0.8749715089797974,0
42542,,,0,0,chronological,reversed,0.8649945259094238,0
42543,,,0,0,reversed,reversed,0.6059533357620239,1
42544,,,0,0,chronological,chronological,0.8991013169288635,1
42545,,,0,0,reversed,reversed,0.9516905546188354,1
42546,,,0,0,chronological,chronological,0.9999868869781494,1
42547,,,0,0,reversed,chronological,0.5227641463279724,0
42548,,,0,0,chronological,chronological,0.6353071331977844,1
42549,,,0,0,reversed,chronological,0.5448631644248962,0
42550,,,0,0,chronological,chronological,0.9927675724029541,1
42551,,,0,0,reversed,reversed,0.5184379816055298,1
42552,,,0,0,chronological,chronological,0.967589259147644,1
42553,,,0,0,reversed,chronological,0.9698567390441895,0
42554,,,0,0,chronological,chronological,0.9997690320014954,1
42555,,,0,0,reversed,reversed,0.9963009357452393,1
42556,,,0,0,chronological,chronological,0.9999456405639648,1
42557,,,0,0,reversed,reversed,0.8412501215934753,1
42558,,,0,0,chronological,chronological,0.7873152494430542,1
42559,,,0,0,reversed,reversed,0.7319425344467163,1
42560,,,0,0,chronological,chronological,0.9999058246612549,1
42561,,,0,0,reversed,reversed,0.9974969029426575,1
42562,,,0,0,chronological,reversed,0.9349592924118042,0
42563,,,0,0,reversed,chronological,0.9998558759689331,0
42564,,,0,0,chronological,chronological,0.997936487197876,1
42565,,,0,0,reversed,chronological,0.8312007784843445,0
42566,,,0,0,chronological,reversed,0.5006617903709412,0
42567,,,0,0,reversed,chronological,0.5755828022956848,0
42568,,,0,0,chronological,chronological,0.9999940395355225,1
42569,,,0,0,reversed,reversed,0.8470065593719482,1
42570,,,0,0,chronological,chronological,0.9625918865203857,1
42571,,,0,0,reversed,reversed,0.9648640155792236,1
42572,,,0,0,chronological,chronological,0.9485265016555786,1
42573,,,0,0,reversed,reversed,0.9698600769042969,1
42574,,,0,0,chronological,chronological,0.9999924898147583,1
42575,,,0,0,reversed,reversed,0.9999994039535522,1
42576,,,0,0,chronological,chronological,0.8813108205795288,1
42577,,,0,0,reversed,chronological,0.8897512555122375,0
42578,,,0,0,chronological,chronological,0.8635504245758057,1
42579,,,0,0,reversed,chronological,0.5631645321846008,0
42580,,,0,0,chronological,reversed,0.6656053066253662,0
42581,,,0,0,reversed,reversed,0.9530441761016846,1
42582,,,0,0,chronological,chronological,0.9995445609092712,1
42583,,,0,0,reversed,reversed,0.9053528308868408,1
42584,,,0,0,chronological,reversed,0.5149685740470886,0
42585,,,0,0,reversed,chronological,0.8644199967384338,0
42586,,,0,0,chronological,reversed,0.8501021265983582,0
42587,,,0,0,reversed,chronological,0.5899130702018738,0
42588,,,0,0,chronological,chronological,0.7102530002593994,1
42589,,,0,0,reversed,reversed,0.5619887113571167,1
42590,,,0,0,chronological,chronological,0.6342640519142151,1
42591,,,0,0,reversed,reversed,0.561034083366394,1
42592,,,0,0,chronological,chronological,0.9761239290237427,1
42593,,,0,0,reversed,reversed,0.8933473825454712,1
42594,,,0,0,chronological,reversed,0.8636519312858582,0
42595,,,0,0,reversed,reversed,0.9469223618507385,1
42596,,,0,0,chronological,chronological,0.9734342694282532,1
42597,,,0,0,reversed,reversed,0.9992631077766418,1
42598,,,0,0,chronological,reversed,0.9986819624900818,0
42599,,,0,0,reversed,chronological,0.9092073440551758,0
42600,,,0,0,chronological,chronological,0.929386556148529,1
42601,,,0,0,reversed,reversed,0.9913204312324524,1
42602,,,0,0,chronological,chronological,0.878886342048645,1
42603,,,0,0,reversed,reversed,0.9709253907203674,1
42604,,,0,0,chronological,chronological,0.9655044674873352,1
42605,,,0,0,reversed,reversed,0.9733160138130188,1
42606,,,0,0,chronological,reversed,0.6025902032852173,0
42607,,,0,0,reversed,chronological,0.640964925289154,0
42608,,,0,0,chronological,chronological,0.9997738003730774,1
42609,,,0,0,reversed,reversed,0.9985814094543457,1
42610,,,0,0,chronological,chronological,0.9994702935218811,1
42611,,,0,0,reversed,reversed,0.964154064655304,1
42612,,,0,0,chronological,reversed,0.9763520359992981,0
42613,,,0,0,reversed,chronological,0.5612913370132446,0
42614,,,0,0,chronological,chronological,0.999996542930603,1
42615,,,0,0,reversed,reversed,0.9999997615814209,1
42616,,,0,0,chronological,chronological,0.953456461429596,1
42617,,,0,0,reversed,reversed,0.9879505634307861,1
42618,,,0,0,chronological,chronological,0.9999918937683105,1
42619,,,0,0,reversed,reversed,1.0,1
42620,,,0,0,chronological,chronological,0.9999868869781494,1
42621,,,0,0,reversed,reversed,0.9999994039535522,1
42622,,,0,0,chronological,chronological,0.5769951343536377,1
42623,,,0,0,reversed,reversed,0.9218153357505798,1
42624,,,0,0,chronological,reversed,0.7060192227363586,0
42625,,,0,0,reversed,reversed,0.7508869171142578,1
42626,,,0,0,chronological,reversed,0.9390377402305603,0
42627,,,0,0,reversed,chronological,0.5429076552391052,0
42628,,,0,0,chronological,chronological,1.0,1
42629,,,0,0,reversed,reversed,0.9999980926513672,1
42630,,,0,0,chronological,chronological,0.999964714050293,1
42631,,,0,0,reversed,reversed,0.9974398612976074,1
42632,,,0,0,chronological,chronological,0.9999996423721313,1
42633,,,0,0,reversed,reversed,1.0,1
42634,,,0,0,chronological,chronological,0.9999909400939941,1
42635,,,0,0,reversed,reversed,1.0,1
42636,,,0,0,chronological,reversed,0.9254599809646606,0
42637,,,0,0,reversed,reversed,0.9698287844657898,1
42638,,,0,0,chronological,chronological,0.9116028547286987,1
42639,,,0,0,reversed,reversed,0.8388370871543884,1
42640,,,0,0,chronological,chronological,0.9337456822395325,1
42641,,,0,0,reversed,chronological,0.6190173625946045,0
42642,,,0,0,chronological,chronological,0.9970520734786987,1
42643,,,0,0,reversed,reversed,0.9891768097877502,1
42644,,,0,0,chronological,chronological,1.0,1
42645,,,0,0,reversed,reversed,1.0,1
42646,,,0,0,chronological,chronological,0.9972364902496338,1
42647,,,0,0,reversed,reversed,0.972649097442627,1
42648,,,0,0,chronological,chronological,0.9984170198440552,1
42649,,,0,0,reversed,reversed,0.9975253939628601,1
42650,,,0,0,chronological,chronological,0.969714879989624,1
42651,,,0,0,reversed,reversed,0.9995766282081604,1
42652,,,0,0,chronological,chronological,0.9997368454933167,1
42653,,,0,0,reversed,reversed,0.9999648332595825,1
42654,,,0,0,chronological,chronological,0.9928840398788452,1
42655,,,0,0,reversed,reversed,0.9977136850357056,1
42656,,,0,0,chronological,chronological,0.9999992847442627,1
42657,,,0,0,reversed,reversed,1.0,1
42658,,,0,0,chronological,chronological,0.9999586343765259,1
42659,,,0,0,reversed,reversed,0.9999984502792358,1
42660,,,0,0,chronological,chronological,0.979607105255127,1
42661,,,0,0,reversed,reversed,0.8704776167869568,1
42662,,,0,0,chronological,reversed,0.9141673445701599,0
42663,,,0,0,reversed,chronological,0.5191540122032166,0
42664,,,0,0,chronological,chronological,0.9688466787338257,1
42665,,,0,0,reversed,reversed,0.9999849796295166,1
42666,,,0,0,chronological,chronological,0.9964179992675781,1
42667,,,0,0,reversed,reversed,0.9895931482315063,1
42668,,,0,0,chronological,chronological,0.9588796496391296,1
42669,,,0,0,reversed,reversed,0.9746448993682861,1
42670,,,0,0,chronological,chronological,0.95955890417099,1
42671,,,0,0,reversed,reversed,0.9049420356750488,1
42672,,,0,0,chronological,chronological,0.9894802570343018,1
42673,,,0,0,reversed,reversed,0.9999051094055176,1
42674,,,0,0,chronological,chronological,0.9917707443237305,1
42675,,,0,0,reversed,reversed,0.9946422576904297,1
42676,,,0,0,chronological,reversed,0.5869448184967041,0
42677,,,0,0,reversed,reversed,0.9710444211959839,1
42678,,,0,0,chronological,chronological,0.7145206928253174,1
42679,,,0,0,reversed,reversed,0.9495676755905151,1
42680,,,0,0,chronological,chronological,0.8529581427574158,1
42681,,,0,0,reversed,reversed,0.9031342267990112,1
42682,,,0,0,chronological,chronological,0.6155050992965698,1
42683,,,0,0,reversed,chronological,0.9792578816413879,0
42684,,,0,0,chronological,reversed,0.8013471961021423,0
42685,,,0,0,reversed,chronological,0.7928970456123352,0
42686,,,0,0,chronological,chronological,0.96803218126297,1
42687,,,0,0,reversed,reversed,0.9837998151779175,1
42688,,,0,0,chronological,chronological,1.0,1
42689,,,0,0,reversed,reversed,1.0,1
42690,,,0,0,chronological,chronological,0.9978944659233093,1
42691,,,0,0,reversed,reversed,0.9998077750205994,1
42692,,,0,0,chronological,chronological,0.8392961621284485,1
42693,,,0,0,reversed,reversed,0.9973561763763428,1
42694,,,0,0,chronological,chronological,0.9181013703346252,1
42695,,,0,0,reversed,chronological,0.6361647248268127,0
42696,,,0,0,chronological,chronological,0.9641016721725464,1
42697,,,0,0,reversed,reversed,0.9992997646331787,1
42698,,,0,0,chronological,reversed,0.5581935048103333,0
42699,,,0,0,reversed,reversed,0.7548299431800842,1
42700,,,0,0,chronological,reversed,0.5207759141921997,0
42701,,,0,0,reversed,reversed,0.8069314956665039,1
42702,,,0,0,chronological,reversed,0.7661737203598022,0
42703,,,0,0,reversed,reversed,0.5752838850021362,1
42704,,,0,0,chronological,reversed,0.6540188789367676,0
42705,,,0,0,reversed,reversed,0.7683837413787842,1
42706,,,0,0,chronological,chronological,0.5678269267082214,1
42707,,,0,0,reversed,reversed,0.5130606889724731,1
42708,,,0,0,chronological,reversed,0.689448356628418,0
42709,,,0,0,reversed,reversed,0.6317083239555359,1
42710,,,0,0,chronological,reversed,0.635905921459198,0
42711,,,0,0,reversed,reversed,0.8604410886764526,1
42712,,,0,0,chronological,reversed,0.5604532361030579,0
42713,,,0,0,reversed,reversed,0.6268537640571594,1
42714,,,0,0,chronological,reversed,0.8434540629386902,0
42715,,,0,0,reversed,reversed,0.5747880935668945,1
42716,,,0,0,chronological,chronological,0.7503493428230286,1
42717,,,0,0,reversed,reversed,0.9401534199714661,1
42718,,,0,0,chronological,chronological,0.6002557873725891,1
42719,,,0,0,reversed,reversed,0.594587504863739,1
42720,,,0,0,chronological,chronological,0.7212445139884949,1
42721,,,0,0,reversed,reversed,0.9168813228607178,1
42722,,,0,0,chronological,chronological,0.7082276344299316,1
42723,,,0,0,reversed,reversed,0.7191829085350037,1
42724,,,0,0,chronological,chronological,0.7664836645126343,1
42725,,,0,0,reversed,reversed,0.5033258199691772,1
42726,,,0,0,chronological,chronological,0.6186081171035767,1
42727,,,0,0,reversed,reversed,0.9914442896842957,1
42728,,,0,0,chronological,reversed,0.7373784184455872,0
42729,,,0,0,reversed,reversed,0.8266558051109314,1
42730,,,0,0,chronological,chronological,0.9930658340454102,1
42731,,,0,0,reversed,reversed,0.9395309686660767,1
42732,,,0,0,chronological,chronological,0.9758799076080322,1
42733,,,0,0,reversed,reversed,0.9015047550201416,1
42734,,,0,0,chronological,chronological,0.9308580756187439,1
42735,,,0,0,reversed,reversed,0.9650866985321045,1
42736,,,0,0,chronological,chronological,0.9580509662628174,1
42737,,,0,0,reversed,reversed,0.9999778270721436,1
42738,,,0,0,chronological,chronological,0.9954802989959717,1
42739,,,0,0,reversed,reversed,0.9991589784622192,1
42740,,,0,0,chronological,reversed,0.9077413082122803,0
42741,,,0,0,reversed,chronological,0.9752423763275146,0
42742,,,0,0,chronological,reversed,0.7059728503227234,0
42743,,,0,0,reversed,reversed,0.7082273364067078,1
42744,,,0,0,chronological,chronological,0.6263768672943115,1
42745,,,0,0,reversed,reversed,0.9886822700500488,1
42746,,,0,0,chronological,chronological,0.984289824962616,1
42747,,,0,0,reversed,reversed,0.8212314248085022,1
42748,,,0,0,chronological,chronological,0.9968106150627136,1
42749,,,0,0,reversed,reversed,0.9984849095344543,1
42750,,,0,0,chronological,chronological,0.9996415376663208,1
42751,,,0,0,reversed,reversed,0.9991844296455383,1
42752,,,0,0,chronological,reversed,0.7492582201957703,0
42753,,,0,0,reversed,reversed,0.9425973296165466,1
42754,,,0,0,chronological,chronological,0.9951836466789246,1
42755,,,0,0,reversed,reversed,0.9957558512687683,1
42756,,,0,0,chronological,chronological,0.9810099005699158,1
42757,,,0,0,reversed,reversed,0.9981117248535156,1
42758,,,0,0,chronological,chronological,0.9956713914871216,1
42759,,,0,0,reversed,reversed,0.9979380965232849,1
42760,,,0,0,chronological,chronological,0.999993085861206,1
42761,,,0,0,reversed,reversed,0.9999994039535522,1
42762,,,0,0,chronological,chronological,0.9999970197677612,1
42763,,,0,0,reversed,reversed,0.9999920129776001,1
42764,,,0,0,chronological,chronological,0.5043348073959351,1
42765,,,0,0,reversed,reversed,0.8675280213356018,1
42766,,,0,0,chronological,reversed,0.8684232234954834,0
42767,,,0,0,reversed,reversed,0.9994506239891052,1
42768,,,0,0,chronological,chronological,0.5978933572769165,1
42769,,,0,0,reversed,reversed,0.9994053840637207,1
42770,,,0,0,chronological,chronological,0.6955532431602478,1
42771,,,0,0,reversed,reversed,0.7601472735404968,1
42772,,,0,0,chronological,reversed,0.6166775822639465,0
42773,,,0,0,reversed,chronological,0.6718830466270447,0
42774,,,0,0,chronological,chronological,0.6466577053070068,1
42775,,,0,0,reversed,reversed,0.7484159469604492,1
42776,,,0,0,chronological,reversed,0.5886233448982239,0
42777,,,0,0,reversed,reversed,0.7931161522865295,1
42778,,,0,0,chronological,chronological,0.908190131187439,1
42779,,,0,0,reversed,reversed,0.9946569204330444,1
42780,,,0,0,chronological,chronological,0.930828332901001,1
42781,,,0,0,reversed,reversed,0.9990625977516174,1
42782,,,0,0,chronological,reversed,0.9973082542419434,0
42783,,,0,0,reversed,chronological,0.9618651866912842,0
42784,,,0,0,chronological,chronological,0.999954342842102,1
42785,,,0,0,reversed,reversed,0.9999970197677612,1
42786,,,0,0,chronological,chronological,0.9290497899055481,1
42787,,,0,0,reversed,reversed,0.9876707792282104,1
42788,,,0,0,chronological,chronological,0.9995598196983337,1
42789,,,0,0,reversed,reversed,0.9999624490737915,1
42790,,,0,0,chronological,reversed,0.5767616033554077,0
42791,,,0,0,reversed,reversed,0.9456043243408203,1
42792,,,0,0,chronological,reversed,0.5083126425743103,0
42793,,,0,0,reversed,reversed,0.9674282670021057,1
42794,,,0,0,chronological,reversed,0.9405978322029114,0
42795,,,0,0,reversed,reversed,0.6011788249015808,1
42796,,,0,0,chronological,chronological,0.8987635970115662,1
42797,,,0,0,reversed,reversed,0.9965213537216187,1
42798,,,0,0,chronological,chronological,0.7180016040802002,1
42799,,,0,0,reversed,reversed,0.9420530200004578,1
42800,,,0,0,chronological,chronological,0.8588079810142517,1
42801,,,0,0,reversed,reversed,0.9279534220695496,1
42802,,,0,0,chronological,chronological,0.7398083209991455,1
42803,,,0,0,reversed,reversed,0.8945655822753906,1
42804,,,0,0,chronological,reversed,0.5167530179023743,0
42805,,,0,0,reversed,chronological,0.6489272117614746,0
42806,,,0,0,chronological,chronological,0.5819064378738403,1
42807,,,0,0,reversed,chronological,0.8224808573722839,0
42808,,,0,0,chronological,chronological,0.9702855944633484,1
42809,,,0,0,reversed,reversed,0.5664896368980408,1
42810,,,0,0,chronological,chronological,0.9840506911277771,1
42811,,,0,0,reversed,reversed,0.9840988516807556,1
42812,,,0,0,chronological,chronological,0.773884654045105,1
42813,,,0,0,reversed,reversed,0.9748261570930481,1
42814,,,0,0,chronological,chronological,0.8142675757408142,1
42815,,,0,0,reversed,reversed,0.8567620515823364,1
42816,,,0,0,chronological,chronological,0.9553813934326172,1
42817,,,0,0,reversed,reversed,0.9900482892990112,1
42818,,,0,0,chronological,chronological,0.9982526898384094,1
42819,,,0,0,reversed,reversed,0.9999998807907104,1
42820,,,0,0,chronological,chronological,0.9987439513206482,1
42821,,,0,0,reversed,reversed,0.9999954700469971,1
42822,,,0,0,chronological,chronological,0.9926994442939758,1
42823,,,0,0,reversed,reversed,0.9987455606460571,1
42824,,,0,0,chronological,chronological,1.0,1
42825,,,0,0,reversed,reversed,1.0,1
42826,,,0,0,chronological,chronological,0.5925071239471436,1
42827,,,0,0,reversed,chronological,0.7904191613197327,0
42828,,,0,0,chronological,reversed,0.7500469088554382,0
42829,,,0,0,reversed,chronological,0.6711269021034241,0
42830,,,0,0,chronological,chronological,0.984941303730011,1
42831,,,0,0,reversed,reversed,0.6505070328712463,1
42832,,,0,0,chronological,chronological,0.9595308303833008,1
42833,,,0,0,reversed,reversed,0.9857460260391235,1
42834,,,0,0,chronological,chronological,0.8299077749252319,1
42835,,,0,0,reversed,chronological,0.547440230846405,0
42836,,,0,0,chronological,chronological,0.918636679649353,1
42837,,,0,0,reversed,reversed,0.9170572757720947,1
42838,,,0,0,chronological,reversed,0.5731597542762756,0
42839,,,0,0,reversed,reversed,0.6356082558631897,1
42840,,,0,0,chronological,reversed,0.5913199782371521,0
42841,,,0,0,reversed,chronological,0.5032312273979187,0
42842,,,0,0,chronological,chronological,0.9537712335586548,1
42843,,,0,0,reversed,reversed,0.9948340654373169,1
42844,,,0,0,chronological,reversed,0.986338198184967,0
42845,,,0,0,reversed,chronological,0.8241043090820312,0
42846,,,0,0,chronological,chronological,0.9476239681243896,1
42847,,,0,0,reversed,reversed,0.5356550812721252,1
42848,,,0,0,chronological,chronological,0.9990912675857544,1
42849,,,0,0,reversed,reversed,0.998110294342041,1
42850,,,0,0,chronological,chronological,0.9797496795654297,1
42851,,,0,0,reversed,reversed,0.9998100399971008,1
42852,,,0,0,chronological,chronological,0.9999780654907227,1
42853,,,0,0,reversed,reversed,1.0,1
42854,,,0,0,chronological,chronological,0.9370368719100952,1
42855,,,0,0,reversed,reversed,0.9993938207626343,1
42856,,,0,0,chronological,chronological,0.9986940026283264,1
42857,,,0,0,reversed,reversed,0.9999998807907104,1
42858,,,0,0,chronological,chronological,1.0,1
42859,,,0,0,reversed,reversed,1.0,1
42860,,,0,0,chronological,chronological,0.9976884126663208,1
42861,,,0,0,reversed,reversed,0.9999997615814209,1
42862,,,0,0,chronological,chronological,0.9801357984542847,1
42863,,,0,0,reversed,reversed,0.9584863185882568,1
42864,,,0,0,chronological,chronological,0.8935126066207886,1
42865,,,0,0,reversed,reversed,0.994436502456665,1
42866,,,0,0,chronological,chronological,0.9999995231628418,1
42867,,,0,0,reversed,reversed,0.9999986886978149,1
42868,,,0,0,chronological,chronological,0.830033004283905,1
42869,,,0,0,reversed,reversed,0.963261067867279,1
42870,,,0,0,chronological,chronological,1.0,1
42871,,,0,0,reversed,reversed,0.9996693134307861,1
42872,,,0,0,chronological,chronological,0.9602954387664795,1
42873,,,0,0,reversed,reversed,0.9450960159301758,1
42874,,,0,0,chronological,chronological,0.9365330338478088,1
42875,,,0,0,reversed,reversed,0.982071578502655,1
42876,,,0,0,chronological,chronological,0.9421396851539612,1
42877,,,0,0,reversed,reversed,0.9965492486953735,1
42878,,,0,0,chronological,chronological,0.6764875054359436,1
42879,,,0,0,reversed,reversed,0.9577590227127075,1
42880,,,0,0,chronological,chronological,0.6759001612663269,1
42881,,,0,0,reversed,reversed,0.9778487086296082,1
42882,,,0,0,chronological,chronological,0.6830490231513977,1
42883,,,0,0,reversed,reversed,0.9705857634544373,1
42884,,,0,0,chronological,chronological,0.9243847131729126,1
42885,,,0,0,reversed,chronological,0.5517348647117615,0
42886,,,0,0,chronological,chronological,0.7892361283302307,1
42887,,,0,0,reversed,reversed,0.596372663974762,1
42888,,,0,0,chronological,reversed,0.8451348543167114,0
42889,,,0,0,reversed,reversed,0.58024001121521,1
42890,,,0,0,chronological,chronological,0.9999773502349854,1
42891,,,0,0,reversed,reversed,0.9999533891677856,1
42892,,,0,0,chronological,chronological,0.8755854964256287,1
42893,,,0,0,reversed,reversed,0.9811710119247437,1
42894,,,0,0,chronological,chronological,0.965195894241333,1
42895,,,0,0,reversed,reversed,0.9978405237197876,1
42896,,,0,0,chronological,reversed,0.5623254776000977,0
42897,,,0,0,reversed,reversed,0.5129919052124023,1
42898,,,0,0,chronological,chronological,1.0,1
42899,,,0,0,reversed,reversed,1.0,1
42900,,,0,0,chronological,chronological,0.9998375177383423,1
42901,,,0,0,reversed,reversed,0.9846721291542053,1
42902,,,0,0,chronological,reversed,0.9563170075416565,0
42903,,,0,0,reversed,chronological,0.9966272115707397,0
42904,,,0,0,chronological,chronological,0.9999992847442627,1
42905,,,0,0,reversed,reversed,0.9999159574508667,1
42906,,,0,0,chronological,chronological,0.6253480911254883,1
42907,,,0,0,reversed,chronological,0.9796247482299805,0
42908,,,0,0,chronological,chronological,0.9899717569351196,1
42909,,,0,0,reversed,reversed,0.9635935425758362,1
42910,,,0,0,chronological,chronological,0.9841821789741516,1
42911,,,0,0,reversed,reversed,0.9999831914901733,1
42912,,,0,0,chronological,chronological,1.0,1
42913,,,0,0,reversed,reversed,1.0,1
42914,,,0,0,chronological,chronological,0.9701343178749084,1
42915,,,0,0,reversed,reversed,0.9976818561553955,1
42916,,,0,0,chronological,chronological,0.8436546325683594,1
42917,,,0,0,reversed,chronological,0.567145586013794,0
42918,,,0,0,chronological,chronological,0.9998584985733032,1
42919,,,0,0,reversed,reversed,0.9998726844787598,1
42920,,,0,0,chronological,chronological,0.9997857213020325,1
42921,,,0,0,reversed,reversed,0.9589877128601074,1
42922,,,0,0,chronological,chronological,0.9973475933074951,1
42923,,,0,0,reversed,reversed,0.981374979019165,1
42924,,,0,0,chronological,chronological,0.9995854496955872,1
42925,,,0,0,reversed,reversed,0.999822199344635,1
42926,,,0,0,chronological,chronological,1.0,1
42927,,,0,0,reversed,reversed,1.0,1
42928,,,0,0,chronological,chronological,0.6916354894638062,1
42929,,,0,0,reversed,chronological,0.6444762945175171,0
42930,,,0,0,chronological,chronological,0.9421068429946899,1
42931,,,0,0,reversed,reversed,0.9995469450950623,1
42932,,,0,0,chronological,reversed,0.9996302127838135,0
42933,,,0,0,reversed,chronological,0.91788250207901,0
42934,,,0,0,chronological,reversed,0.5641388297080994,0
42935,,,0,0,reversed,reversed,0.6268060207366943,1
42936,,,0,0,chronological,chronological,0.9994496703147888,1
42937,,,0,0,reversed,reversed,0.9997246861457825,1
42938,,,0,0,chronological,chronological,0.9841650724411011,1
42939,,,0,0,reversed,reversed,0.9983888864517212,1
42940,,,0,0,chronological,chronological,0.9999991655349731,1
42941,,,0,0,reversed,reversed,1.0,1
42942,,,0,0,chronological,chronological,0.6483367085456848,1
42943,,,0,0,reversed,reversed,0.9986771941184998,1
42944,,,0,0,chronological,chronological,0.9782096147537231,1
42945,,,0,0,reversed,reversed,0.999833345413208,1
42946,,,0,0,chronological,chronological,0.999996542930603,1
42947,,,0,0,reversed,reversed,0.9999994039535522,1
42948,,,0,0,chronological,chronological,0.9999983310699463,1
42949,,,0,0,reversed,reversed,0.9999977350234985,1
42950,,,0,0,chronological,reversed,0.8162876963615417,0
42951,,,0,0,reversed,reversed,0.998136043548584,1
42952,,,0,0,chronological,chronological,0.9416337013244629,1
42953,,,0,0,reversed,reversed,0.9994186162948608,1
42954,,,0,0,chronological,chronological,0.9456547498703003,1
42955,,,0,0,reversed,reversed,0.9972744584083557,1
42956,,,0,0,chronological,chronological,0.6826445460319519,1
42957,,,0,0,reversed,reversed,0.5963819026947021,1
42958,,,0,0,chronological,chronological,0.8757390379905701,1
42959,,,0,0,reversed,reversed,0.8180543184280396,1
42960,,,0,0,chronological,reversed,0.9779118299484253,0
42961,,,0,0,reversed,chronological,0.9258078336715698,0
42962,,,0,0,chronological,chronological,0.9994633793830872,1
42963,,,0,0,reversed,reversed,0.9997305274009705,1
42964,,,0,0,chronological,chronological,0.9995121955871582,1
42965,,,0,0,reversed,reversed,0.9990862607955933,1
42966,,,0,0,chronological,chronological,0.9979015588760376,1
42967,,,0,0,reversed,reversed,0.9924773573875427,1
42968,,,0,0,chronological,chronological,1.0,1
42969,,,0,0,reversed,reversed,0.9999954700469971,1
42970,,,0,0,chronological,chronological,0.8213159441947937,1
42971,,,0,0,reversed,reversed,0.9983012080192566,1
42972,,,0,0,chronological,chronological,0.8237135410308838,1
42973,,,0,0,reversed,reversed,0.7430824637413025,1
42974,,,0,0,chronological,chronological,0.9899328947067261,1
42975,,,0,0,reversed,reversed,0.9887569546699524,1
42976,,,0,0,chronological,chronological,0.9999880790710449,1
42977,,,0,0,reversed,reversed,0.9999998807907104,1
42978,,,0,0,chronological,chronological,0.9954348206520081,1
42979,,,0,0,reversed,reversed,0.9985097050666809,1
42980,,,0,0,chronological,reversed,0.6903359293937683,0
42981,,,0,0,reversed,chronological,0.519042432308197,0
42982,,,0,0,chronological,chronological,0.9997304081916809,1
42983,,,0,0,reversed,reversed,0.9999557733535767,1
42984,,,0,0,chronological,chronological,0.9998966455459595,1
42985,,,0,0,reversed,reversed,0.9989364743232727,1
42986,,,0,0,chronological,reversed,0.9987754225730896,0
42987,,,0,0,reversed,chronological,0.9986878037452698,0
42988,,,0,0,chronological,chronological,0.9999799728393555,1
42989,,,0,0,reversed,reversed,1.0,1
42990,,,0,0,chronological,chronological,0.9916452765464783,1
42991,,,0,0,reversed,reversed,0.9884856939315796,1
42992,,,0,0,chronological,chronological,0.9990043044090271,1
42993,,,0,0,reversed,reversed,0.9998944997787476,1
42994,,,0,0,chronological,chronological,1.0,1
42995,,,0,0,reversed,reversed,1.0,1
42996,,,0,0,chronological,reversed,0.8019634485244751,0
42997,,,0,0,reversed,reversed,0.7352368235588074,1
42998,,,0,0,chronological,chronological,0.9972647428512573,1
42999,,,0,0,reversed,reversed,0.9992498755455017,1
43000,,,0,0,chronological,chronological,0.9952840209007263,1
43001,,,0,0,reversed,chronological,0.5139229893684387,0
43002,,,0,0,chronological,chronological,0.6012680530548096,1
43003,,,0,0,reversed,reversed,0.8326613306999207,1
43004,,,0,0,chronological,chronological,0.9223026037216187,1
43005,,,0,0,reversed,reversed,0.9840250611305237,1
43006,,,0,0,chronological,reversed,0.7353500127792358,0
43007,,,0,0,reversed,reversed,0.5851298570632935,1
43008,,,0,0,chronological,chronological,0.9988746047019958,1
43009,,,0,0,reversed,reversed,0.9999839067459106,1
43010,,,0,0,chronological,chronological,0.9006014466285706,1
43011,,,0,0,reversed,reversed,0.8531482815742493,1
43012,,,0,0,chronological,chronological,0.9639303684234619,1
43013,,,0,0,reversed,reversed,0.7792813777923584,1
43014,,,0,0,chronological,chronological,0.9357132911682129,1
43015,,,0,0,reversed,chronological,0.9093974828720093,0
43016,,,0,0,chronological,chronological,0.9999284744262695,1
43017,,,0,0,reversed,reversed,0.9998717308044434,1
43018,,,0,0,chronological,chronological,0.9999529123306274,1
43019,,,0,0,reversed,reversed,0.9576530456542969,1
43020,,,0,0,chronological,chronological,0.9997454285621643,1
43021,,,0,0,reversed,reversed,0.9999154806137085,1
43022,,,0,0,chronological,chronological,0.9933385252952576,1
43023,,,0,0,reversed,reversed,0.9994899034500122,1
43024,,,0,0,chronological,chronological,0.6968234181404114,1
43025,,,0,0,reversed,reversed,0.6047098636627197,1
43026,,,0,0,chronological,chronological,0.9583727717399597,1
43027,,,0,0,reversed,reversed,0.9203620553016663,1
43028,,,0,0,chronological,reversed,0.5668804049491882,0
43029,,,0,0,reversed,chronological,0.8041438460350037,0
43030,,,0,0,chronological,chronological,1.0,1
43031,,,0,0,reversed,reversed,0.9999994039535522,1
43032,,,0,0,chronological,chronological,0.5369310975074768,1
43033,,,0,0,reversed,reversed,0.9969906806945801,1
43034,,,0,0,chronological,reversed,0.968289315700531,0
43035,,,0,0,reversed,reversed,0.5109400153160095,1
43036,,,0,0,chronological,chronological,0.8883375525474548,1
43037,,,0,0,reversed,reversed,0.9419308304786682,1
43038,,,0,0,chronological,reversed,0.696690022945404,0
43039,,,0,0,reversed,reversed,0.6614190340042114,1
43040,,,0,0,chronological,chronological,0.6185640692710876,1
43041,,,0,0,reversed,reversed,0.8030241131782532,1
43042,,,0,0,chronological,reversed,0.6650087833404541,0
43043,,,0,0,reversed,reversed,0.6675701141357422,1
49358,,,0,0,chronological,reversed,0.963384747505188,0
49359,,,0,0,reversed,chronological,0.5928139686584473,0
49360,,,0,0,chronological,chronological,0.7912819385528564,1
49361,,,0,0,reversed,chronological,0.7409989833831787,0
49362,,,0,0,chronological,chronological,0.9312788844108582,1
49363,,,0,0,reversed,reversed,0.8715128898620605,1
49364,,,0,0,chronological,chronological,0.8130879402160645,1
49365,,,0,0,reversed,reversed,0.528520941734314,1
49366,,,0,0,chronological,reversed,0.5183692574501038,0
49367,,,0,0,reversed,reversed,0.5397712588310242,1
49368,,,0,0,chronological,chronological,0.9812332391738892,1
49369,,,0,0,reversed,reversed,0.9761137366294861,1
49370,,,0,0,chronological,chronological,0.9971880316734314,1
49371,,,0,0,reversed,reversed,0.992060661315918,1
49372,,,0,0,chronological,reversed,0.6210920214653015,0
49373,,,0,0,reversed,reversed,0.8256657719612122,1
49374,,,0,0,chronological,reversed,0.9971907734870911,0
49375,,,0,0,reversed,chronological,0.7788196206092834,0
49376,,,0,0,chronological,chronological,0.9994255304336548,1
49377,,,0,0,reversed,reversed,0.9999949932098389,1
49378,,,0,0,chronological,chronological,0.9983299374580383,1
49379,,,0,0,reversed,reversed,0.9999382495880127,1
49380,,,0,0,chronological,chronological,0.9956963062286377,1
49381,,,0,0,reversed,reversed,0.9999582767486572,1
49382,,,0,0,chronological,chronological,0.8513196110725403,1
49383,,,0,0,reversed,reversed,0.9999176263809204,1
49384,,,0,0,chronological,reversed,0.6986808180809021,0
49385,,,0,0,reversed,reversed,0.5050459504127502,1
49386,,,0,0,chronological,chronological,0.9959646463394165,1
49387,,,0,0,reversed,reversed,0.9980388283729553,1
49388,,,0,0,chronological,chronological,0.9438579082489014,1
49389,,,0,0,reversed,reversed,0.9979584217071533,1
49390,,,0,0,chronological,chronological,0.9999723434448242,1
49391,,,0,0,reversed,reversed,0.9999514818191528,1
49392,,,0,0,chronological,chronological,1.0,1
49393,,,0,0,reversed,reversed,0.9997527003288269,1
49394,,,0,0,chronological,chronological,0.7377949953079224,1
49395,,,0,0,reversed,reversed,0.9716154336929321,1
49396,,,0,0,chronological,chronological,0.9861813187599182,1
49397,,,0,0,reversed,reversed,0.8899660110473633,1
49398,,,0,0,chronological,chronological,0.9999858140945435,1
49399,,,0,0,reversed,reversed,0.9999003410339355,1
49400,,,0,0,chronological,chronological,0.9533202648162842,1
49401,,,0,0,reversed,reversed,0.9998231530189514,1
49402,,,0,0,chronological,reversed,0.7697455286979675,0
49403,,,0,0,reversed,chronological,0.8661950826644897,0
49404,,,0,0,chronological,chronological,0.8315275311470032,1
49405,,,0,0,reversed,reversed,0.9064242839813232,1
49406,,,0,0,chronological,reversed,0.5593833923339844,0
49407,,,0,0,reversed,reversed,0.9893496036529541,1
49408,,,0,0,chronological,chronological,0.9582316279411316,1
49409,,,0,0,reversed,reversed,0.9988791346549988,1
49410,,,0,0,chronological,chronological,0.9758757948875427,1
49411,,,0,0,reversed,reversed,0.9944714307785034,1
49412,,,0,0,chronological,chronological,0.980430006980896,1
49413,,,0,0,reversed,reversed,0.9994698166847229,1
49414,,,0,0,chronological,chronological,0.9999998807907104,1
49415,,,0,0,reversed,reversed,0.9999998807907104,1
49416,,,0,0,chronological,chronological,0.5829402208328247,1
49417,,,0,0,reversed,reversed,0.8439949154853821,1
49418,,,0,0,chronological,reversed,0.5746134519577026,0
49419,,,0,0,reversed,chronological,0.6280518174171448,0
49420,,,0,0,chronological,chronological,0.9558087587356567,1
49421,,,0,0,reversed,reversed,0.931681215763092,1
49422,,,0,0,chronological,chronological,0.9820897579193115,1
49423,,,0,0,reversed,reversed,0.8791921734809875,1
49424,,,0,0,chronological,chronological,0.9924015998840332,1
49425,,,0,0,reversed,reversed,0.9900988936424255,1
49426,,,0,0,chronological,chronological,0.9999996423721313,1
49427,,,0,0,reversed,reversed,0.9999932050704956,1
49428,,,0,0,chronological,reversed,0.9501699805259705,0
49429,,,0,0,reversed,reversed,0.52117520570755,1
49430,,,0,0,chronological,reversed,0.7538963556289673,0
49431,,,0,0,reversed,reversed,0.9552329182624817,1
49432,,,0,0,chronological,chronological,0.8698411583900452,1
49433,,,0,0,reversed,reversed,0.9975935816764832,1
49434,,,0,0,chronological,chronological,0.9623766541481018,1
49435,,,0,0,reversed,reversed,0.5986725091934204,1
49436,,,0,0,chronological,chronological,1.0,1
49437,,,0,0,reversed,reversed,0.9999933242797852,1
49438,,,0,0,chronological,chronological,0.7801634669303894,1
49439,,,0,0,reversed,chronological,0.9297650456428528,0
49440,,,0,0,chronological,chronological,0.9413585662841797,1
49441,,,0,0,reversed,reversed,0.7238484621047974,1
49442,,,0,0,chronological,reversed,0.6521839499473572,0
49443,,,0,0,reversed,reversed,0.7470929026603699,1
49444,,,0,0,chronological,reversed,0.6135251522064209,0
49445,,,0,0,reversed,chronological,0.5971292853355408,0
49446,,,0,0,chronological,chronological,0.87447190284729,1
49447,,,0,0,reversed,chronological,0.5475695133209229,0
49448,,,0,0,chronological,chronological,0.7706606388092041,1
49449,,,0,0,reversed,reversed,0.533103883266449,1
49450,,,0,0,chronological,chronological,0.9997255206108093,1
49451,,,0,0,reversed,reversed,0.9945104122161865,1
49452,,,0,0,chronological,reversed,0.5087979435920715,0
49453,,,0,0,reversed,reversed,0.964107871055603,1
49454,,,0,0,chronological,chronological,0.9893723130226135,1
49455,,,0,0,reversed,reversed,0.9997288584709167,1
49456,,,0,0,chronological,reversed,0.8666322231292725,0
49457,,,0,0,reversed,chronological,0.7692410945892334,0
49458,,,0,0,chronological,chronological,0.5247389674186707,1
49459,,,0,0,reversed,reversed,0.9802651405334473,1
49460,,,0,0,chronological,chronological,0.8850459456443787,1
49461,,,0,0,reversed,reversed,0.9917601943016052,1
49462,,,0,0,chronological,reversed,0.6848704218864441,0
49463,,,0,0,reversed,reversed,0.9506926536560059,1
49464,,,0,0,chronological,chronological,0.9769997596740723,1
49465,,,0,0,reversed,reversed,0.8832902908325195,1
49466,,,0,0,chronological,chronological,0.8262316584587097,1
49467,,,0,0,reversed,reversed,0.9879629611968994,1
49468,,,0,0,chronological,reversed,0.9301396608352661,0
49469,,,0,0,reversed,reversed,0.91793292760849,1
49470,,,0,0,chronological,chronological,0.9999996423721313,1
49471,,,0,0,reversed,reversed,1.0,1
49472,,,0,0,chronological,chronological,0.9710572361946106,1
49473,,,0,0,reversed,reversed,0.9999618530273438,1
49474,,,0,0,chronological,chronological,0.9999521970748901,1
49475,,,0,0,reversed,reversed,0.9999946355819702,1
49476,,,0,0,chronological,chronological,0.9996228218078613,1
49477,,,0,0,reversed,reversed,0.9999971389770508,1
49478,,,0,0,chronological,chronological,0.5743223428726196,1
49479,,,0,0,reversed,reversed,0.8167178630828857,1
49480,,,0,0,chronological,reversed,0.5684094429016113,0
49481,,,0,0,reversed,reversed,0.6787256002426147,1
49482,,,0,0,chronological,chronological,0.7603589296340942,1
49483,,,0,0,reversed,reversed,0.948071300983429,1
49484,,,0,0,chronological,chronological,0.891607403755188,1
49485,,,0,0,reversed,reversed,0.999691367149353,1
49486,,,0,0,chronological,chronological,0.9915130734443665,1
49487,,,0,0,reversed,reversed,0.9999735355377197,1
49488,,,0,0,chronological,chronological,0.9990321397781372,1
49489,,,0,0,reversed,reversed,0.9999992847442627,1
49490,,,0,0,chronological,chronological,0.999996542930603,1
49491,,,0,0,reversed,reversed,0.9999731779098511,1
49492,,,0,0,chronological,chronological,0.861009955406189,1
49493,,,0,0,reversed,reversed,0.9850482940673828,1
49494,,,0,0,chronological,chronological,0.9827542901039124,1
49495,,,0,0,reversed,reversed,0.9998249411582947,1
49496,,,0,0,chronological,chronological,0.8348222374916077,1
49497,,,0,0,reversed,reversed,0.9541547298431396,1
49498,,,0,0,chronological,chronological,0.6664723753929138,1
49499,,,0,0,reversed,chronological,0.5236039757728577,0
49500,,,0,0,chronological,chronological,0.9999921321868896,1
49501,,,0,0,reversed,reversed,0.9999998807907104,1
49502,,,0,0,chronological,reversed,0.5907627940177917,0
49503,,,0,0,reversed,reversed,0.9393936991691589,1
49504,,,0,0,chronological,chronological,0.9694414734840393,1
49505,,,0,0,reversed,reversed,0.9997391104698181,1
49506,,,0,0,chronological,reversed,0.9812497496604919,0
49507,,,0,0,reversed,chronological,0.895605742931366,0
49508,,,0,0,chronological,chronological,0.9909396171569824,1
49509,,,0,0,reversed,reversed,0.9995754361152649,1
49510,,,0,0,chronological,reversed,0.6535351872444153,0
49511,,,0,0,reversed,reversed,0.9490175247192383,1
49512,,,0,0,chronological,chronological,0.9993302822113037,1
49513,,,0,0,reversed,reversed,0.997757613658905,1
49514,,,0,0,chronological,chronological,0.9921016097068787,1
49515,,,0,0,reversed,reversed,0.996960461139679,1
49516,,,0,0,chronological,chronological,0.9933064579963684,1
49517,,,0,0,reversed,reversed,0.9868922829627991,1
49518,,,0,0,chronological,chronological,0.9625930786132812,1
49519,,,0,0,reversed,reversed,0.9983199238777161,1
49520,,,0,0,chronological,reversed,0.9172165989875793,0
49521,,,0,0,reversed,reversed,0.7660490870475769,1
49522,,,0,0,chronological,chronological,0.9999932050704956,1
49523,,,0,0,reversed,reversed,0.9995131492614746,1
49524,,,0,0,chronological,chronological,0.9708979725837708,1
49525,,,0,0,reversed,reversed,0.9787876009941101,1
49526,,,0,0,chronological,chronological,0.9993021488189697,1
49527,,,0,0,reversed,reversed,0.9307302236557007,1
49528,,,0,0,chronological,chronological,0.8134297132492065,1
49529,,,0,0,reversed,reversed,0.6194077134132385,1
49530,,,0,0,chronological,chronological,0.7215049862861633,1
49531,,,0,0,reversed,chronological,0.5219061970710754,0
49532,,,0,0,chronological,reversed,0.5953951478004456,0
49533,,,0,0,reversed,reversed,0.8666627407073975,1
49534,,,0,0,chronological,chronological,0.7387889623641968,1
49535,,,0,0,reversed,reversed,0.8171995878219604,1
49536,,,0,0,chronological,chronological,0.6552299857139587,1
49537,,,0,0,reversed,reversed,0.8550611138343811,1
49538,,,0,0,chronological,reversed,0.9869490265846252,0
49539,,,0,0,reversed,reversed,0.852222204208374,1
49540,,,0,0,chronological,chronological,0.9999963045120239,1
49541,,,0,0,reversed,reversed,0.9999997615814209,1
49542,,,0,0,chronological,chronological,0.9552338719367981,1
49543,,,0,0,reversed,reversed,0.795249342918396,1
49544,,,0,0,chronological,chronological,0.9973735809326172,1
49545,,,0,0,reversed,reversed,0.9918166995048523,1
49546,,,0,0,chronological,chronological,0.999985933303833,1
49547,,,0,0,reversed,reversed,0.998736560344696,1
49548,,,0,0,chronological,chronological,1.0,1
49549,,,0,0,reversed,reversed,1.0,1
49550,,,0,0,chronological,chronological,0.9999998807907104,1
49551,,,0,0,reversed,reversed,0.9999232292175293,1
49552,,,0,0,chronological,chronological,0.9993162155151367,1
49553,,,0,0,reversed,reversed,0.9999476671218872,1
49554,,,0,0,chronological,chronological,0.9999948740005493,1
49555,,,0,0,reversed,reversed,0.6271952390670776,1
49556,,,0,0,chronological,chronological,0.999286949634552,1
49557,,,0,0,reversed,reversed,0.9288806915283203,1
49558,,,0,0,chronological,reversed,0.5546804666519165,0
49559,,,0,0,reversed,reversed,0.9194662570953369,1
49560,,,0,0,chronological,chronological,0.8733537197113037,1
49561,,,0,0,reversed,reversed,0.990759015083313,1
49562,,,0,0,chronological,chronological,0.8725214600563049,1
49563,,,0,0,reversed,reversed,0.9646542072296143,1
49564,,,0,0,chronological,chronological,0.9992190599441528,1
49565,,,0,0,reversed,reversed,0.9441606998443604,1
49566,,,0,0,chronological,chronological,0.9556232690811157,1
49567,,,0,0,reversed,reversed,0.8125422596931458,1
49568,,,0,0,chronological,chronological,0.9999284744262695,1
49569,,,0,0,reversed,reversed,0.9761998057365417,1
49570,,,0,0,chronological,chronological,0.895622968673706,1
49571,,,0,0,reversed,reversed,0.8282398581504822,1
49572,,,0,0,chronological,chronological,0.8429784774780273,1
49573,,,0,0,reversed,reversed,0.6766882538795471,1
49574,,,0,0,chronological,reversed,0.5635920166969299,0
49575,,,0,0,reversed,chronological,0.8380589485168457,0
49576,,,0,0,chronological,chronological,0.9979763627052307,1
49577,,,0,0,reversed,reversed,0.9863431453704834,1
49578,,,0,0,chronological,chronological,0.8229103088378906,1
49579,,,0,0,reversed,reversed,0.9891216158866882,1
49580,,,0,0,chronological,chronological,0.9713350534439087,1
49581,,,0,0,reversed,chronological,0.7555168867111206,0
49582,,,0,0,chronological,chronological,0.8954414129257202,1
49583,,,0,0,reversed,chronological,0.7839915752410889,0
49584,,,0,0,chronological,chronological,0.9982085227966309,1
49585,,,0,0,reversed,reversed,0.9621994495391846,1
49586,,,0,0,chronological,chronological,0.999915599822998,1
49587,,,0,0,reversed,reversed,0.9993314743041992,1
49588,,,0,0,chronological,chronological,0.99320387840271,1
49589,,,0,0,reversed,reversed,0.9994856119155884,1
49590,,,0,0,chronological,reversed,0.9761568903923035,0
49591,,,0,0,reversed,chronological,0.8599018454551697,0
49592,,,0,0,chronological,chronological,0.9999924898147583,1
49593,,,0,0,reversed,reversed,0.9999935626983643,1
49594,,,0,0,chronological,reversed,0.8709326982498169,0
49595,,,0,0,reversed,reversed,0.999457061290741,1
49596,,,0,0,chronological,chronological,0.9999997615814209,1
49597,,,0,0,reversed,reversed,0.9999994039535522,1
49598,,,0,0,chronological,chronological,1.0,1
49599,,,0,0,reversed,reversed,0.9999992847442627,1
49600,,,0,0,chronological,chronological,0.9224157929420471,1
49601,,,0,0,reversed,chronological,0.923865795135498,0
49602,,,0,0,chronological,chronological,0.9980012774467468,1
49603,,,0,0,reversed,reversed,0.9993491768836975,1
49604,,,0,0,chronological,chronological,0.9989703893661499,1
49605,,,0,0,reversed,reversed,0.9882339239120483,1
49606,,,0,0,chronological,chronological,0.7012444734573364,1
49607,,,0,0,reversed,reversed,0.884921669960022,1
49608,,,0,0,chronological,reversed,0.6462219953536987,0
49609,,,0,0,reversed,chronological,0.796650767326355,0
49610,,,0,0,chronological,chronological,0.9727975130081177,1
49611,,,0,0,reversed,reversed,0.9663125872612,1
49612,,,0,0,chronological,chronological,0.9999722242355347,1
49613,,,0,0,reversed,reversed,0.9892884492874146,1
49614,,,0,0,chronological,chronological,0.9802218079566956,1
49615,,,0,0,reversed,reversed,0.9919129610061646,1
49616,,,0,0,chronological,chronological,0.9979708790779114,1
49617,,,0,0,reversed,reversed,0.9987140893936157,1
49618,,,0,0,chronological,reversed,0.9571401476860046,0
49619,,,0,0,reversed,chronological,0.7783483862876892,0
49620,,,0,0,chronological,chronological,0.9966977834701538,1
49621,,,0,0,reversed,reversed,0.9987597465515137,1
49622,,,0,0,chronological,chronological,0.8138047456741333,1
49623,,,0,0,reversed,reversed,0.7969177961349487,1
49624,,,0,0,chronological,chronological,0.9603502750396729,1
49625,,,0,0,reversed,reversed,0.8823672533035278,1
49626,,,0,0,chronological,chronological,0.9189239740371704,1
49627,,,0,0,reversed,reversed,0.869793176651001,1
49628,,,0,0,chronological,chronological,0.9901633262634277,1
49629,,,0,0,reversed,reversed,0.9981898665428162,1
49630,,,0,0,chronological,reversed,0.6304008364677429,0
49631,,,0,0,reversed,chronological,0.5780311226844788,0
49632,,,0,0,chronological,chronological,0.8790085315704346,1
49633,,,0,0,reversed,reversed,0.9434351921081543,1
49634,,,0,0,chronological,chronological,0.999664306640625,1
49635,,,0,0,reversed,reversed,0.9999982118606567,1
49636,,,0,0,chronological,chronological,0.7123337388038635,1
49637,,,0,0,reversed,chronological,0.6891250014305115,0
49638,,,0,0,chronological,reversed,0.5993592143058777,0
49639,,,0,0,reversed,chronological,0.591774046421051,0
49640,,,0,0,chronological,chronological,0.9963191747665405,1
49641,,,0,0,reversed,reversed,0.9305882453918457,1
49642,,,0,0,chronological,chronological,0.9744263887405396,1
49643,,,0,0,reversed,chronological,0.840315580368042,0
49644,,,0,0,chronological,chronological,0.948455810546875,1
49645,,,0,0,reversed,chronological,0.763627290725708,0
49646,,,0,0,chronological,chronological,0.8692517280578613,1
49647,,,0,0,reversed,reversed,0.9858459830284119,1
49648,,,0,0,chronological,chronological,0.7334163188934326,1
49649,,,0,0,reversed,reversed,0.9999485015869141,1
49650,,,0,0,chronological,chronological,0.9999988079071045,1
49651,,,0,0,reversed,reversed,0.9978039860725403,1
49652,,,0,0,chronological,chronological,0.9826340079307556,1
49653,,,0,0,reversed,reversed,0.999607264995575,1
49654,,,0,0,chronological,chronological,0.9999030828475952,1
49655,,,0,0,reversed,reversed,0.996703565120697,1
49656,,,0,0,chronological,chronological,0.7054316997528076,1
49657,,,0,0,reversed,reversed,0.9409129619598389,1
49658,,,0,0,chronological,chronological,0.9624788761138916,1
49659,,,0,0,reversed,reversed,0.9999088048934937,1
49660,,,0,0,chronological,chronological,0.9999768733978271,1
49661,,,0,0,reversed,reversed,0.9999858140945435,1
49662,,,0,0,chronological,chronological,0.9999985694885254,1
49663,,,0,0,reversed,reversed,0.9999825954437256,1
49664,,,0,0,chronological,chronological,0.999190628528595,1
49665,,,0,0,reversed,reversed,0.9001191258430481,1
49666,,,0,0,chronological,chronological,0.8935723304748535,1
49667,,,0,0,reversed,reversed,0.9836824536323547,1
49668,,,0,0,chronological,chronological,0.9247480630874634,1
49669,,,0,0,reversed,reversed,0.9402883648872375,1
49670,,,0,0,chronological,chronological,0.8117502331733704,1
49671,,,0,0,reversed,reversed,0.8672558069229126,1
49672,,,0,0,chronological,chronological,0.9646029472351074,1
49673,,,0,0,reversed,reversed,0.8535353541374207,1
49674,,,0,0,chronological,chronological,0.9695919752120972,1
49675,,,0,0,reversed,reversed,0.9985769987106323,1
49676,,,0,0,chronological,chronological,0.9643087983131409,1
49677,,,0,0,reversed,reversed,0.9960344433784485,1
49678,,,0,0,chronological,chronological,0.5531459450721741,1
49679,,,0,0,reversed,reversed,0.7133321762084961,1
49680,,,0,0,chronological,chronological,0.9999377727508545,1
49681,,,0,0,reversed,reversed,0.9996706247329712,1
49682,,,0,0,chronological,chronological,0.9917829036712646,1
49683,,,0,0,reversed,reversed,0.99783855676651,1
49684,,,0,0,chronological,chronological,0.944372296333313,1
49685,,,0,0,reversed,reversed,0.994264543056488,1
49686,,,0,0,chronological,chronological,0.9789345860481262,1
49687,,,0,0,reversed,reversed,0.9999898672103882,1
49688,,,0,0,chronological,chronological,0.999998927116394,1
49689,,,0,0,reversed,reversed,0.9999903440475464,1
49690,,,0,0,chronological,reversed,0.7210697531700134,0
49691,,,0,0,reversed,reversed,0.9551740884780884,1
49692,,,0,0,chronological,reversed,0.7780393362045288,0
49693,,,0,0,reversed,reversed,0.9560511708259583,1
49694,,,0,0,chronological,chronological,0.833530604839325,1
49695,,,0,0,reversed,reversed,0.960502564907074,1
49696,,,0,0,chronological,chronological,0.9634647369384766,1
49697,,,0,0,reversed,reversed,0.9896998405456543,1
49698,,,0,0,chronological,reversed,0.8475531935691833,0
49699,,,0,0,reversed,chronological,0.9748200178146362,0
49700,,,0,0,chronological,chronological,0.9898970127105713,1
49701,,,0,0,reversed,reversed,0.9999117851257324,1
49702,,,0,0,chronological,reversed,0.9107599258422852,0
49703,,,0,0,reversed,chronological,0.734372615814209,0
49704,,,0,0,chronological,chronological,0.8528127074241638,1
49705,,,0,0,reversed,reversed,0.8977575302124023,1
49706,,,0,0,chronological,chronological,0.6405192613601685,1
49707,,,0,0,reversed,reversed,0.7553940415382385,1
49708,,,0,0,chronological,chronological,0.9941646456718445,1
49709,,,0,0,reversed,reversed,0.8751842975616455,1
49710,,,0,0,chronological,chronological,0.9999998807907104,1
49711,,,0,0,reversed,reversed,1.0,1
49712,,,0,0,chronological,chronological,0.9984949827194214,1
49713,,,0,0,reversed,reversed,0.9997277855873108,1
49714,,,0,0,chronological,chronological,0.999817430973053,1
49715,,,0,0,reversed,reversed,0.9583181142807007,1
49716,,,0,0,chronological,chronological,0.9971840977668762,1
49717,,,0,0,reversed,reversed,0.952242910861969,1
49718,,,0,0,chronological,reversed,0.5255615711212158,0
49719,,,0,0,reversed,reversed,0.793144702911377,1
49720,,,0,0,chronological,chronological,0.9950344562530518,1
49721,,,0,0,reversed,reversed,0.978628396987915,1
49722,,,0,0,chronological,chronological,0.5168924927711487,1
49723,,,0,0,reversed,reversed,0.6283900141716003,1
49724,,,0,0,chronological,chronological,0.6924131512641907,1
49725,,,0,0,reversed,chronological,0.801550567150116,0
49726,,,0,0,chronological,chronological,0.9796627163887024,1
49727,,,0,0,reversed,reversed,0.8167065978050232,1
49728,,,0,0,chronological,chronological,0.895907998085022,1
49729,,,0,0,reversed,reversed,0.7048607468605042,1
49730,,,0,0,chronological,chronological,0.8829988241195679,1
49731,,,0,0,reversed,reversed,0.7326381206512451,1
49732,,,0,0,chronological,chronological,0.9099757671356201,1
49733,,,0,0,reversed,reversed,0.5420442223548889,1
49734,,,0,0,chronological,chronological,0.9777270555496216,1
49735,,,0,0,reversed,reversed,0.9542807936668396,1
49736,,,0,0,chronological,chronological,0.9872839450836182,1
49737,,,0,0,reversed,reversed,0.8721617460250854,1
49738,,,0,0,chronological,reversed,0.9996292591094971,0
49739,,,0,0,reversed,chronological,0.9934197068214417,0
49740,,,0,0,chronological,chronological,0.9999432563781738,1
49741,,,0,0,reversed,reversed,0.9999992847442627,1
49742,,,0,0,chronological,chronological,0.927808403968811,1
49743,,,0,0,reversed,reversed,0.9990726709365845,1
49744,,,0,0,chronological,chronological,0.6163142323493958,1
49745,,,0,0,reversed,chronological,0.6751050353050232,0
49746,,,0,0,chronological,chronological,0.9916063547134399,1
49747,,,0,0,reversed,reversed,0.9255602359771729,1
49748,,,0,0,chronological,reversed,0.9827209115028381,0
49749,,,0,0,reversed,chronological,0.9019060134887695,0
49750,,,0,0,chronological,chronological,0.999847412109375,1
49751,,,0,0,reversed,reversed,0.9999923706054688,1
49752,,,0,0,chronological,reversed,0.6847679018974304,0
49753,,,0,0,reversed,reversed,0.9563429355621338,1
49754,,,0,0,chronological,chronological,0.9999847412109375,1
49755,,,0,0,reversed,reversed,0.9965425133705139,1
49756,,,0,0,chronological,chronological,0.9654675722122192,1
49757,,,0,0,reversed,reversed,0.8829460144042969,1
49758,,,0,0,chronological,reversed,0.9015563130378723,0
49759,,,0,0,reversed,reversed,0.9457811713218689,1
49760,,,0,0,chronological,chronological,0.6647953391075134,1
49761,,,0,0,reversed,reversed,0.9992938041687012,1
49762,,,0,0,chronological,chronological,0.5880883932113647,1
49763,,,0,0,reversed,reversed,0.5959060788154602,1
49764,,,0,0,chronological,chronological,0.9844181537628174,1
49765,,,0,0,reversed,reversed,0.970781683921814,1
49766,,,0,0,chronological,chronological,0.7086741328239441,1
49767,,,0,0,reversed,reversed,0.9661662578582764,1
49768,,,0,0,chronological,chronological,0.9399878978729248,1
49769,,,0,0,reversed,reversed,0.9903263449668884,1
49770,,,0,0,chronological,chronological,0.9355686902999878,1
49771,,,0,0,reversed,reversed,0.9802229404449463,1
49772,,,0,0,chronological,chronological,0.6239553689956665,1
49773,,,0,0,reversed,reversed,0.8275163769721985,1
49774,,,0,0,chronological,reversed,0.8567195534706116,0
49775,,,0,0,reversed,chronological,0.97944575548172,0
49776,,,0,0,chronological,chronological,0.982633650302887,1
49777,,,0,0,reversed,reversed,0.8515584468841553,1
49778,,,0,0,chronological,chronological,0.884443998336792,1
49779,,,0,0,reversed,reversed,0.9564826488494873,1
49780,,,0,0,chronological,chronological,0.6151341199874878,1
49781,,,0,0,reversed,reversed,0.7306164503097534,1
49782,,,0,0,chronological,chronological,0.9871135950088501,1
49783,,,0,0,reversed,reversed,0.774192214012146,1
49784,,,0,0,chronological,chronological,0.9583078622817993,1
49785,,,0,0,reversed,reversed,0.9595144391059875,1
49786,,,0,0,chronological,reversed,0.9971452355384827,0
49787,,,0,0,reversed,chronological,0.9931788444519043,0
49788,,,0,0,chronological,chronological,0.998613715171814,1
49789,,,0,0,reversed,reversed,0.9999257326126099,1
49790,,,0,0,chronological,chronological,0.9998835325241089,1
49791,,,0,0,reversed,reversed,0.9976392984390259,1
49792,,,0,0,chronological,chronological,1.0,1
49793,,,0,0,reversed,reversed,0.9996471405029297,1
49794,,,0,0,chronological,chronological,0.9999991655349731,1
49795,,,0,0,reversed,reversed,0.9999864101409912,1
49796,,,0,0,chronological,chronological,0.765949010848999,1
49797,,,0,0,reversed,reversed,0.7440971732139587,1
49798,,,0,0,chronological,chronological,0.9784372448921204,1
49799,,,0,0,reversed,reversed,0.7731135487556458,1
49800,,,0,0,chronological,chronological,0.9996625185012817,1
49801,,,0,0,reversed,reversed,0.932733416557312,1
49802,,,0,0,chronological,chronological,0.8088655471801758,1
49803,,,0,0,reversed,reversed,0.9890210032463074,1
49804,,,0,0,chronological,chronological,0.7900664806365967,1
49805,,,0,0,reversed,reversed,0.9976140260696411,1
49806,,,0,0,chronological,chronological,0.9953268766403198,1
49807,,,0,0,reversed,reversed,0.9996726512908936,1
49808,,,0,0,chronological,chronological,0.9978986978530884,1
49809,,,0,0,reversed,reversed,0.999894380569458,1
49810,,,0,0,chronological,chronological,0.7345190048217773,1
49811,,,0,0,reversed,reversed,0.9870349764823914,1
49812,,,0,0,chronological,reversed,0.5802122950553894,0
49813,,,0,0,reversed,reversed,0.877434492111206,1
49814,,,0,0,chronological,chronological,0.9562128782272339,1
49815,,,0,0,reversed,reversed,0.9923098087310791,1
49816,,,0,0,chronological,chronological,0.57578045129776,1
49817,,,0,0,reversed,reversed,0.8607507348060608,1
49818,,,0,0,chronological,chronological,0.9280890226364136,1
49819,,,0,0,reversed,reversed,0.9962154030799866,1
49820,,,0,0,chronological,reversed,0.9237642288208008,0
49821,,,0,0,reversed,chronological,0.7153369784355164,0
49822,,,0,0,chronological,chronological,0.7077220678329468,1
49823,,,0,0,reversed,reversed,0.7021977305412292,1
49824,,,0,0,chronological,chronological,0.9046040773391724,1
49825,,,0,0,reversed,reversed,0.9646077156066895,1
49826,,,0,0,chronological,reversed,0.9248667359352112,0
49827,,,0,0,reversed,chronological,0.975319504737854,0
49828,,,0,0,chronological,chronological,0.977993905544281,1
49829,,,0,0,reversed,reversed,0.9787498116493225,1
49830,,,0,0,chronological,chronological,0.9998438358306885,1
49831,,,0,0,reversed,reversed,0.9969626069068909,1
49832,,,0,0,chronological,chronological,0.9989264607429504,1
49833,,,0,0,reversed,reversed,0.991101086139679,1
49834,,,0,0,chronological,chronological,0.998314380645752,1
49835,,,0,0,reversed,reversed,0.9990031123161316,1
49836,,,0,0,chronological,chronological,0.9334198832511902,1
49837,,,0,0,reversed,reversed,0.9847105145454407,1
49838,,,0,0,chronological,reversed,0.6506645083427429,0
49839,,,0,0,reversed,chronological,0.650519609451294,0
49840,,,0,0,chronological,chronological,0.6986239552497864,1
49841,,,0,0,reversed,reversed,0.7022919654846191,1
49842,,,0,0,chronological,chronological,0.536142110824585,1
49843,,,0,0,reversed,reversed,0.9995858073234558,1
49844,,,0,0,chronological,chronological,0.9111595749855042,1
49845,,,0,0,reversed,reversed,0.9974370002746582,1
49846,,,0,0,chronological,reversed,0.6449666619300842,0
49847,,,0,0,reversed,reversed,0.8517080545425415,1
49848,,,0,0,chronological,chronological,0.9999955892562866,1
49849,,,0,0,reversed,reversed,0.9998928308486938,1
49850,,,0,0,chronological,reversed,0.722486674785614,0
49851,,,0,0,reversed,reversed,0.9299749135971069,1
49852,,,0,0,chronological,chronological,0.9999942779541016,1
49853,,,0,0,reversed,reversed,0.9999786615371704,1
49854,,,0,0,chronological,chronological,0.9999779462814331,1
49855,,,0,0,reversed,reversed,0.9999626874923706,1
49856,,,0,0,chronological,chronological,0.9294778108596802,1
49857,,,0,0,reversed,reversed,0.9664211273193359,1
49858,,,0,0,chronological,chronological,0.9159922003746033,1
49859,,,0,0,reversed,reversed,0.9387222528457642,1
49860,,,0,0,chronological,chronological,0.9797868728637695,1
49861,,,0,0,reversed,reversed,0.8145722150802612,1
49862,,,0,0,chronological,chronological,0.8341596722602844,1
49863,,,0,0,reversed,chronological,0.7494445443153381,0
49864,,,0,0,chronological,chronological,1.0,1
49865,,,0,0,reversed,reversed,1.0,1
49866,,,0,0,chronological,chronological,0.7479604482650757,1
49867,,,0,0,reversed,chronological,0.9855554103851318,0
49868,,,0,0,chronological,chronological,0.9541024565696716,1
49869,,,0,0,reversed,chronological,0.79032963514328,0
49870,,,0,0,chronological,chronological,0.9893739819526672,1
49871,,,0,0,reversed,reversed,0.996002733707428,1
49872,,,0,0,chronological,chronological,0.9778897166252136,1
49873,,,0,0,reversed,reversed,0.9804774522781372,1
49874,,,0,0,chronological,chronological,0.9907497763633728,1
49875,,,0,0,reversed,chronological,0.5192981958389282,0
49876,,,0,0,chronological,chronological,0.9902492165565491,1
49877,,,0,0,reversed,reversed,0.8241387009620667,1
49878,,,0,0,chronological,chronological,0.9932118654251099,1
49879,,,0,0,reversed,reversed,0.9788965582847595,1
49880,,,0,0,chronological,chronological,0.9043761491775513,1
49881,,,0,0,reversed,reversed,0.9856147170066833,1
49882,,,0,0,chronological,reversed,0.5243617296218872,0
49883,,,0,0,reversed,reversed,0.8647568225860596,1
49884,,,0,0,chronological,reversed,0.7239548563957214,0
49885,,,0,0,reversed,reversed,0.6669272780418396,1
49886,,,0,0,chronological,chronological,0.9986066222190857,1
49887,,,0,0,reversed,reversed,0.9995703101158142,1
49888,,,0,0,chronological,chronological,0.8098688125610352,1
49889,,,0,0,reversed,reversed,0.8534798622131348,1
49890,,,0,0,chronological,chronological,0.8929936289787292,1
49891,,,0,0,reversed,chronological,0.7016043663024902,0
49892,,,0,0,chronological,chronological,0.8129780292510986,1
49893,,,0,0,reversed,reversed,0.9523722529411316,1
49894,,,0,0,chronological,reversed,0.570665717124939,0
49895,,,0,0,reversed,chronological,0.5423054099082947,0
49896,,,0,0,chronological,chronological,0.6998314261436462,1
49897,,,0,0,reversed,reversed,0.5537912845611572,1
49898,,,0,0,chronological,reversed,0.5412309169769287,0
49899,,,0,0,reversed,chronological,0.6567719578742981,0
49900,,,0,0,chronological,chronological,0.6429327130317688,1
49901,,,0,0,reversed,reversed,0.5854259133338928,1
49902,,,0,0,chronological,reversed,0.8778650760650635,0
49903,,,0,0,reversed,chronological,0.6918345093727112,0
49904,,,0,0,chronological,chronological,0.9981324076652527,1
49905,,,0,0,reversed,reversed,0.9706294536590576,1
49906,,,0,0,chronological,chronological,0.8676185607910156,1
49907,,,0,0,reversed,reversed,0.5520302653312683,1
49908,,,0,0,chronological,chronological,0.8002485036849976,1
49909,,,0,0,reversed,chronological,0.678769052028656,0
49910,,,0,0,chronological,reversed,0.8909448981285095,0
49911,,,0,0,reversed,chronological,0.5451052188873291,0
49912,,,0,0,chronological,reversed,0.7768564224243164,0
49913,,,0,0,reversed,chronological,0.6342294812202454,0
49914,,,0,0,chronological,chronological,0.9999678134918213,1
49915,,,0,0,reversed,reversed,0.9886272549629211,1
49916,,,0,0,chronological,chronological,0.985030472278595,1
49917,,,0,0,reversed,reversed,0.9788978099822998,1
49918,,,0,0,chronological,chronological,0.9999996423721313,1
49919,,,0,0,reversed,reversed,0.9999053478240967,1
49920,,,0,0,chronological,chronological,1.0,1
49921,,,0,0,reversed,reversed,0.9999998807907104,1
49922,,,0,0,chronological,reversed,0.5932416915893555,0
49923,,,0,0,reversed,chronological,0.9936845898628235,0
49924,,,0,0,chronological,chronological,0.9311487078666687,1
49925,,,0,0,reversed,reversed,0.9639599323272705,1
49926,,,0,0,chronological,chronological,0.9513135552406311,1
49927,,,0,0,reversed,reversed,0.7297483086585999,1
49928,,,0,0,chronological,chronological,0.9149566292762756,1
49929,,,0,0,reversed,reversed,0.9901359677314758,1
49930,,,0,0,chronological,chronological,1.0,1
49931,,,0,0,reversed,reversed,0.9999986886978149,1
49932,,,0,0,chronological,chronological,0.7831677794456482,1
49933,,,0,0,reversed,chronological,0.733718991279602,0
49934,,,0,0,chronological,chronological,0.7314292788505554,1
49935,,,0,0,reversed,chronological,0.7140935659408569,0
49936,,,0,0,chronological,chronological,0.5811920762062073,1
49937,,,0,0,reversed,chronological,0.7835469245910645,0
49938,,,0,0,chronological,chronological,0.8257644772529602,1
49939,,,0,0,reversed,chronological,0.7476320862770081,0
49940,,,0,0,chronological,chronological,0.7661636471748352,1
49941,,,0,0,reversed,chronological,0.7012585997581482,0
49942,,,0,0,chronological,chronological,0.6704241037368774,1
49943,,,0,0,reversed,chronological,0.6802434325218201,0
49944,,,0,0,chronological,chronological,0.6683400273323059,1
49945,,,0,0,reversed,chronological,0.6322685480117798,0
49946,,,0,0,chronological,chronological,0.6317170858383179,1
49947,,,0,0,reversed,chronological,0.5835744738578796,0
49948,,,0,0,chronological,chronological,0.8055275082588196,1
49949,,,0,0,reversed,chronological,0.5047467947006226,0
49950,,,0,0,chronological,chronological,0.6784313917160034,1
49951,,,0,0,reversed,chronological,0.7630555033683777,0
49952,,,0,0,chronological,chronological,0.7706417441368103,1
49953,,,0,0,reversed,chronological,0.7082931399345398,0
49954,,,0,0,chronological,chronological,0.7998726963996887,1
49955,,,0,0,reversed,reversed,0.891226053237915,1
49956,,,0,0,chronological,chronological,0.7956910729408264,1
49957,,,0,0,reversed,chronological,0.6256545782089233,0
49958,,,0,0,chronological,chronological,0.6104518175125122,1
49959,,,0,0,reversed,chronological,0.8307358026504517,0
49960,,,0,0,chronological,chronological,0.6392661929130554,1
49961,,,0,0,reversed,reversed,0.5801368355751038,1
49962,,,0,0,chronological,chronological,0.7409648299217224,1
49963,,,0,0,reversed,reversed,0.9995406866073608,1
49964,,,0,0,chronological,chronological,0.9658776521682739,1
49965,,,0,0,reversed,reversed,0.9607996344566345,1
49966,,,0,0,chronological,chronological,0.8312354683876038,1
49967,,,0,0,reversed,reversed,0.91232830286026,1
49968,,,0,0,chronological,chronological,0.9950804710388184,1
49969,,,0,0,reversed,reversed,0.9986315369606018,1
49970,,,0,0,chronological,chronological,0.9995923638343811,1
49971,,,0,0,reversed,reversed,1.0,1
49972,,,0,0,chronological,chronological,0.7547858357429504,1
49973,,,0,0,reversed,reversed,0.8981407880783081,1
49974,,,0,0,chronological,chronological,0.723253607749939,1
49975,,,0,0,reversed,reversed,0.964749276638031,1
49976,,,0,0,chronological,chronological,0.5213667154312134,1
49977,,,0,0,reversed,reversed,0.9391375780105591,1
49978,,,0,0,chronological,chronological,0.8381922841072083,1
49979,,,0,0,reversed,reversed,0.9819132685661316,1
49980,,,0,0,chronological,reversed,0.7904848456382751,0
49981,,,0,0,reversed,chronological,0.6122957468032837,0
49982,,,0,0,chronological,chronological,0.9471434354782104,1
49983,,,0,0,reversed,reversed,0.6925340294837952,1
49984,,,0,0,chronological,chronological,0.9909908771514893,1
49985,,,0,0,reversed,reversed,0.7118198871612549,1
49986,,,0,0,chronological,chronological,0.7760432958602905,1
49987,,,0,0,reversed,reversed,0.7837963104248047,1
49988,,,0,0,chronological,chronological,0.9849527478218079,1
49989,,,0,0,reversed,reversed,0.9632459878921509,1
49990,,,0,0,chronological,reversed,0.8090455532073975,0
49991,,,0,0,reversed,reversed,0.9429044723510742,1
49992,,,0,0,chronological,chronological,0.9528633952140808,1
49993,,,0,0,reversed,reversed,0.9666915535926819,1
49994,,,0,0,chronological,chronological,0.9999998807907104,1
49995,,,0,0,reversed,reversed,0.9999990463256836,1
49996,,,0,0,chronological,chronological,0.7014415264129639,1
49997,,,0,0,reversed,chronological,0.768744170665741,0
49998,,,0,0,chronological,chronological,0.869005024433136,1
49999,,,0,0,reversed,chronological,0.5893751978874207,0
50000,,,0,0,chronological,chronological,0.976659893989563,1
50001,,,0,0,reversed,reversed,0.950326144695282,1
50002,,,0,0,chronological,reversed,0.6112855672836304,0
50003,,,0,0,reversed,reversed,0.9986019730567932,1
50004,,,0,0,chronological,chronological,0.8622735142707825,1
50005,,,0,0,reversed,reversed,0.9890238046646118,1
50006,,,0,0,chronological,chronological,0.9999430179595947,1
50007,,,0,0,reversed,reversed,0.9993822574615479,1
50008,,,0,0,chronological,chronological,0.5261172652244568,1
50009,,,0,0,reversed,chronological,0.9993498921394348,0
50010,,,0,0,chronological,chronological,0.9999997615814209,1
50011,,,0,0,reversed,reversed,0.9999998807907104,1
50012,,,0,0,chronological,chronological,0.9904882907867432,1
50013,,,0,0,reversed,reversed,0.9999648332595825,1
50014,,,0,0,chronological,chronological,1.0,1
50015,,,0,0,reversed,reversed,1.0,1
50016,,,0,0,chronological,chronological,0.9949938654899597,1
50017,,,0,0,reversed,reversed,0.9998519420623779,1
50018,,,0,0,chronological,chronological,0.5791996121406555,1
50019,,,0,0,reversed,reversed,0.990730345249176,1
50020,,,0,0,chronological,chronological,0.5671772360801697,1
50021,,,0,0,reversed,reversed,0.6670103669166565,1
50022,,,0,0,chronological,reversed,0.9179595112800598,0
50023,,,0,0,reversed,chronological,0.9603052139282227,0
50024,,,0,0,chronological,chronological,0.9883434772491455,1
50025,,,0,0,reversed,reversed,0.9976689219474792,1
50026,,,0,0,chronological,chronological,0.999937891960144,1
50027,,,0,0,reversed,reversed,0.9999653100967407,1
50028,,,0,0,chronological,chronological,0.8185055255889893,1
50029,,,0,0,reversed,reversed,0.9908257126808167,1
50030,,,0,0,chronological,chronological,0.9200987219810486,1
50031,,,0,0,reversed,reversed,0.9998670816421509,1
50032,,,0,0,chronological,chronological,0.9721364378929138,1
50033,,,0,0,reversed,reversed,0.9999396800994873,1
50034,,,0,0,chronological,chronological,0.8548126220703125,1
50035,,,0,0,reversed,reversed,0.9999817609786987,1
50036,,,0,0,chronological,reversed,0.7045075297355652,0
50037,,,0,0,reversed,reversed,0.9998924732208252,1
50038,,,0,0,chronological,chronological,0.9999512434005737,1
50039,,,0,0,reversed,reversed,0.9999998807907104,1
50040,,,0,0,chronological,chronological,0.9999998807907104,1
50041,,,0,0,reversed,reversed,0.999972939491272,1
50042,,,0,0,chronological,reversed,0.7286260724067688,0
50043,,,0,0,reversed,reversed,0.8671138882637024,1
50044,,,0,0,chronological,reversed,0.6137718558311462,0
50045,,,0,0,reversed,reversed,0.8608222007751465,1
50046,,,0,0,chronological,reversed,0.5652957558631897,0
50047,,,0,0,reversed,reversed,0.9840277433395386,1
50048,,,0,0,chronological,chronological,0.9001039862632751,1
50049,,,0,0,reversed,reversed,0.9983048439025879,1
50050,,,0,0,chronological,chronological,0.9999939203262329,1
50051,,,0,0,reversed,reversed,0.9999949932098389,1
50052,,,0,0,chronological,chronological,0.9911690950393677,1
50053,,,0,0,reversed,reversed,0.9999996423721313,1
50054,,,0,0,chronological,chronological,0.9700007438659668,1
50055,,,0,0,reversed,reversed,0.9662749767303467,1
50056,,,0,0,chronological,chronological,0.9603111743927002,1
50057,,,0,0,reversed,reversed,0.7795753479003906,1
50058,,,0,0,chronological,chronological,0.5533384680747986,1
50059,,,0,0,reversed,reversed,0.9838279485702515,1
50060,,,0,0,chronological,chronological,0.999936580657959,1
50061,,,0,0,reversed,reversed,0.9904569983482361,1
50062,,,0,0,chronological,chronological,0.9137807488441467,1
50063,,,0,0,reversed,chronological,0.6539227962493896,0
50064,,,0,0,chronological,chronological,0.969921886920929,1
50065,,,0,0,reversed,reversed,0.9198316335678101,1
50066,,,0,0,chronological,chronological,0.9938463568687439,1
50067,,,0,0,reversed,reversed,0.9812387228012085,1
50068,,,0,0,chronological,chronological,0.7066261768341064,1
50069,,,0,0,reversed,reversed,0.9334597587585449,1
50070,,,0,0,chronological,chronological,0.9761928915977478,1
50071,,,0,0,reversed,reversed,0.9996857643127441,1
50072,,,0,0,chronological,chronological,0.9999263286590576,1
50073,,,0,0,reversed,reversed,0.9999992847442627,1
50074,,,0,0,chronological,chronological,0.6217808127403259,1
50075,,,0,0,reversed,reversed,0.9999979734420776,1
50076,,,0,0,chronological,chronological,0.7071830630302429,1
50077,,,0,0,reversed,reversed,0.5360058546066284,1
50078,,,0,0,chronological,chronological,0.5491297841072083,1
50079,,,0,0,reversed,chronological,0.6300917267799377,0
50080,,,0,0,chronological,reversed,0.5085649490356445,0
50081,,,0,0,reversed,chronological,0.6257888078689575,0
50082,,,0,0,chronological,chronological,0.7842890024185181,1
50083,,,0,0,reversed,reversed,0.8991683721542358,1
50084,,,0,0,chronological,chronological,0.9999932050704956,1
50085,,,0,0,reversed,reversed,0.9999327659606934,1
50086,,,0,0,chronological,chronological,0.9996613264083862,1
50087,,,0,0,reversed,reversed,0.9984960556030273,1
50088,,,0,0,chronological,chronological,0.9778945446014404,1
50089,,,0,0,reversed,reversed,0.7648712992668152,1
50090,,,0,0,chronological,chronological,0.9999901056289673,1
50091,,,0,0,reversed,reversed,0.9996944665908813,1
50092,,,0,0,chronological,chronological,0.5798837542533875,1
50093,,,0,0,reversed,reversed,0.607408344745636,1
50094,,,0,0,chronological,reversed,0.5730438828468323,0
50095,,,0,0,reversed,chronological,0.7265871167182922,0
50096,,,0,0,chronological,chronological,0.9998096823692322,1
50097,,,0,0,reversed,reversed,0.960840106010437,1
50098,,,0,0,chronological,chronological,0.8285308480262756,1
50099,,,0,0,reversed,chronological,0.7050793170928955,0
50100,,,0,0,chronological,chronological,0.790520191192627,1
50101,,,0,0,reversed,chronological,0.9124645590782166,0
50102,,,0,0,chronological,chronological,0.9999639987945557,1
50103,,,0,0,reversed,reversed,0.9917551279067993,1
50104,,,0,0,chronological,chronological,0.6631361842155457,1
50105,,,0,0,reversed,chronological,0.9512800574302673,0
50106,,,0,0,chronological,chronological,0.8893960118293762,1
50107,,,0,0,reversed,reversed,0.9641076326370239,1
50108,,,0,0,chronological,chronological,0.7318454384803772,1
50109,,,0,0,reversed,chronological,0.6543733477592468,0
50110,,,0,0,chronological,chronological,0.6047995686531067,1
50111,,,0,0,reversed,reversed,0.9307184219360352,1
50112,,,0,0,chronological,reversed,0.8749604225158691,0
50113,,,0,0,reversed,reversed,0.9201928973197937,1
50114,,,0,0,chronological,chronological,0.9998112320899963,1
50115,,,0,0,reversed,reversed,0.9890109896659851,1
50116,,,0,0,chronological,chronological,0.5541862845420837,1
50117,,,0,0,reversed,reversed,0.5738691687583923,1
50118,,,0,0,chronological,reversed,0.7064273953437805,0
50119,,,0,0,reversed,reversed,0.507542610168457,1
50120,,,0,0,chronological,reversed,0.7780393362045288,0
50121,,,0,0,reversed,reversed,0.8781877160072327,1
50122,,,0,0,chronological,reversed,0.5624817609786987,0
50123,,,0,0,reversed,reversed,0.7557534575462341,1
50124,,,0,0,chronological,chronological,0.7340722680091858,1
50125,,,0,0,reversed,reversed,0.793407142162323,1
50126,,,0,0,chronological,chronological,0.8801290988922119,1
50127,,,0,0,reversed,reversed,0.5289369821548462,1
50128,,,0,0,chronological,chronological,0.9959333539009094,1
50129,,,0,0,reversed,reversed,0.9799949526786804,1
50130,,,0,0,chronological,chronological,0.7100517153739929,1
50131,,,0,0,reversed,reversed,0.5270094275474548,1
50132,,,0,0,chronological,chronological,0.9120448231697083,1
50133,,,0,0,reversed,reversed,0.7341517210006714,1
50134,,,0,0,chronological,reversed,0.6141332387924194,0
50135,,,0,0,reversed,reversed,0.6483345627784729,1
50136,,,0,0,chronological,chronological,0.5919548273086548,1
50137,,,0,0,reversed,reversed,0.585542619228363,1
50138,,,0,0,chronological,reversed,0.6327033042907715,0
50139,,,0,0,reversed,reversed,0.5025908350944519,1
50140,,,0,0,chronological,chronological,0.719506025314331,1
50141,,,0,0,reversed,chronological,0.6293560862541199,0
50142,,,0,0,chronological,reversed,0.6615244746208191,0
50143,,,0,0,reversed,reversed,0.7057784199714661,1
50144,,,0,0,chronological,chronological,0.5041163563728333,1
50145,,,0,0,reversed,reversed,0.8796012997627258,1
50146,,,0,0,chronological,chronological,0.6390267014503479,1
50147,,,0,0,reversed,reversed,0.5281291007995605,1
50148,,,0,0,chronological,reversed,0.8290520906448364,0
50149,,,0,0,reversed,reversed,0.7971864938735962,1
50150,,,0,0,chronological,chronological,0.5105918645858765,1
50151,,,0,0,reversed,reversed,0.9000264406204224,1
50152,,,0,0,chronological,reversed,0.8095279335975647,0
50153,,,0,0,reversed,chronological,0.7094990611076355,0
50154,,,0,0,chronological,chronological,0.5386735200881958,1
50155,,,0,0,reversed,chronological,0.6791337728500366,0
50156,,,0,0,chronological,chronological,0.5375009775161743,1
50157,,,0,0,reversed,chronological,0.5196573138237,0
50158,,,0,0,chronological,chronological,0.8458210825920105,1
50159,,,0,0,reversed,reversed,0.8770490288734436,1
50160,,,0,0,chronological,chronological,0.9804641604423523,1
50161,,,0,0,reversed,reversed,0.5542908310890198,1
50162,,,0,0,chronological,chronological,0.9134728312492371,1
50163,,,0,0,reversed,reversed,0.5037153959274292,1
50164,,,0,0,chronological,reversed,0.8177953958511353,0
50165,,,0,0,reversed,chronological,0.9193589687347412,0
50166,,,0,0,chronological,chronological,0.7340390682220459,1
50167,,,0,0,reversed,reversed,0.6325057744979858,1
50168,,,0,0,chronological,chronological,0.8888250589370728,1
50169,,,0,0,reversed,reversed,0.5248610377311707,1
50170,,,0,0,chronological,reversed,0.5278947949409485,0
50171,,,0,0,reversed,chronological,0.8850574493408203,0
50172,,,0,0,chronological,reversed,0.7049711346626282,0
50173,,,0,0,reversed,chronological,0.5508695244789124,0
50174,,,0,0,chronological,chronological,0.936983048915863,1
50175,,,0,0,reversed,reversed,0.9962484240531921,1
50176,,,0,0,chronological,reversed,0.5622701048851013,0
50177,,,0,0,reversed,chronological,0.8415113687515259,0
50178,,,0,0,chronological,chronological,0.9860125184059143,1
50179,,,0,0,reversed,reversed,0.9985929131507874,1
50180,,,0,0,chronological,reversed,0.6464590430259705,0
50181,,,0,0,reversed,reversed,0.9924436211585999,1
50182,,,0,0,chronological,chronological,0.9761945605278015,1
50183,,,0,0,reversed,reversed,0.9998801946640015,1
50184,,,0,0,chronological,chronological,0.999868631362915,1
50185,,,0,0,reversed,reversed,0.8811795115470886,1
50186,,,0,0,chronological,chronological,0.9999890327453613,1
50187,,,0,0,reversed,reversed,0.9618192911148071,1
50188,,,0,0,chronological,chronological,0.9999970197677612,1
50189,,,0,0,reversed,reversed,0.9998804330825806,1
50190,,,0,0,chronological,chronological,0.8946452140808105,1
50191,,,0,0,reversed,chronological,0.6487167477607727,0
50192,,,0,0,chronological,chronological,0.9995087385177612,1
50193,,,0,0,reversed,reversed,0.6049307584762573,1
50194,,,0,0,chronological,chronological,0.6096872091293335,1
50195,,,0,0,reversed,chronological,0.8521093726158142,0
50196,,,0,0,chronological,chronological,0.9978702068328857,1
50197,,,0,0,reversed,reversed,0.8129726052284241,1
50198,,,0,0,chronological,chronological,0.9999992847442627,1
50199,,,0,0,reversed,reversed,0.9996389150619507,1
50200,,,0,0,chronological,chronological,0.6554216742515564,1
50201,,,0,0,reversed,reversed,0.7089024186134338,1
50202,,,0,0,chronological,chronological,0.70567786693573,1
50203,,,0,0,reversed,reversed,0.7053707838058472,1
50204,,,0,0,chronological,chronological,0.9999030828475952,1
50205,,,0,0,reversed,reversed,0.9999778270721436,1
50206,,,0,0,chronological,chronological,0.8452825546264648,1
50207,,,0,0,reversed,reversed,0.9501003623008728,1
50208,,,0,0,chronological,chronological,0.9999974966049194,1
50209,,,0,0,reversed,reversed,0.9999133348464966,1
50210,,,0,0,chronological,reversed,0.5866913199424744,0
50211,,,0,0,reversed,chronological,0.5328592658042908,0
50212,,,0,0,chronological,reversed,0.6195537447929382,0
50213,,,0,0,reversed,chronological,0.5770297646522522,0
50214,,,0,0,chronological,chronological,0.5546325445175171,1
50215,,,0,0,reversed,reversed,0.6327001452445984,1
50216,,,0,0,chronological,reversed,0.7186708450317383,0
50217,,,0,0,reversed,chronological,0.6420674920082092,0
50218,,,0,0,chronological,chronological,0.8237962126731873,1
50219,,,0,0,reversed,reversed,0.9708026647567749,1
50220,,,0,0,chronological,chronological,0.8956120610237122,1
50221,,,0,0,reversed,reversed,0.9474473595619202,1
50222,,,0,0,chronological,reversed,0.7618094086647034,0
50223,,,0,0,reversed,chronological,0.6248776912689209,0
50224,,,0,0,chronological,reversed,0.6109142899513245,0
50225,,,0,0,reversed,reversed,0.8307429552078247,1
50226,,,0,0,chronological,chronological,0.782192051410675,1
50227,,,0,0,reversed,reversed,0.5750259757041931,1
50228,,,0,0,chronological,chronological,0.8784427046775818,1
50229,,,0,0,reversed,reversed,0.5086143612861633,1
50230,,,0,0,chronological,reversed,0.5507715940475464,0
50231,,,0,0,reversed,chronological,0.6672524213790894,0
50232,,,0,0,chronological,chronological,0.7796891927719116,1
50233,,,0,0,reversed,chronological,0.7633059024810791,0
50234,,,0,0,chronological,chronological,0.6542420387268066,1
50235,,,0,0,reversed,reversed,0.9450939893722534,1
50236,,,0,0,chronological,reversed,0.876613199710846,0
50237,,,0,0,reversed,reversed,0.6265491843223572,1
50238,,,0,0,chronological,reversed,0.5912787318229675,0
50239,,,0,0,reversed,reversed,0.9042101502418518,1
50240,,,0,0,chronological,reversed,0.5886311531066895,0
50241,,,0,0,reversed,chronological,0.7086672186851501,0
50242,,,0,0,chronological,chronological,0.6465643048286438,1
50243,,,0,0,reversed,reversed,0.7528051137924194,1
50244,,,0,0,chronological,chronological,0.7839024066925049,1
50245,,,0,0,reversed,reversed,0.9163738489151001,1
50246,,,0,0,chronological,chronological,0.8049347996711731,1
50247,,,0,0,reversed,reversed,0.9558826088905334,1
50248,,,0,0,chronological,reversed,0.9480195641517639,0
50249,,,0,0,reversed,chronological,0.7652524709701538,0
50250,,,0,0,chronological,reversed,0.8009210228919983,0
50251,,,0,0,reversed,reversed,0.8486604690551758,1
50252,,,0,0,chronological,chronological,0.6611047983169556,1
50253,,,0,0,reversed,reversed,0.9951423406600952,1
50254,,,0,0,chronological,chronological,0.9996216297149658,1
50255,,,0,0,reversed,reversed,1.0,1
50256,,,0,0,chronological,reversed,0.9122024178504944,0
50257,,,0,0,reversed,chronological,0.859191358089447,0
50258,,,0,0,chronological,chronological,0.9963209629058838,1
50259,,,0,0,reversed,reversed,0.9973391890525818,1
50260,,,0,0,chronological,chronological,0.9959917664527893,1
50261,,,0,0,reversed,reversed,0.9995651841163635,1
50262,,,0,0,chronological,chronological,0.8798682689666748,1
50263,,,0,0,reversed,reversed,0.7410290241241455,1
50264,,,0,0,chronological,chronological,1.0,1
50265,,,0,0,reversed,reversed,1.0,1
50266,,,0,0,chronological,chronological,0.7179073691368103,1
50267,,,0,0,reversed,reversed,0.6369982361793518,1
50268,,,0,0,chronological,reversed,0.5650867223739624,0
50269,,,0,0,reversed,chronological,0.7143698334693909,0
50270,,,0,0,chronological,chronological,0.839720606803894,1
50271,,,0,0,reversed,reversed,0.6346343159675598,1
50272,,,0,0,chronological,chronological,0.5533577799797058,1
50273,,,0,0,reversed,reversed,0.6309015154838562,1
50274,,,0,0,chronological,chronological,0.5386552214622498,1
50275,,,0,0,reversed,reversed,0.5620641708374023,1
50276,,,0,0,chronological,reversed,0.5333823561668396,0
50277,,,0,0,reversed,chronological,0.6933929920196533,0
50278,,,0,0,chronological,reversed,0.5243087410926819,0
50279,,,0,0,reversed,chronological,0.7695311307907104,0
50280,,,0,0,chronological,chronological,0.7508515119552612,1
50281,,,0,0,reversed,chronological,0.5254346132278442,0
50282,,,0,0,chronological,chronological,0.6046461462974548,1
50283,,,0,0,reversed,chronological,0.577454686164856,0
50284,,,0,0,chronological,chronological,0.9104840159416199,1
50285,,,0,0,reversed,reversed,0.7165490388870239,1
50286,,,0,0,chronological,reversed,0.785377562046051,0
50287,,,0,0,reversed,chronological,0.8993576169013977,0
50288,,,0,0,chronological,chronological,0.5159706473350525,1
50289,,,0,0,reversed,reversed,0.5123719573020935,1
50290,,,0,0,chronological,chronological,0.745320737361908,1
50291,,,0,0,reversed,reversed,0.6974416375160217,1
50292,,,0,0,chronological,chronological,0.9597395062446594,1
50293,,,0,0,reversed,reversed,0.7136738300323486,1
50294,,,0,0,chronological,chronological,0.6395348310470581,1
50295,,,0,0,reversed,chronological,0.6388980746269226,0
50296,,,0,0,chronological,chronological,0.9484447836875916,1
50297,,,0,0,reversed,reversed,0.9045988917350769,1
50298,,,0,0,chronological,chronological,0.9704982042312622,1
50299,,,0,0,reversed,reversed,0.9942873120307922,1
50300,,,0,0,chronological,chronological,0.6448227167129517,1
50301,,,0,0,reversed,chronological,0.7080260515213013,0
50302,,,0,0,chronological,chronological,0.889681339263916,1
50303,,,0,0,reversed,chronological,0.6144137382507324,0
50304,,,0,0,chronological,chronological,0.8050712943077087,1
50305,,,0,0,reversed,chronological,0.6359091997146606,0
50306,,,0,0,chronological,chronological,0.5556588768959045,1
50307,,,0,0,reversed,chronological,0.7136406302452087,0
50308,,,0,0,chronological,chronological,0.5010893940925598,1
50309,,,0,0,reversed,chronological,0.6610928177833557,0
50310,,,0,0,chronological,reversed,0.9961643218994141,0
50311,,,0,0,reversed,chronological,0.9999626874923706,0
50312,,,0,0,chronological,chronological,0.970698893070221,1
50313,,,0,0,reversed,reversed,0.8387176990509033,1
50314,,,0,0,chronological,chronological,0.7697551846504211,1
50315,,,0,0,reversed,reversed,0.5374085903167725,1
50316,,,0,0,chronological,chronological,0.8520476818084717,1
50317,,,0,0,reversed,reversed,0.994813084602356,1
50318,,,0,0,chronological,chronological,0.9997872710227966,1
50319,,,0,0,reversed,reversed,0.988902747631073,1
50320,,,0,0,chronological,chronological,0.8700170516967773,1
50321,,,0,0,reversed,chronological,0.5184279084205627,0
50322,,,0,0,chronological,chronological,0.980903148651123,1
50323,,,0,0,reversed,reversed,0.9084187746047974,1
50324,,,0,0,chronological,chronological,0.9985950589179993,1
50325,,,0,0,reversed,reversed,0.9918740391731262,1
50326,,,0,0,chronological,chronological,0.602664589881897,1
50327,,,0,0,reversed,reversed,0.8750500082969666,1
50328,,,0,0,chronological,chronological,0.99982750415802,1
50329,,,0,0,reversed,reversed,0.9984523057937622,1
50330,,,0,0,chronological,reversed,0.957378089427948,0
50331,,,0,0,reversed,reversed,0.5206988453865051,1
50332,,,0,0,chronological,chronological,0.9999943971633911,1
50333,,,0,0,reversed,reversed,0.9999947547912598,1
50334,,,0,0,chronological,chronological,0.998132050037384,1
50335,,,0,0,reversed,reversed,0.9999998807907104,1
50336,,,0,0,chronological,chronological,0.5586704611778259,1
50337,,,0,0,reversed,chronological,0.9142107963562012,0
50338,,,0,0,chronological,chronological,0.7069575190544128,1
50339,,,0,0,reversed,reversed,0.5554828643798828,1
50340,,,0,0,chronological,chronological,0.6610128283500671,1
50341,,,0,0,reversed,chronological,0.5290029644966125,0
50342,,,0,0,chronological,chronological,0.847935676574707,1
50343,,,0,0,reversed,chronological,0.5539535284042358,0
50344,,,0,0,chronological,chronological,0.997968852519989,1
50345,,,0,0,reversed,reversed,0.6096100807189941,1
50346,,,0,0,chronological,chronological,0.9824562072753906,1
50347,,,0,0,reversed,chronological,0.8196430206298828,0
50348,,,0,0,chronological,chronological,0.7778674364089966,1
50349,,,0,0,reversed,chronological,0.8314865827560425,0
50350,,,0,0,chronological,chronological,0.9613986611366272,1
50351,,,0,0,reversed,reversed,0.7208589315414429,1
50352,,,0,0,chronological,chronological,0.5566577315330505,1
50353,,,0,0,reversed,reversed,0.5132452845573425,1
50354,,,0,0,chronological,chronological,0.6263918280601501,1
50355,,,0,0,reversed,reversed,0.6294789910316467,1
50356,,,0,0,chronological,chronological,0.9999974966049194,1
50357,,,0,0,reversed,reversed,0.8473078012466431,1
50358,,,0,0,chronological,chronological,0.6530055999755859,1
50359,,,0,0,reversed,reversed,0.746163547039032,1
50360,,,0,0,chronological,chronological,0.5901690721511841,1
50361,,,0,0,reversed,reversed,0.587519645690918,1
50362,,,0,0,chronological,chronological,0.507792592048645,1
50363,,,0,0,reversed,chronological,0.8684158325195312,0
50364,,,0,0,chronological,chronological,0.9307776093482971,1
50365,,,0,0,reversed,reversed,0.9916572570800781,1
50366,,,0,0,chronological,reversed,0.5737505555152893,0
50367,,,0,0,reversed,reversed,0.6329044103622437,1
50368,,,0,0,chronological,chronological,0.5517607927322388,1
50369,,,0,0,reversed,chronological,0.5157727599143982,0
50370,,,0,0,chronological,chronological,0.968431293964386,1
50371,,,0,0,reversed,reversed,0.5174906849861145,1
50372,,,0,0,chronological,chronological,0.9117804169654846,1
50373,,,0,0,reversed,chronological,0.8879738450050354,0
50374,,,0,0,chronological,chronological,0.774432361125946,1
50375,,,0,0,reversed,chronological,0.6344715356826782,0
50376,,,0,0,chronological,chronological,0.9778963327407837,1
50377,,,0,0,reversed,chronological,0.7692738771438599,0
50378,,,0,0,chronological,chronological,0.8758239150047302,1
50379,,,0,0,reversed,reversed,0.530193567276001,1
50380,,,0,0,chronological,chronological,0.5310682654380798,1
50381,,,0,0,reversed,chronological,0.5558379888534546,0
50382,,,0,0,chronological,chronological,0.8910667300224304,1
50383,,,0,0,reversed,chronological,0.7500536441802979,0
50384,,,0,0,chronological,chronological,0.9300865530967712,1
50385,,,0,0,reversed,chronological,0.7983275651931763,0
50386,,,0,0,chronological,chronological,0.9327835440635681,1
50387,,,0,0,reversed,reversed,0.5372080206871033,1
50388,,,0,0,chronological,chronological,0.6873149871826172,1
50389,,,0,0,reversed,chronological,0.5360407829284668,0
50390,,,0,0,chronological,reversed,0.5875025987625122,0
50391,,,0,0,reversed,chronological,0.5200746059417725,0
50392,,,0,0,chronological,chronological,0.627388596534729,1
50393,,,0,0,reversed,reversed,0.5420631170272827,1
50394,,,0,0,chronological,chronological,0.5615812540054321,1
50395,,,0,0,reversed,reversed,0.5955654382705688,1
50396,,,0,0,chronological,reversed,0.5306565165519714,0
50397,,,0,0,reversed,reversed,0.6268531084060669,1
50398,,,0,0,chronological,reversed,0.634208619594574,0
50399,,,0,0,reversed,reversed,0.7484999895095825,1
50400,,,0,0,chronological,reversed,0.6378454566001892,0
50401,,,0,0,reversed,chronological,0.5439905524253845,0
50402,,,0,0,chronological,chronological,0.6725326776504517,1
50403,,,0,0,reversed,chronological,0.5251800417900085,0
50404,,,0,0,chronological,chronological,0.5046892166137695,1
50405,,,0,0,reversed,chronological,0.5107335448265076,0
50406,,,0,0,chronological,reversed,0.547457754611969,0
50407,,,0,0,reversed,chronological,0.506915271282196,0
50408,,,0,0,chronological,chronological,0.5136497020721436,1
50409,,,0,0,reversed,reversed,0.5174841284751892,1
50410,,,0,0,chronological,reversed,0.5309188961982727,0
50411,,,0,0,reversed,reversed,0.5281705856323242,1
50412,,,0,0,chronological,reversed,0.6063480973243713,0
50413,,,0,0,reversed,reversed,0.5624760389328003,1
50414,,,0,0,chronological,reversed,0.5771863460540771,0
50415,,,0,0,reversed,reversed,0.5577278733253479,1
50416,,,0,0,chronological,chronological,0.5141440629959106,1
50417,,,0,0,reversed,reversed,0.5835756063461304,1
50418,,,0,0,chronological,reversed,0.5491949319839478,0
50419,,,0,0,reversed,reversed,0.6393206119537354,1
50420,,,0,0,chronological,reversed,0.6215790510177612,0
50421,,,0,0,reversed,reversed,0.6336078643798828,1
50422,,,0,0,chronological,reversed,0.6103591918945312,0
50423,,,0,0,reversed,reversed,0.656452476978302,1
50424,,,0,0,chronological,chronological,0.7496362328529358,1
50425,,,0,0,reversed,reversed,0.9079105854034424,1
50426,,,0,0,chronological,chronological,0.7976981401443481,1
50427,,,0,0,reversed,reversed,0.9356899261474609,1
50428,,,0,0,chronological,chronological,0.6612050533294678,1
50429,,,0,0,reversed,chronological,0.5203743577003479,0
50430,,,0,0,chronological,chronological,0.9952878952026367,1
50431,,,0,0,reversed,reversed,0.9081630706787109,1
50432,,,0,0,chronological,chronological,0.9445395469665527,1
50433,,,0,0,reversed,reversed,0.6055881977081299,1
50434,,,0,0,chronological,chronological,0.5626282691955566,1
50435,,,0,0,reversed,reversed,0.5441825985908508,1
50436,,,0,0,chronological,chronological,0.7683733105659485,1
50437,,,0,0,reversed,chronological,0.7215500473976135,0
50438,,,0,0,chronological,reversed,0.642547607421875,0
50439,,,0,0,reversed,reversed,0.6221937537193298,1
50440,,,0,0,chronological,chronological,0.5793208479881287,1
50441,,,0,0,reversed,reversed,0.9813433289527893,1
50442,,,0,0,chronological,chronological,0.9821564555168152,1
50443,,,0,0,reversed,reversed,0.9971240162849426,1
50444,,,0,0,chronological,reversed,0.8686332106590271,0
50445,,,0,0,reversed,reversed,0.9975415468215942,1
50446,,,0,0,chronological,chronological,0.790122389793396,1
50447,,,0,0,reversed,reversed,0.9925372004508972,1
50448,,,0,0,chronological,chronological,0.9992743134498596,1
50449,,,0,0,reversed,reversed,0.9998288154602051,1
50450,,,0,0,chronological,chronological,0.9998859167098999,1
50451,,,0,0,reversed,reversed,0.9988023042678833,1
50452,,,0,0,chronological,chronological,0.7971457839012146,1
50453,,,0,0,reversed,reversed,0.7853514552116394,1
50454,,,0,0,chronological,reversed,0.7187350988388062,0
50455,,,0,0,reversed,chronological,0.6294075846672058,0
50456,,,0,0,chronological,chronological,0.9130934476852417,1
50457,,,0,0,reversed,reversed,0.9500264525413513,1
50458,,,0,0,chronological,chronological,0.917295515537262,1
50459,,,0,0,reversed,reversed,0.5948432087898254,1
50460,,,0,0,chronological,chronological,0.9985880255699158,1
50461,,,0,0,reversed,reversed,0.6386183500289917,1
50462,,,0,0,chronological,reversed,0.8980371356010437,0
50463,,,0,0,reversed,chronological,0.9931094646453857,0
50464,,,0,0,chronological,chronological,0.9999691247940063,1
50465,,,0,0,reversed,reversed,0.9655905961990356,1
50466,,,0,0,chronological,chronological,1.0,1
50467,,,0,0,reversed,reversed,0.9998131394386292,1
50468,,,0,0,chronological,chronological,0.7520775198936462,1
50469,,,0,0,reversed,reversed,0.9786996841430664,1
50470,,,0,0,chronological,reversed,0.9941163063049316,0
50471,,,0,0,reversed,chronological,0.9164680242538452,0
50472,,,0,0,chronological,chronological,0.9961961507797241,1
50473,,,0,0,reversed,reversed,0.9998383522033691,1
50474,,,0,0,chronological,chronological,0.9633901715278625,1
50475,,,0,0,reversed,reversed,0.9333502054214478,1
50476,,,0,0,chronological,chronological,0.9853679537773132,1
50477,,,0,0,reversed,chronological,0.6493463516235352,0
50478,,,0,0,chronological,chronological,0.9999970197677612,1
50479,,,0,0,reversed,reversed,0.9999535083770752,1
50480,,,0,0,chronological,chronological,0.8836007714271545,1
50481,,,0,0,reversed,chronological,0.5024755001068115,0
50482,,,0,0,chronological,chronological,0.7612935304641724,1
50483,,,0,0,reversed,reversed,0.7176597118377686,1
50484,,,0,0,chronological,chronological,0.7291483283042908,1
50485,,,0,0,reversed,reversed,0.5226107239723206,1
50486,,,0,0,chronological,chronological,0.9049350023269653,1
50487,,,0,0,reversed,chronological,0.5286239981651306,0
50488,,,0,0,chronological,reversed,0.9946997165679932,0
50489,,,0,0,reversed,reversed,0.510249137878418,1
50490,,,0,0,chronological,chronological,0.9492126703262329,1
50491,,,0,0,reversed,reversed,0.7987064719200134,1
50492,,,0,0,chronological,chronological,0.8572855591773987,1
50493,,,0,0,reversed,reversed,0.5558494925498962,1
50494,,,0,0,chronological,reversed,0.5955838561058044,0
50495,,,0,0,reversed,reversed,0.5211302042007446,1
50496,,,0,0,chronological,reversed,0.5217781066894531,0
50497,,,0,0,reversed,chronological,0.5438562631607056,0
50498,,,0,0,chronological,chronological,0.963816225528717,1
50499,,,0,0,reversed,chronological,0.868206799030304,0
50500,,,0,0,chronological,chronological,0.8999772667884827,1
50501,,,0,0,reversed,chronological,0.9860761761665344,0
50502,,,0,0,chronological,chronological,0.9990015625953674,1
50503,,,0,0,reversed,reversed,0.7610079646110535,1
50504,,,0,0,chronological,chronological,0.9991313815116882,1
50505,,,0,0,reversed,reversed,0.7852264046669006,1
57968,,,0,0,chronological,chronological,0.9960894584655762,1
57969,,,0,0,reversed,reversed,0.5661895871162415,1
57970,,,0,0,chronological,chronological,0.7186893820762634,1
57971,,,0,0,reversed,reversed,0.7331870198249817,1
57972,,,0,0,chronological,reversed,0.7143345475196838,0
57973,,,0,0,reversed,chronological,0.5894989371299744,0
57974,,,0,0,chronological,chronological,0.9998655319213867,1
57975,,,0,0,reversed,reversed,0.8878046870231628,1
57976,,,0,0,chronological,chronological,0.9055280089378357,1
57977,,,0,0,reversed,chronological,0.7902076840400696,0
57978,,,0,0,chronological,chronological,0.9684499502182007,1
57979,,,0,0,reversed,chronological,0.7579392790794373,0
57980,,,0,0,chronological,chronological,0.9877402186393738,1
57981,,,0,0,reversed,chronological,0.7610960602760315,0
57982,,,0,0,chronological,chronological,0.8787850737571716,1
57983,,,0,0,reversed,reversed,0.9735980033874512,1
57984,,,0,0,chronological,reversed,0.5789139866828918,0
57985,,,0,0,reversed,reversed,0.7351489067077637,1
57986,,,0,0,chronological,chronological,0.9617262482643127,1
57987,,,0,0,reversed,reversed,0.9209719896316528,1
57988,,,0,0,chronological,chronological,0.9966349005699158,1
57989,,,0,0,reversed,reversed,0.9998633861541748,1
57990,,,0,0,chronological,reversed,0.9911221265792847,0
57991,,,0,0,reversed,reversed,0.7729668617248535,1
57992,,,0,0,chronological,chronological,0.9960617423057556,1
57993,,,0,0,reversed,reversed,0.999930739402771,1
57994,,,0,0,chronological,chronological,0.9999929666519165,1
57995,,,0,0,reversed,reversed,1.0,1
57996,,,0,0,chronological,chronological,0.9932581186294556,1
57997,,,0,0,reversed,reversed,0.999651312828064,1
57998,,,0,0,chronological,chronological,0.9997360110282898,1
57999,,,0,0,reversed,reversed,0.9998856782913208,1
58000,,,0,0,chronological,chronological,0.999997615814209,1
58001,,,0,0,reversed,reversed,1.0,1
58002,,,0,0,chronological,chronological,1.0,1
58003,,,0,0,reversed,reversed,1.0,1
58004,,,0,0,chronological,reversed,0.8389217853546143,0
58005,,,0,0,reversed,chronological,0.9136472940444946,0
58006,,,0,0,chronological,reversed,0.5716583132743835,0
58007,,,0,0,reversed,reversed,0.6166831254959106,1
58008,,,0,0,chronological,chronological,0.5809237957000732,1
58009,,,0,0,reversed,reversed,0.8538586497306824,1
58010,,,0,0,chronological,chronological,0.6267874240875244,1
58011,,,0,0,reversed,reversed,0.8144736886024475,1
58012,,,0,0,chronological,chronological,0.7029661536216736,1
58013,,,0,0,reversed,reversed,0.702795147895813,1
58014,,,0,0,chronological,reversed,0.6063103675842285,0
58015,,,0,0,reversed,chronological,0.5945225358009338,0
58016,,,0,0,chronological,chronological,0.65651535987854,1
58017,,,0,0,reversed,reversed,0.7656254768371582,1
58018,,,0,0,chronological,chronological,0.8644800186157227,1
58019,,,0,0,reversed,reversed,0.9040361046791077,1
58020,,,0,0,chronological,chronological,0.765680730342865,1
58021,,,0,0,reversed,reversed,0.8129997849464417,1
58022,,,0,0,chronological,chronological,0.9999879598617554,1
58023,,,0,0,reversed,reversed,0.9999977350234985,1
58024,,,0,0,chronological,chronological,0.9982715845108032,1
58025,,,0,0,reversed,reversed,0.9932717680931091,1
58026,,,0,0,chronological,reversed,0.8111839890480042,0
58027,,,0,0,reversed,reversed,0.9988617897033691,1
58028,,,0,0,chronological,reversed,0.5461609959602356,0
58029,,,0,0,reversed,chronological,0.9860122799873352,0
58030,,,0,0,chronological,chronological,0.999895453453064,1
58031,,,0,0,reversed,reversed,0.999968409538269,1
58032,,,0,0,chronological,reversed,0.8054877519607544,0
58033,,,0,0,reversed,reversed,0.9927608966827393,1
58034,,,0,0,chronological,chronological,0.9979475140571594,1
58035,,,0,0,reversed,reversed,0.9999650716781616,1
58036,,,0,0,chronological,chronological,0.9998832941055298,1
58037,,,0,0,reversed,reversed,0.9999772310256958,1
58038,,,0,0,chronological,chronological,0.8798038959503174,1
58039,,,0,0,reversed,reversed,0.9953970313072205,1
58040,,,0,0,chronological,reversed,0.7495776414871216,0
58041,,,0,0,reversed,reversed,0.6449709534645081,1
58042,,,0,0,chronological,chronological,0.9999769926071167,1
58043,,,0,0,reversed,reversed,0.9999575614929199,1
58044,,,0,0,chronological,chronological,1.0,1
58045,,,0,0,reversed,reversed,1.0,1
58046,,,0,0,chronological,chronological,0.9412610530853271,1
58047,,,0,0,reversed,reversed,0.9997695088386536,1
58048,,,0,0,chronological,chronological,0.9866429567337036,1
58049,,,0,0,reversed,reversed,0.9999164342880249,1
58050,,,0,0,chronological,chronological,0.9999995231628418,1
58051,,,0,0,reversed,reversed,1.0,1
58052,,,0,0,chronological,chronological,0.9997294545173645,1
58053,,,0,0,reversed,reversed,0.9952303171157837,1
58054,,,0,0,chronological,chronological,0.9991006851196289,1
58055,,,0,0,reversed,reversed,0.989364504814148,1
58056,,,0,0,chronological,chronological,0.9999414682388306,1
58057,,,0,0,reversed,reversed,0.9998781681060791,1
58058,,,0,0,chronological,chronological,0.9999955892562866,1
58059,,,0,0,reversed,reversed,0.9972917437553406,1
58060,,,0,0,chronological,chronological,0.9800816178321838,1
58061,,,0,0,reversed,reversed,0.9841963648796082,1
58062,,,0,0,chronological,chronological,0.9716189503669739,1
58063,,,0,0,reversed,reversed,0.8393948078155518,1
58064,,,0,0,chronological,chronological,0.9990634322166443,1
58065,,,0,0,reversed,reversed,0.9821153879165649,1
58066,,,0,0,chronological,chronological,0.9980922341346741,1
58067,,,0,0,reversed,reversed,0.9922282099723816,1
58068,,,0,0,chronological,chronological,0.761996865272522,1
58069,,,0,0,reversed,reversed,0.7582512497901917,1
58070,,,0,0,chronological,reversed,0.9993578791618347,0
58071,,,0,0,reversed,chronological,0.9987634420394897,0
58072,,,0,0,chronological,chronological,0.5851924419403076,1
58073,,,0,0,reversed,reversed,0.9966009259223938,1
58074,,,0,0,chronological,chronological,1.0,1
58075,,,0,0,reversed,reversed,1.0,1
58076,,,0,0,chronological,chronological,1.0,1
58077,,,0,0,reversed,reversed,1.0,1
58078,,,0,0,chronological,chronological,0.8858346343040466,1
58079,,,0,0,reversed,reversed,0.9670074582099915,1
58080,,,0,0,chronological,chronological,0.9999436140060425,1
58081,,,0,0,reversed,reversed,0.9999895095825195,1
58082,,,0,0,chronological,chronological,0.9956960678100586,1
58083,,,0,0,reversed,reversed,0.9953106045722961,1
58084,,,0,0,chronological,reversed,0.6214680671691895,0
58085,,,0,0,reversed,reversed,0.5014793276786804,1
58086,,,0,0,chronological,chronological,0.9528106451034546,1
58087,,,0,0,reversed,reversed,0.9886264204978943,1
58088,,,0,0,chronological,chronological,0.9314749240875244,1
58089,,,0,0,reversed,reversed,1.0,1
58090,,,0,0,chronological,reversed,0.8742319345474243,0
58091,,,0,0,reversed,reversed,0.8744792342185974,1
58092,,,0,0,chronological,chronological,0.9502782821655273,1
58093,,,0,0,reversed,chronological,0.5192400813102722,0
58094,,,0,0,chronological,chronological,1.0,1
58095,,,0,0,reversed,reversed,0.9999963045120239,1
58096,,,0,0,chronological,chronological,0.9942525029182434,1
58097,,,0,0,reversed,reversed,0.9662528038024902,1
58098,,,0,0,chronological,chronological,0.9989946484565735,1
58099,,,0,0,reversed,reversed,0.7921801805496216,1
58100,,,0,0,chronological,chronological,0.9999915361404419,1
58101,,,0,0,reversed,reversed,0.9998525381088257,1
58102,,,0,0,chronological,reversed,0.6748790740966797,0
58103,,,0,0,reversed,reversed,0.6646094918251038,1
58104,,,0,0,chronological,reversed,0.7427141070365906,0
58105,,,0,0,reversed,chronological,0.8094474077224731,0
58106,,,0,0,chronological,chronological,0.9980022311210632,1
58107,,,0,0,reversed,reversed,0.8744105696678162,1
58108,,,0,0,chronological,chronological,0.8181657791137695,1
58109,,,0,0,reversed,chronological,0.9777613878250122,0
58110,,,0,0,chronological,chronological,0.9732163548469543,1
58111,,,0,0,reversed,reversed,0.9703402519226074,1
58112,,,0,0,chronological,chronological,0.8216763138771057,1
58113,,,0,0,reversed,reversed,0.9746968150138855,1
58114,,,0,0,chronological,chronological,0.9976728558540344,1
58115,,,0,0,reversed,reversed,0.995516836643219,1
58116,,,0,0,chronological,chronological,0.7242950201034546,1
58117,,,0,0,reversed,reversed,0.6425116658210754,1
58118,,,0,0,chronological,reversed,0.8472976684570312,0
58119,,,0,0,reversed,chronological,0.7050012350082397,0
58120,,,0,0,chronological,reversed,0.623677670955658,0
58121,,,0,0,reversed,reversed,0.8095114231109619,1
58122,,,0,0,chronological,chronological,0.9390727281570435,1
58123,,,0,0,reversed,reversed,0.8903689980506897,1
58124,,,0,0,chronological,chronological,0.9214208722114563,1
58125,,,0,0,reversed,reversed,0.9487431645393372,1
58126,,,0,0,chronological,chronological,0.7497262954711914,1
58127,,,0,0,reversed,reversed,0.7562940120697021,1
58128,,,0,0,chronological,chronological,0.7448664307594299,1
58129,,,0,0,reversed,chronological,0.8316053152084351,0
58130,,,0,0,chronological,chronological,0.9672580361366272,1
58131,,,0,0,reversed,reversed,0.7925038933753967,1
58132,,,0,0,chronological,reversed,0.5001125931739807,0
58133,,,0,0,reversed,chronological,0.5586336851119995,0
58134,,,0,0,chronological,chronological,0.6881755590438843,1
58135,,,0,0,reversed,reversed,0.7463786602020264,1
58136,,,0,0,chronological,chronological,0.5346602201461792,1
58137,,,0,0,reversed,chronological,0.7557756900787354,0
58138,,,0,0,chronological,reversed,0.7480624914169312,0
58139,,,0,0,reversed,chronological,0.7687398791313171,0
58140,,,0,0,chronological,chronological,0.9924060702323914,1
58141,,,0,0,reversed,reversed,0.9945683479309082,1
58142,,,0,0,chronological,chronological,0.9999980926513672,1
58143,,,0,0,reversed,reversed,0.9999943971633911,1
58144,,,0,0,chronological,reversed,0.5013637542724609,0
58145,,,0,0,reversed,chronological,0.643877387046814,0
58146,,,0,0,chronological,chronological,0.8398020267486572,1
58147,,,0,0,reversed,reversed,0.6028269529342651,1
58148,,,0,0,chronological,reversed,0.5038709044456482,0
58149,,,0,0,reversed,reversed,0.6478267908096313,1
58150,,,0,0,chronological,chronological,0.5887091755867004,1
58151,,,0,0,reversed,reversed,0.8084824681282043,1
58152,,,0,0,chronological,reversed,0.8323523998260498,0
58153,,,0,0,reversed,chronological,0.5938522815704346,0
58154,,,0,0,chronological,chronological,0.617739200592041,1
58155,,,0,0,reversed,reversed,0.6945412158966064,1
58156,,,0,0,chronological,chronological,0.5429041981697083,1
58157,,,0,0,reversed,reversed,0.656413733959198,1
58158,,,0,0,chronological,reversed,0.612359881401062,0
58159,,,0,0,reversed,chronological,0.551004946231842,0
58160,,,0,0,chronological,chronological,0.5071623921394348,1
58161,,,0,0,reversed,reversed,0.5230967402458191,1
58162,,,0,0,chronological,chronological,0.6686750650405884,1
58163,,,0,0,reversed,reversed,0.757561981678009,1
58164,,,0,0,chronological,chronological,0.5674450993537903,1
58165,,,0,0,reversed,chronological,0.7570382356643677,0
58166,,,0,0,chronological,chronological,0.6937962174415588,1
58167,,,0,0,reversed,reversed,0.695705771446228,1
58168,,,0,0,chronological,chronological,0.9877539277076721,1
58169,,,0,0,reversed,reversed,0.8811089396476746,1
58170,,,0,0,chronological,reversed,0.6458725929260254,0
58171,,,0,0,reversed,chronological,0.7973498106002808,0
58172,,,0,0,chronological,reversed,0.7817784547805786,0
58173,,,0,0,reversed,reversed,0.7195644974708557,1
58174,,,0,0,chronological,chronological,0.9263345003128052,1
58175,,,0,0,reversed,reversed,0.9984118938446045,1
58176,,,0,0,chronological,reversed,0.5568565726280212,0
58177,,,0,0,reversed,chronological,0.9333280920982361,0
58178,,,0,0,chronological,chronological,0.9237425923347473,1
58179,,,0,0,reversed,reversed,0.8749679923057556,1
58180,,,0,0,chronological,chronological,0.6426296830177307,1
58181,,,0,0,reversed,chronological,0.6626878976821899,0
58182,,,0,0,chronological,chronological,0.8832963705062866,1
58183,,,0,0,reversed,reversed,0.7334674000740051,1
58184,,,0,0,chronological,chronological,0.9913628101348877,1
58185,,,0,0,reversed,reversed,0.8181624412536621,1
58186,,,0,0,chronological,chronological,0.9079186320304871,1
58187,,,0,0,reversed,chronological,0.519310712814331,0
58188,,,0,0,chronological,chronological,0.7926449179649353,1
58189,,,0,0,reversed,chronological,0.5973699688911438,0
58190,,,0,0,chronological,chronological,0.9988490343093872,1
58191,,,0,0,reversed,reversed,0.9862582683563232,1
58192,,,0,0,chronological,reversed,0.6290044784545898,0
58193,,,0,0,reversed,reversed,0.5067035555839539,1
58194,,,0,0,chronological,chronological,0.7289894819259644,1
58195,,,0,0,reversed,reversed,0.9027906656265259,1
58196,,,0,0,chronological,reversed,0.907336413860321,0
58197,,,0,0,reversed,chronological,0.7999882698059082,0
58198,,,0,0,chronological,reversed,0.654511570930481,0
58199,,,0,0,reversed,chronological,0.8859934210777283,0
58200,,,0,0,chronological,chronological,0.9689842462539673,1
58201,,,0,0,reversed,reversed,0.8742636442184448,1
58202,,,0,0,chronological,reversed,0.5276064872741699,0
58203,,,0,0,reversed,reversed,0.8471506834030151,1
58204,,,0,0,chronological,chronological,0.9358397126197815,1
58205,,,0,0,reversed,reversed,0.948567271232605,1
58206,,,0,0,chronological,reversed,0.7097556591033936,0
58207,,,0,0,reversed,chronological,0.6718851327896118,0
58208,,,0,0,chronological,reversed,0.6145543456077576,0
58209,,,0,0,reversed,reversed,0.8490095138549805,1
58210,,,0,0,chronological,chronological,0.9998200535774231,1
58211,,,0,0,reversed,reversed,0.9999977350234985,1
58212,,,0,0,chronological,chronological,0.9882814288139343,1
58213,,,0,0,reversed,reversed,0.6109033226966858,1
58214,,,0,0,chronological,reversed,0.5346762537956238,0
58215,,,0,0,reversed,chronological,0.854507327079773,0
58216,,,0,0,chronological,chronological,0.9952592253684998,1
58217,,,0,0,reversed,reversed,0.928287148475647,1
58218,,,0,0,chronological,chronological,0.9996329545974731,1
58219,,,0,0,reversed,reversed,0.9314011931419373,1
58220,,,0,0,chronological,chronological,0.5661758184432983,1
58221,,,0,0,reversed,chronological,0.8930586576461792,0
58222,,,0,0,chronological,reversed,0.907616376876831,0
58223,,,0,0,reversed,chronological,0.8715986609458923,0
58224,,,0,0,chronological,chronological,0.9986999034881592,1
58225,,,0,0,reversed,reversed,0.9999574422836304,1
58226,,,0,0,chronological,reversed,0.6613895297050476,0
58227,,,0,0,reversed,chronological,0.7319736480712891,0
58228,,,0,0,chronological,reversed,0.7157309055328369,0
58229,,,0,0,reversed,chronological,0.6174895763397217,0
58230,,,0,0,chronological,chronological,0.7491763830184937,1
58231,,,0,0,reversed,reversed,0.9535785913467407,1
58232,,,0,0,chronological,reversed,0.7427480220794678,0
58233,,,0,0,reversed,chronological,0.6254673004150391,0
58234,,,0,0,chronological,reversed,0.5247985124588013,0
58235,,,0,0,reversed,reversed,0.5534108877182007,1
58236,,,0,0,chronological,chronological,0.5083897113800049,1
58237,,,0,0,reversed,reversed,0.5293970108032227,1
58238,,,0,0,chronological,reversed,0.5519254803657532,0
58239,,,0,0,reversed,chronological,0.5246079564094543,0
58240,,,0,0,chronological,chronological,0.5083512663841248,1
58241,,,0,0,reversed,reversed,0.594935953617096,1
58242,,,0,0,chronological,reversed,0.8148672580718994,0
58243,,,0,0,reversed,chronological,0.7291120886802673,0
58244,,,0,0,chronological,chronological,0.9393265843391418,1
58245,,,0,0,reversed,reversed,0.991710901260376,1
58246,,,0,0,chronological,chronological,0.5494818687438965,1
58247,,,0,0,reversed,reversed,0.9581698179244995,1
58248,,,0,0,chronological,chronological,0.8444638848304749,1
58249,,,0,0,reversed,reversed,0.9835839867591858,1
58250,,,0,0,chronological,reversed,0.5373867154121399,0
58251,,,0,0,reversed,chronological,0.6457901000976562,0
58252,,,0,0,chronological,chronological,0.8927576541900635,1
58253,,,0,0,reversed,chronological,0.8914904594421387,0
58254,,,0,0,chronological,chronological,0.6652035713195801,1
58255,,,0,0,reversed,reversed,0.5736942887306213,1
58256,,,0,0,chronological,chronological,0.9347561001777649,1
58257,,,0,0,reversed,reversed,0.7908498048782349,1
58258,,,0,0,chronological,reversed,0.6472513675689697,0
58259,,,0,0,reversed,reversed,0.6851242184638977,1
58260,,,0,0,chronological,chronological,0.6294747591018677,1
58261,,,0,0,reversed,reversed,0.6804671287536621,1
58262,,,0,0,chronological,chronological,0.8412744402885437,1
58263,,,0,0,reversed,reversed,0.5403851270675659,1
58264,,,0,0,chronological,chronological,0.6189171671867371,1
58265,,,0,0,reversed,reversed,0.5583360195159912,1
58266,,,0,0,chronological,chronological,0.7781444191932678,1
58267,,,0,0,reversed,chronological,0.5497390627861023,0
58268,,,0,0,chronological,chronological,0.9400164484977722,1
58269,,,0,0,reversed,reversed,0.6732645034790039,1
58270,,,0,0,chronological,chronological,0.5666287541389465,1
58271,,,0,0,reversed,chronological,0.8471764922142029,0
58272,,,0,0,chronological,chronological,0.727888822555542,1
58273,,,0,0,reversed,reversed,0.521735668182373,1
58274,,,0,0,chronological,chronological,0.9026102423667908,1
58275,,,0,0,reversed,reversed,0.8354540467262268,1
58276,,,0,0,chronological,chronological,0.9005861878395081,1
58277,,,0,0,reversed,chronological,0.5777100324630737,0
58278,,,0,0,chronological,chronological,0.9714930057525635,1
58279,,,0,0,reversed,reversed,0.8511034846305847,1
58280,,,0,0,chronological,chronological,0.531548023223877,1
58281,,,0,0,reversed,chronological,0.5453417301177979,0
58282,,,0,0,chronological,chronological,0.5637568831443787,1
58283,,,0,0,reversed,chronological,0.9877921938896179,0
58284,,,0,0,chronological,chronological,0.9984670281410217,1
58285,,,0,0,reversed,reversed,0.6237167716026306,1
58286,,,0,0,chronological,chronological,0.9299935698509216,1
58287,,,0,0,reversed,reversed,0.9514196515083313,1
58288,,,0,0,chronological,chronological,0.9977013468742371,1
58289,,,0,0,reversed,reversed,0.9973405003547668,1
58290,,,0,0,chronological,reversed,0.8761573433876038,0
58291,,,0,0,reversed,chronological,0.859460175037384,0
58292,,,0,0,chronological,reversed,0.8918495178222656,0
58293,,,0,0,reversed,chronological,0.9968711733818054,0
58294,,,0,0,chronological,chronological,1.0,1
58295,,,0,0,reversed,reversed,0.9999998807907104,1
58296,,,0,0,chronological,chronological,0.6750200390815735,1
58297,,,0,0,reversed,reversed,0.6397026181221008,1
58298,,,0,0,chronological,chronological,0.8708539605140686,1
58299,,,0,0,reversed,reversed,0.821566641330719,1
58300,,,0,0,chronological,reversed,0.6911965608596802,0
58301,,,0,0,reversed,reversed,0.653664767742157,1
58302,,,0,0,chronological,chronological,0.7601080536842346,1
58303,,,0,0,reversed,chronological,0.636299729347229,0
58304,,,0,0,chronological,chronological,0.9776302576065063,1
58305,,,0,0,reversed,reversed,0.9952611327171326,1
58306,,,0,0,chronological,reversed,0.9089187979698181,0
58307,,,0,0,reversed,chronological,0.8988287448883057,0
58308,,,0,0,chronological,chronological,0.8461077809333801,1
58309,,,0,0,reversed,reversed,0.5715142488479614,1
58310,,,0,0,chronological,chronological,0.9927231669425964,1
58311,,,0,0,reversed,reversed,0.978192150592804,1
58312,,,0,0,chronological,chronological,0.898261308670044,1
58313,,,0,0,reversed,chronological,0.8353740572929382,0
58314,,,0,0,chronological,chronological,0.9999834299087524,1
58315,,,0,0,reversed,reversed,0.9989295601844788,1
58316,,,0,0,chronological,chronological,0.9993682503700256,1
58317,,,0,0,reversed,reversed,0.9979043006896973,1
58318,,,0,0,chronological,chronological,0.9955737590789795,1
58319,,,0,0,reversed,reversed,0.992334246635437,1
58320,,,0,0,chronological,chronological,0.9996325969696045,1
58321,,,0,0,reversed,reversed,0.9500448107719421,1
58322,,,0,0,chronological,chronological,0.9998306035995483,1
58323,,,0,0,reversed,reversed,0.9985330104827881,1
58324,,,0,0,chronological,chronological,0.7275223731994629,1
58325,,,0,0,reversed,chronological,0.7181811332702637,0
58326,,,0,0,chronological,chronological,0.9391970038414001,1
58327,,,0,0,reversed,reversed,0.7484186887741089,1
58328,,,0,0,chronological,chronological,0.5131624341011047,1
58329,,,0,0,reversed,reversed,0.6920913457870483,1
58330,,,0,0,chronological,chronological,0.5420445203781128,1
58331,,,0,0,reversed,reversed,0.5807545185089111,1
58332,,,0,0,chronological,reversed,0.9916683435440063,0
58333,,,0,0,reversed,chronological,0.9977450370788574,0
58334,,,0,0,chronological,reversed,0.8509508371353149,0
58335,,,0,0,reversed,reversed,0.7570067644119263,1
58336,,,0,0,chronological,chronological,0.99716717004776,1
58337,,,0,0,reversed,reversed,0.9991540908813477,1
58338,,,0,0,chronological,reversed,0.9477968811988831,0
58339,,,0,0,reversed,chronological,0.514997661113739,0
58340,,,0,0,chronological,chronological,0.6377912163734436,1
58341,,,0,0,reversed,reversed,0.7275794148445129,1
58342,,,0,0,chronological,chronological,0.915908694267273,1
58343,,,0,0,reversed,chronological,0.5250792503356934,0
58344,,,0,0,chronological,chronological,0.6052742600440979,1
58345,,,0,0,reversed,reversed,0.8930580019950867,1
58346,,,0,0,chronological,chronological,0.6537506580352783,1
58347,,,0,0,reversed,reversed,0.9245641827583313,1
58348,,,0,0,chronological,chronological,0.6520635485649109,1
58349,,,0,0,reversed,reversed,0.790751576423645,1
58350,,,0,0,chronological,chronological,0.9999041557312012,1
58351,,,0,0,reversed,reversed,0.9933938384056091,1
58352,,,0,0,chronological,chronological,0.9999982118606567,1
58353,,,0,0,reversed,reversed,0.9999842643737793,1
58354,,,0,0,chronological,chronological,0.9994617104530334,1
58355,,,0,0,reversed,reversed,0.9981467723846436,1
58356,,,0,0,chronological,chronological,1.0,1
58357,,,0,0,reversed,reversed,0.9999996423721313,1
58358,,,0,0,chronological,chronological,1.0,1
58359,,,0,0,reversed,reversed,1.0,1
58360,,,0,0,chronological,chronological,1.0,1
58361,,,0,0,reversed,reversed,1.0,1
58362,,,0,0,chronological,chronological,1.0,1
58363,,,0,0,reversed,reversed,1.0,1
58364,,,0,0,chronological,chronological,0.9976561069488525,1
58365,,,0,0,reversed,reversed,0.9928382039070129,1
58366,,,0,0,chronological,chronological,0.949370801448822,1
58367,,,0,0,reversed,reversed,0.9844150543212891,1
58368,,,0,0,chronological,chronological,0.5009564757347107,1
58369,,,0,0,reversed,reversed,0.8838149905204773,1
58370,,,0,0,chronological,chronological,0.9995861649513245,1
58371,,,0,0,reversed,reversed,0.9999532699584961,1
58372,,,0,0,chronological,chronological,0.9512723684310913,1
58373,,,0,0,reversed,reversed,0.9850974082946777,1
58374,,,0,0,chronological,reversed,0.9230746626853943,0
58375,,,0,0,reversed,reversed,0.9754487872123718,1
58376,,,0,0,chronological,chronological,0.9999964237213135,1
58377,,,0,0,reversed,reversed,0.9999550580978394,1
58378,,,0,0,chronological,chronological,0.9813116192817688,1
58379,,,0,0,reversed,reversed,0.9996778964996338,1
58380,,,0,0,chronological,chronological,0.9927183389663696,1
58381,,,0,0,reversed,reversed,0.9994286894798279,1
58382,,,0,0,chronological,chronological,1.0,1
58383,,,0,0,reversed,reversed,1.0,1
58384,,,0,0,chronological,chronological,0.7576466798782349,1
58385,,,0,0,reversed,reversed,0.9959062337875366,1
58386,,,0,0,chronological,chronological,0.8713694214820862,1
58387,,,0,0,reversed,reversed,0.5471416115760803,1
58388,,,0,0,chronological,chronological,0.814018964767456,1
58389,,,0,0,reversed,chronological,0.6660009026527405,0
58390,,,0,0,chronological,chronological,0.8652416467666626,1
58391,,,0,0,reversed,reversed,0.6139639019966125,1
58392,,,0,0,chronological,chronological,0.657638430595398,1
58393,,,0,0,reversed,reversed,0.7317562103271484,1
58394,,,0,0,chronological,chronological,0.9726635217666626,1
58395,,,0,0,reversed,reversed,0.9553992748260498,1
58396,,,0,0,chronological,reversed,0.9119091033935547,0
58397,,,0,0,reversed,chronological,0.9108777046203613,0
58398,,,0,0,chronological,chronological,0.9993305206298828,1
58399,,,0,0,reversed,reversed,0.9957249164581299,1
58400,,,0,0,chronological,chronological,0.999998927116394,1
58401,,,0,0,reversed,reversed,0.9999876022338867,1
58402,,,0,0,chronological,chronological,0.711645245552063,1
58403,,,0,0,reversed,reversed,0.6681357026100159,1
58404,,,0,0,chronological,chronological,0.5979889631271362,1
58405,,,0,0,reversed,chronological,0.7922118902206421,0
58406,,,0,0,chronological,chronological,0.9820420145988464,1
58407,,,0,0,reversed,reversed,0.9918443560600281,1
58408,,,0,0,chronological,reversed,0.6637371778488159,0
58409,,,0,0,reversed,reversed,0.7145178914070129,1
58410,,,0,0,chronological,reversed,0.6225260496139526,0
58411,,,0,0,reversed,reversed,0.7466678023338318,1
58412,,,0,0,chronological,chronological,0.8552860617637634,1
58413,,,0,0,reversed,reversed,0.7950242757797241,1
58414,,,0,0,chronological,chronological,0.7122844457626343,1
58415,,,0,0,reversed,reversed,0.5356337428092957,1
58416,,,0,0,chronological,chronological,0.9994556307792664,1
58417,,,0,0,reversed,reversed,0.997036337852478,1
58418,,,0,0,chronological,chronological,0.9996089339256287,1
58419,,,0,0,reversed,reversed,0.9997368454933167,1
58420,,,0,0,chronological,chronological,1.0,1
58421,,,0,0,reversed,reversed,1.0,1
58422,,,0,0,chronological,chronological,0.9903175830841064,1
58423,,,0,0,reversed,reversed,0.999980092048645,1
58424,,,0,0,chronological,chronological,0.8892619609832764,1
58425,,,0,0,reversed,reversed,0.9999885559082031,1
58426,,,0,0,chronological,chronological,1.0,1
58427,,,0,0,reversed,reversed,1.0,1
58428,,,0,0,chronological,chronological,0.9999998807907104,1
58429,,,0,0,reversed,reversed,0.9998195767402649,1
58430,,,0,0,chronological,chronological,0.8018547892570496,1
58431,,,0,0,reversed,chronological,0.9434716105461121,0
58432,,,0,0,chronological,chronological,0.6782093048095703,1
58433,,,0,0,reversed,chronological,0.6801323294639587,0
58434,,,0,0,chronological,chronological,0.5929551720619202,1
58435,,,0,0,reversed,reversed,0.7337453365325928,1
58436,,,0,0,chronological,chronological,0.9513548016548157,1
58437,,,0,0,reversed,reversed,0.8075684309005737,1
58438,,,0,0,chronological,chronological,0.9802154302597046,1
58439,,,0,0,reversed,reversed,0.9739559888839722,1
58440,,,0,0,chronological,reversed,0.5994788408279419,0
58441,,,0,0,reversed,chronological,0.97221440076828,0
58442,,,0,0,chronological,chronological,0.9969323873519897,1
58443,,,0,0,reversed,reversed,0.9999209642410278,1
58444,,,0,0,chronological,chronological,0.7615153789520264,1
58445,,,0,0,reversed,reversed,0.9935253858566284,1
58446,,,0,0,chronological,chronological,0.9994524121284485,1
58447,,,0,0,reversed,reversed,0.9998903274536133,1
58448,,,0,0,chronological,chronological,0.8060957193374634,1
58449,,,0,0,reversed,reversed,0.9887549877166748,1
58450,,,0,0,chronological,chronological,0.514529824256897,1
58451,,,0,0,reversed,chronological,0.537909209728241,0
58452,,,0,0,chronological,reversed,0.6240852475166321,0
58453,,,0,0,reversed,reversed,0.6985567808151245,1
58454,,,0,0,chronological,reversed,0.732403039932251,0
58455,,,0,0,reversed,reversed,0.5344622135162354,1
58456,,,0,0,chronological,reversed,0.5736078023910522,0
58457,,,0,0,reversed,reversed,0.6652160882949829,1
58458,,,0,0,chronological,chronological,0.7444956302642822,1
58459,,,0,0,reversed,reversed,0.9471068978309631,1
58460,,,0,0,chronological,reversed,0.6602832078933716,0
58461,,,0,0,reversed,reversed,0.8719182014465332,1
58462,,,0,0,chronological,chronological,0.8936712741851807,1
58463,,,0,0,reversed,reversed,0.8692169189453125,1
58464,,,0,0,chronological,chronological,0.7666895985603333,1
58465,,,0,0,reversed,reversed,0.9566848874092102,1
58466,,,0,0,chronological,chronological,0.9031904339790344,1
58467,,,0,0,reversed,reversed,0.9992846846580505,1
58468,,,0,0,chronological,chronological,1.0,1
58469,,,0,0,reversed,reversed,1.0,1
58470,,,0,0,chronological,chronological,1.0,1
58471,,,0,0,reversed,reversed,1.0,1
58472,,,0,0,chronological,chronological,0.730138897895813,1
58473,,,0,0,reversed,chronological,0.5492039322853088,0
58474,,,0,0,chronological,reversed,0.8105806112289429,0
58475,,,0,0,reversed,chronological,0.5925068259239197,0
58476,,,0,0,chronological,chronological,0.8986146450042725,1
58477,,,0,0,reversed,reversed,0.9395198225975037,1
58478,,,0,0,chronological,reversed,0.6077620983123779,0
58479,,,0,0,reversed,reversed,0.5894635915756226,1
58480,,,0,0,chronological,reversed,0.7444040775299072,0
58481,,,0,0,reversed,chronological,0.8086885213851929,0
58482,,,0,0,chronological,chronological,0.5441785454750061,1
58483,,,0,0,reversed,reversed,0.5351473689079285,1
58484,,,0,0,chronological,chronological,0.9264667630195618,1
58485,,,0,0,reversed,reversed,0.989152193069458,1
58486,,,0,0,chronological,reversed,0.981086015701294,0
58487,,,0,0,reversed,chronological,0.6298501491546631,0
58488,,,0,0,chronological,reversed,0.5036746263504028,0
58489,,,0,0,reversed,reversed,0.5452922582626343,1
58490,,,0,0,chronological,chronological,0.660976231098175,1
58491,,,0,0,reversed,reversed,0.5524598360061646,1
58492,,,0,0,chronological,reversed,0.6919175982475281,0
58493,,,0,0,reversed,chronological,0.5007738471031189,0
58494,,,0,0,chronological,reversed,0.9179813265800476,0
58495,,,0,0,reversed,chronological,0.591617226600647,0
58496,,,0,0,chronological,chronological,0.993573009967804,1
58497,,,0,0,reversed,reversed,0.9992398023605347,1
58498,,,0,0,chronological,chronological,0.9851858019828796,1
58499,,,0,0,reversed,reversed,0.991856575012207,1
58500,,,0,0,chronological,reversed,0.9680202603340149,0
58501,,,0,0,reversed,chronological,0.9559550881385803,0
58502,,,0,0,chronological,chronological,0.9999972581863403,1
58503,,,0,0,reversed,reversed,0.9999216794967651,1
58504,,,0,0,chronological,chronological,0.9998043179512024,1
58505,,,0,0,reversed,reversed,0.9995417594909668,1
58506,,,0,0,chronological,chronological,0.9998500347137451,1
58507,,,0,0,reversed,reversed,0.9999994039535522,1
58508,,,0,0,chronological,chronological,1.0,1
58509,,,0,0,reversed,reversed,1.0,1
58510,,,0,0,chronological,chronological,0.9072396159172058,1
58511,,,0,0,reversed,reversed,0.8146601915359497,1
58512,,,0,0,chronological,reversed,0.5030518174171448,0
58513,,,0,0,reversed,reversed,0.8441076278686523,1
58514,,,0,0,chronological,reversed,0.7727242112159729,0
58515,,,0,0,reversed,chronological,0.7873428463935852,0
58516,,,0,0,chronological,chronological,0.9999548196792603,1
58517,,,0,0,reversed,reversed,0.9962981343269348,1
58518,,,0,0,chronological,chronological,0.999870777130127,1
58519,,,0,0,reversed,reversed,0.9983123540878296,1
58520,,,0,0,chronological,chronological,0.9999995231628418,1
58521,,,0,0,reversed,reversed,0.9991565942764282,1
58522,,,0,0,chronological,chronological,0.7764355540275574,1
58523,,,0,0,reversed,chronological,0.7769898772239685,0
58524,,,0,0,chronological,chronological,0.8931050300598145,1
58525,,,0,0,reversed,reversed,0.9531235098838806,1
58526,,,0,0,chronological,reversed,0.8916326761245728,0
58527,,,0,0,reversed,reversed,0.9734233617782593,1
58528,,,0,0,chronological,chronological,0.9794154167175293,1
58529,,,0,0,reversed,reversed,0.9984896183013916,1
58530,,,0,0,chronological,chronological,0.50225830078125,1
58531,,,0,0,reversed,reversed,0.6013453602790833,1
58532,,,0,0,chronological,chronological,0.9974409341812134,1
58533,,,0,0,reversed,reversed,0.9995552897453308,1
58534,,,0,0,chronological,reversed,0.7042750120162964,0
58535,,,0,0,reversed,reversed,0.9752348065376282,1
58536,,,0,0,chronological,chronological,0.5823591947555542,1
58537,,,0,0,reversed,chronological,0.8700263500213623,0
58538,,,0,0,chronological,reversed,0.831320583820343,0
58539,,,0,0,reversed,chronological,0.8242878913879395,0
58540,,,0,0,chronological,chronological,0.6581445932388306,1
58541,,,0,0,reversed,chronological,0.8981041312217712,0
58542,,,0,0,chronological,chronological,0.9502207040786743,1
58543,,,0,0,reversed,reversed,0.6182220578193665,1
58544,,,0,0,chronological,chronological,0.7734290361404419,1
58545,,,0,0,reversed,reversed,0.5407008528709412,1
58546,,,0,0,chronological,reversed,0.5750384330749512,0
58547,,,0,0,reversed,chronological,0.7950264811515808,0
58548,,,0,0,chronological,chronological,0.5930120944976807,1
58549,,,0,0,reversed,reversed,0.5669367909431458,1
58550,,,0,0,chronological,reversed,0.5002890229225159,0
58551,,,0,0,reversed,reversed,0.6012850999832153,1
58552,,,0,0,chronological,chronological,0.5123121738433838,1
58553,,,0,0,reversed,reversed,0.6023778319358826,1
58554,,,0,0,chronological,reversed,0.5887610912322998,0
58555,,,0,0,reversed,reversed,0.6496812701225281,1
58556,,,0,0,chronological,reversed,0.6189514398574829,0
58557,,,0,0,reversed,reversed,0.5636681318283081,1
58558,,,0,0,chronological,chronological,0.8892515897750854,1
58559,,,0,0,reversed,reversed,0.970209538936615,1
58560,,,0,0,chronological,reversed,0.9655035734176636,0
58561,,,0,0,reversed,chronological,0.9502653479576111,0
58562,,,0,0,chronological,chronological,0.5530228614807129,1
58563,,,0,0,reversed,reversed,0.6304345726966858,1
58564,,,0,0,chronological,chronological,0.7822597622871399,1
58565,,,0,0,reversed,reversed,0.7617297172546387,1
58566,,,0,0,chronological,chronological,0.880161702632904,1
58567,,,0,0,reversed,chronological,0.5525489449501038,0
58568,,,0,0,chronological,chronological,0.5368180274963379,1
58569,,,0,0,reversed,chronological,0.7814120650291443,0
58570,,,0,0,chronological,chronological,0.9392225742340088,1
58571,,,0,0,reversed,reversed,0.6773631572723389,1
58572,,,0,0,chronological,chronological,0.8195028305053711,1
58573,,,0,0,reversed,chronological,0.9989047050476074,0
58574,,,0,0,chronological,chronological,0.9631972312927246,1
58575,,,0,0,reversed,chronological,0.5983973741531372,0
58576,,,0,0,chronological,chronological,0.9995800852775574,1
58577,,,0,0,reversed,reversed,0.6480028033256531,1
58578,,,0,0,chronological,chronological,0.7564674019813538,1
58579,,,0,0,reversed,reversed,0.7486870884895325,1
58580,,,0,0,chronological,chronological,0.5212975740432739,1
58581,,,0,0,reversed,reversed,0.9487622976303101,1
58582,,,0,0,chronological,chronological,0.9975757002830505,1
58583,,,0,0,reversed,reversed,0.9999803304672241,1
58584,,,0,0,chronological,chronological,0.9994798302650452,1
58585,,,0,0,reversed,reversed,0.790557861328125,1
58586,,,0,0,chronological,chronological,0.8542125225067139,1
58587,,,0,0,reversed,reversed,0.9098663330078125,1
58588,,,0,0,chronological,chronological,0.9106356501579285,1
58589,,,0,0,reversed,reversed,0.9358274936676025,1
58590,,,0,0,chronological,reversed,0.6938398480415344,0
58591,,,0,0,reversed,reversed,0.9283111691474915,1
58592,,,0,0,chronological,chronological,0.9916309714317322,1
58593,,,0,0,reversed,reversed,0.9985166192054749,1
58594,,,0,0,chronological,chronological,0.8363847732543945,1
58595,,,0,0,reversed,reversed,0.8625146746635437,1
58596,,,0,0,chronological,chronological,0.5092234015464783,1
58597,,,0,0,reversed,chronological,0.8474177122116089,0
58598,,,0,0,chronological,chronological,0.8892254829406738,1
58599,,,0,0,reversed,chronological,0.5186924934387207,0
58600,,,0,0,chronological,chronological,0.9252092838287354,1
58601,,,0,0,reversed,reversed,0.921985924243927,1
58602,,,0,0,chronological,reversed,0.5161042213439941,0
58603,,,0,0,reversed,reversed,0.5091082453727722,1
58604,,,0,0,chronological,chronological,0.9785229563713074,1
58605,,,0,0,reversed,chronological,0.5671617984771729,0
58606,,,0,0,chronological,chronological,0.99378502368927,1
58607,,,0,0,reversed,reversed,0.9768491387367249,1
58608,,,0,0,chronological,chronological,0.7752995491027832,1
58609,,,0,0,reversed,reversed,0.5797410011291504,1
58610,,,0,0,chronological,reversed,0.773711085319519,0
58611,,,0,0,reversed,chronological,0.8254801630973816,0
58612,,,0,0,chronological,chronological,0.7803062200546265,1
58613,,,0,0,reversed,reversed,0.973055899143219,1
58614,,,0,0,chronological,reversed,0.6500258445739746,0
58615,,,0,0,reversed,reversed,0.9825619459152222,1
58616,,,0,0,chronological,reversed,0.5486974716186523,0
58617,,,0,0,reversed,reversed,0.7758730053901672,1
58618,,,0,0,chronological,reversed,0.723168134689331,0
58619,,,0,0,reversed,chronological,0.7720680832862854,0
58620,,,0,0,chronological,chronological,0.5159848928451538,1
58621,,,0,0,reversed,chronological,0.7969904541969299,0
58622,,,0,0,chronological,chronological,0.9996180534362793,1
58623,,,0,0,reversed,reversed,0.9843557476997375,1
58624,,,0,0,chronological,chronological,0.9758815169334412,1
58625,,,0,0,reversed,reversed,0.8951422572135925,1
58626,,,0,0,chronological,reversed,0.6341296434402466,0
58627,,,0,0,reversed,reversed,0.6104454398155212,1
58628,,,0,0,chronological,chronological,0.983869731426239,1
58629,,,0,0,reversed,reversed,0.9676905870437622,1
58630,,,0,0,chronological,chronological,0.9999604225158691,1
58631,,,0,0,reversed,reversed,0.9371817708015442,1
58632,,,0,0,chronological,chronological,0.5349594950675964,1
58633,,,0,0,reversed,reversed,0.8872491717338562,1
58634,,,0,0,chronological,reversed,0.865042507648468,0
58635,,,0,0,reversed,chronological,0.6774803400039673,0
58636,,,0,0,chronological,chronological,0.9991439580917358,1
58637,,,0,0,reversed,reversed,0.9990981817245483,1
58638,,,0,0,chronological,chronological,0.9665692448616028,1
58639,,,0,0,reversed,reversed,0.9894179701805115,1
58640,,,0,0,chronological,chronological,0.5762134790420532,1
58641,,,0,0,reversed,chronological,0.8671976923942566,0
58642,,,0,0,chronological,reversed,0.7435280084609985,0
58643,,,0,0,reversed,chronological,0.8146364688873291,0
58644,,,0,0,chronological,chronological,0.9682319760322571,1
58645,,,0,0,reversed,reversed,0.8661361336708069,1
58646,,,0,0,chronological,chronological,0.5628358721733093,1
58647,,,0,0,reversed,chronological,0.5241355895996094,0
58648,,,0,0,chronological,chronological,0.7188270092010498,1
58649,,,0,0,reversed,chronological,0.51936936378479,0
58650,,,0,0,chronological,reversed,0.8005746006965637,0
58651,,,0,0,reversed,chronological,0.7846308946609497,0
58652,,,0,0,chronological,chronological,0.7453423142433167,1
58653,,,0,0,reversed,chronological,0.6787897348403931,0
58654,,,0,0,chronological,chronological,0.6354289054870605,1
58655,,,0,0,reversed,reversed,0.7649383544921875,1
58656,,,0,0,chronological,reversed,0.8154330253601074,0
58657,,,0,0,reversed,chronological,0.8348944783210754,0
58658,,,0,0,chronological,chronological,0.8993799686431885,1
58659,,,0,0,reversed,reversed,0.9086284637451172,1
58660,,,0,0,chronological,chronological,0.7421188950538635,1
58661,,,0,0,reversed,reversed,0.8605677485466003,1
58662,,,0,0,chronological,chronological,0.6946932077407837,1
58663,,,0,0,reversed,chronological,0.5079491138458252,0
58664,,,0,0,chronological,chronological,0.723602831363678,1
58665,,,0,0,reversed,chronological,0.6879590153694153,0
58666,,,0,0,chronological,chronological,0.6399441361427307,1
58667,,,0,0,reversed,chronological,0.6493706703186035,0
58668,,,0,0,chronological,reversed,0.5899863839149475,0
58669,,,0,0,reversed,chronological,0.5035647749900818,0
58670,,,0,0,chronological,chronological,0.7908734679222107,1
58671,,,0,0,reversed,reversed,0.687554657459259,1
58672,,,0,0,chronological,chronological,0.8871637582778931,1
58673,,,0,0,reversed,chronological,0.5686548948287964,0
58674,,,0,0,chronological,chronological,0.8887978196144104,1
58675,,,0,0,reversed,reversed,0.9749115705490112,1
58676,,,0,0,chronological,chronological,0.586789608001709,1
58677,,,0,0,reversed,reversed,0.6973044276237488,1
58678,,,0,0,chronological,chronological,0.6717008948326111,1
58679,,,0,0,reversed,reversed,0.5474188327789307,1
58680,,,0,0,chronological,chronological,0.7136309742927551,1
58681,,,0,0,reversed,reversed,0.8782801032066345,1
58682,,,0,0,chronological,chronological,0.719344973564148,1
58683,,,0,0,reversed,reversed,0.7551589608192444,1
58684,,,0,0,chronological,chronological,0.7759758234024048,1
58685,,,0,0,reversed,chronological,0.7423681020736694,0
58686,,,0,0,chronological,chronological,0.9820262789726257,1
58687,,,0,0,reversed,reversed,0.8696446418762207,1
58688,,,0,0,chronological,chronological,0.9941278696060181,1
58689,,,0,0,reversed,reversed,0.979880154132843,1
58690,,,0,0,chronological,reversed,0.9140034914016724,0
58691,,,0,0,reversed,chronological,0.966718852519989,0
58692,,,0,0,chronological,chronological,0.8228938579559326,1
58693,,,0,0,reversed,chronological,0.6142697930335999,0
58694,,,0,0,chronological,chronological,0.9984323382377625,1
58695,,,0,0,reversed,reversed,0.9978446960449219,1
58696,,,0,0,chronological,reversed,0.8937951326370239,0
58697,,,0,0,reversed,chronological,0.9298245310783386,0
58698,,,0,0,chronological,chronological,0.5420825481414795,1
58699,,,0,0,reversed,reversed,0.8065333366394043,1
58700,,,0,0,chronological,reversed,0.9078910946846008,0
58701,,,0,0,reversed,chronological,0.5497828722000122,0
58702,,,0,0,chronological,chronological,0.6740004420280457,1
58703,,,0,0,reversed,reversed,0.8804835677146912,1
58704,,,0,0,chronological,chronological,0.5780177712440491,1
58705,,,0,0,reversed,chronological,0.7127055525779724,0
58706,,,0,0,chronological,chronological,0.8280284404754639,1
58707,,,0,0,reversed,chronological,0.6211866140365601,0
58708,,,0,0,chronological,chronological,0.8554421663284302,1
58709,,,0,0,reversed,reversed,0.6003066897392273,1
58710,,,0,0,chronological,chronological,0.8910804390907288,1
58711,,,0,0,reversed,chronological,0.5128912925720215,0
58712,,,0,0,chronological,reversed,0.5369337797164917,0
58713,,,0,0,reversed,chronological,0.8879419565200806,0
58714,,,0,0,chronological,chronological,0.8990446329116821,1
58715,,,0,0,reversed,reversed,0.8920077085494995,1
58716,,,0,0,chronological,chronological,0.872646152973175,1
58717,,,0,0,reversed,reversed,0.7988957166671753,1
58718,,,0,0,chronological,reversed,0.7491568922996521,0
58719,,,0,0,reversed,reversed,0.6933581829071045,1
58720,,,0,0,chronological,chronological,0.9828669428825378,1
58721,,,0,0,reversed,chronological,0.6365267634391785,0
58722,,,0,0,chronological,chronological,0.8977113366127014,1
58723,,,0,0,reversed,reversed,0.9236415028572083,1
58724,,,0,0,chronological,reversed,0.6356098055839539,0
58725,,,0,0,reversed,chronological,0.797045111656189,0
58726,,,0,0,chronological,chronological,0.5203140377998352,1
58727,,,0,0,reversed,reversed,0.8266257643699646,1
58728,,,0,0,chronological,reversed,0.8565757870674133,0
58729,,,0,0,reversed,reversed,0.6846224665641785,1
58730,,,0,0,chronological,chronological,0.9135388731956482,1
58731,,,0,0,reversed,reversed,0.9815956950187683,1
58732,,,0,0,chronological,reversed,0.8855393528938293,0
58733,,,0,0,reversed,reversed,0.5814159512519836,1
58734,,,0,0,chronological,chronological,0.9699801802635193,1
58735,,,0,0,reversed,reversed,0.974416196346283,1
58736,,,0,0,chronological,reversed,0.660416305065155,0
58737,,,0,0,reversed,chronological,0.8475394248962402,0
58738,,,0,0,chronological,chronological,0.5711569786071777,1
58739,,,0,0,reversed,reversed,0.654561460018158,1
58740,,,0,0,chronological,reversed,0.9922755360603333,0
58741,,,0,0,reversed,chronological,0.9583467245101929,0
58742,,,0,0,chronological,chronological,0.9874345660209656,1
58743,,,0,0,reversed,reversed,0.995299220085144,1
58744,,,0,0,chronological,chronological,0.6380379796028137,1
58745,,,0,0,reversed,chronological,0.6743684411048889,0
58746,,,0,0,chronological,chronological,0.919362485408783,1
58747,,,0,0,reversed,reversed,0.7968007922172546,1
58748,,,0,0,chronological,reversed,0.5976303815841675,0
58749,,,0,0,reversed,chronological,0.7112249135971069,0
58750,,,0,0,chronological,chronological,0.7115944623947144,1
58751,,,0,0,reversed,reversed,0.657323956489563,1
58752,,,0,0,chronological,reversed,0.8921349048614502,0
58753,,,0,0,reversed,chronological,0.9385867714881897,0
58754,,,0,0,chronological,chronological,0.8456032276153564,1
58755,,,0,0,reversed,reversed,0.6901742219924927,1
58756,,,0,0,chronological,reversed,0.6638419032096863,0
58757,,,0,0,reversed,chronological,0.9219285845756531,0
58758,,,0,0,chronological,chronological,0.7338545322418213,1
58759,,,0,0,reversed,reversed,0.688231885433197,1
58760,,,0,0,chronological,chronological,0.9445887207984924,1
58761,,,0,0,reversed,reversed,0.7023266553878784,1
58762,,,0,0,chronological,chronological,0.555365800857544,1
58763,,,0,0,reversed,chronological,0.5590745210647583,0
58764,,,0,0,chronological,chronological,0.5353174209594727,1
58765,,,0,0,reversed,reversed,0.5913071036338806,1
58766,,,0,0,chronological,chronological,0.8372035622596741,1
58767,,,0,0,reversed,reversed,0.9182248115539551,1
58768,,,0,0,chronological,reversed,0.731833815574646,0
58769,,,0,0,reversed,reversed,0.7404142618179321,1
58770,,,0,0,chronological,reversed,0.6910725831985474,0
58771,,,0,0,reversed,reversed,0.6536110043525696,1
58772,,,0,0,chronological,chronological,0.9889578819274902,1
58773,,,0,0,reversed,reversed,0.9714145064353943,1
58774,,,0,0,chronological,chronological,0.570922315120697,1
58775,,,0,0,reversed,chronological,0.7142438292503357,0
58776,,,0,0,chronological,chronological,0.9681358933448792,1
58777,,,0,0,reversed,reversed,0.8555247187614441,1
58778,,,0,0,chronological,chronological,0.6882597804069519,1
58779,,,0,0,reversed,reversed,0.7429800629615784,1
58780,,,0,0,chronological,chronological,0.9770289063453674,1
58781,,,0,0,reversed,reversed,0.9794446229934692,1
58782,,,0,0,chronological,chronological,0.7951719164848328,1
58783,,,0,0,reversed,chronological,0.6665909290313721,0
58784,,,0,0,chronological,chronological,0.6965067982673645,1
58785,,,0,0,reversed,reversed,0.6174744963645935,1
58786,,,0,0,chronological,chronological,0.9721987247467041,1
58787,,,0,0,reversed,reversed,0.8281380534172058,1
58788,,,0,0,chronological,chronological,0.9652348756790161,1
58789,,,0,0,reversed,chronological,0.8401914834976196,0
58790,,,0,0,chronological,chronological,0.9938681721687317,1
58791,,,0,0,reversed,chronological,0.9904893636703491,0
58792,,,0,0,chronological,chronological,0.8380500674247742,1
58793,,,0,0,reversed,chronological,0.9101802706718445,0
58794,,,0,0,chronological,chronological,0.9803727865219116,1
58795,,,0,0,reversed,chronological,0.6541804075241089,0
58796,,,0,0,chronological,chronological,0.8441845774650574,1
58797,,,0,0,reversed,reversed,0.5612133741378784,1
58798,,,0,0,chronological,chronological,0.8116533756256104,1
58799,,,0,0,reversed,reversed,0.9726875424385071,1
58800,,,0,0,chronological,reversed,0.73094642162323,0
58801,,,0,0,reversed,reversed,0.950821042060852,1
58802,,,0,0,chronological,chronological,0.9999985694885254,1
58803,,,0,0,reversed,reversed,0.9999572038650513,1
58804,,,0,0,chronological,chronological,0.9999955892562866,1
58805,,,0,0,reversed,reversed,0.9990535378456116,1
58806,,,0,0,chronological,chronological,1.0,1
58807,,,0,0,reversed,reversed,0.9999867677688599,1
58808,,,0,0,chronological,chronological,1.0,1
58809,,,0,0,reversed,reversed,0.9999996423721313,1
58810,,,0,0,chronological,reversed,0.7484289407730103,0
58811,,,0,0,reversed,reversed,0.5188770294189453,1
58812,,,0,0,chronological,reversed,0.9840061068534851,0
58813,,,0,0,reversed,reversed,0.7928705811500549,1
58814,,,0,0,chronological,chronological,0.9999592304229736,1
58815,,,0,0,reversed,reversed,0.9999994039535522,1
58816,,,0,0,chronological,chronological,0.9987353682518005,1
58817,,,0,0,reversed,reversed,0.9994063377380371,1
58818,,,0,0,chronological,chronological,0.9119245409965515,1
58819,,,0,0,reversed,reversed,0.9286090135574341,1
58820,,,0,0,chronological,chronological,0.9999969005584717,1
58821,,,0,0,reversed,reversed,0.9999898672103882,1
58822,,,0,0,chronological,chronological,1.0,1
58823,,,0,0,reversed,reversed,1.0,1
58824,,,0,0,chronological,reversed,0.6583381295204163,0
58825,,,0,0,reversed,reversed,0.8118469715118408,1
58826,,,0,0,chronological,chronological,0.9948557615280151,1
58827,,,0,0,reversed,reversed,0.9988546371459961,1
58828,,,0,0,chronological,chronological,0.6105620861053467,1
58829,,,0,0,reversed,reversed,0.6198393106460571,1
58830,,,0,0,chronological,chronological,0.9990285634994507,1
58831,,,0,0,reversed,reversed,0.9997603297233582,1
58832,,,0,0,chronological,chronological,0.9767797589302063,1
58833,,,0,0,reversed,reversed,0.9835614562034607,1
58834,,,0,0,chronological,chronological,0.9988080263137817,1
58835,,,0,0,reversed,reversed,0.9953703284263611,1
58836,,,0,0,chronological,chronological,0.9992567896842957,1
58837,,,0,0,reversed,reversed,0.9950141310691833,1
58838,,,0,0,chronological,chronological,0.514582633972168,1
58839,,,0,0,reversed,reversed,0.7495594024658203,1
58840,,,0,0,chronological,reversed,0.8462402820587158,0
58841,,,0,0,reversed,chronological,0.5239031314849854,0
58842,,,0,0,chronological,chronological,0.6750457286834717,1
58843,,,0,0,reversed,reversed,0.9834091663360596,1
58844,,,0,0,chronological,reversed,0.5233199596405029,0
58845,,,0,0,reversed,reversed,0.6076650619506836,1
58846,,,0,0,chronological,chronological,0.7955977916717529,1
58847,,,0,0,reversed,chronological,0.5713756084442139,0
58848,,,0,0,chronological,chronological,0.6330198645591736,1
58849,,,0,0,reversed,chronological,0.9346619844436646,0
58850,,,0,0,chronological,chronological,0.9574637413024902,1
58851,,,0,0,reversed,reversed,0.7705334424972534,1
58852,,,0,0,chronological,chronological,0.9895708560943604,1
58853,,,0,0,reversed,reversed,0.9959278702735901,1
58854,,,0,0,chronological,chronological,0.9704957604408264,1
58855,,,0,0,reversed,reversed,0.9963231086730957,1
58856,,,0,0,chronological,reversed,0.6316735148429871,0
58857,,,0,0,reversed,chronological,0.7535471320152283,0
58858,,,0,0,chronological,chronological,0.9966393709182739,1
58859,,,0,0,reversed,reversed,0.9999358654022217,1
58860,,,0,0,chronological,chronological,0.9084517359733582,1
58861,,,0,0,reversed,reversed,0.6986057758331299,1
58862,,,0,0,chronological,chronological,0.9999879598617554,1
58863,,,0,0,reversed,reversed,0.9920696020126343,1
58864,,,0,0,chronological,chronological,0.9999995231628418,1
58865,,,0,0,reversed,reversed,0.9999867677688599,1
58866,,,0,0,chronological,chronological,0.88153076171875,1
58867,,,0,0,reversed,reversed,0.8886316418647766,1
58868,,,0,0,chronological,chronological,0.9166440963745117,1
58869,,,0,0,reversed,chronological,0.6338576674461365,0
58870,,,0,0,chronological,chronological,0.9995142221450806,1
58871,,,0,0,reversed,reversed,0.9999711513519287,1
58872,,,0,0,chronological,chronological,0.9468740224838257,1
58873,,,0,0,reversed,reversed,0.9818840026855469,1
58874,,,0,0,chronological,chronological,0.9999845027923584,1
58875,,,0,0,reversed,reversed,0.9999858140945435,1
58876,,,0,0,chronological,chronological,0.9999651908874512,1
58877,,,0,0,reversed,reversed,0.9999264478683472,1
58878,,,0,0,chronological,chronological,1.0,1
58879,,,0,0,reversed,reversed,1.0,1
58880,,,0,0,chronological,chronological,0.9160130023956299,1
58881,,,0,0,reversed,chronological,0.6087027192115784,0
58882,,,0,0,chronological,chronological,0.9041134715080261,1
58883,,,0,0,reversed,reversed,0.7017839550971985,1
58884,,,0,0,chronological,chronological,0.9899865984916687,1
58885,,,0,0,reversed,reversed,0.992591381072998,1
58886,,,0,0,chronological,chronological,0.9712542295455933,1
58887,,,0,0,reversed,reversed,0.9851375818252563,1
58888,,,0,0,chronological,chronological,0.7732564210891724,1
58889,,,0,0,reversed,reversed,0.997208297252655,1
58890,,,0,0,chronological,chronological,0.8742287755012512,1
58891,,,0,0,reversed,reversed,0.9990710020065308,1
58892,,,0,0,chronological,chronological,0.9916172623634338,1
58893,,,0,0,reversed,reversed,0.9998064637184143,1
58894,,,0,0,chronological,chronological,0.9113656878471375,1
58895,,,0,0,reversed,reversed,0.9138566255569458,1
58896,,,0,0,chronological,chronological,0.9547910690307617,1
58897,,,0,0,reversed,reversed,0.9771002531051636,1
58898,,,0,0,chronological,reversed,0.8757907152175903,0
58899,,,0,0,reversed,reversed,0.7149766683578491,1
58900,,,0,0,chronological,chronological,0.9755176305770874,1
58901,,,0,0,reversed,reversed,0.993179440498352,1
58902,,,0,0,chronological,chronological,0.9601526856422424,1
58903,,,0,0,reversed,reversed,0.9648746848106384,1
58904,,,0,0,chronological,chronological,0.9468816518783569,1
58905,,,0,0,reversed,reversed,0.9866069555282593,1
58906,,,0,0,chronological,chronological,0.999971866607666,1
58907,,,0,0,reversed,reversed,0.9999885559082031,1
58908,,,0,0,chronological,reversed,0.5831664800643921,0
58909,,,0,0,reversed,chronological,0.5146979093551636,0
58910,,,0,0,chronological,reversed,0.7271494269371033,0
58911,,,0,0,reversed,reversed,0.5866366624832153,1
58912,,,0,0,chronological,reversed,0.5712392926216125,0
58913,,,0,0,reversed,reversed,0.6089694499969482,1
58914,,,0,0,chronological,chronological,0.957099437713623,1
58915,,,0,0,reversed,reversed,0.9583331346511841,1
58916,,,0,0,chronological,chronological,0.9999768733978271,1
58917,,,0,0,reversed,reversed,0.9995858073234558,1
58918,,,0,0,chronological,chronological,0.5484525561332703,1
58919,,,0,0,reversed,chronological,0.5566838979721069,0
58920,,,0,0,chronological,chronological,0.5249637365341187,1
58921,,,0,0,reversed,reversed,0.543463945388794,1
58922,,,0,0,chronological,chronological,0.9999861717224121,1
58923,,,0,0,reversed,reversed,0.9999188184738159,1
58924,,,0,0,chronological,chronological,0.9936570525169373,1
58925,,,0,0,reversed,reversed,0.9993934631347656,1
58926,,,0,0,chronological,chronological,0.8430413603782654,1
58927,,,0,0,reversed,chronological,0.512549877166748,0
58928,,,0,0,chronological,chronological,0.63514643907547,1
58929,,,0,0,reversed,chronological,0.5422513484954834,0
58930,,,0,0,chronological,chronological,0.6418112516403198,1
58931,,,0,0,reversed,chronological,0.5737084746360779,0
58932,,,0,0,chronological,chronological,0.52769535779953,1
58933,,,0,0,reversed,reversed,0.531464695930481,1
58934,,,0,0,chronological,chronological,0.529206395149231,1
58935,,,0,0,reversed,reversed,0.5179926156997681,1
58936,,,0,0,chronological,reversed,0.542707622051239,0
58937,,,0,0,reversed,chronological,0.574295163154602,0
58938,,,0,0,chronological,chronological,0.671973466873169,1
58939,,,0,0,reversed,chronological,0.5832416415214539,0
58940,,,0,0,chronological,chronological,0.7342724204063416,1
58941,,,0,0,reversed,chronological,0.5325650572776794,0
58942,,,0,0,chronological,chronological,0.7951995134353638,1
58943,,,0,0,reversed,chronological,0.5464710593223572,0
58944,,,0,0,chronological,chronological,0.5253416895866394,1
58945,,,0,0,reversed,chronological,0.6878972053527832,0
58946,,,0,0,chronological,chronological,0.5581064820289612,1
58947,,,0,0,reversed,chronological,0.5004639625549316,0
58948,,,0,0,chronological,chronological,0.6443876624107361,1
58949,,,0,0,reversed,reversed,0.5748492479324341,1
58950,,,0,0,chronological,reversed,0.5104065537452698,0
58951,,,0,0,reversed,chronological,0.5508180260658264,0
58952,,,0,0,chronological,chronological,0.5574814081192017,1
58953,,,0,0,reversed,reversed,0.5050032138824463,1
58954,,,0,0,chronological,chronological,0.6293600797653198,1
58955,,,0,0,reversed,reversed,0.5196393728256226,1
58956,,,0,0,chronological,chronological,0.8235933780670166,1
58957,,,0,0,reversed,reversed,0.5111762881278992,1
58958,,,0,0,chronological,reversed,0.5520631670951843,0
58959,,,0,0,reversed,chronological,0.7392812371253967,0
58960,,,0,0,chronological,chronological,0.8565698862075806,1
58961,,,0,0,reversed,reversed,0.5937566161155701,1
58962,,,0,0,chronological,chronological,0.7170506715774536,1
58963,,,0,0,reversed,chronological,0.5291587114334106,0
58964,,,0,0,chronological,chronological,0.754000186920166,1
58965,,,0,0,reversed,reversed,0.7317152619361877,1
58966,,,0,0,chronological,reversed,0.6012536287307739,0
58967,,,0,0,reversed,chronological,0.6153321266174316,0
58968,,,0,0,chronological,chronological,0.8745307922363281,1
58969,,,0,0,reversed,reversed,0.9737796187400818,1
58970,,,0,0,chronological,chronological,0.8893271684646606,1
58971,,,0,0,reversed,reversed,0.9827479720115662,1
58972,,,0,0,chronological,reversed,0.9334204792976379,0
58973,,,0,0,reversed,chronological,0.6148194074630737,0
58974,,,0,0,chronological,chronological,0.9974347949028015,1
58975,,,0,0,reversed,reversed,0.9995349645614624,1
58976,,,0,0,chronological,chronological,0.7761194109916687,1
58977,,,0,0,reversed,reversed,0.9560693502426147,1
58978,,,0,0,chronological,chronological,0.9997687935829163,1
58979,,,0,0,reversed,reversed,0.9999101161956787,1
58980,,,0,0,chronological,chronological,0.9835152626037598,1
58981,,,0,0,reversed,reversed,0.9685339331626892,1
58982,,,0,0,chronological,chronological,0.901826798915863,1
58983,,,0,0,reversed,reversed,0.9931713342666626,1
58984,,,0,0,chronological,chronological,0.6275060176849365,1
58985,,,0,0,reversed,reversed,0.9187008738517761,1
58986,,,0,0,chronological,chronological,0.9999946355819702,1
58987,,,0,0,reversed,reversed,0.9999997615814209,1
58988,,,0,0,chronological,chronological,0.9999997615814209,1
58989,,,0,0,reversed,reversed,1.0,1
58990,,,0,0,chronological,reversed,0.8135337829589844,0
58991,,,0,0,reversed,chronological,0.9242867231369019,0
58992,,,0,0,chronological,chronological,0.9999881982803345,1
58993,,,0,0,reversed,reversed,0.9999139308929443,1
58994,,,0,0,chronological,chronological,0.9999459981918335,1
58995,,,0,0,reversed,reversed,0.9999778270721436,1
58996,,,0,0,chronological,chronological,0.9829475283622742,1
58997,,,0,0,reversed,reversed,0.8200753331184387,1
58998,,,0,0,chronological,chronological,0.7930312156677246,1
58999,,,0,0,reversed,reversed,0.6479560136795044,1
59000,,,0,0,chronological,chronological,0.6842641234397888,1
59001,,,0,0,reversed,reversed,0.5010653138160706,1
59002,,,0,0,chronological,chronological,0.5394630432128906,1
59003,,,0,0,reversed,reversed,0.901135265827179,1
59004,,,0,0,chronological,chronological,0.7619118094444275,1
59005,,,0,0,reversed,reversed,0.5083516836166382,1
59006,,,0,0,chronological,chronological,0.995313286781311,1
59007,,,0,0,reversed,reversed,0.7703801393508911,1
59008,,,0,0,chronological,chronological,0.8999428153038025,1
59009,,,0,0,reversed,chronological,0.8390136957168579,0
59010,,,0,0,chronological,chronological,0.9823768138885498,1
59011,,,0,0,reversed,chronological,0.7784605622291565,0
59012,,,0,0,chronological,chronological,0.9942916631698608,1
59013,,,0,0,reversed,reversed,0.7966901659965515,1
59014,,,0,0,chronological,reversed,0.823545515537262,0
59015,,,0,0,reversed,chronological,0.9620921015739441,0
59016,,,0,0,chronological,chronological,0.999326229095459,1
59017,,,0,0,reversed,reversed,0.9803740978240967,1
59018,,,0,0,chronological,reversed,0.6501280069351196,0
59019,,,0,0,reversed,reversed,0.9130725860595703,1
59020,,,0,0,chronological,chronological,0.7171410918235779,1
59021,,,0,0,reversed,reversed,0.9919334053993225,1
59022,,,0,0,chronological,chronological,0.8532335162162781,1
59023,,,0,0,reversed,reversed,0.9970531463623047,1
59024,,,0,0,chronological,chronological,0.9296787977218628,1
59025,,,0,0,reversed,reversed,0.9973394274711609,1
59026,,,0,0,chronological,chronological,0.9924371838569641,1
59027,,,0,0,reversed,reversed,0.9559903740882874,1
59028,,,0,0,chronological,chronological,0.984205961227417,1
59029,,,0,0,reversed,reversed,0.813648521900177,1
59030,,,0,0,chronological,chronological,0.9988706707954407,1
59031,,,0,0,reversed,reversed,0.9375270009040833,1
59032,,,0,0,chronological,chronological,0.9853546619415283,1
59033,,,0,0,reversed,reversed,0.9899681806564331,1
59034,,,0,0,chronological,chronological,0.9993302822113037,1
59035,,,0,0,reversed,reversed,0.9937631487846375,1
59036,,,0,0,chronological,reversed,0.5465497374534607,0
59037,,,0,0,reversed,reversed,0.8973646759986877,1
59038,,,0,0,chronological,chronological,0.9999781847000122,1
59039,,,0,0,reversed,reversed,0.9999344348907471,1
59040,,,0,0,chronological,chronological,0.9999963045120239,1
59041,,,0,0,reversed,reversed,0.9999948740005493,1
59042,,,0,0,chronological,chronological,0.6725659966468811,1
59043,,,0,0,reversed,reversed,0.5853697061538696,1
59044,,,0,0,chronological,reversed,0.5683520436286926,0
59045,,,0,0,reversed,chronological,0.6703928112983704,0
59046,,,0,0,chronological,chronological,0.8269639611244202,1
59047,,,0,0,reversed,reversed,0.938210129737854,1
59048,,,0,0,chronological,reversed,0.5518396496772766,0
59049,,,0,0,reversed,reversed,0.6110145449638367,1
59050,,,0,0,chronological,reversed,0.5835391879081726,0
59051,,,0,0,reversed,reversed,0.5108384490013123,1
59052,,,0,0,chronological,reversed,0.5084130764007568,0
59053,,,0,0,reversed,reversed,0.550740122795105,1
59054,,,0,0,chronological,reversed,0.648488461971283,0
59055,,,0,0,reversed,reversed,0.5472621321678162,1
59056,,,0,0,chronological,chronological,0.9064803123474121,1
59057,,,0,0,reversed,reversed,0.9474854469299316,1
59058,,,0,0,chronological,chronological,0.9979370832443237,1
59059,,,0,0,reversed,reversed,0.991992175579071,1
59060,,,0,0,chronological,chronological,0.9350122213363647,1
59061,,,0,0,reversed,reversed,0.9293539524078369,1
59062,,,0,0,chronological,chronological,0.814912736415863,1
59063,,,0,0,reversed,reversed,0.6313045620918274,1
59064,,,0,0,chronological,chronological,0.7481040954589844,1
59065,,,0,0,reversed,reversed,0.6418200135231018,1
59066,,,0,0,chronological,chronological,0.545961856842041,1
59067,,,0,0,reversed,reversed,0.5938106775283813,1
59068,,,0,0,chronological,chronological,0.5745232701301575,1
59069,,,0,0,reversed,reversed,0.7347708940505981,1
59070,,,0,0,chronological,reversed,0.5685343146324158,0
59071,,,0,0,reversed,reversed,0.8665164709091187,1
59072,,,0,0,chronological,chronological,0.764717161655426,1
59073,,,0,0,reversed,reversed,0.9582469463348389,1
59074,,,0,0,chronological,chronological,0.8174145221710205,1
59075,,,0,0,reversed,reversed,0.643704354763031,1
59076,,,0,0,chronological,chronological,0.9768431186676025,1
59077,,,0,0,reversed,reversed,0.9949847459793091,1
59078,,,0,0,chronological,reversed,0.5878588557243347,0
59079,,,0,0,reversed,reversed,0.786743700504303,1
59080,,,0,0,chronological,chronological,0.9999772310256958,1
59081,,,0,0,reversed,reversed,0.9999452829360962,1
59082,,,0,0,chronological,chronological,0.9999992847442627,1
59083,,,0,0,reversed,reversed,0.9999786615371704,1
59084,,,0,0,chronological,chronological,0.5402657389640808,1
59085,,,0,0,reversed,reversed,0.539607048034668,1
59086,,,0,0,chronological,chronological,0.9467621445655823,1
59087,,,0,0,reversed,reversed,0.9326292276382446,1
59088,,,0,0,chronological,chronological,0.99982088804245,1
59089,,,0,0,reversed,reversed,0.9955189228057861,1
59090,,,0,0,chronological,reversed,0.6672718524932861,0
59091,,,0,0,reversed,reversed,0.9256454110145569,1
59092,,,0,0,chronological,chronological,0.9681687355041504,1
59093,,,0,0,reversed,reversed,0.999761164188385,1
59094,,,0,0,chronological,chronological,0.9701958298683167,1
59095,,,0,0,reversed,reversed,0.9841786026954651,1
59096,,,0,0,chronological,chronological,0.5952469706535339,1
59097,,,0,0,reversed,chronological,0.5160356760025024,0
59098,,,0,0,chronological,chronological,0.9992152452468872,1
59099,,,0,0,reversed,reversed,0.999967098236084,1
59100,,,0,0,chronological,chronological,0.9999983310699463,1
59101,,,0,0,reversed,reversed,1.0,1
59102,,,0,0,chronological,chronological,0.650314450263977,1
59103,,,0,0,reversed,reversed,0.7800338268280029,1
59104,,,0,0,chronological,chronological,0.5879974365234375,1
59105,,,0,0,reversed,reversed,0.8718421459197998,1
59106,,,0,0,chronological,chronological,0.5066825151443481,1
59107,,,0,0,reversed,reversed,0.9622241854667664,1
59108,,,0,0,chronological,chronological,0.9972714781761169,1
59109,,,0,0,reversed,reversed,0.9634870886802673,1
59110,,,0,0,chronological,chronological,0.9999784231185913,1
59111,,,0,0,reversed,reversed,0.9989073276519775,1
59112,,,0,0,chronological,chronological,0.9999966621398926,1
59113,,,0,0,reversed,reversed,1.0,1
59114,,,0,0,chronological,chronological,0.9026758074760437,1
59115,,,0,0,reversed,reversed,0.9351680278778076,1
67152,,,0,0,chronological,chronological,0.5558546781539917,1
67153,,,0,0,reversed,reversed,0.7781184315681458,1
67154,,,0,0,chronological,chronological,0.6303831338882446,1
67155,,,0,0,reversed,reversed,0.8854133486747742,1
67156,,,0,0,chronological,chronological,0.5369879603385925,1
67157,,,0,0,reversed,reversed,0.9890187978744507,1
67158,,,0,0,chronological,chronological,0.6556911468505859,1
67159,,,0,0,reversed,reversed,0.9590886831283569,1
67160,,,0,0,chronological,chronological,0.5763580799102783,1
67161,,,0,0,reversed,reversed,0.9022524356842041,1
67162,,,0,0,chronological,chronological,0.9785938262939453,1
67163,,,0,0,reversed,reversed,0.9532330632209778,1
67164,,,0,0,chronological,chronological,0.806439220905304,1
67165,,,0,0,reversed,reversed,0.8256019353866577,1
67166,,,0,0,chronological,chronological,0.9216578602790833,1
67167,,,0,0,reversed,reversed,0.7927507758140564,1
67168,,,0,0,chronological,chronological,0.628943681716919,1
67169,,,0,0,reversed,reversed,0.9368270635604858,1
67170,,,0,0,chronological,reversed,0.8109140396118164,0
67171,,,0,0,reversed,chronological,0.6452444791793823,0
67172,,,0,0,chronological,chronological,0.9780513048171997,1
67173,,,0,0,reversed,reversed,0.9360034465789795,1
67174,,,0,0,chronological,chronological,0.6099366545677185,1
67175,,,0,0,reversed,chronological,0.6419138312339783,0
67176,,,0,0,chronological,chronological,0.7454372644424438,1
67177,,,0,0,reversed,chronological,0.7031782865524292,0
67178,,,0,0,chronological,chronological,0.5136702060699463,1
67179,,,0,0,reversed,chronological,0.6215476393699646,0
67180,,,0,0,chronological,chronological,0.9821251630783081,1
67181,,,0,0,reversed,reversed,0.9503964781761169,1
67182,,,0,0,chronological,chronological,0.9966444969177246,1
67183,,,0,0,reversed,reversed,0.9298427700996399,1
67184,,,0,0,chronological,chronological,0.7577036619186401,1
67185,,,0,0,reversed,chronological,0.96914142370224,0
67186,,,0,0,chronological,chronological,0.9986976385116577,1
67187,,,0,0,reversed,reversed,0.9891633987426758,1
67188,,,0,0,chronological,chronological,0.9720317721366882,1
67189,,,0,0,reversed,reversed,0.5339138507843018,1
67190,,,0,0,chronological,chronological,0.9999251365661621,1
67191,,,0,0,reversed,chronological,0.5019909739494324,0
67192,,,0,0,chronological,chronological,0.9999935626983643,1
67193,,,0,0,reversed,reversed,0.9997854828834534,1
67194,,,0,0,chronological,reversed,0.5286644101142883,0
67195,,,0,0,reversed,reversed,0.5572995543479919,1
67196,,,0,0,chronological,reversed,0.6878604888916016,0
67197,,,0,0,reversed,reversed,0.5512089729309082,1
67198,,,0,0,chronological,chronological,0.6098737716674805,1
67199,,,0,0,reversed,reversed,0.7971502542495728,1
67200,,,0,0,chronological,chronological,0.6182451844215393,1
67201,,,0,0,reversed,reversed,0.6890869140625,1
67202,,,0,0,chronological,chronological,0.9501540660858154,1
67203,,,0,0,reversed,reversed,0.9766148924827576,1
67204,,,0,0,chronological,chronological,0.9569025635719299,1
67205,,,0,0,reversed,reversed,0.9663722515106201,1
67206,,,0,0,chronological,reversed,0.8482823967933655,0
67207,,,0,0,reversed,reversed,0.6728057861328125,1
67208,,,0,0,chronological,chronological,0.9993533492088318,1
67209,,,0,0,reversed,reversed,0.9999074935913086,1
67210,,,0,0,chronological,chronological,0.9754128456115723,1
67211,,,0,0,reversed,reversed,0.9999213218688965,1
67212,,,0,0,chronological,chronological,0.9999998807907104,1
67213,,,0,0,reversed,reversed,1.0,1
67214,,,0,0,chronological,chronological,1.0,1
67215,,,0,0,reversed,reversed,1.0,1
67216,,,0,0,chronological,chronological,0.9982737302780151,1
67217,,,0,0,reversed,reversed,0.9668787121772766,1
67218,,,0,0,chronological,chronological,0.9999821186065674,1
67219,,,0,0,reversed,reversed,0.999815046787262,1
67220,,,0,0,chronological,chronological,0.9978939890861511,1
67221,,,0,0,reversed,reversed,0.9992747902870178,1
67222,,,0,0,chronological,reversed,0.9714602828025818,0
67223,,,0,0,reversed,reversed,0.9582145810127258,1
67224,,,0,0,chronological,chronological,0.9945113658905029,1
67225,,,0,0,reversed,reversed,0.9961934089660645,1
67226,,,0,0,chronological,chronological,0.5117143392562866,1
67227,,,0,0,reversed,reversed,0.9996155500411987,1
67228,,,0,0,chronological,chronological,0.9998923540115356,1
67229,,,0,0,reversed,reversed,0.9857398867607117,1
67230,,,0,0,chronological,chronological,0.9988991022109985,1
67231,,,0,0,reversed,reversed,0.9921248555183411,1
67232,,,0,0,chronological,chronological,0.9760934710502625,1
67233,,,0,0,reversed,reversed,0.9929031729698181,1
67234,,,0,0,chronological,chronological,0.999997615814209,1
67235,,,0,0,reversed,reversed,0.9999954700469971,1
67236,,,0,0,chronological,chronological,0.9999946355819702,1
67237,,,0,0,reversed,reversed,0.9999852180480957,1
67238,,,0,0,chronological,chronological,0.9999988079071045,1
67239,,,0,0,reversed,reversed,1.0,1
67240,,,0,0,chronological,chronological,0.7066951394081116,1
67241,,,0,0,reversed,reversed,0.6788047552108765,1
67242,,,0,0,chronological,chronological,0.8446105122566223,1
67243,,,0,0,reversed,chronological,0.6559122204780579,0
67244,,,0,0,chronological,reversed,0.5507234930992126,0
67245,,,0,0,reversed,chronological,0.7047670483589172,0
67246,,,0,0,chronological,chronological,0.9762503504753113,1
67247,,,0,0,reversed,reversed,0.974284827709198,1
67248,,,0,0,chronological,chronological,0.9211561679840088,1
67249,,,0,0,reversed,reversed,0.8200669884681702,1
67250,,,0,0,chronological,chronological,0.9493886232376099,1
67251,,,0,0,reversed,reversed,0.9511824250221252,1
67252,,,0,0,chronological,chronological,0.9524243474006653,1
67253,,,0,0,reversed,reversed,0.9911812543869019,1
67254,,,0,0,chronological,chronological,0.5762820839881897,1
67255,,,0,0,reversed,reversed,0.5957880616188049,1
67256,,,0,0,chronological,chronological,0.6708299517631531,1
67257,,,0,0,reversed,reversed,0.7864071130752563,1
67258,,,0,0,chronological,reversed,0.770331621170044,0
67259,,,0,0,reversed,chronological,0.7753918766975403,0
67260,,,0,0,chronological,chronological,0.6643758416175842,1
67261,,,0,0,reversed,chronological,0.5720834136009216,0
67262,,,0,0,chronological,reversed,0.5645492672920227,0
67263,,,0,0,reversed,chronological,0.7022339701652527,0
67264,,,0,0,chronological,chronological,0.5249493718147278,1
67265,,,0,0,reversed,chronological,0.522306501865387,0
67266,,,0,0,chronological,reversed,0.7137231230735779,0
67267,,,0,0,reversed,reversed,0.5939815640449524,1
67268,,,0,0,chronological,chronological,0.6034817099571228,1
67269,,,0,0,reversed,reversed,0.6735045909881592,1
67270,,,0,0,chronological,chronological,0.8735612034797668,1
67271,,,0,0,reversed,reversed,0.5927920937538147,1
67272,,,0,0,chronological,chronological,0.5806567668914795,1
67273,,,0,0,reversed,chronological,0.5137725472450256,0
67274,,,0,0,chronological,chronological,0.7369891405105591,1
67275,,,0,0,reversed,reversed,0.6349416375160217,1
67276,,,0,0,chronological,chronological,0.8511454463005066,1
67277,,,0,0,reversed,chronological,0.6393330097198486,0
67278,,,0,0,chronological,chronological,0.8556984066963196,1
67279,,,0,0,reversed,chronological,0.5557318925857544,0
67280,,,0,0,chronological,chronological,0.8120416402816772,1
67281,,,0,0,reversed,reversed,0.7548826932907104,1
67282,,,0,0,chronological,chronological,0.7476322054862976,1
67283,,,0,0,reversed,reversed,0.7470462918281555,1
67284,,,0,0,chronological,chronological,0.5858475565910339,1
67285,,,0,0,reversed,chronological,0.5131621360778809,0
67286,,,0,0,chronological,chronological,0.8477494716644287,1
67287,,,0,0,reversed,reversed,0.7286973595619202,1
67288,,,0,0,chronological,chronological,0.7514499425888062,1
67289,,,0,0,reversed,reversed,0.6235024333000183,1
67290,,,0,0,chronological,chronological,0.9916849136352539,1
67291,,,0,0,reversed,reversed,0.7917396426200867,1
67292,,,0,0,chronological,chronological,0.7723551988601685,1
67293,,,0,0,reversed,chronological,0.72699373960495,0
67294,,,0,0,chronological,chronological,0.6286055445671082,1
67295,,,0,0,reversed,chronological,0.68851637840271,0
67296,,,0,0,chronological,chronological,0.5514544248580933,1
67297,,,0,0,reversed,reversed,0.5346387624740601,1
67298,,,0,0,chronological,chronological,0.8476507663726807,1
67299,,,0,0,reversed,reversed,0.8673416376113892,1
67300,,,0,0,chronological,chronological,0.5356825590133667,1
67301,,,0,0,reversed,reversed,0.7461336255073547,1
67302,,,0,0,chronological,reversed,0.536791980266571,0
67303,,,0,0,reversed,reversed,0.6599507927894592,1
67304,,,0,0,chronological,chronological,0.809171736240387,1
67305,,,0,0,reversed,reversed,0.8506590127944946,1
67306,,,0,0,chronological,chronological,0.9547674655914307,1
67307,,,0,0,reversed,reversed,0.5966598391532898,1
67308,,,0,0,chronological,reversed,0.7154302000999451,0
67309,,,0,0,reversed,reversed,0.8287832140922546,1
67310,,,0,0,chronological,chronological,0.62366783618927,1
67311,,,0,0,reversed,chronological,0.8731932044029236,0
67312,,,0,0,chronological,reversed,0.6747073531150818,0
67313,,,0,0,reversed,reversed,0.9973887801170349,1
67314,,,0,0,chronological,chronological,0.9990720748901367,1
67315,,,0,0,reversed,reversed,0.9996194839477539,1
67316,,,0,0,chronological,chronological,0.6771305203437805,1
67317,,,0,0,reversed,reversed,0.9761102795600891,1
67318,,,0,0,chronological,reversed,0.5980837345123291,0
67319,,,0,0,reversed,reversed,0.8269246220588684,1
67320,,,0,0,chronological,chronological,0.9999992847442627,1
67321,,,0,0,reversed,reversed,0.9999974966049194,1
67322,,,0,0,chronological,chronological,0.9923893809318542,1
67323,,,0,0,reversed,reversed,0.9962571859359741,1
67324,,,0,0,chronological,reversed,0.9846571087837219,0
67325,,,0,0,reversed,chronological,0.8741031289100647,0
67326,,,0,0,chronological,chronological,0.9991849064826965,1
67327,,,0,0,reversed,reversed,0.9997655749320984,1
67328,,,0,0,chronological,chronological,0.9990562796592712,1
67329,,,0,0,reversed,reversed,0.9919339418411255,1
67330,,,0,0,chronological,chronological,0.9145026206970215,1
67331,,,0,0,reversed,reversed,0.886498212814331,1
67332,,,0,0,chronological,chronological,0.9998213648796082,1
67333,,,0,0,reversed,reversed,0.9979498982429504,1
67334,,,0,0,chronological,chronological,1.0,1
67335,,,0,0,reversed,reversed,0.9999995231628418,1
67336,,,0,0,chronological,chronological,0.9647992253303528,1
67337,,,0,0,reversed,reversed,0.9545087814331055,1
67338,,,0,0,chronological,chronological,0.9227971434593201,1
67339,,,0,0,reversed,reversed,0.8156396150588989,1
67340,,,0,0,chronological,chronological,0.9633183479309082,1
67341,,,0,0,reversed,reversed,0.9995556473731995,1
67342,,,0,0,chronological,chronological,0.9629573225975037,1
67343,,,0,0,reversed,chronological,0.9074119329452515,0
67344,,,0,0,chronological,chronological,0.9654760360717773,1
67345,,,0,0,reversed,reversed,0.9992746710777283,1
67346,,,0,0,chronological,chronological,0.6706944704055786,1
67347,,,0,0,reversed,reversed,0.9947400689125061,1
67348,,,0,0,chronological,chronological,0.969622790813446,1
67349,,,0,0,reversed,reversed,0.5887709259986877,1
67350,,,0,0,chronological,chronological,0.7977791428565979,1
67351,,,0,0,reversed,reversed,0.9982945322990417,1
67352,,,0,0,chronological,reversed,0.9957306981086731,0
67353,,,0,0,reversed,reversed,0.6353330612182617,1
67354,,,0,0,chronological,chronological,0.9472390413284302,1
67355,,,0,0,reversed,reversed,0.9999141693115234,1
67356,,,0,0,chronological,chronological,0.8803796172142029,1
67357,,,0,0,reversed,reversed,0.9999977350234985,1
67358,,,0,0,chronological,chronological,0.9895794987678528,1
67359,,,0,0,reversed,reversed,0.9999998807907104,1
67360,,,0,0,chronological,reversed,0.9999270439147949,0
67361,,,0,0,reversed,reversed,0.999367892742157,1
67362,,,0,0,chronological,chronological,0.9999768733978271,1
67363,,,0,0,reversed,reversed,1.0,1
67364,,,0,0,chronological,chronological,0.9999762773513794,1
67365,,,0,0,reversed,reversed,0.9999998807907104,1
67366,,,0,0,chronological,chronological,0.8135707378387451,1
67367,,,0,0,reversed,reversed,0.8041408658027649,1
67368,,,0,0,chronological,reversed,0.6996368169784546,0
67369,,,0,0,reversed,chronological,0.6369541883468628,0
67370,,,0,0,chronological,chronological,0.9878643155097961,1
67371,,,0,0,reversed,reversed,0.9879357814788818,1
67372,,,0,0,chronological,chronological,0.7614492774009705,1
67373,,,0,0,reversed,reversed,0.9959695339202881,1
67374,,,0,0,chronological,chronological,0.9996980428695679,1
67375,,,0,0,reversed,reversed,0.999923586845398,1
67376,,,0,0,chronological,chronological,0.8330398797988892,1
67377,,,0,0,reversed,reversed,0.9169505834579468,1
67378,,,0,0,chronological,chronological,0.8493834137916565,1
67379,,,0,0,reversed,reversed,0.8014050722122192,1
67380,,,0,0,chronological,chronological,0.6032739877700806,1
67381,,,0,0,reversed,chronological,0.7724472284317017,0
67382,,,0,0,chronological,reversed,0.7850611805915833,0
67383,,,0,0,reversed,reversed,0.9446330666542053,1
67384,,,0,0,chronological,reversed,0.5934979915618896,0
67385,,,0,0,reversed,reversed,0.7944214344024658,1
67386,,,0,0,chronological,chronological,0.993053138256073,1
67387,,,0,0,reversed,reversed,0.5410264730453491,1
67388,,,0,0,chronological,chronological,0.9370030760765076,1
67389,,,0,0,reversed,reversed,0.9252392053604126,1
67390,,,0,0,chronological,chronological,0.995158851146698,1
67391,,,0,0,reversed,reversed,0.989118218421936,1
67392,,,0,0,chronological,reversed,0.9811990261077881,0
67393,,,0,0,reversed,reversed,0.9323016405105591,1
67394,,,0,0,chronological,chronological,0.7661946415901184,1
67395,,,0,0,reversed,chronological,0.8933588266372681,0
67396,,,0,0,chronological,chronological,0.999189555644989,1
67397,,,0,0,reversed,reversed,0.9999991655349731,1
67398,,,0,0,chronological,chronological,0.9685958623886108,1
67399,,,0,0,reversed,reversed,0.9894818067550659,1
67400,,,0,0,chronological,chronological,0.9665825963020325,1
67401,,,0,0,reversed,reversed,0.9783008694648743,1
67402,,,0,0,chronological,chronological,0.8980526328086853,1
67403,,,0,0,reversed,reversed,0.6693276166915894,1
67404,,,0,0,chronological,chronological,0.9999352693557739,1
67405,,,0,0,reversed,reversed,0.9992030262947083,1
67406,,,0,0,chronological,chronological,0.6618993878364563,1
67407,,,0,0,reversed,reversed,0.6075242757797241,1
67408,,,0,0,chronological,reversed,0.7151258587837219,0
67409,,,0,0,reversed,chronological,0.6652670502662659,0
67410,,,0,0,chronological,chronological,0.8169556856155396,1
67411,,,0,0,reversed,reversed,0.8356224298477173,1
67412,,,0,0,chronological,reversed,0.5360802412033081,0
67413,,,0,0,reversed,reversed,0.5142335891723633,1
67414,,,0,0,chronological,chronological,0.5988565683364868,1
67415,,,0,0,reversed,reversed,0.5308676958084106,1
67416,,,0,0,chronological,chronological,0.7962148785591125,1
67417,,,0,0,reversed,reversed,0.5237403512001038,1
67418,,,0,0,chronological,chronological,0.5605484843254089,1
67419,,,0,0,reversed,chronological,0.640319287776947,0
67420,,,0,0,chronological,chronological,0.5776693820953369,1
67421,,,0,0,reversed,reversed,0.6063381433486938,1
67422,,,0,0,chronological,reversed,0.5640140771865845,0
67423,,,0,0,reversed,chronological,0.5610723495483398,0
67424,,,0,0,chronological,chronological,0.7193952798843384,1
67425,,,0,0,reversed,reversed,0.90824294090271,1
67426,,,0,0,chronological,reversed,0.5183164477348328,0
67427,,,0,0,reversed,reversed,0.7504960894584656,1
67428,,,0,0,chronological,chronological,0.5352389812469482,1
67429,,,0,0,reversed,reversed,0.7250010967254639,1
67430,,,0,0,chronological,chronological,0.5606353878974915,1
67431,,,0,0,reversed,reversed,0.6765949130058289,1
67432,,,0,0,chronological,chronological,0.5039688944816589,1
67433,,,0,0,reversed,reversed,0.6044777035713196,1
67434,,,0,0,chronological,chronological,0.5343226194381714,1
67435,,,0,0,reversed,chronological,0.5989543199539185,0
67436,,,0,0,chronological,chronological,0.7396762371063232,1
67437,,,0,0,reversed,chronological,0.6036083102226257,0
67438,,,0,0,chronological,chronological,0.5977171063423157,1
67439,,,0,0,reversed,chronological,0.670616090297699,0
67440,,,0,0,chronological,reversed,0.5591244101524353,0
67441,,,0,0,reversed,chronological,0.517997682094574,0
67442,,,0,0,chronological,reversed,0.5430654287338257,0
67443,,,0,0,reversed,reversed,0.5658973455429077,1
67444,,,0,0,chronological,chronological,0.7516191601753235,1
67445,,,0,0,reversed,chronological,0.6025673151016235,0
67446,,,0,0,chronological,chronological,0.5434979200363159,1
67447,,,0,0,reversed,reversed,0.6040675044059753,1
67448,,,0,0,chronological,chronological,0.6612008810043335,1
67449,,,0,0,reversed,reversed,0.806875467300415,1
67450,,,0,0,chronological,chronological,0.8207611441612244,1
67451,,,0,0,reversed,chronological,0.7492985129356384,0
67452,,,0,0,chronological,chronological,0.8707178235054016,1
67453,,,0,0,reversed,reversed,0.593917965888977,1
67454,,,0,0,chronological,chronological,0.7369986176490784,1
67455,,,0,0,reversed,chronological,0.5521942973136902,0
67456,,,0,0,chronological,chronological,0.9277873635292053,1
67457,,,0,0,reversed,reversed,0.8522418737411499,1
67458,,,0,0,chronological,chronological,0.9672313332557678,1
67459,,,0,0,reversed,reversed,0.6961301565170288,1
67460,,,0,0,chronological,chronological,0.9993553757667542,1
67461,,,0,0,reversed,reversed,0.9985479712486267,1
67462,,,0,0,chronological,reversed,0.5162572860717773,0
67463,,,0,0,reversed,chronological,0.5603517293930054,0
67464,,,0,0,chronological,reversed,0.605126142501831,0
67465,,,0,0,reversed,chronological,0.5949519872665405,0
67466,,,0,0,chronological,chronological,0.9987443685531616,1
67467,,,0,0,reversed,reversed,0.7232790589332581,1
67468,,,0,0,chronological,chronological,0.9999762773513794,1
67469,,,0,0,reversed,reversed,0.9996411800384521,1
67470,,,0,0,chronological,chronological,0.9999371767044067,1
67471,,,0,0,reversed,reversed,0.9999032020568848,1
67472,,,0,0,chronological,chronological,0.9997081160545349,1
67473,,,0,0,reversed,reversed,0.9928004741668701,1
67474,,,0,0,chronological,chronological,0.8099253177642822,1
67475,,,0,0,reversed,reversed,0.7451950311660767,1
67476,,,0,0,chronological,chronological,0.7838926911354065,1
67477,,,0,0,reversed,reversed,0.8029546141624451,1
67478,,,0,0,chronological,chronological,0.5221055746078491,1
67479,,,0,0,reversed,reversed,0.6700858473777771,1
67480,,,0,0,chronological,chronological,0.9558187127113342,1
67481,,,0,0,reversed,reversed,0.8925155997276306,1
67482,,,0,0,chronological,chronological,0.9999902248382568,1
67483,,,0,0,reversed,reversed,0.9997022747993469,1
67484,,,0,0,chronological,reversed,0.936674952507019,0
67485,,,0,0,reversed,chronological,0.9979249238967896,0
67486,,,0,0,chronological,chronological,0.7291845083236694,1
67487,,,0,0,reversed,reversed,0.9069212675094604,1
67488,,,0,0,chronological,chronological,0.5299898386001587,1
67489,,,0,0,reversed,reversed,0.8521330952644348,1
67490,,,0,0,chronological,chronological,0.8526084423065186,1
67491,,,0,0,reversed,reversed,0.9657520055770874,1
67492,,,0,0,chronological,reversed,0.9392731189727783,0
67493,,,0,0,reversed,chronological,0.6030865907669067,0
67494,,,0,0,chronological,reversed,0.5682741403579712,0
67495,,,0,0,reversed,reversed,0.7816125154495239,1
67496,,,0,0,chronological,chronological,0.7284408807754517,1
67497,,,0,0,reversed,reversed,0.6412903070449829,1
67498,,,0,0,chronological,chronological,0.991191565990448,1
67499,,,0,0,reversed,reversed,0.7484744787216187,1
67500,,,0,0,chronological,chronological,0.6999887824058533,1
67501,,,0,0,reversed,chronological,0.67725670337677,0
67502,,,0,0,chronological,chronological,0.5029006600379944,1
67503,,,0,0,reversed,reversed,0.9568593502044678,1
67504,,,0,0,chronological,reversed,0.6844223737716675,0
67505,,,0,0,reversed,reversed,0.7408144474029541,1
67506,,,0,0,chronological,chronological,0.6608737707138062,1
67507,,,0,0,reversed,reversed,0.9877573251724243,1
67508,,,0,0,chronological,chronological,0.5291374921798706,1
67509,,,0,0,reversed,reversed,0.7027103304862976,1
67510,,,0,0,chronological,reversed,0.9070495367050171,0
67511,,,0,0,reversed,chronological,0.7846096158027649,0
67512,,,0,0,chronological,chronological,0.9567549228668213,1
67513,,,0,0,reversed,reversed,0.9813457131385803,1
67514,,,0,0,chronological,chronological,0.9980802536010742,1
67515,,,0,0,reversed,chronological,0.6038540005683899,0
67516,,,0,0,chronological,chronological,0.9961197376251221,1
67517,,,0,0,reversed,reversed,0.7412440180778503,1
67518,,,0,0,chronological,chronological,0.9938154220581055,1
67519,,,0,0,reversed,reversed,0.6758209466934204,1
67520,,,0,0,chronological,chronological,0.9999995231628418,1
67521,,,0,0,reversed,reversed,0.999670147895813,1
67522,,,0,0,chronological,chronological,0.7570791840553284,1
67523,,,0,0,reversed,chronological,0.6987561583518982,0
67524,,,0,0,chronological,reversed,0.5984086394309998,0
67525,,,0,0,reversed,chronological,0.706559419631958,0
67526,,,0,0,chronological,chronological,0.6562944054603577,1
67527,,,0,0,reversed,reversed,0.6264725923538208,1
67528,,,0,0,chronological,chronological,0.6746851801872253,1
67529,,,0,0,reversed,reversed,0.7871378660202026,1
67530,,,0,0,chronological,chronological,0.6340928077697754,1
67531,,,0,0,reversed,reversed,0.9879032969474792,1
67532,,,0,0,chronological,chronological,0.7045297026634216,1
67533,,,0,0,reversed,reversed,0.9276239275932312,1
67534,,,0,0,chronological,chronological,0.9991474151611328,1
67535,,,0,0,reversed,reversed,0.9995468258857727,1
67536,,,0,0,chronological,reversed,0.8530789017677307,0
67537,,,0,0,reversed,chronological,0.9712655544281006,0
67538,,,0,0,chronological,chronological,0.7762438654899597,1
67539,,,0,0,reversed,reversed,0.7706142663955688,1
67540,,,0,0,chronological,chronological,0.9687432050704956,1
67541,,,0,0,reversed,reversed,0.9178268313407898,1
67542,,,0,0,chronological,chronological,0.8081536293029785,1
67543,,,0,0,reversed,reversed,0.8591966032981873,1
67544,,,0,0,chronological,reversed,0.6986044645309448,0
67545,,,0,0,reversed,chronological,0.9942436814308167,0
67546,,,0,0,chronological,chronological,0.9994553923606873,1
67547,,,0,0,reversed,reversed,0.9939191341400146,1
67548,,,0,0,chronological,chronological,0.9997528195381165,1
67549,,,0,0,reversed,reversed,0.7628957033157349,1
67550,,,0,0,chronological,chronological,0.9947013854980469,1
67551,,,0,0,reversed,reversed,0.9999988079071045,1
67552,,,0,0,chronological,chronological,0.9999940395355225,1
67553,,,0,0,reversed,reversed,0.999984622001648,1
67554,,,0,0,chronological,chronological,0.6133315563201904,1
67555,,,0,0,reversed,chronological,0.6334126591682434,0
67556,,,0,0,chronological,chronological,0.9314602613449097,1
67557,,,0,0,reversed,reversed,0.9902998208999634,1
67558,,,0,0,chronological,chronological,1.0,1
67559,,,0,0,reversed,reversed,1.0,1
67560,,,0,0,chronological,chronological,0.9836154580116272,1
67561,,,0,0,reversed,reversed,0.7407191395759583,1
67562,,,0,0,chronological,chronological,0.852979838848114,1
67563,,,0,0,reversed,reversed,0.5659839510917664,1
67564,,,0,0,chronological,chronological,0.9721126556396484,1
67565,,,0,0,reversed,reversed,0.9067379236221313,1
67566,,,0,0,chronological,chronological,0.9090523719787598,1
67567,,,0,0,reversed,chronological,0.5102824568748474,0
67568,,,0,0,chronological,chronological,0.8347352743148804,1
67569,,,0,0,reversed,chronological,0.5411477088928223,0
67570,,,0,0,chronological,chronological,0.7430055737495422,1
67571,,,0,0,reversed,chronological,0.7806178331375122,0
67572,,,0,0,chronological,chronological,0.8800490498542786,1
67573,,,0,0,reversed,chronological,0.8257913589477539,0
67574,,,0,0,chronological,reversed,0.5671526789665222,0
67575,,,0,0,reversed,reversed,0.7897881269454956,1
67576,,,0,0,chronological,chronological,0.8559446930885315,1
67577,,,0,0,reversed,reversed,0.9353099465370178,1
67578,,,0,0,chronological,chronological,0.7159495949745178,1
67579,,,0,0,reversed,reversed,0.6610745787620544,1
67580,,,0,0,chronological,chronological,0.7299045324325562,1
67581,,,0,0,reversed,reversed,0.9923698902130127,1
67582,,,0,0,chronological,chronological,0.946253776550293,1
67583,,,0,0,reversed,reversed,0.9969837069511414,1
67584,,,0,0,chronological,chronological,0.9463599920272827,1
67585,,,0,0,reversed,reversed,0.992939829826355,1
67586,,,0,0,chronological,chronological,0.9999995231628418,1
67587,,,0,0,reversed,reversed,0.9999995231628418,1
67588,,,0,0,chronological,chronological,0.9656949043273926,1
67589,,,0,0,reversed,reversed,0.6167283058166504,1
67590,,,0,0,chronological,chronological,0.9956256151199341,1
67591,,,0,0,reversed,reversed,0.9662018418312073,1
67592,,,0,0,chronological,chronological,0.9409921169281006,1
67593,,,0,0,reversed,reversed,0.923437237739563,1
67594,,,0,0,chronological,chronological,0.837654173374176,1
67595,,,0,0,reversed,reversed,0.9743812680244446,1
67596,,,0,0,chronological,chronological,0.759322464466095,1
67597,,,0,0,reversed,reversed,0.8799523115158081,1
67598,,,0,0,chronological,chronological,0.9649708271026611,1
67599,,,0,0,reversed,reversed,0.9269464612007141,1
67600,,,0,0,chronological,chronological,0.9999467134475708,1
67601,,,0,0,reversed,reversed,0.9985671043395996,1
67602,,,0,0,chronological,chronological,0.9298484325408936,1
67603,,,0,0,reversed,reversed,0.7876281142234802,1
67604,,,0,0,chronological,chronological,0.8048595786094666,1
67605,,,0,0,reversed,reversed,0.6236384510993958,1
67606,,,0,0,chronological,chronological,0.8385724425315857,1
67607,,,0,0,reversed,reversed,0.7932395935058594,1
67608,,,0,0,chronological,chronological,0.6843068599700928,1
67609,,,0,0,reversed,reversed,0.9416590929031372,1
67610,,,0,0,chronological,chronological,0.9997956156730652,1
67611,,,0,0,reversed,reversed,0.9989150762557983,1
67612,,,0,0,chronological,chronological,0.9546859860420227,1
67613,,,0,0,reversed,reversed,0.7621679306030273,1
67614,,,0,0,chronological,chronological,0.7769259810447693,1
67615,,,0,0,reversed,chronological,0.7306599020957947,0
67616,,,0,0,chronological,chronological,0.9995825886726379,1
67617,,,0,0,reversed,reversed,0.9922187328338623,1
67618,,,0,0,chronological,chronological,0.9032695889472961,1
67619,,,0,0,reversed,reversed,0.7019049525260925,1
67620,,,0,0,chronological,reversed,0.82659512758255,0
67621,,,0,0,reversed,chronological,0.7290067076683044,0
67622,,,0,0,chronological,chronological,0.9997791647911072,1
67623,,,0,0,reversed,reversed,0.9995558857917786,1
67624,,,0,0,chronological,chronological,0.8151099681854248,1
67625,,,0,0,reversed,reversed,0.9995802044868469,1
67626,,,0,0,chronological,reversed,0.7627429962158203,0
67627,,,0,0,reversed,chronological,0.5277243852615356,0
67628,,,0,0,chronological,chronological,0.9999997615814209,1
67629,,,0,0,reversed,reversed,0.9999961853027344,1
67630,,,0,0,chronological,chronological,0.9987793564796448,1
67631,,,0,0,reversed,reversed,0.9632087349891663,1
67632,,,0,0,chronological,chronological,0.9999997615814209,1
67633,,,0,0,reversed,reversed,1.0,1
67634,,,0,0,chronological,chronological,0.9999995231628418,1
67635,,,0,0,reversed,reversed,0.9999942779541016,1
67636,,,0,0,chronological,chronological,0.6100717782974243,1
67637,,,0,0,reversed,reversed,0.9361798763275146,1
67638,,,0,0,chronological,reversed,0.8527169227600098,0
67639,,,0,0,reversed,reversed,0.6007399559020996,1
67640,,,0,0,chronological,chronological,0.8396369814872742,1
67641,,,0,0,reversed,chronological,0.6327547430992126,0
67642,,,0,0,chronological,chronological,0.5723100304603577,1
67643,,,0,0,reversed,reversed,0.85037761926651,1
67644,,,0,0,chronological,chronological,0.9995554089546204,1
67645,,,0,0,reversed,reversed,0.9978786706924438,1
67646,,,0,0,chronological,chronological,0.9999992847442627,1
67647,,,0,0,reversed,reversed,0.999994158744812,1
67648,,,0,0,chronological,chronological,0.9779644012451172,1
67649,,,0,0,reversed,reversed,0.6541683673858643,1
67650,,,0,0,chronological,chronological,0.9948508143424988,1
67651,,,0,0,reversed,reversed,0.9471877217292786,1
67652,,,0,0,chronological,chronological,0.6765657663345337,1
67653,,,0,0,reversed,reversed,0.7062296867370605,1
67654,,,0,0,chronological,chronological,0.9745115637779236,1
67655,,,0,0,reversed,reversed,0.6295252442359924,1
67656,,,0,0,chronological,chronological,0.8082613348960876,1
67657,,,0,0,reversed,chronological,0.5418446063995361,0
67658,,,0,0,chronological,chronological,0.6220148801803589,1
67659,,,0,0,reversed,reversed,0.5308647751808167,1
67660,,,0,0,chronological,reversed,0.5555787682533264,0
67661,,,0,0,reversed,reversed,0.5133325457572937,1
67662,,,0,0,chronological,reversed,0.5146996378898621,0
67663,,,0,0,reversed,reversed,0.6201844811439514,1
67664,,,0,0,chronological,chronological,0.7044000625610352,1
67665,,,0,0,reversed,reversed,0.663723349571228,1
67666,,,0,0,chronological,chronological,0.6996902227401733,1
67667,,,0,0,reversed,reversed,0.5286036133766174,1
67668,,,0,0,chronological,chronological,0.5165356397628784,1
67669,,,0,0,reversed,reversed,0.5273292660713196,1
67670,,,0,0,chronological,chronological,0.5142037868499756,1
67671,,,0,0,reversed,chronological,0.5263735055923462,0
67672,,,0,0,chronological,chronological,0.6732350587844849,1
67673,,,0,0,reversed,chronological,0.693752110004425,0
67674,,,0,0,chronological,chronological,0.8485575914382935,1
67675,,,0,0,reversed,chronological,0.832209587097168,0
67676,,,0,0,chronological,chronological,0.7459016442298889,1
67677,,,0,0,reversed,chronological,0.8099866509437561,0
67678,,,0,0,chronological,chronological,0.6777024269104004,1
67679,,,0,0,reversed,chronological,0.6243991255760193,0
67680,,,0,0,chronological,chronological,0.6457734107971191,1
67681,,,0,0,reversed,reversed,0.6167667508125305,1
67682,,,0,0,chronological,chronological,0.5167266130447388,1
67683,,,0,0,reversed,reversed,0.786007821559906,1
67684,,,0,0,chronological,reversed,0.6711525917053223,0
67685,,,0,0,reversed,chronological,0.6081737875938416,0
67686,,,0,0,chronological,chronological,0.6161500215530396,1
67687,,,0,0,reversed,chronological,0.7499492168426514,0
67688,,,0,0,chronological,chronological,0.6355745196342468,1
67689,,,0,0,reversed,chronological,0.7080917954444885,0
67690,,,0,0,chronological,chronological,0.9795739650726318,1
67691,,,0,0,reversed,reversed,0.7351285815238953,1
67692,,,0,0,chronological,chronological,0.9884395599365234,1
67693,,,0,0,reversed,chronological,0.64702308177948,0
67694,,,0,0,chronological,chronological,0.9789198637008667,1
67695,,,0,0,reversed,chronological,0.7095333337783813,0
67696,,,0,0,chronological,chronological,0.8946765661239624,1
67697,,,0,0,reversed,chronological,0.6613332033157349,0
67698,,,0,0,chronological,chronological,0.7491682767868042,1
67699,,,0,0,reversed,chronological,0.7161936163902283,0
67700,,,0,0,chronological,chronological,0.6818222403526306,1
67701,,,0,0,reversed,reversed,0.5961748957633972,1
67702,,,0,0,chronological,chronological,0.8534865975379944,1
67703,,,0,0,reversed,reversed,0.9057374596595764,1
67704,,,0,0,chronological,chronological,0.6967139840126038,1
67705,,,0,0,reversed,reversed,0.7809057235717773,1
67706,,,0,0,chronological,reversed,0.908348560333252,0
67707,,,0,0,reversed,chronological,0.8402706980705261,0
67708,,,0,0,chronological,chronological,0.9924063086509705,1
67709,,,0,0,reversed,reversed,0.9800066351890564,1
67710,,,0,0,chronological,chronological,0.9458826780319214,1
67711,,,0,0,reversed,reversed,0.7554897665977478,1
67712,,,0,0,chronological,chronological,0.9768751859664917,1
67713,,,0,0,reversed,reversed,0.804800808429718,1
67714,,,0,0,chronological,reversed,0.5237903594970703,0
67715,,,0,0,reversed,chronological,0.9502279758453369,0
67716,,,0,0,chronological,chronological,0.991885781288147,1
67717,,,0,0,reversed,reversed,0.9999370574951172,1
67718,,,0,0,chronological,reversed,0.9959521293640137,0
67719,,,0,0,reversed,chronological,0.9891191720962524,0
67720,,,0,0,chronological,chronological,1.0,1
67721,,,0,0,reversed,reversed,1.0,1
67722,,,0,0,chronological,chronological,0.9998294115066528,1
67723,,,0,0,reversed,reversed,0.9999828338623047,1
67724,,,0,0,chronological,chronological,0.972891628742218,1
67725,,,0,0,reversed,reversed,0.9104077219963074,1
67726,,,0,0,chronological,chronological,0.9757775068283081,1
67727,,,0,0,reversed,reversed,0.9999500513076782,1
67728,,,0,0,chronological,chronological,0.9994605183601379,1
67729,,,0,0,reversed,reversed,0.9999548196792603,1
67730,,,0,0,chronological,reversed,0.5557889938354492,0
67731,,,0,0,reversed,reversed,0.6029450297355652,1
67732,,,0,0,chronological,chronological,1.0,1
67733,,,0,0,reversed,reversed,1.0,1
67734,,,0,0,chronological,chronological,0.9302259087562561,1
67735,,,0,0,reversed,reversed,0.9781420826911926,1
67736,,,0,0,chronological,chronological,0.9991106390953064,1
67737,,,0,0,reversed,reversed,0.9972965121269226,1
67738,,,0,0,chronological,chronological,0.9998815059661865,1
67739,,,0,0,reversed,reversed,0.9937437176704407,1
67740,,,0,0,chronological,chronological,0.6935157775878906,1
67741,,,0,0,reversed,chronological,0.703094482421875,0
67742,,,0,0,chronological,reversed,0.7993345260620117,0
67743,,,0,0,reversed,chronological,0.5294809341430664,0
67744,,,0,0,chronological,reversed,0.7582988739013672,0
67745,,,0,0,reversed,chronological,0.5749210119247437,0
67746,,,0,0,chronological,chronological,0.8622504472732544,1
67747,,,0,0,reversed,reversed,0.9940652847290039,1
67748,,,0,0,chronological,chronological,0.8471251726150513,1
67749,,,0,0,reversed,reversed,0.9468857049942017,1
67750,,,0,0,chronological,chronological,0.9999843835830688,1
67751,,,0,0,reversed,reversed,0.9998308420181274,1
67752,,,0,0,chronological,chronological,0.5177991390228271,1
67753,,,0,0,reversed,reversed,0.6083149313926697,1
67754,,,0,0,chronological,chronological,0.9997101426124573,1
67755,,,0,0,reversed,reversed,0.9920788407325745,1
67756,,,0,0,chronological,chronological,0.9867607355117798,1
67757,,,0,0,reversed,reversed,1.0,1
67758,,,0,0,chronological,chronological,0.8229424357414246,1
67759,,,0,0,reversed,reversed,0.8997080326080322,1
67760,,,0,0,chronological,chronological,0.9904184937477112,1
67761,,,0,0,reversed,reversed,0.9993098974227905,1
67762,,,0,0,chronological,chronological,0.9998683929443359,1
67763,,,0,0,reversed,reversed,0.9987886548042297,1
67764,,,0,0,chronological,chronological,0.9459887146949768,1
67765,,,0,0,reversed,reversed,0.9536916613578796,1
67766,,,0,0,chronological,chronological,0.818604052066803,1
67767,,,0,0,reversed,reversed,0.6125028133392334,1
67768,,,0,0,chronological,chronological,0.8689490556716919,1
67769,,,0,0,reversed,chronological,0.8309382796287537,0
67770,,,0,0,chronological,chronological,0.9998689889907837,1
67771,,,0,0,reversed,reversed,0.9988459348678589,1
67772,,,0,0,chronological,reversed,0.7936546206474304,0
67773,,,0,0,reversed,chronological,0.9153682589530945,0
67774,,,0,0,chronological,reversed,0.9294005036354065,0
67775,,,0,0,reversed,reversed,0.5348324775695801,1
67776,,,0,0,chronological,reversed,0.9239366054534912,0
67777,,,0,0,reversed,chronological,0.9744939804077148,0
67778,,,0,0,chronological,chronological,0.9997887015342712,1
67779,,,0,0,reversed,reversed,0.983385443687439,1
67780,,,0,0,chronological,chronological,0.9126681685447693,1
67781,,,0,0,reversed,reversed,0.9805097579956055,1
67782,,,0,0,chronological,chronological,0.9999945163726807,1
67783,,,0,0,reversed,reversed,0.9999992847442627,1
67784,,,0,0,chronological,chronological,0.9999184608459473,1
67785,,,0,0,reversed,reversed,0.9998393058776855,1
67786,,,0,0,chronological,chronological,0.9999668598175049,1
67787,,,0,0,reversed,reversed,0.9999984502792358,1
67788,,,0,0,chronological,chronological,0.9999984502792358,1
67789,,,0,0,reversed,reversed,1.0,1
67790,,,0,0,chronological,chronological,0.9999995231628418,1
67791,,,0,0,reversed,reversed,0.9999982118606567,1
67792,,,0,0,chronological,chronological,0.9998179078102112,1
67793,,,0,0,reversed,chronological,0.6002694368362427,0
67794,,,0,0,chronological,chronological,0.8789927959442139,1
67795,,,0,0,reversed,chronological,0.9874431490898132,0
67796,,,0,0,chronological,chronological,0.9782936573028564,1
67797,,,0,0,reversed,chronological,0.6727629899978638,0
67798,,,0,0,chronological,chronological,0.9958276152610779,1
67799,,,0,0,reversed,reversed,0.999762237071991,1
67800,,,0,0,chronological,chronological,0.9994619488716125,1
67801,,,0,0,reversed,chronological,0.9773339629173279,0
67802,,,0,0,chronological,chronological,0.9717789888381958,1
67803,,,0,0,reversed,chronological,0.5396003127098083,0
67804,,,0,0,chronological,reversed,0.735467791557312,0
67805,,,0,0,reversed,reversed,0.988567590713501,1
67806,,,0,0,chronological,chronological,0.9470208287239075,1
67807,,,0,0,reversed,reversed,0.9731742143630981,1
67808,,,0,0,chronological,chronological,0.9959815740585327,1
67809,,,0,0,reversed,reversed,0.989946186542511,1
67810,,,0,0,chronological,reversed,0.8395416140556335,0
67811,,,0,0,reversed,chronological,0.9690435528755188,0
67812,,,0,0,chronological,reversed,0.971038818359375,0
67813,,,0,0,reversed,reversed,0.8623532056808472,1
67814,,,0,0,chronological,chronological,0.9999319314956665,1
67815,,,0,0,reversed,reversed,0.9966950416564941,1
67816,,,0,0,chronological,reversed,0.8619927167892456,0
67817,,,0,0,reversed,chronological,0.9525662660598755,0
67818,,,0,0,chronological,chronological,0.9809594750404358,1
67819,,,0,0,reversed,reversed,0.9898209571838379,1
67820,,,0,0,chronological,chronological,0.9997387528419495,1
67821,,,0,0,reversed,reversed,0.9228937029838562,1
67822,,,0,0,chronological,chronological,0.8410822749137878,1
67823,,,0,0,reversed,reversed,0.948725700378418,1
67824,,,0,0,chronological,chronological,0.9140275120735168,1
67825,,,0,0,reversed,reversed,0.987439751625061,1
67826,,,0,0,chronological,chronological,0.9665985107421875,1
67827,,,0,0,reversed,reversed,0.7516008615493774,1
67828,,,0,0,chronological,chronological,0.9999923706054688,1
67829,,,0,0,reversed,reversed,0.9999995231628418,1
67830,,,0,0,chronological,chronological,0.9999161958694458,1
67831,,,0,0,reversed,reversed,0.9999991655349731,1
67832,,,0,0,chronological,chronological,0.985098123550415,1
67833,,,0,0,reversed,reversed,0.999981164932251,1
67834,,,0,0,chronological,reversed,0.5206654071807861,0
67835,,,0,0,reversed,reversed,0.5393794178962708,1
67836,,,0,0,chronological,chronological,0.9859380125999451,1
67837,,,0,0,reversed,reversed,0.9424352645874023,1
67838,,,0,0,chronological,reversed,0.921410322189331,0
67839,,,0,0,reversed,reversed,0.8950267434120178,1
67840,,,0,0,chronological,chronological,0.999967098236084,1
67841,,,0,0,reversed,reversed,0.9999650716781616,1
67842,,,0,0,chronological,chronological,0.8910080194473267,1
67843,,,0,0,reversed,chronological,0.9854427576065063,0
67844,,,0,0,chronological,chronological,0.9982219338417053,1
67845,,,0,0,reversed,reversed,0.9998973608016968,1
67846,,,0,0,chronological,chronological,0.9420209527015686,1
67847,,,0,0,reversed,reversed,0.9238688349723816,1
67848,,,0,0,chronological,chronological,0.9047975540161133,1
67849,,,0,0,reversed,reversed,0.9660817980766296,1
67850,,,0,0,chronological,chronological,0.9581427574157715,1
67851,,,0,0,reversed,reversed,0.9993239641189575,1
67852,,,0,0,chronological,reversed,0.9254316091537476,0
67853,,,0,0,reversed,chronological,0.6681885123252869,0
67854,,,0,0,chronological,chronological,0.9999990463256836,1
67855,,,0,0,reversed,reversed,0.999998927116394,1
67856,,,0,0,chronological,chronological,1.0,1
67857,,,0,0,reversed,reversed,0.9999998807907104,1
67858,,,0,0,chronological,chronological,0.9278908371925354,1
67859,,,0,0,reversed,chronological,0.9334180951118469,0
67860,,,0,0,chronological,chronological,0.9623197913169861,1
67861,,,0,0,reversed,reversed,0.9238514304161072,1
67862,,,0,0,chronological,reversed,0.9588276743888855,0
67863,,,0,0,reversed,reversed,0.5574050545692444,1
67864,,,0,0,chronological,chronological,0.9999924898147583,1
67865,,,0,0,reversed,reversed,0.9994445443153381,1
67866,,,0,0,chronological,chronological,0.9999871253967285,1
67867,,,0,0,reversed,reversed,0.9999815225601196,1
67868,,,0,0,chronological,chronological,0.9977225661277771,1
67869,,,0,0,reversed,reversed,0.9675047993659973,1
67870,,,0,0,chronological,chronological,0.8098791837692261,1
67871,,,0,0,reversed,chronological,0.6535176634788513,0
67872,,,0,0,chronological,chronological,0.9910570383071899,1
67873,,,0,0,reversed,reversed,0.9965735673904419,1
67874,,,0,0,chronological,reversed,0.5479925870895386,0
67875,,,0,0,reversed,reversed,0.9934431314468384,1
67876,,,0,0,chronological,chronological,0.9006471633911133,1
67877,,,0,0,reversed,reversed,0.9677889943122864,1
67878,,,0,0,chronological,reversed,0.5984296798706055,0
67879,,,0,0,reversed,reversed,0.9451366662979126,1
67880,,,0,0,chronological,chronological,0.999563992023468,1
67881,,,0,0,reversed,reversed,0.9997029900550842,1
67882,,,0,0,chronological,chronological,0.9888941645622253,1
67883,,,0,0,reversed,reversed,0.8980410099029541,1
67884,,,0,0,chronological,chronological,0.9920708537101746,1
67885,,,0,0,reversed,chronological,0.7502524852752686,0
67886,,,0,0,chronological,chronological,0.999997615814209,1
67887,,,0,0,reversed,reversed,0.9970000386238098,1
67888,,,0,0,chronological,chronological,0.8888223171234131,1
67889,,,0,0,reversed,reversed,0.7747154235839844,1
67890,,,0,0,chronological,chronological,0.5842864513397217,1
67891,,,0,0,reversed,chronological,0.7145061492919922,0
67892,,,0,0,chronological,chronological,0.6915141344070435,1
67893,,,0,0,reversed,reversed,0.5257499814033508,1
67894,,,0,0,chronological,chronological,0.741147518157959,1
67895,,,0,0,reversed,chronological,0.7395232915878296,0
67896,,,0,0,chronological,chronological,0.5886643528938293,1
67897,,,0,0,reversed,reversed,0.584848940372467,1
67898,,,0,0,chronological,chronological,0.9999918937683105,1
67899,,,0,0,reversed,reversed,0.9972042441368103,1
67900,,,0,0,chronological,chronological,0.9999997615814209,1
67901,,,0,0,reversed,reversed,0.9999998807907104,1
67902,,,0,0,chronological,chronological,0.9945859909057617,1
67903,,,0,0,reversed,reversed,0.9944227337837219,1
67904,,,0,0,chronological,chronological,0.9970443844795227,1
67905,,,0,0,reversed,reversed,0.9990266561508179,1
67906,,,0,0,chronological,chronological,1.0,1
67907,,,0,0,reversed,reversed,1.0,1
67908,,,0,0,chronological,chronological,1.0,1
67909,,,0,0,reversed,reversed,0.9999995231628418,1
67910,,,0,0,chronological,chronological,0.9481194019317627,1
67911,,,0,0,reversed,chronological,0.9188705086708069,0
67912,,,0,0,chronological,chronological,0.904952883720398,1
67913,,,0,0,reversed,chronological,0.6065724492073059,0
67914,,,0,0,chronological,chronological,0.767960250377655,1
67915,,,0,0,reversed,reversed,0.6545682549476624,1
67916,,,0,0,chronological,chronological,0.5935267806053162,1
67917,,,0,0,reversed,reversed,0.7843164801597595,1
67918,,,0,0,chronological,reversed,0.5668022036552429,0
67919,,,0,0,reversed,reversed,0.7017782926559448,1
67920,,,0,0,chronological,reversed,0.8804444670677185,0
67921,,,0,0,reversed,reversed,0.9052590131759644,1
67922,,,0,0,chronological,chronological,0.9110898971557617,1
67923,,,0,0,reversed,reversed,0.9806745648384094,1
67924,,,0,0,chronological,reversed,0.7588553428649902,0
67925,,,0,0,reversed,chronological,0.6649749875068665,0
67926,,,0,0,chronological,chronological,0.7450886964797974,1
67927,,,0,0,reversed,reversed,0.590253472328186,1
67928,,,0,0,chronological,chronological,0.9676530957221985,1
67929,,,0,0,reversed,reversed,0.5042811632156372,1
67930,,,0,0,chronological,chronological,0.9999970197677612,1
67931,,,0,0,reversed,reversed,0.9999934434890747,1
67932,,,0,0,chronological,chronological,0.9982686042785645,1
67933,,,0,0,reversed,reversed,0.999859094619751,1
67934,,,0,0,chronological,chronological,1.0,1
67935,,,0,0,reversed,reversed,1.0,1
67936,,,0,0,chronological,chronological,0.9216240048408508,1
67937,,,0,0,reversed,reversed,0.9627265334129333,1
67938,,,0,0,chronological,chronological,0.9995095729827881,1
67939,,,0,0,reversed,reversed,0.9908978343009949,1
67940,,,0,0,chronological,chronological,0.6039102673530579,1
67941,,,0,0,reversed,reversed,0.9986696243286133,1
67942,,,0,0,chronological,reversed,0.5146124958992004,0
67943,,,0,0,reversed,reversed,0.9975913763046265,1
67944,,,0,0,chronological,chronological,0.9835126996040344,1
67945,,,0,0,reversed,reversed,0.9998348951339722,1
67946,,,0,0,chronological,chronological,0.9999988079071045,1
67947,,,0,0,reversed,reversed,0.9999986886978149,1
67948,,,0,0,chronological,reversed,0.5642523169517517,0
67949,,,0,0,reversed,chronological,0.8227235078811646,0
67950,,,0,0,chronological,chronological,0.9833554625511169,1
67951,,,0,0,reversed,reversed,0.9555118680000305,1
67952,,,0,0,chronological,chronological,0.9998475313186646,1
67953,,,0,0,reversed,reversed,0.9822383522987366,1
67954,,,0,0,chronological,chronological,0.6263113617897034,1
67955,,,0,0,reversed,reversed,0.821727454662323,1
67956,,,0,0,chronological,reversed,0.6043190956115723,0
67957,,,0,0,reversed,chronological,0.9116031527519226,0
67958,,,0,0,chronological,reversed,0.5905589461326599,0
67959,,,0,0,reversed,reversed,0.9717894196510315,1
67960,,,0,0,chronological,chronological,0.9889214038848877,1
67961,,,0,0,reversed,reversed,0.9951706528663635,1
67962,,,0,0,chronological,chronological,0.8403847813606262,1
67963,,,0,0,reversed,chronological,0.9578559994697571,0
67964,,,0,0,chronological,chronological,0.9991506338119507,1
67965,,,0,0,reversed,reversed,0.8796468377113342,1
67966,,,0,0,chronological,chronological,0.9998334646224976,1
67967,,,0,0,reversed,reversed,0.9999629259109497,1
67968,,,0,0,chronological,chronological,0.9994459748268127,1
67969,,,0,0,reversed,reversed,0.9999310970306396,1
67970,,,0,0,chronological,reversed,0.9973019361495972,0
67971,,,0,0,reversed,chronological,0.9910016655921936,0
67972,,,0,0,chronological,chronological,0.9998800754547119,1
67973,,,0,0,reversed,chronological,0.6094496250152588,0
67974,,,0,0,chronological,chronological,0.999864935874939,1
67975,,,0,0,reversed,reversed,0.8109767436981201,1
67976,,,0,0,chronological,chronological,0.8902590870857239,1
67977,,,0,0,reversed,reversed,0.9992815852165222,1
67978,,,0,0,chronological,chronological,1.0,1
67979,,,0,0,reversed,reversed,0.9999998807907104,1
67980,,,0,0,chronological,chronological,0.9983078241348267,1
67981,,,0,0,reversed,reversed,0.8128991723060608,1
67982,,,0,0,chronological,chronological,0.9981710910797119,1
67983,,,0,0,reversed,reversed,0.8544390797615051,1
67984,,,0,0,chronological,chronological,0.9996414184570312,1
67985,,,0,0,reversed,reversed,0.9996993541717529,1
67986,,,0,0,chronological,chronological,0.9884498119354248,1
67987,,,0,0,reversed,reversed,0.5146602392196655,1
67988,,,0,0,chronological,reversed,0.9779175519943237,0
67989,,,0,0,reversed,chronological,0.867606520652771,0
67990,,,0,0,chronological,chronological,0.8718595504760742,1
67991,,,0,0,reversed,chronological,0.5620795488357544,0
67992,,,0,0,chronological,reversed,0.5952990055084229,0
67993,,,0,0,reversed,chronological,0.7244693636894226,0
67994,,,0,0,chronological,chronological,0.9705954790115356,1
67995,,,0,0,reversed,reversed,0.7712012529373169,1
67996,,,0,0,chronological,chronological,0.9999732971191406,1
67997,,,0,0,reversed,reversed,0.999419093132019,1
67998,,,0,0,chronological,chronological,0.9996250867843628,1
67999,,,0,0,reversed,reversed,0.9857418537139893,1
68000,,,0,0,chronological,chronological,0.9999961853027344,1
68001,,,0,0,reversed,reversed,0.9999998807907104,1
68002,,,0,0,chronological,chronological,0.9825426340103149,1
68003,,,0,0,reversed,reversed,0.9666987061500549,1
68004,,,0,0,chronological,chronological,0.9998564720153809,1
68005,,,0,0,reversed,reversed,0.9997233748435974,1
68006,,,0,0,chronological,chronological,0.9986991882324219,1
68007,,,0,0,reversed,reversed,0.6155657172203064,1
68008,,,0,0,chronological,chronological,0.9087994694709778,1
68009,,,0,0,reversed,reversed,0.8001313805580139,1
68010,,,0,0,chronological,chronological,0.9210837483406067,1
68011,,,0,0,reversed,reversed,0.5119357705116272,1
68012,,,0,0,chronological,chronological,0.9656274914741516,1
68013,,,0,0,reversed,reversed,0.7619073987007141,1
68014,,,0,0,chronological,chronological,0.9234793782234192,1
68015,,,0,0,reversed,reversed,0.5706292986869812,1
68016,,,0,0,chronological,chronological,0.5665672421455383,1
68017,,,0,0,reversed,reversed,0.6007923483848572,1
68018,,,0,0,chronological,chronological,0.8604394793510437,1
68019,,,0,0,reversed,reversed,0.7885093688964844,1
68020,,,0,0,chronological,chronological,0.7849945425987244,1
68021,,,0,0,reversed,reversed,0.9602085947990417,1
68022,,,0,0,chronological,chronological,0.9480701088905334,1
68023,,,0,0,reversed,reversed,0.9998878240585327,1
68024,,,0,0,chronological,reversed,0.9840482473373413,0
68025,,,0,0,reversed,chronological,0.746563732624054,0
68026,,,0,0,chronological,chronological,0.9868769645690918,1
68027,,,0,0,reversed,reversed,0.9996962547302246,1
68028,,,0,0,chronological,chronological,0.8492833971977234,1
68029,,,0,0,reversed,reversed,0.9999798536300659,1
68030,,,0,0,chronological,chronological,0.9984171390533447,1
68031,,,0,0,reversed,reversed,0.9998409748077393,1
68032,,,0,0,chronological,chronological,1.0,1
68033,,,0,0,reversed,reversed,1.0,1
68034,,,0,0,chronological,chronological,0.8331484794616699,1
68035,,,0,0,reversed,reversed,0.9877419471740723,1
68036,,,0,0,chronological,chronological,0.9999998807907104,1
68037,,,0,0,reversed,reversed,0.999998927116394,1
68038,,,0,0,chronological,chronological,1.0,1
68039,,,0,0,reversed,reversed,1.0,1
68040,,,0,0,chronological,chronological,0.9943800568580627,1
68041,,,0,0,reversed,chronological,0.8989742398262024,0
68042,,,0,0,chronological,chronological,0.9998838901519775,1
68043,,,0,0,reversed,reversed,0.9999901056289673,1
68044,,,0,0,chronological,reversed,0.6299867630004883,0
68045,,,0,0,reversed,chronological,0.5979511737823486,0
68046,,,0,0,chronological,chronological,0.9782710671424866,1
68047,,,0,0,reversed,chronological,0.7574806809425354,0
68048,,,0,0,chronological,chronological,0.9926037192344666,1
68049,,,0,0,reversed,chronological,0.892792820930481,0
68050,,,0,0,chronological,chronological,0.997557520866394,1
68051,,,0,0,reversed,reversed,0.9502189755439758,1
68052,,,0,0,chronological,chronological,0.585224986076355,1
68053,,,0,0,reversed,chronological,0.921185314655304,0
68054,,,0,0,chronological,chronological,0.756411612033844,1
68055,,,0,0,reversed,chronological,0.5386788845062256,0
68056,,,0,0,chronological,reversed,0.7288385629653931,0
68057,,,0,0,reversed,chronological,0.7688406109809875,0
68058,,,0,0,chronological,chronological,0.9674545526504517,1
68059,,,0,0,reversed,reversed,0.9170278906822205,1
68060,,,0,0,chronological,chronological,0.9932101368904114,1
68061,,,0,0,reversed,reversed,0.7474455237388611,1
68062,,,0,0,chronological,chronological,0.9992790818214417,1
68063,,,0,0,reversed,reversed,0.9872968196868896,1
68064,,,0,0,chronological,chronological,0.9518114924430847,1
68065,,,0,0,reversed,reversed,0.7613143920898438,1
68066,,,0,0,chronological,chronological,0.9923970103263855,1
68067,,,0,0,reversed,reversed,0.7943015694618225,1
68068,,,0,0,chronological,chronological,0.990925669670105,1
68069,,,0,0,reversed,reversed,0.7275266647338867,1
68070,,,0,0,chronological,reversed,0.7789463400840759,0
68071,,,0,0,reversed,chronological,0.9339032173156738,0
68072,,,0,0,chronological,chronological,0.9897243976593018,1
68073,,,0,0,reversed,reversed,0.998292863368988,1
68074,,,0,0,chronological,chronological,0.9974895715713501,1
68075,,,0,0,reversed,reversed,0.9999985694885254,1
68076,,,0,0,chronological,chronological,0.9990911483764648,1
68077,,,0,0,reversed,reversed,0.9999996423721313,1
68078,,,0,0,chronological,chronological,0.9948835968971252,1
68079,,,0,0,reversed,reversed,0.9906801581382751,1
68080,,,0,0,chronological,chronological,0.9997045397758484,1
68081,,,0,0,reversed,reversed,0.998916745185852,1
68082,,,0,0,chronological,chronological,0.9999785423278809,1
68083,,,0,0,reversed,reversed,0.9795889258384705,1
68084,,,0,0,chronological,chronological,1.0,1
68085,,,0,0,reversed,reversed,0.9999997615814209,1
68086,,,0,0,chronological,chronological,0.9980133771896362,1
68087,,,0,0,reversed,chronological,0.6976409554481506,0
68088,,,0,0,chronological,chronological,0.9989504814147949,1
68089,,,0,0,reversed,reversed,0.9711171388626099,1
68090,,,0,0,chronological,chronological,0.999971866607666,1
68091,,,0,0,reversed,reversed,0.9997610449790955,1
68092,,,0,0,chronological,chronological,0.9999755620956421,1
68093,,,0,0,reversed,reversed,0.9980081915855408,1
68094,,,0,0,chronological,chronological,0.7137937545776367,1
68095,,,0,0,reversed,reversed,0.728412389755249,1
68096,,,0,0,chronological,reversed,0.8281564116477966,0
68097,,,0,0,reversed,chronological,0.9999703168869019,0
68098,,,0,0,chronological,chronological,1.0,1
68099,,,0,0,reversed,reversed,1.0,1
68100,,,0,0,chronological,chronological,0.9999994039535522,1
68101,,,0,0,reversed,reversed,0.9996633529663086,1
68102,,,0,0,chronological,chronological,1.0,1
68103,,,0,0,reversed,reversed,1.0,1
68104,,,0,0,chronological,chronological,0.9999814033508301,1
68105,,,0,0,reversed,reversed,0.9996687173843384,1
68106,,,0,0,chronological,chronological,0.9994693398475647,1
68107,,,0,0,reversed,reversed,0.9971625208854675,1
68108,,,0,0,chronological,reversed,0.9999876022338867,0
68109,,,0,0,reversed,chronological,0.9999791383743286,0
68110,,,0,0,chronological,chronological,1.0,1
68111,,,0,0,reversed,reversed,0.9999877214431763,1
68112,,,0,0,chronological,chronological,1.0,1
68113,,,0,0,reversed,reversed,1.0,1
68114,,,0,0,chronological,chronological,0.9837172031402588,1
68115,,,0,0,reversed,reversed,0.9969578981399536,1
68116,,,0,0,chronological,reversed,0.5932243466377258,0
68117,,,0,0,reversed,reversed,0.9639028906822205,1
68118,,,0,0,chronological,chronological,0.9999991655349731,1
68119,,,0,0,reversed,reversed,0.9999915361404419,1
68120,,,0,0,chronological,chronological,0.9624287486076355,1
68121,,,0,0,reversed,reversed,0.7748989462852478,1
68122,,,0,0,chronological,reversed,0.9935467839241028,0
68123,,,0,0,reversed,chronological,0.999526858329773,0
68124,,,0,0,chronological,chronological,1.0,1
68125,,,0,0,reversed,reversed,1.0,1
68126,,,0,0,chronological,chronological,0.9996762275695801,1
68127,,,0,0,reversed,reversed,0.9996310472488403,1
68128,,,0,0,chronological,chronological,0.9969459176063538,1
68129,,,0,0,reversed,reversed,0.6700559258460999,1
68130,,,0,0,chronological,reversed,0.7926052808761597,0
68131,,,0,0,reversed,reversed,0.5172020196914673,1
68132,,,0,0,chronological,reversed,0.9519081711769104,0
68133,,,0,0,reversed,chronological,0.8028007745742798,0
68134,,,0,0,chronological,chronological,0.9715209007263184,1
68135,,,0,0,reversed,reversed,0.6900349855422974,1
68136,,,0,0,chronological,chronological,0.9972969889640808,1
68137,,,0,0,reversed,reversed,0.9235942959785461,1
68138,,,0,0,chronological,chronological,0.9999964237213135,1
68139,,,0,0,reversed,reversed,0.9870336055755615,1
68140,,,0,0,chronological,chronological,0.9999468326568604,1
68141,,,0,0,reversed,reversed,0.5169273018836975,1
68142,,,0,0,chronological,chronological,0.6917544603347778,1
68143,,,0,0,reversed,reversed,0.837162435054779,1
68144,,,0,0,chronological,chronological,0.9989669322967529,1
68145,,,0,0,reversed,reversed,0.8917617201805115,1
68146,,,0,0,chronological,chronological,0.9867773652076721,1
68147,,,0,0,reversed,reversed,0.9770923852920532,1
68148,,,0,0,chronological,chronological,0.8883427381515503,1
68149,,,0,0,reversed,reversed,0.9000668525695801,1
68150,,,0,0,chronological,reversed,0.7443335652351379,0
68151,,,0,0,reversed,reversed,0.7743958234786987,1
68152,,,0,0,chronological,reversed,0.5691832304000854,0
68153,,,0,0,reversed,reversed,0.9262740015983582,1
68154,,,0,0,chronological,chronological,0.9968205690383911,1
68155,,,0,0,reversed,reversed,0.9879804253578186,1
68156,,,0,0,chronological,chronological,0.9764743447303772,1
68157,,,0,0,reversed,reversed,0.9539926648139954,1
68158,,,0,0,chronological,chronological,0.9781625866889954,1
68159,,,0,0,reversed,reversed,0.9974574446678162,1
68160,,,0,0,chronological,chronological,0.9952414035797119,1
68161,,,0,0,reversed,reversed,0.9559609293937683,1
68162,,,0,0,chronological,chronological,0.9994481205940247,1
68163,,,0,0,reversed,reversed,0.9997047781944275,1
68164,,,0,0,chronological,chronological,0.9998443126678467,1
68165,,,0,0,reversed,reversed,0.9999983310699463,1
68166,,,0,0,chronological,chronological,0.9919549822807312,1
68167,,,0,0,reversed,reversed,0.9962109327316284,1
68168,,,0,0,chronological,chronological,0.9961243271827698,1
68169,,,0,0,reversed,reversed,0.7406641840934753,1
68170,,,0,0,chronological,chronological,0.7506971955299377,1
68171,,,0,0,reversed,chronological,0.7398857474327087,0
68172,,,0,0,chronological,chronological,1.0,1
68173,,,0,0,reversed,reversed,0.999890923500061,1
68174,,,0,0,chronological,chronological,0.86382657289505,1
68175,,,0,0,reversed,chronological,0.9975772500038147,0
68176,,,0,0,chronological,chronological,0.9999998807907104,1
68177,,,0,0,reversed,reversed,0.972900390625,1
68178,,,0,0,chronological,chronological,0.9840508103370667,1
68179,,,0,0,reversed,reversed,0.9953069090843201,1
68180,,,0,0,chronological,chronological,0.9928299784660339,1
68181,,,0,0,reversed,reversed,0.9283400774002075,1
68182,,,0,0,chronological,chronological,1.0,1
68183,,,0,0,reversed,reversed,1.0,1
68184,,,0,0,chronological,reversed,0.5877929925918579,0
68185,,,0,0,reversed,reversed,0.9162834286689758,1
68186,,,0,0,chronological,reversed,0.9042485356330872,0
68187,,,0,0,reversed,reversed,0.9583920240402222,1
68188,,,0,0,chronological,reversed,0.8621852993965149,0
68189,,,0,0,reversed,chronological,0.9918209314346313,0
68190,,,0,0,chronological,chronological,0.9995655417442322,1
68191,,,0,0,reversed,reversed,0.9993058443069458,1
68192,,,0,0,chronological,chronological,0.7102266550064087,1
68193,,,0,0,reversed,reversed,0.9702252149581909,1
68194,,,0,0,chronological,chronological,0.9636580944061279,1
68195,,,0,0,reversed,reversed,0.9824364185333252,1
68196,,,0,0,chronological,chronological,0.9922364354133606,1
68197,,,0,0,reversed,reversed,0.9998592138290405,1
68198,,,0,0,chronological,chronological,0.9999936819076538,1
68199,,,0,0,reversed,reversed,0.9999983310699463,1
68200,,,0,0,chronological,chronological,0.9999990463256836,1
68201,,,0,0,reversed,reversed,0.999886155128479,1
68202,,,0,0,chronological,reversed,0.9885214567184448,0
68203,,,0,0,reversed,chronological,0.9999995231628418,0
68204,,,0,0,chronological,chronological,1.0,1
68205,,,0,0,reversed,reversed,1.0,1
68206,,,0,0,chronological,chronological,1.0,1
68207,,,0,0,reversed,reversed,0.9999970197677612,1
68208,,,0,0,chronological,reversed,0.8639395833015442,0
68209,,,0,0,reversed,reversed,0.9974865913391113,1
68210,,,0,0,chronological,chronological,0.9137056469917297,1
68211,,,0,0,reversed,reversed,0.6462249159812927,1
68212,,,0,0,chronological,reversed,0.9973111152648926,0
68213,,,0,0,reversed,chronological,0.5132562518119812,0
68214,,,0,0,chronological,chronological,0.9992438554763794,1
68215,,,0,0,reversed,reversed,0.9828563332557678,1
68216,,,0,0,chronological,chronological,0.9987086057662964,1
68217,,,0,0,reversed,reversed,0.9273895025253296,1
68218,,,0,0,chronological,chronological,0.8975334763526917,1
68219,,,0,0,reversed,reversed,0.9763195514678955,1
68220,,,0,0,chronological,chronological,0.8410673141479492,1
68221,,,0,0,reversed,reversed,0.975292980670929,1
68222,,,0,0,chronological,chronological,0.9999274015426636,1
68223,,,0,0,reversed,reversed,0.9985859394073486,1
68224,,,0,0,chronological,chronological,0.8321908712387085,1
68225,,,0,0,reversed,chronological,0.978366494178772,0
68226,,,0,0,chronological,chronological,0.9925010800361633,1
68227,,,0,0,reversed,reversed,0.5725842118263245,1
68228,,,0,0,chronological,chronological,0.9996734857559204,1
68229,,,0,0,reversed,reversed,0.9996084570884705,1
68230,,,0,0,chronological,chronological,0.9896571040153503,1
68231,,,0,0,reversed,chronological,0.627740204334259,0
68232,,,0,0,chronological,chronological,0.6755604147911072,1
68233,,,0,0,reversed,chronological,0.607881486415863,0
68234,,,0,0,chronological,chronological,0.9999991655349731,1
68235,,,0,0,reversed,reversed,1.0,1
68236,,,0,0,chronological,chronological,0.9999207258224487,1
68237,,,0,0,reversed,reversed,0.9491360783576965,1
68238,,,0,0,chronological,chronological,0.9257774949073792,1
68239,,,0,0,reversed,chronological,0.9783798456192017,0
68240,,,0,0,chronological,chronological,0.9978201389312744,1
68241,,,0,0,reversed,reversed,0.9991747736930847,1
68242,,,0,0,chronological,chronological,0.9987127780914307,1
68243,,,0,0,reversed,reversed,0.9839358329772949,1
68244,,,0,0,chronological,chronological,0.8317821621894836,1
68245,,,0,0,reversed,reversed,0.9560229182243347,1
68246,,,0,0,chronological,reversed,0.8976689577102661,0
68247,,,0,0,reversed,reversed,0.5361229181289673,1
68248,,,0,0,chronological,chronological,0.9425082206726074,1
68249,,,0,0,reversed,reversed,0.9998823404312134,1
68250,,,0,0,chronological,chronological,0.9783878326416016,1
68251,,,0,0,reversed,reversed,0.9968616962432861,1
68252,,,0,0,chronological,reversed,0.5881324410438538,0
68253,,,0,0,reversed,reversed,0.911260724067688,1
68254,,,0,0,chronological,chronological,0.8633496165275574,1
68255,,,0,0,reversed,reversed,0.9235689043998718,1
68256,,,0,0,chronological,chronological,0.9883697032928467,1
68257,,,0,0,reversed,reversed,0.9973426461219788,1
68258,,,0,0,chronological,chronological,0.6097221374511719,1
68259,,,0,0,reversed,chronological,0.5788065791130066,0
68260,,,0,0,chronological,chronological,0.9295784831047058,1
68261,,,0,0,reversed,reversed,0.5754289627075195,1
68262,,,0,0,chronological,chronological,0.5720380544662476,1
68263,,,0,0,reversed,chronological,0.8316296935081482,0
68264,,,0,0,chronological,chronological,1.0,1
68265,,,0,0,reversed,reversed,1.0,1
68266,,,0,0,chronological,reversed,0.6349951028823853,0
68267,,,0,0,reversed,reversed,0.8695067167282104,1
68268,,,0,0,chronological,chronological,0.6463273763656616,1
68269,,,0,0,reversed,reversed,0.9660675525665283,1
68270,,,0,0,chronological,chronological,0.997071385383606,1
68271,,,0,0,reversed,reversed,0.9971693158149719,1
68272,,,0,0,chronological,chronological,0.9926701784133911,1
68273,,,0,0,reversed,reversed,0.998264729976654,1
68274,,,0,0,chronological,reversed,0.8697836995124817,0
68275,,,0,0,reversed,reversed,0.5948489904403687,1
68276,,,0,0,chronological,chronological,0.7786523699760437,1
68277,,,0,0,reversed,reversed,0.9141138792037964,1
68278,,,0,0,chronological,reversed,0.699541449546814,0
68279,,,0,0,reversed,reversed,0.6198766827583313,1
68280,,,0,0,chronological,chronological,0.9986893534660339,1
68281,,,0,0,reversed,reversed,0.9907693266868591,1
68282,,,0,0,chronological,reversed,0.9924706220626831,0
68283,,,0,0,reversed,chronological,0.9934223294258118,0
68284,,,0,0,chronological,chronological,0.5464202761650085,1
68285,,,0,0,reversed,reversed,0.9072058796882629,1
68286,,,0,0,chronological,chronological,0.9871165156364441,1
68287,,,0,0,reversed,reversed,0.8398101329803467,1
68288,,,0,0,chronological,chronological,0.9756936430931091,1
68289,,,0,0,reversed,reversed,0.6379822492599487,1
68290,,,0,0,chronological,chronological,0.9999996423721313,1
68291,,,0,0,reversed,reversed,0.9999995231628418,1
68292,,,0,0,chronological,chronological,0.585303008556366,1
68293,,,0,0,reversed,reversed,0.9972783923149109,1
68294,,,0,0,chronological,chronological,1.0,1
68295,,,0,0,reversed,reversed,0.9999655485153198,1
68296,,,0,0,chronological,chronological,0.9999282360076904,1
68297,,,0,0,reversed,reversed,0.9848346710205078,1
68298,,,0,0,chronological,chronological,0.9715196490287781,1
68299,,,0,0,reversed,chronological,0.8917015194892883,0
