group,samples,parsed_prediction_rate,action_exact_rate,subtask_exact_rate,transition_exact_rate,next_action_exact_rate,contact_exact_rate,object_precision,object_recall,object_f1
cleaning,8,1.0,0.0,0.0,0.875,0.0,0.625,0.038461538461538464,0.05,0.043478260869565216
locomotion,23,1.0,0.0,0.0,1.0,0.0,0.43478260869565216,0.15873015873015872,0.136986301369863,0.14705882352941177
small_object_sorting,87,1.0,0.0,0.0,0.9885057471264368,0.0,0.6551724137931034,0.27615062761506276,0.26720647773279355,0.2716049382716049
other,94,1.0,0.010638297872340425,0.0,0.9574468085106383,0.010638297872340425,0.6595744680851063,0.28044280442804426,0.2857142857142857,0.28305400372439476
phone_use,51,1.0,0.0392156862745098,0.0,0.9411764705882353,0.0392156862745098,0.6470588235294118,0.49206349206349204,0.36257309941520466,0.41750841750841755
paper_cardboard_craft,142,1.0,0.04929577464788732,0.007042253521126761,0.9859154929577465,0.04929577464788732,0.8802816901408451,0.36075949367088606,0.351129363449692,0.35587929240374605
retail_stocking,38,1.0,0.07894736842105263,0.0,0.9736842105263158,0.07894736842105263,0.7631578947368421,0.21428571428571427,0.20454545454545456,0.20930232558139536
food_kitchen,5,1.0,0.2,0.0,1.0,0.2,0.4,0.4,0.2857142857142857,0.3333333333333333
