group,samples,parsed_prediction_rate,action_exact_rate,subtask_exact_rate,transition_exact_rate,next_action_exact_rate,contact_exact_rate,object_precision,object_recall,object_f1
unseen_in_train,317,1.0,0.00946372239747634,0.0,0.9779179810725552,0.00946372239747634,0.694006309148265,0.2781954887218045,0.2767094017094017,0.27745045527584367
seen_in_train,131,1.0,0.08396946564885496,0.007633587786259542,0.9618320610687023,0.08396946564885496,0.7862595419847328,0.4116022099447514,0.34651162790697676,0.3762626262626263
