class_id,class_name,support,predicted,precision,recall,f1
0,yes,322,338,0.727810650887574,0.7639751552795031,0.7454545454545455
1,no,126,110,0.3090909090909091,0.2698412698412698,0.288135593220339
