id,split,episode_id,future_record_id,pred_future_record_id,true_relation,pred_relation,correct,rank,top_k_hit
1796b943-caad-43c6-b9bd-80b8d601f37d__ep1:future:00000:h5,test,1796b943-caad-43c6-b9bd-80b8d601f37d__ep1,1796b943-caad-43c6-b9bd-80b8d601f37d__ep1:qa:12,8a8e1b3c-607e-4ada-b3fd-fa639727e92c__ep1:qa:184,Approaching and pressing the door switch :: glass door | switch | wall,Grasping cleaning cloth :: cleaning cloth | countertop,0,247,False
1796b943-caad-43c6-b9bd-80b8d601f37d__ep1:future:00001:h5,test,1796b943-caad-43c6-b9bd-80b8d601f37d__ep1,1796b943-caad-43c6-b9bd-80b8d601f37d__ep1:qa:13,8a8e1b3c-607e-4ada-b3fd-fa639727e92c__ep1:qa:184,Approaching and pressing the door switch :: glass door | switch | wall,Grasping cleaning cloth :: cleaning cloth | countertop,0,208,False
1796b943-caad-43c6-b9bd-80b8d601f37d__ep1:future:00002:h5,test,1796b943-caad-43c6-b9bd-80b8d601f37d__ep1,1796b943-caad-43c6-b9bd-80b8d601f37d__ep1:qa:20,8a8e1b3c-607e-4ada-b3fd-fa639727e92c__ep1:qa:184,Approaching and pressing the door switch :: glass door | switch | wall,Grasping cleaning cloth :: cleaning cloth | countertop,0,204,False
1796b943-caad-43c6-b9bd-80b8d601f37d__ep1:future:00003:h5,test,1796b943-caad-43c6-b9bd-80b8d601f37d__ep1,1796b943-caad-43c6-b9bd-80b8d601f37d__ep1:qa:21,8a8e1b3c-607e-4ada-b3fd-fa639727e92c__ep1:qa:184,Approaching and pressing the door switch :: glass door | switch | wall,Grasping cleaning cloth :: cleaning cloth | countertop,0,220,False
1796b943-caad-43c6-b9bd-80b8d601f37d__ep1:future:00004:h5,test,1796b943-caad-43c6-b9bd-80b8d601f37d__ep1,1796b943-caad-43c6-b9bd-80b8d601f37d__ep1:qa:22,8a8e1b3c-607e-4ada-b3fd-fa639727e92c__ep1:qa:184,Approaching and pressing the door switch :: glass door | switch | wall,Grasping cleaning cloth :: cleaning cloth | countertop,0,209,False
1796b943-caad-43c6-b9bd-80b8d601f37d__ep1:future:00005:h5,test,1796b943-caad-43c6-b9bd-80b8d601f37d__ep1,1796b943-caad-43c6-b9bd-80b8d601f37d__ep1:qa:28,8a8e1b3c-607e-4ada-b3fd-fa639727e92c__ep1:qa:184,Approaching and pressing the door switch :: glass door | switch | wall,Grasping cleaning cloth :: cleaning cloth | countertop,0,212,False
1796b943-caad-43c6-b9bd-80b8d601f37d__ep1:future:00006:h5,test,1796b943-caad-43c6-b9bd-80b8d601f37d__ep1,1796b943-caad-43c6-b9bd-80b8d601f37d__ep1:qa:29,8a8e1b3c-607e-4ada-b3fd-fa639727e92c__ep1:qa:184,Greeting/acknowledging participants :: person | table | vr headset,Grasping cleaning cloth :: cleaning cloth | countertop,0,261,False
1796b943-caad-43c6-b9bd-80b8d601f37d__ep1:future:00007:h5,test,1796b943-caad-43c6-b9bd-80b8d601f37d__ep1,1796b943-caad-43c6-b9bd-80b8d601f37d__ep1:qa:30,8a8e1b3c-607e-4ada-b3fd-fa639727e92c__ep1:qa:184,Greeting/acknowledging participants :: person | table | vr headset,Grasping cleaning cloth :: cleaning cloth | countertop,0,228,False
1796b943-caad-43c6-b9bd-80b8d601f37d__ep1:future:00008:h5,test,1796b943-caad-43c6-b9bd-80b8d601f37d__ep1,1796b943-caad-43c6-b9bd-80b8d601f37d__ep1:qa:40,8a8e1b3c-607e-4ada-b3fd-fa639727e92c__ep1:qa:184,Entering the VR training room :: doorway | person | table,Grasping cleaning cloth :: cleaning cloth | countertop,0,279,False
1796b943-caad-43c6-b9bd-80b8d601f37d__ep1:future:00009:h5,test,1796b943-caad-43c6-b9bd-80b8d601f37d__ep1,1796b943-caad-43c6-b9bd-80b8d601f37d__ep1:qa:41,8a8e1b3c-607e-4ada-b3fd-fa639727e92c__ep1:qa:184,Entering the VR training room :: doorway | person | table,Grasping cleaning cloth :: cleaning cloth | countertop,0,347,False
1796b943-caad-43c6-b9bd-80b8d601f37d__ep1:future:00010:h5,test,1796b943-caad-43c6-b9bd-80b8d601f37d__ep1,1796b943-caad-43c6-b9bd-80b8d601f37d__ep1:qa:42,8a8e1b3c-607e-4ada-b3fd-fa639727e92c__ep1:qa:184,Entering the VR training room :: doorway | person | table,Grasping cleaning cloth :: cleaning cloth | countertop,0,281,False
1796b943-caad-43c6-b9bd-80b8d601f37d__ep1:future:00011:h5,test,1796b943-caad-43c6-b9bd-80b8d601f37d__ep1,1796b943-caad-43c6-b9bd-80b8d601f37d__ep1:qa:50,8a8e1b3c-607e-4ada-b3fd-fa639727e92c__ep1:qa:184,Manipulate plastic strips :: desk | plastic strips | water bottle,Grasping cleaning cloth :: cleaning cloth | countertop,0,201,False
1796b943-caad-43c6-b9bd-80b8d601f37d__ep1:future:00012:h5,test,1796b943-caad-43c6-b9bd-80b8d601f37d__ep1,1796b943-caad-43c6-b9bd-80b8d601f37d__ep1:qa:51,8a8e1b3c-607e-4ada-b3fd-fa639727e92c__ep1:qa:184,Manipulate plastic strips :: desk | plastic strips | water bottle,Grasping cleaning cloth :: cleaning cloth | countertop,0,177,False
1796b943-caad-43c6-b9bd-80b8d601f37d__ep1:future:00013:h5,test,1796b943-caad-43c6-b9bd-80b8d601f37d__ep1,1796b943-caad-43c6-b9bd-80b8d601f37d__ep1:qa:52,8a8e1b3c-607e-4ada-b3fd-fa639727e92c__ep1:qa:184,Manipulate plastic strips :: desk | plastic strips | water bottle,Grasping cleaning cloth :: cleaning cloth | countertop,0,118,False
1796b943-caad-43c6-b9bd-80b8d601f37d__ep1:future:00014:h5,test,1796b943-caad-43c6-b9bd-80b8d601f37d__ep1,1796b943-caad-43c6-b9bd-80b8d601f37d__ep1:qa:70,8a8e1b3c-607e-4ada-b3fd-fa639727e92c__ep1:qa:184,Manipulate plastic strip :: purple plastic strip | storage bin | water bottle,Grasping cleaning cloth :: cleaning cloth | countertop,0,257,False
1796b943-caad-43c6-b9bd-80b8d601f37d__ep1:future:00015:h5,test,1796b943-caad-43c6-b9bd-80b8d601f37d__ep1,1796b943-caad-43c6-b9bd-80b8d601f37d__ep1:qa:71,8a8e1b3c-607e-4ada-b3fd-fa639727e92c__ep1:qa:184,Manipulate plastic strip :: purple plastic strip | storage bin | water bottle,Grasping cleaning cloth :: cleaning cloth | countertop,0,249,False
1796b943-caad-43c6-b9bd-80b8d601f37d__ep1:future:00016:h5,test,1796b943-caad-43c6-b9bd-80b8d601f37d__ep1,1796b943-caad-43c6-b9bd-80b8d601f37d__ep1:qa:72,8a8e1b3c-607e-4ada-b3fd-fa639727e92c__ep1:qa:184,Manipulate plastic strip :: purple plastic strip | storage bin | water bottle,Grasping cleaning cloth :: cleaning cloth | countertop,0,246,False
1796b943-caad-43c6-b9bd-80b8d601f37d__ep1:future:00017:h5,test,1796b943-caad-43c6-b9bd-80b8d601f37d__ep1,1796b943-caad-43c6-b9bd-80b8d601f37d__ep1:qa:90,8a8e1b3c-607e-4ada-b3fd-fa639727e92c__ep1:qa:184,Hold and bend plastic strip :: bottle | purple plastic strip | stationery box,Grasping cleaning cloth :: cleaning cloth | countertop,0,229,False
1796b943-caad-43c6-b9bd-80b8d601f37d__ep1:future:00018:h5,test,1796b943-caad-43c6-b9bd-80b8d601f37d__ep1,1796b943-caad-43c6-b9bd-80b8d601f37d__ep1:qa:91,8a8e1b3c-607e-4ada-b3fd-fa639727e92c__ep1:qa:184,Hold and bend plastic strip :: bottle | purple plastic strip | stationery box,Grasping cleaning cloth :: cleaning cloth | countertop,0,242,False
1796b943-caad-43c6-b9bd-80b8d601f37d__ep1:future:00019:h5,test,1796b943-caad-43c6-b9bd-80b8d601f37d__ep1,1796b943-caad-43c6-b9bd-80b8d601f37d__ep1:qa:92,8a8e1b3c-607e-4ada-b3fd-fa639727e92c__ep1:qa:184,Bend and manipulate plastic strip :: plastic strip | stationary box | table | water bottle,Grasping cleaning cloth :: cleaning cloth | countertop,0,249,False
1796b943-caad-43c6-b9bd-80b8d601f37d__ep1:future:00020:h5,test,1796b943-caad-43c6-b9bd-80b8d601f37d__ep1,1796b943-caad-43c6-b9bd-80b8d601f37d__ep1:qa:100,8a8e1b3c-607e-4ada-b3fd-fa639727e92c__ep1:qa:184,Manipulate plastic strips :: desk | plastic strips | water bottle,Grasping cleaning cloth :: cleaning cloth | countertop,0,253,False
1796b943-caad-43c6-b9bd-80b8d601f37d__ep1:future:00021:h5,test,1796b943-caad-43c6-b9bd-80b8d601f37d__ep1,1796b943-caad-43c6-b9bd-80b8d601f37d__ep1:qa:101,8a8e1b3c-607e-4ada-b3fd-fa639727e92c__ep1:qa:184,Manipulate plastic strips :: desk | plastic strips | water bottle,Grasping cleaning cloth :: cleaning cloth | countertop,0,158,False
1796b943-caad-43c6-b9bd-80b8d601f37d__ep1:future:00022:h5,test,1796b943-caad-43c6-b9bd-80b8d601f37d__ep1,1796b943-caad-43c6-b9bd-80b8d601f37d__ep1:qa:102,8a8e1b3c-607e-4ada-b3fd-fa639727e92c__ep1:qa:184,Manipulate plastic strips :: desk | plastic strips | water bottle,Grasping cleaning cloth :: cleaning cloth | countertop,0,171,False
1796b943-caad-43c6-b9bd-80b8d601f37d__ep1:future:00023:h5,test,1796b943-caad-43c6-b9bd-80b8d601f37d__ep1,1796b943-caad-43c6-b9bd-80b8d601f37d__ep1:qa:103,8a8e1b3c-607e-4ada-b3fd-fa639727e92c__ep1:qa:184,Manipulate plastic strips :: desk | plastic strips | water bottle,Grasping cleaning cloth :: cleaning cloth | countertop,0,170,False
1796b943-caad-43c6-b9bd-80b8d601f37d__ep1:future:00024:h5,test,1796b943-caad-43c6-b9bd-80b8d601f37d__ep1,1796b943-caad-43c6-b9bd-80b8d601f37d__ep1:qa:140,8a8e1b3c-607e-4ada-b3fd-fa639727e92c__ep1:qa:184,Manipulate plastic strip :: purple plastic strip | storage bin | water bottle,Grasping cleaning cloth :: cleaning cloth | countertop,0,224,False
1796b943-caad-43c6-b9bd-80b8d601f37d__ep1:future:00025:h5,test,1796b943-caad-43c6-b9bd-80b8d601f37d__ep1,1796b943-caad-43c6-b9bd-80b8d601f37d__ep1:qa:141,8a8e1b3c-607e-4ada-b3fd-fa639727e92c__ep1:qa:184,Manipulate plastic strip :: purple plastic strip | storage bin | water bottle,Grasping cleaning cloth :: cleaning cloth | countertop,0,254,False
1796b943-caad-43c6-b9bd-80b8d601f37d__ep1:future:00026:h5,test,1796b943-caad-43c6-b9bd-80b8d601f37d__ep1,1796b943-caad-43c6-b9bd-80b8d601f37d__ep1:qa:142,8a8e1b3c-607e-4ada-b3fd-fa639727e92c__ep1:qa:184,Manipulate plastic strip :: purple plastic strip | storage bin | water bottle,Grasping cleaning cloth :: cleaning cloth | countertop,0,251,False
33f7ae08-ac1d-4321-9cb9-eca79016b359__ep1:future:00000:h5,test,33f7ae08-ac1d-4321-9cb9-eca79016b359__ep1,33f7ae08-ac1d-4321-9cb9-eca79016b359__ep1:qa:21,33f7ae08-ac1d-4321-9cb9-eca79016b359__ep1:qa:138,Inspect shelf condition :: colleague | shelf,Pick up items from the shopping bag :: cardboard boxes | red shopping bag | retail shelf,0,49,False
33f7ae08-ac1d-4321-9cb9-eca79016b359__ep1:future:00001:h5,test,33f7ae08-ac1d-4321-9cb9-eca79016b359__ep1,33f7ae08-ac1d-4321-9cb9-eca79016b359__ep1:qa:46,33f7ae08-ac1d-4321-9cb9-eca79016b359__ep1:qa:138,Walk towards shelves :: cardboard boxes | red bin | shelving unit,Pick up items from the shopping bag :: cardboard boxes | red shopping bag | retail shelf,0,55,False
33f7ae08-ac1d-4321-9cb9-eca79016b359__ep1:future:00002:h5,test,33f7ae08-ac1d-4321-9cb9-eca79016b359__ep1,33f7ae08-ac1d-4321-9cb9-eca79016b359__ep1:qa:47,8a8e1b3c-607e-4ada-b3fd-fa639727e92c__ep1:qa:184,Walk towards shelves :: cardboard boxes | red bin | shelving unit,Grasping cleaning cloth :: cleaning cloth | countertop,0,370,False
33f7ae08-ac1d-4321-9cb9-eca79016b359__ep1:future:00003:h5,test,33f7ae08-ac1d-4321-9cb9-eca79016b359__ep1,33f7ae08-ac1d-4321-9cb9-eca79016b359__ep1:qa:50,8a8e1b3c-607e-4ada-b3fd-fa639727e92c__ep1:qa:184,Walk towards shelves :: cardboard boxes | red bin | shelving unit,Grasping cleaning cloth :: cleaning cloth | countertop,0,161,False
33f7ae08-ac1d-4321-9cb9-eca79016b359__ep1:future:00004:h5,test,33f7ae08-ac1d-4321-9cb9-eca79016b359__ep1,33f7ae08-ac1d-4321-9cb9-eca79016b359__ep1:qa:58,8a8e1b3c-607e-4ada-b3fd-fa639727e92c__ep1:qa:184,Approach boxes :: cardboard boxes | colleague | shelving unit,Grasping cleaning cloth :: cleaning cloth | countertop,0,200,False
33f7ae08-ac1d-4321-9cb9-eca79016b359__ep1:future:00005:h5,test,33f7ae08-ac1d-4321-9cb9-eca79016b359__ep1,33f7ae08-ac1d-4321-9cb9-eca79016b359__ep1:qa:59,8a8e1b3c-607e-4ada-b3fd-fa639727e92c__ep1:qa:184,Approach boxes :: cardboard boxes | colleague | shelving unit,Grasping cleaning cloth :: cleaning cloth | countertop,0,298,False
33f7ae08-ac1d-4321-9cb9-eca79016b359__ep1:future:00006:h5,test,33f7ae08-ac1d-4321-9cb9-eca79016b359__ep1,33f7ae08-ac1d-4321-9cb9-eca79016b359__ep1:qa:64,8a8e1b3c-607e-4ada-b3fd-fa639727e92c__ep1:qa:184,Reach for wire hangers :: cardboard box | wire hangers,Grasping cleaning cloth :: cleaning cloth | countertop,0,352,False
33f7ae08-ac1d-4321-9cb9-eca79016b359__ep1:future:00007:h5,test,33f7ae08-ac1d-4321-9cb9-eca79016b359__ep1,33f7ae08-ac1d-4321-9cb9-eca79016b359__ep1:qa:65,4b02bb38-384a-438a-b5f9-6131d85c34b0__ep1:qa:133,Reach for wire hangers :: cardboard box | wire hangers,Put down smartphone :: paper quilling strips | smartphone | star beads,0,63,False
33f7ae08-ac1d-4321-9cb9-eca79016b359__ep1:future:00008:h5,test,33f7ae08-ac1d-4321-9cb9-eca79016b359__ep1,33f7ae08-ac1d-4321-9cb9-eca79016b359__ep1:qa:70,8a8e1b3c-607e-4ada-b3fd-fa639727e92c__ep1:qa:184,Extract wire hangers from box :: cardboard box | wire hangers,Grasping cleaning cloth :: cleaning cloth | countertop,0,345,False
33f7ae08-ac1d-4321-9cb9-eca79016b359__ep1:future:00009:h5,test,33f7ae08-ac1d-4321-9cb9-eca79016b359__ep1,33f7ae08-ac1d-4321-9cb9-eca79016b359__ep1:qa:76,8a8e1b3c-607e-4ada-b3fd-fa639727e92c__ep1:qa:184,Adjust item on shelf :: shelf | stationery package,Grasping cleaning cloth :: cleaning cloth | countertop,0,184,False
33f7ae08-ac1d-4321-9cb9-eca79016b359__ep1:future:00010:h5,test,33f7ae08-ac1d-4321-9cb9-eca79016b359__ep1,33f7ae08-ac1d-4321-9cb9-eca79016b359__ep1:qa:77,8a8e1b3c-607e-4ada-b3fd-fa639727e92c__ep1:qa:184,Adjust item on shelf :: shelf | stationery package,Grasping cleaning cloth :: cleaning cloth | countertop,0,360,False
33f7ae08-ac1d-4321-9cb9-eca79016b359__ep1:future:00011:h5,test,33f7ae08-ac1d-4321-9cb9-eca79016b359__ep1,33f7ae08-ac1d-4321-9cb9-eca79016b359__ep1:qa:100,8a8e1b3c-607e-4ada-b3fd-fa639727e92c__ep1:qa:184,Walk towards shelves :: cardboard boxes | red bin | shelving unit,Grasping cleaning cloth :: cleaning cloth | countertop,0,212,False
33f7ae08-ac1d-4321-9cb9-eca79016b359__ep1:future:00012:h5,test,33f7ae08-ac1d-4321-9cb9-eca79016b359__ep1,33f7ae08-ac1d-4321-9cb9-eca79016b359__ep1:qa:101,8a8e1b3c-607e-4ada-b3fd-fa639727e92c__ep1:qa:184,Reach for another item :: item | packaged item | shelf,Grasping cleaning cloth :: cleaning cloth | countertop,0,268,False
33f7ae08-ac1d-4321-9cb9-eca79016b359__ep1:future:00013:h5,test,33f7ae08-ac1d-4321-9cb9-eca79016b359__ep1,33f7ae08-ac1d-4321-9cb9-eca79016b359__ep1:qa:126,8a8e1b3c-607e-4ada-b3fd-fa639727e92c__ep1:qa:184,Approach boxes :: cardboard boxes | colleague | shelving unit,Grasping cleaning cloth :: cleaning cloth | countertop,0,273,False
33f7ae08-ac1d-4321-9cb9-eca79016b359__ep1:future:00014:h5,test,33f7ae08-ac1d-4321-9cb9-eca79016b359__ep1,33f7ae08-ac1d-4321-9cb9-eca79016b359__ep1:qa:138,8a8e1b3c-607e-4ada-b3fd-fa639727e92c__ep1:qa:184,Pick up items from the shopping bag :: cardboard boxes | red shopping bag | retail shelf,Grasping cleaning cloth :: cleaning cloth | countertop,0,378,False
33f7ae08-ac1d-4321-9cb9-eca79016b359__ep1:future:00015:h5,test,33f7ae08-ac1d-4321-9cb9-eca79016b359__ep1,33f7ae08-ac1d-4321-9cb9-eca79016b359__ep1:qa:140,8a8e1b3c-607e-4ada-b3fd-fa639727e92c__ep1:qa:184,Pick up items from the shopping bag :: cardboard boxes | red shopping bag | retail shelf,Grasping cleaning cloth :: cleaning cloth | countertop,0,295,False
33f7ae08-ac1d-4321-9cb9-eca79016b359__ep1:future:00016:h5,test,33f7ae08-ac1d-4321-9cb9-eca79016b359__ep1,33f7ae08-ac1d-4321-9cb9-eca79016b359__ep1:qa:141,8a8e1b3c-607e-4ada-b3fd-fa639727e92c__ep1:qa:184,Pick up items from the shopping bag :: cardboard boxes | red shopping bag | retail shelf,Grasping cleaning cloth :: cleaning cloth | countertop,0,301,False
33f7ae08-ac1d-4321-9cb9-eca79016b359__ep1:future:00017:h5,test,33f7ae08-ac1d-4321-9cb9-eca79016b359__ep1,33f7ae08-ac1d-4321-9cb9-eca79016b359__ep1:qa:150,8a8e1b3c-607e-4ada-b3fd-fa639727e92c__ep1:qa:184,Place items on the shelf :: packaged items | retail shelf,Grasping cleaning cloth :: cleaning cloth | countertop,0,309,False
33f7ae08-ac1d-4321-9cb9-eca79016b359__ep1:future:00018:h5,test,33f7ae08-ac1d-4321-9cb9-eca79016b359__ep1,33f7ae08-ac1d-4321-9cb9-eca79016b359__ep1:qa:151,8a8e1b3c-607e-4ada-b3fd-fa639727e92c__ep1:qa:184,Place items on the shelf :: packaged items | retail shelf,Grasping cleaning cloth :: cleaning cloth | countertop,0,282,False
33f7ae08-ac1d-4321-9cb9-eca79016b359__ep1:future:00019:h5,test,33f7ae08-ac1d-4321-9cb9-eca79016b359__ep1,33f7ae08-ac1d-4321-9cb9-eca79016b359__ep1:qa:164,33f7ae08-ac1d-4321-9cb9-eca79016b359__ep1:qa:138,Place items on the shelf :: packaged items | retail shelf,Pick up items from the shopping bag :: cardboard boxes | red shopping bag | retail shelf,0,236,False
33f7ae08-ac1d-4321-9cb9-eca79016b359__ep1:future:00020:h5,test,33f7ae08-ac1d-4321-9cb9-eca79016b359__ep1,33f7ae08-ac1d-4321-9cb9-eca79016b359__ep1:qa:165,8a8e1b3c-607e-4ada-b3fd-fa639727e92c__ep1:qa:184,Place items on the shelf :: packaged items | retail shelf,Grasping cleaning cloth :: cleaning cloth | countertop,0,157,False
33f7ae08-ac1d-4321-9cb9-eca79016b359__ep1:future:00021:h5,test,33f7ae08-ac1d-4321-9cb9-eca79016b359__ep1,33f7ae08-ac1d-4321-9cb9-eca79016b359__ep1:qa:172,8a8e1b3c-607e-4ada-b3fd-fa639727e92c__ep1:qa:184,Place item on shelf :: stationery package,Grasping cleaning cloth :: cleaning cloth | countertop,0,322,False
33f7ae08-ac1d-4321-9cb9-eca79016b359__ep1:future:00022:h5,test,33f7ae08-ac1d-4321-9cb9-eca79016b359__ep1,33f7ae08-ac1d-4321-9cb9-eca79016b359__ep1:qa:173,8a8e1b3c-607e-4ada-b3fd-fa639727e92c__ep1:qa:184,Place item on shelf :: stationery package,Grasping cleaning cloth :: cleaning cloth | countertop,0,354,False
33f7ae08-ac1d-4321-9cb9-eca79016b359__ep1:future:00023:h5,test,33f7ae08-ac1d-4321-9cb9-eca79016b359__ep1,33f7ae08-ac1d-4321-9cb9-eca79016b359__ep1:qa:182,8a8e1b3c-607e-4ada-b3fd-fa639727e92c__ep1:qa:184,Adjust item on shelf :: shelf | stationery package,Grasping cleaning cloth :: cleaning cloth | countertop,0,339,False
33f7ae08-ac1d-4321-9cb9-eca79016b359__ep1:future:00024:h5,test,33f7ae08-ac1d-4321-9cb9-eca79016b359__ep1,33f7ae08-ac1d-4321-9cb9-eca79016b359__ep1:qa:183,8a8e1b3c-607e-4ada-b3fd-fa639727e92c__ep1:qa:184,Adjust item on shelf :: shelf | stationery package,Grasping cleaning cloth :: cleaning cloth | countertop,0,375,False
33f7ae08-ac1d-4321-9cb9-eca79016b359__ep1:future:00025:h5,test,33f7ae08-ac1d-4321-9cb9-eca79016b359__ep1,33f7ae08-ac1d-4321-9cb9-eca79016b359__ep1:qa:226,8a8e1b3c-607e-4ada-b3fd-fa639727e92c__ep1:qa:184,Reach for next item :: packaged item | shelf,Grasping cleaning cloth :: cleaning cloth | countertop,0,329,False
33f7ae08-ac1d-4321-9cb9-eca79016b359__ep1:future:00026:h5,test,33f7ae08-ac1d-4321-9cb9-eca79016b359__ep1,33f7ae08-ac1d-4321-9cb9-eca79016b359__ep1:qa:244,8a8e1b3c-607e-4ada-b3fd-fa639727e92c__ep1:qa:184,Release hook :: display hook,Grasping cleaning cloth :: cleaning cloth | countertop,0,366,False
34f07a04-eb37-45a3-95ec-189ed5f4a85b__ep5:future:00000:h5,test,34f07a04-eb37-45a3-95ec-189ed5f4a85b__ep5,34f07a04-eb37-45a3-95ec-189ed5f4a85b__ep5:qa:71,8a8e1b3c-607e-4ada-b3fd-fa639727e92c__ep1:qa:184,Place canned food on shelf :: canned food | store shelf,Grasping cleaning cloth :: cleaning cloth | countertop,0,116,False
34f07a04-eb37-45a3-95ec-189ed5f4a85b__ep5:future:00001:h5,test,34f07a04-eb37-45a3-95ec-189ed5f4a85b__ep5,34f07a04-eb37-45a3-95ec-189ed5f4a85b__ep5:qa:82,8a8e1b3c-607e-4ada-b3fd-fa639727e92c__ep1:qa:184,Place can on shelf :: canned food | retail shelf,Grasping cleaning cloth :: cleaning cloth | countertop,0,147,False
34f07a04-eb37-45a3-95ec-189ed5f4a85b__ep5:future:00002:h5,test,34f07a04-eb37-45a3-95ec-189ed5f4a85b__ep5,34f07a04-eb37-45a3-95ec-189ed5f4a85b__ep5:qa:90,8a8e1b3c-607e-4ada-b3fd-fa639727e92c__ep1:qa:184,Hold earbud case :: box of products | earbud case | shelf,Grasping cleaning cloth :: cleaning cloth | countertop,0,108,False
34f07a04-eb37-45a3-95ec-189ed5f4a85b__ep5:future:00003:h5,test,34f07a04-eb37-45a3-95ec-189ed5f4a85b__ep5,34f07a04-eb37-45a3-95ec-189ed5f4a85b__ep5:qa:91,8a8e1b3c-607e-4ada-b3fd-fa639727e92c__ep1:qa:184,Open earbud case :: earbud case,Grasping cleaning cloth :: cleaning cloth | countertop,0,70,False
34f07a04-eb37-45a3-95ec-189ed5f4a85b__ep5:future:00004:h5,test,34f07a04-eb37-45a3-95ec-189ed5f4a85b__ep5,34f07a04-eb37-45a3-95ec-189ed5f4a85b__ep5:qa:106,8a8e1b3c-607e-4ada-b3fd-fa639727e92c__ep1:qa:184,Retrieve next canned food item :: canned food | cardboard box,Grasping cleaning cloth :: cleaning cloth | countertop,0,310,False
34f07a04-eb37-45a3-95ec-189ed5f4a85b__ep5:future:00005:h5,test,34f07a04-eb37-45a3-95ec-189ed5f4a85b__ep5,34f07a04-eb37-45a3-95ec-189ed5f4a85b__ep5:qa:140,8a8e1b3c-607e-4ada-b3fd-fa639727e92c__ep1:qa:184,Reach for next canned food :: box | canned food | retail shelf,Grasping cleaning cloth :: cleaning cloth | countertop,0,126,False
34f07a04-eb37-45a3-95ec-189ed5f4a85b__ep5:future:00006:h5,test,34f07a04-eb37-45a3-95ec-189ed5f4a85b__ep5,34f07a04-eb37-45a3-95ec-189ed5f4a85b__ep5:qa:141,8a8e1b3c-607e-4ada-b3fd-fa639727e92c__ep1:qa:184,Reach for next canned food :: box | canned food,Grasping cleaning cloth :: cleaning cloth | countertop,0,170,False
34f07a04-eb37-45a3-95ec-189ed5f4a85b__ep5:future:00007:h5,test,34f07a04-eb37-45a3-95ec-189ed5f4a85b__ep5,34f07a04-eb37-45a3-95ec-189ed5f4a85b__ep5:qa:154,8a8e1b3c-607e-4ada-b3fd-fa639727e92c__ep1:qa:184,Reach into box :: box of cans,Grasping cleaning cloth :: cleaning cloth | countertop,0,127,False
34f07a04-eb37-45a3-95ec-189ed5f4a85b__ep5:future:00008:h5,test,34f07a04-eb37-45a3-95ec-189ed5f4a85b__ep5,34f07a04-eb37-45a3-95ec-189ed5f4a85b__ep5:qa:160,8a8e1b3c-607e-4ada-b3fd-fa639727e92c__ep1:qa:184,Retrieve canned food from box :: box | canned food,Grasping cleaning cloth :: cleaning cloth | countertop,0,105,False
34f07a04-eb37-45a3-95ec-189ed5f4a85b__ep5:future:00009:h5,test,34f07a04-eb37-45a3-95ec-189ed5f4a85b__ep5,34f07a04-eb37-45a3-95ec-189ed5f4a85b__ep5:qa:166,8a8e1b3c-607e-4ada-b3fd-fa639727e92c__ep1:qa:184,Place another canned food on shelf :: box | canned food,Grasping cleaning cloth :: cleaning cloth | countertop,0,292,False
34f07a04-eb37-45a3-95ec-189ed5f4a85b__ep5:future:00010:h5,test,34f07a04-eb37-45a3-95ec-189ed5f4a85b__ep5,34f07a04-eb37-45a3-95ec-189ed5f4a85b__ep5:qa:167,8a8e1b3c-607e-4ada-b3fd-fa639727e92c__ep1:qa:184,Place another canned food on shelf :: box | canned food,Grasping cleaning cloth :: cleaning cloth | countertop,0,348,False
34f07a04-eb37-45a3-95ec-189ed5f4a85b__ep5:future:00011:h5,test,34f07a04-eb37-45a3-95ec-189ed5f4a85b__ep5,34f07a04-eb37-45a3-95ec-189ed5f4a85b__ep5:qa:190,8a8e1b3c-607e-4ada-b3fd-fa639727e92c__ep1:qa:184,Adjust canned food on shelf :: canned food | cardboard box | store shelf,Grasping cleaning cloth :: cleaning cloth | countertop,0,358,False
34f07a04-eb37-45a3-95ec-189ed5f4a85b__ep5:future:00012:h5,test,34f07a04-eb37-45a3-95ec-189ed5f4a85b__ep5,34f07a04-eb37-45a3-95ec-189ed5f4a85b__ep5:qa:191,8a8e1b3c-607e-4ada-b3fd-fa639727e92c__ep1:qa:184,Adjust canned food on shelf :: canned food | cardboard box | store shelf,Grasping cleaning cloth :: cleaning cloth | countertop,0,363,False
34f07a04-eb37-45a3-95ec-189ed5f4a85b__ep5:future:00014:h5,test,34f07a04-eb37-45a3-95ec-189ed5f4a85b__ep5,34f07a04-eb37-45a3-95ec-189ed5f4a85b__ep5:qa:199,8a8e1b3c-607e-4ada-b3fd-fa639727e92c__ep1:qa:184,Retrieve next canned food item :: canned food | cardboard box,Grasping cleaning cloth :: cleaning cloth | countertop,0,103,False
34f07a04-eb37-45a3-95ec-189ed5f4a85b__ep5:future:00015:h5,test,34f07a04-eb37-45a3-95ec-189ed5f4a85b__ep5,34f07a04-eb37-45a3-95ec-189ed5f4a85b__ep5:qa:206,8a8e1b3c-607e-4ada-b3fd-fa639727e92c__ep1:qa:184,Place can on shelf :: canned food | retail shelf,Grasping cleaning cloth :: cleaning cloth | countertop,0,61,False
34f07a04-eb37-45a3-95ec-189ed5f4a85b__ep5:future:00016:h5,test,34f07a04-eb37-45a3-95ec-189ed5f4a85b__ep5,34f07a04-eb37-45a3-95ec-189ed5f4a85b__ep5:qa:207,8a8e1b3c-607e-4ada-b3fd-fa639727e92c__ep1:qa:184,Place can on shelf :: canned food | retail shelf,Grasping cleaning cloth :: cleaning cloth | countertop,0,94,False
34f07a04-eb37-45a3-95ec-189ed5f4a85b__ep5:future:00017:h5,test,34f07a04-eb37-45a3-95ec-189ed5f4a85b__ep5,34f07a04-eb37-45a3-95ec-189ed5f4a85b__ep5:qa:218,8a8e1b3c-607e-4ada-b3fd-fa639727e92c__ep1:qa:184,Interact with smartphone :: cans | shelf | smartphone,Grasping cleaning cloth :: cleaning cloth | countertop,0,196,False
34f07a04-eb37-45a3-95ec-189ed5f4a85b__ep5:future:00018:h5,test,34f07a04-eb37-45a3-95ec-189ed5f4a85b__ep5,34f07a04-eb37-45a3-95ec-189ed5f4a85b__ep5:qa:219,8a8e1b3c-607e-4ada-b3fd-fa639727e92c__ep1:qa:184,Interact with smartphone :: cans | shelf | smartphone,Grasping cleaning cloth :: cleaning cloth | countertop,0,136,False
34f07a04-eb37-45a3-95ec-189ed5f4a85b__ep5:future:00019:h5,test,34f07a04-eb37-45a3-95ec-189ed5f4a85b__ep5,34f07a04-eb37-45a3-95ec-189ed5f4a85b__ep5:qa:220,8a8e1b3c-607e-4ada-b3fd-fa639727e92c__ep1:qa:184,Interact with smartphone :: cans | cereal box | shelf | smartphone,Grasping cleaning cloth :: cleaning cloth | countertop,0,117,False
34f07a04-eb37-45a3-95ec-189ed5f4a85b__ep5:future:00021:h5,test,34f07a04-eb37-45a3-95ec-189ed5f4a85b__ep5,34f07a04-eb37-45a3-95ec-189ed5f4a85b__ep5:qa:236,8a8e1b3c-607e-4ada-b3fd-fa639727e92c__ep1:qa:184,Open earbud case :: earbud case,Grasping cleaning cloth :: cleaning cloth | countertop,0,274,False
34f07a04-eb37-45a3-95ec-189ed5f4a85b__ep5:future:00022:h5,test,34f07a04-eb37-45a3-95ec-189ed5f4a85b__ep5,34f07a04-eb37-45a3-95ec-189ed5f4a85b__ep5:qa:237,8a8e1b3c-607e-4ada-b3fd-fa639727e92c__ep1:qa:184,Open earbud case :: earbud case,Grasping cleaning cloth :: cleaning cloth | countertop,0,334,False
34f07a04-eb37-45a3-95ec-189ed5f4a85b__ep5:future:00023:h5,test,34f07a04-eb37-45a3-95ec-189ed5f4a85b__ep5,34f07a04-eb37-45a3-95ec-189ed5f4a85b__ep5:qa:240,8a8e1b3c-607e-4ada-b3fd-fa639727e92c__ep1:qa:184,Pick up smartphone :: cans | shelf | smartphone,Grasping cleaning cloth :: cleaning cloth | countertop,0,202,False
34f07a04-eb37-45a3-95ec-189ed5f4a85b__ep5:future:00024:h5,test,34f07a04-eb37-45a3-95ec-189ed5f4a85b__ep5,34f07a04-eb37-45a3-95ec-189ed5f4a85b__ep5:qa:241,8a8e1b3c-607e-4ada-b3fd-fa639727e92c__ep1:qa:184,Pick up smartphone :: cans | shelf | smartphone,Grasping cleaning cloth :: cleaning cloth | countertop,0,239,False
34f07a04-eb37-45a3-95ec-189ed5f4a85b__ep5:future:00025:h5,test,34f07a04-eb37-45a3-95ec-189ed5f4a85b__ep5,34f07a04-eb37-45a3-95ec-189ed5f4a85b__ep5:qa:244,8a8e1b3c-607e-4ada-b3fd-fa639727e92c__ep1:qa:184,Interact with smartphone :: cans | shelf | smartphone,Grasping cleaning cloth :: cleaning cloth | countertop,0,339,False
34f07a04-eb37-45a3-95ec-189ed5f4a85b__ep5:future:00026:h5,test,34f07a04-eb37-45a3-95ec-189ed5f4a85b__ep5,34f07a04-eb37-45a3-95ec-189ed5f4a85b__ep5:qa:245,8a8e1b3c-607e-4ada-b3fd-fa639727e92c__ep1:qa:184,Interact with smartphone :: cans | shelf | smartphone,Grasping cleaning cloth :: cleaning cloth | countertop,0,355,False
4b02bb38-384a-438a-b5f9-6131d85c34b0__ep1:future:00000:h5,test,4b02bb38-384a-438a-b5f9-6131d85c34b0__ep1,4b02bb38-384a-438a-b5f9-6131d85c34b0__ep1:qa:16,8a8e1b3c-607e-4ada-b3fd-fa639727e92c__ep1:qa:120,Sort craft items :: star-shaped craft items | table,Move dustpan to side :: dustpan,0,138,False
4b02bb38-384a-438a-b5f9-6131d85c34b0__ep1:future:00001:h5,test,4b02bb38-384a-438a-b5f9-6131d85c34b0__ep1,4b02bb38-384a-438a-b5f9-6131d85c34b0__ep1:qa:20,4b02bb38-384a-438a-b5f9-6131d85c34b0__ep1:qa:20,Move smartphone :: craft beads | paper strips | smartphone,Move smartphone :: craft beads | paper strips | smartphone,1,1,True
4b02bb38-384a-438a-b5f9-6131d85c34b0__ep1:future:00002:h5,test,4b02bb38-384a-438a-b5f9-6131d85c34b0__ep1,4b02bb38-384a-438a-b5f9-6131d85c34b0__ep1:qa:21,33f7ae08-ac1d-4321-9cb9-eca79016b359__ep1:qa:183,Move smartphone :: craft beads | paper strips | smartphone,Adjust item on shelf :: shelf | stationery package,0,15,False
4b02bb38-384a-438a-b5f9-6131d85c34b0__ep1:future:00003:h5,test,4b02bb38-384a-438a-b5f9-6131d85c34b0__ep1,4b02bb38-384a-438a-b5f9-6131d85c34b0__ep1:qa:22,8a8e1b3c-607e-4ada-b3fd-fa639727e92c__ep1:qa:184,Move smartphone :: craft beads | paper strips | smartphone,Grasping cleaning cloth :: cleaning cloth | countertop,0,324,False
4b02bb38-384a-438a-b5f9-6131d85c34b0__ep1:future:00004:h5,test,4b02bb38-384a-438a-b5f9-6131d85c34b0__ep1,4b02bb38-384a-438a-b5f9-6131d85c34b0__ep1:qa:32,8a8e1b3c-607e-4ada-b3fd-fa639727e92c__ep1:qa:184,Sort craft items :: star-shaped craft items | table,Grasping cleaning cloth :: cleaning cloth | countertop,0,376,False
4b02bb38-384a-438a-b5f9-6131d85c34b0__ep1:future:00005:h5,test,4b02bb38-384a-438a-b5f9-6131d85c34b0__ep1,4b02bb38-384a-438a-b5f9-6131d85c34b0__ep1:qa:33,8a8e1b3c-607e-4ada-b3fd-fa639727e92c__ep1:qa:184,Sort craft items :: star-shaped craft items | table,Grasping cleaning cloth :: cleaning cloth | countertop,0,323,False
4b02bb38-384a-438a-b5f9-6131d85c34b0__ep1:future:00006:h5,test,4b02bb38-384a-438a-b5f9-6131d85c34b0__ep1,4b02bb38-384a-438a-b5f9-6131d85c34b0__ep1:qa:34,4b02bb38-384a-438a-b5f9-6131d85c34b0__ep1:qa:20,Sort craft items :: star-shaped craft items | table,Move smartphone :: craft beads | paper strips | smartphone,0,47,False
4b02bb38-384a-438a-b5f9-6131d85c34b0__ep1:future:00007:h5,test,4b02bb38-384a-438a-b5f9-6131d85c34b0__ep1,4b02bb38-384a-438a-b5f9-6131d85c34b0__ep1:qa:50,8a8e1b3c-607e-4ada-b3fd-fa639727e92c__ep1:qa:184,Use smartphone :: charging cable | paper strips | power bank | smartphone | star-shaped paper crafts,Grasping cleaning cloth :: cleaning cloth | countertop,0,262,False
4b02bb38-384a-438a-b5f9-6131d85c34b0__ep1:future:00008:h5,test,4b02bb38-384a-438a-b5f9-6131d85c34b0__ep1,4b02bb38-384a-438a-b5f9-6131d85c34b0__ep1:qa:51,8a8e1b3c-607e-4ada-b3fd-fa639727e92c__ep1:qa:184,Use smartphone :: charging cable | paper strips | power bank | smartphone | star-shaped paper crafts,Grasping cleaning cloth :: cleaning cloth | countertop,0,247,False
4b02bb38-384a-438a-b5f9-6131d85c34b0__ep1:future:00009:h5,test,4b02bb38-384a-438a-b5f9-6131d85c34b0__ep1,4b02bb38-384a-438a-b5f9-6131d85c34b0__ep1:qa:70,4b02bb38-384a-438a-b5f9-6131d85c34b0__ep1:qa:32,Browse smartphone screen :: paper strips | smartphone | star ornaments,Sort craft items :: star-shaped craft items | table,0,50,False
4b02bb38-384a-438a-b5f9-6131d85c34b0__ep1:future:00010:h5,test,4b02bb38-384a-438a-b5f9-6131d85c34b0__ep1,4b02bb38-384a-438a-b5f9-6131d85c34b0__ep1:qa:71,8a8e1b3c-607e-4ada-b3fd-fa639727e92c__ep1:qa:184,Browse smartphone screen :: paper strips | smartphone | star ornaments,Grasping cleaning cloth :: cleaning cloth | countertop,0,176,False
4b02bb38-384a-438a-b5f9-6131d85c34b0__ep1:future:00011:h5,test,4b02bb38-384a-438a-b5f9-6131d85c34b0__ep1,4b02bb38-384a-438a-b5f9-6131d85c34b0__ep1:qa:72,8a8e1b3c-607e-4ada-b3fd-fa639727e92c__ep1:qa:184,Browse smartphone screen :: paper strips | smartphone | star ornaments,Grasping cleaning cloth :: cleaning cloth | countertop,0,348,False
4b02bb38-384a-438a-b5f9-6131d85c34b0__ep1:future:00012:h5,test,4b02bb38-384a-438a-b5f9-6131d85c34b0__ep1,4b02bb38-384a-438a-b5f9-6131d85c34b0__ep1:qa:100,8a8e1b3c-607e-4ada-b3fd-fa639727e92c__ep1:qa:184,Use smartphone :: charging cable | paper strips | power bank | smartphone | star-shaped paper crafts,Grasping cleaning cloth :: cleaning cloth | countertop,0,353,False
4b02bb38-384a-438a-b5f9-6131d85c34b0__ep1:future:00013:h5,test,4b02bb38-384a-438a-b5f9-6131d85c34b0__ep1,4b02bb38-384a-438a-b5f9-6131d85c34b0__ep1:qa:101,8a8e1b3c-607e-4ada-b3fd-fa639727e92c__ep1:qa:184,Use smartphone :: charging cable | paper strips | power bank | smartphone | star-shaped paper crafts,Grasping cleaning cloth :: cleaning cloth | countertop,0,328,False
4b02bb38-384a-438a-b5f9-6131d85c34b0__ep1:future:00014:h5,test,4b02bb38-384a-438a-b5f9-6131d85c34b0__ep1,4b02bb38-384a-438a-b5f9-6131d85c34b0__ep1:qa:102,8a8e1b3c-607e-4ada-b3fd-fa639727e92c__ep1:qa:184,Use smartphone :: charging cable | paper strips | power bank | smartphone | star-shaped paper crafts,Grasping cleaning cloth :: cleaning cloth | countertop,0,336,False
4b02bb38-384a-438a-b5f9-6131d85c34b0__ep1:future:00015:h5,test,4b02bb38-384a-438a-b5f9-6131d85c34b0__ep1,4b02bb38-384a-438a-b5f9-6131d85c34b0__ep1:qa:132,8a8e1b3c-607e-4ada-b3fd-fa639727e92c__ep1:qa:184,Put down smartphone :: paper quilling strips | power bank | smartphone | star beads,Grasping cleaning cloth :: cleaning cloth | countertop,0,377,False
4b02bb38-384a-438a-b5f9-6131d85c34b0__ep1:future:00016:h5,test,4b02bb38-384a-438a-b5f9-6131d85c34b0__ep1,4b02bb38-384a-438a-b5f9-6131d85c34b0__ep1:qa:133,8a8e1b3c-607e-4ada-b3fd-fa639727e92c__ep1:qa:184,Put down smartphone :: paper quilling strips | smartphone | star beads,Grasping cleaning cloth :: cleaning cloth | countertop,0,369,False
4b02bb38-384a-438a-b5f9-6131d85c34b0__ep1:future:00017:h5,test,4b02bb38-384a-438a-b5f9-6131d85c34b0__ep1,4b02bb38-384a-438a-b5f9-6131d85c34b0__ep1:qa:134,8a8e1b3c-607e-4ada-b3fd-fa639727e92c__ep1:qa:184,Put down smartphone :: power bank | smartphone,Grasping cleaning cloth :: cleaning cloth | countertop,0,343,False
4b02bb38-384a-438a-b5f9-6131d85c34b0__ep1:future:00018:h5,test,4b02bb38-384a-438a-b5f9-6131d85c34b0__ep1,4b02bb38-384a-438a-b5f9-6131d85c34b0__ep1:qa:184,8a8e1b3c-607e-4ada-b3fd-fa639727e92c__ep1:qa:184,Place smartphone down :: quilling paper strips | small paper stars | smartphone,Grasping cleaning cloth :: cleaning cloth | countertop,0,359,False
4b02bb38-384a-438a-b5f9-6131d85c34b0__ep1:future:00019:h5,test,4b02bb38-384a-438a-b5f9-6131d85c34b0__ep1,4b02bb38-384a-438a-b5f9-6131d85c34b0__ep1:qa:185,8a8e1b3c-607e-4ada-b3fd-fa639727e92c__ep1:qa:184,Place smartphone down :: quilling paper strips | small paper stars | smartphone,Grasping cleaning cloth :: cleaning cloth | countertop,0,342,False
4b02bb38-384a-438a-b5f9-6131d85c34b0__ep1:future:00020:h5,test,4b02bb38-384a-438a-b5f9-6131d85c34b0__ep1,4b02bb38-384a-438a-b5f9-6131d85c34b0__ep1:qa:186,4b02bb38-384a-438a-b5f9-6131d85c34b0__ep1:qa:32,Place smartphone down :: power bank | quilling paper strips | small paper stars | smartphone,Sort craft items :: star-shaped craft items | table,0,259,False
4b02bb38-384a-438a-b5f9-6131d85c34b0__ep1:future:00021:h5,test,4b02bb38-384a-438a-b5f9-6131d85c34b0__ep1,4b02bb38-384a-438a-b5f9-6131d85c34b0__ep1:qa:200,b9dd769b-e31a-4fdb-945e-5a60db6487b0__ep2:qa:190,Scroll smartphone screen :: paper stars | paper strips | smartphone,Operate smartphone :: craft paper strips | folded paper fan | smartphone,0,195,False
4b02bb38-384a-438a-b5f9-6131d85c34b0__ep1:future:00022:h5,test,4b02bb38-384a-438a-b5f9-6131d85c34b0__ep1,4b02bb38-384a-438a-b5f9-6131d85c34b0__ep1:qa:201,8a8e1b3c-607e-4ada-b3fd-fa639727e92c__ep1:qa:184,Scroll smartphone screen :: paper stars | paper strips | smartphone,Grasping cleaning cloth :: cleaning cloth | countertop,0,187,False
4b02bb38-384a-438a-b5f9-6131d85c34b0__ep1:future:00023:h5,test,4b02bb38-384a-438a-b5f9-6131d85c34b0__ep1,4b02bb38-384a-438a-b5f9-6131d85c34b0__ep1:qa:202,8a8e1b3c-607e-4ada-b3fd-fa639727e92c__ep1:qa:184,Hold smartphone :: quilling paper strips | small blue beads | smartphone,Grasping cleaning cloth :: cleaning cloth | countertop,0,234,False
4b02bb38-384a-438a-b5f9-6131d85c34b0__ep1:future:00024:h5,test,4b02bb38-384a-438a-b5f9-6131d85c34b0__ep1,4b02bb38-384a-438a-b5f9-6131d85c34b0__ep1:qa:220,8a8e1b3c-607e-4ada-b3fd-fa639727e92c__ep1:qa:184,Manipulate paper strip :: purple paper strip | quilling paper pile | smartphone,Grasping cleaning cloth :: cleaning cloth | countertop,0,206,False
4b02bb38-384a-438a-b5f9-6131d85c34b0__ep1:future:00025:h5,test,4b02bb38-384a-438a-b5f9-6131d85c34b0__ep1,4b02bb38-384a-438a-b5f9-6131d85c34b0__ep1:qa:221,8a8e1b3c-607e-4ada-b3fd-fa639727e92c__ep1:qa:184,Manipulate paper strip :: purple paper strip | quilling paper pile | smartphone,Grasping cleaning cloth :: cleaning cloth | countertop,0,203,False
4b02bb38-384a-438a-b5f9-6131d85c34b0__ep1:future:00026:h5,test,4b02bb38-384a-438a-b5f9-6131d85c34b0__ep1,4b02bb38-384a-438a-b5f9-6131d85c34b0__ep1:qa:222,8a8e1b3c-607e-4ada-b3fd-fa639727e92c__ep1:qa:184,Manipulate paper strip :: purple paper strip | quilling paper pile | smartphone,Grasping cleaning cloth :: cleaning cloth | countertop,0,231,False
5399ef86-4df9-49bc-809f-8f4f92f9e659__ep6:future:00000:h5,test,5399ef86-4df9-49bc-809f-8f4f92f9e659__ep6,5399ef86-4df9-49bc-809f-8f4f92f9e659__ep6:qa:10,8a8e1b3c-607e-4ada-b3fd-fa639727e92c__ep1:qa:184,Place piece into puzzle :: jigsaw puzzle | puzzle piece,Grasping cleaning cloth :: cleaning cloth | countertop,0,11,False
5399ef86-4df9-49bc-809f-8f4f92f9e659__ep6:future:00001:h5,test,5399ef86-4df9-49bc-809f-8f4f92f9e659__ep6,5399ef86-4df9-49bc-809f-8f4f92f9e659__ep6:qa:20,8a8e1b3c-607e-4ada-b3fd-fa639727e92c__ep1:qa:184,Place piece into puzzle :: jigsaw puzzle | puzzle piece,Grasping cleaning cloth :: cleaning cloth | countertop,0,4,True
5399ef86-4df9-49bc-809f-8f4f92f9e659__ep6:future:00002:h5,test,5399ef86-4df9-49bc-809f-8f4f92f9e659__ep6,5399ef86-4df9-49bc-809f-8f4f92f9e659__ep6:qa:21,8a8e1b3c-607e-4ada-b3fd-fa639727e92c__ep1:qa:184,Place piece into puzzle :: jigsaw puzzle | puzzle piece,Grasping cleaning cloth :: cleaning cloth | countertop,0,2,True
5399ef86-4df9-49bc-809f-8f4f92f9e659__ep6:future:00003:h5,test,5399ef86-4df9-49bc-809f-8f4f92f9e659__ep6,5399ef86-4df9-49bc-809f-8f4f92f9e659__ep6:qa:22,8a8e1b3c-607e-4ada-b3fd-fa639727e92c__ep1:qa:184,Place piece into puzzle :: jigsaw puzzle | puzzle piece,Grasping cleaning cloth :: cleaning cloth | countertop,0,3,True
5399ef86-4df9-49bc-809f-8f4f92f9e659__ep6:future:00004:h5,test,5399ef86-4df9-49bc-809f-8f4f92f9e659__ep6,5399ef86-4df9-49bc-809f-8f4f92f9e659__ep6:qa:50,8a8e1b3c-607e-4ada-b3fd-fa639727e92c__ep1:qa:184,Manipulate puzzle pieces :: puzzle box | puzzle mat | puzzle pieces,Grasping cleaning cloth :: cleaning cloth | countertop,0,22,False
5399ef86-4df9-49bc-809f-8f4f92f9e659__ep6:future:00005:h5,test,5399ef86-4df9-49bc-809f-8f4f92f9e659__ep6,5399ef86-4df9-49bc-809f-8f4f92f9e659__ep6:qa:51,8a8e1b3c-607e-4ada-b3fd-fa639727e92c__ep1:qa:184,Manipulate puzzle pieces :: puzzle box | puzzle mat | puzzle pieces,Grasping cleaning cloth :: cleaning cloth | countertop,0,21,False
5399ef86-4df9-49bc-809f-8f4f92f9e659__ep6:future:00006:h5,test,5399ef86-4df9-49bc-809f-8f4f92f9e659__ep6,5399ef86-4df9-49bc-809f-8f4f92f9e659__ep6:qa:52,8a8e1b3c-607e-4ada-b3fd-fa639727e92c__ep1:qa:184,Manipulate puzzle pieces :: puzzle box | puzzle mat | puzzle pieces,Grasping cleaning cloth :: cleaning cloth | countertop,0,29,False
5399ef86-4df9-49bc-809f-8f4f92f9e659__ep6:future:00007:h5,test,5399ef86-4df9-49bc-809f-8f4f92f9e659__ep6,5399ef86-4df9-49bc-809f-8f4f92f9e659__ep6:qa:90,8a8e1b3c-607e-4ada-b3fd-fa639727e92c__ep1:qa:184,Place puzzle piece :: puzzle board | puzzle piece,Grasping cleaning cloth :: cleaning cloth | countertop,0,20,False
5399ef86-4df9-49bc-809f-8f4f92f9e659__ep6:future:00008:h5,test,5399ef86-4df9-49bc-809f-8f4f92f9e659__ep6,5399ef86-4df9-49bc-809f-8f4f92f9e659__ep6:qa:91,8a8e1b3c-607e-4ada-b3fd-fa639727e92c__ep1:qa:184,Place puzzle piece :: puzzle board | puzzle piece,Grasping cleaning cloth :: cleaning cloth | countertop,0,27,False
5399ef86-4df9-49bc-809f-8f4f92f9e659__ep6:future:00009:h5,test,5399ef86-4df9-49bc-809f-8f4f92f9e659__ep6,5399ef86-4df9-49bc-809f-8f4f92f9e659__ep6:qa:92,8a8e1b3c-607e-4ada-b3fd-fa639727e92c__ep1:qa:184,Place puzzle piece :: puzzle board | puzzle piece,Grasping cleaning cloth :: cleaning cloth | countertop,0,35,False
5399ef86-4df9-49bc-809f-8f4f92f9e659__ep6:future:00010:h5,test,5399ef86-4df9-49bc-809f-8f4f92f9e659__ep6,5399ef86-4df9-49bc-809f-8f4f92f9e659__ep6:qa:100,8a8e1b3c-607e-4ada-b3fd-fa639727e92c__ep1:qa:184,Manipulate puzzle pieces :: puzzle box | puzzle mat | puzzle pieces,Grasping cleaning cloth :: cleaning cloth | countertop,0,6,False
5399ef86-4df9-49bc-809f-8f4f92f9e659__ep6:future:00011:h5,test,5399ef86-4df9-49bc-809f-8f4f92f9e659__ep6,5399ef86-4df9-49bc-809f-8f4f92f9e659__ep6:qa:101,8a8e1b3c-607e-4ada-b3fd-fa639727e92c__ep1:qa:184,Manipulate puzzle pieces :: puzzle box | puzzle mat | puzzle pieces,Grasping cleaning cloth :: cleaning cloth | countertop,0,6,False
5399ef86-4df9-49bc-809f-8f4f92f9e659__ep6:future:00012:h5,test,5399ef86-4df9-49bc-809f-8f4f92f9e659__ep6,5399ef86-4df9-49bc-809f-8f4f92f9e659__ep6:qa:102,8a8e1b3c-607e-4ada-b3fd-fa639727e92c__ep1:qa:184,Manipulate puzzle pieces :: puzzle box | puzzle mat | puzzle pieces,Grasping cleaning cloth :: cleaning cloth | countertop,0,10,False
5399ef86-4df9-49bc-809f-8f4f92f9e659__ep6:future:00013:h5,test,5399ef86-4df9-49bc-809f-8f4f92f9e659__ep6,5399ef86-4df9-49bc-809f-8f4f92f9e659__ep6:qa:120,8a8e1b3c-607e-4ada-b3fd-fa639727e92c__ep1:qa:184,Search for puzzle piece :: jigsaw puzzle | puzzle pieces,Grasping cleaning cloth :: cleaning cloth | countertop,0,19,False
5399ef86-4df9-49bc-809f-8f4f92f9e659__ep6:future:00014:h5,test,5399ef86-4df9-49bc-809f-8f4f92f9e659__ep6,5399ef86-4df9-49bc-809f-8f4f92f9e659__ep6:qa:121,8a8e1b3c-607e-4ada-b3fd-fa639727e92c__ep1:qa:184,Search for puzzle piece :: jigsaw puzzle | puzzle pieces,Grasping cleaning cloth :: cleaning cloth | countertop,0,15,False
5399ef86-4df9-49bc-809f-8f4f92f9e659__ep6:future:00015:h5,test,5399ef86-4df9-49bc-809f-8f4f92f9e659__ep6,5399ef86-4df9-49bc-809f-8f4f92f9e659__ep6:qa:140,8a8e1b3c-607e-4ada-b3fd-fa639727e92c__ep1:qa:184,Reach for puzzle piece :: puzzle board | puzzle box | puzzle pieces,Grasping cleaning cloth :: cleaning cloth | countertop,0,14,False
5399ef86-4df9-49bc-809f-8f4f92f9e659__ep6:future:00016:h5,test,5399ef86-4df9-49bc-809f-8f4f92f9e659__ep6,5399ef86-4df9-49bc-809f-8f4f92f9e659__ep6:qa:141,8a8e1b3c-607e-4ada-b3fd-fa639727e92c__ep1:qa:184,Reach for puzzle piece :: puzzle board | puzzle box | puzzle pieces,Grasping cleaning cloth :: cleaning cloth | countertop,0,9,False
5399ef86-4df9-49bc-809f-8f4f92f9e659__ep6:future:00017:h5,test,5399ef86-4df9-49bc-809f-8f4f92f9e659__ep6,5399ef86-4df9-49bc-809f-8f4f92f9e659__ep6:qa:144,8a8e1b3c-607e-4ada-b3fd-fa639727e92c__ep1:qa:184,Adjust puzzle piece :: jigsaw puzzle | puzzle box | puzzle pieces,Grasping cleaning cloth :: cleaning cloth | countertop,0,26,False
5399ef86-4df9-49bc-809f-8f4f92f9e659__ep6:future:00018:h5,test,5399ef86-4df9-49bc-809f-8f4f92f9e659__ep6,5399ef86-4df9-49bc-809f-8f4f92f9e659__ep6:qa:145,8a8e1b3c-607e-4ada-b3fd-fa639727e92c__ep1:qa:184,Adjust puzzle piece :: jigsaw puzzle | puzzle box | puzzle pieces,Grasping cleaning cloth :: cleaning cloth | countertop,0,25,False
5399ef86-4df9-49bc-809f-8f4f92f9e659__ep6:future:00019:h5,test,5399ef86-4df9-49bc-809f-8f4f92f9e659__ep6,5399ef86-4df9-49bc-809f-8f4f92f9e659__ep6:qa:146,8a8e1b3c-607e-4ada-b3fd-fa639727e92c__ep1:qa:184,Adjust puzzle piece :: jigsaw puzzle | puzzle box | puzzle pieces,Grasping cleaning cloth :: cleaning cloth | countertop,0,23,False
5399ef86-4df9-49bc-809f-8f4f92f9e659__ep6:future:00020:h5,test,5399ef86-4df9-49bc-809f-8f4f92f9e659__ep6,5399ef86-4df9-49bc-809f-8f4f92f9e659__ep6:qa:150,8a8e1b3c-607e-4ada-b3fd-fa639727e92c__ep1:qa:184,Attempt to fit puzzle piece :: puzzle board | puzzle piece,Grasping cleaning cloth :: cleaning cloth | countertop,0,18,False
5399ef86-4df9-49bc-809f-8f4f92f9e659__ep6:future:00021:h5,test,5399ef86-4df9-49bc-809f-8f4f92f9e659__ep6,5399ef86-4df9-49bc-809f-8f4f92f9e659__ep6:qa:151,8a8e1b3c-607e-4ada-b3fd-fa639727e92c__ep1:qa:184,Attempt to fit puzzle piece :: puzzle board | puzzle piece,Grasping cleaning cloth :: cleaning cloth | countertop,0,12,False
5399ef86-4df9-49bc-809f-8f4f92f9e659__ep6:future:00022:h5,test,5399ef86-4df9-49bc-809f-8f4f92f9e659__ep6,5399ef86-4df9-49bc-809f-8f4f92f9e659__ep6:qa:160,8a8e1b3c-607e-4ada-b3fd-fa639727e92c__ep1:qa:184,Attempt to fit puzzle piece :: puzzle piece,Grasping cleaning cloth :: cleaning cloth | countertop,0,17,False
5399ef86-4df9-49bc-809f-8f4f92f9e659__ep6:future:00023:h5,test,5399ef86-4df9-49bc-809f-8f4f92f9e659__ep6,5399ef86-4df9-49bc-809f-8f4f92f9e659__ep6:qa:161,8a8e1b3c-607e-4ada-b3fd-fa639727e92c__ep1:qa:184,Attempt to fit puzzle piece :: puzzle piece,Grasping cleaning cloth :: cleaning cloth | countertop,0,13,False
5399ef86-4df9-49bc-809f-8f4f92f9e659__ep6:future:00024:h5,test,5399ef86-4df9-49bc-809f-8f4f92f9e659__ep6,5399ef86-4df9-49bc-809f-8f4f92f9e659__ep6:qa:162,8a8e1b3c-607e-4ada-b3fd-fa639727e92c__ep1:qa:184,Attempt to fit puzzle piece :: puzzle board | puzzle piece,Grasping cleaning cloth :: cleaning cloth | countertop,0,8,False
5399ef86-4df9-49bc-809f-8f4f92f9e659__ep6:future:00025:h5,test,5399ef86-4df9-49bc-809f-8f4f92f9e659__ep6,5399ef86-4df9-49bc-809f-8f4f92f9e659__ep6:qa:190,8a8e1b3c-607e-4ada-b3fd-fa639727e92c__ep1:qa:184,Sort puzzle pieces :: jigsaw puzzle pieces | table,Grasping cleaning cloth :: cleaning cloth | countertop,0,16,False
5399ef86-4df9-49bc-809f-8f4f92f9e659__ep6:future:00026:h5,test,5399ef86-4df9-49bc-809f-8f4f92f9e659__ep6,5399ef86-4df9-49bc-809f-8f4f92f9e659__ep6:qa:191,8a8e1b3c-607e-4ada-b3fd-fa639727e92c__ep1:qa:184,Sort puzzle pieces :: jigsaw puzzle pieces | table,Grasping cleaning cloth :: cleaning cloth | countertop,0,28,False
877779cd-25f3-4293-a3c4-39067dd9558c__ep4:future:00000:h5,test,877779cd-25f3-4293-a3c4-39067dd9558c__ep4,877779cd-25f3-4293-a3c4-39067dd9558c__ep4:qa:22,8a8e1b3c-607e-4ada-b3fd-fa639727e92c__ep1:qa:184,Arrange buttons :: red buttons | smartphone | table,Grasping cleaning cloth :: cleaning cloth | countertop,0,108,False
877779cd-25f3-4293-a3c4-39067dd9558c__ep4:future:00001:h5,test,877779cd-25f3-4293-a3c4-39067dd9558c__ep4,877779cd-25f3-4293-a3c4-39067dd9558c__ep4:qa:23,8a8e1b3c-607e-4ada-b3fd-fa639727e92c__ep1:qa:184,Arrange buttons :: red buttons | smartphone | table,Grasping cleaning cloth :: cleaning cloth | countertop,0,362,False
877779cd-25f3-4293-a3c4-39067dd9558c__ep4:future:00002:h5,test,877779cd-25f3-4293-a3c4-39067dd9558c__ep4,877779cd-25f3-4293-a3c4-39067dd9558c__ep4:qa:50,8a8e1b3c-607e-4ada-b3fd-fa639727e92c__ep1:qa:184,Arrange buttons in a line :: buttons | phone | table,Grasping cleaning cloth :: cleaning cloth | countertop,0,235,False
877779cd-25f3-4293-a3c4-39067dd9558c__ep4:future:00003:h5,test,877779cd-25f3-4293-a3c4-39067dd9558c__ep4,877779cd-25f3-4293-a3c4-39067dd9558c__ep4:qa:51,8a8e1b3c-607e-4ada-b3fd-fa639727e92c__ep1:qa:184,Arrange buttons in a line :: buttons | phone | table,Grasping cleaning cloth :: cleaning cloth | countertop,0,260,False
877779cd-25f3-4293-a3c4-39067dd9558c__ep4:future:00004:h5,test,877779cd-25f3-4293-a3c4-39067dd9558c__ep4,877779cd-25f3-4293-a3c4-39067dd9558c__ep4:qa:52,8a8e1b3c-607e-4ada-b3fd-fa639727e92c__ep1:qa:184,Arrange buttons in a line :: buttons | phone | table,Grasping cleaning cloth :: cleaning cloth | countertop,0,227,False
877779cd-25f3-4293-a3c4-39067dd9558c__ep4:future:00005:h5,test,877779cd-25f3-4293-a3c4-39067dd9558c__ep4,877779cd-25f3-4293-a3c4-39067dd9558c__ep4:qa:53,8a8e1b3c-607e-4ada-b3fd-fa639727e92c__ep1:qa:184,Arrange buttons in a line :: buttons | phone | table,Grasping cleaning cloth :: cleaning cloth | countertop,0,195,False
877779cd-25f3-4293-a3c4-39067dd9558c__ep4:future:00006:h5,test,877779cd-25f3-4293-a3c4-39067dd9558c__ep4,877779cd-25f3-4293-a3c4-39067dd9558c__ep4:qa:70,8a8e1b3c-607e-4ada-b3fd-fa639727e92c__ep1:qa:184,Sort and arrange buttons :: buttons | smartphones | soda can | table,Grasping cleaning cloth :: cleaning cloth | countertop,0,288,False
877779cd-25f3-4293-a3c4-39067dd9558c__ep4:future:00007:h5,test,877779cd-25f3-4293-a3c4-39067dd9558c__ep4,877779cd-25f3-4293-a3c4-39067dd9558c__ep4:qa:71,8a8e1b3c-607e-4ada-b3fd-fa639727e92c__ep1:qa:184,Sort and arrange buttons :: buttons | smartphones | table,Grasping cleaning cloth :: cleaning cloth | countertop,0,218,False
877779cd-25f3-4293-a3c4-39067dd9558c__ep4:future:00008:h5,test,877779cd-25f3-4293-a3c4-39067dd9558c__ep4,877779cd-25f3-4293-a3c4-39067dd9558c__ep4:qa:72,8a8e1b3c-607e-4ada-b3fd-fa639727e92c__ep1:qa:184,Sort and arrange buttons :: buttons | smartphones | table,Grasping cleaning cloth :: cleaning cloth | countertop,0,229,False
877779cd-25f3-4293-a3c4-39067dd9558c__ep4:future:00009:h5,test,877779cd-25f3-4293-a3c4-39067dd9558c__ep4,877779cd-25f3-4293-a3c4-39067dd9558c__ep4:qa:100,8a8e1b3c-607e-4ada-b3fd-fa639727e92c__ep1:qa:184,Arrange buttons in a line :: buttons | phone | table,Grasping cleaning cloth :: cleaning cloth | countertop,0,2,True
877779cd-25f3-4293-a3c4-39067dd9558c__ep4:future:00010:h5,test,877779cd-25f3-4293-a3c4-39067dd9558c__ep4,877779cd-25f3-4293-a3c4-39067dd9558c__ep4:qa:101,8a8e1b3c-607e-4ada-b3fd-fa639727e92c__ep1:qa:184,Arrange buttons in a line :: buttons | phone | table,Grasping cleaning cloth :: cleaning cloth | countertop,0,183,False
877779cd-25f3-4293-a3c4-39067dd9558c__ep4:future:00011:h5,test,877779cd-25f3-4293-a3c4-39067dd9558c__ep4,877779cd-25f3-4293-a3c4-39067dd9558c__ep4:qa:102,8a8e1b3c-607e-4ada-b3fd-fa639727e92c__ep1:qa:184,Arrange buttons in a line :: buttons | phone | table,Grasping cleaning cloth :: cleaning cloth | countertop,0,128,False
877779cd-25f3-4293-a3c4-39067dd9558c__ep4:future:00012:h5,test,877779cd-25f3-4293-a3c4-39067dd9558c__ep4,877779cd-25f3-4293-a3c4-39067dd9558c__ep4:qa:108,8a8e1b3c-607e-4ada-b3fd-fa639727e92c__ep1:qa:184,Place button :: buttons | hand | smartphone | table,Grasping cleaning cloth :: cleaning cloth | countertop,0,214,False
877779cd-25f3-4293-a3c4-39067dd9558c__ep4:future:00013:h5,test,877779cd-25f3-4293-a3c4-39067dd9558c__ep4,877779cd-25f3-4293-a3c4-39067dd9558c__ep4:qa:109,8a8e1b3c-607e-4ada-b3fd-fa639727e92c__ep1:qa:184,Place button :: buttons | hand | smartphone | table,Grasping cleaning cloth :: cleaning cloth | countertop,0,161,False
877779cd-25f3-4293-a3c4-39067dd9558c__ep4:future:00014:h5,test,877779cd-25f3-4293-a3c4-39067dd9558c__ep4,877779cd-25f3-4293-a3c4-39067dd9558c__ep4:qa:110,8a8e1b3c-607e-4ada-b3fd-fa639727e92c__ep1:qa:184,Place button :: buttons | hand | smartphone | table,Grasping cleaning cloth :: cleaning cloth | countertop,0,279,False
877779cd-25f3-4293-a3c4-39067dd9558c__ep4:future:00015:h5,test,877779cd-25f3-4293-a3c4-39067dd9558c__ep4,877779cd-25f3-4293-a3c4-39067dd9558c__ep4:qa:120,8a8e1b3c-607e-4ada-b3fd-fa639727e92c__ep1:qa:184,Sort button :: buttons | cell phone,Grasping cleaning cloth :: cleaning cloth | countertop,0,268,False
877779cd-25f3-4293-a3c4-39067dd9558c__ep4:future:00016:h5,test,877779cd-25f3-4293-a3c4-39067dd9558c__ep4,877779cd-25f3-4293-a3c4-39067dd9558c__ep4:qa:121,8a8e1b3c-607e-4ada-b3fd-fa639727e92c__ep1:qa:184,Sort button :: buttons | cell phone,Grasping cleaning cloth :: cleaning cloth | countertop,0,300,False
877779cd-25f3-4293-a3c4-39067dd9558c__ep4:future:00017:h5,test,877779cd-25f3-4293-a3c4-39067dd9558c__ep4,877779cd-25f3-4293-a3c4-39067dd9558c__ep4:qa:122,8a8e1b3c-607e-4ada-b3fd-fa639727e92c__ep1:qa:184,Sort button :: buttons | cell phone,Grasping cleaning cloth :: cleaning cloth | countertop,0,238,False
877779cd-25f3-4293-a3c4-39067dd9558c__ep4:future:00018:h5,test,877779cd-25f3-4293-a3c4-39067dd9558c__ep4,877779cd-25f3-4293-a3c4-39067dd9558c__ep4:qa:150,8a8e1b3c-607e-4ada-b3fd-fa639727e92c__ep1:qa:184,Sort and adjust button line :: buttons | smartphone | table,Grasping cleaning cloth :: cleaning cloth | countertop,0,68,False
877779cd-25f3-4293-a3c4-39067dd9558c__ep4:future:00019:h5,test,877779cd-25f3-4293-a3c4-39067dd9558c__ep4,877779cd-25f3-4293-a3c4-39067dd9558c__ep4:qa:151,8a8e1b3c-607e-4ada-b3fd-fa639727e92c__ep1:qa:184,Sort and adjust button line :: buttons | smartphone | table,Grasping cleaning cloth :: cleaning cloth | countertop,0,105,False
877779cd-25f3-4293-a3c4-39067dd9558c__ep4:future:00020:h5,test,877779cd-25f3-4293-a3c4-39067dd9558c__ep4,877779cd-25f3-4293-a3c4-39067dd9558c__ep4:qa:152,8a8e1b3c-607e-4ada-b3fd-fa639727e92c__ep1:qa:184,Sort and adjust button line :: buttons | smartphone | table,Grasping cleaning cloth :: cleaning cloth | countertop,0,275,False
877779cd-25f3-4293-a3c4-39067dd9558c__ep4:future:00021:h5,test,877779cd-25f3-4293-a3c4-39067dd9558c__ep4,877779cd-25f3-4293-a3c4-39067dd9558c__ep4:qa:170,8a8e1b3c-607e-4ada-b3fd-fa639727e92c__ep1:qa:184,Use smartphone :: buttons | smartphone | table,Grasping cleaning cloth :: cleaning cloth | countertop,0,59,False
877779cd-25f3-4293-a3c4-39067dd9558c__ep4:future:00022:h5,test,877779cd-25f3-4293-a3c4-39067dd9558c__ep4,877779cd-25f3-4293-a3c4-39067dd9558c__ep4:qa:171,8a8e1b3c-607e-4ada-b3fd-fa639727e92c__ep1:qa:184,Use smartphone :: buttons | chair | smartphone | table,Grasping cleaning cloth :: cleaning cloth | countertop,0,47,False
877779cd-25f3-4293-a3c4-39067dd9558c__ep4:future:00023:h5,test,877779cd-25f3-4293-a3c4-39067dd9558c__ep4,877779cd-25f3-4293-a3c4-39067dd9558c__ep4:qa:172,8a8e1b3c-607e-4ada-b3fd-fa639727e92c__ep1:qa:184,Use smartphone :: buttons | smartphone | table,Grasping cleaning cloth :: cleaning cloth | countertop,0,44,False
877779cd-25f3-4293-a3c4-39067dd9558c__ep4:future:00024:h5,test,877779cd-25f3-4293-a3c4-39067dd9558c__ep4,877779cd-25f3-4293-a3c4-39067dd9558c__ep4:qa:200,8a8e1b3c-607e-4ada-b3fd-fa639727e92c__ep1:qa:184,Pick up button :: buttons | table,Grasping cleaning cloth :: cleaning cloth | countertop,0,289,False
877779cd-25f3-4293-a3c4-39067dd9558c__ep4:future:00025:h5,test,877779cd-25f3-4293-a3c4-39067dd9558c__ep4,877779cd-25f3-4293-a3c4-39067dd9558c__ep4:qa:201,8a8e1b3c-607e-4ada-b3fd-fa639727e92c__ep1:qa:184,Pick up button :: buttons | table,Grasping cleaning cloth :: cleaning cloth | countertop,0,270,False
877779cd-25f3-4293-a3c4-39067dd9558c__ep4:future:00026:h5,test,877779cd-25f3-4293-a3c4-39067dd9558c__ep4,877779cd-25f3-4293-a3c4-39067dd9558c__ep4:qa:202,8a8e1b3c-607e-4ada-b3fd-fa639727e92c__ep1:qa:184,Pick up button :: buttons | table,Grasping cleaning cloth :: cleaning cloth | countertop,0,294,False
8a8e1b3c-607e-4ada-b3fd-fa639727e92c__ep1:future:00000:h5,test,8a8e1b3c-607e-4ada-b3fd-fa639727e92c__ep1,8a8e1b3c-607e-4ada-b3fd-fa639727e92c__ep1:qa:70,8a8e1b3c-607e-4ada-b3fd-fa639727e92c__ep1:qa:184,Reach for cleaning supplies :: bowls | chopping board | cleaning fluid bottle,Grasping cleaning cloth :: cleaning cloth | countertop,0,33,False
8a8e1b3c-607e-4ada-b3fd-fa639727e92c__ep1:future:00001:h5,test,8a8e1b3c-607e-4ada-b3fd-fa639727e92c__ep1,8a8e1b3c-607e-4ada-b3fd-fa639727e92c__ep1:qa:71,8a8e1b3c-607e-4ada-b3fd-fa639727e92c__ep1:qa:184,Reach for cleaning supplies :: bowls | chopping board | cleaning fluid bottle,Grasping cleaning cloth :: cleaning cloth | countertop,0,36,False
8a8e1b3c-607e-4ada-b3fd-fa639727e92c__ep1:future:00002:h5,test,8a8e1b3c-607e-4ada-b3fd-fa639727e92c__ep1,8a8e1b3c-607e-4ada-b3fd-fa639727e92c__ep1:qa:90,8a8e1b3c-607e-4ada-b3fd-fa639727e92c__ep1:qa:184,Place smartphone on stand :: saucepan | smartphone | smartphone stand | yellow jacket,Grasping cleaning cloth :: cleaning cloth | countertop,0,184,False
8a8e1b3c-607e-4ada-b3fd-fa639727e92c__ep1:future:00003:h5,test,8a8e1b3c-607e-4ada-b3fd-fa639727e92c__ep1,8a8e1b3c-607e-4ada-b3fd-fa639727e92c__ep1:qa:100,8a8e1b3c-607e-4ada-b3fd-fa639727e92c__ep1:qa:184,Open stove pot lid :: blue bowl | cloth | faucet | red bowl | sink | soap dispenser | white bowl,Grasping cleaning cloth :: cleaning cloth | countertop,0,173,False
8a8e1b3c-607e-4ada-b3fd-fa639727e92c__ep1:future:00004:h5,test,8a8e1b3c-607e-4ada-b3fd-fa639727e92c__ep1,8a8e1b3c-607e-4ada-b3fd-fa639727e92c__ep1:qa:120,8a8e1b3c-607e-4ada-b3fd-fa639727e92c__ep1:qa:184,Move dustpan to side :: dustpan,Grasping cleaning cloth :: cleaning cloth | countertop,0,372,False
8a8e1b3c-607e-4ada-b3fd-fa639727e92c__ep1:future:00005:h5,test,8a8e1b3c-607e-4ada-b3fd-fa639727e92c__ep1,8a8e1b3c-607e-4ada-b3fd-fa639727e92c__ep1:qa:126,8a8e1b3c-607e-4ada-b3fd-fa639727e92c__ep1:qa:184,Picking up bottle :: bottle,Grasping cleaning cloth :: cleaning cloth | countertop,0,110,False
8a8e1b3c-607e-4ada-b3fd-fa639727e92c__ep1:future:00006:h5,test,8a8e1b3c-607e-4ada-b3fd-fa639727e92c__ep1,8a8e1b3c-607e-4ada-b3fd-fa639727e92c__ep1:qa:127,8a8e1b3c-607e-4ada-b3fd-fa639727e92c__ep1:qa:184,Closing the door :: door | dustpan,Grasping cleaning cloth :: cleaning cloth | countertop,0,356,False
8a8e1b3c-607e-4ada-b3fd-fa639727e92c__ep1:future:00007:h5,test,8a8e1b3c-607e-4ada-b3fd-fa639727e92c__ep1,8a8e1b3c-607e-4ada-b3fd-fa639727e92c__ep1:qa:134,8a8e1b3c-607e-4ada-b3fd-fa639727e92c__ep1:qa:184,Hold container lid :: dustpan | red plastic container lid,Grasping cleaning cloth :: cleaning cloth | countertop,0,161,False
8a8e1b3c-607e-4ada-b3fd-fa639727e92c__ep1:future:00008:h5,test,8a8e1b3c-607e-4ada-b3fd-fa639727e92c__ep1,8a8e1b3c-607e-4ada-b3fd-fa639727e92c__ep1:qa:140,8a8e1b3c-607e-4ada-b3fd-fa639727e92c__ep1:qa:184,Rinse cloth in sink :: cloth | sink | water faucet,Grasping cleaning cloth :: cleaning cloth | countertop,0,292,False
8a8e1b3c-607e-4ada-b3fd-fa639727e92c__ep1:future:00009:h5,test,8a8e1b3c-607e-4ada-b3fd-fa639727e92c__ep1,8a8e1b3c-607e-4ada-b3fd-fa639727e92c__ep1:qa:150,8a8e1b3c-607e-4ada-b3fd-fa639727e92c__ep1:qa:120,Rinse cloth in sink :: cloth | sink | water faucet,Move dustpan to side :: dustpan,0,31,False
8a8e1b3c-607e-4ada-b3fd-fa639727e92c__ep1:future:00010:h5,test,8a8e1b3c-607e-4ada-b3fd-fa639727e92c__ep1,8a8e1b3c-607e-4ada-b3fd-fa639727e92c__ep1:qa:156,8a8e1b3c-607e-4ada-b3fd-fa639727e92c__ep1:qa:184,Reach for cleaning supplies :: bowls | chopping board | cleaning fluid bottle,Grasping cleaning cloth :: cleaning cloth | countertop,0,185,False
8a8e1b3c-607e-4ada-b3fd-fa639727e92c__ep1:future:00011:h5,test,8a8e1b3c-607e-4ada-b3fd-fa639727e92c__ep1,8a8e1b3c-607e-4ada-b3fd-fa639727e92c__ep1:qa:166,8a8e1b3c-607e-4ada-b3fd-fa639727e92c__ep1:qa:184,Place cloth on floor :: cloth,Grasping cleaning cloth :: cleaning cloth | countertop,0,19,False
8a8e1b3c-607e-4ada-b3fd-fa639727e92c__ep1:future:00012:h5,test,8a8e1b3c-607e-4ada-b3fd-fa639727e92c__ep1,8a8e1b3c-607e-4ada-b3fd-fa639727e92c__ep1:qa:170,8a8e1b3c-607e-4ada-b3fd-fa639727e92c__ep1:qa:184,Grasp cleaning bottle :: bowls | chopping board | cleaning fluid bottle,Grasping cleaning cloth :: cleaning cloth | countertop,0,34,False
8a8e1b3c-607e-4ada-b3fd-fa639727e92c__ep1:future:00013:h5,test,8a8e1b3c-607e-4ada-b3fd-fa639727e92c__ep1,8a8e1b3c-607e-4ada-b3fd-fa639727e92c__ep1:qa:184,8a8e1b3c-607e-4ada-b3fd-fa639727e92c__ep1:qa:184,Grasping cleaning cloth :: cleaning cloth | countertop,Grasping cleaning cloth :: cleaning cloth | countertop,1,1,True
8a8e1b3c-607e-4ada-b3fd-fa639727e92c__ep1:future:00014:h5,test,8a8e1b3c-607e-4ada-b3fd-fa639727e92c__ep1,8a8e1b3c-607e-4ada-b3fd-fa639727e92c__ep1:qa:185,8a8e1b3c-607e-4ada-b3fd-fa639727e92c__ep1:qa:184,Grasping cleaning cloth :: cleaning cloth | countertop,Grasping cleaning cloth :: cleaning cloth | countertop,1,91,False
8a8e1b3c-607e-4ada-b3fd-fa639727e92c__ep1:future:00015:h5,test,8a8e1b3c-607e-4ada-b3fd-fa639727e92c__ep1,8a8e1b3c-607e-4ada-b3fd-fa639727e92c__ep1:qa:192,8a8e1b3c-607e-4ada-b3fd-fa639727e92c__ep1:qa:184,Open stove pot lid :: blue bowl | cloth | faucet | red bowl | sink | soap dispenser | white bowl,Grasping cleaning cloth :: cleaning cloth | countertop,0,6,False
8a8e1b3c-607e-4ada-b3fd-fa639727e92c__ep1:future:00016:h5,test,8a8e1b3c-607e-4ada-b3fd-fa639727e92c__ep1,8a8e1b3c-607e-4ada-b3fd-fa639727e92c__ep1:qa:200,8a8e1b3c-607e-4ada-b3fd-fa639727e92c__ep1:qa:184,Lift pot lid :: pot | pot lid,Grasping cleaning cloth :: cleaning cloth | countertop,0,318,False
8a8e1b3c-607e-4ada-b3fd-fa639727e92c__ep1:future:00017:h5,test,8a8e1b3c-607e-4ada-b3fd-fa639727e92c__ep1,8a8e1b3c-607e-4ada-b3fd-fa639727e92c__ep1:qa:204,8a8e1b3c-607e-4ada-b3fd-fa639727e92c__ep1:qa:184,Grasping cleaning cloth :: cleaning cloth | countertop,Grasping cleaning cloth :: cleaning cloth | countertop,1,275,False
8a8e1b3c-607e-4ada-b3fd-fa639727e92c__ep1:future:00018:h5,test,8a8e1b3c-607e-4ada-b3fd-fa639727e92c__ep1,8a8e1b3c-607e-4ada-b3fd-fa639727e92c__ep1:qa:205,8a8e1b3c-607e-4ada-b3fd-fa639727e92c__ep1:qa:184,Grasping cleaning cloth :: cleaning cloth | countertop,Grasping cleaning cloth :: cleaning cloth | countertop,1,332,False
8a8e1b3c-607e-4ada-b3fd-fa639727e92c__ep1:future:00019:h5,test,8a8e1b3c-607e-4ada-b3fd-fa639727e92c__ep1,8a8e1b3c-607e-4ada-b3fd-fa639727e92c__ep1:qa:212,8a8e1b3c-607e-4ada-b3fd-fa639727e92c__ep1:qa:184,Adjust pot position :: pot,Grasping cleaning cloth :: cleaning cloth | countertop,0,333,False
8a8e1b3c-607e-4ada-b3fd-fa639727e92c__ep1:future:00020:h5,test,8a8e1b3c-607e-4ada-b3fd-fa639727e92c__ep1,8a8e1b3c-607e-4ada-b3fd-fa639727e92c__ep1:qa:220,8a8e1b3c-607e-4ada-b3fd-fa639727e92c__ep1:qa:184,Place towel :: pot | towel,Grasping cleaning cloth :: cleaning cloth | countertop,0,192,False
8a8e1b3c-607e-4ada-b3fd-fa639727e92c__ep1:future:00021:h5,test,8a8e1b3c-607e-4ada-b3fd-fa639727e92c__ep1,8a8e1b3c-607e-4ada-b3fd-fa639727e92c__ep1:qa:224,8a8e1b3c-607e-4ada-b3fd-fa639727e92c__ep1:qa:184,Stir contents :: cooking utensil | pot,Grasping cleaning cloth :: cleaning cloth | countertop,0,351,False
8a8e1b3c-607e-4ada-b3fd-fa639727e92c__ep1:future:00022:h5,test,8a8e1b3c-607e-4ada-b3fd-fa639727e92c__ep1,8a8e1b3c-607e-4ada-b3fd-fa639727e92c__ep1:qa:232,8a8e1b3c-607e-4ada-b3fd-fa639727e92c__ep1:qa:184,Walking towards door :: door | dustpan,Grasping cleaning cloth :: cleaning cloth | countertop,0,266,False
8a8e1b3c-607e-4ada-b3fd-fa639727e92c__ep1:future:00023:h5,test,8a8e1b3c-607e-4ada-b3fd-fa639727e92c__ep1,8a8e1b3c-607e-4ada-b3fd-fa639727e92c__ep1:qa:236,8a8e1b3c-607e-4ada-b3fd-fa639727e92c__ep1:qa:184,Adjust pot position :: pot,Grasping cleaning cloth :: cleaning cloth | countertop,0,298,False
8a8e1b3c-607e-4ada-b3fd-fa639727e92c__ep1:future:00024:h5,test,8a8e1b3c-607e-4ada-b3fd-fa639727e92c__ep1,8a8e1b3c-607e-4ada-b3fd-fa639727e92c__ep1:qa:237,8a8e1b3c-607e-4ada-b3fd-fa639727e92c__ep1:qa:184,Adjust pot position :: pot,Grasping cleaning cloth :: cleaning cloth | countertop,0,337,False
8a8e1b3c-607e-4ada-b3fd-fa639727e92c__ep1:future:00025:h5,test,8a8e1b3c-607e-4ada-b3fd-fa639727e92c__ep1,8a8e1b3c-607e-4ada-b3fd-fa639727e92c__ep1:qa:240,8a8e1b3c-607e-4ada-b3fd-fa639727e92c__ep1:qa:184,Move pot :: faucet | pot | sink,Grasping cleaning cloth :: cleaning cloth | countertop,0,251,False
8a8e1b3c-607e-4ada-b3fd-fa639727e92c__ep1:future:00026:h5,test,8a8e1b3c-607e-4ada-b3fd-fa639727e92c__ep1,8a8e1b3c-607e-4ada-b3fd-fa639727e92c__ep1:qa:244,8a8e1b3c-607e-4ada-b3fd-fa639727e92c__ep1:qa:184,Closing the door :: door | dustpan,Grasping cleaning cloth :: cleaning cloth | countertop,0,368,False
9c553886-83c5-4dc4-be5c-dcb269b3a771__ep2:future:00000:h5,test,9c553886-83c5-4dc4-be5c-dcb269b3a771__ep2,9c553886-83c5-4dc4-be5c-dcb269b3a771__ep2:qa:30,8a8e1b3c-607e-4ada-b3fd-fa639727e92c__ep1:qa:184,Pick up new cardboard piece :: cardboard piece | marker,Grasping cleaning cloth :: cleaning cloth | countertop,0,78,False
9c553886-83c5-4dc4-be5c-dcb269b3a771__ep2:future:00001:h5,test,9c553886-83c5-4dc4-be5c-dcb269b3a771__ep2,9c553886-83c5-4dc4-be5c-dcb269b3a771__ep2:qa:31,8a8e1b3c-607e-4ada-b3fd-fa639727e92c__ep1:qa:184,Pick up new cardboard piece :: cardboard piece | marker,Grasping cleaning cloth :: cleaning cloth | countertop,0,79,False
9c553886-83c5-4dc4-be5c-dcb269b3a771__ep2:future:00002:h5,test,9c553886-83c5-4dc4-be5c-dcb269b3a771__ep2,9c553886-83c5-4dc4-be5c-dcb269b3a771__ep2:qa:70,8a8e1b3c-607e-4ada-b3fd-fa639727e92c__ep1:qa:184,Marking cardboard piece :: cardboard pieces | marker | ruler | scissors,Grasping cleaning cloth :: cleaning cloth | countertop,0,191,False
9c553886-83c5-4dc4-be5c-dcb269b3a771__ep2:future:00003:h5,test,9c553886-83c5-4dc4-be5c-dcb269b3a771__ep2,9c553886-83c5-4dc4-be5c-dcb269b3a771__ep2:qa:71,8a8e1b3c-607e-4ada-b3fd-fa639727e92c__ep1:qa:184,Marking cardboard piece :: cardboard pieces | marker | ruler | scissors,Grasping cleaning cloth :: cleaning cloth | countertop,0,169,False
9c553886-83c5-4dc4-be5c-dcb269b3a771__ep2:future:00004:h5,test,9c553886-83c5-4dc4-be5c-dcb269b3a771__ep2,9c553886-83c5-4dc4-be5c-dcb269b3a771__ep2:qa:72,8a8e1b3c-607e-4ada-b3fd-fa639727e92c__ep1:qa:184,Marking cardboard piece :: cardboard pieces | marker | ruler | scissors,Grasping cleaning cloth :: cleaning cloth | countertop,0,320,False
9c553886-83c5-4dc4-be5c-dcb269b3a771__ep2:future:00005:h5,test,9c553886-83c5-4dc4-be5c-dcb269b3a771__ep2,9c553886-83c5-4dc4-be5c-dcb269b3a771__ep2:qa:90,8a8e1b3c-607e-4ada-b3fd-fa639727e92c__ep1:qa:184,Organize cardboard pieces :: cardboard pieces | marker | pencil case | ruler | scissors,Grasping cleaning cloth :: cleaning cloth | countertop,0,305,False
9c553886-83c5-4dc4-be5c-dcb269b3a771__ep2:future:00006:h5,test,9c553886-83c5-4dc4-be5c-dcb269b3a771__ep2,9c553886-83c5-4dc4-be5c-dcb269b3a771__ep2:qa:91,8a8e1b3c-607e-4ada-b3fd-fa639727e92c__ep1:qa:184,Organize cardboard pieces :: cardboard pieces | marker | pencil case | ruler | scissors,Grasping cleaning cloth :: cleaning cloth | countertop,0,155,False
9c553886-83c5-4dc4-be5c-dcb269b3a771__ep2:future:00007:h5,test,9c553886-83c5-4dc4-be5c-dcb269b3a771__ep2,9c553886-83c5-4dc4-be5c-dcb269b3a771__ep2:qa:110,8a8e1b3c-607e-4ada-b3fd-fa639727e92c__ep1:qa:184,Cut cardboard piece :: cardboard strip | scissors,Grasping cleaning cloth :: cleaning cloth | countertop,0,164,False
9c553886-83c5-4dc4-be5c-dcb269b3a771__ep2:future:00008:h5,test,9c553886-83c5-4dc4-be5c-dcb269b3a771__ep2,9c553886-83c5-4dc4-be5c-dcb269b3a771__ep2:qa:111,8a8e1b3c-607e-4ada-b3fd-fa639727e92c__ep1:qa:184,Cut cardboard piece :: cardboard strip | scissors,Grasping cleaning cloth :: cleaning cloth | countertop,0,283,False
9c553886-83c5-4dc4-be5c-dcb269b3a771__ep2:future:00009:h5,test,9c553886-83c5-4dc4-be5c-dcb269b3a771__ep2,9c553886-83c5-4dc4-be5c-dcb269b3a771__ep2:qa:112,8a8e1b3c-607e-4ada-b3fd-fa639727e92c__ep1:qa:184,Cut cardboard piece :: cardboard strip | scissors,Grasping cleaning cloth :: cleaning cloth | countertop,0,306,False
9c553886-83c5-4dc4-be5c-dcb269b3a771__ep2:future:00010:h5,test,9c553886-83c5-4dc4-be5c-dcb269b3a771__ep2,9c553886-83c5-4dc4-be5c-dcb269b3a771__ep2:qa:170,8a8e1b3c-607e-4ada-b3fd-fa639727e92c__ep1:qa:184,Organize cardboard pieces :: cardboard pieces | marker | pencil case | ruler | scissors,Grasping cleaning cloth :: cleaning cloth | countertop,0,149,False
9c553886-83c5-4dc4-be5c-dcb269b3a771__ep2:future:00011:h5,test,9c553886-83c5-4dc4-be5c-dcb269b3a771__ep2,9c553886-83c5-4dc4-be5c-dcb269b3a771__ep2:qa:171,8a8e1b3c-607e-4ada-b3fd-fa639727e92c__ep1:qa:184,Organize cardboard pieces :: cardboard pieces | marker | pencil case | ruler | scissors,Grasping cleaning cloth :: cleaning cloth | countertop,0,122,False
9c553886-83c5-4dc4-be5c-dcb269b3a771__ep2:future:00012:h5,test,9c553886-83c5-4dc4-be5c-dcb269b3a771__ep2,9c553886-83c5-4dc4-be5c-dcb269b3a771__ep2:qa:172,8a8e1b3c-607e-4ada-b3fd-fa639727e92c__ep1:qa:184,Organize cardboard pieces :: cardboard pieces | marker | pencil case | ruler | scissors,Grasping cleaning cloth :: cleaning cloth | countertop,0,114,False
9c553886-83c5-4dc4-be5c-dcb269b3a771__ep2:future:00013:h5,test,9c553886-83c5-4dc4-be5c-dcb269b3a771__ep2,9c553886-83c5-4dc4-be5c-dcb269b3a771__ep2:qa:230,8a8e1b3c-607e-4ada-b3fd-fa639727e92c__ep1:qa:184,Release cardboard piece and gesture :: cardboard piece | cardboard piles | marker | pouch | ruler | scissors,Grasping cleaning cloth :: cleaning cloth | countertop,0,178,False
9c553886-83c5-4dc4-be5c-dcb269b3a771__ep2:future:00014:h5,test,9c553886-83c5-4dc4-be5c-dcb269b3a771__ep2,9c553886-83c5-4dc4-be5c-dcb269b3a771__ep2:qa:231,8a8e1b3c-607e-4ada-b3fd-fa639727e92c__ep1:qa:184,Release cardboard piece and gesture :: cardboard piece | cardboard piles | marker | pouch | ruler | scissors,Grasping cleaning cloth :: cleaning cloth | countertop,0,101,False
9c553886-83c5-4dc4-be5c-dcb269b3a771__ep2:future:00015:h5,test,9c553886-83c5-4dc4-be5c-dcb269b3a771__ep2,9c553886-83c5-4dc4-be5c-dcb269b3a771__ep2:qa:276,8a8e1b3c-607e-4ada-b3fd-fa639727e92c__ep1:qa:184,Move marker and adjust hand :: cardboard pieces | marker,Grasping cleaning cloth :: cleaning cloth | countertop,0,129,False
9c553886-83c5-4dc4-be5c-dcb269b3a771__ep2:future:00016:h5,test,9c553886-83c5-4dc4-be5c-dcb269b3a771__ep2,9c553886-83c5-4dc4-be5c-dcb269b3a771__ep2:qa:277,8a8e1b3c-607e-4ada-b3fd-fa639727e92c__ep1:qa:184,Move marker and adjust hand :: cardboard pieces | marker,Grasping cleaning cloth :: cleaning cloth | countertop,0,154,False
9c553886-83c5-4dc4-be5c-dcb269b3a771__ep2:future:00017:h5,test,9c553886-83c5-4dc4-be5c-dcb269b3a771__ep2,9c553886-83c5-4dc4-be5c-dcb269b3a771__ep2:qa:278,8a8e1b3c-607e-4ada-b3fd-fa639727e92c__ep1:qa:184,Move marker and adjust hand :: cardboard pieces | marker,Grasping cleaning cloth :: cleaning cloth | countertop,0,223,False
9c553886-83c5-4dc4-be5c-dcb269b3a771__ep2:future:00018:h5,test,9c553886-83c5-4dc4-be5c-dcb269b3a771__ep2,9c553886-83c5-4dc4-be5c-dcb269b3a771__ep2:qa:282,8a8e1b3c-607e-4ada-b3fd-fa639727e92c__ep1:qa:184,Identify next cardboard piece :: cardboard pieces | marker,Grasping cleaning cloth :: cleaning cloth | countertop,0,71,False
9c553886-83c5-4dc4-be5c-dcb269b3a771__ep2:future:00019:h5,test,9c553886-83c5-4dc4-be5c-dcb269b3a771__ep2,9c553886-83c5-4dc4-be5c-dcb269b3a771__ep2:qa:283,8a8e1b3c-607e-4ada-b3fd-fa639727e92c__ep1:qa:184,Identify next cardboard piece :: cardboard pieces | marker,Grasping cleaning cloth :: cleaning cloth | countertop,0,144,False
9c553886-83c5-4dc4-be5c-dcb269b3a771__ep2:future:00020:h5,test,9c553886-83c5-4dc4-be5c-dcb269b3a771__ep2,9c553886-83c5-4dc4-be5c-dcb269b3a771__ep2:qa:284,8a8e1b3c-607e-4ada-b3fd-fa639727e92c__ep1:qa:184,Identify next cardboard piece :: cardboard pieces | marker,Grasping cleaning cloth :: cleaning cloth | countertop,0,91,False
9c553886-83c5-4dc4-be5c-dcb269b3a771__ep2:future:00021:h5,test,9c553886-83c5-4dc4-be5c-dcb269b3a771__ep2,9c553886-83c5-4dc4-be5c-dcb269b3a771__ep2:qa:290,8a8e1b3c-607e-4ada-b3fd-fa639727e92c__ep1:qa:184,Observe and pause :: cardboard pieces | marker | pencil case | ruler | scissors,Grasping cleaning cloth :: cleaning cloth | countertop,0,308,False
9c553886-83c5-4dc4-be5c-dcb269b3a771__ep2:future:00022:h5,test,9c553886-83c5-4dc4-be5c-dcb269b3a771__ep2,9c553886-83c5-4dc4-be5c-dcb269b3a771__ep2:qa:291,8a8e1b3c-607e-4ada-b3fd-fa639727e92c__ep1:qa:184,Observe and pause :: cardboard pieces | marker | pencil case | ruler | scissors,Grasping cleaning cloth :: cleaning cloth | countertop,0,120,False
9c553886-83c5-4dc4-be5c-dcb269b3a771__ep2:future:00023:h5,test,9c553886-83c5-4dc4-be5c-dcb269b3a771__ep2,9c553886-83c5-4dc4-be5c-dcb269b3a771__ep2:qa:292,8a8e1b3c-607e-4ada-b3fd-fa639727e92c__ep1:qa:184,Gesturing :: cardboard pieces | marker | pencil case | ruler | scissors,Grasping cleaning cloth :: cleaning cloth | countertop,0,263,False
9c553886-83c5-4dc4-be5c-dcb269b3a771__ep2:future:00024:h5,test,9c553886-83c5-4dc4-be5c-dcb269b3a771__ep2,9c553886-83c5-4dc4-be5c-dcb269b3a771__ep2:qa:293,8a8e1b3c-607e-4ada-b3fd-fa639727e92c__ep1:qa:184,Gesturing :: cardboard pieces | marker | pencil case | ruler | scissors,Grasping cleaning cloth :: cleaning cloth | countertop,0,115,False
9c553886-83c5-4dc4-be5c-dcb269b3a771__ep2:future:00025:h5,test,9c553886-83c5-4dc4-be5c-dcb269b3a771__ep2,9c553886-83c5-4dc4-be5c-dcb269b3a771__ep2:qa:294,8a8e1b3c-607e-4ada-b3fd-fa639727e92c__ep1:qa:184,Resume observation :: cardboard pieces | marker | pencil case | ruler | scissors,Grasping cleaning cloth :: cleaning cloth | countertop,0,142,False
9c553886-83c5-4dc4-be5c-dcb269b3a771__ep2:future:00026:h5,test,9c553886-83c5-4dc4-be5c-dcb269b3a771__ep2,9c553886-83c5-4dc4-be5c-dcb269b3a771__ep2:qa:295,8a8e1b3c-607e-4ada-b3fd-fa639727e92c__ep1:qa:184,Resume observation :: cardboard pieces | marker | pencil case | ruler | scissors,Grasping cleaning cloth :: cleaning cloth | countertop,0,137,False
a1012a57-385e-45a9-8a59-694a26fe92a5__ep1:future:00000:h5,test,a1012a57-385e-45a9-8a59-694a26fe92a5__ep1,a1012a57-385e-45a9-8a59-694a26fe92a5__ep1:qa:5,8a8e1b3c-607e-4ada-b3fd-fa639727e92c__ep1:qa:184,Move phone :: cardboard | smartphone | utility knife,Grasping cleaning cloth :: cleaning cloth | countertop,0,125,False
a1012a57-385e-45a9-8a59-694a26fe92a5__ep1:future:00001:h5,test,a1012a57-385e-45a9-8a59-694a26fe92a5__ep1,a1012a57-385e-45a9-8a59-694a26fe92a5__ep1:qa:6,8a8e1b3c-607e-4ada-b3fd-fa639727e92c__ep1:qa:184,Move phone :: cardboard | smartphone | utility knife,Grasping cleaning cloth :: cleaning cloth | countertop,0,129,False
a1012a57-385e-45a9-8a59-694a26fe92a5__ep1:future:00002:h5,test,a1012a57-385e-45a9-8a59-694a26fe92a5__ep1,a1012a57-385e-45a9-8a59-694a26fe92a5__ep1:qa:12,8a8e1b3c-607e-4ada-b3fd-fa639727e92c__ep1:qa:184,Move phone :: cardboard | smartphone | utility knife,Grasping cleaning cloth :: cleaning cloth | countertop,0,30,False
a1012a57-385e-45a9-8a59-694a26fe92a5__ep1:future:00003:h5,test,a1012a57-385e-45a9-8a59-694a26fe92a5__ep1,a1012a57-385e-45a9-8a59-694a26fe92a5__ep1:qa:13,8a8e1b3c-607e-4ada-b3fd-fa639727e92c__ep1:qa:184,Move phone :: cardboard | smartphone | utility knife,Grasping cleaning cloth :: cleaning cloth | countertop,0,9,False
a1012a57-385e-45a9-8a59-694a26fe92a5__ep1:future:00004:h5,test,a1012a57-385e-45a9-8a59-694a26fe92a5__ep1,a1012a57-385e-45a9-8a59-694a26fe92a5__ep1:qa:14,8a8e1b3c-607e-4ada-b3fd-fa639727e92c__ep1:qa:184,Move phone :: cardboard | smartphone | utility knife,Grasping cleaning cloth :: cleaning cloth | countertop,0,147,False
a1012a57-385e-45a9-8a59-694a26fe92a5__ep1:future:00005:h5,test,a1012a57-385e-45a9-8a59-694a26fe92a5__ep1,a1012a57-385e-45a9-8a59-694a26fe92a5__ep1:qa:15,8a8e1b3c-607e-4ada-b3fd-fa639727e92c__ep1:qa:184,Move phone :: cardboard | smartphone | utility knife,Grasping cleaning cloth :: cleaning cloth | countertop,0,192,False
a1012a57-385e-45a9-8a59-694a26fe92a5__ep1:future:00006:h5,test,a1012a57-385e-45a9-8a59-694a26fe92a5__ep1,a1012a57-385e-45a9-8a59-694a26fe92a5__ep1:qa:16,8a8e1b3c-607e-4ada-b3fd-fa639727e92c__ep1:qa:184,Move phone :: cardboard | smartphone | utility knife,Grasping cleaning cloth :: cleaning cloth | countertop,0,239,False
a1012a57-385e-45a9-8a59-694a26fe92a5__ep1:future:00007:h5,test,a1012a57-385e-45a9-8a59-694a26fe92a5__ep1,a1012a57-385e-45a9-8a59-694a26fe92a5__ep1:qa:17,8a8e1b3c-607e-4ada-b3fd-fa639727e92c__ep1:qa:184,Move phone :: cardboard | smartphone | utility knife,Grasping cleaning cloth :: cleaning cloth | countertop,0,127,False
a1012a57-385e-45a9-8a59-694a26fe92a5__ep1:future:00008:h5,test,a1012a57-385e-45a9-8a59-694a26fe92a5__ep1,a1012a57-385e-45a9-8a59-694a26fe92a5__ep1:qa:18,8a8e1b3c-607e-4ada-b3fd-fa639727e92c__ep1:qa:184,Move phone :: cardboard | smartphone | utility knife,Grasping cleaning cloth :: cleaning cloth | countertop,0,128,False
a1012a57-385e-45a9-8a59-694a26fe92a5__ep1:future:00009:h5,test,a1012a57-385e-45a9-8a59-694a26fe92a5__ep1,a1012a57-385e-45a9-8a59-694a26fe92a5__ep1:qa:19,8a8e1b3c-607e-4ada-b3fd-fa639727e92c__ep1:qa:184,Move phone :: cardboard | smartphone | utility knife,Grasping cleaning cloth :: cleaning cloth | countertop,0,114,False
a1012a57-385e-45a9-8a59-694a26fe92a5__ep1:future:00010:h5,test,a1012a57-385e-45a9-8a59-694a26fe92a5__ep1,a1012a57-385e-45a9-8a59-694a26fe92a5__ep1:qa:20,8a8e1b3c-607e-4ada-b3fd-fa639727e92c__ep1:qa:184,Move phone :: cardboard | smartphone | utility knife,Grasping cleaning cloth :: cleaning cloth | countertop,0,219,False
a1012a57-385e-45a9-8a59-694a26fe92a5__ep1:future:00011:h5,test,a1012a57-385e-45a9-8a59-694a26fe92a5__ep1,a1012a57-385e-45a9-8a59-694a26fe92a5__ep1:qa:21,8a8e1b3c-607e-4ada-b3fd-fa639727e92c__ep1:qa:184,Move phone :: cardboard | smartphone | utility knife,Grasping cleaning cloth :: cleaning cloth | countertop,0,196,False
a1012a57-385e-45a9-8a59-694a26fe92a5__ep1:future:00012:h5,test,a1012a57-385e-45a9-8a59-694a26fe92a5__ep1,a1012a57-385e-45a9-8a59-694a26fe92a5__ep1:qa:22,8a8e1b3c-607e-4ada-b3fd-fa639727e92c__ep1:qa:184,Move phone :: cardboard | smartphone | utility knife,Grasping cleaning cloth :: cleaning cloth | countertop,0,185,False
a1012a57-385e-45a9-8a59-694a26fe92a5__ep1:future:00013:h5,test,a1012a57-385e-45a9-8a59-694a26fe92a5__ep1,a1012a57-385e-45a9-8a59-694a26fe92a5__ep1:qa:23,8a8e1b3c-607e-4ada-b3fd-fa639727e92c__ep1:qa:184,Pick up utility knife :: cardboard | utility knife,Grasping cleaning cloth :: cleaning cloth | countertop,0,243,False
a1012a57-385e-45a9-8a59-694a26fe92a5__ep1:future:00014:h5,test,a1012a57-385e-45a9-8a59-694a26fe92a5__ep1,a1012a57-385e-45a9-8a59-694a26fe92a5__ep1:qa:24,8a8e1b3c-607e-4ada-b3fd-fa639727e92c__ep1:qa:184,Pick up utility knife :: cardboard | utility knife,Grasping cleaning cloth :: cleaning cloth | countertop,0,191,False
a1012a57-385e-45a9-8a59-694a26fe92a5__ep1:future:00015:h5,test,a1012a57-385e-45a9-8a59-694a26fe92a5__ep1,a1012a57-385e-45a9-8a59-694a26fe92a5__ep1:qa:25,8a8e1b3c-607e-4ada-b3fd-fa639727e92c__ep1:qa:184,Pick up utility knife :: cardboard | utility knife,Grasping cleaning cloth :: cleaning cloth | countertop,0,237,False
a1012a57-385e-45a9-8a59-694a26fe92a5__ep1:future:00016:h5,test,a1012a57-385e-45a9-8a59-694a26fe92a5__ep1,a1012a57-385e-45a9-8a59-694a26fe92a5__ep1:qa:26,8a8e1b3c-607e-4ada-b3fd-fa639727e92c__ep1:qa:184,Pick up utility knife :: cardboard | utility knife,Grasping cleaning cloth :: cleaning cloth | countertop,0,209,False
a1012a57-385e-45a9-8a59-694a26fe92a5__ep1:future:00017:h5,test,a1012a57-385e-45a9-8a59-694a26fe92a5__ep1,a1012a57-385e-45a9-8a59-694a26fe92a5__ep1:qa:250,8a8e1b3c-607e-4ada-b3fd-fa639727e92c__ep1:qa:184,Cut along the marked line :: cardboard | hand | utility knife,Grasping cleaning cloth :: cleaning cloth | countertop,0,43,False
a1012a57-385e-45a9-8a59-694a26fe92a5__ep1:future:00018:h5,test,a1012a57-385e-45a9-8a59-694a26fe92a5__ep1,a1012a57-385e-45a9-8a59-694a26fe92a5__ep1:qa:251,8a8e1b3c-607e-4ada-b3fd-fa639727e92c__ep1:qa:184,Cut along the marked line :: cardboard | hand | utility knife,Grasping cleaning cloth :: cleaning cloth | countertop,0,39,False
a1012a57-385e-45a9-8a59-694a26fe92a5__ep1:future:00019:h5,test,a1012a57-385e-45a9-8a59-694a26fe92a5__ep1,a1012a57-385e-45a9-8a59-694a26fe92a5__ep1:qa:252,8a8e1b3c-607e-4ada-b3fd-fa639727e92c__ep1:qa:184,Cut along the marked line :: cardboard | hand | utility knife,Grasping cleaning cloth :: cleaning cloth | countertop,0,35,False
a1012a57-385e-45a9-8a59-694a26fe92a5__ep1:future:00020:h5,test,a1012a57-385e-45a9-8a59-694a26fe92a5__ep1,a1012a57-385e-45a9-8a59-694a26fe92a5__ep1:qa:253,8a8e1b3c-607e-4ada-b3fd-fa639727e92c__ep1:qa:184,Cut along the marked line :: cardboard | hand | utility knife,Grasping cleaning cloth :: cleaning cloth | countertop,0,45,False
a1012a57-385e-45a9-8a59-694a26fe92a5__ep1:future:00021:h5,test,a1012a57-385e-45a9-8a59-694a26fe92a5__ep1,a1012a57-385e-45a9-8a59-694a26fe92a5__ep1:qa:254,8a8e1b3c-607e-4ada-b3fd-fa639727e92c__ep1:qa:184,Cut along the marked line :: cardboard | hand | utility knife,Grasping cleaning cloth :: cleaning cloth | countertop,0,51,False
a1012a57-385e-45a9-8a59-694a26fe92a5__ep1:future:00022:h5,test,a1012a57-385e-45a9-8a59-694a26fe92a5__ep1,a1012a57-385e-45a9-8a59-694a26fe92a5__ep1:qa:255,8a8e1b3c-607e-4ada-b3fd-fa639727e92c__ep1:qa:184,Cut along the marked line :: cardboard | hand | utility knife,Grasping cleaning cloth :: cleaning cloth | countertop,0,41,False
a1012a57-385e-45a9-8a59-694a26fe92a5__ep1:future:00023:h5,test,a1012a57-385e-45a9-8a59-694a26fe92a5__ep1,a1012a57-385e-45a9-8a59-694a26fe92a5__ep1:qa:256,8a8e1b3c-607e-4ada-b3fd-fa639727e92c__ep1:qa:184,Cut along the marked line :: cardboard | hand | utility knife,Grasping cleaning cloth :: cleaning cloth | countertop,0,18,False
a1012a57-385e-45a9-8a59-694a26fe92a5__ep1:future:00024:h5,test,a1012a57-385e-45a9-8a59-694a26fe92a5__ep1,a1012a57-385e-45a9-8a59-694a26fe92a5__ep1:qa:294,8a8e1b3c-607e-4ada-b3fd-fa639727e92c__ep1:qa:184,Reposition hand :: cardboard | utility knife,Grasping cleaning cloth :: cleaning cloth | countertop,0,171,False
a1012a57-385e-45a9-8a59-694a26fe92a5__ep1:future:00025:h5,test,a1012a57-385e-45a9-8a59-694a26fe92a5__ep1,a1012a57-385e-45a9-8a59-694a26fe92a5__ep1:qa:295,8a8e1b3c-607e-4ada-b3fd-fa639727e92c__ep1:qa:184,Reposition hand :: cardboard | utility knife,Grasping cleaning cloth :: cleaning cloth | countertop,0,161,False
a1012a57-385e-45a9-8a59-694a26fe92a5__ep1:future:00026:h5,test,a1012a57-385e-45a9-8a59-694a26fe92a5__ep1,a1012a57-385e-45a9-8a59-694a26fe92a5__ep1:qa:296,8a8e1b3c-607e-4ada-b3fd-fa639727e92c__ep1:qa:184,Reposition hand :: cardboard | utility knife,Grasping cleaning cloth :: cleaning cloth | countertop,0,165,False
b6579cb5-0a71-4ca6-8808-1e2700be05c7__ep3:future:00000:h5,test,b6579cb5-0a71-4ca6-8808-1e2700be05c7__ep3,b6579cb5-0a71-4ca6-8808-1e2700be05c7__ep3:qa:100,8a8e1b3c-607e-4ada-b3fd-fa639727e92c__ep1:qa:184,Sort beads and write count :: paper | pen | power bank | smartphone | star-shaped beads,Grasping cleaning cloth :: cleaning cloth | countertop,0,296,False
b6579cb5-0a71-4ca6-8808-1e2700be05c7__ep3:future:00001:h5,test,b6579cb5-0a71-4ca6-8808-1e2700be05c7__ep3,b6579cb5-0a71-4ca6-8808-1e2700be05c7__ep3:qa:101,8a8e1b3c-607e-4ada-b3fd-fa639727e92c__ep1:qa:184,Sort beads and write count :: paper | pen | power bank | smartphone | star-shaped beads,Grasping cleaning cloth :: cleaning cloth | countertop,0,312,False
b6579cb5-0a71-4ca6-8808-1e2700be05c7__ep3:future:00002:h5,test,b6579cb5-0a71-4ca6-8808-1e2700be05c7__ep3,b6579cb5-0a71-4ca6-8808-1e2700be05c7__ep3:qa:120,8a8e1b3c-607e-4ada-b3fd-fa639727e92c__ep1:qa:184,Pick up star bead :: cardboard squares | mobile phone | paper | pen | power bank | star beads,Grasping cleaning cloth :: cleaning cloth | countertop,0,227,False
b6579cb5-0a71-4ca6-8808-1e2700be05c7__ep3:future:00003:h5,test,b6579cb5-0a71-4ca6-8808-1e2700be05c7__ep3,b6579cb5-0a71-4ca6-8808-1e2700be05c7__ep3:qa:121,8a8e1b3c-607e-4ada-b3fd-fa639727e92c__ep1:qa:184,Sort and count beads :: cell phone | paper | pen | star beads,Grasping cleaning cloth :: cleaning cloth | countertop,0,231,False
b6579cb5-0a71-4ca6-8808-1e2700be05c7__ep3:future:00004:h5,test,b6579cb5-0a71-4ca6-8808-1e2700be05c7__ep3,b6579cb5-0a71-4ca6-8808-1e2700be05c7__ep3:qa:128,8a8e1b3c-607e-4ada-b3fd-fa639727e92c__ep1:qa:184,Place and count bead :: paper | pen | star beads,Grasping cleaning cloth :: cleaning cloth | countertop,0,241,False
b6579cb5-0a71-4ca6-8808-1e2700be05c7__ep3:future:00005:h5,test,b6579cb5-0a71-4ca6-8808-1e2700be05c7__ep3,b6579cb5-0a71-4ca6-8808-1e2700be05c7__ep3:qa:129,8a8e1b3c-607e-4ada-b3fd-fa639727e92c__ep1:qa:184,Place and count bead :: paper | pen | star beads,Grasping cleaning cloth :: cleaning cloth | countertop,0,245,False
b6579cb5-0a71-4ca6-8808-1e2700be05c7__ep3:future:00006:h5,test,b6579cb5-0a71-4ca6-8808-1e2700be05c7__ep3,b6579cb5-0a71-4ca6-8808-1e2700be05c7__ep3:qa:150,8a8e1b3c-607e-4ada-b3fd-fa639727e92c__ep1:qa:184,Sort star-shaped beads :: marker | mobile phone | paper | power bank | star-shaped beads,Grasping cleaning cloth :: cleaning cloth | countertop,0,291,False
b6579cb5-0a71-4ca6-8808-1e2700be05c7__ep3:future:00007:h5,test,b6579cb5-0a71-4ca6-8808-1e2700be05c7__ep3,b6579cb5-0a71-4ca6-8808-1e2700be05c7__ep3:qa:164,8a8e1b3c-607e-4ada-b3fd-fa639727e92c__ep1:qa:184,Write count on paper :: marker | mobile phone | paper | power bank | star-shaped beads,Grasping cleaning cloth :: cleaning cloth | countertop,0,281,False
b6579cb5-0a71-4ca6-8808-1e2700be05c7__ep3:future:00008:h5,test,b6579cb5-0a71-4ca6-8808-1e2700be05c7__ep3,b6579cb5-0a71-4ca6-8808-1e2700be05c7__ep3:qa:180,8a8e1b3c-607e-4ada-b3fd-fa639727e92c__ep1:qa:184,Hold beads :: paper | pen | power bank | smartphone | star-shaped beads,Grasping cleaning cloth :: cleaning cloth | countertop,0,225,False
b6579cb5-0a71-4ca6-8808-1e2700be05c7__ep3:future:00009:h5,test,b6579cb5-0a71-4ca6-8808-1e2700be05c7__ep3,b6579cb5-0a71-4ca6-8808-1e2700be05c7__ep3:qa:181,8a8e1b3c-607e-4ada-b3fd-fa639727e92c__ep1:qa:184,Hold beads :: paper | pen | power bank | smartphone | star-shaped beads,Grasping cleaning cloth :: cleaning cloth | countertop,0,313,False
b6579cb5-0a71-4ca6-8808-1e2700be05c7__ep3:future:00010:h5,test,b6579cb5-0a71-4ca6-8808-1e2700be05c7__ep3,b6579cb5-0a71-4ca6-8808-1e2700be05c7__ep3:qa:200,8a8e1b3c-607e-4ada-b3fd-fa639727e92c__ep1:qa:184,Counting and organizing beads :: cardboard squares | paper | pen | star-shaped beads,Grasping cleaning cloth :: cleaning cloth | countertop,0,238,False
b6579cb5-0a71-4ca6-8808-1e2700be05c7__ep3:future:00011:h5,test,b6579cb5-0a71-4ca6-8808-1e2700be05c7__ep3,b6579cb5-0a71-4ca6-8808-1e2700be05c7__ep3:qa:201,8a8e1b3c-607e-4ada-b3fd-fa639727e92c__ep1:qa:184,Counting and organizing beads :: cardboard squares | paper | pen | star-shaped beads,Grasping cleaning cloth :: cleaning cloth | countertop,0,244,False
b6579cb5-0a71-4ca6-8808-1e2700be05c7__ep3:future:00012:h5,test,b6579cb5-0a71-4ca6-8808-1e2700be05c7__ep3,b6579cb5-0a71-4ca6-8808-1e2700be05c7__ep3:qa:212,8a8e1b3c-607e-4ada-b3fd-fa639727e92c__ep1:qa:184,Counting star beads :: paper | pen | star beads,Grasping cleaning cloth :: cleaning cloth | countertop,0,280,False
b6579cb5-0a71-4ca6-8808-1e2700be05c7__ep3:future:00013:h5,test,b6579cb5-0a71-4ca6-8808-1e2700be05c7__ep3,b6579cb5-0a71-4ca6-8808-1e2700be05c7__ep3:qa:213,8a8e1b3c-607e-4ada-b3fd-fa639727e92c__ep1:qa:184,Counting star beads :: paper | pen | star beads,Grasping cleaning cloth :: cleaning cloth | countertop,0,224,False
b6579cb5-0a71-4ca6-8808-1e2700be05c7__ep3:future:00014:h5,test,b6579cb5-0a71-4ca6-8808-1e2700be05c7__ep3,b6579cb5-0a71-4ca6-8808-1e2700be05c7__ep3:qa:220,8a8e1b3c-607e-4ada-b3fd-fa639727e92c__ep1:qa:184,Retrieving more beads :: paper | pen | star beads,Grasping cleaning cloth :: cleaning cloth | countertop,0,323,False
b6579cb5-0a71-4ca6-8808-1e2700be05c7__ep3:future:00015:h5,test,b6579cb5-0a71-4ca6-8808-1e2700be05c7__ep3,b6579cb5-0a71-4ca6-8808-1e2700be05c7__ep3:qa:221,8a8e1b3c-607e-4ada-b3fd-fa639727e92c__ep1:qa:184,Retrieving more beads :: paper | pen | star beads,Grasping cleaning cloth :: cleaning cloth | countertop,0,265,False
b6579cb5-0a71-4ca6-8808-1e2700be05c7__ep3:future:00016:h5,test,b6579cb5-0a71-4ca6-8808-1e2700be05c7__ep3,b6579cb5-0a71-4ca6-8808-1e2700be05c7__ep3:qa:232,8a8e1b3c-607e-4ada-b3fd-fa639727e92c__ep1:qa:184,Adjust paper :: cardboard square | paper | pen | star beads,Grasping cleaning cloth :: cleaning cloth | countertop,0,257,False
b6579cb5-0a71-4ca6-8808-1e2700be05c7__ep3:future:00017:h5,test,b6579cb5-0a71-4ca6-8808-1e2700be05c7__ep3,b6579cb5-0a71-4ca6-8808-1e2700be05c7__ep3:qa:233,8a8e1b3c-607e-4ada-b3fd-fa639727e92c__ep1:qa:184,Adjust paper :: cardboard square | paper | pen | star beads,Grasping cleaning cloth :: cleaning cloth | countertop,0,250,False
b6579cb5-0a71-4ca6-8808-1e2700be05c7__ep3:future:00018:h5,test,b6579cb5-0a71-4ca6-8808-1e2700be05c7__ep3,b6579cb5-0a71-4ca6-8808-1e2700be05c7__ep3:qa:240,8a8e1b3c-607e-4ada-b3fd-fa639727e92c__ep1:qa:184,Arrange star beads for counting :: paper | pen | star beads,Grasping cleaning cloth :: cleaning cloth | countertop,0,220,False
b6579cb5-0a71-4ca6-8808-1e2700be05c7__ep3:future:00019:h5,test,b6579cb5-0a71-4ca6-8808-1e2700be05c7__ep3,b6579cb5-0a71-4ca6-8808-1e2700be05c7__ep3:qa:244,8a8e1b3c-607e-4ada-b3fd-fa639727e92c__ep1:qa:184,Arrange star beads for counting :: paper | pen | star beads,Grasping cleaning cloth :: cleaning cloth | countertop,0,200,False
b6579cb5-0a71-4ca6-8808-1e2700be05c7__ep3:future:00020:h5,test,b6579cb5-0a71-4ca6-8808-1e2700be05c7__ep3,b6579cb5-0a71-4ca6-8808-1e2700be05c7__ep3:qa:245,8a8e1b3c-607e-4ada-b3fd-fa639727e92c__ep1:qa:184,Adjust paper :: cardboard square | paper | pen | star beads,Grasping cleaning cloth :: cleaning cloth | countertop,0,197,False
b6579cb5-0a71-4ca6-8808-1e2700be05c7__ep3:future:00021:h5,test,b6579cb5-0a71-4ca6-8808-1e2700be05c7__ep3,b6579cb5-0a71-4ca6-8808-1e2700be05c7__ep3:qa:250,8a8e1b3c-607e-4ada-b3fd-fa639727e92c__ep1:qa:184,Place and count bead :: paper | pen | star beads,Grasping cleaning cloth :: cleaning cloth | countertop,0,290,False
b6579cb5-0a71-4ca6-8808-1e2700be05c7__ep3:future:00022:h5,test,b6579cb5-0a71-4ca6-8808-1e2700be05c7__ep3,b6579cb5-0a71-4ca6-8808-1e2700be05c7__ep3:qa:251,8a8e1b3c-607e-4ada-b3fd-fa639727e92c__ep1:qa:184,Place and count bead :: paper | pen | star beads,Grasping cleaning cloth :: cleaning cloth | countertop,0,277,False
b6579cb5-0a71-4ca6-8808-1e2700be05c7__ep3:future:00023:h5,test,b6579cb5-0a71-4ca6-8808-1e2700be05c7__ep3,b6579cb5-0a71-4ca6-8808-1e2700be05c7__ep3:qa:256,8a8e1b3c-607e-4ada-b3fd-fa639727e92c__ep1:qa:184,Arrange star beads for counting :: paper | pen | star beads,Grasping cleaning cloth :: cleaning cloth | countertop,0,234,False
b6579cb5-0a71-4ca6-8808-1e2700be05c7__ep3:future:00024:h5,test,b6579cb5-0a71-4ca6-8808-1e2700be05c7__ep3,b6579cb5-0a71-4ca6-8808-1e2700be05c7__ep3:qa:257,8a8e1b3c-607e-4ada-b3fd-fa639727e92c__ep1:qa:184,Arrange star beads for counting :: paper | pen | star beads,Grasping cleaning cloth :: cleaning cloth | countertop,0,270,False
b6579cb5-0a71-4ca6-8808-1e2700be05c7__ep3:future:00025:h5,test,b6579cb5-0a71-4ca6-8808-1e2700be05c7__ep3,b6579cb5-0a71-4ca6-8808-1e2700be05c7__ep3:qa:264,8a8e1b3c-607e-4ada-b3fd-fa639727e92c__ep1:qa:184,Sort and count beads :: paper | pen | star beads,Grasping cleaning cloth :: cleaning cloth | countertop,0,314,False
b6579cb5-0a71-4ca6-8808-1e2700be05c7__ep3:future:00026:h5,test,b6579cb5-0a71-4ca6-8808-1e2700be05c7__ep3,b6579cb5-0a71-4ca6-8808-1e2700be05c7__ep3:qa:265,8a8e1b3c-607e-4ada-b3fd-fa639727e92c__ep1:qa:184,Sort and count beads :: paper | pen | star beads,Grasping cleaning cloth :: cleaning cloth | countertop,0,272,False
b750fab3-7fbb-43a0-b451-c64c4d4a64da__ep1:future:00000:h5,test,b750fab3-7fbb-43a0-b451-c64c4d4a64da__ep1,b750fab3-7fbb-43a0-b451-c64c4d4a64da__ep1:qa:34,8a8e1b3c-607e-4ada-b3fd-fa639727e92c__ep1:qa:184,Picking up crafting material :: beads | smartphone | table | yellow strip,Grasping cleaning cloth :: cleaning cloth | countertop,0,109,False
b750fab3-7fbb-43a0-b451-c64c4d4a64da__ep1:future:00001:h5,test,b750fab3-7fbb-43a0-b451-c64c4d4a64da__ep1,b750fab3-7fbb-43a0-b451-c64c4d4a64da__ep1:qa:35,8a8e1b3c-607e-4ada-b3fd-fa639727e92c__ep1:qa:184,Picking up crafting material :: beads | smartphone | table | yellow strip,Grasping cleaning cloth :: cleaning cloth | countertop,0,96,False
b750fab3-7fbb-43a0-b451-c64c4d4a64da__ep1:future:00002:h5,test,b750fab3-7fbb-43a0-b451-c64c4d4a64da__ep1,b750fab3-7fbb-43a0-b451-c64c4d4a64da__ep1:qa:40,8a8e1b3c-607e-4ada-b3fd-fa639727e92c__ep1:qa:184,Approaching the table :: beads | chairs | table,Grasping cleaning cloth :: cleaning cloth | countertop,0,140,False
b750fab3-7fbb-43a0-b451-c64c4d4a64da__ep1:future:00003:h5,test,b750fab3-7fbb-43a0-b451-c64c4d4a64da__ep1,b750fab3-7fbb-43a0-b451-c64c4d4a64da__ep1:qa:41,8a8e1b3c-607e-4ada-b3fd-fa639727e92c__ep1:qa:184,Approaching the table :: beads | chairs | table,Grasping cleaning cloth :: cleaning cloth | countertop,0,74,False
b750fab3-7fbb-43a0-b451-c64c4d4a64da__ep1:future:00004:h5,test,b750fab3-7fbb-43a0-b451-c64c4d4a64da__ep1,b750fab3-7fbb-43a0-b451-c64c4d4a64da__ep1:qa:70,8a8e1b3c-607e-4ada-b3fd-fa639727e92c__ep1:qa:184,Picking up crafting material :: beads | smartphone | table | yellow strip,Grasping cleaning cloth :: cleaning cloth | countertop,0,365,False
b750fab3-7fbb-43a0-b451-c64c4d4a64da__ep1:future:00005:h5,test,b750fab3-7fbb-43a0-b451-c64c4d4a64da__ep1,b750fab3-7fbb-43a0-b451-c64c4d4a64da__ep1:qa:71,8a8e1b3c-607e-4ada-b3fd-fa639727e92c__ep1:qa:184,Manipulate material :: blue crafting material | hand,Grasping cleaning cloth :: cleaning cloth | countertop,0,307,False
b750fab3-7fbb-43a0-b451-c64c4d4a64da__ep1:future:00006:h5,test,b750fab3-7fbb-43a0-b451-c64c4d4a64da__ep1,b750fab3-7fbb-43a0-b451-c64c4d4a64da__ep1:qa:74,8a8e1b3c-607e-4ada-b3fd-fa639727e92c__ep1:qa:184,Manipulate material :: blue crafting material | hand,Grasping cleaning cloth :: cleaning cloth | countertop,0,304,False
b750fab3-7fbb-43a0-b451-c64c4d4a64da__ep1:future:00007:h5,test,b750fab3-7fbb-43a0-b451-c64c4d4a64da__ep1,b750fab3-7fbb-43a0-b451-c64c4d4a64da__ep1:qa:75,8a8e1b3c-607e-4ada-b3fd-fa639727e92c__ep1:qa:184,Place material :: bead design | blue crafting material | hand,Grasping cleaning cloth :: cleaning cloth | countertop,0,206,False
b750fab3-7fbb-43a0-b451-c64c4d4a64da__ep1:future:00008:h5,test,b750fab3-7fbb-43a0-b451-c64c4d4a64da__ep1,b750fab3-7fbb-43a0-b451-c64c4d4a64da__ep1:qa:82,8a8e1b3c-607e-4ada-b3fd-fa639727e92c__ep1:qa:184,Manipulate yellow strip :: beads | cell phone | pen | yellow strip,Grasping cleaning cloth :: cleaning cloth | countertop,0,350,False
b750fab3-7fbb-43a0-b451-c64c4d4a64da__ep1:future:00009:h5,test,b750fab3-7fbb-43a0-b451-c64c4d4a64da__ep1,b750fab3-7fbb-43a0-b451-c64c4d4a64da__ep1:qa:83,8a8e1b3c-607e-4ada-b3fd-fa639727e92c__ep1:qa:184,Manipulate yellow strip :: beads | cell phone | pen | yellow strip,Grasping cleaning cloth :: cleaning cloth | countertop,0,303,False
b750fab3-7fbb-43a0-b451-c64c4d4a64da__ep1:future:00010:h5,test,b750fab3-7fbb-43a0-b451-c64c4d4a64da__ep1,b750fab3-7fbb-43a0-b451-c64c4d4a64da__ep1:qa:90,8a8e1b3c-607e-4ada-b3fd-fa639727e92c__ep1:qa:184,Manipulate bead :: bead | bead piles | pen holder | table,Grasping cleaning cloth :: cleaning cloth | countertop,0,211,False
b750fab3-7fbb-43a0-b451-c64c4d4a64da__ep1:future:00011:h5,test,b750fab3-7fbb-43a0-b451-c64c4d4a64da__ep1,b750fab3-7fbb-43a0-b451-c64c4d4a64da__ep1:qa:91,8a8e1b3c-607e-4ada-b3fd-fa639727e92c__ep1:qa:184,Manipulate bead :: bead | bead piles | table,Grasping cleaning cloth :: cleaning cloth | countertop,0,216,False
b750fab3-7fbb-43a0-b451-c64c4d4a64da__ep1:future:00012:h5,test,b750fab3-7fbb-43a0-b451-c64c4d4a64da__ep1,b750fab3-7fbb-43a0-b451-c64c4d4a64da__ep1:qa:120,8a8e1b3c-607e-4ada-b3fd-fa639727e92c__ep1:qa:184,Hold and manipulate paper strip :: beads | paper strip | power bank | smartphone,Grasping cleaning cloth :: cleaning cloth | countertop,0,212,False
b750fab3-7fbb-43a0-b451-c64c4d4a64da__ep1:future:00013:h5,test,b750fab3-7fbb-43a0-b451-c64c4d4a64da__ep1,b750fab3-7fbb-43a0-b451-c64c4d4a64da__ep1:qa:121,8a8e1b3c-607e-4ada-b3fd-fa639727e92c__ep1:qa:184,Manipulating paper strips :: beads | blue paper strip | yellow paper strip,Grasping cleaning cloth :: cleaning cloth | countertop,0,357,False
b750fab3-7fbb-43a0-b451-c64c4d4a64da__ep1:future:00014:h5,test,b750fab3-7fbb-43a0-b451-c64c4d4a64da__ep1,b750fab3-7fbb-43a0-b451-c64c4d4a64da__ep1:qa:150,8a8e1b3c-607e-4ada-b3fd-fa639727e92c__ep1:qa:184,Manipulate paper strip :: container with tools | table | yellow paper strip,Grasping cleaning cloth :: cleaning cloth | countertop,0,327,False
b750fab3-7fbb-43a0-b451-c64c4d4a64da__ep1:future:00015:h5,test,b750fab3-7fbb-43a0-b451-c64c4d4a64da__ep1,b750fab3-7fbb-43a0-b451-c64c4d4a64da__ep1:qa:151,8a8e1b3c-607e-4ada-b3fd-fa639727e92c__ep1:qa:184,Manipulate paper strip :: container with tools | table | yellow paper strip,Grasping cleaning cloth :: cleaning cloth | countertop,0,266,False
b750fab3-7fbb-43a0-b451-c64c4d4a64da__ep1:future:00016:h5,test,b750fab3-7fbb-43a0-b451-c64c4d4a64da__ep1,b750fab3-7fbb-43a0-b451-c64c4d4a64da__ep1:qa:190,8a8e1b3c-607e-4ada-b3fd-fa639727e92c__ep1:qa:184,Manipulate bead :: bead piles | container | paper strips | yellow bead,Grasping cleaning cloth :: cleaning cloth | countertop,0,297,False
b750fab3-7fbb-43a0-b451-c64c4d4a64da__ep1:future:00017:h5,test,b750fab3-7fbb-43a0-b451-c64c4d4a64da__ep1,b750fab3-7fbb-43a0-b451-c64c4d4a64da__ep1:qa:191,8a8e1b3c-607e-4ada-b3fd-fa639727e92c__ep1:qa:184,Manipulate bead :: bead piles | container | paper strips | yellow bead,Grasping cleaning cloth :: cleaning cloth | countertop,0,187,False
b750fab3-7fbb-43a0-b451-c64c4d4a64da__ep1:future:00018:h5,test,b750fab3-7fbb-43a0-b451-c64c4d4a64da__ep1,b750fab3-7fbb-43a0-b451-c64c4d4a64da__ep1:qa:220,8a8e1b3c-607e-4ada-b3fd-fa639727e92c__ep1:qa:184,Manipulate beads :: blue beads | power bank | smartphone | yellow beads,Grasping cleaning cloth :: cleaning cloth | countertop,0,46,False
b750fab3-7fbb-43a0-b451-c64c4d4a64da__ep1:future:00019:h5,test,b750fab3-7fbb-43a0-b451-c64c4d4a64da__ep1,b750fab3-7fbb-43a0-b451-c64c4d4a64da__ep1:qa:221,8a8e1b3c-607e-4ada-b3fd-fa639727e92c__ep1:qa:184,Manipulate beads :: blue beads | power bank | smartphone | yellow beads,Grasping cleaning cloth :: cleaning cloth | countertop,0,61,False
b750fab3-7fbb-43a0-b451-c64c4d4a64da__ep1:future:00020:h5,test,b750fab3-7fbb-43a0-b451-c64c4d4a64da__ep1,b750fab3-7fbb-43a0-b451-c64c4d4a64da__ep1:qa:240,8a8e1b3c-607e-4ada-b3fd-fa639727e92c__ep1:qa:184,Hold and manipulate paper strip :: beads | mobile phone | power bank | yellow paper strip,Grasping cleaning cloth :: cleaning cloth | countertop,0,173,False
b750fab3-7fbb-43a0-b451-c64c4d4a64da__ep1:future:00021:h5,test,b750fab3-7fbb-43a0-b451-c64c4d4a64da__ep1,b750fab3-7fbb-43a0-b451-c64c4d4a64da__ep1:qa:246,8a8e1b3c-607e-4ada-b3fd-fa639727e92c__ep1:qa:184,Place phone down :: beads | pencil holder | smartphone | yellow paper strip,Grasping cleaning cloth :: cleaning cloth | countertop,0,53,False
b750fab3-7fbb-43a0-b451-c64c4d4a64da__ep1:future:00022:h5,test,b750fab3-7fbb-43a0-b451-c64c4d4a64da__ep1,b750fab3-7fbb-43a0-b451-c64c4d4a64da__ep1:qa:247,8a8e1b3c-607e-4ada-b3fd-fa639727e92c__ep1:qa:184,Place phone down :: beads | pencil holder | smartphone | yellow paper strip,Grasping cleaning cloth :: cleaning cloth | countertop,0,52,False
b750fab3-7fbb-43a0-b451-c64c4d4a64da__ep1:future:00023:h5,test,b750fab3-7fbb-43a0-b451-c64c4d4a64da__ep1,b750fab3-7fbb-43a0-b451-c64c4d4a64da__ep1:qa:250,8a8e1b3c-607e-4ada-b3fd-fa639727e92c__ep1:qa:184,Hold and manipulate paper strip :: beads | mobile phone | power bank | yellow paper strip,Grasping cleaning cloth :: cleaning cloth | countertop,0,66,False
b750fab3-7fbb-43a0-b451-c64c4d4a64da__ep1:future:00024:h5,test,b750fab3-7fbb-43a0-b451-c64c4d4a64da__ep1,b750fab3-7fbb-43a0-b451-c64c4d4a64da__ep1:qa:251,8a8e1b3c-607e-4ada-b3fd-fa639727e92c__ep1:qa:184,Hold and manipulate paper strip :: beads | mobile phone | power bank | yellow paper strip,Grasping cleaning cloth :: cleaning cloth | countertop,0,37,False
b750fab3-7fbb-43a0-b451-c64c4d4a64da__ep1:future:00025:h5,test,b750fab3-7fbb-43a0-b451-c64c4d4a64da__ep1,b750fab3-7fbb-43a0-b451-c64c4d4a64da__ep1:qa:296,8a8e1b3c-607e-4ada-b3fd-fa639727e92c__ep1:qa:184,Interact with smartphone :: beads | smartphone | yellow paper strip,Grasping cleaning cloth :: cleaning cloth | countertop,0,331,False
b750fab3-7fbb-43a0-b451-c64c4d4a64da__ep1:future:00026:h5,test,b750fab3-7fbb-43a0-b451-c64c4d4a64da__ep1,b750fab3-7fbb-43a0-b451-c64c4d4a64da__ep1:qa:297,8a8e1b3c-607e-4ada-b3fd-fa639727e92c__ep1:qa:184,Interact with smartphone :: beads | smartphone | yellow paper strip,Grasping cleaning cloth :: cleaning cloth | countertop,0,93,False
b9dd769b-e31a-4fdb-945e-5a60db6487b0__ep2:future:00000:h5,test,b9dd769b-e31a-4fdb-945e-5a60db6487b0__ep2,b9dd769b-e31a-4fdb-945e-5a60db6487b0__ep2:qa:42,8a8e1b3c-607e-4ada-b3fd-fa639727e92c__ep1:qa:184,Manipulate craft piece :: craft pieces | scissors | smartphone,Grasping cleaning cloth :: cleaning cloth | countertop,0,170,False
b9dd769b-e31a-4fdb-945e-5a60db6487b0__ep2:future:00001:h5,test,b9dd769b-e31a-4fdb-945e-5a60db6487b0__ep2,b9dd769b-e31a-4fdb-945e-5a60db6487b0__ep2:qa:43,8a8e1b3c-607e-4ada-b3fd-fa639727e92c__ep1:qa:184,Manipulate craft piece :: craft pieces | scissors | smartphone,Grasping cleaning cloth :: cleaning cloth | countertop,0,70,False
b9dd769b-e31a-4fdb-945e-5a60db6487b0__ep2:future:00002:h5,test,b9dd769b-e31a-4fdb-945e-5a60db6487b0__ep2,b9dd769b-e31a-4fdb-945e-5a60db6487b0__ep2:qa:70,8a8e1b3c-607e-4ada-b3fd-fa639727e92c__ep1:qa:184,Manipulate craft paper strips :: paper strips | scissors | smartphone,Grasping cleaning cloth :: cleaning cloth | countertop,0,63,False
b9dd769b-e31a-4fdb-945e-5a60db6487b0__ep2:future:00003:h5,test,b9dd769b-e31a-4fdb-945e-5a60db6487b0__ep2,b9dd769b-e31a-4fdb-945e-5a60db6487b0__ep2:qa:71,8a8e1b3c-607e-4ada-b3fd-fa639727e92c__ep1:qa:184,Manipulate craft paper strips :: paper strips | scissors | smartphone,Grasping cleaning cloth :: cleaning cloth | countertop,0,44,False
b9dd769b-e31a-4fdb-945e-5a60db6487b0__ep2:future:00004:h5,test,b9dd769b-e31a-4fdb-945e-5a60db6487b0__ep2,b9dd769b-e31a-4fdb-945e-5a60db6487b0__ep2:qa:72,8a8e1b3c-607e-4ada-b3fd-fa639727e92c__ep1:qa:184,Manipulate craft paper strips :: paper strips | scissors | smartphone,Grasping cleaning cloth :: cleaning cloth | countertop,0,65,False
b9dd769b-e31a-4fdb-945e-5a60db6487b0__ep2:future:00005:h5,test,b9dd769b-e31a-4fdb-945e-5a60db6487b0__ep2,b9dd769b-e31a-4fdb-945e-5a60db6487b0__ep2:qa:73,8a8e1b3c-607e-4ada-b3fd-fa639727e92c__ep1:qa:184,Manipulate craft paper strips :: paper strips | scissors | smartphone,Grasping cleaning cloth :: cleaning cloth | countertop,0,76,False
b9dd769b-e31a-4fdb-945e-5a60db6487b0__ep2:future:00006:h5,test,b9dd769b-e31a-4fdb-945e-5a60db6487b0__ep2,b9dd769b-e31a-4fdb-945e-5a60db6487b0__ep2:qa:90,8a8e1b3c-607e-4ada-b3fd-fa639727e92c__ep1:qa:184,Operate smartphone :: craft paper strips | folded paper fan | smartphone,Grasping cleaning cloth :: cleaning cloth | countertop,0,83,False
b9dd769b-e31a-4fdb-945e-5a60db6487b0__ep2:future:00007:h5,test,b9dd769b-e31a-4fdb-945e-5a60db6487b0__ep2,b9dd769b-e31a-4fdb-945e-5a60db6487b0__ep2:qa:91,8a8e1b3c-607e-4ada-b3fd-fa639727e92c__ep1:qa:184,Operate smartphone :: craft paper strips | folded paper fan | smartphone,Grasping cleaning cloth :: cleaning cloth | countertop,0,48,False
b9dd769b-e31a-4fdb-945e-5a60db6487b0__ep2:future:00008:h5,test,b9dd769b-e31a-4fdb-945e-5a60db6487b0__ep2,b9dd769b-e31a-4fdb-945e-5a60db6487b0__ep2:qa:92,8a8e1b3c-607e-4ada-b3fd-fa639727e92c__ep1:qa:184,Operate smartphone :: craft paper strips | folded paper fan | smartphone,Grasping cleaning cloth :: cleaning cloth | countertop,0,94,False
b9dd769b-e31a-4fdb-945e-5a60db6487b0__ep2:future:00009:h5,test,b9dd769b-e31a-4fdb-945e-5a60db6487b0__ep2,b9dd769b-e31a-4fdb-945e-5a60db6487b0__ep2:qa:94,8a8e1b3c-607e-4ada-b3fd-fa639727e92c__ep1:qa:184,Operate smartphone :: craft paper strips | folded paper fan | smartphone,Grasping cleaning cloth :: cleaning cloth | countertop,0,67,False
b9dd769b-e31a-4fdb-945e-5a60db6487b0__ep2:future:00010:h5,test,b9dd769b-e31a-4fdb-945e-5a60db6487b0__ep2,b9dd769b-e31a-4fdb-945e-5a60db6487b0__ep2:qa:95,8a8e1b3c-607e-4ada-b3fd-fa639727e92c__ep1:qa:184,Operate smartphone :: craft paper strips | folded paper fan | paper scraps | scissors | smartphone | table,Grasping cleaning cloth :: cleaning cloth | countertop,0,62,False
b9dd769b-e31a-4fdb-945e-5a60db6487b0__ep2:future:00011:h5,test,b9dd769b-e31a-4fdb-945e-5a60db6487b0__ep2,b9dd769b-e31a-4fdb-945e-5a60db6487b0__ep2:qa:96,8a8e1b3c-607e-4ada-b3fd-fa639727e92c__ep1:qa:184,Operate smartphone :: paper scraps | scissors | smartphone | table,Grasping cleaning cloth :: cleaning cloth | countertop,0,51,False
b9dd769b-e31a-4fdb-945e-5a60db6487b0__ep2:future:00012:h5,test,b9dd769b-e31a-4fdb-945e-5a60db6487b0__ep2,b9dd769b-e31a-4fdb-945e-5a60db6487b0__ep2:qa:97,8a8e1b3c-607e-4ada-b3fd-fa639727e92c__ep1:qa:184,Operate smartphone :: paper scraps | scissors | smartphone | table,Grasping cleaning cloth :: cleaning cloth | countertop,0,71,False
b9dd769b-e31a-4fdb-945e-5a60db6487b0__ep2:future:00013:h5,test,b9dd769b-e31a-4fdb-945e-5a60db6487b0__ep2,b9dd769b-e31a-4fdb-945e-5a60db6487b0__ep2:qa:114,8a8e1b3c-607e-4ada-b3fd-fa639727e92c__ep1:qa:184,Manipulate paper strip :: craft materials | purple paper strip | scissors | smartphone,Grasping cleaning cloth :: cleaning cloth | countertop,0,62,False
b9dd769b-e31a-4fdb-945e-5a60db6487b0__ep2:future:00014:h5,test,b9dd769b-e31a-4fdb-945e-5a60db6487b0__ep2,b9dd769b-e31a-4fdb-945e-5a60db6487b0__ep2:qa:115,8a8e1b3c-607e-4ada-b3fd-fa639727e92c__ep1:qa:184,Manipulate paper strip :: craft materials | purple paper strip | scissors | smartphone,Grasping cleaning cloth :: cleaning cloth | countertop,0,88,False
b9dd769b-e31a-4fdb-945e-5a60db6487b0__ep2:future:00015:h5,test,b9dd769b-e31a-4fdb-945e-5a60db6487b0__ep2,b9dd769b-e31a-4fdb-945e-5a60db6487b0__ep2:qa:116,8a8e1b3c-607e-4ada-b3fd-fa639727e92c__ep1:qa:184,Manipulate paper strip :: craft materials | purple paper strip | scissors | smartphone,Grasping cleaning cloth :: cleaning cloth | countertop,0,42,False
b9dd769b-e31a-4fdb-945e-5a60db6487b0__ep2:future:00016:h5,test,b9dd769b-e31a-4fdb-945e-5a60db6487b0__ep2,b9dd769b-e31a-4fdb-945e-5a60db6487b0__ep2:qa:120,8a8e1b3c-607e-4ada-b3fd-fa639727e92c__ep1:qa:184,Manipulate paper strip :: craft materials | purple paper strip | scissors | smartphone,Grasping cleaning cloth :: cleaning cloth | countertop,0,55,False
b9dd769b-e31a-4fdb-945e-5a60db6487b0__ep2:future:00017:h5,test,b9dd769b-e31a-4fdb-945e-5a60db6487b0__ep2,b9dd769b-e31a-4fdb-945e-5a60db6487b0__ep2:qa:121,8a8e1b3c-607e-4ada-b3fd-fa639727e92c__ep1:qa:184,Manipulate paper strip :: craft materials | purple paper strip | scissors | smartphone,Grasping cleaning cloth :: cleaning cloth | countertop,0,338,False
b9dd769b-e31a-4fdb-945e-5a60db6487b0__ep2:future:00018:h5,test,b9dd769b-e31a-4fdb-945e-5a60db6487b0__ep2,b9dd769b-e31a-4fdb-945e-5a60db6487b0__ep2:qa:122,8a8e1b3c-607e-4ada-b3fd-fa639727e92c__ep1:qa:184,Manipulate paper strip :: craft materials | purple paper strip | scissors | smartphone,Grasping cleaning cloth :: cleaning cloth | countertop,0,286,False
b9dd769b-e31a-4fdb-945e-5a60db6487b0__ep2:future:00019:h5,test,b9dd769b-e31a-4fdb-945e-5a60db6487b0__ep2,b9dd769b-e31a-4fdb-945e-5a60db6487b0__ep2:qa:123,8a8e1b3c-607e-4ada-b3fd-fa639727e92c__ep1:qa:184,Manipulate paper strip :: craft materials | purple paper strip | scissors | smartphone,Grasping cleaning cloth :: cleaning cloth | countertop,0,136,False
b9dd769b-e31a-4fdb-945e-5a60db6487b0__ep2:future:00020:h5,test,b9dd769b-e31a-4fdb-945e-5a60db6487b0__ep2,b9dd769b-e31a-4fdb-945e-5a60db6487b0__ep2:qa:144,8a8e1b3c-607e-4ada-b3fd-fa639727e92c__ep1:qa:184,Manipulate craft paper strips :: paper strips | scissors | smartphone,Grasping cleaning cloth :: cleaning cloth | countertop,0,277,False
b9dd769b-e31a-4fdb-945e-5a60db6487b0__ep2:future:00021:h5,test,b9dd769b-e31a-4fdb-945e-5a60db6487b0__ep2,b9dd769b-e31a-4fdb-945e-5a60db6487b0__ep2:qa:145,8a8e1b3c-607e-4ada-b3fd-fa639727e92c__ep1:qa:184,Manipulate craft paper strips :: paper strips | scissors | smartphone,Grasping cleaning cloth :: cleaning cloth | countertop,0,316,False
b9dd769b-e31a-4fdb-945e-5a60db6487b0__ep2:future:00022:h5,test,b9dd769b-e31a-4fdb-945e-5a60db6487b0__ep2,b9dd769b-e31a-4fdb-945e-5a60db6487b0__ep2:qa:146,8a8e1b3c-607e-4ada-b3fd-fa639727e92c__ep1:qa:184,Manipulate craft paper strips :: paper strips | scissors | smartphone,Grasping cleaning cloth :: cleaning cloth | countertop,0,335,False
b9dd769b-e31a-4fdb-945e-5a60db6487b0__ep2:future:00023:h5,test,b9dd769b-e31a-4fdb-945e-5a60db6487b0__ep2,b9dd769b-e31a-4fdb-945e-5a60db6487b0__ep2:qa:147,8a8e1b3c-607e-4ada-b3fd-fa639727e92c__ep1:qa:184,Manipulate craft paper strips :: paper strips | scissors | smartphone,Grasping cleaning cloth :: cleaning cloth | countertop,0,346,False
b9dd769b-e31a-4fdb-945e-5a60db6487b0__ep2:future:00024:h5,test,b9dd769b-e31a-4fdb-945e-5a60db6487b0__ep2,b9dd769b-e31a-4fdb-945e-5a60db6487b0__ep2:qa:190,8a8e1b3c-607e-4ada-b3fd-fa639727e92c__ep1:qa:184,Operate smartphone :: craft paper strips | folded paper fan | smartphone,Grasping cleaning cloth :: cleaning cloth | countertop,0,253,False
b9dd769b-e31a-4fdb-945e-5a60db6487b0__ep2:future:00025:h5,test,b9dd769b-e31a-4fdb-945e-5a60db6487b0__ep2,b9dd769b-e31a-4fdb-945e-5a60db6487b0__ep2:qa:191,8a8e1b3c-607e-4ada-b3fd-fa639727e92c__ep1:qa:184,Operate smartphone :: craft paper strips | folded paper fan | smartphone,Grasping cleaning cloth :: cleaning cloth | countertop,0,19,False
b9dd769b-e31a-4fdb-945e-5a60db6487b0__ep2:future:00026:h5,test,b9dd769b-e31a-4fdb-945e-5a60db6487b0__ep2,b9dd769b-e31a-4fdb-945e-5a60db6487b0__ep2:qa:192,8a8e1b3c-607e-4ada-b3fd-fa639727e92c__ep1:qa:184,Operate smartphone :: craft paper strips | folded paper fan | smartphone,Grasping cleaning cloth :: cleaning cloth | countertop,0,24,False
ba045ed4-ef25-404d-b756-8dcbd45b18fa__ep2:future:00000:h5,test,ba045ed4-ef25-404d-b756-8dcbd45b18fa__ep2,ba045ed4-ef25-404d-b756-8dcbd45b18fa__ep2:qa:31,8a8e1b3c-607e-4ada-b3fd-fa639727e92c__ep1:qa:184,Grasp lantern :: red paper honeycomb lantern,Grasping cleaning cloth :: cleaning cloth | countertop,0,213,False
ba045ed4-ef25-404d-b756-8dcbd45b18fa__ep2:future:00001:h5,test,ba045ed4-ef25-404d-b756-8dcbd45b18fa__ep2,ba045ed4-ef25-404d-b756-8dcbd45b18fa__ep2:qa:40,8a8e1b3c-607e-4ada-b3fd-fa639727e92c__ep1:qa:184,Fold paper lantern :: red paper honeycomb lantern,Grasping cleaning cloth :: cleaning cloth | countertop,0,301,False
ba045ed4-ef25-404d-b756-8dcbd45b18fa__ep2:future:00002:h5,test,ba045ed4-ef25-404d-b756-8dcbd45b18fa__ep2,ba045ed4-ef25-404d-b756-8dcbd45b18fa__ep2:qa:41,8a8e1b3c-607e-4ada-b3fd-fa639727e92c__ep1:qa:184,Fold paper lantern :: red paper honeycomb lantern,Grasping cleaning cloth :: cleaning cloth | countertop,0,247,False
ba045ed4-ef25-404d-b756-8dcbd45b18fa__ep2:future:00003:h5,test,ba045ed4-ef25-404d-b756-8dcbd45b18fa__ep2,ba045ed4-ef25-404d-b756-8dcbd45b18fa__ep2:qa:70,8a8e1b3c-607e-4ada-b3fd-fa639727e92c__ep1:qa:184,Align paper lantern edges :: hands | red paper lantern,Grasping cleaning cloth :: cleaning cloth | countertop,0,87,False
ba045ed4-ef25-404d-b756-8dcbd45b18fa__ep2:future:00004:h5,test,ba045ed4-ef25-404d-b756-8dcbd45b18fa__ep2,ba045ed4-ef25-404d-b756-8dcbd45b18fa__ep2:qa:71,8a8e1b3c-607e-4ada-b3fd-fa639727e92c__ep1:qa:184,Align paper lantern edges :: hands | red paper lantern,Grasping cleaning cloth :: cleaning cloth | countertop,0,118,False
ba045ed4-ef25-404d-b756-8dcbd45b18fa__ep2:future:00005:h5,test,ba045ed4-ef25-404d-b756-8dcbd45b18fa__ep2,ba045ed4-ef25-404d-b756-8dcbd45b18fa__ep2:qa:170,8a8e1b3c-607e-4ada-b3fd-fa639727e92c__ep1:qa:184,Release lantern :: red paper lantern,Grasping cleaning cloth :: cleaning cloth | countertop,0,82,False
ba045ed4-ef25-404d-b756-8dcbd45b18fa__ep2:future:00006:h5,test,ba045ed4-ef25-404d-b756-8dcbd45b18fa__ep2,ba045ed4-ef25-404d-b756-8dcbd45b18fa__ep2:qa:171,8a8e1b3c-607e-4ada-b3fd-fa639727e92c__ep1:qa:184,Release lantern :: red paper lantern,Grasping cleaning cloth :: cleaning cloth | countertop,0,136,False
ba045ed4-ef25-404d-b756-8dcbd45b18fa__ep2:future:00007:h5,test,ba045ed4-ef25-404d-b756-8dcbd45b18fa__ep2,ba045ed4-ef25-404d-b756-8dcbd45b18fa__ep2:qa:176,8a8e1b3c-607e-4ada-b3fd-fa639727e92c__ep1:qa:184,Pick up packaged paper lantern component :: cardboard box | packaged paper lantern component,Grasping cleaning cloth :: cleaning cloth | countertop,0,130,False
ba045ed4-ef25-404d-b756-8dcbd45b18fa__ep2:future:00008:h5,test,ba045ed4-ef25-404d-b756-8dcbd45b18fa__ep2,ba045ed4-ef25-404d-b756-8dcbd45b18fa__ep2:qa:182,8a8e1b3c-607e-4ada-b3fd-fa639727e92c__ep1:qa:184,Handle paper lantern component :: cardboard box | paper lantern component | plastic bag | red paper lantern,Grasping cleaning cloth :: cleaning cloth | countertop,0,73,False
ba045ed4-ef25-404d-b756-8dcbd45b18fa__ep2:future:00009:h5,test,ba045ed4-ef25-404d-b756-8dcbd45b18fa__ep2,ba045ed4-ef25-404d-b756-8dcbd45b18fa__ep2:qa:190,8a8e1b3c-607e-4ada-b3fd-fa639727e92c__ep1:qa:184,Open folded paper lantern :: cardboard box | red pleated paper lantern,Grasping cleaning cloth :: cleaning cloth | countertop,0,60,False
ba045ed4-ef25-404d-b756-8dcbd45b18fa__ep2:future:00010:h5,test,ba045ed4-ef25-404d-b756-8dcbd45b18fa__ep2,ba045ed4-ef25-404d-b756-8dcbd45b18fa__ep2:qa:191,8a8e1b3c-607e-4ada-b3fd-fa639727e92c__ep1:qa:184,Open folded paper lantern :: cardboard box | red pleated paper lantern,Grasping cleaning cloth :: cleaning cloth | countertop,0,93,False
ba045ed4-ef25-404d-b756-8dcbd45b18fa__ep2:future:00011:h5,test,ba045ed4-ef25-404d-b756-8dcbd45b18fa__ep2,ba045ed4-ef25-404d-b756-8dcbd45b18fa__ep2:qa:200,8a8e1b3c-607e-4ada-b3fd-fa639727e92c__ep1:qa:184,Open folded paper lantern :: cardboard box | red pleated paper lantern,Grasping cleaning cloth :: cleaning cloth | countertop,0,80,False
ba045ed4-ef25-404d-b756-8dcbd45b18fa__ep2:future:00012:h5,test,ba045ed4-ef25-404d-b756-8dcbd45b18fa__ep2,ba045ed4-ef25-404d-b756-8dcbd45b18fa__ep2:qa:201,8a8e1b3c-607e-4ada-b3fd-fa639727e92c__ep1:qa:184,Open folded paper lantern :: cardboard box | red pleated paper lantern,Grasping cleaning cloth :: cleaning cloth | countertop,0,54,False
ba045ed4-ef25-404d-b756-8dcbd45b18fa__ep2:future:00013:h5,test,ba045ed4-ef25-404d-b756-8dcbd45b18fa__ep2,ba045ed4-ef25-404d-b756-8dcbd45b18fa__ep2:qa:214,8a8e1b3c-607e-4ada-b3fd-fa639727e92c__ep1:qa:184,Adjust lantern shape :: red pleated paper lantern,Grasping cleaning cloth :: cleaning cloth | countertop,0,364,False
ba045ed4-ef25-404d-b756-8dcbd45b18fa__ep2:future:00014:h5,test,ba045ed4-ef25-404d-b756-8dcbd45b18fa__ep2,ba045ed4-ef25-404d-b756-8dcbd45b18fa__ep2:qa:215,8a8e1b3c-607e-4ada-b3fd-fa639727e92c__ep1:qa:184,Adjust lantern shape :: red pleated paper lantern,Grasping cleaning cloth :: cleaning cloth | countertop,0,367,False
ba045ed4-ef25-404d-b756-8dcbd45b18fa__ep2:future:00015:h5,test,ba045ed4-ef25-404d-b756-8dcbd45b18fa__ep2,ba045ed4-ef25-404d-b756-8dcbd45b18fa__ep2:qa:220,8a8e1b3c-607e-4ada-b3fd-fa639727e92c__ep1:qa:184,Apply adhesive tape to lantern :: adhesive tape | red paper lantern,Grasping cleaning cloth :: cleaning cloth | countertop,0,318,False
ba045ed4-ef25-404d-b756-8dcbd45b18fa__ep2:future:00016:h5,test,ba045ed4-ef25-404d-b756-8dcbd45b18fa__ep2,ba045ed4-ef25-404d-b756-8dcbd45b18fa__ep2:qa:221,8a8e1b3c-607e-4ada-b3fd-fa639727e92c__ep1:qa:184,Apply adhesive tape to lantern :: adhesive tape | red paper lantern,Grasping cleaning cloth :: cleaning cloth | countertop,0,317,False
ba045ed4-ef25-404d-b756-8dcbd45b18fa__ep2:future:00017:h5,test,ba045ed4-ef25-404d-b756-8dcbd45b18fa__ep2,ba045ed4-ef25-404d-b756-8dcbd45b18fa__ep2:qa:230,8a8e1b3c-607e-4ada-b3fd-fa639727e92c__ep1:qa:184,Remove paper lantern part from packaging :: paper lantern component | plastic packaging,Grasping cleaning cloth :: cleaning cloth | countertop,0,141,False
ba045ed4-ef25-404d-b756-8dcbd45b18fa__ep2:future:00018:h5,test,ba045ed4-ef25-404d-b756-8dcbd45b18fa__ep2,ba045ed4-ef25-404d-b756-8dcbd45b18fa__ep2:qa:231,8a8e1b3c-607e-4ada-b3fd-fa639727e92c__ep1:qa:184,Apply adhesive tape to lantern :: adhesive tape | red paper lantern,Grasping cleaning cloth :: cleaning cloth | countertop,0,176,False
ba045ed4-ef25-404d-b756-8dcbd45b18fa__ep2:future:00019:h5,test,ba045ed4-ef25-404d-b756-8dcbd45b18fa__ep2,ba045ed4-ef25-404d-b756-8dcbd45b18fa__ep2:qa:240,8a8e1b3c-607e-4ada-b3fd-fa639727e92c__ep1:qa:184,Remove paper lantern part from packaging :: paper lantern | red hand fan,Grasping cleaning cloth :: cleaning cloth | countertop,0,339,False
ba045ed4-ef25-404d-b756-8dcbd45b18fa__ep2:future:00020:h5,test,ba045ed4-ef25-404d-b756-8dcbd45b18fa__ep2,ba045ed4-ef25-404d-b756-8dcbd45b18fa__ep2:qa:250,8a8e1b3c-607e-4ada-b3fd-fa639727e92c__ep1:qa:184,Remove plastic packaging :: packaging | paper lantern component,Grasping cleaning cloth :: cleaning cloth | countertop,0,70,False
ba045ed4-ef25-404d-b756-8dcbd45b18fa__ep2:future:00021:h5,test,ba045ed4-ef25-404d-b756-8dcbd45b18fa__ep2,ba045ed4-ef25-404d-b756-8dcbd45b18fa__ep2:qa:258,8a8e1b3c-607e-4ada-b3fd-fa639727e92c__ep1:qa:184,Expand paper lantern :: adhesive tape roll | cardboard box | red paper lantern,Grasping cleaning cloth :: cleaning cloth | countertop,0,283,False
ba045ed4-ef25-404d-b756-8dcbd45b18fa__ep2:future:00022:h5,test,ba045ed4-ef25-404d-b756-8dcbd45b18fa__ep2,ba045ed4-ef25-404d-b756-8dcbd45b18fa__ep2:qa:259,8a8e1b3c-607e-4ada-b3fd-fa639727e92c__ep1:qa:184,Open paper lantern component :: paper lantern component,Grasping cleaning cloth :: cleaning cloth | countertop,0,158,False
ba045ed4-ef25-404d-b756-8dcbd45b18fa__ep2:future:00023:h5,test,ba045ed4-ef25-404d-b756-8dcbd45b18fa__ep2,ba045ed4-ef25-404d-b756-8dcbd45b18fa__ep2:qa:270,8a8e1b3c-607e-4ada-b3fd-fa639727e92c__ep1:qa:184,Expand paper lantern :: adhesive tape roll | cardboard box | red paper lantern,Grasping cleaning cloth :: cleaning cloth | countertop,0,96,False
ba045ed4-ef25-404d-b756-8dcbd45b18fa__ep2:future:00024:h5,test,ba045ed4-ef25-404d-b756-8dcbd45b18fa__ep2,ba045ed4-ef25-404d-b756-8dcbd45b18fa__ep2:qa:271,8a8e1b3c-607e-4ada-b3fd-fa639727e92c__ep1:qa:184,Expand paper lantern :: adhesive tape roll | cardboard box | red paper lantern,Grasping cleaning cloth :: cleaning cloth | countertop,0,93,False
ba045ed4-ef25-404d-b756-8dcbd45b18fa__ep2:future:00025:h5,test,ba045ed4-ef25-404d-b756-8dcbd45b18fa__ep2,ba045ed4-ef25-404d-b756-8dcbd45b18fa__ep2:qa:290,8a8e1b3c-607e-4ada-b3fd-fa639727e92c__ep1:qa:184,Align edges of paper lantern :: hands | red paper lantern,Grasping cleaning cloth :: cleaning cloth | countertop,0,93,False
ba045ed4-ef25-404d-b756-8dcbd45b18fa__ep2:future:00026:h5,test,ba045ed4-ef25-404d-b756-8dcbd45b18fa__ep2,ba045ed4-ef25-404d-b756-8dcbd45b18fa__ep2:qa:291,8a8e1b3c-607e-4ada-b3fd-fa639727e92c__ep1:qa:184,Align edges of paper lantern :: hands | red paper lantern,Grasping cleaning cloth :: cleaning cloth | countertop,0,65,False
ba18b7c1-21ff-45da-8452-41acce7fc8de__ep2:future:00000:h5,test,ba18b7c1-21ff-45da-8452-41acce7fc8de__ep2,ba18b7c1-21ff-45da-8452-41acce7fc8de__ep2:qa:40,8a8e1b3c-607e-4ada-b3fd-fa639727e92c__ep1:qa:184,Manipulate paper edge :: hands | paper cone | puzzle box | smartphone | water bottle,Grasping cleaning cloth :: cleaning cloth | countertop,0,149,False
ba18b7c1-21ff-45da-8452-41acce7fc8de__ep2:future:00001:h5,test,ba18b7c1-21ff-45da-8452-41acce7fc8de__ep2,ba18b7c1-21ff-45da-8452-41acce7fc8de__ep2:qa:41,8a8e1b3c-607e-4ada-b3fd-fa639727e92c__ep1:qa:184,Manipulate paper edge :: hands | paper cone | puzzle box | smartphone | water bottle,Grasping cleaning cloth :: cleaning cloth | countertop,0,123,False
ba18b7c1-21ff-45da-8452-41acce7fc8de__ep2:future:00002:h5,test,ba18b7c1-21ff-45da-8452-41acce7fc8de__ep2,ba18b7c1-21ff-45da-8452-41acce7fc8de__ep2:qa:42,4b02bb38-384a-438a-b5f9-6131d85c34b0__ep1:qa:133,Manipulate paper edge :: hands | paper cone | puzzle box | smartphone | water bottle,Put down smartphone :: paper quilling strips | smartphone | star beads,0,311,False
ba18b7c1-21ff-45da-8452-41acce7fc8de__ep2:future:00003:h5,test,ba18b7c1-21ff-45da-8452-41acce7fc8de__ep2,ba18b7c1-21ff-45da-8452-41acce7fc8de__ep2:qa:43,8a8e1b3c-607e-4ada-b3fd-fa639727e92c__ep1:qa:184,Manipulate paper edge :: hands | paper cone | puzzle box | smartphone | water bottle,Grasping cleaning cloth :: cleaning cloth | countertop,0,44,False
ba18b7c1-21ff-45da-8452-41acce7fc8de__ep2:future:00004:h5,test,ba18b7c1-21ff-45da-8452-41acce7fc8de__ep2,ba18b7c1-21ff-45da-8452-41acce7fc8de__ep2:qa:44,8a8e1b3c-607e-4ada-b3fd-fa639727e92c__ep1:qa:184,Manipulate paper edge :: hands | paper cone | puzzle box | smartphone | water bottle,Grasping cleaning cloth :: cleaning cloth | countertop,0,40,False
ba18b7c1-21ff-45da-8452-41acce7fc8de__ep2:future:00005:h5,test,ba18b7c1-21ff-45da-8452-41acce7fc8de__ep2,ba18b7c1-21ff-45da-8452-41acce7fc8de__ep2:qa:60,8a8e1b3c-607e-4ada-b3fd-fa639727e92c__ep1:qa:184,Placing paper strip :: adhesive strip | paper cone | phone,Grasping cleaning cloth :: cleaning cloth | countertop,0,107,False
ba18b7c1-21ff-45da-8452-41acce7fc8de__ep2:future:00006:h5,test,ba18b7c1-21ff-45da-8452-41acce7fc8de__ep2,ba18b7c1-21ff-45da-8452-41acce7fc8de__ep2:qa:61,8a8e1b3c-607e-4ada-b3fd-fa639727e92c__ep1:qa:184,Placing paper strip :: adhesive strip | paper cone | phone,Grasping cleaning cloth :: cleaning cloth | countertop,0,66,False
ba18b7c1-21ff-45da-8452-41acce7fc8de__ep2:future:00007:h5,test,ba18b7c1-21ff-45da-8452-41acce7fc8de__ep2,ba18b7c1-21ff-45da-8452-41acce7fc8de__ep2:qa:62,8a8e1b3c-607e-4ada-b3fd-fa639727e92c__ep1:qa:184,Placing paper strip :: adhesive strip | paper cone | phone,Grasping cleaning cloth :: cleaning cloth | countertop,0,371,False
ba18b7c1-21ff-45da-8452-41acce7fc8de__ep2:future:00008:h5,test,ba18b7c1-21ff-45da-8452-41acce7fc8de__ep2,ba18b7c1-21ff-45da-8452-41acce7fc8de__ep2:qa:63,8a8e1b3c-607e-4ada-b3fd-fa639727e92c__ep1:qa:184,Placing paper strip :: adhesive strip | paper cone | phone,Grasping cleaning cloth :: cleaning cloth | countertop,0,374,False
ba18b7c1-21ff-45da-8452-41acce7fc8de__ep2:future:00009:h5,test,ba18b7c1-21ff-45da-8452-41acce7fc8de__ep2,ba18b7c1-21ff-45da-8452-41acce7fc8de__ep2:qa:90,8a8e1b3c-607e-4ada-b3fd-fa639727e92c__ep1:qa:184,Manipulate paper edge :: hands | paper cone | puzzle box | smartphone | water bottle,Grasping cleaning cloth :: cleaning cloth | countertop,0,67,False
ba18b7c1-21ff-45da-8452-41acce7fc8de__ep2:future:00010:h5,test,ba18b7c1-21ff-45da-8452-41acce7fc8de__ep2,ba18b7c1-21ff-45da-8452-41acce7fc8de__ep2:qa:91,8a8e1b3c-607e-4ada-b3fd-fa639727e92c__ep1:qa:184,Manipulate paper edge :: hands | paper cone | puzzle box | smartphone | water bottle,Grasping cleaning cloth :: cleaning cloth | countertop,0,57,False
ba18b7c1-21ff-45da-8452-41acce7fc8de__ep2:future:00011:h5,test,ba18b7c1-21ff-45da-8452-41acce7fc8de__ep2,ba18b7c1-21ff-45da-8452-41acce7fc8de__ep2:qa:92,8a8e1b3c-607e-4ada-b3fd-fa639727e92c__ep1:qa:184,Manipulate paper edge :: hands | paper cone | puzzle box | smartphone | water bottle,Grasping cleaning cloth :: cleaning cloth | countertop,0,101,False
ba18b7c1-21ff-45da-8452-41acce7fc8de__ep2:future:00012:h5,test,ba18b7c1-21ff-45da-8452-41acce7fc8de__ep2,ba18b7c1-21ff-45da-8452-41acce7fc8de__ep2:qa:93,ba18b7c1-21ff-45da-8452-41acce7fc8de__ep2:qa:62,Manipulate paper strip :: paper cone | paper strip | puzzle box | smartphone | water bottle,Placing paper strip :: adhesive strip | paper cone | phone,0,237,False
ba18b7c1-21ff-45da-8452-41acce7fc8de__ep2:future:00013:h5,test,ba18b7c1-21ff-45da-8452-41acce7fc8de__ep2,ba18b7c1-21ff-45da-8452-41acce7fc8de__ep2:qa:94,ba18b7c1-21ff-45da-8452-41acce7fc8de__ep2:qa:63,Manipulate paper strip :: paper cone | paper strip | puzzle box | smartphone | water bottle,Placing paper strip :: adhesive strip | paper cone | phone,0,283,False
ba18b7c1-21ff-45da-8452-41acce7fc8de__ep2:future:00014:h5,test,ba18b7c1-21ff-45da-8452-41acce7fc8de__ep2,ba18b7c1-21ff-45da-8452-41acce7fc8de__ep2:qa:146,8a8e1b3c-607e-4ada-b3fd-fa639727e92c__ep1:qa:184,Securing paper structure :: paper cone | paper strip | puzzle box | smartphone | water bottle,Grasping cleaning cloth :: cleaning cloth | countertop,0,62,False
ba18b7c1-21ff-45da-8452-41acce7fc8de__ep2:future:00015:h5,test,ba18b7c1-21ff-45da-8452-41acce7fc8de__ep2,ba18b7c1-21ff-45da-8452-41acce7fc8de__ep2:qa:147,8a8e1b3c-607e-4ada-b3fd-fa639727e92c__ep1:qa:184,Securing paper structure :: paper cone | paper strip | puzzle box | smartphone | water bottle,Grasping cleaning cloth :: cleaning cloth | countertop,0,171,False
ba18b7c1-21ff-45da-8452-41acce7fc8de__ep2:future:00016:h5,test,ba18b7c1-21ff-45da-8452-41acce7fc8de__ep2,ba18b7c1-21ff-45da-8452-41acce7fc8de__ep2:qa:148,8a8e1b3c-607e-4ada-b3fd-fa639727e92c__ep1:qa:184,Securing paper structure :: paper cone | paper strip | puzzle box | smartphone | water bottle,Grasping cleaning cloth :: cleaning cloth | countertop,0,137,False
ba18b7c1-21ff-45da-8452-41acce7fc8de__ep2:future:00017:h5,test,ba18b7c1-21ff-45da-8452-41acce7fc8de__ep2,ba18b7c1-21ff-45da-8452-41acce7fc8de__ep2:qa:149,8a8e1b3c-607e-4ada-b3fd-fa639727e92c__ep1:qa:184,Securing paper structure :: paper cone | paper strip | puzzle box | smartphone | water bottle,Grasping cleaning cloth :: cleaning cloth | countertop,0,183,False
ba18b7c1-21ff-45da-8452-41acce7fc8de__ep2:future:00018:h5,test,ba18b7c1-21ff-45da-8452-41acce7fc8de__ep2,ba18b7c1-21ff-45da-8452-41acce7fc8de__ep2:qa:170,8a8e1b3c-607e-4ada-b3fd-fa639727e92c__ep1:qa:184,Manipulate adhesive strip :: adhesive strip | paper sheets | puzzle box | smartphone | water bottle,Grasping cleaning cloth :: cleaning cloth | countertop,0,106,False
ba18b7c1-21ff-45da-8452-41acce7fc8de__ep2:future:00019:h5,test,ba18b7c1-21ff-45da-8452-41acce7fc8de__ep2,ba18b7c1-21ff-45da-8452-41acce7fc8de__ep2:qa:171,8a8e1b3c-607e-4ada-b3fd-fa639727e92c__ep1:qa:184,Manipulate adhesive strip :: adhesive strip | paper sheets | puzzle box | smartphone | water bottle,Grasping cleaning cloth :: cleaning cloth | countertop,0,144,False
ba18b7c1-21ff-45da-8452-41acce7fc8de__ep2:future:00020:h5,test,ba18b7c1-21ff-45da-8452-41acce7fc8de__ep2,ba18b7c1-21ff-45da-8452-41acce7fc8de__ep2:qa:172,8a8e1b3c-607e-4ada-b3fd-fa639727e92c__ep1:qa:184,Manipulate adhesive strip :: adhesive strip | paper sheets | puzzle box | smartphone | water bottle,Grasping cleaning cloth :: cleaning cloth | countertop,0,151,False
ba18b7c1-21ff-45da-8452-41acce7fc8de__ep2:future:00021:h5,test,ba18b7c1-21ff-45da-8452-41acce7fc8de__ep2,ba18b7c1-21ff-45da-8452-41acce7fc8de__ep2:qa:173,8a8e1b3c-607e-4ada-b3fd-fa639727e92c__ep1:qa:184,Manipulate adhesive strip :: adhesive strip | paper sheets | puzzle box | smartphone | water bottle,Grasping cleaning cloth :: cleaning cloth | countertop,0,115,False
ba18b7c1-21ff-45da-8452-41acce7fc8de__ep2:future:00022:h5,test,ba18b7c1-21ff-45da-8452-41acce7fc8de__ep2,ba18b7c1-21ff-45da-8452-41acce7fc8de__ep2:qa:174,8a8e1b3c-607e-4ada-b3fd-fa639727e92c__ep1:qa:184,Manipulate adhesive strip :: adhesive strip | paper sheets | puzzle box | smartphone | water bottle,Grasping cleaning cloth :: cleaning cloth | countertop,0,116,False
ba18b7c1-21ff-45da-8452-41acce7fc8de__ep2:future:00023:h5,test,ba18b7c1-21ff-45da-8452-41acce7fc8de__ep2,ba18b7c1-21ff-45da-8452-41acce7fc8de__ep2:qa:240,8a8e1b3c-607e-4ada-b3fd-fa639727e92c__ep1:qa:184,Secure paper edges with adhesive :: adhesive strip | paper cone pieces | puzzle box | smartphone | water bottle,Grasping cleaning cloth :: cleaning cloth | countertop,0,138,False
ba18b7c1-21ff-45da-8452-41acce7fc8de__ep2:future:00024:h5,test,ba18b7c1-21ff-45da-8452-41acce7fc8de__ep2,ba18b7c1-21ff-45da-8452-41acce7fc8de__ep2:qa:241,8a8e1b3c-607e-4ada-b3fd-fa639727e92c__ep1:qa:184,Secure paper edges with adhesive :: adhesive strip | paper cone pieces | puzzle box | smartphone | water bottle,Grasping cleaning cloth :: cleaning cloth | countertop,0,127,False
ba18b7c1-21ff-45da-8452-41acce7fc8de__ep2:future:00025:h5,test,ba18b7c1-21ff-45da-8452-41acce7fc8de__ep2,ba18b7c1-21ff-45da-8452-41acce7fc8de__ep2:qa:242,8a8e1b3c-607e-4ada-b3fd-fa639727e92c__ep1:qa:184,Secure paper edges with adhesive :: adhesive strip | paper cone pieces | puzzle box | smartphone | water bottle,Grasping cleaning cloth :: cleaning cloth | countertop,0,141,False
ba18b7c1-21ff-45da-8452-41acce7fc8de__ep2:future:00026:h5,test,ba18b7c1-21ff-45da-8452-41acce7fc8de__ep2,ba18b7c1-21ff-45da-8452-41acce7fc8de__ep2:qa:243,8a8e1b3c-607e-4ada-b3fd-fa639727e92c__ep1:qa:184,Secure paper edges with adhesive :: adhesive strip | paper cone | paper cone pieces | puzzle box | smartphone | water bottle,Grasping cleaning cloth :: cleaning cloth | countertop,0,164,False
