{
  "run_id": "xperience10m_cosmos3_super_forward_dynamics_lora_128ep_train1epoch_256_attn_full8gpu_20260608",
  "run_kind": "cosmos3_super_forward_dynamics_lora",
  "status": "complete",
  "started_at_unix": 1780897904.506227,
  "finished_at_unix": 1780899043.304461,
  "elapsed_seconds": 1138.7982339859009,
  "workspace": "/home/cy/Ropedia/ropedia-episode-task-suite",
  "dataset_jsonl": "/home/cy/Ropedia/ropedia-episode-task-suite/results/omni_finetune/xperience10m_cosmos3_camera_pose_targets_20260608/dataset_with_cosmos_actions.jsonl",
  "model_dir": "/home/cy/Ropedia/cosmos3_models/nv-community__Cosmos3-Super",
  "split": "train",
  "episode_id": null,
  "num_processes": 8,
  "train_samples": 2848,
  "rank_samples": 356,
  "max_steps": 356,
  "learning_rate": 0.0001,
  "target_modules": [
    "add_q_proj",
    "add_k_proj",
    "add_v_proj"
  ],
  "lora_rank": 16,
  "lora_alpha": 32,
  "trainable_params": 26214400,
  "num_train_timesteps": 1000,
  "sigma_shift": 3.0,
  "loss_scale": 10.0,
  "final_loss": 1.0785235166549683,
  "losses": [
    8.396408081054688,
    7.7292160987854,
    8.190125465393066,
    5.321237564086914,
    4.322042465209961,
    8.652746200561523,
    7.3094611167907715,
    6.233208656311035,
    3.4795336723327637,
    4.41449499130249,
    9.717477798461914,
    7.676369667053223,
    5.092416763305664,
    3.344200611114502,
    5.256501197814941,
    5.3831024169921875,
    2.7614376544952393,
    8.43492317199707,
    5.686530590057373,
    6.947371959686279,
    4.1576738357543945,
    4.61429500579834,
    6.263437747955322,
    4.021385192871094,
    3.610430955886841,
    3.2256617546081543,
    10.19467544555664,
    4.0508503913879395,
    2.048454523086548,
    2.8374264240264893,
    6.439456939697266,
    3.884157180786133,
    2.338987350463867,
    2.458660125732422,
    5.266170978546143,
    10.0577974319458,
    2.091614007949829,
    5.220773220062256,
    6.72459602355957,
    5.256008148193359,
    3.3774664402008057,
    6.434408187866211,
    6.101787090301514,
    4.675914764404297,
    3.4853875637054443,
    6.165815353393555,
    3.173060894012451,
    4.3109211921691895,
    8.625937461853027,
    6.964883804321289,
    4.105767726898193,
    6.3489460945129395,
    2.1508452892303467,
    5.572066307067871,
    6.975174427032471,
    5.4286041259765625,
    3.5283210277557373,
    9.17752456665039,
    4.1010565757751465,
    6.00085973739624,
    3.6411805152893066,
    3.8798184394836426,
    4.353230953216553,
    5.219754219055176,
    3.8755650520324707,
    3.9041318893432617,
    4.9846038818359375,
    3.0462422370910645,
    1.770390272140503,
    5.181956768035889,
    4.238285541534424,
    4.848814964294434,
    1.8455023765563965,
    9.775087356567383,
    3.994462490081787,
    4.070891380310059,
    1.9314579963684082,
    3.8603463172912598,
    5.628230094909668,
    4.439579010009766,
    2.7599895000457764,
    1.6088229417800903,
    3.2490015029907227,
    2.7903711795806885,
    1.6054688692092896,
    2.649747371673584,
    4.860555648803711,
    4.323751449584961,
    1.8541254997253418,
    1.6727370023727417,
    3.75388503074646,
    2.7030749320983887,
    2.785728931427002,
    4.520479679107666,
    6.775882244110107,
    3.6896181106567383,
    3.2245922088623047,
    5.594332218170166,
    2.772016763687134,
    4.610404014587402,
    3.104269504547119,
    7.154729843139648,
    2.423705816268921,
    6.179196357727051,
    3.5148632526397705,
    6.035916328430176,
    6.840207099914551,
    3.093611240386963,
    2.224060535430908,
    3.506869077682495,
    5.812524795532227,
    4.347911357879639,
    5.42717981338501,
    1.4964046478271484,
    4.710851192474365,
    2.6699330806732178,
    2.844161033630371,
    4.309848785400391,
    2.1729068756103516,
    8.26755142211914,
    1.994400143623352,
    1.8547378778457642,
    3.9653267860412598,
    1.4757825136184692,
    1.7681093215942383,
    3.3852386474609375,
    9.53521728515625,
    1.4106148481369019,
    1.7252411842346191,
    5.439094543457031,
    5.561357498168945,
    2.335649013519287,
    1.250425100326538,
    1.8652920722961426,
    2.465780735015869,
    2.5431559085845947,
    5.424885272979736,
    2.9304263591766357,
    1.987060546875,
    5.71486759185791,
    3.4540083408355713,
    3.352240562438965,
    5.007000923156738,
    3.8916478157043457,
    3.869626522064209,
    4.887185573577881,
    3.9273080825805664,
    7.869659423828125,
    5.2723002433776855,
    4.647128105163574,
    4.564036846160889,
    6.246745586395264,
    2.8089702129364014,
    3.168590545654297,
    7.9520111083984375,
    10.336105346679688,
    6.094424724578857,
    2.108342170715332,
    3.666074514389038,
    8.250717163085938,
    1.9423454999923706,
    3.9419684410095215,
    5.0559844970703125,
    4.3559489250183105,
    1.919670581817627,
    2.293916702270508,
    3.964268684387207,
    1.3435076475143433,
    2.9632318019866943,
    10.226263999938965,
    4.944529056549072,
    3.0085673332214355,
    4.2568488121032715,
    2.2277252674102783,
    2.541146755218506,
    2.3644556999206543,
    3.8174896240234375,
    5.040827751159668,
    3.0766842365264893,
    3.1531331539154053,
    9.343942642211914,
    1.4594230651855469,
    1.3883864879608154,
    2.1663002967834473,
    5.728005409240723,
    5.149590492248535,
    3.8796470165252686,
    4.534491539001465,
    3.0877737998962402,
    8.231703758239746,
    4.702840805053711,
    4.904985427856445,
    2.6391079425811768,
    4.06569766998291,
    6.242420196533203,
    3.9783473014831543,
    3.1570160388946533,
    1.8534959554672241,
    3.147062063217163,
    4.840303421020508,
    7.487688064575195,
    3.1995840072631836,
    3.483275890350342,
    1.039624810218811,
    3.518559455871582,
    1.7829327583312988,
    6.462018013000488,
    2.377972364425659,
    4.2210307121276855,
    3.145771026611328,
    1.3545525074005127,
    2.322726249694824,
    3.0789403915405273,
    2.650257110595703,
    3.188762903213501,
    2.18784236907959,
    0.9961223602294922,
    5.162297248840332,
    1.630298137664795,
    3.3711776733398438,
    1.7054028511047363,
    5.7651872634887695,
    0.9428906440734863,
    3.2050790786743164,
    4.674805164337158,
    3.5753307342529297,
    3.134596586227417,
    3.961143970489502,
    3.937483310699463,
    4.13388729095459,
    3.8011693954467773,
    3.9513885974884033,
    4.140255928039551,
    3.796581745147705,
    3.513242244720459,
    5.605058670043945,
    3.7943954467773438,
    4.428021430969238,
    4.472774982452393,
    4.5021185874938965,
    1.7681989669799805,
    2.23753023147583,
    4.667268753051758,
    1.9790735244750977,
    2.637085437774658,
    3.7393851280212402,
    2.644789457321167,
    2.7385165691375732,
    2.0951459407806396,
    5.038969993591309,
    1.290151596069336,
    2.308185338973999,
    2.060262680053711,
    0.89335036277771,
    8.176273345947266,
    1.1554641723632812,
    2.683120012283325,
    2.8665030002593994,
    1.9372882843017578,
    2.6577296257019043,
    1.3589030504226685,
    3.758835792541504,
    3.93815541267395,
    2.2661688327789307,
    2.4335803985595703,
    5.71051025390625,
    2.8119282722473145,
    4.659387111663818,
    8.321913719177246,
    5.706713676452637,
    2.524641990661621,
    2.8777031898498535,
    3.421112060546875,
    2.395977735519409,
    1.4636772871017456,
    3.2190945148468018,
    2.7194766998291016,
    3.5929548740386963,
    1.2894608974456787,
    3.301071882247925,
    1.699324131011963,
    5.003042697906494,
    2.3065404891967773,
    5.775997638702393,
    2.8264567852020264,
    2.109142780303955,
    1.6533762216567993,
    3.887122631072998,
    1.9764666557312012,
    3.9495980739593506,
    2.041050434112549,
    3.3601462841033936,
    2.22499418258667,
    4.106616497039795,
    2.478731155395508,
    2.7426443099975586,
    1.150155782699585,
