group,samples,parsed_prediction_rate,action_exact_rate,subtask_exact_rate,transition_exact_rate,next_action_exact_rate,contact_exact_rate,object_precision,object_recall,object_f1
locomotion,23,0.2608695652173913,0.0,0.0,0.2608695652173913,0.0,0.08695652173913043,0.010752688172043012,0.0136986301369863,0.012048192771084338
food_kitchen,5,0.6,0.2,0.0,0.6,0.2,0.2,0.375,0.21428571428571427,0.2727272727272727
cleaning,8,0.75,0.0,0.0,0.625,0.0,0.625,0.0,0.0,0.0
other,94,0.851063829787234,0.0,0.0,0.8085106382978723,0.0,0.6063829787234043,0.17220543806646527,0.21428571428571427,0.19095477386934673
phone_use,51,0.9019607843137255,0.058823529411764705,0.0196078431372549,0.8431372549019608,0.058823529411764705,0.5686274509803921,0.35542168674698793,0.34502923976608185,0.3501483679525222
paper_cardboard_craft,142,0.9225352112676056,0.028169014084507043,0.014084507042253521,0.9154929577464789,0.028169014084507043,0.8169014084507042,0.1853233830845771,0.3059548254620123,0.2308288148721921
small_object_sorting,87,0.9655172413793104,0.0,0.0,0.9425287356321839,0.0,0.5747126436781609,0.26515151515151514,0.2834008097165992,0.27397260273972607
retail_stocking,38,0.9736842105263158,0.07894736842105263,0.0,0.9473684210526315,0.07894736842105263,0.7631578947368421,0.15384615384615385,0.1590909090909091,0.1564245810055866
