group,samples,parsed_prediction_rate,action_exact_rate,subtask_exact_rate,transition_exact_rate,next_action_exact_rate,contact_exact_rate,object_precision,object_recall,object_f1
rrd_missing_only_required_modalities_present,448,0.8772321428571429,0.024553571428571428,0.006696428571428571,0.8504464285714286,0.024553571428571428,0.6450892857142857,0.19611111111111112,0.25841874084919475,0.22299431459254582
