group,samples,parsed_prediction_rate,action_exact_rate,subtask_exact_rate,transition_exact_rate,next_action_exact_rate,contact_exact_rate,object_precision,object_recall,object_f1
unseen_in_train,317,0.8454258675078864,0.015772870662460567,0.006309148264984227,0.8233438485804416,0.015772870662460567,0.6151419558359621,0.15804806991988346,0.23183760683760685,0.18796015591165008
seen_in_train,131,0.9541984732824428,0.04580152671755725,0.007633587786259542,0.916030534351145,0.04580152671755725,0.7175572519083969,0.3185011709601874,0.31627906976744186,0.3173862310385064
