class_id,class_name,support,predicted,precision,recall,f1
0,steady,332,320,0.96875,0.9337349397590361,0.950920245398773
1,transition,16,28,0.21428571428571427,0.375,0.2727272727272727
