{
  "accuracy": 0.9827586206896551,
  "balanced_accuracy": 0.9505102040816327,
  "macro_f1": 0.9173189771658273,
  "weighted_f1": 0.9841228382209077,
  "num_eval_windows": 290,
  "num_classes": 14,
  "majority_baseline_accuracy": 0.14482758620689656,
  "train_final_accuracy": 1.0,
  "train_final_loss": 0.012834250926971436,
  "feature_dim": 8546,
  "num_windows": 1147
}