class_id,class_name,support,predicted,precision,recall,f1
0,no,436,347,0.9740634005763689,0.7752293577981652,0.8633461047254152
1,yes,12,101,0.0297029702970297,0.25,0.053097345132743355
