{
  "accuracy": 0.9862542955326461,
  "balanced_accuracy": 0.9856481481481482,
  "macro_f1": 0.9828810433408773,
  "weighted_f1": 0.9862660597416385,
  "num_eval_windows": 291,
  "num_classes": 18,
  "majority_baseline_accuracy": 0.13745704467353953,
  "train_final_accuracy": 1.0,
  "train_final_loss": 0.014677195809781551,
  "feature_dim": 8546,
  "num_windows": 1144
}