group,samples,parsed_prediction_rate,action_exact_rate,subtask_exact_rate,transition_exact_rate,next_action_exact_rate,contact_exact_rate,object_precision,object_recall,object_f1
cleaning,8,0.875,0.0,0.0,0.75,0.0,0.5,0.041666666666666664,0.05,0.04545454545454545
locomotion,23,1.0,0.0,0.0,1.0,0.0,0.4782608695652174,0.1267605633802817,0.1232876712328767,0.125
small_object_sorting,87,1.0,0.0,0.0,0.9885057471264368,0.0,0.6551724137931034,0.2701612903225806,0.27125506072874495,0.27070707070707073
other,94,1.0,0.0,0.0,0.9574468085106383,0.0,0.6595744680851063,0.25705329153605017,0.3082706766917293,0.28034188034188035
phone_use,51,1.0,0.0196078431372549,0.0,0.9411764705882353,0.0196078431372549,0.6470588235294118,0.4233128834355828,0.40350877192982454,0.4131736526946108
paper_cardboard_craft,142,1.0,0.04929577464788732,0.007042253521126761,0.9859154929577465,0.04929577464788732,0.8802816901408451,0.3489278752436647,0.3675564681724846,0.35800000000000004
retail_stocking,38,1.0,0.10526315789473684,0.0,0.9736842105263158,0.10526315789473684,0.7368421052631579,0.15730337078651685,0.1590909090909091,0.1581920903954802
food_kitchen,5,1.0,0.2,0.0,1.0,0.2,0.4,0.16666666666666666,0.14285714285714285,0.15384615384615383
