{
  "status": "pass",
  "model_label": "Qwen3-Omni LoRA v2 strict-json",
  "source_package": "xperience10m_qwen3_omni_128ep_structured_json_v2_reuse_full8gpu_lora_eval_test_full",
  "source_prediction_rows": 448,
  "metrics_json_validity_rate": 0.9977678571428571,
  "computed": {
    "group": "overall",
    "samples": 448,
    "parsed_prediction_rate": 0.9977678571428571,
    "action_exact_rate": 0.029017857142857144,
    "subtask_exact_rate": 0.002232142857142857,
    "transition_exact_rate": 0.9709821428571429,
    "next_action_exact_rate": 0.029017857142857144,
    "contact_exact_rate": 0.71875,
    "object_precision": 0.2939541348158443,
    "object_recall": 0.3096632503660322,
    "object_f1": 0.30160427807486634
  },
  "worst_episode_groups": [
    {
      "group": "8a8e1b3c-607e-4ada-b3fd-fa639727e92c__ep1",
      "samples": 32,
      "parsed_prediction_rate": 0.96875,
      "action_exact_rate": 0.03125,
      "subtask_exact_rate": 0.0,
      "transition_exact_rate": 0.9375,
      "next_action_exact_rate": 0.03125,
      "contact_exact_rate": 0.59375,
      "object_precision": 0.16091954022988506,
      "object_recall": 0.175,
      "object_f1": 0.16766467065868262
    },
    {
      "group": "9c553886-83c5-4dc4-be5c-dcb269b3a771__ep2",
      "samples": 32,
      "parsed_prediction_rate": 1.0,
      "action_exact_rate": 0.0,
      "subtask_exact_rate": 0.0,
      "transition_exact_rate": 1.0,
      "next_action_exact_rate": 0.0,
      "contact_exact_rate": 1.0,
      "object_precision": 0.34057971014492755,
      "object_recall": 0.415929203539823,
      "object_f1": 0.37450199203187257
    },
    {
      "group": "b9dd769b-e31a-4fdb-945e-5a60db6487b0__ep2",
      "samples": 32,
      "parsed_prediction_rate": 1.0,
      "action_exact_rate": 0.0,
      "subtask_exact_rate": 0.0,
      "transition_exact_rate": 0.9375,
      "next_action_exact_rate": 0.0,
      "contact_exact_rate": 0.40625,
      "object_precision": 0.37404580152671757,
      "object_recall": 0.4336283185840708,
      "object_f1": 0.40163934426229503
    },
    {
      "group": "5399ef86-4df9-49bc-809f-8f4f92f9e659__ep6",
      "samples": 32,
      "parsed_prediction_rate": 1.0,
      "action_exact_rate": 0.0,
      "subtask_exact_rate": 0.0,
      "transition_exact_rate": 1.0,
      "next_action_exact_rate": 0.0,
      "contact_exact_rate": 1.0,
      "object_precision": 0.029411764705882353,
      "object_recall": 0.027777777777777776,
      "object_f1": 0.02857142857142857
    },
    {
      "group": "877779cd-25f3-4293-a3c4-39067dd9558c__ep4",
      "samples": 32,
      "parsed_prediction_rate": 1.0,
      "action_exact_rate": 0.0,
      "subtask_exact_rate": 0.0,
      "transition_exact_rate": 1.0,
      "next_action_exact_rate": 0.0,
      "contact_exact_rate": 0.40625,
      "object_precision": 0.3626373626373626,
      "object_recall": 0.3548387096774194,
      "object_f1": 0.3586956521739131
    },
    {
      "group": "1796b943-caad-43c6-b9bd-80b8d601f37d__ep1",
      "samples": 32,
      "parsed_prediction_rate": 1.0,
      "action_exact_rate": 0.0,
      "subtask_exact_rate": 0.0,
      "transition_exact_rate": 1.0,
      "next_action_exact_rate": 0.0,
      "contact_exact_rate": 0.5625,
      "object_precision": 0.13,
      "object_recall": 0.11926605504587157,
      "object_f1": 0.1244019138755981
    },
    {
      "group": "a1012a57-385e-45a9-8a59-694a26fe92a5__ep1",
      "samples": 32,
      "parsed_prediction_rate": 1.0,
      "action_exact_rate": 0.03125,
      "subtask_exact_rate": 0.0,
      "transition_exact_rate": 1.0,
      "next_action_exact_rate": 0.03125,
      "contact_exact_rate": 0.90625,
      "object_precision": 0.6,
      "object_recall": 0.5454545454545454,
      "object_f1": 0.5714285714285713
    },
    {
      "group": "ba045ed4-ef25-404d-b756-8dcbd45b18fa__ep2",
      "samples": 32,
      "parsed_prediction_rate": 1.0,
      "action_exact_rate": 0.03125,
      "subtask_exact_rate": 0.03125,
      "transition_exact_rate": 1.0,
      "next_action_exact_rate": 0.03125,
      "contact_exact_rate": 0.90625,
      "object_precision": 0.09523809523809523,
      "object_recall": 0.16393442622950818,
      "object_f1": 0.12048192771084339
    }
  ],
  "action_family_groups": [
    {
      "group": "cleaning",
      "samples": 8,
      "parsed_prediction_rate": 0.875,
      "action_exact_rate": 0.0,
      "subtask_exact_rate": 0.0,
      "transition_exact_rate": 0.75,
      "next_action_exact_rate": 0.0,
      "contact_exact_rate": 0.5,
      "object_precision": 0.041666666666666664,
      "object_recall": 0.05,
      "object_f1": 0.04545454545454545
    },
    {
      "group": "locomotion",
      "samples": 23,
      "parsed_prediction_rate": 1.0,
      "action_exact_rate": 0.0,
      "subtask_exact_rate": 0.0,
      "transition_exact_rate": 1.0,
      "next_action_exact_rate": 0.0,
      "contact_exact_rate": 0.4782608695652174,
      "object_precision": 0.1267605633802817,
      "object_recall": 0.1232876712328767,
      "object_f1": 0.125
    },
    {
      "group": "small_object_sorting",
      "samples": 87,
      "parsed_prediction_rate": 1.0,
      "action_exact_rate": 0.0,
      "subtask_exact_rate": 0.0,
      "transition_exact_rate": 0.9885057471264368,
      "next_action_exact_rate": 0.0,
      "contact_exact_rate": 0.6551724137931034,
      "object_precision": 0.2701612903225806,
      "object_recall": 0.27125506072874495,
      "object_f1": 0.27070707070707073
    },
    {
      "group": "other",
      "samples": 94,
      "parsed_prediction_rate": 1.0,
      "action_exact_rate": 0.0,
      "subtask_exact_rate": 0.0,
      "transition_exact_rate": 0.9574468085106383,
      "next_action_exact_rate": 0.0,
      "contact_exact_rate": 0.6595744680851063,
      "object_precision": 0.25705329153605017,
      "object_recall": 0.3082706766917293,
      "object_f1": 0.28034188034188035
    },
    {
      "group": "phone_use",
      "samples": 51,
      "parsed_prediction_rate": 1.0,
      "action_exact_rate": 0.0196078431372549,
      "subtask_exact_rate": 0.0,
      "transition_exact_rate": 0.9411764705882353,
      "next_action_exact_rate": 0.0196078431372549,
      "contact_exact_rate": 0.6470588235294118,
      "object_precision": 0.4233128834355828,
      "object_recall": 0.40350877192982454,
      "object_f1": 0.4131736526946108
    },
    {
      "group": "paper_cardboard_craft",
      "samples": 142,
      "parsed_prediction_rate": 1.0,
      "action_exact_rate": 0.04929577464788732,
      "subtask_exact_rate": 0.007042253521126761,
      "transition_exact_rate": 0.9859154929577465,
      "next_action_exact_rate": 0.04929577464788732,
      "contact_exact_rate": 0.8802816901408451,
      "object_precision": 0.3489278752436647,
      "object_recall": 0.3675564681724846,
      "object_f1": 0.35800000000000004
    },
    {
      "group": "retail_stocking",
      "samples": 38,
      "parsed_prediction_rate": 1.0,
      "action_exact_rate": 0.10526315789473684,
      "subtask_exact_rate": 0.0,
      "transition_exact_rate": 0.9736842105263158,
      "next_action_exact_rate": 0.10526315789473684,
      "contact_exact_rate": 0.7368421052631579,
      "object_precision": 0.15730337078651685,
      "object_recall": 0.1590909090909091,
      "object_f1": 0.1581920903954802
    },
    {
      "group": "food_kitchen",
      "samples": 5,
      "parsed_prediction_rate": 1.0,
      "action_exact_rate": 0.2,
      "subtask_exact_rate": 0.0,
      "transition_exact_rate": 1.0,
      "next_action_exact_rate": 0.2,
      "contact_exact_rate": 0.4,
      "object_precision": 0.16666666666666666,
      "object_recall": 0.14285714285714285,
      "object_f1": 0.15384615384615383
    }
  ],
  "train_seen_groups": [
    {
      "group": "unseen_in_train",
      "samples": 317,
      "parsed_prediction_rate": 0.9968454258675079,
      "action_exact_rate": 0.012618296529968454,
      "subtask_exact_rate": 0.0031545741324921135,