group,samples,parsed_prediction_rate,action_exact_rate,subtask_exact_rate,transition_exact_rate,next_action_exact_rate,contact_exact_rate,object_precision,object_recall,object_f1
unseen_in_train,317,0.9968454258675079,0.012618296529968454,0.0031545741324921135,0.9747634069400631,0.012618296529968454,0.6908517350157729,0.25897187196896215,0.28525641025641024,0.2714794102694459
seen_in_train,131,1.0,0.06870229007633588,0.0,0.9618320610687023,0.06870229007633588,0.7862595419847328,0.38235294117647056,0.3627906976744186,0.3723150357995227
