id,episode_id,source_episode_id,split,start_frame,end_frame,target_l2,prediction_l2,mae,rmse,mpjpe
dense_20f_stride10:8a8e1b3c-607e-4ada-b3fd-fa639727e92c__ep1:qa:0,8a8e1b3c-607e-4ada-b3fd-fa639727e92c__ep1,ep1,test,0,19,14.14816951751709,11.113043785095215,0.2517711818218231,0.41549593210220337,0.5582073330879211
dense_20f_stride10:8a8e1b3c-607e-4ada-b3fd-fa639727e92c__ep1:qa:1,8a8e1b3c-607e-4ada-b3fd-fa639727e92c__ep1,ep1,test,10,29,14.14816951751709,10.240134239196777,0.24400639533996582,0.407199501991272,0.5468899607658386
dense_20f_stride10:8a8e1b3c-607e-4ada-b3fd-fa639727e92c__ep1:qa:2,8a8e1b3c-607e-4ada-b3fd-fa639727e92c__ep1,ep1,test,20,39,14.14816951751709,11.450126647949219,0.2575856149196625,0.42528948187828064,0.5706577301025391
dense_20f_stride10:8a8e1b3c-607e-4ada-b3fd-fa639727e92c__ep1:qa:3,8a8e1b3c-607e-4ada-b3fd-fa639727e92c__ep1,ep1,test,30,49,14.637798309326172,11.264167785644531,0.2544417381286621,0.4156147837638855,0.5566850304603577
dense_20f_stride10:8a8e1b3c-607e-4ada-b3fd-fa639727e92c__ep1:qa:39,8a8e1b3c-607e-4ada-b3fd-fa639727e92c__ep1,ep1,test,400,419,25.239425659179688,3.011345624923706,0.5312333106994629,0.8302252292633057,0.9897035360336304
dense_20f_stride10:8a8e1b3c-607e-4ada-b3fd-fa639727e92c__ep1:qa:40,8a8e1b3c-607e-4ada-b3fd-fa639727e92c__ep1,ep1,test,410,429,25.239425659179688,3.4391872882843018,0.5179358720779419,0.8134052157402039,0.9699844121932983
dense_20f_stride10:8a8e1b3c-607e-4ada-b3fd-fa639727e92c__ep1:qa:41,8a8e1b3c-607e-4ada-b3fd-fa639727e92c__ep1,ep1,test,420,439,25.239425659179688,4.930410861968994,0.4940583407878876,0.7951527833938599,0.9468915462493896
dense_20f_stride10:8a8e1b3c-607e-4ada-b3fd-fa639727e92c__ep1:qa:89,8a8e1b3c-607e-4ada-b3fd-fa639727e92c__ep1,ep1,test,920,939,24.890247344970703,9.444015502929688,0.44113782048225403,0.7218928933143616,0.8680475354194641
dense_20f_stride10:8a8e1b3c-607e-4ada-b3fd-fa639727e92c__ep1:qa:90,8a8e1b3c-607e-4ada-b3fd-fa639727e92c__ep1,ep1,test,930,949,25.085525512695312,11.501041412353516,0.34795403480529785,0.5880349278450012,0.7498382925987244
dense_20f_stride10:8a8e1b3c-607e-4ada-b3fd-fa639727e92c__ep1:qa:91,8a8e1b3c-607e-4ada-b3fd-fa639727e92c__ep1,ep1,test,940,959,23.0915470123291,11.721458435058594,0.33972859382629395,0.5801336169242859,0.7601311206817627
dense_20f_stride10:8a8e1b3c-607e-4ada-b3fd-fa639727e92c__ep1:qa:96,8a8e1b3c-607e-4ada-b3fd-fa639727e92c__ep1,ep1,test,1000,1019,19.690031051635742,11.653536796569824,0.49148744344711304,0.7514679431915283,0.9395824670791626
dense_20f_stride10:8a8e1b3c-607e-4ada-b3fd-fa639727e92c__ep1:qa:97,8a8e1b3c-607e-4ada-b3fd-fa639727e92c__ep1,ep1,test,1010,1029,19.690031051635742,18.491029739379883,0.6237927079200745,0.9210432171821594,1.1778373718261719
dense_20f_stride10:8a8e1b3c-607e-4ada-b3fd-fa639727e92c__ep1:qa:98,8a8e1b3c-607e-4ada-b3fd-fa639727e92c__ep1,ep1,test,1020,1039,19.690031051635742,12.278876304626465,0.4801909923553467,0.674797773361206,0.9225785732269287
dense_20f_stride10:8a8e1b3c-607e-4ada-b3fd-fa639727e92c__ep1:qa:99,8a8e1b3c-607e-4ada-b3fd-fa639727e92c__ep1,ep1,test,1030,1049,14.74264144897461,26.529563903808594,0.6498167514801025,1.0939381122589111,1.2983734607696533
dense_20f_stride10:8a8e1b3c-607e-4ada-b3fd-fa639727e92c__ep1:qa:119,8a8e1b3c-607e-4ada-b3fd-fa639727e92c__ep1,ep1,test,1240,1259,14.568140029907227,5.827808380126953,0.2747461795806885,0.4119272530078888,0.5998219847679138
dense_20f_stride10:8a8e1b3c-607e-4ada-b3fd-fa639727e92c__ep1:qa:120,8a8e1b3c-607e-4ada-b3fd-fa639727e92c__ep1,ep1,test,1250,1269,14.568140029907227,4.341301918029785,0.2868638038635254,0.4305710196495056,0.6290759444236755
dense_20f_stride10:8a8e1b3c-607e-4ada-b3fd-fa639727e92c__ep1:qa:121,8a8e1b3c-607e-4ada-b3fd-fa639727e92c__ep1,ep1,test,1260,1279,14.568140029907227,11.19533920288086,0.27399712800979614,0.3783215880393982,0.5660035014152527
dense_20f_stride10:8a8e1b3c-607e-4ada-b3fd-fa639727e92c__ep1:qa:122,8a8e1b3c-607e-4ada-b3fd-fa639727e92c__ep1,ep1,test,1270,1289,14.568140029907227,10.557746887207031,0.2985675632953644,0.4197053611278534,0.6239424347877502
dense_20f_stride10:8a8e1b3c-607e-4ada-b3fd-fa639727e92c__ep1:qa:134,8a8e1b3c-607e-4ada-b3fd-fa639727e92c__ep1,ep1,test,1400,1419,17.915679931640625,11.786503791809082,0.42224404215812683,0.5688685178756714,0.803475022315979
dense_20f_stride10:8a8e1b3c-607e-4ada-b3fd-fa639727e92c__ep1:qa:135,8a8e1b3c-607e-4ada-b3fd-fa639727e92c__ep1,ep1,test,1410,1429,17.915679931640625,4.4100446701049805,0.4045599699020386,0.553494393825531,0.8014652132987976
dense_20f_stride10:8a8e1b3c-607e-4ada-b3fd-fa639727e92c__ep1:qa:136,8a8e1b3c-607e-4ada-b3fd-fa639727e92c__ep1,ep1,test,1420,1439,17.915679931640625,3.9546236991882324,0.4105853736400604,0.568385124206543,0.8216169476509094
dense_20f_stride10:8a8e1b3c-607e-4ada-b3fd-fa639727e92c__ep1:qa:137,8a8e1b3c-607e-4ada-b3fd-fa639727e92c__ep1,ep1,test,1430,1449,16.622661590576172,13.586554527282715,0.2863371968269348,0.3936419188976288,0.5663015246391296
dense_20f_stride10:8a8e1b3c-607e-4ada-b3fd-fa639727e92c__ep1:qa:173,8a8e1b3c-607e-4ada-b3fd-fa639727e92c__ep1,ep1,test,1800,1819,8.186223983764648,8.88696002960205,0.0649678185582161,0.10875601321458817,0.14203643798828125
dense_20f_stride10:8a8e1b3c-607e-4ada-b3fd-fa639727e92c__ep1:qa:174,8a8e1b3c-607e-4ada-b3fd-fa639727e92c__ep1,ep1,test,1810,1829,8.186223983764648,11.797852516174316,0.11418302357196808,0.16455914080142975,0.20270587503910065
dense_20f_stride10:8a8e1b3c-607e-4ada-b3fd-fa639727e92c__ep1:qa:175,8a8e1b3c-607e-4ada-b3fd-fa639727e92c__ep1,ep1,test,1820,1839,8.186223983764648,12.508694648742676,0.1472964882850647,0.2059900462627411,0.26629194617271423
dense_20f_stride10:8a8e1b3c-607e-4ada-b3fd-fa639727e92c__ep1:qa:176,8a8e1b3c-607e-4ada-b3fd-fa639727e92c__ep1,ep1,test,1830,1849,7.655468940734863,9.544365882873535,0.10424250364303589,0.14570896327495575,0.20497649908065796
dense_20f_stride10:8a8e1b3c-607e-4ada-b3fd-fa639727e92c__ep1:qa:192,8a8e1b3c-607e-4ada-b3fd-fa639727e92c__ep1,ep1,test,2000,2019,16.812246322631836,9.419645309448242,0.28818440437316895,0.45656338334083557,0.6248308420181274
dense_20f_stride10:8a8e1b3c-607e-4ada-b3fd-fa639727e92c__ep1:qa:193,8a8e1b3c-607e-4ada-b3fd-fa639727e92c__ep1,ep1,test,2010,2029,16.812246322631836,9.22756290435791,0.25916847586631775,0.40690377354621887,0.549005925655365
dense_20f_stride10:8a8e1b3c-607e-4ada-b3fd-fa639727e92c__ep1:qa:194,8a8e1b3c-607e-4ada-b3fd-fa639727e92c__ep1,ep1,test,2020,2039,16.812246322631836,8.402655601501465,0.2859739661216736,0.44453516602516174,0.6007519960403442
dense_20f_stride10:8a8e1b3c-607e-4ada-b3fd-fa639727e92c__ep1:qa:195,8a8e1b3c-607e-4ada-b3fd-fa639727e92c__ep1,ep1,test,2030,2049,20.475475311279297,8.455757141113281,0.37859630584716797,0.605647623538971,0.8183770179748535
dense_20f_stride10:8a8e1b3c-607e-4ada-b3fd-fa639727e92c__ep1:qa:231,8a8e1b3c-607e-4ada-b3fd-fa639727e92c__ep1,ep1,test,2400,2419,16.776113510131836,10.94509506225586,0.34194695949554443,0.4728168547153473,0.6634860634803772
dense_20f_stride10:8a8e1b3c-607e-4ada-b3fd-fa639727e92c__ep1:qa:232,8a8e1b3c-607e-4ada-b3fd-fa639727e92c__ep1,ep1,test,2410,2429,16.776113510131836,8.074482917785645,0.23745745420455933,0.3407757878303528,0.44802358746528625
dense_20f_stride10:8a8e1b3c-607e-4ada-b3fd-fa639727e92c__ep1:qa:233,8a8e1b3c-607e-4ada-b3fd-fa639727e92c__ep1,ep1,test,2420,2439,16.776113510131836,3.615509271621704,0.3331063687801361,0.4886089563369751,0.5996248126029968
dense_20f_stride10:8a8e1b3c-607e-4ada-b3fd-fa639727e92c__ep1:qa:242,8a8e1b3c-607e-4ada-b3fd-fa639727e92c__ep1,ep1,test,2520,2539,0.0,4.5968194007873535,0.09793941676616669,0.1547829657793045,0.18351024389266968
dense_20f_stride10:8a8e1b3c-607e-4ada-b3fd-fa639727e92c__ep1:qa:243,8a8e1b3c-607e-4ada-b3fd-fa639727e92c__ep1,ep1,test,2530,2549,0.0,8.089991569519043,0.15627716481685638,0.27240419387817383,0.3197188079357147
dense_20f_stride10:8a8e1b3c-607e-4ada-b3fd-fa639727e92c__ep1:qa:244,8a8e1b3c-607e-4ada-b3fd-fa639727e92c__ep1,ep1,test,2540,2559,0.0,9.004531860351562,0.16653601825237274,0.30319836735725403,0.35985448956489563
dense_20f_stride10:8a8e1b3c-607e-4ada-b3fd-fa639727e92c__ep1:qa:245,8a8e1b3c-607e-4ada-b3fd-fa639727e92c__ep1,ep1,test,2550,2569,0.0,10.967351913452148,0.22322964668273926,0.36928996443748474,0.5066550970077515
dense_20f_stride10:8a8e1b3c-607e-4ada-b3fd-fa639727e92c__ep1:qa:257,8a8e1b3c-607e-4ada-b3fd-fa639727e92c__ep1,ep1,test,2680,2699,0.0,2.2786061763763428,0.04287692531943321,0.07672466337680817,0.09374447911977768
dense_20f_stride10:8a8e1b3c-607e-4ada-b3fd-fa639727e92c__ep1:qa:258,8a8e1b3c-607e-4ada-b3fd-fa639727e92c__ep1,ep1,test,2690,2709,0.0,7.501650333404541,0.13213635981082916,0.2525937259197235,0.30400267243385315
dense_20f_stride10:8a8e1b3c-607e-4ada-b3fd-fa639727e92c__ep1:qa:259,8a8e1b3c-607e-4ada-b3fd-fa639727e92c__ep1,ep1,test,2700,2719,0.0,10.753477096557617,0.20938657224178314,0.3620884120464325,0.4284359812736511
dense_20f_stride10:8a8e1b3c-607e-4ada-b3fd-fa639727e92c__ep1:qa:260,8a8e1b3c-607e-4ada-b3fd-fa639727e92c__ep1,ep1,test,2710,2729,0.0,11.310537338256836,0.19728337228298187,0.3808456063270569,0.46969354152679443
dense_20f_stride10:8a8e1b3c-607e-4ada-b3fd-fa639727e92c__ep1:qa:268,8a8e1b3c-607e-4ada-b3fd-fa639727e92c__ep1,ep1,test,2800,2819,12.819459915161133,8.782536506652832,0.20042899250984192,0.360897421836853,0.47201672196388245
dense_20f_stride10:8a8e1b3c-607e-4ada-b3fd-fa639727e92c__ep1:qa:269,8a8e1b3c-607e-4ada-b3fd-fa639727e92c__ep1,ep1,test,2810,2829,12.819459915161133,7.582857131958008,0.19220606982707977,0.26804491877555847,0.35766273736953735
dense_20f_stride10:8a8e1b3c-607e-4ada-b3fd-fa639727e92c__ep1:qa:270,8a8e1b3c-607e-4ada-b3fd-fa639727e92c__ep1,ep1,test,2820,2839,12.819459915161133,6.043761730194092,0.2204865962266922,0.3494247496128082,0.4527622163295746
dense_20f_stride10:8a8e1b3c-607e-4ada-b3fd-fa639727e92c__ep1:qa:287,8a8e1b3c-607e-4ada-b3fd-fa639727e92c__ep1,ep1,test,3000,3019,0.0,3.586711883544922,0.0990775004029274,0.12077087163925171,0.1861904114484787
dense_20f_stride10:8a8e1b3c-607e-4ada-b3fd-fa639727e92c__ep1:qa:288,8a8e1b3c-607e-4ada-b3fd-fa639727e92c__ep1,ep1,test,3010,3029,0.0,5.016696929931641,0.13281242549419403,0.16892094910144806,0.2578567564487457
dense_20f_stride10:8a8e1b3c-607e-4ada-b3fd-fa639727e92c__ep1:qa:289,8a8e1b3c-607e-4ada-b3fd-fa639727e92c__ep1,ep1,test,3020,3039,0.0,3.2123794555664062,0.07423491030931473,0.10816644132137299,0.1429552286863327
dense_20f_stride10:8a8e1b3c-607e-4ada-b3fd-fa639727e92c__ep1:qa:298,8a8e1b3c-607e-4ada-b3fd-fa639727e92c__ep1,ep1,test,3120,3139,25.82332992553711,3.34013032913208,0.5378779172897339,0.8156105875968933,1.051264762878418
dense_20f_stride10:8a8e1b3c-607e-4ada-b3fd-fa639727e92c__ep1:qa:299,8a8e1b3c-607e-4ada-b3fd-fa639727e92c__ep1,ep1,test,3130,3149,25.82332992553711,6.980991363525391,0.4723629355430603,0.7634174823760986,0.9485788345336914
dense_20f_stride10:8a8e1b3c-607e-4ada-b3fd-fa639727e92c__ep1:qa:300,8a8e1b3c-607e-4ada-b3fd-fa639727e92c__ep1,ep1,test,3140,3159,25.82332992553711,14.103011131286621,0.4093879163265228,0.7431726455688477,0.943941056728363
dense_20f_stride10:8a8e1b3c-607e-4ada-b3fd-fa639727e92c__ep1:qa:301,8a8e1b3c-607e-4ada-b3fd-fa639727e92c__ep1,ep1,test,3150,3169,13.84506607055664,18.71776580810547,0.3623521029949188,0.507976770401001,0.6851350665092468
dense_20f_stride10:8a8e1b3c-607e-4ada-b3fd-fa639727e92c__ep1:qa:317,8a8e1b3c-607e-4ada-b3fd-fa639727e92c__ep1,ep1,test,3320,3339,0.0,9.821884155273438,0.16911032795906067,0.33072003722190857,0.39424020051956177
dense_20f_stride10:8a8e1b3c-607e-4ada-b3fd-fa639727e92c__ep1:qa:318,8a8e1b3c-607e-4ada-b3fd-fa639727e92c__ep1,ep1,test,3330,3349,14.551889419555664,7.928717613220215,0.33993831276893616,0.5024557709693909,0.7065046429634094
dense_20f_stride10:8a8e1b3c-607e-4ada-b3fd-fa639727e92c__ep1:qa:319,8a8e1b3c-607e-4ada-b3fd-fa639727e92c__ep1,ep1,test,3340,3359,14.551889419555664,3.057171583175659,0.23662427067756653,0.45176440477371216,0.5624082684516907
dense_20f_stride10:8a8e1b3c-607e-4ada-b3fd-fa639727e92c__ep1:qa:320,8a8e1b3c-607e-4ada-b3fd-fa639727e92c__ep1,ep1,test,3350,3369,17.008577346801758,10.013428688049316,0.2722727656364441,0.45017266273498535,0.6239921450614929
dense_20f_stride10:8a8e1b3c-607e-4ada-b3fd-fa639727e92c__ep1:qa:324,8a8e1b3c-607e-4ada-b3fd-fa639727e92c__ep1,ep1,test,3400,3419,18.063201904296875,11.01844310760498,0.3499438464641571,0.5525878667831421,0.757888674736023
dense_20f_stride10:8a8e1b3c-607e-4ada-b3fd-fa639727e92c__ep1:qa:325,8a8e1b3c-607e-4ada-b3fd-fa639727e92c__ep1,ep1,test,3410,3429,18.063201904296875,12.717656135559082,0.3358372747898102,0.5292410850524902,0.7305962443351746
dense_20f_stride10:8a8e1b3c-607e-4ada-b3fd-fa639727e92c__ep1:qa:326,8a8e1b3c-607e-4ada-b3fd-fa639727e92c__ep1,ep1,test,3420,3439,18.063201904296875,11.746947288513184,0.21126025915145874,0.33099305629730225,0.4433366358280182
dense_20f_stride10:8a8e1b3c-607e-4ada-b3fd-fa639727e92c__ep1:qa:351,8a8e1b3c-607e-4ada-b3fd-fa639727e92c__ep1,ep1,test,3680,3699,0.0,5.910974502563477,0.11740553379058838,0.19903288781642914,0.2606724202632904
dense_20f_stride10:8a8e1b3c-607e-4ada-b3fd-fa639727e92c__ep1:qa:352,8a8e1b3c-607e-4ada-b3fd-fa639727e92c__ep1,ep1,test,3690,3709,0.0,6.3375654220581055,0.12721043825149536,0.21339693665504456,0.2888509929180145
dense_20f_stride10:8a8e1b3c-607e-4ada-b3fd-fa639727e92c__ep1:qa:353,8a8e1b3c-607e-4ada-b3fd-fa639727e92c__ep1,ep1,test,3700,3719,0.0,8.35781478881836,0.1506243795156479,0.2814222574234009,0.3764413595199585
dense_20f_stride10:8a8e1b3c-607e-4ada-b3fd-fa639727e92c__ep1:qa:354,8a8e1b3c-607e-4ada-b3fd-fa639727e92c__ep1,ep1,test,3710,3729,0.0,5.330386161804199,0.11202544718980789,0.17948344349861145,0.22653213143348694
dense_20f_stride10:8a8e1b3c-607e-4ada-b3fd-fa639727e92c__ep1:qa:366,8a8e1b3c-607e-4ada-b3fd-fa639727e92c__ep1,ep1,test,3840,3859,16.332050323486328,15.260507583618164,0.37411269545555115,0.5294907093048096,0.7179194092750549
dense_20f_stride10:8a8e1b3c-607e-4ada-b3fd-fa639727e92c__ep1:qa:367,8a8e1b3c-607e-4ada-b3fd-fa639727e92c__ep1,ep1,test,3850,3869,16.332050323486328,14.200779914855957,0.36845719814300537,0.5034676790237427,0.6821181178092957
dense_20f_stride10:8a8e1b3c-607e-4ada-b3fd-fa639727e92c__ep1:qa:368,8a8e1b3c-607e-4ada-b3fd-fa639727e92c__ep1,ep1,test,3860,3879,16.332050323486328,13.842717170715332,0.3573235869407654,0.48901692032814026,0.6629287004470825
dense_20f_stride10:8a8e1b3c-607e-4ada-b3fd-fa639727e92c__ep1:qa:381,8a8e1b3c-607e-4ada-b3fd-fa639727e92c__ep1,ep1,test,4000,4019,15.1097412109375,4.216198921203613,0.3056509792804718,0.466044157743454,0.6310203671455383
dense_20f_stride10:8a8e1b3c-607e-4ada-b3fd-fa639727e92c__ep1:qa:382,8a8e1b3c-607e-4ada-b3fd-fa639727e92c__ep1,ep1,test,4010,4029,15.521560668945312,0.9006662964820862,0.34570711851119995,0.5051970481872559,0.6686303615570068
dense_20f_stride10:8a8e1b3c-607e-4ada-b3fd-fa639727e92c__ep1:qa:383,8a8e1b3c-607e-4ada-b3fd-fa639727e92c__ep1,ep1,test,4020,4039,14.616246223449707,1.0527687072753906,0.33881664276123047,0.48783618211746216,0.6315289735794067
dense_20f_stride10:8a8e1b3c-607e-4ada-b3fd-fa639727e92c__ep1:qa:388,8a8e1b3c-607e-4ada-b3fd-fa639727e92c__ep1,ep1,test,4080,4099,13.205056190490723,7.35463285446167,0.30286362767219543,0.433355450630188,0.647491991519928
dense_20f_stride10:8a8e1b3c-607e-4ada-b3fd-fa639727e92c__ep1:qa:389,8a8e1b3c-607e-4ada-b3fd-fa639727e92c__ep1,ep1,test,4090,4109,13.205056190490723,6.414320945739746,0.29977700114250183,0.4307485818862915,0.6376283764839172
dense_20f_stride10:8a8e1b3c-607e-4ada-b3fd-fa639727e92c__ep1:qa:390,8a8e1b3c-607e-4ada-b3fd-fa639727e92c__ep1,ep1,test,4100,4119,13.205056190490723,10.749252319335938,0.32297369837760925,0.4332432150840759,0.648203432559967
dense_20f_stride10:8a8e1b3c-607e-4ada-b3fd-fa639727e92c__ep1:qa:391,8a8e1b3c-607e-4ada-b3fd-fa639727e92c__ep1,ep1,test,4110,4129,13.205056190490723,11.076233863830566,0.3251570463180542,0.44911253452301025,0.6745595335960388
dense_20f_stride10:8a8e1b3c-607e-4ada-b3fd-fa639727e92c__ep1:qa:403,8a8e1b3c-607e-4ada-b3fd-fa639727e92c__ep1,ep1,test,4240,4259,15.073311805725098,11.999297142028809,0.20658086240291595,0.32042694091796875,0.4222285747528076
dense_20f_stride10:8a8e1b3c-607e-4ada-b3fd-fa639727e92c__ep1:qa:404,8a8e1b3c-607e-4ada-b3fd-fa639727e92c__ep1,ep1,test,4250,4269,15.073311805725098,8.96680736541748,0.28920379281044006,0.4348592758178711,0.5724387764930725
dense_20f_stride10:8a8e1b3c-607e-4ada-b3fd-fa639727e92c__ep1:qa:405,8a8e1b3c-607e-4ada-b3fd-fa639727e92c__ep1,ep1,test,4260,4279,15.073311805725098,7.143858909606934,0.2851210832595825,0.41742268204689026,0.546379029750824
dense_20f_stride10:8a8e1b3c-607e-4ada-b3fd-fa639727e92c__ep1:qa:418,8a8e1b3c-607e-4ada-b3fd-fa639727e92c__ep1,ep1,test,4400,4419,19.102529525756836,38.74870681762695,0.5383567810058594,1.063692331314087,1.3013997077941895
dense_20f_stride10:8a8e1b3c-607e-4ada-b3fd-fa639727e92c__ep1:qa:419,8a8e1b3c-607e-4ada-b3fd-fa639727e92c__ep1,ep1,test,4410,4429,24.606346130371094,13.956665992736816,0.3153740465641022,0.5831183791160583,0.7746475338935852
dense_20f_stride10:8a8e1b3c-607e-4ada-b3fd-fa639727e92c__ep1:qa:420,8a8e1b3c-607e-4ada-b3fd-fa639727e92c__ep1,ep1,test,4420,4439,24.606346130371094,11.570015907287598,0.38190189003944397,0.6442110538482666,0.8504219055175781
dense_20f_stride10:8a8e1b3c-607e-4ada-b3fd-fa639727e92c__ep1:qa:421,8a8e1b3c-607e-4ada-b3fd-fa639727e92c__ep1,ep1,test,4430,4449,25.90742301940918,12.386460304260254,0.4056907892227173,0.6994880437850952,0.8919380903244019
dense_20f_stride10:8a8e1b3c-607e-4ada-b3fd-fa639727e92c__ep1:qa:425,8a8e1b3c-607e-4ada-b3fd-fa639727e92c__ep1,ep1,test,4480,4499,0.0,7.269798278808594,0.1210957020521164,0.2447868436574936,0.2961759567260742
dense_20f_stride10:8a8e1b3c-607e-4ada-b3fd-fa639727e92c__ep1:qa:426,8a8e1b3c-607e-4ada-b3fd-fa639727e92c__ep1,ep1,test,4490,4509,0.0,9.053757667541504,0.1768508404493332,0.3048558831214905,0.39702507853507996
dense_20f_stride10:8a8e1b3c-607e-4ada-b3fd-fa639727e92c__ep1:qa:427,8a8e1b3c-607e-4ada-b3fd-fa639727e92c__ep1,ep1,test,4500,4519,0.0,8.71971321105957,0.17403212189674377,0.29360800981521606,0.37824419140815735
dense_20f_stride10:8a8e1b3c-607e-4ada-b3fd-fa639727e92c__ep1:qa:440,8a8e1b3c-607e-4ada-b3fd-fa639727e92c__ep1,ep1,test,4640,4659,0.0,6.4483113288879395,0.1240178644657135,0.21712593734264374,0.2642977833747864
dense_20f_stride10:8a8e1b3c-607e-4ada-b3fd-fa639727e92c__ep1:qa:441,8a8e1b3c-607e-4ada-b3fd-fa639727e92c__ep1,ep1,test,4650,4669,0.0,8.3856840133667,0.1748645156621933,0.28236067295074463,0.37184828519821167
dense_20f_stride10:8a8e1b3c-607e-4ada-b3fd-fa639727e92c__ep1:qa:442,8a8e1b3c-607e-4ada-b3fd-fa639727e92c__ep1,ep1,test,4660,4679,0.0,6.584935665130615,0.1269611418247223,0.22172631323337555,0.2609691619873047
dense_20f_stride10:8a8e1b3c-607e-4ada-b3fd-fa639727e92c__ep1:qa:447,8a8e1b3c-607e-4ada-b3fd-fa639727e92c__ep1,ep1,test,4720,4739,0.0,4.562926292419434,0.08161473274230957,0.1536417156457901,0.18740080296993256
dense_20f_stride10:8a8e1b3c-607e-4ada-b3fd-fa639727e92c__ep1:qa:448,8a8e1b3c-607e-4ada-b3fd-fa639727e92c__ep1,ep1,test,4730,4749,0.0,6.461808681488037,0.13305720686912537,0.2175804227590561,0.29354074597358704
dense_20f_stride10:8a8e1b3c-607e-4ada-b3fd-fa639727e92c__ep1:qa:449,8a8e1b3c-607e-4ada-b3fd-fa639727e92c__ep1,ep1,test,4740,4759,0.0,4.0759968757629395,0.07080107182264328,0.13724595308303833,0.17669713497161865
dense_20f_stride10:8a8e1b3c-607e-4ada-b3fd-fa639727e92c__ep1:qa:450,8a8e1b3c-607e-4ada-b3fd-fa639727e92c__ep1,ep1,test,4750,4769,0.0,3.5672218799591064,0.07462679594755173,0.12011461704969406,0.158436119556427
dense_20f_stride10:8a8e1b3c-607e-4ada-b3fd-fa639727e92c__ep1:qa:454,8a8e1b3c-607e-4ada-b3fd-fa639727e92c__ep1,ep1,test,4800,4819,0.0,2.637613534927368,0.05679631978273392,0.08881306648254395,0.10638032108545303
dense_20f_stride10:8a8e1b3c-607e-4ada-b3fd-fa639727e92c__ep1:qa:455,8a8e1b3c-607e-4ada-b3fd-fa639727e92c__ep1,ep1,test,4810,4829,0.0,3.60003399848938,0.0704304426908493,0.1212194487452507,0.14836439490318298
dense_20f_stride10:8a8e1b3c-607e-4ada-b3fd-fa639727e92c__ep1:qa:456,8a8e1b3c-607e-4ada-b3fd-fa639727e92c__ep1,ep1,test,4820,4839,0.0,6.0344157218933105,0.10519056022167206,0.20318935811519623,0.24625040590763092
dense_20f_stride10:8a8e1b3c-607e-4ada-b3fd-fa639727e92c__ep1:qa:457,8a8e1b3c-607e-4ada-b3fd-fa639727e92c__ep1,ep1,test,4830,4849,0.0,6.741968631744385,0.13205739855766296,0.22701388597488403,0.2759528160095215
dense_20f_stride10:8a8e1b3c-607e-4ada-b3fd-fa639727e92c__ep1:qa:461,8a8e1b3c-607e-4ada-b3fd-fa639727e92c__ep1,ep1,test,4880,4899,0.0,3.727754592895508,0.07418323308229446,0.1255200207233429,0.1636217087507248
dense_20f_stride10:8a8e1b3c-607e-4ada-b3fd-fa639727e92c__ep1:qa:462,8a8e1b3c-607e-4ada-b3fd-fa639727e92c__ep1,ep1,test,4890,4909,0.0,7.653374671936035,0.15271176397800446,0.2577025294303894,0.33592164516448975
dense_20f_stride10:8a8e1b3c-607e-4ada-b3fd-fa639727e92c__ep1:qa:463,8a8e1b3c-607e-4ada-b3fd-fa639727e92c__ep1,ep1,test,4900,4919,0.0,9.369778633117676,0.1661585420370102,0.31549686193466187,0.39078494906425476
dense_20f_stride10:a1012a57-385e-45a9-8a59-694a26fe92a5__ep1:qa:0,a1012a57-385e-45a9-8a59-694a26fe92a5__ep1,ep1,test,0,19,15.71673583984375,13.198887825012207,0.2258121222257614,0.34299972653388977,0.44589948654174805
dense_20f_stride10:a1012a57-385e-45a9-8a59-694a26fe92a5__ep1:qa:1,a1012a57-385e-45a9-8a59-694a26fe92a5__ep1,ep1,test,10,29,15.837528228759766,13.01790714263916,0.06681731343269348,0.10895827412605286,0.14094345271587372
dense_20f_stride10:a1012a57-385e-45a9-8a59-694a26fe92a5__ep1:qa:2,a1012a57-385e-45a9-8a59-694a26fe92a5__ep1,ep1,test,20,39,13.225178718566895,11.858405113220215,0.18730074167251587,0.29602134227752686,0.4239458441734314
dense_20f_stride10:a1012a57-385e-45a9-8a59-694a26fe92a5__ep1:qa:3,a1012a57-385e-45a9-8a59-694a26fe92a5__ep1,ep1,test,30,49,12.455686569213867,10.905425071716309,0.15582522749900818,0.252427339553833,0.35742664337158203
dense_20f_stride10:a1012a57-385e-45a9-8a59-694a26fe92a5__ep1:qa:4,a1012a57-385e-45a9-8a59-694a26fe92a5__ep1,ep1,test,40,59,13.238113403320312,10.730831146240234,0.10413435101509094,0.16165927052497864,0.21763058006763458
dense_20f_stride10:a1012a57-385e-45a9-8a59-694a26fe92a5__ep1:qa:5,a1012a57-385e-45a9-8a59-694a26fe92a5__ep1,ep1,test,50,69,14.191202163696289,11.40717601776123,0.10961682349443436,0.1761474907398224,0.2234572321176529
dense_20f_stride10:a1012a57-385e-45a9-8a59-694a26fe92a5__ep1:qa:6,a1012a57-385e-45a9-8a59-694a26fe92a5__ep1,ep1,test,60,79,14.436052322387695,10.913467407226562,0.12832951545715332,0.19029293954372406,0.27028635144233704
dense_20f_stride10:a1012a57-385e-45a9-8a59-694a26fe92a5__ep1:qa:7,a1012a57-385e-45a9-8a59-694a26fe92a5__ep1,ep1,test,70,89,16.19489288330078,12.108798027038574,0.1240190640091896,0.18029136955738068,0.2653157413005829
dense_20f_stride10:a1012a57-385e-45a9-8a59-694a26fe92a5__ep1:qa:8,a1012a57-385e-45a9-8a59-694a26fe92a5__ep1,ep1,test,80,99,17.26273536682129,8.932558059692383,0.1818314492702484,0.2972211241722107,0.38935521245002747
dense_20f_stride10:a1012a57-385e-45a9-8a59-694a26fe92a5__ep1:qa:9,a1012a57-385e-45a9-8a59-694a26fe92a5__ep1,ep1,test,90,109,17.60978126525879,12.616714477539062,0.12182608246803284,0.18225330114364624,0.24215513467788696
dense_20f_stride10:a1012a57-385e-45a9-8a59-694a26fe92a5__ep1:qa:10,a1012a57-385e-45a9-8a59-694a26fe92a5__ep1,ep1,test,100,119,17.113374710083008,11.942413330078125,0.1437118947505951,0.20696257054805756,0.26864197850227356
dense_20f_stride10:a1012a57-385e-45a9-8a59-694a26fe92a5__ep1:qa:11,a1012a57-385e-45a9-8a59-694a26fe92a5__ep1,ep1,test,110,129,17.169729232788086,11.584897994995117,0.14259371161460876,0.21708378195762634,0.2754882574081421
dense_20f_stride10:a1012a57-385e-45a9-8a59-694a26fe92a5__ep1:qa:12,a1012a57-385e-45a9-8a59-694a26fe92a5__ep1,ep1,test,120,139,17.88631820678711,11.377290725708008,0.16796563565731049,0.26426318287849426,0.3479292392730713
dense_20f_stride10:a1012a57-385e-45a9-8a59-694a26fe92a5__ep1:qa:13,a1012a57-385e-45a9-8a59-694a26fe92a5__ep1,ep1,test,130,149,18.428258895874023,10.854381561279297,0.21913599967956543,0.3203432857990265,0.4076234996318817
dense_20f_stride10:a1012a57-385e-45a9-8a59-694a26fe92a5__ep1:qa:14,a1012a57-385e-45a9-8a59-694a26fe92a5__ep1,ep1,test,140,159,18.428258895874023,13.338179588317871,0.26438382267951965,0.4005807340145111,0.49658888578414917
dense_20f_stride10:a1012a57-385e-45a9-8a59-694a26fe92a5__ep1:qa:15,a1012a57-385e-45a9-8a59-694a26fe92a5__ep1,ep1,test,150,169,18.456926345825195,12.851404190063477,0.13189949095249176,0.2069450318813324,0.25850626826286316
dense_20f_stride10:a1012a57-385e-45a9-8a59-694a26fe92a5__ep1:qa:16,a1012a57-385e-45a9-8a59-694a26fe92a5__ep1,ep1,test,160,179,17.657873153686523,12.733114242553711,0.14704057574272156,0.21942733228206635,0.2883807420730591
dense_20f_stride10:a1012a57-385e-45a9-8a59-694a26fe92a5__ep1:qa:17,a1012a57-385e-45a9-8a59-694a26fe92a5__ep1,ep1,test,170,189,16.812036514282227,13.561728477478027,0.12866006791591644,0.19446000456809998,0.261028915643692
dense_20f_stride10:a1012a57-385e-45a9-8a59-694a26fe92a5__ep1:qa:18,a1012a57-385e-45a9-8a59-694a26fe92a5__ep1,ep1,test,180,199,16.044830322265625,13.371346473693848,0.11189732700586319,0.15804341435432434,0.22070354223251343
dense_20f_stride10:a1012a57-385e-45a9-8a59-694a26fe92a5__ep1:qa:19,a1012a57-385e-45a9-8a59-694a26fe92a5__ep1,ep1,test,190,209,15.548063278198242,16.083484649658203,0.1763491928577423,0.2513985335826874,0.337118923664093
dense_20f_stride10:a1012a57-385e-45a9-8a59-694a26fe92a5__ep1:qa:20,a1012a57-385e-45a9-8a59-694a26fe92a5__ep1,ep1,test,200,219,15.161849975585938,16.114736557006836,0.1941491663455963,0.26485925912857056,0.3649369776248932
dense_20f_stride10:a1012a57-385e-45a9-8a59-694a26fe92a5__ep1:qa:21,a1012a57-385e-45a9-8a59-694a26fe92a5__ep1,ep1,test,210,229,14.749619483947754,14.408361434936523,0.17112375795841217,0.2511313259601593,0.33712032437324524
dense_20f_stride10:a1012a57-385e-45a9-8a59-694a26fe92a5__ep1:qa:22,a1012a57-385e-45a9-8a59-694a26fe92a5__ep1,ep1,test,220,239,15.185920715332031,14.35346508026123,0.1868552565574646,0.2684513330459595,0.37069520354270935
dense_20f_stride10:a1012a57-385e-45a9-8a59-694a26fe92a5__ep1:qa:23,a1012a57-385e-45a9-8a59-694a26fe92a5__ep1,ep1,test,240,259,17.383441925048828,13.473587036132812,0.18178828060626984,0.26990950107574463,0.33974799513816833
dense_20f_stride10:a1012a57-385e-45a9-8a59-694a26fe92a5__ep1:qa:24,a1012a57-385e-45a9-8a59-694a26fe92a5__ep1,ep1,test,250,269,17.139657974243164,12.746139526367188,0.15074673295021057,0.24965761601924896,0.2979779541492462
dense_20f_stride10:a1012a57-385e-45a9-8a59-694a26fe92a5__ep1:qa:25,a1012a57-385e-45a9-8a59-694a26fe92a5__ep1,ep1,test,260,279,17.139657974243164,11.891629219055176,0.15244099497795105,0.25328004360198975,0.3183634281158447
dense_20f_stride10:a1012a57-385e-45a9-8a59-694a26fe92a5__ep1:qa:26,a1012a57-385e-45a9-8a59-694a26fe92a5__ep1,ep1,test,270,289,17.00649070739746,10.863879203796387,0.16844205558300018,0.24371856451034546,0.32544541358947754
dense_20f_stride10:a1012a57-385e-45a9-8a59-694a26fe92a5__ep1:qa:27,a1012a57-385e-45a9-8a59-694a26fe92a5__ep1,ep1,test,280,299,16.94746971130371,12.59620475769043,0.14994002878665924,0.2217606008052826,0.28306660056114197
dense_20f_stride10:a1012a57-385e-45a9-8a59-694a26fe92a5__ep1:qa:28,a1012a57-385e-45a9-8a59-694a26fe92a5__ep1,ep1,test,290,309,16.89045524597168,10.824735641479492,0.1980648934841156,0.3445888161659241,0.4129278361797333
dense_20f_stride10:a1012a57-385e-45a9-8a59-694a26fe92a5__ep1:qa:29,a1012a57-385e-45a9-8a59-694a26fe92a5__ep1,ep1,test,300,319,16.89045524597168,9.808798789978027,0.22245509922504425,0.33744919300079346,0.41122445464134216
dense_20f_stride10:a1012a57-385e-45a9-8a59-694a26fe92a5__ep1:qa:30,a1012a57-385e-45a9-8a59-694a26fe92a5__ep1,ep1,test,310,329,16.91653823852539,11.343953132629395,0.18659983575344086,0.3637615442276001,0.43648284673690796
dense_20f_stride10:a1012a57-385e-45a9-8a59-694a26fe92a5__ep1:qa:31,a1012a57-385e-45a9-8a59-694a26fe92a5__ep1,ep1,test,320,339,16.9046573638916,14.680679321289062,0.2176268845796585,0.4043109118938446,0.493516206741333
dense_20f_stride10:a1012a57-385e-45a9-8a59-694a26fe92a5__ep1:qa:32,a1012a57-385e-45a9-8a59-694a26fe92a5__ep1,ep1,test,330,349,16.905302047729492,10.6597900390625,0.2494174987077713,0.4572780430316925,0.5411540865898132
dense_20f_stride10:a1012a57-385e-45a9-8a59-694a26fe92a5__ep1:qa:33,a1012a57-385e-45a9-8a59-694a26fe92a5__ep1,ep1,test,340,359,16.887632369995117,11.080774307250977,0.20249661803245544,0.32576677203178406,0.3980039656162262
dense_20f_stride10:a1012a57-385e-45a9-8a59-694a26fe92a5__ep1:qa:34,a1012a57-385e-45a9-8a59-694a26fe92a5__ep1,ep1,test,360,379,16.969804763793945,11.493749618530273,0.1678493767976761,0.2867850065231323,0.3543176054954529
dense_20f_stride10:a1012a57-385e-45a9-8a59-694a26fe92a5__ep1:qa:35,a1012a57-385e-45a9-8a59-694a26fe92a5__ep1,ep1,test,370,389,17.038129806518555,12.018960952758789,0.15660181641578674,0.26111695170402527,0.30948126316070557
dense_20f_stride10:a1012a57-385e-45a9-8a59-694a26fe92a5__ep1:qa:36,a1012a57-385e-45a9-8a59-694a26fe92a5__ep1,ep1,test,380,399,17.179725646972656,12.159086227416992,0.17418231070041656,0.2789995074272156,0.33351173996925354
dense_20f_stride10:a1012a57-385e-45a9-8a59-694a26fe92a5__ep1:qa:37,a1012a57-385e-45a9-8a59-694a26fe92a5__ep1,ep1,test,400,419,16.91204261779785,13.227476119995117,0.14257566630840302,0.21940621733665466,0.26081836223602295
dense_20f_stride10:a1012a57-385e-45a9-8a59-694a26fe92a5__ep1:qa:38,a1012a57-385e-45a9-8a59-694a26fe92a5__ep1,ep1,test,410,429,16.88066864013672,12.97649097442627,0.15662680566310883,0.24822844564914703,0.2878052294254303
dense_20f_stride10:a1012a57-385e-45a9-8a59-694a26fe92a5__ep1:qa:39,a1012a57-385e-45a9-8a59-694a26fe92a5__ep1,ep1,test,420,439,16.84920883178711,12.76236629486084,0.15253567695617676,0.23572729527950287,0.2767632305622101
dense_20f_stride10:a1012a57-385e-45a9-8a59-694a26fe92a5__ep1:qa:40,a1012a57-385e-45a9-8a59-694a26fe92a5__ep1,ep1,test,430,449,16.757261276245117,12.789239883422852,0.15001295506954193,0.22785523533821106,0.2724544107913971
dense_20f_stride10:a1012a57-385e-45a9-8a59-694a26fe92a5__ep1:qa:41,a1012a57-385e-45a9-8a59-694a26fe92a5__ep1,ep1,test,440,459,16.629743576049805,12.813395500183105,0.1429387927055359,0.21526698768138885,0.26021119952201843
dense_20f_stride10:a1012a57-385e-45a9-8a59-694a26fe92a5__ep1:qa:42,a1012a57-385e-45a9-8a59-694a26fe92a5__ep1,ep1,test,450,469,16.61295509338379,11.947365760803223,0.1558047980070114,0.21893271803855896,0.28941458463668823
dense_20f_stride10:a1012a57-385e-45a9-8a59-694a26fe92a5__ep1:qa:43,a1012a57-385e-45a9-8a59-694a26fe92a5__ep1,ep1,test,460,479,17.247344970703125,11.961718559265137,0.1766994446516037,0.24184507131576538,0.337144136428833
dense_20f_stride10:a1012a57-385e-45a9-8a59-694a26fe92a5__ep1:qa:44,a1012a57-385e-45a9-8a59-694a26fe92a5__ep1,ep1,test,470,489,16.698728561401367,12.83510971069336,0.14501671493053436,0.2023629993200302,0.28571951389312744
dense_20f_stride10:a1012a57-385e-45a9-8a59-694a26fe92a5__ep1:qa:45,a1012a57-385e-45a9-8a59-694a26fe92a5__ep1,ep1,test,480,499,16.327678680419922,11.484658241271973,0.15819378197193146,0.2328481823205948,0.3163261413574219
dense_20f_stride10:a1012a57-385e-45a9-8a59-694a26fe92a5__ep1:qa:46,a1012a57-385e-45a9-8a59-694a26fe92a5__ep1,ep1,test,490,509,14.017133712768555,12.8305082321167,0.10611167550086975,0.17697420716285706,0.21350634098052979
dense_20f_stride10:a1012a57-385e-45a9-8a59-694a26fe92a5__ep1:qa:47,a1012a57-385e-45a9-8a59-694a26fe92a5__ep1,ep1,test,500,519,15.42977237701416,11.355772018432617,0.14416475594043732,0.22632330656051636,0.2895458936691284
dense_20f_stride10:a1012a57-385e-45a9-8a59-694a26fe92a5__ep1:qa:48,a1012a57-385e-45a9-8a59-694a26fe92a5__ep1,ep1,test,510,529,15.764647483825684,11.488801956176758,0.15922006964683533,0.23462937772274017,0.32091423869132996
dense_20f_stride10:a1012a57-385e-45a9-8a59-694a26fe92a5__ep1:qa:49,a1012a57-385e-45a9-8a59-694a26fe92a5__ep1,ep1,test,520,539,16.522663116455078,12.594602584838867,0.1491393744945526,0.21786348521709442,0.2891456186771393
dense_20f_stride10:a1012a57-385e-45a9-8a59-694a26fe92a5__ep1:qa:50,a1012a57-385e-45a9-8a59-694a26fe92a5__ep1,ep1,test,530,549,16.626895904541016,12.99742317199707,0.15064120292663574,0.21278290450572968,0.28503692150115967
dense_20f_stride10:a1012a57-385e-45a9-8a59-694a26fe92a5__ep1:qa:51,a1012a57-385e-45a9-8a59-694a26fe92a5__ep1,ep1,test,540,559,16.26090431213379,13.586950302124023,0.14463400840759277,0.2133401334285736,0.2623702883720398
dense_20f_stride10:a1012a57-385e-45a9-8a59-694a26fe92a5__ep1:qa:52,a1012a57-385e-45a9-8a59-694a26fe92a5__ep1,ep1,test,550,569,15.834590911865234,12.58499813079834,0.1029016375541687,0.1493014395236969,0.20724783837795258
dense_20f_stride10:a1012a57-385e-45a9-8a59-694a26fe92a5__ep1:qa:53,a1012a57-385e-45a9-8a59-694a26fe92a5__ep1,ep1,test,560,579,15.80255126953125,13.233447074890137,0.15101458132266998,0.214535191655159,0.29003429412841797
dense_20f_stride10:a1012a57-385e-45a9-8a59-694a26fe92a5__ep1:qa:54,a1012a57-385e-45a9-8a59-694a26fe92a5__ep1,ep1,test,570,589,16.435216903686523,21.002046585083008,0.2832389771938324,0.5668650269508362,0.6847507953643799
dense_20f_stride10:a1012a57-385e-45a9-8a59-694a26fe92a5__ep1:qa:55,a1012a57-385e-45a9-8a59-694a26fe92a5__ep1,ep1,test,580,599,16.435216903686523,24.142038345336914,0.39653119444847107,0.732685387134552,0.9138155579566956
dense_20f_stride10:a1012a57-385e-45a9-8a59-694a26fe92a5__ep1:qa:56,a1012a57-385e-45a9-8a59-694a26fe92a5__ep1,ep1,test,590,609,16.21681785583496,12.987811088562012,0.2811089754104614,0.4312136471271515,0.5099951028823853
dense_20f_stride10:a1012a57-385e-45a9-8a59-694a26fe92a5__ep1:qa:57,a1012a57-385e-45a9-8a59-694a26fe92a5__ep1,ep1,test,600,619,16.21681785583496,9.4403715133667,0.17383015155792236,0.2695139944553375,0.3267807960510254
dense_20f_stride10:a1012a57-385e-45a9-8a59-694a26fe92a5__ep1:qa:58,a1012a57-385e-45a9-8a59-694a26fe92a5__ep1,ep1,test,610,629,16.37854766845703,12.63247013092041,0.16609299182891846,0.23290708661079407,0.300616055727005
dense_20f_stride10:a1012a57-385e-45a9-8a59-694a26fe92a5__ep1:qa:59,a1012a57-385e-45a9-8a59-694a26fe92a5__ep1,ep1,test,620,639,16.37854766845703,11.757118225097656,0.10121620446443558,0.1692350208759308,0.2129116654396057
dense_20f_stride10:a1012a57-385e-45a9-8a59-694a26fe92a5__ep1:qa:60,a1012a57-385e-45a9-8a59-694a26fe92a5__ep1,ep1,test,630,649,16.18065071105957,15.600860595703125,0.13347387313842773,0.2257372885942459,0.2845507264137268
dense_20f_stride10:a1012a57-385e-45a9-8a59-694a26fe92a5__ep1:qa:61,a1012a57-385e-45a9-8a59-694a26fe92a5__ep1,ep1,test,640,659,16.18065071105957,19.054052352905273,0.3662000596523285,0.5723376274108887,0.7462748885154724
dense_20f_stride10:a1012a57-385e-45a9-8a59-694a26fe92a5__ep1:qa:62,a1012a57-385e-45a9-8a59-694a26fe92a5__ep1,ep1,test,650,669,15.975988388061523,13.080506324768066,0.16433145105838776,0.2393498420715332,0.31990402936935425
dense_20f_stride10:a1012a57-385e-45a9-8a59-694a26fe92a5__ep1:qa:63,a1012a57-385e-45a9-8a59-694a26fe92a5__ep1,ep1,test,660,679,15.975988388061523,11.999427795410156,0.15246574580669403,0.2395540326833725,0.2968979477882385
dense_20f_stride10:a1012a57-385e-45a9-8a59-694a26fe92a5__ep1:qa:496,a1012a57-385e-45a9-8a59-694a26fe92a5__ep1,ep1,test,5000,5019,14.289424896240234,9.887347221374512,0.10580314695835114,0.18340198695659637,0.21572370827198029
dense_20f_stride10:a1012a57-385e-45a9-8a59-694a26fe92a5__ep1:qa:497,a1012a57-385e-45a9-8a59-694a26fe92a5__ep1,ep1,test,5010,5029,13.496784210205078,9.242634773254395,0.10897524654865265,0.17882317304611206,0.23556679487228394
dense_20f_stride10:a1012a57-385e-45a9-8a59-694a26fe92a5__ep1:qa:498,a1012a57-385e-45a9-8a59-694a26fe92a5__ep1,ep1,test,5020,5039,13.023351669311523,8.616182327270508,0.10699448734521866,0.18092890083789825,0.23411113023757935
dense_20f_stride10:a1012a57-385e-45a9-8a59-694a26fe92a5__ep1:qa:499,a1012a57-385e-45a9-8a59-694a26fe92a5__ep1,ep1,test,5030,5049,11.788213729858398,10.615348815917969,0.06452817469835281,0.10417704284191132,0.12223482131958008
dense_20f_stride10:a1012a57-385e-45a9-8a59-694a26fe92a5__ep1:qa:500,a1012a57-385e-45a9-8a59-694a26fe92a5__ep1,ep1,test,5040,5059,12.891220092773438,10.102418899536133,0.07284201681613922,0.1289699673652649,0.1669214963912964
dense_20f_stride10:a1012a57-385e-45a9-8a59-694a26fe92a5__ep1:qa:501,a1012a57-385e-45a9-8a59-694a26fe92a5__ep1,ep1,test,5050,5069,13.241992950439453,10.02799129486084,0.08850555866956711,0.14576348662376404,0.19469861686229706
dense_20f_stride10:a1012a57-385e-45a9-8a59-694a26fe92a5__ep1:qa:502,a1012a57-385e-45a9-8a59-694a26fe92a5__ep1,ep1,test,5060,5079,13.846556663513184,7.250948429107666,0.11910782009363174,0.2282988280057907,0.26833194494247437
dense_20f_stride10:a1012a57-385e-45a9-8a59-694a26fe92a5__ep1:qa:503,a1012a57-385e-45a9-8a59-694a26fe92a5__ep1,ep1,test,5070,5089,13.8176908493042,7.788613319396973,0.11570555716753006,0.20993471145629883,0.24778996407985687
dense_20f_stride10:a1012a57-385e-45a9-8a59-694a26fe92a5__ep1:qa:504,a1012a57-385e-45a9-8a59-694a26fe92a5__ep1,ep1,test,5080,5099,13.060820579528809,7.808144569396973,0.11652375757694244,0.19366684556007385,0.2540756165981293
dense_20f_stride10:a1012a57-385e-45a9-8a59-694a26fe92a5__ep1:qa:505,a1012a57-385e-45a9-8a59-694a26fe92a5__ep1,ep1,test,5090,5109,12.51377010345459,6.839076995849609,0.13693486154079437,0.21089178323745728,0.2907084822654724
dense_20f_stride10:a1012a57-385e-45a9-8a59-694a26fe92a5__ep1:qa:506,a1012a57-385e-45a9-8a59-694a26fe92a5__ep1,ep1,test,5100,5119,13.209324836730957,6.764599800109863,0.14521260559558868,0.23414726555347443,0.3024580478668213
dense_20f_stride10:a1012a57-385e-45a9-8a59-694a26fe92a5__ep1:qa:507,a1012a57-385e-45a9-8a59-694a26fe92a5__ep1,ep1,test,5110,5129,12.368101119995117,11.85011100769043,0.08601413667201996,0.12680213153362274,0.16068562865257263
dense_20f_stride10:a1012a57-385e-45a9-8a59-694a26fe92a5__ep1:qa:508,a1012a57-385e-45a9-8a59-694a26fe92a5__ep1,ep1,test,5120,5139,12.414487838745117,10.78345775604248,0.08248384296894073,0.12529543042182922,0.16314522922039032
dense_20f_stride10:a1012a57-385e-45a9-8a59-694a26fe92a5__ep1:qa:509,a1012a57-385e-45a9-8a59-694a26fe92a5__ep1,ep1,test,5130,5149,12.48228645324707,8.880927085876465,0.08198253065347672,0.148732528090477,0.16959160566329956
dense_20f_stride10:a1012a57-385e-45a9-8a59-694a26fe92a5__ep1:qa:510,a1012a57-385e-45a9-8a59-694a26fe92a5__ep1,ep1,test,5140,5159,12.560847282409668,8.214204788208008,0.11426209658384323,0.18635889887809753,0.21917805075645447
dense_20f_stride10:a1012a57-385e-45a9-8a59-694a26fe92a5__ep1:qa:511,a1012a57-385e-45a9-8a59-694a26fe92a5__ep1,ep1,test,5150,5169,12.605600357055664,6.312319755554199,0.15414078533649445,0.25726446509361267,0.2970394194126129
dense_20f_stride10:a1012a57-385e-45a9-8a59-694a26fe92a5__ep1:qa:512,a1012a57-385e-45a9-8a59-694a26fe92a5__ep1,ep1,test,5160,5179,12.649515151977539,12.10949420928955,0.0989459976553917,0.1515069454908371,0.19711966812610626
dense_20f_stride10:a1012a57-385e-45a9-8a59-694a26fe92a5__ep1:qa:513,a1012a57-385e-45a9-8a59-694a26fe92a5__ep1,ep1,test,5170,5189,12.565373420715332,14.553327560424805,0.3128325939178467,0.43574947118759155,0.634028434753418
dense_20f_stride10:a1012a57-385e-45a9-8a59-694a26fe92a5__ep1:qa:514,a1012a57-385e-45a9-8a59-694a26fe92a5__ep1,ep1,test,5180,5199,12.565373420715332,13.588736534118652,0.2844354212284088,0.41245096921920776,0.5963843464851379
dense_20f_stride10:a1012a57-385e-45a9-8a59-694a26fe92a5__ep1:qa:515,a1012a57-385e-45a9-8a59-694a26fe92a5__ep1,ep1,test,5190,5209,0.0,11.237948417663574,0.19715608656406403,0.37840139865875244,0.45014023780822754
dense_20f_stride10:a1012a57-385e-45a9-8a59-694a26fe92a5__ep1:qa:516,a1012a57-385e-45a9-8a59-694a26fe92a5__ep1,ep1,test,5200,5219,0.0,10.577858924865723,0.18120552599430084,0.356175035238266,0.42375317215919495
dense_20f_stride10:a1012a57-385e-45a9-8a59-694a26fe92a5__ep1:qa:517,a1012a57-385e-45a9-8a59-694a26fe92a5__ep1,ep1,test,5210,5229,0.0,11.319574356079102,0.2087518572807312,0.38114991784095764,0.459709107875824
dense_20f_stride10:a1012a57-385e-45a9-8a59-694a26fe92a5__ep1:qa:518,a1012a57-385e-45a9-8a59-694a26fe92a5__ep1,ep1,test,5220,5239,0.0,11.515801429748535,0.23044443130493164,0.38775721192359924,0.4832744896411896
dense_20f_stride10:a1012a57-385e-45a9-8a59-694a26fe92a5__ep1:qa:519,a1012a57-385e-45a9-8a59-694a26fe92a5__ep1,ep1,test,5230,5249,0.0,10.935175895690918,0.1679924875497818,0.3682065010070801,0.4419659376144409
dense_20f_stride10:a1012a57-385e-45a9-8a59-694a26fe92a5__ep1:qa:520,a1012a57-385e-45a9-8a59-694a26fe92a5__ep1,ep1,test,5240,5259,0.0,11.308829307556152,0.22278229892253876,0.38078805804252625,0.48758089542388916
dense_20f_stride10:a1012a57-385e-45a9-8a59-694a26fe92a5__ep1:qa:521,a1012a57-385e-45a9-8a59-694a26fe92a5__ep1,ep1,test,5250,5269,0.0,11.050695419311523,0.2024061381816864,0.3720962703227997,0.4747328460216522
dense_20f_stride10:a1012a57-385e-45a9-8a59-694a26fe92a5__ep1:qa:522,a1012a57-385e-45a9-8a59-694a26fe92a5__ep1,ep1,test,5260,5279,0.0,11.238073348999023,0.2058103084564209,0.3784056305885315,0.46447327733039856
dense_20f_stride10:33f7ae08-ac1d-4321-9cb9-eca79016b359__ep1:qa:0,33f7ae08-ac1d-4321-9cb9-eca79016b359__ep1,ep1,test,0,19,0.0,2.661275625228882,0.05572596192359924,0.08960980921983719,0.1131502017378807
dense_20f_stride10:33f7ae08-ac1d-4321-9cb9-eca79016b359__ep1:qa:1,33f7ae08-ac1d-4321-9cb9-eca79016b359__ep1,ep1,test,10,29,0.0,3.210874557495117,0.05620080977678299,0.1081157699227333,0.1331004947423935
dense_20f_stride10:33f7ae08-ac1d-4321-9cb9-eca79016b359__ep1:qa:2,33f7ae08-ac1d-4321-9cb9-eca79016b359__ep1,ep1,test,20,39,0.0,3.602078914642334,0.06889981031417847,0.12128830701112747,0.15064425766468048
dense_20f_stride10:33f7ae08-ac1d-4321-9cb9-eca79016b359__ep1:qa:3,33f7ae08-ac1d-4321-9cb9-eca79016b359__ep1,ep1,test,30,49,0.0,5.209497451782227,0.10615970194339752,0.17541290819644928,0.21401818096637726
dense_20f_stride10:33f7ae08-ac1d-4321-9cb9-eca79016b359__ep1:qa:4,33f7ae08-ac1d-4321-9cb9-eca79016b359__ep1,ep1,test,40,59,0.0,5.198315620422363,0.1093778982758522,0.17503640055656433,0.21376769244670868
dense_20f_stride10:33f7ae08-ac1d-4321-9cb9-eca79016b359__ep1:qa:31,33f7ae08-ac1d-4321-9cb9-eca79016b359__ep1,ep1,test,320,339,0.0,4.47808313369751,0.08970380574464798,0.1507849097251892,0.18147608637809753
dense_20f_stride10:33f7ae08-ac1d-4321-9cb9-eca79016b359__ep1:qa:32,33f7ae08-ac1d-4321-9cb9-eca79016b359__ep1,ep1,test,330,349,0.0,5.677610874176025,0.12469300627708435,0.19117510318756104,0.23214711248874664
dense_20f_stride10:33f7ae08-ac1d-4321-9cb9-eca79016b359__ep1:qa:33,33f7ae08-ac1d-4321-9cb9-eca79016b359__ep1,ep1,test,340,359,0.0,3.4409854412078857,0.07607255131006241,0.11586400866508484,0.13988785445690155
dense_20f_stride10:33f7ae08-ac1d-4321-9cb9-eca79016b359__ep1:qa:34,33f7ae08-ac1d-4321-9cb9-eca79016b359__ep1,ep1,test,350,369,0.0,3.997938632965088,0.07576742768287659,0.13461759686470032,0.16246168315410614
dense_20f_stride10:33f7ae08-ac1d-4321-9cb9-eca79016b359__ep1:qa:35,33f7ae08-ac1d-4321-9cb9-eca79016b359__ep1,ep1,test,360,379,0.0,10.87913990020752,0.20648719370365143,0.3663196861743927,0.47537750005722046
dense_20f_stride10:33f7ae08-ac1d-4321-9cb9-eca79016b359__ep1:qa:38,33f7ae08-ac1d-4321-9cb9-eca79016b359__ep1,ep1,test,400,419,0.0,3.3114163875579834,0.05986480414867401,0.11150117963552475,0.13847514986991882
dense_20f_stride10:33f7ae08-ac1d-4321-9cb9-eca79016b359__ep1:qa:39,33f7ae08-ac1d-4321-9cb9-eca79016b359__ep1,ep1,test,410,429,36.73236846923828,3.7334041595458984,0.9190698862075806,1.2874336242675781,1.6483685970306396
dense_20f_stride10:33f7ae08-ac1d-4321-9cb9-eca79016b359__ep1:qa:40,33f7ae08-ac1d-4321-9cb9-eca79016b359__ep1,ep1,test,420,439,36.73236846923828,2.499009609222412,0.8384742736816406,1.2099432945251465,1.5248603820800781
dense_20f_stride10:33f7ae08-ac1d-4321-9cb9-eca79016b359__ep1:qa:41,33f7ae08-ac1d-4321-9cb9-eca79016b359__ep1,ep1,test,430,449,40.134246826171875,1.7582964897155762,0.9679269194602966,1.361278772354126,1.772531509399414
dense_20f_stride10:33f7ae08-ac1d-4321-9cb9-eca79016b359__ep1:qa:42,33f7ae08-ac1d-4321-9cb9-eca79016b359__ep1,ep1,test,440,459,40.134246826171875,3.048456907272339,0.9935324192047119,1.3879094123840332,1.8191276788711548
dense_20f_stride10:33f7ae08-ac1d-4321-9cb9-eca79016b359__ep1:qa:89,33f7ae08-ac1d-4321-9cb9-eca79016b359__ep1,ep1,test,920,939,33.4135856628418,32.84648895263672,0.4771994948387146,0.7399063110351562,0.9481454491615295
dense_20f_stride10:33f7ae08-ac1d-4321-9cb9-eca79016b359__ep1:qa:90,33f7ae08-ac1d-4321-9cb9-eca79016b359__ep1,ep1,test,930,949,31.005599975585938,33.0761833190918,0.4021795988082886,0.6827531456947327,0.8264701962471008
dense_20f_stride10:33f7ae08-ac1d-4321-9cb9-eca79016b359__ep1:qa:91,33f7ae08-ac1d-4321-9cb9-eca79016b359__ep1,ep1,test,940,959,28.898698806762695,29.557649612426758,0.6531732082366943,0.9008387327194214,1.3664655685424805
dense_20f_stride10:33f7ae08-ac1d-4321-9cb9-eca79016b359__ep1:qa:92,33f7ae08-ac1d-4321-9cb9-eca79016b359__ep1,ep1,test,950,969,0.0,9.385945320129395,0.2073650062084198,0.3160412311553955,0.3780055046081543
dense_20f_stride10:33f7ae08-ac1d-4321-9cb9-eca79016b359__ep1:qa:93,33f7ae08-ac1d-4321-9cb9-eca79016b359__ep1,ep1,test,960,979,0.0,11.966551780700684,0.27146485447883606,0.4029347598552704,0.47987738251686096
dense_20f_stride10:33f7ae08-ac1d-4321-9cb9-eca79016b359__ep1:qa:96,33f7ae08-ac1d-4321-9cb9-eca79016b359__ep1,ep1,test,1000,1019,20.4461727142334,5.626725673675537,0.35834264755249023,0.6006236672401428,0.8027817010879517
dense_20f_stride10:33f7ae08-ac1d-4321-9cb9-eca79016b359__ep1:qa:97,33f7ae08-ac1d-4321-9cb9-eca79016b359__ep1,ep1,test,1010,1029,20.4461727142334,7.366190433502197,0.35173147916793823,0.5718131065368652,0.756589412689209
dense_20f_stride10:33f7ae08-ac1d-4321-9cb9-eca79016b359__ep1:qa:98,33f7ae08-ac1d-4321-9cb9-eca79016b359__ep1,ep1,test,1020,1039,20.4461727142334,14.654918670654297,0.3247828483581543,0.4573439657688141,0.6223141551017761
dense_20f_stride10:33f7ae08-ac1d-4321-9cb9-eca79016b359__ep1:qa:99,33f7ae08-ac1d-4321-9cb9-eca79016b359__ep1,ep1,test,1030,1049,20.4461727142334,9.175694465637207,0.2970874011516571,0.5098132491111755,0.687233567237854
dense_20f_stride10:33f7ae08-ac1d-4321-9cb9-eca79016b359__ep1:qa:100,33f7ae08-ac1d-4321-9cb9-eca79016b359__ep1,ep1,test,1040,1059,20.4461727142334,4.49822998046875,0.34713828563690186,0.5887129902839661,0.7719919681549072
dense_20f_stride10:33f7ae08-ac1d-4321-9cb9-eca79016b359__ep1:qa:111,33f7ae08-ac1d-4321-9cb9-eca79016b359__ep1,ep1,test,1160,1179,29.2154598236084,13.118427276611328,0.625464141368866,0.8605065941810608,1.2172136306762695
dense_20f_stride10:33f7ae08-ac1d-4321-9cb9-eca79016b359__ep1:qa:112,33f7ae08-ac1d-4321-9cb9-eca79016b359__ep1,ep1,test,1170,1189,29.2154598236084,9.033269882202148,0.6121551990509033,0.9188646078109741,1.2158983945846558
dense_20f_stride10:33f7ae08-ac1d-4321-9cb9-eca79016b359__ep1:qa:113,33f7ae08-ac1d-4321-9cb9-eca79016b359__ep1,ep1,test,1180,1199,29.2154598236084,10.102184295654297,0.6223909854888916,0.92503821849823,1.2347639799118042
dense_20f_stride10:33f7ae08-ac1d-4321-9cb9-eca79016b359__ep1:qa:114,33f7ae08-ac1d-4321-9cb9-eca79016b359__ep1,ep1,test,1190,1209,0.0,7.175820350646973,0.15624238550662994,0.2416224330663681,0.2993309199810028
dense_20f_stride10:33f7ae08-ac1d-4321-9cb9-eca79016b359__ep1:qa:115,33f7ae08-ac1d-4321-9cb9-eca79016b359__ep1,ep1,test,1200,1219,0.0,15.94393539428711,0.351603627204895,0.5368602275848389,0.6394035816192627
dense_20f_stride10:33f7ae08-ac1d-4321-9cb9-eca79016b359__ep1:qa:122,33f7ae08-ac1d-4321-9cb9-eca79016b359__ep1,ep1,test,1280,1299,0.0,18.81623649597168,0.434825599193573,0.6335756778717041,0.823544442653656
dense_20f_stride10:33f7ae08-ac1d-4321-9cb9-eca79016b359__ep1:qa:123,33f7ae08-ac1d-4321-9cb9-eca79016b359__ep1,ep1,test,1290,1309,0.0,10.343435287475586,0.23105256259441376,0.3482815623283386,0.44473376870155334
dense_20f_stride10:33f7ae08-ac1d-4321-9cb9-eca79016b359__ep1:qa:124,33f7ae08-ac1d-4321-9cb9-eca79016b359__ep1,ep1,test,1300,1319,0.0,7.140560626983643,0.12242749333381653,0.24043519794940948,0.29167845845222473
dense_20f_stride10:33f7ae08-ac1d-4321-9cb9-eca79016b359__ep1:qa:125,33f7ae08-ac1d-4321-9cb9-eca79016b359__ep1,ep1,test,1310,1329,0.0,4.6569037437438965,0.08939357846975327,0.1568060964345932,0.19882836937904358
dense_20f_stride10:33f7ae08-ac1d-4321-9cb9-eca79016b359__ep1:qa:126,33f7ae08-ac1d-4321-9cb9-eca79016b359__ep1,ep1,test,1320,1339,0.0,7.169613838195801,0.166944682598114,0.24141345918178558,0.3144359588623047
dense_20f_stride10:33f7ae08-ac1d-4321-9cb9-eca79016b359__ep1:qa:127,33f7ae08-ac1d-4321-9cb9-eca79016b359__ep1,ep1,test,1330,1349,0.0,10.341375350952148,0.2405734658241272,0.34821218252182007,0.44771555066108704
dense_20f_stride10:33f7ae08-ac1d-4321-9cb9-eca79016b359__ep1:qa:133,33f7ae08-ac1d-4321-9cb9-eca79016b359__ep1,ep1,test,1400,1419,25.28999900817871,1.140663743019104,0.5767937302589417,0.8558034896850586,1.1668037176132202
dense_20f_stride10:33f7ae08-ac1d-4321-9cb9-eca79016b359__ep1:qa:134,33f7ae08-ac1d-4321-9cb9-eca79016b359__ep1,ep1,test,1410,1429,25.28999900817871,11.2396879196167,0.5427565574645996,0.7786297798156738,1.1182984113693237
dense_20f_stride10:33f7ae08-ac1d-4321-9cb9-eca79016b359__ep1:qa:135,33f7ae08-ac1d-4321-9cb9-eca79016b359__ep1,ep1,test,1420,1439,25.28999900817871,5.410454273223877,0.5287047028541565,0.7882378697395325,1.082268238067627
dense_20f_stride10:33f7ae08-ac1d-4321-9cb9-eca79016b359__ep1:qa:136,33f7ae08-ac1d-4321-9cb9-eca79016b359__ep1,ep1,test,1430,1449,28.015167236328125,6.770824432373047,0.6178779602050781,0.8726789951324463,1.2491860389709473
dense_20f_stride10:33f7ae08-ac1d-4321-9cb9-eca79016b359__ep1:qa:137,33f7ae08-ac1d-4321-9cb9-eca79016b359__ep1,ep1,test,1440,1459,27.650896072387695,6.791672706604004,0.5143700838088989,0.8911453485488892,1.0824716091156006
dense_20f_stride10:33f7ae08-ac1d-4321-9cb9-eca79016b359__ep1:qa:144,33f7ae08-ac1d-4321-9cb9-eca79016b359__ep1,ep1,test,1520,1539,27.3297119140625,13.159180641174316,0.30045613646507263,0.6018338799476624,0.7092496156692505
dense_20f_stride10:33f7ae08-ac1d-4321-9cb9-eca79016b359__ep1:qa:145,33f7ae08-ac1d-4321-9cb9-eca79016b359__ep1,ep1,test,1530,1549,22.739315032958984,14.473177909851074,0.31571561098098755,0.5031850934028625,0.689487636089325
dense_20f_stride10:33f7ae08-ac1d-4321-9cb9-eca79016b359__ep1:qa:146,33f7ae08-ac1d-4321-9cb9-eca79016b359__ep1,ep1,test,1540,1559,22.739315032958984,1.9436447620391846,0.45493024587631226,0.8007387518882751,0.9261781573295593
dense_20f_stride10:33f7ae08-ac1d-4321-9cb9-eca79016b359__ep1:qa:147,33f7ae08-ac1d-4321-9cb9-eca79016b359__ep1,ep1,test,1550,1569,22.534496307373047,1.8878140449523926,0.42742040753364563,0.7284595966339111,0.8716744184494019
dense_20f_stride10:33f7ae08-ac1d-4321-9cb9-eca79016b359__ep1:qa:148,33f7ae08-ac1d-4321-9cb9-eca79016b359__ep1,ep1,test,1560,1579,22.534496307373047,2.519744873046875,0.4072059690952301,0.7131826281547546,0.8383575081825256
dense_20f_stride10:33f7ae08-ac1d-4321-9cb9-eca79016b359__ep1:qa:191,33f7ae08-ac1d-4321-9cb9-eca79016b359__ep1,ep1,test,2000,2019,27.516551971435547,2.750861644744873,0.6213821172714233,0.896967351436615,1.2615479230880737
dense_20f_stride10:33f7ae08-ac1d-4321-9cb9-eca79016b359__ep1:qa:192,33f7ae08-ac1d-4321-9cb9-eca79016b359__ep1,ep1,test,2010,2029,24.986379623413086,3.0767955780029297,0.49034735560417175,0.8153294324874878,0.9999520182609558
dense_20f_stride10:33f7ae08-ac1d-4321-9cb9-eca79016b359__ep1:qa:193,33f7ae08-ac1d-4321-9cb9-eca79016b359__ep1,ep1,test,2020,2039,24.986379623413086,1.8578423261642456,0.4791003465652466,0.8212447762489319,0.9849311709403992
dense_20f_stride10:33f7ae08-ac1d-4321-9cb9-eca79016b359__ep1:qa:194,33f7ae08-ac1d-4321-9cb9-eca79016b359__ep1,ep1,test,2030,2049,0.0,1.4790661334991455,0.03667454794049263,0.0498027466237545,0.07059786468744278
dense_20f_stride10:33f7ae08-ac1d-4321-9cb9-eca79016b359__ep1:qa:195,33f7ae08-ac1d-4321-9cb9-eca79016b359__ep1,ep1,test,2040,2059,0.0,4.266382217407227,0.092572420835495,0.14365658164024353,0.18342316150665283
dense_20f_stride10:33f7ae08-ac1d-4321-9cb9-eca79016b359__ep1:qa:196,33f7ae08-ac1d-4321-9cb9-eca79016b359__ep1,ep1,test,2050,2069,0.0,1.960917353630066,0.04581587389111519,0.06602752208709717,0.08875039964914322
dense_20f_stride10:33f7ae08-ac1d-4321-9cb9-eca79016b359__ep1:qa:242,33f7ae08-ac1d-4321-9cb9-eca79016b359__ep1,ep1,test,2520,2539,32.89029312133789,25.595178604125977,0.33436694741249084,0.5277660489082336,0.7196701765060425
dense_20f_stride10:33f7ae08-ac1d-4321-9cb9-eca79016b359__ep1:qa:243,33f7ae08-ac1d-4321-9cb9-eca79016b359__ep1,ep1,test,2530,2549,32.89029312133789,16.941511154174805,0.5085495710372925,0.7876269221305847,1.0741190910339355
dense_20f_stride10:33f7ae08-ac1d-4321-9cb9-eca79016b359__ep1:qa:244,33f7ae08-ac1d-4321-9cb9-eca79016b359__ep1,ep1,test,2540,2559,32.89029312133789,32.9538688659668,0.46795451641082764,0.7111495137214661,0.9758279919624329
dense_20f_stride10:33f7ae08-ac1d-4321-9cb9-eca79016b359__ep1:qa:245,33f7ae08-ac1d-4321-9cb9-eca79016b359__ep1,ep1,test,2550,2569,30.817678451538086,22.471729278564453,0.514741837978363,0.7681637406349182,1.0772002935409546
dense_20f_stride10:33f7ae08-ac1d-4321-9cb9-eca79016b359__ep1:qa:246,33f7ae08-ac1d-4321-9cb9-eca79016b359__ep1,ep1,test,2560,2579,30.817678451538086,20.847509384155273,0.4251460134983063,0.6586652994155884,0.9009833335876465
dense_20f_stride10:33f7ae08-ac1d-4321-9cb9-eca79016b359__ep1:qa:265,33f7ae08-ac1d-4321-9cb9-eca79016b359__ep1,ep1,test,2760,2779,10.250941276550293,7.922475337982178,0.14774546027183533,0.23648448288440704,0.31409844756126404
dense_20f_stride10:33f7ae08-ac1d-4321-9cb9-eca79016b359__ep1:qa:266,33f7ae08-ac1d-4321-9cb9-eca79016b359__ep1,ep1,test,2770,2789,10.623775482177734,8.557479858398438,0.08538740873336792,0.14885516464710236,0.19869433343410492
dense_20f_stride10:33f7ae08-ac1d-4321-9cb9-eca79016b359__ep1:qa:267,33f7ae08-ac1d-4321-9cb9-eca79016b359__ep1,ep1,test,2780,2799,10.623775482177734,7.987157344818115,0.1435937136411667,0.2275342345237732,0.3051636815071106
dense_20f_stride10:33f7ae08-ac1d-4321-9cb9-eca79016b359__ep1:qa:268,33f7ae08-ac1d-4321-9cb9-eca79016b359__ep1,ep1,test,2800,2819,10.902312278747559,10.152587890625,0.10876092314720154,0.16890694200992584,0.22099854052066803
dense_20f_stride10:33f7ae08-ac1d-4321-9cb9-eca79016b359__ep1:qa:269,33f7ae08-ac1d-4321-9cb9-eca79016b359__ep1,ep1,test,2810,2829,11.289422988891602,2.353276491165161,0.23526212573051453,0.33224403858184814,0.4387472867965698
dense_20f_stride10:33f7ae08-ac1d-4321-9cb9-eca79016b359__ep1:qa:270,33f7ae08-ac1d-4321-9cb9-eca79016b359__ep1,ep1,test,2820,2839,11.289422988891602,5.038217067718506,0.21548806130886078,0.29886364936828613,0.4158131778240204
dense_20f_stride10:33f7ae08-ac1d-4321-9cb9-eca79016b359__ep1:qa:271,33f7ae08-ac1d-4321-9cb9-eca79016b359__ep1,ep1,test,2830,2849,16.93083953857422,7.160121917724609,0.2851826250553131,0.47587794065475464,0.634912371635437
dense_20f_stride10:33f7ae08-ac1d-4321-9cb9-eca79016b359__ep1:qa:272,33f7ae08-ac1d-4321-9cb9-eca79016b359__ep1,ep1,test,2840,2859,16.93083953857422,2.722648859024048,0.29877594113349915,0.5118525624275208,0.6752336621284485
dense_20f_stride10:33f7ae08-ac1d-4321-9cb9-eca79016b359__ep1:qa:287,33f7ae08-ac1d-4321-9cb9-eca79016b359__ep1,ep1,test,3000,3019,35.08008575439453,19.824054718017578,0.34255558252334595,0.5396425127983093,0.6994314193725586
dense_20f_stride10:33f7ae08-ac1d-4321-9cb9-eca79016b359__ep1:qa:288,33f7ae08-ac1d-4321-9cb9-eca79016b359__ep1,ep1,test,3010,3029,35.46588134765625,23.031208038330078,0.30022507905960083,0.4351408779621124,0.5640023350715637
dense_20f_stride10:33f7ae08-ac1d-4321-9cb9-eca79016b359__ep1:qa:289,33f7ae08-ac1d-4321-9cb9-eca79016b359__ep1,ep1,test,3020,3039,35.46588134765625,28.33388328552246,0.17395763099193573,0.2903974652290344,0.38972270488739014
dense_20f_stride10:33f7ae08-ac1d-4321-9cb9-eca79016b359__ep1:qa:290,33f7ae08-ac1d-4321-9cb9-eca79016b359__ep1,ep1,test,3030,3049,35.544925689697266,38.141571044921875,0.1367337852716446,0.20062702894210815,0.2797158360481262
dense_20f_stride10:33f7ae08-ac1d-4321-9cb9-eca79016b359__ep1:qa:291,33f7ae08-ac1d-4321-9cb9-eca79016b359__ep1,ep1,test,3040,3059,35.544925689697266,26.52684211730957,0.26626861095428467,0.3965800702571869,0.5184529423713684
dense_20f_stride10:33f7ae08-ac1d-4321-9cb9-eca79016b359__ep1:qa:314,33f7ae08-ac1d-4321-9cb9-eca79016b359__ep1,ep1,test,3280,3299,34.23149490356445,1.3563014268875122,0.8411993980407715,1.1798357963562012,1.5489610433578491
dense_20f_stride10:33f7ae08-ac1d-4321-9cb9-eca79016b359__ep1:qa:315,33f7ae08-ac1d-4321-9cb9-eca79016b359__ep1,ep1,test,3290,3309,33.99956512451172,1.8355998992919922,0.7537204027175903,1.1794573068618774,1.3822517395019531
dense_20f_stride10:33f7ae08-ac1d-4321-9cb9-eca79016b359__ep1:qa:316,33f7ae08-ac1d-4321-9cb9-eca79016b359__ep1,ep1,test,3300,3319,33.99956512451172,11.658507347106934,0.8163576722145081,1.1590558290481567,1.5161265134811401
dense_20f_stride10:33f7ae08-ac1d-4321-9cb9-eca79016b359__ep1:qa:317,33f7ae08-ac1d-4321-9cb9-eca79016b359__ep1,ep1,test,3310,3329,33.99956512451172,3.6192870140075684,0.6562736630439758,1.0321452617645264,1.2053914070129395
dense_20f_stride10:33f7ae08-ac1d-4321-9cb9-eca79016b359__ep1:qa:318,33f7ae08-ac1d-4321-9cb9-eca79016b359__ep1,ep1,test,3320,3339,33.99956512451172,7.480036735534668,0.6125003695487976,1.0158512592315674,1.1997162103652954
dense_20f_stride10:33f7ae08-ac1d-4321-9cb9-eca79016b359__ep1:qa:329,33f7ae08-ac1d-4321-9cb9-eca79016b359__ep1,ep1,test,3440,3459,33.57474136352539,19.063810348510742,0.3156224191188812,0.536977231502533,0.6660459637641907
dense_20f_stride10:33f7ae08-ac1d-4321-9cb9-eca79016b359__ep1:qa:330,33f7ae08-ac1d-4321-9cb9-eca79016b359__ep1,ep1,test,3450,3469,34.08782958984375,17.206449508666992,0.3998953402042389,0.6792927384376526,0.8566663265228271
dense_20f_stride10:33f7ae08-ac1d-4321-9cb9-eca79016b359__ep1:qa:331,33f7ae08-ac1d-4321-9cb9-eca79016b359__ep1,ep1,test,3460,3479,34.08782958984375,15.783164978027344,0.411388635635376,0.6883133053779602,0.855701208114624
dense_20f_stride10:33f7ae08-ac1d-4321-9cb9-eca79016b359__ep1:qa:332,33f7ae08-ac1d-4321-9cb9-eca79016b359__ep1,ep1,test,3470,3489,33.55735397338867,11.148759841918945,0.46774762868881226,0.8220374584197998,0.9617217183113098
dense_20f_stride10:33f7ae08-ac1d-4321-9cb9-eca79016b359__ep1:qa:333,33f7ae08-ac1d-4321-9cb9-eca79016b359__ep1,ep1,test,3480,3499,33.55735397338867,15.693857192993164,0.4381888806819916,0.6992756128311157,0.8858684301376343
dense_20f_stride10:33f7ae08-ac1d-4321-9cb9-eca79016b359__ep1:qa:348,33f7ae08-ac1d-4321-9cb9-eca79016b359__ep1,ep1,test,3640,3659,34.721778869628906,13.629121780395508,0.508414089679718,0.8557429909706116,1.0850967168807983
dense_20f_stride10:33f7ae08-ac1d-4321-9cb9-eca79016b359__ep1:qa:349,33f7ae08-ac1d-4321-9cb9-eca79016b359__ep1,ep1,test,3650,3669,34.16960906982422,18.995845794677734,0.36077991127967834,0.6618475914001465,0.8572337031364441
dense_20f_stride10:33f7ae08-ac1d-4321-9cb9-eca79016b359__ep1:qa:350,33f7ae08-ac1d-4321-9cb9-eca79016b359__ep1,ep1,test,3660,3679,34.16960906982422,15.145712852478027,0.4183783233165741,0.6969434022903442,0.894196093082428
dense_20f_stride10:33f7ae08-ac1d-4321-9cb9-eca79016b359__ep1:qa:351,33f7ae08-ac1d-4321-9cb9-eca79016b359__ep1,ep1,test,3670,3689,31.93794822692871,13.41875171661377,0.6519349217414856,0.9120912551879883,1.2496041059494019
dense_20f_stride10:33f7ae08-ac1d-4321-9cb9-eca79016b359__ep1:qa:352,33f7ae08-ac1d-4321-9cb9-eca79016b359__ep1,ep1,test,3680,3699,31.93794822692871,21.5119686126709,0.6052285432815552,0.8517593145370483,1.1600368022918701
dense_20f_stride10:33f7ae08-ac1d-4321-9cb9-eca79016b359__ep1:qa:353,33f7ae08-ac1d-4321-9cb9-eca79016b359__ep1,ep1,test,3690,3709,31.93794822692871,19.883678436279297,0.6419909000396729,0.8967634439468384,1.2225335836410522
dense_20f_stride10:33f7ae08-ac1d-4321-9cb9-eca79016b359__ep1:qa:434,33f7ae08-ac1d-4321-9cb9-eca79016b359__ep1,ep1,test,4520,4539,32.09440994262695,4.141733169555664,0.6010937094688416,1.0260664224624634,1.1946111917495728
dense_20f_stride10:33f7ae08-ac1d-4321-9cb9-eca79016b359__ep1:qa:435,33f7ae08-ac1d-4321-9cb9-eca79016b359__ep1,ep1,test,4530,4549,32.09440994262695,7.256272315979004,0.5434083342552185,0.9764683842658997,1.1322407722473145
dense_20f_stride10:33f7ae08-ac1d-4321-9cb9-eca79016b359__ep1:qa:436,33f7ae08-ac1d-4321-9cb9-eca79016b359__ep1,ep1,test,4540,4559,32.09440994262695,6.916554927825928,0.5480185747146606,0.9828909039497375,1.1374728679656982
dense_20f_stride10:33f7ae08-ac1d-4321-9cb9-eca79016b359__ep1:qa:437,33f7ae08-ac1d-4321-9cb9-eca79016b359__ep1,ep1,test,4550,4569,33.082454681396484,5.383664608001709,0.629070520401001,1.0240379571914673,1.247389793395996
dense_20f_stride10:33f7ae08-ac1d-4321-9cb9-eca79016b359__ep1:qa:438,33f7ae08-ac1d-4321-9cb9-eca79016b359__ep1,ep1,test,4560,4579,33.082454681396484,8.480594635009766,0.5496112108230591,0.9660728573799133,1.1671411991119385
dense_20f_stride10:33f7ae08-ac1d-4321-9cb9-eca79016b359__ep1:qa:469,33f7ae08-ac1d-4321-9cb9-eca79016b359__ep1,ep1,test,4880,4899,0.0,6.04845666885376,0.10625824332237244,0.20366211235523224,0.24453429877758026
dense_20f_stride10:33f7ae08-ac1d-4321-9cb9-eca79016b359__ep1:qa:470,33f7ae08-ac1d-4321-9cb9-eca79016b359__ep1,ep1,test,4890,4909,0.0,5.779453754425049,0.10231459885835648,0.1946043223142624,0.2353600710630417
dense_20f_stride10:33f7ae08-ac1d-4321-9cb9-eca79016b359__ep1:qa:471,33f7ae08-ac1d-4321-9cb9-eca79016b359__ep1,ep1,test,4900,4919,0.0,5.105589389801025,0.09210142493247986,0.17191413044929504,0.20788079500198364
dense_20f_stride10:9c553886-83c5-4dc4-be5c-dcb269b3a771__ep2:qa:0,9c553886-83c5-4dc4-be5c-dcb269b3a771__ep2,ep2,test,0,19,11.600091934204102,11.776850700378418,0.03996953368186951,0.06539753079414368,0.0842546671628952
dense_20f_stride10:9c553886-83c5-4dc4-be5c-dcb269b3a771__ep2:qa:1,9c553886-83c5-4dc4-be5c-dcb269b3a771__ep2,ep2,test,10,29,11.334327697753906,11.339591979980469,0.0755028948187828,0.11123324185609818,0.15027408301830292
dense_20f_stride10:9c553886-83c5-4dc4-be5c-dcb269b3a771__ep2:qa:2,9c553886-83c5-4dc4-be5c-dcb269b3a771__ep2,ep2,test,20,39,11.334327697753906,11.289584159851074,0.08099820464849472,0.122908815741539,0.16507238149642944
dense_20f_stride10:9c553886-83c5-4dc4-be5c-dcb269b3a771__ep2:qa:3,9c553886-83c5-4dc4-be5c-dcb269b3a771__ep2,ep2,test,30,49,11.33409595489502,12.241281509399414,0.09114000201225281,0.12281396239995956,0.16332289576530457
dense_20f_stride10:9c553886-83c5-4dc4-be5c-dcb269b3a771__ep2:qa:4,9c553886-83c5-4dc4-be5c-dcb269b3a771__ep2,ep2,test,40,59,11.33409595489502,10.5933198928833,0.07206644862890244,0.10414466261863708,0.1414957046508789
dense_20f_stride10:9c553886-83c5-4dc4-be5c-dcb269b3a771__ep2:qa:5,9c553886-83c5-4dc4-be5c-dcb269b3a771__ep2,ep2,test,50,69,11.801196098327637,10.355999946594238,0.08801478892564774,0.12992694973945618,0.17056038975715637
dense_20f_stride10:9c553886-83c5-4dc4-be5c-dcb269b3a771__ep2:qa:6,9c553886-83c5-4dc4-be5c-dcb269b3a771__ep2,ep2,test,60,79,11.801196098327637,10.274422645568848,0.09934310615062714,0.15175433456897736,0.1937042623758316
dense_20f_stride10:9c553886-83c5-4dc4-be5c-dcb269b3a771__ep2:qa:7,9c553886-83c5-4dc4-be5c-dcb269b3a771__ep2,ep2,test,70,89,11.748510360717773,11.072861671447754,0.05736389383673668,0.0982302650809288,0.12207092344760895
dense_20f_stride10:9c553886-83c5-4dc4-be5c-dcb269b3a771__ep2:qa:8,9c553886-83c5-4dc4-be5c-dcb269b3a771__ep2,ep2,test,80,99,11.748510360717773,10.747536659240723,0.08743657171726227,0.13855548202991486,0.172227144241333
dense_20f_stride10:9c553886-83c5-4dc4-be5c-dcb269b3a771__ep2:qa:51,9c553886-83c5-4dc4-be5c-dcb269b3a771__ep2,ep2,test,520,539,11.890084266662598,10.53026294708252,0.07372910529375076,0.10733149945735931,0.14061981439590454
dense_20f_stride10:9c553886-83c5-4dc4-be5c-dcb269b3a771__ep2:qa:52,9c553886-83c5-4dc4-be5c-dcb269b3a771__ep2,ep2,test,530,549,12.012433052062988,11.19059944152832,0.07284243404865265,0.1110553964972496,0.14306187629699707
dense_20f_stride10:9c553886-83c5-4dc4-be5c-dcb269b3a771__ep2:qa:53,9c553886-83c5-4dc4-be5c-dcb269b3a771__ep2,ep2,test,540,559,12.094633102416992,10.512478828430176,0.06950799375772476,0.10255173593759537,0.1380825936794281
dense_20f_stride10:9c553886-83c5-4dc4-be5c-dcb269b3a771__ep2:qa:54,9c553886-83c5-4dc4-be5c-dcb269b3a771__ep2,ep2,test,550,569,12.271068572998047,8.396469116210938,0.18247590959072113,0.2686905860900879,0.3278856873512268
dense_20f_stride10:9c553886-83c5-4dc4-be5c-dcb269b3a771__ep2:qa:55,9c553886-83c5-4dc4-be5c-dcb269b3a771__ep2,ep2,test,560,579,12.34213924407959,9.269400596618652,0.10724808275699615,0.16426675021648407,0.19556266069412231
dense_20f_stride10:9c553886-83c5-4dc4-be5c-dcb269b3a771__ep2:qa:56,9c553886-83c5-4dc4-be5c-dcb269b3a771__ep2,ep2,test,570,589,12.491595268249512,10.608262062072754,0.11882646381855011,0.1859646588563919,0.21889708936214447
dense_20f_stride10:9c553886-83c5-4dc4-be5c-dcb269b3a771__ep2:qa:57,9c553886-83c5-4dc4-be5c-dcb269b3a771__ep2,ep2,test,580,599,12.439474105834961,10.040436744689941,0.09645895659923553,0.14585910737514496,0.1798003762960434
dense_20f_stride10:9c553886-83c5-4dc4-be5c-dcb269b3a771__ep2:qa:58,9c553886-83c5-4dc4-be5c-dcb269b3a771__ep2,ep2,test,600,619,12.50277328491211,11.18244743347168,0.09830926358699799,0.1463625729084015,0.18183481693267822
dense_20f_stride10:9c553886-83c5-4dc4-be5c-dcb269b3a771__ep2:qa:59,9c553886-83c5-4dc4-be5c-dcb269b3a771__ep2,ep2,test,610,629,12.573260307312012,11.312700271606445,0.11742037534713745,0.16552062332630157,0.22578726708889008
dense_20f_stride10:9c553886-83c5-4dc4-be5c-dcb269b3a771__ep2:qa:60,9c553886-83c5-4dc4-be5c-dcb269b3a771__ep2,ep2,test,620,639,12.573260307312012,12.171360969543457,0.06456021964550018,0.10829024016857147,0.13783955574035645
dense_20f_stride10:9c553886-83c5-4dc4-be5c-dcb269b3a771__ep2:qa:61,9c553886-83c5-4dc4-be5c-dcb269b3a771__ep2,ep2,test,630,649,12.797614097595215,10.61935043334961,0.08586435765028,0.13261669874191284,0.17666339874267578
dense_20f_stride10:9c553886-83c5-4dc4-be5c-dcb269b3a771__ep2:qa:62,9c553886-83c5-4dc4-be5c-dcb269b3a771__ep2,ep2,test,640,659,12.797614097595215,11.123044967651367,0.07334781438112259,0.11730559170246124,0.15518541634082794
dense_20f_stride10:9c553886-83c5-4dc4-be5c-dcb269b3a771__ep2:qa:63,9c553886-83c5-4dc4-be5c-dcb269b3a771__ep2,ep2,test,650,669,13.646169662475586,14.188737869262695,0.09148573130369186,0.1419108510017395,0.19494546949863434
dense_20f_stride10:9c553886-83c5-4dc4-be5c-dcb269b3a771__ep2:qa:64,9c553886-83c5-4dc4-be5c-dcb269b3a771__ep2,ep2,test,660,679,13.646169662475586,13.300466537475586,0.09894170612096786,0.1531812697649002,0.2096387892961502
dense_20f_stride10:9c553886-83c5-4dc4-be5c-dcb269b3a771__ep2:qa:65,9c553886-83c5-4dc4-be5c-dcb269b3a771__ep2,ep2,test,670,689,14.684829711914062,10.798186302185059,0.14647580683231354,0.2204679548740387,0.2666918635368347
dense_20f_stride10:9c553886-83c5-4dc4-be5c-dcb269b3a771__ep2:qa:84,9c553886-83c5-4dc4-be5c-dcb269b3a771__ep2,ep2,test,880,899,14.581538200378418,12.27207088470459,0.12254061549901962,0.18832668662071228,0.2321472465991974
dense_20f_stride10:9c553886-83c5-4dc4-be5c-dcb269b3a771__ep2:qa:132,9c553886-83c5-4dc4-be5c-dcb269b3a771__ep2,ep2,test,1400,1419,12.816376686096191,4.977571964263916,0.1582019180059433,0.2739179730415344,0.3235211968421936
dense_20f_stride10:9c553886-83c5-4dc4-be5c-dcb269b3a771__ep2:qa:133,9c553886-83c5-4dc4-be5c-dcb269b3a771__ep2,ep2,test,1410,1429,12.816376686096191,6.00954008102417,0.15774856507778168,0.2607678174972534,0.3108747899532318
dense_20f_stride10:9c553886-83c5-4dc4-be5c-dcb269b3a771__ep2:qa:134,9c553886-83c5-4dc4-be5c-dcb269b3a771__ep2,ep2,test,1420,1439,12.816376686096191,5.431173801422119,0.1558704674243927,0.26414206624031067,0.31475573778152466
dense_20f_stride10:9c553886-83c5-4dc4-be5c-dcb269b3a771__ep2:qa:135,9c553886-83c5-4dc4-be5c-dcb269b3a771__ep2,ep2,test,1430,1449,12.734807968139648,8.270058631896973,0.12326060235500336,0.19066445529460907,0.23363837599754333
dense_20f_stride10:9c553886-83c5-4dc4-be5c-dcb269b3a771__ep2:qa:136,9c553886-83c5-4dc4-be5c-dcb269b3a771__ep2,ep2,test,1440,1459,12.734807968139648,2.6076207160949707,0.19640447199344635,0.3462101221084595,0.40673375129699707
dense_20f_stride10:9c553886-83c5-4dc4-be5c-dcb269b3a771__ep2:qa:137,9c553886-83c5-4dc4-be5c-dcb269b3a771__ep2,ep2,test,1450,1469,12.734807968139648,5.732732772827148,0.14174585044384003,0.2535797655582428,0.29780274629592896
dense_20f_stride10:9c553886-83c5-4dc4-be5c-dcb269b3a771__ep2:qa:138,9c553886-83c5-4dc4-be5c-dcb269b3a771__ep2,ep2,test,1460,1479,12.734807968139648,2.8417012691497803,0.19514571130275726,0.3492603003978729,0.4048689007759094
dense_20f_stride10:9c553886-83c5-4dc4-be5c-dcb269b3a771__ep2:qa:139,9c553886-83c5-4dc4-be5c-dcb269b3a771__ep2,ep2,test,1470,1489,12.613316535949707,7.64621639251709,0.23739175498485565,0.35584887862205505,0.41362398862838745
dense_20f_stride10:9c553886-83c5-4dc4-be5c-dcb269b3a771__ep2:qa:140,9c553886-83c5-4dc4-be5c-dcb269b3a771__ep2,ep2,test,1480,1499,12.613316535949707,9.143630981445312,0.3212222158908844,0.48483753204345703,0.5604605078697205
dense_20f_stride10:9c553886-83c5-4dc4-be5c-dcb269b3a771__ep2:qa:169,9c553886-83c5-4dc4-be5c-dcb269b3a771__ep2,ep2,test,1800,1819,13.730525970458984,8.979266166687012,0.14125074446201324,0.21290747821331024,0.25757908821105957
dense_20f_stride10:9c553886-83c5-4dc4-be5c-dcb269b3a771__ep2:qa:170,9c553886-83c5-4dc4-be5c-dcb269b3a771__ep2,ep2,test,1810,1829,13.693303108215332,10.535449981689453,0.10855066031217575,0.1600242257118225,0.19913066923618317
dense_20f_stride10:9c553886-83c5-4dc4-be5c-dcb269b3a771__ep2:qa:171,9c553886-83c5-4dc4-be5c-dcb269b3a771__ep2,ep2,test,1820,1839,13.693303108215332,13.220696449279785,0.07997190952301025,0.13802674412727356,0.15940974652767181
dense_20f_stride10:9c553886-83c5-4dc4-be5c-dcb269b3a771__ep2:qa:172,9c553886-83c5-4dc4-be5c-dcb269b3a771__ep2,ep2,test,1830,1849,13.633458137512207,12.892513275146484,0.10225240886211395,0.16958653926849365,0.2091439962387085
dense_20f_stride10:9c553886-83c5-4dc4-be5c-dcb269b3a771__ep2:qa:173,9c553886-83c5-4dc4-be5c-dcb269b3a771__ep2,ep2,test,1840,1859,13.633458137512207,12.536285400390625,0.1175960972905159,0.1994110494852066,0.24372598528862
dense_20f_stride10:9c553886-83c5-4dc4-be5c-dcb269b3a771__ep2:qa:174,9c553886-83c5-4dc4-be5c-dcb269b3a771__ep2,ep2,test,1850,1869,13.446776390075684,9.030359268188477,0.1717299520969391,0.24937580525875092,0.315896600484848
dense_20f_stride10:9c553886-83c5-4dc4-be5c-dcb269b3a771__ep2:qa:175,9c553886-83c5-4dc4-be5c-dcb269b3a771__ep2,ep2,test,1860,1879,13.446776390075684,10.962602615356445,0.09453437477350235,0.1471981555223465,0.18568402528762817
dense_20f_stride10:9c553886-83c5-4dc4-be5c-dcb269b3a771__ep2:qa:176,9c553886-83c5-4dc4-be5c-dcb269b3a771__ep2,ep2,test,1870,1889,13.5738525390625,10.220526695251465,0.16286535561084747,0.22087205946445465,0.29666250944137573
dense_20f_stride10:9c553886-83c5-4dc4-be5c-dcb269b3a771__ep2:qa:207,9c553886-83c5-4dc4-be5c-dcb269b3a771__ep2,ep2,test,2200,2219,12.04811954498291,11.118626594543457,0.13036805391311646,0.1826055496931076,0.2539283037185669
dense_20f_stride10:9c553886-83c5-4dc4-be5c-dcb269b3a771__ep2:qa:208,9c553886-83c5-4dc4-be5c-dcb269b3a771__ep2,ep2,test,2210,2229,12.039085388183594,11.646227836608887,0.10068994015455246,0.16149494051933289,0.20311546325683594
dense_20f_stride10:9c553886-83c5-4dc4-be5c-dcb269b3a771__ep2:qa:209,9c553886-83c5-4dc4-be5c-dcb269b3a771__ep2,ep2,test,2220,2239,12.039085388183594,12.489419937133789,0.1746966540813446,0.29252421855926514,0.35777583718299866
dense_20f_stride10:9c553886-83c5-4dc4-be5c-dcb269b3a771__ep2:qa:210,9c553886-83c5-4dc4-be5c-dcb269b3a771__ep2,ep2,test,2230,2249,12.139622688293457,12.521916389465332,0.14438629150390625,0.23181834816932678,0.2814965844154358
dense_20f_stride10:9c553886-83c5-4dc4-be5c-dcb269b3a771__ep2:qa:211,9c553886-83c5-4dc4-be5c-dcb269b3a771__ep2,ep2,test,2240,2259,12.139622688293457,11.336649894714355,0.15136048197746277,0.21853801608085632,0.3030034303665161
dense_20f_stride10:9c553886-83c5-4dc4-be5c-dcb269b3a771__ep2:qa:212,9c553886-83c5-4dc4-be5c-dcb269b3a771__ep2,ep2,test,2250,2269,11.559115409851074,12.518243789672852,0.12967705726623535,0.18209433555603027,0.24997340142726898
dense_20f_stride10:9c553886-83c5-4dc4-be5c-dcb269b3a771__ep2:qa:213,9c553886-83c5-4dc4-be5c-dcb269b3a771__ep2,ep2,test,2260,2279,11.559115409851074,12.185091972351074,0.10900531709194183,0.1917458176612854,0.2422982007265091
dense_20f_stride10:9c553886-83c5-4dc4-be5c-dcb269b3a771__ep2:qa:214,9c553886-83c5-4dc4-be5c-dcb269b3a771__ep2,ep2,test,2270,2289,11.503777503967285,11.007694244384766,0.08456303179264069,0.13223759829998016,0.1665368378162384
dense_20f_stride10:9c553886-83c5-4dc4-be5c-dcb269b3a771__ep2:qa:215,9c553886-83c5-4dc4-be5c-dcb269b3a771__ep2,ep2,test,2280,2299,11.503777503967285,12.271120071411133,0.1417737454175949,0.22577904164791107,0.27953165769577026
dense_20f_stride10:9c553886-83c5-4dc4-be5c-dcb269b3a771__ep2:qa:325,9c553886-83c5-4dc4-be5c-dcb269b3a771__ep2,ep2,test,3400,3419,13.142783164978027,11.617559432983398,0.09083423763513565,0.1370544284582138,0.17320939898490906
dense_20f_stride10:9c553886-83c5-4dc4-be5c-dcb269b3a771__ep2:qa:326,9c553886-83c5-4dc4-be5c-dcb269b3a771__ep2,ep2,test,3410,3429,13.097213745117188,11.381681442260742,0.09341909736394882,0.1402038186788559,0.17445339262485504
dense_20f_stride10:9c553886-83c5-4dc4-be5c-dcb269b3a771__ep2:qa:327,9c553886-83c5-4dc4-be5c-dcb269b3a771__ep2,ep2,test,3420,3439,13.097213745117188,10.63037395477295,0.08924484252929688,0.13015463948249817,0.16390986740589142
dense_20f_stride10:9c553886-83c5-4dc4-be5c-dcb269b3a771__ep2:qa:328,9c553886-83c5-4dc4-be5c-dcb269b3a771__ep2,ep2,test,3430,3449,13.19306468963623,11.226808547973633,0.10398828238248825,0.15683181583881378,0.19232653081417084
dense_20f_stride10:9c553886-83c5-4dc4-be5c-dcb269b3a771__ep2:qa:329,9c553886-83c5-4dc4-be5c-dcb269b3a771__ep2,ep2,test,3440,3459,13.19306468963623,11.368779182434082,0.09419272840023041,0.14125172793865204,0.17608337104320526
dense_20f_stride10:9c553886-83c5-4dc4-be5c-dcb269b3a771__ep2:qa:330,9c553886-83c5-4dc4-be5c-dcb269b3a771__ep2,ep2,test,3450,3469,13.108094215393066,11.14792251586914,0.09610293060541153,0.14141158759593964,0.1737261414527893
dense_20f_stride10:9c553886-83c5-4dc4-be5c-dcb269b3a771__ep2:qa:331,9c553886-83c5-4dc4-be5c-dcb269b3a771__ep2,ep2,test,3460,3479,13.108094215393066,11.646263122558594,0.09401284158229828,0.14358007907867432,0.17984862625598907
dense_20f_stride10:9c553886-83c5-4dc4-be5c-dcb269b3a771__ep2:qa:332,9c553886-83c5-4dc4-be5c-dcb269b3a771__ep2,ep2,test,3470,3489,13.053023338317871,11.506436347961426,0.08095662295818329,0.12141729891300201,0.1517200917005539
dense_20f_stride10:9c553886-83c5-4dc4-be5c-dcb269b3a771__ep2:qa:333,9c553886-83c5-4dc4-be5c-dcb269b3a771__ep2,ep2,test,3480,3499,13.053023338317871,11.150565147399902,0.09512349218130112,0.14779546856880188,0.1802506148815155
dense_20f_stride10:9c553886-83c5-4dc4-be5c-dcb269b3a771__ep2:qa:443,9c553886-83c5-4dc4-be5c-dcb269b3a771__ep2,ep2,test,4600,4619,12.270068168640137,7.607437610626221,0.12421266734600067,0.19165703654289246,0.23085081577301025
dense_20f_stride10:9c553886-83c5-4dc4-be5c-dcb269b3a771__ep2:qa:444,9c553886-83c5-4dc4-be5c-dcb269b3a771__ep2,ep2,test,4610,4629,12.311962127685547,11.748297691345215,0.1621134877204895,0.2594088912010193,0.3226732313632965
dense_20f_stride10:9c553886-83c5-4dc4-be5c-dcb269b3a771__ep2:qa:445,9c553886-83c5-4dc4-be5c-dcb269b3a771__ep2,ep2,test,4620,4639,12.311962127685547,9.685790061950684,0.056430742144584656,0.09539403021335602,0.11715319007635117
dense_20f_stride10:9c553886-83c5-4dc4-be5c-dcb269b3a771__ep2:qa:446,9c553886-83c5-4dc4-be5c-dcb269b3a771__ep2,ep2,test,4630,4649,12.382990837097168,11.302895545959473,0.05390094593167305,0.07891484349966049,0.1092027798295021
dense_20f_stride10:9c553886-83c5-4dc4-be5c-dcb269b3a771__ep2:qa:447,9c553886-83c5-4dc4-be5c-dcb269b3a771__ep2,ep2,test,4640,4659,12.382990837097168,8.593775749206543,0.1132437065243721,0.16886131465435028,0.21461084485054016
dense_20f_stride10:9c553886-83c5-4dc4-be5c-dcb269b3a771__ep2:qa:448,9c553886-83c5-4dc4-be5c-dcb269b3a771__ep2,ep2,test,4650,4669,12.689770698547363,8.437633514404297,0.11836910247802734,0.178071066737175,0.23090030252933502
dense_20f_stride10:9c553886-83c5-4dc4-be5c-dcb269b3a771__ep2:qa:449,9c553886-83c5-4dc4-be5c-dcb269b3a771__ep2,ep2,test,4660,4679,12.689770698547363,9.120016098022461,0.12165189534425735,0.17304016649723053,0.22358937561511993
dense_20f_stride10:9c553886-83c5-4dc4-be5c-dcb269b3a771__ep2:qa:450,9c553886-83c5-4dc4-be5c-dcb269b3a771__ep2,ep2,test,4670,4689,11.996357917785645,8.526960372924805,0.11913183331489563,0.1740521341562271,0.20975764095783234
dense_20f_stride10:9c553886-83c5-4dc4-be5c-dcb269b3a771__ep2:qa:533,9c553886-83c5-4dc4-be5c-dcb269b3a771__ep2,ep2,test,5520,5539,12.493179321289062,7.288463115692139,0.14654389023780823,0.22289225459098816,0.29585638642311096
dense_20f_stride10:9c553886-83c5-4dc4-be5c-dcb269b3a771__ep2:qa:534,9c553886-83c5-4dc4-be5c-dcb269b3a771__ep2,ep2,test,5530,5549,12.493179321289062,9.219955444335938,0.211033895611763,0.3265466094017029,0.41886359453201294
dense_20f_stride10:9c553886-83c5-4dc4-be5c-dcb269b3a771__ep2:qa:535,9c553886-83c5-4dc4-be5c-dcb269b3a771__ep2,ep2,test,5540,5559,12.493179321289062,9.196489334106445,0.1226397454738617,0.1876998394727707,0.254681795835495
dense_20f_stride10:9c553886-83c5-4dc4-be5c-dcb269b3a771__ep2:qa:536,9c553886-83c5-4dc4-be5c-dcb269b3a771__ep2,ep2,test,5550,5569,12.113367080688477,10.665902137756348,0.11907187104225159,0.1850711852312088,0.2506284713745117
dense_20f_stride10:9c553886-83c5-4dc4-be5c-dcb269b3a771__ep2:qa:537,9c553886-83c5-4dc4-be5c-dcb269b3a771__ep2,ep2,test,5560,5579,12.307610511779785,7.915004730224609,0.16726015508174896,0.24070417881011963,0.3380626142024994
dense_20f_stride10:9c553886-83c5-4dc4-be5c-dcb269b3a771__ep2:qa:538,9c553886-83c5-4dc4-be5c-dcb269b3a771__ep2,ep2,test,5570,5589,12.91880989074707,8.792115211486816,0.2116561233997345,0.2859167456626892,0.40121179819107056
dense_20f_stride10:9c553886-83c5-4dc4-be5c-dcb269b3a771__ep2:qa:539,9c553886-83c5-4dc4-be5c-dcb269b3a771__ep2,ep2,test,5580,5599,11.659688949584961,10.215232849121094,0.17361630499362946,0.2804114520549774,0.38382425904273987
dense_20f_stride10:9c553886-83c5-4dc4-be5c-dcb269b3a771__ep2:qa:540,9c553886-83c5-4dc4-be5c-dcb269b3a771__ep2,ep2,test,5590,5609,10.037882804870605,8.921793937683105,0.1160859614610672,0.1671285778284073,0.2236718088388443
dense_20f_stride10:9c553886-83c5-4dc4-be5c-dcb269b3a771__ep2:qa:544,9c553886-83c5-4dc4-be5c-dcb269b3a771__ep2,ep2,test,5640,5659,11.997522354125977,10.015742301940918,0.10750849545001984,0.16792069375514984,0.21064269542694092
dense_20f_stride10:9c553886-83c5-4dc4-be5c-dcb269b3a771__ep2:qa:545,9c553886-83c5-4dc4-be5c-dcb269b3a771__ep2,ep2,test,5650,5669,11.93610954284668,11.596399307250977,0.10513529926538467,0.16913215816020966,0.2069149613380432
dense_20f_stride10:9c553886-83c5-4dc4-be5c-dcb269b3a771__ep2:qa:546,9c553886-83c5-4dc4-be5c-dcb269b3a771__ep2,ep2,test,5660,5679,11.93610954284668,15.737282752990723,0.15515698492527008,0.2543175518512726,0.30734720826148987
dense_20f_stride10:9c553886-83c5-4dc4-be5c-dcb269b3a771__ep2:qa:547,9c553886-83c5-4dc4-be5c-dcb269b3a771__ep2,ep2,test,5670,5689,11.864962577819824,13.36111831665039,0.06396710127592087,0.10053059458732605,0.11991709470748901
dense_20f_stride10:9c553886-83c5-4dc4-be5c-dcb269b3a771__ep2:qa:548,9c553886-83c5-4dc4-be5c-dcb269b3a771__ep2,ep2,test,5680,5699,11.864962577819824,11.701826095581055,0.10667433589696884,0.17378777265548706,0.21294644474983215
dense_20f_stride10:9c553886-83c5-4dc4-be5c-dcb269b3a771__ep2:qa:549,9c553886-83c5-4dc4-be5c-dcb269b3a771__ep2,ep2,test,5690,5709,11.864962577819824,11.572519302368164,0.11209898442029953,0.18472109735012054,0.22416260838508606
dense_20f_stride10:9c553886-83c5-4dc4-be5c-dcb269b3a771__ep2:qa:550,9c553886-83c5-4dc4-be5c-dcb269b3a771__ep2,ep2,test,5700,5719,11.864962577819824,12.312599182128906,0.0847068727016449,0.13081984221935272,0.16598235070705414
dense_20f_stride10:9c553886-83c5-4dc4-be5c-dcb269b3a771__ep2:qa:551,9c553886-83c5-4dc4-be5c-dcb269b3a771__ep2,ep2,test,5710,5729,11.840696334838867,12.647514343261719,0.13439317047595978,0.21355535089969635,0.2645120918750763
dense_20f_stride10:9c553886-83c5-4dc4-be5c-dcb269b3a771__ep2:qa:552,9c553886-83c5-4dc4-be5c-dcb269b3a771__ep2,ep2,test,5720,5739,11.831629753112793,13.589662551879883,0.11626274883747101,0.17492221295833588,0.21701644361019135
dense_20f_stride10:9c553886-83c5-4dc4-be5c-dcb269b3a771__ep2:qa:559,9c553886-83c5-4dc4-be5c-dcb269b3a771__ep2,ep2,test,5800,5819,11.574519157409668,9.017044067382812,0.12254536151885986,0.18140871822834015,0.22863556444644928
dense_20f_stride10:9c553886-83c5-4dc4-be5c-dcb269b3a771__ep2:qa:560,9c553886-83c5-4dc4-be5c-dcb269b3a771__ep2,ep2,test,5810,5829,11.533802032470703,11.704642295837402,0.15491914749145508,0.25380223989486694,0.3165580630302429
dense_20f_stride10:9c553886-83c5-4dc4-be5c-dcb269b3a771__ep2:qa:561,9c553886-83c5-4dc4-be5c-dcb269b3a771__ep2,ep2,test,5820,5839,11.48682689666748,12.407342910766602,0.2284165918827057,0.36513957381248474,0.4428436756134033
dense_20f_stride10:34f07a04-eb37-45a3-95ec-189ed5f4a85b__ep5:qa:0,34f07a04-eb37-45a3-95ec-189ed5f4a85b__ep5,ep5,test,0,19,16.32916831970215,8.678053855895996,0.1720215082168579,0.2862818241119385,0.3798787593841553
dense_20f_stride10:34f07a04-eb37-45a3-95ec-189ed5f4a85b__ep5:qa:1,34f07a04-eb37-45a3-95ec-189ed5f4a85b__ep5,ep5,test,10,29,18.636598587036133,10.327994346618652,0.21499329805374146,0.3280368745326996,0.442531555891037
dense_20f_stride10:34f07a04-eb37-45a3-95ec-189ed5f4a85b__ep5:qa:2,34f07a04-eb37-45a3-95ec-189ed5f4a85b__ep5,ep5,test,20,39,18.636598587036133,10.08832836151123,0.22342254221439362,0.3403513431549072,0.4609755873680115
dense_20f_stride10:34f07a04-eb37-45a3-95ec-189ed5f4a85b__ep5:qa:3,34f07a04-eb37-45a3-95ec-189ed5f4a85b__ep5,ep5,test,30,49,19.417985916137695,6.909021377563477,0.2719155550003052,0.4486565887928009,0.5680633187294006
dense_20f_stride10:34f07a04-eb37-45a3-95ec-189ed5f4a85b__ep5:qa:4,34f07a04-eb37-45a3-95ec-189ed5f4a85b__ep5,ep5,test,40,59,19.417985916137695,7.129917621612549,0.2518690526485443,0.44227135181427,0.5613563656806946
dense_20f_stride10:34f07a04-eb37-45a3-95ec-189ed5f4a85b__ep5:qa:23,34f07a04-eb37-45a3-95ec-189ed5f4a85b__ep5,ep5,test,240,259,16.355693817138672,4.733066558837891,0.2434825599193573,0.40603089332580566,0.5557710528373718
dense_20f_stride10:34f07a04-eb37-45a3-95ec-189ed5f4a85b__ep5:qa:24,34f07a04-eb37-45a3-95ec-189ed5f4a85b__ep5,ep5,test,250,269,15.638946533203125,6.828151702880859,0.21397632360458374,0.37285158038139343,0.4979471266269684
dense_20f_stride10:34f07a04-eb37-45a3-95ec-189ed5f4a85b__ep5:qa:25,34f07a04-eb37-45a3-95ec-189ed5f4a85b__ep5,ep5,test,260,279,15.638946533203125,15.561769485473633,0.17828521132469177,0.3221169710159302,0.40525513887405396
dense_20f_stride10:34f07a04-eb37-45a3-95ec-189ed5f4a85b__ep5:qa:26,34f07a04-eb37-45a3-95ec-189ed5f4a85b__ep5,ep5,test,270,289,15.638946533203125,14.72562313079834,0.14287424087524414,0.2573760747909546,0.32567793130874634
dense_20f_stride10:34f07a04-eb37-45a3-95ec-189ed5f4a85b__ep5:qa:27,34f07a04-eb37-45a3-95ec-189ed5f4a85b__ep5,ep5,test,280,299,15.638946533203125,10.919112205505371,0.1566571444272995,0.2409113198518753,0.34450677037239075
dense_20f_stride10:34f07a04-eb37-45a3-95ec-189ed5f4a85b__ep5:qa:120,34f07a04-eb37-45a3-95ec-189ed5f4a85b__ep5,ep5,test,1280,1299,16.153383255004883,14.030043601989746,0.19120752811431885,0.2578228712081909,0.365133672952652
dense_20f_stride10:34f07a04-eb37-45a3-95ec-189ed5f4a85b__ep5:qa:121,34f07a04-eb37-45a3-95ec-189ed5f4a85b__ep5,ep5,test,1290,1309,16.153383255004883,10.18977165222168,0.14162422716617584,0.23529985547065735,0.30696770548820496
dense_20f_stride10:34f07a04-eb37-45a3-95ec-189ed5f4a85b__ep5:qa:122,34f07a04-eb37-45a3-95ec-189ed5f4a85b__ep5,ep5,test,1300,1319,16.153383255004883,7.710668087005615,0.2146119326353073,0.3558846116065979,0.4714422821998596
dense_20f_stride10:34f07a04-eb37-45a3-95ec-189ed5f4a85b__ep5:qa:123,34f07a04-eb37-45a3-95ec-189ed5f4a85b__ep5,ep5,test,1310,1329,16.134458541870117,8.499960899353027,0.1796664595603943,0.2982361316680908,0.374965101480484
dense_20f_stride10:34f07a04-eb37-45a3-95ec-189ed5f4a85b__ep5:qa:124,34f07a04-eb37-45a3-95ec-189ed5f4a85b__ep5,ep5,test,1320,1339,16.12767219543457,11.7161283493042,0.13132083415985107,0.19880060851573944,0.24537155032157898
dense_20f_stride10:34f07a04-eb37-45a3-95ec-189ed5f4a85b__ep5:qa:131,34f07a04-eb37-45a3-95ec-189ed5f4a85b__ep5,ep5,test,1400,1419,15.355076789855957,13.915121078491211,0.12804394960403442,0.1960940957069397,0.2493753731250763
dense_20f_stride10:34f07a04-eb37-45a3-95ec-189ed5f4a85b__ep5:qa:132,34f07a04-eb37-45a3-95ec-189ed5f4a85b__ep5,ep5,test,1410,1429,15.25830078125,13.426778793334961,0.1398022472858429,0.1940791755914688,0.25920552015304565
dense_20f_stride10:34f07a04-eb37-45a3-95ec-189ed5f4a85b__ep5:qa:133,34f07a04-eb37-45a3-95ec-189ed5f4a85b__ep5,ep5,test,1420,1439,15.25830078125,13.621858596801758,0.18844226002693176,0.26327869296073914,0.3503408133983612
dense_20f_stride10:34f07a04-eb37-45a3-95ec-189ed5f4a85b__ep5:qa:134,34f07a04-eb37-45a3-95ec-189ed5f4a85b__ep5,ep5,test,1430,1449,15.03587818145752,13.142443656921387,0.22018690407276154,0.31981438398361206,0.45994770526885986
dense_20f_stride10:34f07a04-eb37-45a3-95ec-189ed5f4a85b__ep5:qa:135,34f07a04-eb37-45a3-95ec-189ed5f4a85b__ep5,ep5,test,1440,1459,15.03587818145752,12.02169418334961,0.19633828103542328,0.2913305163383484,0.4142391085624695
dense_20f_stride10:34f07a04-eb37-45a3-95ec-189ed5f4a85b__ep5:qa:136,34f07a04-eb37-45a3-95ec-189ed5f4a85b__ep5,ep5,test,1450,1469,15.03587818145752,12.542991638183594,0.1842109113931656,0.29077377915382385,0.4022304117679596
dense_20f_stride10:34f07a04-eb37-45a3-95ec-189ed5f4a85b__ep5:qa:154,34f07a04-eb37-45a3-95ec-189ed5f4a85b__ep5,ep5,test,1640,1659,17.579938888549805,12.56955623626709,0.16978192329406738,0.24440938234329224,0.32918259501457214
dense_20f_stride10:34f07a04-eb37-45a3-95ec-189ed5f4a85b__ep5:qa:155,34f07a04-eb37-45a3-95ec-189ed5f4a85b__ep5,ep5,test,1650,1669,17.319984436035156,8.137402534484863,0.1980174332857132,0.3485318720340729,0.41440507769584656
dense_20f_stride10:34f07a04-eb37-45a3-95ec-189ed5f4a85b__ep5:qa:156,34f07a04-eb37-45a3-95ec-189ed5f4a85b__ep5,ep5,test,1660,1679,17.319984436035156,11.20750617980957,0.15862937271595,0.26662272214889526,0.32974278926849365
dense_20f_stride10:34f07a04-eb37-45a3-95ec-189ed5f4a85b__ep5:qa:157,34f07a04-eb37-45a3-95ec-189ed5f4a85b__ep5,ep5,test,1670,1689,17.319984436035156,11.318143844604492,0.1322828084230423,0.2392178624868393,0.2967208921909332
dense_20f_stride10:34f07a04-eb37-45a3-95ec-189ed5f4a85b__ep5:qa:158,34f07a04-eb37-45a3-95ec-189ed5f4a85b__ep5,ep5,test,1680,1699,17.319984436035156,11.696465492248535,0.14245308935642242,0.24030126631259918,0.3005611300468445
dense_20f_stride10:34f07a04-eb37-45a3-95ec-189ed5f4a85b__ep5:qa:169,34f07a04-eb37-45a3-95ec-189ed5f4a85b__ep5,ep5,test,1800,1819,18.16439437866211,10.88989543914795,0.18023324012756348,0.2794676423072815,0.38240575790405273
dense_20f_stride10:34f07a04-eb37-45a3-95ec-189ed5f4a85b__ep5:qa:170,34f07a04-eb37-45a3-95ec-189ed5f4a85b__ep5,ep5,test,1810,1829,18.16439437866211,11.843954086303711,0.17207768559455872,0.25816377997398376,0.34948480129241943
dense_20f_stride10:34f07a04-eb37-45a3-95ec-189ed5f4a85b__ep5:qa:171,34f07a04-eb37-45a3-95ec-189ed5f4a85b__ep5,ep5,test,1820,1839,18.16439437866211,13.792491912841797,0.12138833105564117,0.19116845726966858,0.2553020119667053
dense_20f_stride10:34f07a04-eb37-45a3-95ec-189ed5f4a85b__ep5:qa:172,34f07a04-eb37-45a3-95ec-189ed5f4a85b__ep5,ep5,test,1830,1849,17.58853530883789,14.372922897338867,0.1461978256702423,0.21069186925888062,0.282044380903244
dense_20f_stride10:34f07a04-eb37-45a3-95ec-189ed5f4a85b__ep5:qa:173,34f07a04-eb37-45a3-95ec-189ed5f4a85b__ep5,ep5,test,1840,1859,17.58853530883789,13.670127868652344,0.10133026540279388,0.15457041561603546,0.20500409603118896
dense_20f_stride10:34f07a04-eb37-45a3-95ec-189ed5f4a85b__ep5:qa:199,34f07a04-eb37-45a3-95ec-189ed5f4a85b__ep5,ep5,test,2120,2139,17.01226234436035,11.858244895935059,0.14126372337341309,0.2281835377216339,0.3155742883682251
dense_20f_stride10:34f07a04-eb37-45a3-95ec-189ed5f4a85b__ep5:qa:200,34f07a04-eb37-45a3-95ec-189ed5f4a85b__ep5,ep5,test,2130,2149,15.888062477111816,14.09877872467041,0.2552056908607483,0.41612496972084045,0.5875702500343323
dense_20f_stride10:34f07a04-eb37-45a3-95ec-189ed5f4a85b__ep5:qa:201,34f07a04-eb37-45a3-95ec-189ed5f4a85b__ep5,ep5,test,2140,2159,15.888062477111816,13.484916687011719,0.22353500127792358,0.3661418855190277,0.5188443064689636
dense_20f_stride10:34f07a04-eb37-45a3-95ec-189ed5f4a85b__ep5:qa:202,34f07a04-eb37-45a3-95ec-189ed5f4a85b__ep5,ep5,test,2150,2169,15.526551246643066,14.259246826171875,0.2674158811569214,0.4365977942943573,0.6001238226890564
dense_20f_stride10:34f07a04-eb37-45a3-95ec-189ed5f4a85b__ep5:qa:203,34f07a04-eb37-45a3-95ec-189ed5f4a85b__ep5,ep5,test,2160,2179,15.526551246643066,9.493491172790527,0.20575863122940063,0.37984418869018555,0.5200663208961487
dense_20f_stride10:34f07a04-eb37-45a3-95ec-189ed5f4a85b__ep5:qa:265,34f07a04-eb37-45a3-95ec-189ed5f4a85b__ep5,ep5,test,2800,2819,0.0,7.91917085647583,0.15607792139053345,0.26665234565734863,0.336797297000885
dense_20f_stride10:34f07a04-eb37-45a3-95ec-189ed5f4a85b__ep5:qa:266,34f07a04-eb37-45a3-95ec-189ed5f4a85b__ep5,ep5,test,2810,2829,0.0,13.066132545471191,0.2330852895975113,0.4399595856666565,0.5551542043685913
dense_20f_stride10:34f07a04-eb37-45a3-95ec-189ed5f4a85b__ep5:qa:267,34f07a04-eb37-45a3-95ec-189ed5f4a85b__ep5,ep5,test,2820,2839,0.0,13.813467025756836,0.2264668196439743,0.46512362360954285,0.5657926201820374
dense_20f_stride10:34f07a04-eb37-45a3-95ec-189ed5f4a85b__ep5:qa:268,34f07a04-eb37-45a3-95ec-189ed5f4a85b__ep5,ep5,test,2830,2849,17.451431274414062,9.883258819580078,0.14767639338970184,0.2710912525653839,0.3362945318222046
dense_20f_stride10:34f07a04-eb37-45a3-95ec-189ed5f4a85b__ep5:qa:269,34f07a04-eb37-45a3-95ec-189ed5f4a85b__ep5,ep5,test,2840,2859,17.451431274414062,12.566581726074219,0.19402247667312622,0.2890903055667877,0.37773847579956055
dense_20f_stride10:34f07a04-eb37-45a3-95ec-189ed5f4a85b__ep5:qa:270,34f07a04-eb37-45a3-95ec-189ed5f4a85b__ep5,ep5,test,2850,2869,17.451431274414062,13.084487915039062,0.18774448335170746,0.27049529552459717,0.3555767834186554
dense_20f_stride10:34f07a04-eb37-45a3-95ec-189ed5f4a85b__ep5:qa:291,34f07a04-eb37-45a3-95ec-189ed5f4a85b__ep5,ep5,test,3080,3099,12.604248046875,14.9000883102417,0.19623969495296478,0.27348101139068604,0.3797343373298645
dense_20f_stride10:34f07a04-eb37-45a3-95ec-189ed5f4a85b__ep5:qa:292,34f07a04-eb37-45a3-95ec-189ed5f4a85b__ep5,ep5,test,3090,3109,12.604248046875,15.684953689575195,0.19820350408554077,0.2741445302963257,0.37698012590408325
dense_20f_stride10:34f07a04-eb37-45a3-95ec-189ed5f4a85b__ep5:qa:293,34f07a04-eb37-45a3-95ec-189ed5f4a85b__ep5,ep5,test,3100,3119,12.604248046875,18.917274475097656,0.27563557028770447,0.38537973165512085,0.5124610066413879
dense_20f_stride10:34f07a04-eb37-45a3-95ec-189ed5f4a85b__ep5:qa:294,34f07a04-eb37-45a3-95ec-189ed5f4a85b__ep5,ep5,test,3110,3129,14.118179321289062,17.17754554748535,0.1668042689561844,0.23520304262638092,0.31678882241249084
dense_20f_stride10:34f07a04-eb37-45a3-95ec-189ed5f4a85b__ep5:qa:295,34f07a04-eb37-45a3-95ec-189ed5f4a85b__ep5,ep5,test,3120,3139,15.143975257873535,17.876388549804688,0.33306360244750977,0.48839274048805237,0.7116093039512634
dense_20f_stride10:34f07a04-eb37-45a3-95ec-189ed5f4a85b__ep5:qa:302,34f07a04-eb37-45a3-95ec-189ed5f4a85b__ep5,ep5,test,3200,3219,10.092330932617188,12.566324234008789,0.11097586154937744,0.1533307284116745,0.21651017665863037
dense_20f_stride10:34f07a04-eb37-45a3-95ec-189ed5f4a85b__ep5:qa:303,34f07a04-eb37-45a3-95ec-189ed5f4a85b__ep5,ep5,test,3210,3229,10.092330932617188,12.897445678710938,0.1201614961028099,0.16078491508960724,0.23625539243221283
dense_20f_stride10:34f07a04-eb37-45a3-95ec-189ed5f4a85b__ep5:qa:304,34f07a04-eb37-45a3-95ec-189ed5f4a85b__ep5,ep5,test,3220,3239,10.092330932617188,10.31831169128418,0.06630153954029083,0.10226849466562271,0.1385803520679474
dense_20f_stride10:34f07a04-eb37-45a3-95ec-189ed5f4a85b__ep5:qa:305,34f07a04-eb37-45a3-95ec-189ed5f4a85b__ep5,ep5,test,3230,3249,8.821907043457031,6.990396976470947,0.05118093267083168,0.07671260833740234,0.10458888113498688
dense_20f_stride10:34f07a04-eb37-45a3-95ec-189ed5f4a85b__ep5:qa:306,34f07a04-eb37-45a3-95ec-189ed5f4a85b__ep5,ep5,test,3240,3259,8.860970497131348,7.061843395233154,0.07398954778909683,0.10092790424823761,0.13990506529808044
dense_20f_stride10:34f07a04-eb37-45a3-95ec-189ed5f4a85b__ep5:qa:313,34f07a04-eb37-45a3-95ec-189ed5f4a85b__ep5,ep5,test,3320,3339,16.165653228759766,10.817052841186523,0.31180328130722046,0.4237363934516907,0.6169028878211975
dense_20f_stride10:34f07a04-eb37-45a3-95ec-189ed5f4a85b__ep5:qa:314,34f07a04-eb37-45a3-95ec-189ed5f4a85b__ep5,ep5,test,3330,3349,16.165653228759766,12.033562660217285,0.37428349256515503,0.4960206151008606,0.7288641929626465
dense_20f_stride10:34f07a04-eb37-45a3-95ec-189ed5f4a85b__ep5:qa:315,34f07a04-eb37-45a3-95ec-189ed5f4a85b__ep5,ep5,test,3340,3359,16.165653228759766,7.363368034362793,0.33229920268058777,0.43331804871559143,0.6244263648986816
dense_20f_stride10:34f07a04-eb37-45a3-95ec-189ed5f4a85b__ep5:qa:316,34f07a04-eb37-45a3-95ec-189ed5f4a85b__ep5,ep5,test,3350,3369,18.883535385131836,9.450410842895508,0.4166063368320465,0.5400341153144836,0.7733041048049927
dense_20f_stride10:34f07a04-eb37-45a3-95ec-189ed5f4a85b__ep5:qa:317,34f07a04-eb37-45a3-95ec-189ed5f4a85b__ep5,ep5,test,3360,3379,18.883535385131836,7.939389705657959,0.40549492835998535,0.534368634223938,0.7533591389656067
dense_20f_stride10:34f07a04-eb37-45a3-95ec-189ed5f4a85b__ep5:qa:359,34f07a04-eb37-45a3-95ec-189ed5f4a85b__ep5,ep5,test,3800,3819,10.048651695251465,10.582931518554688,0.09779439866542816,0.1413084715604782,0.1866825819015503
dense_20f_stride10:34f07a04-eb37-45a3-95ec-189ed5f4a85b__ep5:qa:360,34f07a04-eb37-45a3-95ec-189ed5f4a85b__ep5,ep5,test,3810,3829,15.947810173034668,10.492438316345215,0.2873860001564026,0.4034707546234131,0.5314626097679138
dense_20f_stride10:34f07a04-eb37-45a3-95ec-189ed5f4a85b__ep5:qa:361,34f07a04-eb37-45a3-95ec-189ed5f4a85b__ep5,ep5,test,3820,3839,15.947810173034668,12.517415046691895,0.26882317662239075,0.3950614631175995,0.5307660698890686
dense_20f_stride10:34f07a04-eb37-45a3-95ec-189ed5f4a85b__ep5:qa:362,34f07a04-eb37-45a3-95ec-189ed5f4a85b__ep5,ep5,test,3830,3849,18.127092361450195,7.984309196472168,0.3796846270561218,0.5256444215774536,0.719460666179657
dense_20f_stride10:34f07a04-eb37-45a3-95ec-189ed5f4a85b__ep5:qa:363,34f07a04-eb37-45a3-95ec-189ed5f4a85b__ep5,ep5,test,3840,3859,18.127092361450195,7.991150379180908,0.35657456517219543,0.517924427986145,0.7013247609138489
dense_20f_stride10:34f07a04-eb37-45a3-95ec-189ed5f4a85b__ep5:qa:364,34f07a04-eb37-45a3-95ec-189ed5f4a85b__ep5,ep5,test,3850,3869,18.127092361450195,11.09048843383789,0.311616450548172,0.47526460886001587,0.648308515548706
dense_20f_stride10:34f07a04-eb37-45a3-95ec-189ed5f4a85b__ep5:qa:374,34f07a04-eb37-45a3-95ec-189ed5f4a85b__ep5,ep5,test,3960,3979,33.049495697021484,10.084075927734375,0.579034686088562,1.0318918228149414,1.217641830444336
dense_20f_stride10:34f07a04-eb37-45a3-95ec-189ed5f4a85b__ep5:qa:375,34f07a04-eb37-45a3-95ec-189ed5f4a85b__ep5,ep5,test,3970,3989,33.049495697021484,13.116788864135742,0.4653325378894806,0.7146547436714172,0.8282977342605591
dense_20f_stride10:34f07a04-eb37-45a3-95ec-189ed5f4a85b__ep5:qa:376,34f07a04-eb37-45a3-95ec-189ed5f4a85b__ep5,ep5,test,3980,3999,33.049495697021484,18.88905906677246,0.3289865255355835,0.5019327402114868,0.5940958857536316
dense_20f_stride10:34f07a04-eb37-45a3-95ec-189ed5f4a85b__ep5:qa:388,34f07a04-eb37-45a3-95ec-189ed5f4a85b__ep5,ep5,test,4120,4139,23.8865909576416,15.537041664123535,0.21232855319976807,0.3466126322746277,0.4501517117023468
dense_20f_stride10:34f07a04-eb37-45a3-95ec-189ed5f4a85b__ep5:qa:389,34f07a04-eb37-45a3-95ec-189ed5f4a85b__ep5,ep5,test,4130,4149,22.717607498168945,20.81723403930664,0.1278894543647766,0.190128356218338,0.263919860124588
dense_20f_stride10:34f07a04-eb37-45a3-95ec-189ed5f4a85b__ep5:qa:390,34f07a04-eb37-45a3-95ec-189ed5f4a85b__ep5,ep5,test,4140,4159,22.717607498168945,20.54176902770996,0.10877145081758499,0.17293621599674225,0.2389211356639862
dense_20f_stride10:34f07a04-eb37-45a3-95ec-189ed5f4a85b__ep5:qa:391,34f07a04-eb37-45a3-95ec-189ed5f4a85b__ep5,ep5,test,4150,4169,22.795719146728516,20.87643051147461,0.28212442994117737,0.39413192868232727,0.5740936398506165
dense_20f_stride10:34f07a04-eb37-45a3-95ec-189ed5f4a85b__ep5:qa:392,34f07a04-eb37-45a3-95ec-189ed5f4a85b__ep5,ep5,test,4160,4179,22.795719146728516,14.312376976013184,0.2908869683742523,0.41468679904937744,0.5767476558685303
dense_20f_stride10:34f07a04-eb37-45a3-95ec-189ed5f4a85b__ep5:qa:411,34f07a04-eb37-45a3-95ec-189ed5f4a85b__ep5,ep5,test,4360,4379,13.441169738769531,7.716753959655762,0.19815456867218018,0.3253409266471863,0.4279406666755676
dense_20f_stride10:34f07a04-eb37-45a3-95ec-189ed5f4a85b__ep5:qa:412,34f07a04-eb37-45a3-95ec-189ed5f4a85b__ep5,ep5,test,4370,4389,16.286649703979492,9.211055755615234,0.2468929886817932,0.34524351358413696,0.48025190830230713
dense_20f_stride10:34f07a04-eb37-45a3-95ec-189ed5f4a85b__ep5:qa:413,34f07a04-eb37-45a3-95ec-189ed5f4a85b__ep5,ep5,test,4380,4399,16.286649703979492,13.082545280456543,0.18896162509918213,0.30431097745895386,0.38263610005378723
dense_20f_stride10:34f07a04-eb37-45a3-95ec-189ed5f4a85b__ep5:qa:414,34f07a04-eb37-45a3-95ec-189ed5f4a85b__ep5,ep5,test,4400,4419,16.490602493286133,7.251038074493408,0.26099643111228943,0.3530679941177368,0.47830262780189514
dense_20f_stride10:34f07a04-eb37-45a3-95ec-189ed5f4a85b__ep5:qa:415,34f07a04-eb37-45a3-95ec-189ed5f4a85b__ep5,ep5,test,4410,4429,16.494234085083008,13.071443557739258,0.22318202257156372,0.30024072527885437,0.4155321419239044
dense_20f_stride10:34f07a04-eb37-45a3-95ec-189ed5f4a85b__ep5:qa:416,34f07a04-eb37-45a3-95ec-189ed5f4a85b__ep5,ep5,test,4420,4439,16.494234085083008,12.086441040039062,0.21940788626670837,0.30124926567077637,0.40049320459365845
dense_20f_stride10:34f07a04-eb37-45a3-95ec-189ed5f4a85b__ep5:qa:417,34f07a04-eb37-45a3-95ec-189ed5f4a85b__ep5,ep5,test,4430,4449,13.687686920166016,11.348516464233398,0.1716540902853012,0.24176713824272156,0.3286713659763336
dense_20f_stride10:34f07a04-eb37-45a3-95ec-189ed5f4a85b__ep5:qa:418,34f07a04-eb37-45a3-95ec-189ed5f4a85b__ep5,ep5,test,4440,4459,13.687686920166016,8.349658966064453,0.1702519804239273,0.2617291212081909,0.33169370889663696
dense_20f_stride10:34f07a04-eb37-45a3-95ec-189ed5f4a85b__ep5:qa:419,34f07a04-eb37-45a3-95ec-189ed5f4a85b__ep5,ep5,test,4450,4469,13.687686920166016,7.748508930206299,0.19445617496967316,0.2874179482460022,0.3715333342552185
dense_20f_stride10:34f07a04-eb37-45a3-95ec-189ed5f4a85b__ep5:qa:445,34f07a04-eb37-45a3-95ec-189ed5f4a85b__ep5,ep5,test,4720,4739,13.580216407775879,13.525365829467773,0.10573597252368927,0.1650039106607437,0.2239377796649933
dense_20f_stride10:34f07a04-eb37-45a3-95ec-189ed5f4a85b__ep5:qa:446,34f07a04-eb37-45a3-95ec-189ed5f4a85b__ep5,ep5,test,4730,4749,14.133535385131836,21.898714065551758,0.27717095613479614,0.4629627764225006,0.5644476413726807
dense_20f_stride10:34f07a04-eb37-45a3-95ec-189ed5f4a85b__ep5:qa:447,34f07a04-eb37-45a3-95ec-189ed5f4a85b__ep5,ep5,test,4740,4759,14.451335906982422,11.858184814453125,0.09512017667293549,0.14421464502811432,0.1844763606786728
dense_20f_stride10:34f07a04-eb37-45a3-95ec-189ed5f4a85b__ep5:qa:448,34f07a04-eb37-45a3-95ec-189ed5f4a85b__ep5,ep5,test,4750,4769,15.09047794342041,11.857169151306152,0.11286909133195877,0.18243759870529175,0.22269484400749207
dense_20f_stride10:34f07a04-eb37-45a3-95ec-189ed5f4a85b__ep5:qa:449,34f07a04-eb37-45a3-95ec-189ed5f4a85b__ep5,ep5,test,4760,4779,15.09047794342041,13.952705383300781,0.10261616855859756,0.1441631317138672,0.2011355757713318
dense_20f_stride10:34f07a04-eb37-45a3-95ec-189ed5f4a85b__ep5:qa:452,34f07a04-eb37-45a3-95ec-189ed5f4a85b__ep5,ep5,test,4800,4819,14.951068878173828,14.02503490447998,0.22468191385269165,0.40167444944381714,0.4938656985759735
dense_20f_stride10:34f07a04-eb37-45a3-95ec-189ed5f4a85b__ep5:qa:453,34f07a04-eb37-45a3-95ec-189ed5f4a85b__ep5,ep5,test,4810,4829,14.916791915893555,21.449745178222656,0.3626271188259125,0.6042569875717163,0.7392805814743042
dense_20f_stride10:34f07a04-eb37-45a3-95ec-189ed5f4a85b__ep5:qa:454,34f07a04-eb37-45a3-95ec-189ed5f4a85b__ep5,ep5,test,4820,4839,14.971640586853027,19.23249626159668,0.2557317018508911,0.4083018898963928,0.497280091047287
dense_20f_stride10:34f07a04-eb37-45a3-95ec-189ed5f4a85b__ep5:qa:455,34f07a04-eb37-45a3-95ec-189ed5f4a85b__ep5,ep5,test,4830,4849,15.021385192871094,12.869775772094727,0.13877902925014496,0.23181945085525513,0.28801774978637695
dense_20f_stride10:34f07a04-eb37-45a3-95ec-189ed5f4a85b__ep5:qa:456,34f07a04-eb37-45a3-95ec-189ed5f4a85b__ep5,ep5,test,4840,4859,15.085164070129395,11.708257675170898,0.10135349631309509,0.1458669751882553,0.1834779530763626
dense_20f_stride10:34f07a04-eb37-45a3-95ec-189ed5f4a85b__ep5:qa:459,34f07a04-eb37-45a3-95ec-189ed5f4a85b__ep5,ep5,test,4880,4899,14.9727144241333,14.382733345031738,0.24388954043388367,0.3968701958656311,0.4824063181877136
dense_20f_stride10:34f07a04-eb37-45a3-95ec-189ed5f4a85b__ep5:qa:460,34f07a04-eb37-45a3-95ec-189ed5f4a85b__ep5,ep5,test,4890,4909,13.087238311767578,14.985390663146973,0.32211610674858093,0.47667402029037476,0.6455447673797607
dense_20f_stride10:34f07a04-eb37-45a3-95ec-189ed5f4a85b__ep5:qa:461,34f07a04-eb37-45a3-95ec-189ed5f4a85b__ep5,ep5,test,4900,4919,13.087238311767578,17.981277465820312,0.37788012623786926,0.5517359972000122,0.7704505324363708
dense_20f_stride10:b9dd769b-e31a-4fdb-945e-5a60db6487b0__ep2:qa:0,b9dd769b-e31a-4fdb-945e-5a60db6487b0__ep2,ep2,test,0,19,13.189827919006348,7.004098415374756,0.11219029873609543,0.22248564660549164,0.23471426963806152
dense_20f_stride10:b9dd769b-e31a-4fdb-945e-5a60db6487b0__ep2:qa:1,b9dd769b-e31a-4fdb-945e-5a60db6487b0__ep2,ep2,test,10,29,14.986444473266602,5.183867931365967,0.20343460142612457,0.34249526262283325,0.449923574924469
dense_20f_stride10:b9dd769b-e31a-4fdb-945e-5a60db6487b0__ep2:qa:2,b9dd769b-e31a-4fdb-945e-5a60db6487b0__ep2,ep2,test,20,39,14.986444473266602,4.134377956390381,0.22342394292354584,0.37395718693733215,0.4867498576641083
dense_20f_stride10:b9dd769b-e31a-4fdb-945e-5a60db6487b0__ep2:qa:3,b9dd769b-e31a-4fdb-945e-5a60db6487b0__ep2,ep2,test,30,49,14.83332347869873,5.906346797943115,0.18680985271930695,0.3166266977787018,0.4117317199707031
dense_20f_stride10:b9dd769b-e31a-4fdb-945e-5a60db6487b0__ep2:qa:4,b9dd769b-e31a-4fdb-945e-5a60db6487b0__ep2,ep2,test,40,59,14.83332347869873,5.943964004516602,0.1860845983028412,0.3146120607852936,0.4095287322998047
dense_20f_stride10:b9dd769b-e31a-4fdb-945e-5a60db6487b0__ep2:qa:5,b9dd769b-e31a-4fdb-945e-5a60db6487b0__ep2,ep2,test,50,69,14.62069320678711,6.014282703399658,0.176905557513237,0.29968905448913574,0.382362425327301
dense_20f_stride10:b9dd769b-e31a-4fdb-945e-5a60db6487b0__ep2:qa:6,b9dd769b-e31a-4fdb-945e-5a60db6487b0__ep2,ep2,test,60,79,14.62069320678711,5.619134902954102,0.18733440339565277,0.3128127455711365,0.3979984223842621
dense_20f_stride10:b9dd769b-e31a-4fdb-945e-5a60db6487b0__ep2:qa:7,b9dd769b-e31a-4fdb-945e-5a60db6487b0__ep2,ep2,test,70,89,14.313314437866211,11.054841041564941,0.20105059444904327,0.29476621747016907,0.4123351573944092
dense_20f_stride10:b9dd769b-e31a-4fdb-945e-5a60db6487b0__ep2:qa:8,b9dd769b-e31a-4fdb-945e-5a60db6487b0__ep2,ep2,test,80,99,14.313314437866211,10.863149642944336,0.14907623827457428,0.22774803638458252,0.30585816502571106
dense_20f_stride10:b9dd769b-e31a-4fdb-945e-5a60db6487b0__ep2:qa:9,b9dd769b-e31a-4fdb-945e-5a60db6487b0__ep2,ep2,test,90,109,14.139087677001953,8.1663236618042,0.15201035141944885,0.258201003074646,0.34702068567276
dense_20f_stride10:b9dd769b-e31a-4fdb-945e-5a60db6487b0__ep2:qa:10,b9dd769b-e31a-4fdb-945e-5a60db6487b0__ep2,ep2,test,100,119,14.139087677001953,7.910579681396484,0.1539161205291748,0.25556889176368713,0.3401128053665161
dense_20f_stride10:b9dd769b-e31a-4fdb-945e-5a60db6487b0__ep2:qa:79,b9dd769b-e31a-4fdb-945e-5a60db6487b0__ep2,ep2,test,800,819,0.0,3.3573336601257324,0.0629066750407219,0.11304730176925659,0.13649550080299377
dense_20f_stride10:b9dd769b-e31a-4fdb-945e-5a60db6487b0__ep2:qa:80,b9dd769b-e31a-4fdb-945e-5a60db6487b0__ep2,ep2,test,810,829,0.0,7.920108318328857,0.14380881190299988,0.2666839361190796,0.32110726833343506
dense_20f_stride10:b9dd769b-e31a-4fdb-945e-5a60db6487b0__ep2:qa:81,b9dd769b-e31a-4fdb-945e-5a60db6487b0__ep2,ep2,test,820,839,0.0,5.562483787536621,0.10061120241880417,0.18729858100414276,0.23561863601207733
dense_20f_stride10:b9dd769b-e31a-4fdb-945e-5a60db6487b0__ep2:qa:82,b9dd769b-e31a-4fdb-945e-5a60db6487b0__ep2,ep2,test,830,849,0.0,4.949409484863281,0.09697329252958298,0.1666553020477295,0.20141439139842987
dense_20f_stride10:b9dd769b-e31a-4fdb-945e-5a60db6487b0__ep2:qa:83,b9dd769b-e31a-4fdb-945e-5a60db6487b0__ep2,ep2,test,840,859,0.0,8.188521385192871,0.13406553864479065,0.27572184801101685,0.3243984878063202
dense_20f_stride10:b9dd769b-e31a-4fdb-945e-5a60db6487b0__ep2:qa:84,b9dd769b-e31a-4fdb-945e-5a60db6487b0__ep2,ep2,test,850,869,0.0,8.502277374267578,0.14365611970424652,0.2862865626811981,0.34027761220932007
dense_20f_stride10:b9dd769b-e31a-4fdb-945e-5a60db6487b0__ep2:qa:85,b9dd769b-e31a-4fdb-945e-5a60db6487b0__ep2,ep2,test,860,879,0.0,6.992478370666504,0.12401249259710312,0.23544900119304657,0.2809658944606781
dense_20f_stride10:b9dd769b-e31a-4fdb-945e-5a60db6487b0__ep2:qa:86,b9dd769b-e31a-4fdb-945e-5a60db6487b0__ep2,ep2,test,870,889,11.472923278808594,6.002992630004883,0.20347419381141663,0.3473220765590668,0.4618911147117615
dense_20f_stride10:b9dd769b-e31a-4fdb-945e-5a60db6487b0__ep2:qa:87,b9dd769b-e31a-4fdb-945e-5a60db6487b0__ep2,ep2,test,880,899,11.472923278808594,1.0323166847229004,0.18977193534374237,0.38178542256355286,0.46338582038879395
dense_20f_stride10:b9dd769b-e31a-4fdb-945e-5a60db6487b0__ep2:qa:88,b9dd769b-e31a-4fdb-945e-5a60db6487b0__ep2,ep2,test,890,909,12.64011287689209,1.283331274986267,0.24627047777175903,0.40490397810935974,0.5595611929893494
dense_20f_stride10:b9dd769b-e31a-4fdb-945e-5a60db6487b0__ep2:qa:89,b9dd769b-e31a-4fdb-945e-5a60db6487b0__ep2,ep2,test,900,919,12.64011287689209,3.506258726119995,0.23359237611293793,0.36791831254959106,0.5061174035072327
dense_20f_stride10:b9dd769b-e31a-4fdb-945e-5a60db6487b0__ep2:qa:138,b9dd769b-e31a-4fdb-945e-5a60db6487b0__ep2,ep2,test,1400,1419,13.271663665771484,13.220438957214355,0.25741174817085266,0.39194637537002563,0.5398766398429871
dense_20f_stride10:b9dd769b-e31a-4fdb-945e-5a60db6487b0__ep2:qa:139,b9dd769b-e31a-4fdb-945e-5a60db6487b0__ep2,ep2,test,1410,1429,12.481922149658203,11.578322410583496,0.19712881743907928,0.2931976020336151,0.4041062891483307
dense_20f_stride10:b9dd769b-e31a-4fdb-945e-5a60db6487b0__ep2:qa:140,b9dd769b-e31a-4fdb-945e-5a60db6487b0__ep2,ep2,test,1420,1439,12.736061096191406,11.593634605407715,0.09414825588464737,0.1411616951227188,0.19258250296115875
dense_20f_stride10:b9dd769b-e31a-4fdb-945e-5a60db6487b0__ep2:qa:141,b9dd769b-e31a-4fdb-945e-5a60db6487b0__ep2,ep2,test,1430,1449,0.0,10.259023666381836,0.21169354021549225,0.34543928503990173,0.4862264096736908
dense_20f_stride10:b9dd769b-e31a-4fdb-945e-5a60db6487b0__ep2:qa:142,b9dd769b-e31a-4fdb-945e-5a60db6487b0__ep2,ep2,test,1440,1459,0.0,10.461976051330566,0.20226548612117767,0.3522730767726898,0.46311306953430176
dense_20f_stride10:b9dd769b-e31a-4fdb-945e-5a60db6487b0__ep2:qa:143,b9dd769b-e31a-4fdb-945e-5a60db6487b0__ep2,ep2,test,1450,1469,0.0,10.276511192321777,0.20943208038806915,0.3460281491279602,0.47497299313545227
dense_20f_stride10:b9dd769b-e31a-4fdb-945e-5a60db6487b0__ep2:qa:144,b9dd769b-e31a-4fdb-945e-5a60db6487b0__ep2,ep2,test,1460,1479,0.0,11.211201667785645,0.22023798525333405,0.3775008022785187,0.5153765082359314
dense_20f_stride10:b9dd769b-e31a-4fdb-945e-5a60db6487b0__ep2:qa:145,b9dd769b-e31a-4fdb-945e-5a60db6487b0__ep2,ep2,test,1470,1489,0.0,11.645204544067383,0.23278431594371796,0.39211440086364746,0.542365550994873
dense_20f_stride10:b9dd769b-e31a-4fdb-945e-5a60db6487b0__ep2:qa:146,b9dd769b-e31a-4fdb-945e-5a60db6487b0__ep2,ep2,test,1480,1499,0.0,13.438191413879395,0.2827896475791931,0.45248743891716003,0.6509966850280762
dense_20f_stride10:b9dd769b-e31a-4fdb-945e-5a60db6487b0__ep2:qa:147,b9dd769b-e31a-4fdb-945e-5a60db6487b0__ep2,ep2,test,1490,1509,0.0,12.504124641418457,0.2944371998310089,0.4210357964038849,0.6028392314910889
dense_20f_stride10:b9dd769b-e31a-4fdb-945e-5a60db6487b0__ep2:qa:148,b9dd769b-e31a-4fdb-945e-5a60db6487b0__ep2,ep2,test,1500,1519,0.0,10.716444969177246,0.26196280121803284,0.36084145307540894,0.5029130578041077
dense_20f_stride10:b9dd769b-e31a-4fdb-945e-5a60db6487b0__ep2:qa:149,b9dd769b-e31a-4fdb-945e-5a60db6487b0__ep2,ep2,test,1510,1529,0.0,2.4627785682678223,0.052307404577732086,0.08292607218027115,0.10407380014657974
dense_20f_stride10:b9dd769b-e31a-4fdb-945e-5a60db6487b0__ep2:qa:177,b9dd769b-e31a-4fdb-945e-5a60db6487b0__ep2,ep2,test,1800,1819,0.0,10.31528091430664,0.20228435099124908,0.3473335802555084,0.4490679204463959
dense_20f_stride10:b9dd769b-e31a-4fdb-945e-5a60db6487b0__ep2:qa:178,b9dd769b-e31a-4fdb-945e-5a60db6487b0__ep2,ep2,test,1810,1829,0.0,10.842789649963379,0.20067162811756134,0.36509570479393005,0.4669870436191559
dense_20f_stride10:b9dd769b-e31a-4fdb-945e-5a60db6487b0__ep2:qa:179,b9dd769b-e31a-4fdb-945e-5a60db6487b0__ep2,ep2,test,1820,1839,0.0,9.822975158691406,0.1855648159980774,0.3307567834854126,0.412655234336853
dense_20f_stride10:b9dd769b-e31a-4fdb-945e-5a60db6487b0__ep2:qa:180,b9dd769b-e31a-4fdb-945e-5a60db6487b0__ep2,ep2,test,1830,1849,0.0,7.8906049728393555,0.159783735871315,0.26569050550460815,0.3588147461414337
dense_20f_stride10:b9dd769b-e31a-4fdb-945e-5a60db6487b0__ep2:qa:181,b9dd769b-e31a-4fdb-945e-5a60db6487b0__ep2,ep2,test,1840,1859,0.0,9.173615455627441,0.179002046585083,0.3088916838169098,0.3889038562774658
dense_20f_stride10:b9dd769b-e31a-4fdb-945e-5a60db6487b0__ep2:qa:182,b9dd769b-e31a-4fdb-945e-5a60db6487b0__ep2,ep2,test,1850,1869,0.0,6.247987747192383,0.130802184343338,0.2103806883096695,0.26779958605766296
dense_20f_stride10:b9dd769b-e31a-4fdb-945e-5a60db6487b0__ep2:qa:183,b9dd769b-e31a-4fdb-945e-5a60db6487b0__ep2,ep2,test,1860,1879,0.0,6.293529987335205,0.1315959393978119,0.21191418170928955,0.27846387028694153
dense_20f_stride10:b9dd769b-e31a-4fdb-945e-5a60db6487b0__ep2:qa:184,b9dd769b-e31a-4fdb-945e-5a60db6487b0__ep2,ep2,test,1880,1899,0.0,13.958012580871582,0.25226643681526184,0.46999073028564453,0.5945143699645996
dense_20f_stride10:b9dd769b-e31a-4fdb-945e-5a60db6487b0__ep2:qa:185,b9dd769b-e31a-4fdb-945e-5a60db6487b0__ep2,ep2,test,1890,1909,0.0,12.88387393951416,0.21401333808898926,0.4338226020336151,0.5222698450088501
dense_20f_stride10:b9dd769b-e31a-4fdb-945e-5a60db6487b0__ep2:qa:186,b9dd769b-e31a-4fdb-945e-5a60db6487b0__ep2,ep2,test,1900,1919,0.0,11.751456260681152,0.2092408835887909,0.3956921100616455,0.48431143164634705
dense_20f_stride10:b9dd769b-e31a-4fdb-945e-5a60db6487b0__ep2:qa:187,b9dd769b-e31a-4fdb-945e-5a60db6487b0__ep2,ep2,test,1910,1929,0.0,12.298852920532227,0.22207477688789368,0.41412392258644104,0.5101882815361023
dense_20f_stride10:b9dd769b-e31a-4fdb-945e-5a60db6487b0__ep2:qa:188,b9dd769b-e31a-4fdb-945e-5a60db6487b0__ep2,ep2,test,1920,1939,0.0,13.88846206665039,0.21979451179504395,0.46764883399009705,0.5561027526855469
dense_20f_stride10:b9dd769b-e31a-4fdb-945e-5a60db6487b0__ep2:qa:189,b9dd769b-e31a-4fdb-945e-5a60db6487b0__ep2,ep2,test,1930,1949,0.0,13.072639465332031,0.22968031466007233,0.44017866253852844,0.5545043349266052
dense_20f_stride10:b9dd769b-e31a-4fdb-945e-5a60db6487b0__ep2:qa:190,b9dd769b-e31a-4fdb-945e-5a60db6487b0__ep2,ep2,test,1940,1959,0.0,15.254141807556152,0.28569528460502625,0.513633668422699,0.6457897424697876
dense_20f_stride10:b9dd769b-e31a-4fdb-945e-5a60db6487b0__ep2:qa:191,b9dd769b-e31a-4fdb-945e-5a60db6487b0__ep2,ep2,test,1950,1969,0.0,10.354789733886719,0.1817912757396698,0.34866389632225037,0.4082653522491455
dense_20f_stride10:b9dd769b-e31a-4fdb-945e-5a60db6487b0__ep2:qa:192,b9dd769b-e31a-4fdb-945e-5a60db6487b0__ep2,ep2,test,1960,1979,0.0,13.185912132263184,0.24379035830497742,0.4439927339553833,0.5558898448944092
dense_20f_stride10:b9dd769b-e31a-4fdb-945e-5a60db6487b0__ep2:qa:193,b9dd769b-e31a-4fdb-945e-5a60db6487b0__ep2,ep2,test,1970,1989,0.0,12.489034652709961,0.22982992231845856,0.4205276668071747,0.5173441767692566
dense_20f_stride10:b9dd769b-e31a-4fdb-945e-5a60db6487b0__ep2:qa:194,b9dd769b-e31a-4fdb-945e-5a60db6487b0__ep2,ep2,test,1980,1999,0.0,11.204207420349121,0.20091544091701508,0.3772652745246887,0.4536043405532837
dense_20f_stride10:b9dd769b-e31a-4fdb-945e-5a60db6487b0__ep2:qa:223,b9dd769b-e31a-4fdb-945e-5a60db6487b0__ep2,ep2,test,2280,2299,14.6304292678833,14.712696075439453,0.1716841459274292,0.255780428647995,0.34226763248443604
dense_20f_stride10:b9dd769b-e31a-4fdb-945e-5a60db6487b0__ep2:qa:224,b9dd769b-e31a-4fdb-945e-5a60db6487b0__ep2,ep2,test,2290,2309,14.636024475097656,14.8585205078125,0.10493963211774826,0.15072683990001678,0.20439259707927704
dense_20f_stride10:b9dd769b-e31a-4fdb-945e-5a60db6487b0__ep2:qa:225,b9dd769b-e31a-4fdb-945e-5a60db6487b0__ep2,ep2,test,2300,2319,14.636024475097656,11.18956470489502,0.11766311526298523,0.18793177604675293,0.23438255488872528
dense_20f_stride10:b9dd769b-e31a-4fdb-945e-5a60db6487b0__ep2:qa:226,b9dd769b-e31a-4fdb-945e-5a60db6487b0__ep2,ep2,test,2310,2329,14.637847900390625,12.620534896850586,0.10553786158561707,0.15139256417751312,0.2066434770822525
dense_20f_stride10:b9dd769b-e31a-4fdb-945e-5a60db6487b0__ep2:qa:227,b9dd769b-e31a-4fdb-945e-5a60db6487b0__ep2,ep2,test,2320,2339,15.626893997192383,11.881490707397461,0.21090075373649597,0.364168643951416,0.47182556986808777
dense_20f_stride10:b9dd769b-e31a-4fdb-945e-5a60db6487b0__ep2:qa:228,b9dd769b-e31a-4fdb-945e-5a60db6487b0__ep2,ep2,test,2330,2349,13.114977836608887,14.341915130615234,0.16414999961853027,0.26706579327583313,0.3633916974067688
dense_20f_stride10:b9dd769b-e31a-4fdb-945e-5a60db6487b0__ep2:qa:229,b9dd769b-e31a-4fdb-945e-5a60db6487b0__ep2,ep2,test,2340,2359,14.420143127441406,14.681292533874512,0.21705502271652222,0.35936757922172546,0.478944331407547
dense_20f_stride10:b9dd769b-e31a-4fdb-945e-5a60db6487b0__ep2:qa:230,b9dd769b-e31a-4fdb-945e-5a60db6487b0__ep2,ep2,test,2350,2369,13.561718940734863,13.635320663452148,0.08916293829679489,0.14094039797782898,0.19073759019374847
dense_20f_stride10:b9dd769b-e31a-4fdb-945e-5a60db6487b0__ep2:qa:231,b9dd769b-e31a-4fdb-945e-5a60db6487b0__ep2,ep2,test,2360,2379,12.585236549377441,13.346619606018066,0.07132012397050858,0.10645107924938202,0.1494213342666626
dense_20f_stride10:b9dd769b-e31a-4fdb-945e-5a60db6487b0__ep2:qa:232,b9dd769b-e31a-4fdb-945e-5a60db6487b0__ep2,ep2,test,2370,2389,11.96159553527832,13.256779670715332,0.07549811154603958,0.12065013498067856,0.15453097224235535
dense_20f_stride10:b9dd769b-e31a-4fdb-945e-5a60db6487b0__ep2:qa:233,b9dd769b-e31a-4fdb-945e-5a60db6487b0__ep2,ep2,test,2380,2399,12.151516914367676,12.553924560546875,0.06867048144340515,0.09523403644561768,0.1377958506345749
dense_20f_stride10:b9dd769b-e31a-4fdb-945e-5a60db6487b0__ep2:qa:234,b9dd769b-e31a-4fdb-945e-5a60db6487b0__ep2,ep2,test,2400,2419,12.918625831604004,9.256306648254395,0.09779875725507736,0.16491687297821045,0.2226993292570114
dense_20f_stride10:b9dd769b-e31a-4fdb-945e-5a60db6487b0__ep2:qa:235,b9dd769b-e31a-4fdb-945e-5a60db6487b0__ep2,ep2,test,2410,2429,12.914984703063965,10.763494491577148,0.0874561294913292,0.1347251534461975,0.1782420426607132
dense_20f_stride10:b9dd769b-e31a-4fdb-945e-5a60db6487b0__ep2:qa:236,b9dd769b-e31a-4fdb-945e-5a60db6487b0__ep2,ep2,test,2420,2439,12.914984703063965,11.585734367370605,0.07937546074390411,0.11880544573068619,0.15268872678279877
dense_20f_stride10:b9dd769b-e31a-4fdb-945e-5a60db6487b0__ep2:qa:237,b9dd769b-e31a-4fdb-945e-5a60db6487b0__ep2,ep2,test,2430,2449,12.830939292907715,12.775507926940918,0.0887894481420517,0.12714673578739166,0.17681783437728882
dense_20f_stride10:b9dd769b-e31a-4fdb-945e-5a60db6487b0__ep2:qa:238,b9dd769b-e31a-4fdb-945e-5a60db6487b0__ep2,ep2,test,2440,2459,12.830939292907715,11.308048248291016,0.09511256217956543,0.13451117277145386,0.19462284445762634
dense_20f_stride10:b9dd769b-e31a-4fdb-945e-5a60db6487b0__ep2:qa:239,b9dd769b-e31a-4fdb-945e-5a60db6487b0__ep2,ep2,test,2450,2469,12.793607711791992,8.349832534790039,0.09806901216506958,0.16461534798145294,0.21207676827907562
dense_20f_stride10:b9dd769b-e31a-4fdb-945e-5a60db6487b0__ep2:qa:240,b9dd769b-e31a-4fdb-945e-5a60db6487b0__ep2,ep2,test,2460,2479,12.793607711791992,6.49289608001709,0.11335378885269165,0.21713510155677795,0.2603434920310974
dense_20f_stride10:b9dd769b-e31a-4fdb-945e-5a60db6487b0__ep2:qa:241,b9dd769b-e31a-4fdb-945e-5a60db6487b0__ep2,ep2,test,2470,2489,12.788436889648438,12.133441925048828,0.11288920789957047,0.16666251420974731,0.21513138711452484
dense_20f_stride10:b9dd769b-e31a-4fdb-945e-5a60db6487b0__ep2:qa:242,b9dd769b-e31a-4fdb-945e-5a60db6487b0__ep2,ep2,test,2480,2499,12.788436889648438,10.199621200561523,0.07322245836257935,0.11433690786361694,0.1563708335161209
dense_20f_stride10:b9dd769b-e31a-4fdb-945e-5a60db6487b0__ep2:qa:243,b9dd769b-e31a-4fdb-945e-5a60db6487b0__ep2,ep2,test,2490,2509,12.693275451660156,11.309127807617188,0.1253764033317566,0.16288292407989502,0.23884396255016327
dense_20f_stride10:b9dd769b-e31a-4fdb-945e-5a60db6487b0__ep2:qa:244,b9dd769b-e31a-4fdb-945e-5a60db6487b0__ep2,ep2,test,2500,2519,12.693275451660156,9.268403053283691,0.10076328366994858,0.15385189652442932,0.2071378231048584
dense_20f_stride10:b9dd769b-e31a-4fdb-945e-5a60db6487b0__ep2:qa:281,b9dd769b-e31a-4fdb-945e-5a60db6487b0__ep2,ep2,test,2880,2899,0.0,11.677163124084473,0.2168564796447754,0.39319053292274475,0.45418065786361694
dense_20f_stride10:b9dd769b-e31a-4fdb-945e-5a60db6487b0__ep2:qa:282,b9dd769b-e31a-4fdb-945e-5a60db6487b0__ep2,ep2,test,2890,2909,0.0,11.258251190185547,0.23576614260673523,0.3790850341320038,0.4888785779476166
dense_20f_stride10:b9dd769b-e31a-4fdb-945e-5a60db6487b0__ep2:qa:283,b9dd769b-e31a-4fdb-945e-5a60db6487b0__ep2,ep2,test,2900,2919,0.0,11.480390548706055,0.2143678069114685,0.38656488060951233,0.4559434652328491
dense_20f_stride10:b9dd769b-e31a-4fdb-945e-5a60db6487b0__ep2:qa:284,b9dd769b-e31a-4fdb-945e-5a60db6487b0__ep2,ep2,test,2910,2929,0.0,12.414712905883789,0.230921670794487,0.4180251359939575,0.4938587546348572
dense_20f_stride10:b9dd769b-e31a-4fdb-945e-5a60db6487b0__ep2:qa:285,b9dd769b-e31a-4fdb-945e-5a60db6487b0__ep2,ep2,test,2920,2939,0.0,3.934727430343628,0.07264211028814316,0.1324891746044159,0.1691412329673767
dense_20f_stride10:b9dd769b-e31a-4fdb-945e-5a60db6487b0__ep2:qa:286,b9dd769b-e31a-4fdb-945e-5a60db6487b0__ep2,ep2,test,2930,2949,12.01610279083252,6.533084869384766,0.19832636415958405,0.3068750500679016,0.4341733753681183
dense_20f_stride10:b9dd769b-e31a-4fdb-945e-5a60db6487b0__ep2:qa:287,b9dd769b-e31a-4fdb-945e-5a60db6487b0__ep2,ep2,test,2940,2959,12.01610279083252,2.804833173751831,0.20783203840255737,0.37295985221862793,0.47425344586372375
dense_20f_stride10:b9dd769b-e31a-4fdb-945e-5a60db6487b0__ep2:qa:288,b9dd769b-e31a-4fdb-945e-5a60db6487b0__ep2,ep2,test,2950,2969,12.780153274536133,12.020103454589844,0.2380823940038681,0.3662737309932709,0.5203394293785095
dense_20f_stride10:b9dd769b-e31a-4fdb-945e-5a60db6487b0__ep2:qa:289,b9dd769b-e31a-4fdb-945e-5a60db6487b0__ep2,ep2,test,2960,2979,12.780153274536133,11.88064956665039,0.20357394218444824,0.3441793620586395,0.4575229585170746
dense_20f_stride10:b9dd769b-e31a-4fdb-945e-5a60db6487b0__ep2:qa:290,b9dd769b-e31a-4fdb-945e-5a60db6487b0__ep2,ep2,test,2970,2989,12.555187225341797,14.517078399658203,0.09673035144805908,0.1509169638156891,0.19161663949489594
dense_20f_stride10:b9dd769b-e31a-4fdb-945e-5a60db6487b0__ep2:qa:291,b9dd769b-e31a-4fdb-945e-5a60db6487b0__ep2,ep2,test,2980,2999,12.555187225341797,20.85673713684082,0.250936359167099,0.43695127964019775,0.5160211324691772
dense_20f_stride10:b9dd769b-e31a-4fdb-945e-5a60db6487b0__ep2:qa:371,b9dd769b-e31a-4fdb-945e-5a60db6487b0__ep2,ep2,test,3800,3819,12.964149475097656,8.284884452819824,0.1558237373828888,0.21643956005573273,0.3136552572250366
dense_20f_stride10:b9dd769b-e31a-4fdb-945e-5a60db6487b0__ep2:qa:372,b9dd769b-e31a-4fdb-945e-5a60db6487b0__ep2,ep2,test,3810,3829,13.937280654907227,9.172370910644531,0.12425688654184341,0.19510506093502045,0.24611347913742065
dense_20f_stride10:b9dd769b-e31a-4fdb-945e-5a60db6487b0__ep2:qa:373,b9dd769b-e31a-4fdb-945e-5a60db6487b0__ep2,ep2,test,3820,3839,13.937280654907227,8.740198135375977,0.11464815586805344,0.18443305790424347,0.22835125029087067
dense_20f_stride10:b9dd769b-e31a-4fdb-945e-5a60db6487b0__ep2:qa:374,b9dd769b-e31a-4fdb-945e-5a60db6487b0__ep2,ep2,test,3830,3849,13.834385871887207,11.811585426330566,0.05211516469717026,0.08148302882909775,0.10827495157718658
dense_20f_stride10:b9dd769b-e31a-4fdb-945e-5a60db6487b0__ep2:qa:375,b9dd769b-e31a-4fdb-945e-5a60db6487b0__ep2,ep2,test,3840,3859,13.834385871887207,7.298136234283447,0.11801322549581528,0.226087749004364,0.26933911442756653
dense_20f_stride10:b9dd769b-e31a-4fdb-945e-5a60db6487b0__ep2:qa:376,b9dd769b-e31a-4fdb-945e-5a60db6487b0__ep2,ep2,test,3850,3869,13.8116455078125,7.117893695831299,0.1409255713224411,0.23498192429542542,0.2844274342060089
dense_20f_stride10:b9dd769b-e31a-4fdb-945e-5a60db6487b0__ep2:qa:377,b9dd769b-e31a-4fdb-945e-5a60db6487b0__ep2,ep2,test,3860,3879,13.8116455078125,5.70977258682251,0.1716945469379425,0.2856791913509369,0.34256523847579956
dense_20f_stride10:b9dd769b-e31a-4fdb-945e-5a60db6487b0__ep2:qa:378,b9dd769b-e31a-4fdb-945e-5a60db6487b0__ep2,ep2,test,3870,3889,13.723325729370117,10.150900840759277,0.08247397840023041,0.13164682686328888,0.1760822981595993
dense_20f_stride10:b9dd769b-e31a-4fdb-945e-5a60db6487b0__ep2:qa:379,b9dd769b-e31a-4fdb-945e-5a60db6487b0__ep2,ep2,test,3880,3899,13.723325729370117,12.207159042358398,0.18125352263450623,0.25054964423179626,0.3632009029388428
dense_20f_stride10:b9dd769b-e31a-4fdb-945e-5a60db6487b0__ep2:qa:380,b9dd769b-e31a-4fdb-945e-5a60db6487b0__ep2,ep2,test,3890,3909,13.480945587158203,13.277706146240234,0.09795480966567993,0.1647190898656845,0.22504596412181854
dense_20f_stride10:b9dd769b-e31a-4fdb-945e-5a60db6487b0__ep2:qa:381,b9dd769b-e31a-4fdb-945e-5a60db6487b0__ep2,ep2,test,3900,3919,13.480945587158203,13.387453079223633,0.03930621221661568,0.061028361320495605,0.08345332741737366
dense_20f_stride10:ba045ed4-ef25-404d-b756-8dcbd45b18fa__ep2:qa:0,ba045ed4-ef25-404d-b756-8dcbd45b18fa__ep2,ep2,test,0,19,15.645359992980957,11.318647384643555,0.16024553775787354,0.26467064023017883,0.3228660225868225
dense_20f_stride10:ba045ed4-ef25-404d-b756-8dcbd45b18fa__ep2:qa:1,ba045ed4-ef25-404d-b756-8dcbd45b18fa__ep2,ep2,test,10,29,15.645359992980957,12.120543479919434,0.16157981753349304,0.2790893316268921,0.33598852157592773
dense_20f_stride10:ba045ed4-ef25-404d-b756-8dcbd45b18fa__ep2:qa:2,ba045ed4-ef25-404d-b756-8dcbd45b18fa__ep2,ep2,test,20,39,15.645359992980957,11.975594520568848,0.16874860227108002,0.29357239603996277,0.34967389702796936
dense_20f_stride10:ba045ed4-ef25-404d-b756-8dcbd45b18fa__ep2:qa:3,ba045ed4-ef25-404d-b756-8dcbd45b18fa__ep2,ep2,test,30,49,15.836792945861816,12.082228660583496,0.2013302594423294,0.3196776211261749,0.40212514996528625
dense_20f_stride10:ba045ed4-ef25-404d-b756-8dcbd45b18fa__ep2:qa:4,ba045ed4-ef25-404d-b756-8dcbd45b18fa__ep2,ep2,test,40,59,15.836792945861816,11.90619945526123,0.20122197270393372,0.3197442591190338,0.4009845554828644
dense_20f_stride10:ba045ed4-ef25-404d-b756-8dcbd45b18fa__ep2:qa:39,ba045ed4-ef25-404d-b756-8dcbd45b18fa__ep2,ep2,test,400,419,15.221141815185547,11.23965072631836,0.18480196595191956,0.29609912633895874,0.3885008692741394
dense_20f_stride10:ba045ed4-ef25-404d-b756-8dcbd45b18fa__ep2:qa:40,ba045ed4-ef25-404d-b756-8dcbd45b18fa__ep2,ep2,test,410,429,15.509556770324707,11.23215389251709,0.1492214947938919,0.20612700283527374,0.26971104741096497
dense_20f_stride10:ba045ed4-ef25-404d-b756-8dcbd45b18fa__ep2:qa:41,ba045ed4-ef25-404d-b756-8dcbd45b18fa__ep2,ep2,test,420,439,15.509556770324707,11.335965156555176,0.1440483033657074,0.19515512883663177,0.2665485739707947
dense_20f_stride10:ba045ed4-ef25-404d-b756-8dcbd45b18fa__ep2:qa:42,ba045ed4-ef25-404d-b756-8dcbd45b18fa__ep2,ep2,test,430,449,11.208187103271484,21.463979721069336,0.5695456862449646,0.809235155582428,1.0692684650421143
dense_20f_stride10:ba045ed4-ef25-404d-b756-8dcbd45b18fa__ep2:qa:43,ba045ed4-ef25-404d-b756-8dcbd45b18fa__ep2,ep2,test,440,459,11.208187103271484,12.257684707641602,0.21623487770557404,0.3112652003765106,0.42585453391075134
dense_20f_stride10:ba045ed4-ef25-404d-b756-8dcbd45b18fa__ep2:qa:58,ba045ed4-ef25-404d-b756-8dcbd45b18fa__ep2,ep2,test,600,619,15.40279769897461,13.285164833068848,0.12375953048467636,0.19375334680080414,0.24853681027889252
dense_20f_stride10:ba045ed4-ef25-404d-b756-8dcbd45b18fa__ep2:qa:59,ba045ed4-ef25-404d-b756-8dcbd45b18fa__ep2,ep2,test,610,629,14.8410005569458,13.464970588684082,0.11716494709253311,0.2106149047613144,0.2778934836387634
dense_20f_stride10:ba045ed4-ef25-404d-b756-8dcbd45b18fa__ep2:qa:60,ba045ed4-ef25-404d-b756-8dcbd45b18fa__ep2,ep2,test,620,639,14.8410005569458,14.238114356994629,0.13840346038341522,0.20649860799312592,0.2732548713684082
dense_20f_stride10:ba045ed4-ef25-404d-b756-8dcbd45b18fa__ep2:qa:61,ba045ed4-ef25-404d-b756-8dcbd45b18fa__ep2,ep2,test,630,649,13.503926277160645,12.093831062316895,0.22851356863975525,0.339245468378067,0.4636688232421875
dense_20f_stride10:ba045ed4-ef25-404d-b756-8dcbd45b18fa__ep2:qa:62,ba045ed4-ef25-404d-b756-8dcbd45b18fa__ep2,ep2,test,640,659,13.503926277160645,13.310873031616211,0.21475714445114136,0.32000601291656494,0.4571709632873535
dense_20f_stride10:ba045ed4-ef25-404d-b756-8dcbd45b18fa__ep2:qa:77,ba045ed4-ef25-404d-b756-8dcbd45b18fa__ep2,ep2,test,800,819,14.808991432189941,12.337059020996094,0.10322077572345734,0.19967857003211975,0.2501523196697235
dense_20f_stride10:ba045ed4-ef25-404d-b756-8dcbd45b18fa__ep2:qa:78,ba045ed4-ef25-404d-b756-8dcbd45b18fa__ep2,ep2,test,810,829,14.808991432189941,12.329259872436523,0.11447372287511826,0.198638916015625,0.24826781451702118
dense_20f_stride10:ba045ed4-ef25-404d-b756-8dcbd45b18fa__ep2:qa:79,ba045ed4-ef25-404d-b756-8dcbd45b18fa__ep2,ep2,test,820,839,14.808991432189941,12.696702003479004,0.13125446438789368,0.1971711814403534,0.2514616847038269
dense_20f_stride10:ba045ed4-ef25-404d-b756-8dcbd45b18fa__ep2:qa:80,ba045ed4-ef25-404d-b756-8dcbd45b18fa__ep2,ep2,test,830,849,13.577027320861816,11.682640075683594,0.15254803001880646,0.22484809160232544,0.29603639245033264
dense_20f_stride10:ba045ed4-ef25-404d-b756-8dcbd45b18fa__ep2:qa:81,ba045ed4-ef25-404d-b756-8dcbd45b18fa__ep2,ep2,test,840,859,13.577027320861816,12.734478950500488,0.14002272486686707,0.20246370136737823,0.2767900824546814
dense_20f_stride10:ba045ed4-ef25-404d-b756-8dcbd45b18fa__ep2:qa:135,ba045ed4-ef25-404d-b756-8dcbd45b18fa__ep2,ep2,test,1400,1419,13.895465850830078,9.779623031616211,0.13722875714302063,0.2173382192850113,0.2668156027793884
dense_20f_stride10:ba045ed4-ef25-404d-b756-8dcbd45b18fa__ep2:qa:136,ba045ed4-ef25-404d-b756-8dcbd45b18fa__ep2,ep2,test,1410,1429,14.505461692810059,10.267326354980469,0.1482221484184265,0.2443147748708725,0.30469703674316406
dense_20f_stride10:ba045ed4-ef25-404d-b756-8dcbd45b18fa__ep2:qa:137,ba045ed4-ef25-404d-b756-8dcbd45b18fa__ep2,ep2,test,1420,1439,14.505461692810059,12.330619812011719,0.21287398040294647,0.31019559502601624,0.4365416467189789
dense_20f_stride10:ba045ed4-ef25-404d-b756-8dcbd45b18fa__ep2:qa:138,ba045ed4-ef25-404d-b756-8dcbd45b18fa__ep2,ep2,test,1430,1449,14.20984935760498,12.883987426757812,0.15250463783740997,0.24211053550243378,0.307230681180954
dense_20f_stride10:ba045ed4-ef25-404d-b756-8dcbd45b18fa__ep2:qa:139,ba045ed4-ef25-404d-b756-8dcbd45b18fa__ep2,ep2,test,1440,1459,14.20984935760498,11.76567268371582,0.12535631656646729,0.22613905370235443,0.2863287627696991
dense_20f_stride10:ba045ed4-ef25-404d-b756-8dcbd45b18fa__ep2:qa:140,ba045ed4-ef25-404d-b756-8dcbd45b18fa__ep2,ep2,test,1450,1469,14.20984935760498,10.459976196289062,0.14010952413082123,0.24153319001197815,0.3135182559490204
dense_20f_stride10:ba045ed4-ef25-404d-b756-8dcbd45b18fa__ep2:qa:334,ba045ed4-ef25-404d-b756-8dcbd45b18fa__ep2,ep2,test,3400,3419,16.336299896240234,9.100532531738281,0.2008439153432846,0.2907797396183014,0.383096307516098
dense_20f_stride10:ba045ed4-ef25-404d-b756-8dcbd45b18fa__ep2:qa:335,ba045ed4-ef25-404d-b756-8dcbd45b18fa__ep2,ep2,test,3410,3429,16.336299896240234,9.265928268432617,0.20109350979328156,0.2916179299354553,0.3849491775035858
dense_20f_stride10:ba045ed4-ef25-404d-b756-8dcbd45b18fa__ep2:qa:336,ba045ed4-ef25-404d-b756-8dcbd45b18fa__ep2,ep2,test,3420,3439,16.336299896240234,11.067625045776367,0.19203628599643707,0.2736978828907013,0.3766355812549591
dense_20f_stride10:ba045ed4-ef25-404d-b756-8dcbd45b18fa__ep2:qa:337,ba045ed4-ef25-404d-b756-8dcbd45b18fa__ep2,ep2,test,3430,3449,16.406095504760742,11.3743314743042,0.19458909332752228,0.27716436982154846,0.37628740072250366
dense_20f_stride10:ba045ed4-ef25-404d-b756-8dcbd45b18fa__ep2:qa:338,ba045ed4-ef25-404d-b756-8dcbd45b18fa__ep2,ep2,test,3440,3459,16.08768081665039,9.488988876342773,0.21097971498966217,0.3226229250431061,0.43437618017196655
dense_20f_stride10:ba045ed4-ef25-404d-b756-8dcbd45b18fa__ep2:qa:339,ba045ed4-ef25-404d-b756-8dcbd45b18fa__ep2,ep2,test,3450,3469,15.840250015258789,9.926605224609375,0.17318210005760193,0.28043052554130554,0.36802732944488525
dense_20f_stride10:ba045ed4-ef25-404d-b756-8dcbd45b18fa__ep2:qa:345,ba045ed4-ef25-404d-b756-8dcbd45b18fa__ep2,ep2,test,3520,3539,16.02288055419922,10.34890365600586,0.20740272104740143,0.295133113861084,0.3902270793914795
dense_20f_stride10:ba045ed4-ef25-404d-b756-8dcbd45b18fa__ep2:qa:346,ba045ed4-ef25-404d-b756-8dcbd45b18fa__ep2,ep2,test,3530,3549,16.02288055419922,7.574657917022705,0.24732621014118195,0.35116761922836304,0.44130203127861023
dense_20f_stride10:ba045ed4-ef25-404d-b756-8dcbd45b18fa__ep2:qa:347,ba045ed4-ef25-404d-b756-8dcbd45b18fa__ep2,ep2,test,3540,3559,16.02288055419922,8.653289794921875,0.25123751163482666,0.35103750228881836,0.46142032742500305
dense_20f_stride10:ba045ed4-ef25-404d-b756-8dcbd45b18fa__ep2:qa:348,ba045ed4-ef25-404d-b756-8dcbd45b18fa__ep2,ep2,test,3550,3569,16.16295051574707,9.106496810913086,0.25491487979888916,0.34123921394348145,0.45975303649902344
dense_20f_stride10:ba045ed4-ef25-404d-b756-8dcbd45b18fa__ep2:qa:349,ba045ed4-ef25-404d-b756-8dcbd45b18fa__ep2,ep2,test,3560,3579,16.47287368774414,10.486976623535156,0.21684977412223816,0.29314446449279785,0.39562299847602844
dense_20f_stride10:ba045ed4-ef25-404d-b756-8dcbd45b18fa__ep2:qa:356,ba045ed4-ef25-404d-b756-8dcbd45b18fa__ep2,ep2,test,3640,3659,17.10907554626465,9.418341636657715,0.2114294469356537,0.31201010942459106,0.3802635967731476
dense_20f_stride10:ba045ed4-ef25-404d-b756-8dcbd45b18fa__ep2:qa:357,ba045ed4-ef25-404d-b756-8dcbd45b18fa__ep2,ep2,test,3650,3669,17.10907554626465,5.152380466461182,0.2696007490158081,0.42035582661628723,0.49371248483657837
dense_20f_stride10:ba045ed4-ef25-404d-b756-8dcbd45b18fa__ep2:qa:358,ba045ed4-ef25-404d-b756-8dcbd45b18fa__ep2,ep2,test,3660,3679,17.10907554626465,10.108208656311035,0.20454853773117065,0.301599383354187,0.37000399827957153
dense_20f_stride10:ba045ed4-ef25-404d-b756-8dcbd45b18fa__ep2:qa:359,ba045ed4-ef25-404d-b756-8dcbd45b18fa__ep2,ep2,test,3670,3689,17.10907554626465,11.103097915649414,0.22876004874706268,0.3570277690887451,0.4363075792789459
dense_20f_stride10:ba045ed4-ef25-404d-b756-8dcbd45b18fa__ep2:qa:360,ba045ed4-ef25-404d-b756-8dcbd45b18fa__ep2,ep2,test,3680,3699,17.10907554626465,10.925728797912598,0.22385868430137634,0.34941086173057556,0.4262344241142273
dense_20f_stride10:ba045ed4-ef25-404d-b756-8dcbd45b18fa__ep2:qa:371,ba045ed4-ef25-404d-b756-8dcbd45b18fa__ep2,ep2,test,3800,3819,16.719270706176758,9.959114074707031,0.2087639719247818,0.2960614860057831,0.3884607255458832
dense_20f_stride10:ba045ed4-ef25-404d-b756-8dcbd45b18fa__ep2:qa:372,ba045ed4-ef25-404d-b756-8dcbd45b18fa__ep2,ep2,test,3810,3829,16.719270706176758,10.845983505249023,0.24780404567718506,0.4104354679584503,0.5206089019775391
dense_20f_stride10:ba045ed4-ef25-404d-b756-8dcbd45b18fa__ep2:qa:373,ba045ed4-ef25-404d-b756-8dcbd45b18fa__ep2,ep2,test,3820,3839,16.719270706176758,10.823116302490234,0.1845376342535019,0.2666059136390686,0.3578653931617737
dense_20f_stride10:ba045ed4-ef25-404d-b756-8dcbd45b18fa__ep2:qa:374,ba045ed4-ef25-404d-b756-8dcbd45b18fa__ep2,ep2,test,3830,3849,16.79967498779297,8.33630084991455,0.21965524554252625,0.3232507109642029,0.39185863733291626
dense_20f_stride10:ba045ed4-ef25-404d-b756-8dcbd45b18fa__ep2:qa:375,ba045ed4-ef25-404d-b756-8dcbd45b18fa__ep2,ep2,test,3840,3859,16.79967498779297,13.032666206359863,0.22314384579658508,0.374523788690567,0.46473923325538635
dense_20f_stride10:ba045ed4-ef25-404d-b756-8dcbd45b18fa__ep2:qa:390,ba045ed4-ef25-404d-b756-8dcbd45b18fa__ep2,ep2,test,4000,4019,15.325002670288086,8.47524642944336,0.2210763841867447,0.3122249245643616,0.4070170819759369
dense_20f_stride10:ba045ed4-ef25-404d-b756-8dcbd45b18fa__ep2:qa:391,ba045ed4-ef25-404d-b756-8dcbd45b18fa__ep2,ep2,test,4010,4029,15.325002670288086,7.983924865722656,0.23301123082637787,0.33238622546195984,0.4307200312614441
dense_20f_stride10:ba045ed4-ef25-404d-b756-8dcbd45b18fa__ep2:qa:392,ba045ed4-ef25-404d-b756-8dcbd45b18fa__ep2,ep2,test,4020,4039,15.325002670288086,8.426098823547363,0.22135430574417114,0.30985188484191895,0.4058341681957245
dense_20f_stride10:ba045ed4-ef25-404d-b756-8dcbd45b18fa__ep2:qa:393,ba045ed4-ef25-404d-b756-8dcbd45b18fa__ep2,ep2,test,4030,4049,15.29971694946289,7.859946250915527,0.21756494045257568,0.30693525075912476,0.3910209536552429
dense_20f_stride10:ba045ed4-ef25-404d-b756-8dcbd45b18fa__ep2:qa:394,ba045ed4-ef25-404d-b756-8dcbd45b18fa__ep2,ep2,test,4040,4059,15.29971694946289,9.3310546875,0.18675383925437927,0.2685377597808838,0.34393441677093506
dense_20f_stride10:ba045ed4-ef25-404d-b756-8dcbd45b18fa__ep2:qa:417,ba045ed4-ef25-404d-b756-8dcbd45b18fa__ep2,ep2,test,4280,4299,14.634895324707031,10.227872848510742,0.15160523355007172,0.22728900611400604,0.3020000457763672
dense_20f_stride10:ba045ed4-ef25-404d-b756-8dcbd45b18fa__ep2:qa:418,ba045ed4-ef25-404d-b756-8dcbd45b18fa__ep2,ep2,test,4290,4309,14.634895324707031,10.397226333618164,0.13787877559661865,0.23137621581554413,0.2724873423576355
dense_20f_stride10:ba045ed4-ef25-404d-b756-8dcbd45b18fa__ep2:qa:419,ba045ed4-ef25-404d-b756-8dcbd45b18fa__ep2,ep2,test,4300,4319,14.634895324707031,9.113885879516602,0.24725341796875,0.398564875125885,0.524401068687439
dense_20f_stride10:ba045ed4-ef25-404d-b756-8dcbd45b18fa__ep2:qa:420,ba045ed4-ef25-404d-b756-8dcbd45b18fa__ep2,ep2,test,4310,4329,14.700303077697754,9.70544719696045,0.2692582905292511,0.44707781076431274,0.5869932770729065
dense_20f_stride10:ba045ed4-ef25-404d-b756-8dcbd45b18fa__ep2:qa:421,ba045ed4-ef25-404d-b756-8dcbd45b18fa__ep2,ep2,test,4320,4339,14.813126564025879,9.218805313110352,0.2249826043844223,0.40560248494148254,0.5004178881645203
dense_20f_stride10:ba045ed4-ef25-404d-b756-8dcbd45b18fa__ep2:qa:422,ba045ed4-ef25-404d-b756-8dcbd45b18fa__ep2,ep2,test,4330,4349,14.947693824768066,9.957196235656738,0.16747067868709564,0.2798045575618744,0.3462931215763092
dense_20f_stride10:ba045ed4-ef25-404d-b756-8dcbd45b18fa__ep2:qa:428,ba045ed4-ef25-404d-b756-8dcbd45b18fa__ep2,ep2,test,4400,4419,15.080501556396484,12.362010955810547,0.20772528648376465,0.33764952421188354,0.43729230761528015
dense_20f_stride10:ba045ed4-ef25-404d-b756-8dcbd45b18fa__ep2:qa:429,ba045ed4-ef25-404d-b756-8dcbd45b18fa__ep2,ep2,test,4410,4429,15.080501556396484,11.761484146118164,0.18841981887817383,0.3080679774284363,0.39787158370018005
dense_20f_stride10:ba045ed4-ef25-404d-b756-8dcbd45b18fa__ep2:qa:430,ba045ed4-ef25-404d-b756-8dcbd45b18fa__ep2,ep2,test,4420,4439,15.080501556396484,12.390573501586914,0.18880236148834229,0.30815187096595764,0.39309683442115784
dense_20f_stride10:ba045ed4-ef25-404d-b756-8dcbd45b18fa__ep2:qa:431,ba045ed4-ef25-404d-b756-8dcbd45b18fa__ep2,ep2,test,4430,4449,15.415388107299805,12.809579849243164,0.2649948298931122,0.4405023157596588,0.5602956414222717
dense_20f_stride10:ba045ed4-ef25-404d-b756-8dcbd45b18fa__ep2:qa:432,ba045ed4-ef25-404d-b756-8dcbd45b18fa__ep2,ep2,test,4440,4459,15.415388107299805,12.430438041687012,0.18191051483154297,0.334520161151886,0.4236641824245453
dense_20f_stride10:ba045ed4-ef25-404d-b756-8dcbd45b18fa__ep2:qa:447,ba045ed4-ef25-404d-b756-8dcbd45b18fa__ep2,ep2,test,4600,4619,14.088523864746094,10.965363502502441,0.1941327005624771,0.28910478949546814,0.38909491896629333
dense_20f_stride10:ba045ed4-ef25-404d-b756-8dcbd45b18fa__ep2:qa:448,ba045ed4-ef25-404d-b756-8dcbd45b18fa__ep2,ep2,test,4610,4629,15.851590156555176,11.208739280700684,0.26320645213127136,0.43230733275413513,0.48453521728515625
dense_20f_stride10:ba045ed4-ef25-404d-b756-8dcbd45b18fa__ep2:qa:449,ba045ed4-ef25-404d-b756-8dcbd45b18fa__ep2,ep2,test,4620,4639,15.851590156555176,13.101241111755371,0.28475332260131836,0.5049851536750793,0.5222526788711548
dense_20f_stride10:ba045ed4-ef25-404d-b756-8dcbd45b18fa__ep2:qa:450,ba045ed4-ef25-404d-b756-8dcbd45b18fa__ep2,ep2,test,4630,4649,16.084228515625,10.751224517822266,0.18931704759597778,0.26481810212135315,0.36594319343566895
dense_20f_stride10:ba045ed4-ef25-404d-b756-8dcbd45b18fa__ep2:qa:451,ba045ed4-ef25-404d-b756-8dcbd45b18fa__ep2,ep2,test,4640,4659,16.084228515625,14.797553062438965,0.32915908098220825,0.4892323315143585,0.6840009689331055
dense_20f_stride10:ba045ed4-ef25-404d-b756-8dcbd45b18fa__ep2:qa:452,ba045ed4-ef25-404d-b756-8dcbd45b18fa__ep2,ep2,test,4650,4669,16.084228515625,10.918785095214844,0.261283814907074,0.3972325921058655,0.5521050095558167
dense_20f_stride10:ba045ed4-ef25-404d-b756-8dcbd45b18fa__ep2:qa:466,ba045ed4-ef25-404d-b756-8dcbd45b18fa__ep2,ep2,test,4800,4819,15.45177173614502,10.843313217163086,0.16749295592308044,0.2763247489929199,0.33670252561569214
dense_20f_stride10:ba045ed4-ef25-404d-b756-8dcbd45b18fa__ep2:qa:467,ba045ed4-ef25-404d-b756-8dcbd45b18fa__ep2,ep2,test,4810,4829,15.45177173614502,12.69125747680664,0.13188572227954865,0.24048499763011932,0.2978143095970154
dense_20f_stride10:ba045ed4-ef25-404d-b756-8dcbd45b18fa__ep2:qa:468,ba045ed4-ef25-404d-b756-8dcbd45b18fa__ep2,ep2,test,4820,4839,15.45177173614502,12.819400787353516,0.1774548590183258,0.2949651777744293,0.35881146788597107
dense_20f_stride10:ba045ed4-ef25-404d-b756-8dcbd45b18fa__ep2:qa:469,ba045ed4-ef25-404d-b756-8dcbd45b18fa__ep2,ep2,test,4830,4849,14.730735778808594,8.469449043273926,0.2052488625049591,0.31101512908935547,0.3920682668685913
dense_20f_stride10:ba045ed4-ef25-404d-b756-8dcbd45b18fa__ep2:qa:470,ba045ed4-ef25-404d-b756-8dcbd45b18fa__ep2,ep2,test,4840,4859,14.730735778808594,19.077064514160156,0.45625993609428406,0.8708160519599915,1.080643653869629
dense_20f_stride10:ba045ed4-ef25-404d-b756-8dcbd45b18fa__ep2:qa:485,ba045ed4-ef25-404d-b756-8dcbd45b18fa__ep2,ep2,test,5000,5019,13.757323265075684,14.343034744262695,0.2855737507343292,0.41045355796813965,0.6066338419914246
dense_20f_stride10:ba045ed4-ef25-404d-b756-8dcbd45b18fa__ep2:qa:486,ba045ed4-ef25-404d-b756-8dcbd45b18fa__ep2,ep2,test,5010,5029,13.757323265075684,16.743860244750977,0.4104388654232025,0.5312460064888,0.7897372245788574
dense_20f_stride10:ba045ed4-ef25-404d-b756-8dcbd45b18fa__ep2:qa:487,ba045ed4-ef25-404d-b756-8dcbd45b18fa__ep2,ep2,test,5020,5039,13.757323265075684,10.310064315795898,0.30049973726272583,0.416370153427124,0.6055747270584106
dense_20f_stride10:ba045ed4-ef25-404d-b756-8dcbd45b18fa__ep2:qa:488,ba045ed4-ef25-404d-b756-8dcbd45b18fa__ep2,ep2,test,5030,5049,13.757323265075684,11.324392318725586,0.2916969060897827,0.41581958532333374,0.6013613343238831
dense_20f_stride10:ba045ed4-ef25-404d-b756-8dcbd45b18fa__ep2:qa:489,ba045ed4-ef25-404d-b756-8dcbd45b18fa__ep2,ep2,test,5040,5059,13.757323265075684,11.704495429992676,0.3062007427215576,0.4301956593990326,0.62733393907547
dense_20f_stride10:ba045ed4-ef25-404d-b756-8dcbd45b18fa__ep2:qa:500,ba045ed4-ef25-404d-b756-8dcbd45b18fa__ep2,ep2,test,5160,5179,14.562698364257812,11.287975311279297,0.1276284009218216,0.25940030813217163,0.31870415806770325
dense_20f_stride10:ba045ed4-ef25-404d-b756-8dcbd45b18fa__ep2:qa:501,ba045ed4-ef25-404d-b756-8dcbd45b18fa__ep2,ep2,test,5170,5189,14.562698364257812,42.11939239501953,0.7763107419013977,1.6819398403167725,1.9313197135925293
dense_20f_stride10:ba045ed4-ef25-404d-b756-8dcbd45b18fa__ep2:qa:502,ba045ed4-ef25-404d-b756-8dcbd45b18fa__ep2,ep2,test,5180,5199,14.562698364257812,38.73663330078125,0.6573125123977661,1.5462747812271118,1.772541880607605
dense_20f_stride10:ba045ed4-ef25-404d-b756-8dcbd45b18fa__ep2:qa:503,ba045ed4-ef25-404d-b756-8dcbd45b18fa__ep2,ep2,test,5190,5209,15.132031440734863,29.403051376342773,0.6663346290588379,1.1869488954544067,1.5583235025405884
dense_20f_stride10:ba045ed4-ef25-404d-b756-8dcbd45b18fa__ep2:qa:504,ba045ed4-ef25-404d-b756-8dcbd45b18fa__ep2,ep2,test,5200,5219,15.132031440734863,42.00642395019531,0.894985020160675,1.619699239730835,2.0450971126556396
dense_20f_stride10:ba045ed4-ef25-404d-b756-8dcbd45b18fa__ep2:qa:523,ba045ed4-ef25-404d-b756-8dcbd45b18fa__ep2,ep2,test,5400,5419,14.126486778259277,10.559288024902344,0.22433486580848694,0.333082914352417,0.43815773725509644
dense_20f_stride10:ba045ed4-ef25-404d-b756-8dcbd45b18fa__ep2:qa:524,ba045ed4-ef25-404d-b756-8dcbd45b18fa__ep2,ep2,test,5410,5429,14.342927932739258,9.509127616882324,0.2331703156232834,0.3248584270477295,0.4627586007118225
dense_20f_stride10:ba045ed4-ef25-404d-b756-8dcbd45b18fa__ep2:qa:525,ba045ed4-ef25-404d-b756-8dcbd45b18fa__ep2,ep2,test,5420,5439,14.342927932739258,9.369278907775879,0.1972803920507431,0.3146316707134247,0.4065868854522705
dense_20f_stride10:ba045ed4-ef25-404d-b756-8dcbd45b18fa__ep2:qa:526,ba045ed4-ef25-404d-b756-8dcbd45b18fa__ep2,ep2,test,5430,5449,14.534747123718262,9.060441970825195,0.211353600025177,0.3593061864376068,0.4293603301048279
dense_20f_stride10:ba045ed4-ef25-404d-b756-8dcbd45b18fa__ep2:qa:527,ba045ed4-ef25-404d-b756-8dcbd45b18fa__ep2,ep2,test,5440,5459,14.534747123718262,8.037567138671875,0.1794891357421875,0.2584149241447449,0.319521963596344
dense_20f_stride10:ba045ed4-ef25-404d-b756-8dcbd45b18fa__ep2:qa:528,ba045ed4-ef25-404d-b756-8dcbd45b18fa__ep2,ep2,test,5450,5469,14.534747123718262,8.038827896118164,0.18757930397987366,0.27414077520370483,0.33489978313446045
dense_20f_stride10:ba045ed4-ef25-404d-b756-8dcbd45b18fa__ep2:qa:562,ba045ed4-ef25-404d-b756-8dcbd45b18fa__ep2,ep2,test,5800,5819,0.0,12.836344718933105,0.25454145669937134,0.4322221875190735,0.5161533355712891
dense_20f_stride10:4b02bb38-384a-438a-b5f9-6131d85c34b0__ep1:qa:0,4b02bb38-384a-438a-b5f9-6131d85c34b0__ep1,ep1,test,0,19,12.016766548156738,13.4583158493042,0.29285016655921936,0.42496809363365173,0.6230217814445496
dense_20f_stride10:4b02bb38-384a-438a-b5f9-6131d85c34b0__ep1:qa:1,4b02bb38-384a-438a-b5f9-6131d85c34b0__ep1,ep1,test,10,29,17.818096160888672,14.81187915802002,0.3597222864627838,0.49824053049087524,0.7147507667541504
dense_20f_stride10:4b02bb38-384a-438a-b5f9-6131d85c34b0__ep1:qa:2,4b02bb38-384a-438a-b5f9-6131d85c34b0__ep1,ep1,test,20,39,17.818096160888672,13.702930450439453,0.32903024554252625,0.481583833694458,0.6827294230461121
dense_20f_stride10:4b02bb38-384a-438a-b5f9-6131d85c34b0__ep1:qa:3,4b02bb38-384a-438a-b5f9-6131d85c34b0__ep1,ep1,test,30,49,18.03852081298828,13.979416847229004,0.24109405279159546,0.35231369733810425,0.4913937747478485
dense_20f_stride10:4b02bb38-384a-438a-b5f9-6131d85c34b0__ep1:qa:4,4b02bb38-384a-438a-b5f9-6131d85c34b0__ep1,ep1,test,40,59,18.03852081298828,16.49471664428711,0.24218496680259705,0.36128178238868713,0.48898693919181824
dense_20f_stride10:4b02bb38-384a-438a-b5f9-6131d85c34b0__ep1:qa:5,4b02bb38-384a-438a-b5f9-6131d85c34b0__ep1,ep1,test,50,69,18.981630325317383,17.040969848632812,0.30680572986602783,0.4433298707008362,0.6190159320831299
dense_20f_stride10:4b02bb38-384a-438a-b5f9-6131d85c34b0__ep1:qa:6,4b02bb38-384a-438a-b5f9-6131d85c34b0__ep1,ep1,test,60,79,18.981630325317383,15.842967987060547,0.32306206226348877,0.4447018504142761,0.6290280222892761
dense_20f_stride10:4b02bb38-384a-438a-b5f9-6131d85c34b0__ep1:qa:7,4b02bb38-384a-438a-b5f9-6131d85c34b0__ep1,ep1,test,70,89,16.710176467895508,12.92369270324707,0.325903058052063,0.49917736649513245,0.6906237602233887
dense_20f_stride10:4b02bb38-384a-438a-b5f9-6131d85c34b0__ep1:qa:8,4b02bb38-384a-438a-b5f9-6131d85c34b0__ep1,ep1,test,80,99,16.710176467895508,11.228527069091797,0.34565263986587524,0.5137431621551514,0.7223681807518005
dense_20f_stride10:4b02bb38-384a-438a-b5f9-6131d85c34b0__ep1:qa:27,4b02bb38-384a-438a-b5f9-6131d85c34b0__ep1,ep1,test,280,299,0.0,6.1122870445251465,0.12213591486215591,0.20581141114234924,0.2637937664985657
dense_20f_stride10:4b02bb38-384a-438a-b5f9-6131d85c34b0__ep1:qa:28,4b02bb38-384a-438a-b5f9-6131d85c34b0__ep1,ep1,test,290,309,0.0,10.437167167663574,0.20807026326656342,0.35143768787384033,0.46644166111946106
dense_20f_stride10:4b02bb38-384a-438a-b5f9-6131d85c34b0__ep1:qa:29,4b02bb38-384a-438a-b5f9-6131d85c34b0__ep1,ep1,test,300,319,0.0,8.665215492248535,0.15584444999694824,0.2917729616165161,0.3563835620880127
dense_20f_stride10:4b02bb38-384a-438a-b5f9-6131d85c34b0__ep1:qa:30,4b02bb38-384a-438a-b5f9-6131d85c34b0__ep1,ep1,test,310,329,0.0,7.712901592254639,0.14391714334487915,0.25970691442489624,0.3143955171108246
dense_20f_stride10:4b02bb38-384a-438a-b5f9-6131d85c34b0__ep1:qa:31,4b02bb38-384a-438a-b5f9-6131d85c34b0__ep1,ep1,test,320,339,0.0,12.30335521697998,0.19496387243270874,0.41427549719810486,0.48721516132354736
dense_20f_stride10:4b02bb38-384a-438a-b5f9-6131d85c34b0__ep1:qa:32,4b02bb38-384a-438a-b5f9-6131d85c34b0__ep1,ep1,test,330,349,0.0,10.83606243133545,0.1732068955898285,0.36486920714378357,0.4265577495098114
dense_20f_stride10:4b02bb38-384a-438a-b5f9-6131d85c34b0__ep1:qa:33,4b02bb38-384a-438a-b5f9-6131d85c34b0__ep1,ep1,test,340,359,0.0,11.908549308776855,0.19436195492744446,0.40098175406455994,0.4824579954147339
dense_20f_stride10:4b02bb38-384a-438a-b5f9-6131d85c34b0__ep1:qa:34,4b02bb38-384a-438a-b5f9-6131d85c34b0__ep1,ep1,test,350,369,0.0,13.750825881958008,0.24605225026607513,0.4630143940448761,0.5419397354125977
dense_20f_stride10:4b02bb38-384a-438a-b5f9-6131d85c34b0__ep1:qa:38,4b02bb38-384a-438a-b5f9-6131d85c34b0__ep1,ep1,test,400,419,0.0,8.899154663085938,0.14880943298339844,0.2996501326560974,0.3563457429409027
dense_20f_stride10:4b02bb38-384a-438a-b5f9-6131d85c34b0__ep1:qa:39,4b02bb38-384a-438a-b5f9-6131d85c34b0__ep1,ep1,test,410,429,0.0,10.960104942321777,0.2061888575553894,0.3690459132194519,0.4357365071773529
dense_20f_stride10:4b02bb38-384a-438a-b5f9-6131d85c34b0__ep1:qa:40,4b02bb38-384a-438a-b5f9-6131d85c34b0__ep1,ep1,test,420,439,0.0,8.81002426147461,0.1675828993320465,0.29664894938468933,0.387565940618515
dense_20f_stride10:4b02bb38-384a-438a-b5f9-6131d85c34b0__ep1:qa:41,4b02bb38-384a-438a-b5f9-6131d85c34b0__ep1,ep1,test,430,449,0.0,8.033470153808594,0.12637042999267578,0.2705009877681732,0.33072131872177124
dense_20f_stride10:4b02bb38-384a-438a-b5f9-6131d85c34b0__ep1:qa:42,4b02bb38-384a-438a-b5f9-6131d85c34b0__ep1,ep1,test,440,459,0.0,6.737019062042236,0.09911718219518661,0.22684724628925323,0.26716408133506775
dense_20f_stride10:4b02bb38-384a-438a-b5f9-6131d85c34b0__ep1:qa:43,4b02bb38-384a-438a-b5f9-6131d85c34b0__ep1,ep1,test,450,469,0.0,10.078174591064453,0.18043680489063263,0.33934977650642395,0.4024673402309418
dense_20f_stride10:4b02bb38-384a-438a-b5f9-6131d85c34b0__ep1:qa:44,4b02bb38-384a-438a-b5f9-6131d85c34b0__ep1,ep1,test,460,479,0.0,11.684080123901367,0.21031177043914795,0.3934234380722046,0.48948004841804504
dense_20f_stride10:4b02bb38-384a-438a-b5f9-6131d85c34b0__ep1:qa:45,4b02bb38-384a-438a-b5f9-6131d85c34b0__ep1,ep1,test,470,489,0.0,9.678913116455078,0.17949235439300537,0.325905978679657,0.3835049569606781
dense_20f_stride10:4b02bb38-384a-438a-b5f9-6131d85c34b0__ep1:qa:46,4b02bb38-384a-438a-b5f9-6131d85c34b0__ep1,ep1,test,480,499,0.0,7.291662216186523,0.13756951689720154,0.24552303552627563,0.29324159026145935
dense_20f_stride10:4b02bb38-384a-438a-b5f9-6131d85c34b0__ep1:qa:61,4b02bb38-384a-438a-b5f9-6131d85c34b0__ep1,ep1,test,640,659,21.677753448486328,12.579612731933594,0.3281515836715698,0.47916465997695923,0.612095832824707
dense_20f_stride10:4b02bb38-384a-438a-b5f9-6131d85c34b0__ep1:qa:62,4b02bb38-384a-438a-b5f9-6131d85c34b0__ep1,ep1,test,650,669,21.189626693725586,10.584796905517578,0.32191020250320435,0.487600713968277,0.5936031341552734
dense_20f_stride10:4b02bb38-384a-438a-b5f9-6131d85c34b0__ep1:qa:63,4b02bb38-384a-438a-b5f9-6131d85c34b0__ep1,ep1,test,660,679,21.189626693725586,11.549966812133789,0.27984410524368286,0.43109914660453796,0.531272292137146
dense_20f_stride10:4b02bb38-384a-438a-b5f9-6131d85c34b0__ep1:qa:64,4b02bb38-384a-438a-b5f9-6131d85c34b0__ep1,ep1,test,670,689,20.635055541992188,9.254501342773438,0.31149521470069885,0.4820318818092346,0.5688701868057251
dense_20f_stride10:4b02bb38-384a-438a-b5f9-6131d85c34b0__ep1:qa:65,4b02bb38-384a-438a-b5f9-6131d85c34b0__ep1,ep1,test,680,699,20.635055541992188,12.178779602050781,0.2862977981567383,0.49172496795654297,0.5830292701721191
dense_20f_stride10:4b02bb38-384a-438a-b5f9-6131d85c34b0__ep1:qa:66,4b02bb38-384a-438a-b5f9-6131d85c34b0__ep1,ep1,test,690,709,20.11431312561035,12.469491004943848,0.278442919254303,0.4511979818344116,0.5475327968597412
dense_20f_stride10:4b02bb38-384a-438a-b5f9-6131d85c34b0__ep1:qa:67,4b02bb38-384a-438a-b5f9-6131d85c34b0__ep1,ep1,test,700,719,20.11431312561035,17.547428131103516,0.19157493114471436,0.3343406319618225,0.3997429609298706
dense_20f_stride10:4b02bb38-384a-438a-b5f9-6131d85c34b0__ep1:qa:68,4b02bb38-384a-438a-b5f9-6131d85c34b0__ep1,ep1,test,710,729,20.463335037231445,17.291610717773438,0.13487611711025238,0.2351667732000351,0.2853181064128876
dense_20f_stride10:4b02bb38-384a-438a-b5f9-6131d85c34b0__ep1:qa:69,4b02bb38-384a-438a-b5f9-6131d85c34b0__ep1,ep1,test,720,739,20.463335037231445,13.91726016998291,0.1632232815027237,0.30488845705986023,0.36184006929397583
dense_20f_stride10:4b02bb38-384a-438a-b5f9-6131d85c34b0__ep1:qa:96,4b02bb38-384a-438a-b5f9-6131d85c34b0__ep1,ep1,test,1000,1019,19.31170654296875,11.755608558654785,0.34313979744911194,0.4845534861087799,0.6288723349571228
dense_20f_stride10:4b02bb38-384a-438a-b5f9-6131d85c34b0__ep1:qa:97,4b02bb38-384a-438a-b5f9-6131d85c34b0__ep1,ep1,test,1010,1029,19.670501708984375,16.317800521850586,0.3181270956993103,0.5168189406394958,0.663698673248291
dense_20f_stride10:4b02bb38-384a-438a-b5f9-6131d85c34b0__ep1:qa:98,4b02bb38-384a-438a-b5f9-6131d85c34b0__ep1,ep1,test,1020,1039,19.670501708984375,16.007143020629883,0.3323250710964203,0.5160266757011414,0.6686498522758484
dense_20f_stride10:4b02bb38-384a-438a-b5f9-6131d85c34b0__ep1:qa:99,4b02bb38-384a-438a-b5f9-6131d85c34b0__ep1,ep1,test,1030,1049,15.909823417663574,17.11573028564453,0.30173757672309875,0.4416065812110901,0.5851532816886902
dense_20f_stride10:4b02bb38-384a-438a-b5f9-6131d85c34b0__ep1:qa:100,4b02bb38-384a-438a-b5f9-6131d85c34b0__ep1,ep1,test,1040,1059,15.909823417663574,22.045822143554688,0.38523170351982117,0.5919468402862549,0.761670708656311
dense_20f_stride10:4b02bb38-384a-438a-b5f9-6131d85c34b0__ep1:qa:101,4b02bb38-384a-438a-b5f9-6131d85c34b0__ep1,ep1,test,1050,1069,19.481657028198242,17.052207946777344,0.3572905361652374,0.5318236947059631,0.7117025256156921
dense_20f_stride10:4b02bb38-384a-438a-b5f9-6131d85c34b0__ep1:qa:102,4b02bb38-384a-438a-b5f9-6131d85c34b0__ep1,ep1,test,1060,1079,19.481657028198242,23.10947608947754,0.5145105719566345,0.7387425899505615,1.0230587720870972
dense_20f_stride10:4b02bb38-384a-438a-b5f9-6131d85c34b0__ep1:qa:103,4b02bb38-384a-438a-b5f9-6131d85c34b0__ep1,ep1,test,1070,1089,19.41162109375,28.608604431152344,0.40154504776000977,0.6864252686500549,0.7889229655265808
dense_20f_stride10:4b02bb38-384a-438a-b5f9-6131d85c34b0__ep1:qa:135,4b02bb38-384a-438a-b5f9-6131d85c34b0__ep1,ep1,test,1400,1419,18.68156623840332,14.365130424499512,0.17378920316696167,0.3274575173854828,0.4162663519382477
dense_20f_stride10:4b02bb38-384a-438a-b5f9-6131d85c34b0__ep1:qa:136,4b02bb38-384a-438a-b5f9-6131d85c34b0__ep1,ep1,test,1410,1429,18.936351776123047,15.010492324829102,0.16995356976985931,0.273836225271225,0.37682363390922546
dense_20f_stride10:4b02bb38-384a-438a-b5f9-6131d85c34b0__ep1:qa:137,4b02bb38-384a-438a-b5f9-6131d85c34b0__ep1,ep1,test,1420,1439,18.936351776123047,15.611491203308105,0.14433430135250092,0.2331259399652481,0.3179277777671814
dense_20f_stride10:4b02bb38-384a-438a-b5f9-6131d85c34b0__ep1:qa:138,4b02bb38-384a-438a-b5f9-6131d85c34b0__ep1,ep1,test,1430,1449,19.450342178344727,15.314501762390137,0.1824880689382553,0.2578401267528534,0.353964239358902
dense_20f_stride10:4b02bb38-384a-438a-b5f9-6131d85c34b0__ep1:qa:139,4b02bb38-384a-438a-b5f9-6131d85c34b0__ep1,ep1,test,1440,1459,19.450342178344727,15.013923645019531,0.16982416808605194,0.2498679757118225,0.3405439555644989
dense_20f_stride10:4b02bb38-384a-438a-b5f9-6131d85c34b0__ep1:qa:140,4b02bb38-384a-438a-b5f9-6131d85c34b0__ep1,ep1,test,1450,1469,20.482357025146484,14.798018455505371,0.18202582001686096,0.278327614068985,0.36648714542388916
dense_20f_stride10:4b02bb38-384a-438a-b5f9-6131d85c34b0__ep1:qa:141,4b02bb38-384a-438a-b5f9-6131d85c34b0__ep1,ep1,test,1460,1479,20.482357025146484,14.548972129821777,0.1862192004919052,0.2908197045326233,0.3789049983024597
dense_20f_stride10:4b02bb38-384a-438a-b5f9-6131d85c34b0__ep1:qa:142,4b02bb38-384a-438a-b5f9-6131d85c34b0__ep1,ep1,test,1470,1489,20.322765350341797,11.369571685791016,0.3372510075569153,0.47190290689468384,0.6517984867095947
dense_20f_stride10:4b02bb38-384a-438a-b5f9-6131d85c34b0__ep1:qa:143,4b02bb38-384a-438a-b5f9-6131d85c34b0__ep1,ep1,test,1480,1499,20.322765350341797,15.832609176635742,0.20724445581436157,0.3120088577270508,0.39633750915527344
dense_20f_stride10:4b02bb38-384a-438a-b5f9-6131d85c34b0__ep1:qa:194,4b02bb38-384a-438a-b5f9-6131d85c34b0__ep1,ep1,test,2000,2019,19.380897521972656,9.348978996276855,0.2731344997882843,0.44189921021461487,0.5142634510993958
dense_20f_stride10:4b02bb38-384a-438a-b5f9-6131d85c34b0__ep1:qa:195,4b02bb38-384a-438a-b5f9-6131d85c34b0__ep1,ep1,test,2010,2029,19.412416458129883,10.83461856842041,0.26691198348999023,0.4276077151298523,0.5005947947502136
dense_20f_stride10:4b02bb38-384a-438a-b5f9-6131d85c34b0__ep1:qa:196,4b02bb38-384a-438a-b5f9-6131d85c34b0__ep1,ep1,test,2020,2039,19.412416458129883,10.764618873596191,0.26607388257980347,0.41429609060287476,0.4832502007484436
dense_20f_stride10:4b02bb38-384a-438a-b5f9-6131d85c34b0__ep1:qa:197,4b02bb38-384a-438a-b5f9-6131d85c34b0__ep1,ep1,test,2030,2049,19.427349090576172,10.667570114135742,0.2810365557670593,0.4399700164794922,0.5131102800369263
dense_20f_stride10:4b02bb38-384a-438a-b5f9-6131d85c34b0__ep1:qa:198,4b02bb38-384a-438a-b5f9-6131d85c34b0__ep1,ep1,test,2040,2059,19.427349090576172,20.25527000427246,0.1762782782316208,0.2630472481250763,0.3282911479473114
dense_20f_stride10:4b02bb38-384a-438a-b5f9-6131d85c34b0__ep1:qa:199,4b02bb38-384a-438a-b5f9-6131d85c34b0__ep1,ep1,test,2050,2069,19.430273056030273,18.867273330688477,0.15379665791988373,0.23377573490142822,0.28092244267463684
dense_20f_stride10:4b02bb38-384a-438a-b5f9-6131d85c34b0__ep1:qa:200,4b02bb38-384a-438a-b5f9-6131d85c34b0__ep1,ep1,test,2060,2079,19.430273056030273,12.428215980529785,0.20531687140464783,0.3204314410686493,0.3762739896774292
dense_20f_stride10:4b02bb38-384a-438a-b5f9-6131d85c34b0__ep1:qa:201,4b02bb38-384a-438a-b5f9-6131d85c34b0__ep1,ep1,test,2070,2089,19.466840744018555,8.474953651428223,0.24135038256645203,0.3820091187953949,0.4430978000164032
dense_20f_stride10:4b02bb38-384a-438a-b5f9-6131d85c34b0__ep1:qa:257,4b02bb38-384a-438a-b5f9-6131d85c34b0__ep1,ep1,test,2640,2659,19.87531089782715,8.564435005187988,0.41343560814857483,0.5626175403594971,0.7376065254211426
dense_20f_stride10:4b02bb38-384a-438a-b5f9-6131d85c34b0__ep1:qa:258,4b02bb38-384a-438a-b5f9-6131d85c34b0__ep1,ep1,test,2650,2669,19.42647361755371,8.425433158874512,0.37008070945739746,0.5181875824928284,0.663760244846344
dense_20f_stride10:4b02bb38-384a-438a-b5f9-6131d85c34b0__ep1:qa:259,4b02bb38-384a-438a-b5f9-6131d85c34b0__ep1,ep1,test,2660,2679,19.42647361755371,6.663098335266113,0.37339290976524353,0.5354025959968567,0.6853302121162415
dense_20f_stride10:4b02bb38-384a-438a-b5f9-6131d85c34b0__ep1:qa:260,4b02bb38-384a-438a-b5f9-6131d85c34b0__ep1,ep1,test,2670,2689,18.873247146606445,5.629854202270508,0.37329185009002686,0.5446990728378296,0.7000629901885986
dense_20f_stride10:4b02bb38-384a-438a-b5f9-6131d85c34b0__ep1:qa:261,4b02bb38-384a-438a-b5f9-6131d85c34b0__ep1,ep1,test,2680,2699,18.873247146606445,10.726725578308105,0.29325053095817566,0.3957328200340271,0.5265520811080933
dense_20f_stride10:4b02bb38-384a-438a-b5f9-6131d85c34b0__ep1:qa:262,4b02bb38-384a-438a-b5f9-6131d85c34b0__ep1,ep1,test,2690,2709,18.9312801361084,9.581587791442871,0.2969808280467987,0.44254663586616516,0.5435553193092346
dense_20f_stride10:4b02bb38-384a-438a-b5f9-6131d85c34b0__ep1:qa:263,4b02bb38-384a-438a-b5f9-6131d85c34b0__ep1,ep1,test,2700,2719,18.9312801361084,10.457237243652344,0.28598567843437195,0.4435136020183563,0.5461474657058716
dense_20f_stride10:4b02bb38-384a-438a-b5f9-6131d85c34b0__ep1:qa:264,4b02bb38-384a-438a-b5f9-6131d85c34b0__ep1,ep1,test,2710,2729,19.23126983642578,14.801017761230469,0.20311149954795837,0.3275347650051117,0.3900699317455292
dense_20f_stride10:4b02bb38-384a-438a-b5f9-6131d85c34b0__ep1:qa:265,4b02bb38-384a-438a-b5f9-6131d85c34b0__ep1,ep1,test,2720,2739,19.23126983642578,14.421552658081055,0.18643759191036224,0.28848209977149963,0.34434497356414795
dense_20f_stride10:4b02bb38-384a-438a-b5f9-6131d85c34b0__ep1:qa:359,4b02bb38-384a-438a-b5f9-6131d85c34b0__ep1,ep1,test,3680,3699,19.623672485351562,16.73769187927246,0.4287665784358978,0.5995712876319885,0.8432963490486145
dense_20f_stride10:4b02bb38-384a-438a-b5f9-6131d85c34b0__ep1:qa:360,4b02bb38-384a-438a-b5f9-6131d85c34b0__ep1,ep1,test,3690,3709,19.297853469848633,16.283592224121094,0.22401273250579834,0.3690926730632782,0.4446837902069092
dense_20f_stride10:4b02bb38-384a-438a-b5f9-6131d85c34b0__ep1:qa:361,4b02bb38-384a-438a-b5f9-6131d85c34b0__ep1,ep1,test,3700,3719,19.297853469848633,14.848809242248535,0.22415368258953094,0.35138922929763794,0.4220496416091919
dense_20f_stride10:4b02bb38-384a-438a-b5f9-6131d85c34b0__ep1:qa:362,4b02bb38-384a-438a-b5f9-6131d85c34b0__ep1,ep1,test,3710,3729,19.40981674194336,11.939666748046875,0.27539902925491333,0.42057546973228455,0.5161042213439941
dense_20f_stride10:4b02bb38-384a-438a-b5f9-6131d85c34b0__ep1:qa:363,4b02bb38-384a-438a-b5f9-6131d85c34b0__ep1,ep1,test,3720,3739,19.40981674194336,13.644399642944336,0.18439063429832458,0.26923951506614685,0.34508785605430603
dense_20f_stride10:4b02bb38-384a-438a-b5f9-6131d85c34b0__ep1:qa:364,4b02bb38-384a-438a-b5f9-6131d85c34b0__ep1,ep1,test,3730,3749,19.457136154174805,11.683562278747559,0.19062642753124237,0.29571929574012756,0.3797023892402649
dense_20f_stride10:4b02bb38-384a-438a-b5f9-6131d85c34b0__ep1:qa:365,4b02bb38-384a-438a-b5f9-6131d85c34b0__ep1,ep1,test,3740,3759,19.457136154174805,12.827794075012207,0.1725624054670334,0.2642628252506256,0.3412910997867584
dense_20f_stride10:4b02bb38-384a-438a-b5f9-6131d85c34b0__ep1:qa:366,4b02bb38-384a-438a-b5f9-6131d85c34b0__ep1,ep1,test,3750,3769,19.095691680908203,11.741070747375488,0.24662980437278748,0.3826356530189514,0.4856472909450531
dense_20f_stride10:4b02bb38-384a-438a-b5f9-6131d85c34b0__ep1:qa:367,4b02bb38-384a-438a-b5f9-6131d85c34b0__ep1,ep1,test,3760,3779,19.095691680908203,9.654045104980469,0.27286800742149353,0.3987368047237396,0.49765607714653015
dense_20f_stride10:4b02bb38-384a-438a-b5f9-6131d85c34b0__ep1:qa:390,4b02bb38-384a-438a-b5f9-6131d85c34b0__ep1,ep1,test,4000,4019,19.31308937072754,18.692106246948242,0.25516465306282043,0.35070016980171204,0.5007091760635376
dense_20f_stride10:4b02bb38-384a-438a-b5f9-6131d85c34b0__ep1:qa:391,4b02bb38-384a-438a-b5f9-6131d85c34b0__ep1,ep1,test,4010,4029,18.76940155029297,17.853071212768555,0.3292945325374603,0.5442634224891663,0.6710784435272217
dense_20f_stride10:4b02bb38-384a-438a-b5f9-6131d85c34b0__ep1:qa:392,4b02bb38-384a-438a-b5f9-6131d85c34b0__ep1,ep1,test,4020,4039,18.76940155029297,17.225921630859375,0.3366169035434723,0.5457695722579956,0.6807581186294556
dense_20f_stride10:4b02bb38-384a-438a-b5f9-6131d85c34b0__ep1:qa:393,4b02bb38-384a-438a-b5f9-6131d85c34b0__ep1,ep1,test,4030,4049,17.5900936126709,18.615585327148438,0.4155103862285614,0.628054141998291,0.8752816915512085
dense_20f_stride10:4b02bb38-384a-438a-b5f9-6131d85c34b0__ep1:qa:394,4b02bb38-384a-438a-b5f9-6131d85c34b0__ep1,ep1,test,4040,4059,17.5900936126709,18.479415893554688,0.4163651466369629,0.6244673728942871,0.871091902256012
dense_20f_stride10:4b02bb38-384a-438a-b5f9-6131d85c34b0__ep1:qa:395,4b02bb38-384a-438a-b5f9-6131d85c34b0__ep1,ep1,test,4050,4069,0.0,17.347381591796875,0.34477776288986206,0.5841166973114014,0.757697582244873
dense_20f_stride10:4b02bb38-384a-438a-b5f9-6131d85c34b0__ep1:qa:396,4b02bb38-384a-438a-b5f9-6131d85c34b0__ep1,ep1,test,4060,4079,0.0,23.567453384399414,0.5004549026489258,0.7935574054718018,0.959119439125061
dense_20f_stride10:4b02bb38-384a-438a-b5f9-6131d85c34b0__ep1:qa:397,4b02bb38-384a-438a-b5f9-6131d85c34b0__ep1,ep1,test,4070,4089,0.0,23.77692222595215,0.48192280530929565,0.8006106019020081,0.9492372274398804
dense_20f_stride10:4b02bb38-384a-438a-b5f9-6131d85c34b0__ep1:qa:398,4b02bb38-384a-438a-b5f9-6131d85c34b0__ep1,ep1,test,4080,4099,0.0,22.15781021118164,0.463360071182251,0.7460922598838806,0.8859124183654785
dense_20f_stride10:4b02bb38-384a-438a-b5f9-6131d85c34b0__ep1:qa:429,4b02bb38-384a-438a-b5f9-6131d85c34b0__ep1,ep1,test,4400,4419,19.02403450012207,9.971556663513184,0.40798816084861755,0.5556363463401794,0.7247896790504456
dense_20f_stride10:4b02bb38-384a-438a-b5f9-6131d85c34b0__ep1:qa:430,4b02bb38-384a-438a-b5f9-6131d85c34b0__ep1,ep1,test,4410,4429,18.984188079833984,5.443665027618408,0.34729382395744324,0.5035125017166138,0.6471887826919556
dense_20f_stride10:4b02bb38-384a-438a-b5f9-6131d85c34b0__ep1:qa:431,4b02bb38-384a-438a-b5f9-6131d85c34b0__ep1,ep1,test,4420,4439,18.984188079833984,16.640398025512695,0.18936200439929962,0.26854407787323,0.3690825402736664
dense_20f_stride10:4b02bb38-384a-438a-b5f9-6131d85c34b0__ep1:qa:432,4b02bb38-384a-438a-b5f9-6131d85c34b0__ep1,ep1,test,4430,4449,19.194849014282227,16.865318298339844,0.1770123392343521,0.25008511543273926,0.3313102424144745
dense_20f_stride10:4b02bb38-384a-438a-b5f9-6131d85c34b0__ep1:qa:433,4b02bb38-384a-438a-b5f9-6131d85c34b0__ep1,ep1,test,4440,4459,19.194849014282227,14.607172966003418,0.23542268574237823,0.3362242579460144,0.4480738341808319
dense_20f_stride10:4b02bb38-384a-438a-b5f9-6131d85c34b0__ep1:qa:434,4b02bb38-384a-438a-b5f9-6131d85c34b0__ep1,ep1,test,4450,4469,19.225757598876953,15.504058837890625,0.19329869747161865,0.30869919061660767,0.36686667799949646
dense_20f_stride10:4b02bb38-384a-438a-b5f9-6131d85c34b0__ep1:qa:435,4b02bb38-384a-438a-b5f9-6131d85c34b0__ep1,ep1,test,4460,4479,19.225757598876953,16.32155990600586,0.18588323891162872,0.3006943464279175,0.35695794224739075
dense_20f_stride10:4b02bb38-384a-438a-b5f9-6131d85c34b0__ep1:qa:436,4b02bb38-384a-438a-b5f9-6131d85c34b0__ep1,ep1,test,4470,4489,17.03767967224121,12.218661308288574,0.28333717584609985,0.3670866787433624,0.5344304442405701
dense_20f_stride10:4b02bb38-384a-438a-b5f9-6131d85c34b0__ep1:qa:437,4b02bb38-384a-438a-b5f9-6131d85c34b0__ep1,ep1,test,4480,4499,17.03767967224121,14.157611846923828,0.2966780662536621,0.38900619745254517,0.5554836988449097
dense_20f_stride10:5399ef86-4df9-49bc-809f-8f4f92f9e659__ep6:qa:0,5399ef86-4df9-49bc-809f-8f4f92f9e659__ep6,ep6,test,0,19,10.646607398986816,10.756695747375488,0.1023053228855133,0.15225321054458618,0.1942061334848404
dense_20f_stride10:5399ef86-4df9-49bc-809f-8f4f92f9e659__ep6:qa:1,5399ef86-4df9-49bc-809f-8f4f92f9e659__ep6,ep6,test,10,29,10.328771591186523,10.225317001342773,0.09981773048639297,0.14310207962989807,0.19336941838264465
dense_20f_stride10:5399ef86-4df9-49bc-809f-8f4f92f9e659__ep6:qa:2,5399ef86-4df9-49bc-809f-8f4f92f9e659__ep6,ep6,test,20,39,10.328771591186523,7.1411638259887695,0.09596490859985352,0.1497662216424942,0.18457311391830444
dense_20f_stride10:5399ef86-4df9-49bc-809f-8f4f92f9e659__ep6:qa:3,5399ef86-4df9-49bc-809f-8f4f92f9e659__ep6,ep6,test,30,49,9.9339017868042,9.7537202835083,0.09916907548904419,0.14820295572280884,0.1922025829553604
dense_20f_stride10:5399ef86-4df9-49bc-809f-8f4f92f9e659__ep6:qa:4,5399ef86-4df9-49bc-809f-8f4f92f9e659__ep6,ep6,test,40,59,9.9339017868042,10.317049026489258,0.10103022307157516,0.15279902517795563,0.198783278465271
dense_20f_stride10:5399ef86-4df9-49bc-809f-8f4f92f9e659__ep6:qa:5,5399ef86-4df9-49bc-809f-8f4f92f9e659__ep6,ep6,test,50,69,9.9339017868042,10.795198440551758,0.11439421027898788,0.16763295233249664,0.22218294441699982
dense_20f_stride10:5399ef86-4df9-49bc-809f-8f4f92f9e659__ep6:qa:6,5399ef86-4df9-49bc-809f-8f4f92f9e659__ep6,ep6,test,60,79,9.9339017868042,10.535261154174805,0.11894930154085159,0.17082025110721588,0.22706198692321777
dense_20f_stride10:5399ef86-4df9-49bc-809f-8f4f92f9e659__ep6:qa:7,5399ef86-4df9-49bc-809f-8f4f92f9e659__ep6,ep6,test,70,89,10.489242553710938,10.550573348999023,0.10643748939037323,0.1515117734670639,0.19987067580223083
dense_20f_stride10:5399ef86-4df9-49bc-809f-8f4f92f9e659__ep6:qa:15,5399ef86-4df9-49bc-809f-8f4f92f9e659__ep6,ep6,test,160,179,14.269476890563965,11.945624351501465,0.13493812084197998,0.18763624131679535,0.25466087460517883
dense_20f_stride10:5399ef86-4df9-49bc-809f-8f4f92f9e659__ep6:qa:16,5399ef86-4df9-49bc-809f-8f4f92f9e659__ep6,ep6,test,170,189,14.423117637634277,12.028270721435547,0.14738228917121887,0.22364601492881775,0.279287189245224
dense_20f_stride10:5399ef86-4df9-49bc-809f-8f4f92f9e659__ep6:qa:17,5399ef86-4df9-49bc-809f-8f4f92f9e659__ep6,ep6,test,180,199,14.423117637634277,8.942500114440918,0.1626187115907669,0.2498578578233719,0.30446580052375793
dense_20f_stride10:5399ef86-4df9-49bc-809f-8f4f92f9e659__ep6:qa:18,5399ef86-4df9-49bc-809f-8f4f92f9e659__ep6,ep6,test,190,209,13.582427024841309,10.381536483764648,0.16684791445732117,0.2439301609992981,0.3248235881328583
dense_20f_stride10:5399ef86-4df9-49bc-809f-8f4f92f9e659__ep6:qa:19,5399ef86-4df9-49bc-809f-8f4f92f9e659__ep6,ep6,test,200,219,13.582427024841309,11.535614013671875,0.16863058507442474,0.248031347990036,0.33207428455352783
dense_20f_stride10:5399ef86-4df9-49bc-809f-8f4f92f9e659__ep6:qa:20,5399ef86-4df9-49bc-809f-8f4f92f9e659__ep6,ep6,test,210,229,13.058996200561523,11.126596450805664,0.1813262701034546,0.2696266174316406,0.346145898103714
dense_20f_stride10:5399ef86-4df9-49bc-809f-8f4f92f9e659__ep6:qa:21,5399ef86-4df9-49bc-809f-8f4f92f9e659__ep6,ep6,test,220,239,13.058996200561523,11.050369262695312,0.15311215817928314,0.21944423019886017,0.2918640077114105
dense_20f_stride10:5399ef86-4df9-49bc-809f-8f4f92f9e659__ep6:qa:22,5399ef86-4df9-49bc-809f-8f4f92f9e659__ep6,ep6,test,230,249,13.779165267944336,8.8319673538208,0.145203098654747,0.22215142846107483,0.27242353558540344
dense_20f_stride10:5399ef86-4df9-49bc-809f-8f4f92f9e659__ep6:qa:38,5399ef86-4df9-49bc-809f-8f4f92f9e659__ep6,ep6,test,400,419,12.021890640258789,11.479233741760254,0.17419463396072388,0.23319676518440247,0.3409641683101654
dense_20f_stride10:5399ef86-4df9-49bc-809f-8f4f92f9e659__ep6:qa:39,5399ef86-4df9-49bc-809f-8f4f92f9e659__ep6,ep6,test,410,429,11.768653869628906,10.715686798095703,0.12539002299308777,0.18264779448509216,0.2421182096004486
dense_20f_stride10:5399ef86-4df9-49bc-809f-8f4f92f9e659__ep6:qa:40,5399ef86-4df9-49bc-809f-8f4f92f9e659__ep6,ep6,test,420,439,11.768653869628906,11.30992317199707,0.15075421333312988,0.23911628127098083,0.2890411615371704
dense_20f_stride10:5399ef86-4df9-49bc-809f-8f4f92f9e659__ep6:qa:41,5399ef86-4df9-49bc-809f-8f4f92f9e659__ep6,ep6,test,430,449,11.969943046569824,12.011259078979492,0.1408722847700119,0.21600262820720673,0.26284006237983704
dense_20f_stride10:5399ef86-4df9-49bc-809f-8f4f92f9e659__ep6:qa:42,5399ef86-4df9-49bc-809f-8f4f92f9e659__ep6,ep6,test,440,459,11.969943046569824,12.180986404418945,0.09671494364738464,0.14231494069099426,0.18460530042648315
dense_20f_stride10:5399ef86-4df9-49bc-809f-8f4f92f9e659__ep6:qa:43,5399ef86-4df9-49bc-809f-8f4f92f9e659__ep6,ep6,test,450,469,11.889922142028809,11.801331520080566,0.17263178527355194,0.2488412857055664,0.32964274287223816
dense_20f_stride10:5399ef86-4df9-49bc-809f-8f4f92f9e659__ep6:qa:44,5399ef86-4df9-49bc-809f-8f4f92f9e659__ep6,ep6,test,460,479,11.889922142028809,12.456658363342285,0.18459632992744446,0.2885182201862335,0.3531288206577301
dense_20f_stride10:5399ef86-4df9-49bc-809f-8f4f92f9e659__ep6:qa:45,5399ef86-4df9-49bc-809f-8f4f92f9e659__ep6,ep6,test,470,489,11.842813491821289,12.310858726501465,0.11268015205860138,0.1759089231491089,0.21681945025920868
dense_20f_stride10:5399ef86-4df9-49bc-809f-8f4f92f9e659__ep6:qa:97,5399ef86-4df9-49bc-809f-8f4f92f9e659__ep6,ep6,test,1000,1019,12.998799324035645,7.506298542022705,0.10959037393331528,0.1937187761068344,0.2285594344139099
dense_20f_stride10:5399ef86-4df9-49bc-809f-8f4f92f9e659__ep6:qa:98,5399ef86-4df9-49bc-809f-8f4f92f9e659__ep6,ep6,test,1010,1029,13.416257858276367,6.381884574890137,0.13889993727207184,0.242503359913826,0.2768149971961975
dense_20f_stride10:5399ef86-4df9-49bc-809f-8f4f92f9e659__ep6:qa:99,5399ef86-4df9-49bc-809f-8f4f92f9e659__ep6,ep6,test,1020,1039,13.416257858276367,8.347675323486328,0.11770187318325043,0.1896829754114151,0.22298063337802887
dense_20f_stride10:5399ef86-4df9-49bc-809f-8f4f92f9e659__ep6:qa:100,5399ef86-4df9-49bc-809f-8f4f92f9e659__ep6,ep6,test,1030,1049,13.39065933227539,8.789158821105957,0.21178746223449707,0.33923500776290894,0.433167964220047
dense_20f_stride10:5399ef86-4df9-49bc-809f-8f4f92f9e659__ep6:qa:101,5399ef86-4df9-49bc-809f-8f4f92f9e659__ep6,ep6,test,1040,1059,13.39065933227539,9.090570449829102,0.20777735114097595,0.3386448919773102,0.42786702513694763
dense_20f_stride10:5399ef86-4df9-49bc-809f-8f4f92f9e659__ep6:qa:102,5399ef86-4df9-49bc-809f-8f4f92f9e659__ep6,ep6,test,1050,1069,11.668439865112305,6.821203231811523,0.21668629348278046,0.3370843529701233,0.45804426074028015
dense_20f_stride10:5399ef86-4df9-49bc-809f-8f4f92f9e659__ep6:qa:103,5399ef86-4df9-49bc-809f-8f4f92f9e659__ep6,ep6,test,1060,1079,11.668439865112305,11.607965469360352,0.25342363119125366,0.3907336890697479,0.5383380055427551
dense_20f_stride10:5399ef86-4df9-49bc-809f-8f4f92f9e659__ep6:qa:104,5399ef86-4df9-49bc-809f-8f4f92f9e659__ep6,ep6,test,1070,1089,12.512426376342773,9.898987770080566,0.245360866189003,0.37897035479545593,0.518454372882843
dense_20f_stride10:5399ef86-4df9-49bc-809f-8f4f92f9e659__ep6:qa:176,5399ef86-4df9-49bc-809f-8f4f92f9e659__ep6,ep6,test,1800,1819,13.602021217346191,8.004110336303711,0.09796038269996643,0.19933834671974182,0.23383839428424835
dense_20f_stride10:5399ef86-4df9-49bc-809f-8f4f92f9e659__ep6:qa:177,5399ef86-4df9-49bc-809f-8f4f92f9e659__ep6,ep6,test,1810,1829,13.701295852661133,7.912188529968262,0.11410962045192719,0.22249901294708252,0.2732783854007721
dense_20f_stride10:5399ef86-4df9-49bc-809f-8f4f92f9e659__ep6:qa:178,5399ef86-4df9-49bc-809f-8f4f92f9e659__ep6,ep6,test,1820,1839,13.701295852661133,8.654290199279785,0.11043399572372437,0.20261262357234955,0.25397807359695435
dense_20f_stride10:5399ef86-4df9-49bc-809f-8f4f92f9e659__ep6:qa:179,5399ef86-4df9-49bc-809f-8f4f92f9e659__ep6,ep6,test,1830,1849,13.780903816223145,9.568531036376953,0.09480796754360199,0.17326219379901886,0.2103428691625595
dense_20f_stride10:5399ef86-4df9-49bc-809f-8f4f92f9e659__ep6:qa:180,5399ef86-4df9-49bc-809f-8f4f92f9e659__ep6,ep6,test,1840,1859,13.780903816223145,10.290664672851562,0.10506648570299149,0.16750161349773407,0.215576633810997
dense_20f_stride10:5399ef86-4df9-49bc-809f-8f4f92f9e659__ep6:qa:181,5399ef86-4df9-49bc-809f-8f4f92f9e659__ep6,ep6,test,1850,1869,14.521882057189941,8.702041625976562,0.141648530960083,0.23371312022209167,0.32105541229248047
dense_20f_stride10:5399ef86-4df9-49bc-809f-8f4f92f9e659__ep6:qa:182,5399ef86-4df9-49bc-809f-8f4f92f9e659__ep6,ep6,test,1860,1879,14.521882057189941,7.984877109527588,0.17574937641620636,0.26890483498573303,0.365604430437088
dense_20f_stride10:5399ef86-4df9-49bc-809f-8f4f92f9e659__ep6:qa:183,5399ef86-4df9-49bc-809f-8f4f92f9e659__ep6,ep6,test,1870,1889,14.847799301147461,11.880918502807617,0.1404944658279419,0.20272506773471832,0.2795397639274597
dense_20f_stride10:5399ef86-4df9-49bc-809f-8f4f92f9e659__ep6:qa:195,5399ef86-4df9-49bc-809f-8f4f92f9e659__ep6,ep6,test,2000,2019,13.6981840133667,11.882852554321289,0.10164998471736908,0.16857869923114777,0.20032568275928497
dense_20f_stride10:5399ef86-4df9-49bc-809f-8f4f92f9e659__ep6:qa:196,5399ef86-4df9-49bc-809f-8f4f92f9e659__ep6,ep6,test,2010,2029,13.523483276367188,9.763115882873535,0.13408143818378448,0.2247953861951828,0.28020980954170227
dense_20f_stride10:5399ef86-4df9-49bc-809f-8f4f92f9e659__ep6:qa:197,5399ef86-4df9-49bc-809f-8f4f92f9e659__ep6,ep6,test,2020,2039,13.523483276367188,5.808084011077881,0.16621676087379456,0.2704940140247345,0.33464813232421875
dense_20f_stride10:5399ef86-4df9-49bc-809f-8f4f92f9e659__ep6:qa:198,5399ef86-4df9-49bc-809f-8f4f92f9e659__ep6,ep6,test,2030,2049,12.813557624816895,11.01268196105957,0.07312896847724915,0.12565088272094727,0.15069693326950073
dense_20f_stride10:5399ef86-4df9-49bc-809f-8f4f92f9e659__ep6:qa:199,5399ef86-4df9-49bc-809f-8f4f92f9e659__ep6,ep6,test,2040,2059,12.813557624816895,8.326807975769043,0.1284831464290619,0.21157832443714142,0.2601674497127533
dense_20f_stride10:5399ef86-4df9-49bc-809f-8f4f92f9e659__ep6:qa:200,5399ef86-4df9-49bc-809f-8f4f92f9e659__ep6,ep6,test,2050,2069,12.2105073928833,9.660893440246582,0.2293921858072281,0.35906875133514404,0.48040205240249634
dense_20f_stride10:5399ef86-4df9-49bc-809f-8f4f92f9e659__ep6:qa:201,5399ef86-4df9-49bc-809f-8f4f92f9e659__ep6,ep6,test,2060,2079,12.2105073928833,8.765704154968262,0.20540128648281097,0.3324613869190216,0.4439827501773834
dense_20f_stride10:5399ef86-4df9-49bc-809f-8f4f92f9e659__ep6:qa:202,5399ef86-4df9-49bc-809f-8f4f92f9e659__ep6,ep6,test,2070,2089,10.74885368347168,4.117549419403076,0.1806029975414276,0.3159019947052002,0.3818206787109375
dense_20f_stride10:5399ef86-4df9-49bc-809f-8f4f92f9e659__ep6:qa:234,5399ef86-4df9-49bc-809f-8f4f92f9e659__ep6,ep6,test,2400,2419,10.364611625671387,4.360390663146973,0.10855498909950256,0.20803864300251007,0.25551024079322815
dense_20f_stride10:5399ef86-4df9-49bc-809f-8f4f92f9e659__ep6:qa:235,5399ef86-4df9-49bc-809f-8f4f92f9e659__ep6,ep6,test,2410,2429,10.309691429138184,3.458261013031006,0.1687651127576828,0.26177048683166504,0.3540772795677185
dense_20f_stride10:5399ef86-4df9-49bc-809f-8f4f92f9e659__ep6:qa:236,5399ef86-4df9-49bc-809f-8f4f92f9e659__ep6,ep6,test,2420,2439,10.309691429138184,7.568148136138916,0.1360095888376236,0.19873075187206268,0.2871602773666382
dense_20f_stride10:5399ef86-4df9-49bc-809f-8f4f92f9e659__ep6:qa:237,5399ef86-4df9-49bc-809f-8f4f92f9e659__ep6,ep6,test,2430,2449,10.335229873657227,10.942617416381836,0.11290417611598969,0.2193826287984848,0.2600613832473755
dense_20f_stride10:5399ef86-4df9-49bc-809f-8f4f92f9e659__ep6:qa:238,5399ef86-4df9-49bc-809f-8f4f92f9e659__ep6,ep6,test,2440,2459,10.335229873657227,12.639898300170898,0.13777033984661102,0.2590480446815491,0.28761884570121765
dense_20f_stride10:5399ef86-4df9-49bc-809f-8f4f92f9e659__ep6:qa:239,5399ef86-4df9-49bc-809f-8f4f92f9e659__ep6,ep6,test,2450,2469,11.604037284851074,9.581647872924805,0.08502878993749619,0.12944288551807404,0.16840723156929016
dense_20f_stride10:5399ef86-4df9-49bc-809f-8f4f92f9e659__ep6:qa:240,5399ef86-4df9-49bc-809f-8f4f92f9e659__ep6,ep6,test,2460,2479,11.604037284851074,6.104770660400391,0.13143570721149445,0.20837026834487915,0.2820571959018707
dense_20f_stride10:5399ef86-4df9-49bc-809f-8f4f92f9e659__ep6:qa:241,5399ef86-4df9-49bc-809f-8f4f92f9e659__ep6,ep6,test,2470,2489,9.741365432739258,7.760415077209473,0.08184193074703217,0.1321921944618225,0.15673604607582092
dense_20f_stride10:5399ef86-4df9-49bc-809f-8f4f92f9e659__ep6:qa:272,5399ef86-4df9-49bc-809f-8f4f92f9e659__ep6,ep6,test,2800,2819,11.751649856567383,2.1273488998413086,0.2035272717475891,0.33994001150131226,0.45455995202064514
dense_20f_stride10:5399ef86-4df9-49bc-809f-8f4f92f9e659__ep6:qa:273,5399ef86-4df9-49bc-809f-8f4f92f9e659__ep6,ep6,test,2810,2829,10.169629096984863,3.35007905960083,0.12226565927267075,0.23847703635692596,0.2949131429195404
dense_20f_stride10:5399ef86-4df9-49bc-809f-8f4f92f9e659__ep6:qa:274,5399ef86-4df9-49bc-809f-8f4f92f9e659__ep6,ep6,test,2820,2839,10.141940116882324,3.3815691471099854,0.12040473520755768,0.24548949301242828,0.2863823473453522
dense_20f_stride10:5399ef86-4df9-49bc-809f-8f4f92f9e659__ep6:qa:275,5399ef86-4df9-49bc-809f-8f4f92f9e659__ep6,ep6,test,2830,2849,10.158478736877441,3.49934458732605,0.12295831739902496,0.26185324788093567,0.30560609698295593
dense_20f_stride10:5399ef86-4df9-49bc-809f-8f4f92f9e659__ep6:qa:276,5399ef86-4df9-49bc-809f-8f4f92f9e659__ep6,ep6,test,2840,2859,10.136849403381348,4.755433082580566,0.11145287752151489,0.2224406599998474,0.26176998019218445
dense_20f_stride10:5399ef86-4df9-49bc-809f-8f4f92f9e659__ep6:qa:277,5399ef86-4df9-49bc-809f-8f4f92f9e659__ep6,ep6,test,2850,2869,10.089488983154297,2.447296142578125,0.12602481245994568,0.28913378715515137,0.3346807360649109
dense_20f_stride10:5399ef86-4df9-49bc-809f-8f4f92f9e659__ep6:qa:278,5399ef86-4df9-49bc-809f-8f4f92f9e659__ep6,ep6,test,2860,2879,10.06328296661377,7.850189685821533,0.06718205660581589,0.1111011803150177,0.13924971222877502
dense_20f_stride10:5399ef86-4df9-49bc-809f-8f4f92f9e659__ep6:qa:279,5399ef86-4df9-49bc-809f-8f4f92f9e659__ep6,ep6,test,2880,2899,10.007973670959473,10.423229217529297,0.08566923439502716,0.11789898574352264,0.1666146069765091
dense_20f_stride10:5399ef86-4df9-49bc-809f-8f4f92f9e659__ep6:qa:280,5399ef86-4df9-49bc-809f-8f4f92f9e659__ep6,ep6,test,2890,2909,10.007973670959473,6.861536502838135,0.07777376472949982,0.13247917592525482,0.17767184972763062
dense_20f_stride10:5399ef86-4df9-49bc-809f-8f4f92f9e659__ep6:qa:281,5399ef86-4df9-49bc-809f-8f4f92f9e659__ep6,ep6,test,2900,2919,10.007973670959473,2.949195146560669,0.15096278488636017,0.2729964852333069,0.34327423572540283
dense_20f_stride10:5399ef86-4df9-49bc-809f-8f4f92f9e659__ep6:qa:282,5399ef86-4df9-49bc-809f-8f4f92f9e659__ep6,ep6,test,2910,2929,10.063480377197266,3.080949544906616,0.11919929832220078,0.2500913143157959,0.30437415838241577
dense_20f_stride10:5399ef86-4df9-49bc-809f-8f4f92f9e659__ep6:qa:283,5399ef86-4df9-49bc-809f-8f4f92f9e659__ep6,ep6,test,2920,2939,10.07382869720459,9.130376815795898,0.051964908838272095,0.07836725562810898,0.10722699016332626
dense_20f_stride10:5399ef86-4df9-49bc-809f-8f4f92f9e659__ep6:qa:284,5399ef86-4df9-49bc-809f-8f4f92f9e659__ep6,ep6,test,2930,2949,10.078598976135254,8.09835433959961,0.07295534759759903,0.1170581802725792,0.15032194554805756
dense_20f_stride10:5399ef86-4df9-49bc-809f-8f4f92f9e659__ep6:qa:285,5399ef86-4df9-49bc-809f-8f4f92f9e659__ep6,ep6,test,2940,2959,11.448102951049805,7.473855018615723,0.12775744497776031,0.19436638057231903,0.2618950605392456
dense_20f_stride10:5399ef86-4df9-49bc-809f-8f4f92f9e659__ep6:qa:286,5399ef86-4df9-49bc-809f-8f4f92f9e659__ep6,ep6,test,2950,2969,11.982550621032715,7.653925895690918,0.1405390202999115,0.2014487236738205,0.2699204385280609
dense_20f_stride10:5399ef86-4df9-49bc-809f-8f4f92f9e659__ep6:qa:287,5399ef86-4df9-49bc-809f-8f4f92f9e659__ep6,ep6,test,2960,2979,12.946295738220215,6.271981239318848,0.147312194108963,0.24145187437534332,0.27817243337631226
dense_20f_stride10:5399ef86-4df9-49bc-809f-8f4f92f9e659__ep6:qa:290,5399ef86-4df9-49bc-809f-8f4f92f9e659__ep6,ep6,test,3000,3019,11.568758964538574,9.502285957336426,0.07525579631328583,0.12372565269470215,0.16387411952018738
dense_20f_stride10:5399ef86-4df9-49bc-809f-8f4f92f9e659__ep6:qa:291,5399ef86-4df9-49bc-809f-8f4f92f9e659__ep6,ep6,test,3010,3029,11.568758964538574,10.214178085327148,0.0775071382522583,0.12548761069774628,0.16750502586364746
dense_20f_stride10:5399ef86-4df9-49bc-809f-8f4f92f9e659__ep6:qa:292,5399ef86-4df9-49bc-809f-8f4f92f9e659__ep6,ep6,test,3020,3039,11.568758964538574,10.135782241821289,0.08330675959587097,0.13280126452445984,0.17919421195983887
dense_20f_stride10:5399ef86-4df9-49bc-809f-8f4f92f9e659__ep6:qa:293,5399ef86-4df9-49bc-809f-8f4f92f9e659__ep6,ep6,test,3030,3049,10.150253295898438,5.8717803955078125,0.08456995338201523,0.17558476328849792,0.20565322041511536
dense_20f_stride10:5399ef86-4df9-49bc-809f-8f4f92f9e659__ep6:qa:294,5399ef86-4df9-49bc-809f-8f4f92f9e659__ep6,ep6,test,3040,3059,10.150253295898438,9.778914451599121,0.06486454606056213,0.0964350700378418,0.1260414868593216
dense_20f_stride10:5399ef86-4df9-49bc-809f-8f4f92f9e659__ep6:qa:295,5399ef86-4df9-49bc-809f-8f4f92f9e659__ep6,ep6,test,3050,3069,10.150253295898438,10.97623062133789,0.058296989649534225,0.09466371685266495,0.11842050403356552
dense_20f_stride10:5399ef86-4df9-49bc-809f-8f4f92f9e659__ep6:qa:296,5399ef86-4df9-49bc-809f-8f4f92f9e659__ep6,ep6,test,3060,3079,10.150253295898438,7.887576103210449,0.07210933417081833,0.12921789288520813,0.1534191519021988
dense_20f_stride10:5399ef86-4df9-49bc-809f-8f4f92f9e659__ep6:qa:308,5399ef86-4df9-49bc-809f-8f4f92f9e659__ep6,ep6,test,3200,3219,11.044525146484375,7.595870018005371,0.12145539373159409,0.1884811520576477,0.25280237197875977
dense_20f_stride10:5399ef86-4df9-49bc-809f-8f4f92f9e659__ep6:qa:309,5399ef86-4df9-49bc-809f-8f4f92f9e659__ep6,ep6,test,3210,3229,10.876777648925781,7.457765102386475,0.12842673063278198,0.2003650963306427,0.2663082778453827
dense_20f_stride10:5399ef86-4df9-49bc-809f-8f4f92f9e659__ep6:qa:310,5399ef86-4df9-49bc-809f-8f4f92f9e659__ep6,ep6,test,3220,3239,10.876777648925781,7.411672592163086,0.13634595274925232,0.21092146635055542,0.28534308075904846
dense_20f_stride10:5399ef86-4df9-49bc-809f-8f4f92f9e659__ep6:qa:311,5399ef86-4df9-49bc-809f-8f4f92f9e659__ep6,ep6,test,3230,3249,12.97896671295166,11.931674003601074,0.08263762295246124,0.15746097266674042,0.18355004489421844
dense_20f_stride10:5399ef86-4df9-49bc-809f-8f4f92f9e659__ep6:qa:312,5399ef86-4df9-49bc-809f-8f4f92f9e659__ep6,ep6,test,3240,3259,12.97896671295166,6.436845302581787,0.1383277177810669,0.2292986512184143,0.26564663648605347
dense_20f_stride10:5399ef86-4df9-49bc-809f-8f4f92f9e659__ep6:qa:313,5399ef86-4df9-49bc-809f-8f4f92f9e659__ep6,ep6,test,3250,3269,12.46445369720459,6.622055530548096,0.1368054896593094,0.2102767378091812,0.2682330906391144
dense_20f_stride10:5399ef86-4df9-49bc-809f-8f4f92f9e659__ep6:qa:314,5399ef86-4df9-49bc-809f-8f4f92f9e659__ep6,ep6,test,3260,3279,12.46445369720459,8.006806373596191,0.10764825344085693,0.17173059284687042,0.21739543974399567
dense_20f_stride10:5399ef86-4df9-49bc-809f-8f4f92f9e659__ep6:qa:315,5399ef86-4df9-49bc-809f-8f4f92f9e659__ep6,ep6,test,3270,3289,11.995789527893066,6.3571696281433105,0.1277931034564972,0.20445393025875092,0.27911466360092163
dense_20f_stride10:5399ef86-4df9-49bc-809f-8f4f92f9e659__ep6:qa:316,5399ef86-4df9-49bc-809f-8f4f92f9e659__ep6,ep6,test,3280,3299,11.995789527893066,3.867497444152832,0.16880948841571808,0.2810690999031067,0.3736347556114197
dense_20f_stride10:5399ef86-4df9-49bc-809f-8f4f92f9e659__ep6:qa:366,5399ef86-4df9-49bc-809f-8f4f92f9e659__ep6,ep6,test,3800,3819,10.569664001464844,12.529158592224121,0.1622268110513687,0.27646559476852417,0.3421686887741089
dense_20f_stride10:5399ef86-4df9-49bc-809f-8f4f92f9e659__ep6:qa:367,5399ef86-4df9-49bc-809f-8f4f92f9e659__ep6,ep6,test,3810,3829,11.973993301391602,8.322610855102539,0.1124015524983406,0.16552124917507172,0.21408706903457642
dense_20f_stride10:5399ef86-4df9-49bc-809f-8f4f92f9e659__ep6:qa:368,5399ef86-4df9-49bc-809f-8f4f92f9e659__ep6,ep6,test,3820,3839,11.973993301391602,9.566779136657715,0.08614613860845566,0.124787837266922,0.16077062487602234
dense_20f_stride10:5399ef86-4df9-49bc-809f-8f4f92f9e659__ep6:qa:369,5399ef86-4df9-49bc-809f-8f4f92f9e659__ep6,ep6,test,3830,3849,11.573783874511719,10.425432205200195,0.08214321732521057,0.11675916612148285,0.15612465143203735
dense_20f_stride10:5399ef86-4df9-49bc-809f-8f4f92f9e659__ep6:qa:370,5399ef86-4df9-49bc-809f-8f4f92f9e659__ep6,ep6,test,3840,3859,11.573783874511719,9.91370964050293,0.09269481152296066,0.13009582459926605,0.1754269301891327
dense_20f_stride10:5399ef86-4df9-49bc-809f-8f4f92f9e659__ep6:qa:371,5399ef86-4df9-49bc-809f-8f4f92f9e659__ep6,ep6,test,3850,3869,10.533719062805176,10.415637016296387,0.07597982883453369,0.12685777246952057,0.1536942571401596
dense_20f_stride10:5399ef86-4df9-49bc-809f-8f4f92f9e659__ep6:qa:372,5399ef86-4df9-49bc-809f-8f4f92f9e659__ep6,ep6,test,3860,3879,10.533719062805176,9.822340965270996,0.07092943787574768,0.1157958060503006,0.14225374162197113
dense_20f_stride10:5399ef86-4df9-49bc-809f-8f4f92f9e659__ep6:qa:373,5399ef86-4df9-49bc-809f-8f4f92f9e659__ep6,ep6,test,3870,3889,12.008376121520996,8.811714172363281,0.12066445499658585,0.17998015880584717,0.22985492646694183
dense_20f_stride10:b750fab3-7fbb-43a0-b451-c64c4d4a64da__ep1:qa:0,b750fab3-7fbb-43a0-b451-c64c4d4a64da__ep1,ep1,test,0,19,6.570979118347168,6.808650493621826,0.10595709085464478,0.1674882471561432,0.2397046834230423
dense_20f_stride10:b750fab3-7fbb-43a0-b451-c64c4d4a64da__ep1:qa:1,b750fab3-7fbb-43a0-b451-c64c4d4a64da__ep1,ep1,test,10,29,7.498126029968262,8.931309700012207,0.14912447333335876,0.23322926461696625,0.3285265266895294
dense_20f_stride10:b750fab3-7fbb-43a0-b451-c64c4d4a64da__ep1:qa:2,b750fab3-7fbb-43a0-b451-c64c4d4a64da__ep1,ep1,test,20,39,7.498126029968262,8.032487869262695,0.13955157995224,0.20915085077285767,0.3001718819141388
dense_20f_stride10:b750fab3-7fbb-43a0-b451-c64c4d4a64da__ep1:qa:3,b750fab3-7fbb-43a0-b451-c64c4d4a64da__ep1,ep1,test,30,49,8.727773666381836,6.479085922241211,0.08568208664655685,0.11442068219184875,0.1652449071407318
dense_20f_stride10:b750fab3-7fbb-43a0-b451-c64c4d4a64da__ep1:qa:4,b750fab3-7fbb-43a0-b451-c64c4d4a64da__ep1,ep1,test,40,59,8.727773666381836,6.299182891845703,0.08316491544246674,0.12168692797422409,0.17004048824310303
dense_20f_stride10:b750fab3-7fbb-43a0-b451-c64c4d4a64da__ep1:qa:39,b750fab3-7fbb-43a0-b451-c64c4d4a64da__ep1,ep1,test,400,419,21.448877334594727,34.19015884399414,0.2722379267215729,0.48713573813438416,0.6118048429489136
dense_20f_stride10:b750fab3-7fbb-43a0-b451-c64c4d4a64da__ep1:qa:40,b750fab3-7fbb-43a0-b451-c64c4d4a64da__ep1,ep1,test,410,429,23.81444549560547,22.85167121887207,0.16798734664916992,0.2633720636367798,0.350414514541626
dense_20f_stride10:b750fab3-7fbb-43a0-b451-c64c4d4a64da__ep1:qa:41,b750fab3-7fbb-43a0-b451-c64c4d4a64da__ep1,ep1,test,420,439,23.81444549560547,14.06820297241211,0.3171519637107849,0.47895655035972595,0.6365519165992737
dense_20f_stride10:b750fab3-7fbb-43a0-b451-c64c4d4a64da__ep1:qa:42,b750fab3-7fbb-43a0-b451-c64c4d4a64da__ep1,ep1,test,430,449,25.43627166748047,17.30388069152832,0.4625858962535858,0.5529996752738953,0.858738362789154
dense_20f_stride10:b750fab3-7fbb-43a0-b451-c64c4d4a64da__ep1:qa:43,b750fab3-7fbb-43a0-b451-c64c4d4a64da__ep1,ep1,test,440,459,25.43627166748047,17.602996826171875,0.4366091191768646,0.514739453792572,0.7994352579116821
dense_20f_stride10:b750fab3-7fbb-43a0-b451-c64c4d4a64da__ep1:qa:44,b750fab3-7fbb-43a0-b451-c64c4d4a64da__ep1,ep1,test,450,469,25.43627166748047,16.203704833984375,0.47592592239379883,0.567000687122345,0.8788087964057922
dense_20f_stride10:b750fab3-7fbb-43a0-b451-c64c4d4a64da__ep1:qa:54,b750fab3-7fbb-43a0-b451-c64c4d4a64da__ep1,ep1,test,560,579,33.98332977294922,32.21819305419922,0.6776347160339355,0.9171939492225647,1.3165539503097534
dense_20f_stride10:b750fab3-7fbb-43a0-b451-c64c4d4a64da__ep1:qa:55,b750fab3-7fbb-43a0-b451-c64c4d4a64da__ep1,ep1,test,570,589,33.98332977294922,19.665681838989258,0.6992698311805725,0.906970202922821,1.2856231927871704
dense_20f_stride10:b750fab3-7fbb-43a0-b451-c64c4d4a64da__ep1:qa:56,b750fab3-7fbb-43a0-b451-c64c4d4a64da__ep1,ep1,test,580,599,33.98332977294922,17.446630477905273,0.7062209248542786,0.8981770277023315,1.2873789072036743
dense_20f_stride10:b750fab3-7fbb-43a0-b451-c64c4d4a64da__ep1:qa:57,b750fab3-7fbb-43a0-b451-c64c4d4a64da__ep1,ep1,test,590,609,33.74005126953125,11.757755279541016,0.5075255632400513,0.7800108790397644,0.9460093975067139
dense_20f_stride10:b750fab3-7fbb-43a0-b451-c64c4d4a64da__ep1:qa:58,b750fab3-7fbb-43a0-b451-c64c4d4a64da__ep1,ep1,test,600,619,33.033084869384766,33.64501190185547,0.11460629850625992,0.1554882526397705,0.208305224776268
dense_20f_stride10:b750fab3-7fbb-43a0-b451-c64c4d4a64da__ep1:qa:65,b750fab3-7fbb-43a0-b451-c64c4d4a64da__ep1,ep1,test,680,699,32.39550018310547,29.194927215576172,0.12574711441993713,0.20753490924835205,0.2727307975292206
dense_20f_stride10:b750fab3-7fbb-43a0-b451-c64c4d4a64da__ep1:qa:66,b750fab3-7fbb-43a0-b451-c64c4d4a64da__ep1,ep1,test,690,709,32.39550018310547,14.288294792175293,0.5120013952255249,0.9570903778076172,1.1049389839172363
dense_20f_stride10:b750fab3-7fbb-43a0-b451-c64c4d4a64da__ep1:qa:67,b750fab3-7fbb-43a0-b451-c64c4d4a64da__ep1,ep1,test,700,719,32.39550018310547,14.287248611450195,0.5327752232551575,0.9634355902671814,1.1345635652542114
dense_20f_stride10:b750fab3-7fbb-43a0-b451-c64c4d4a64da__ep1:qa:68,b750fab3-7fbb-43a0-b451-c64c4d4a64da__ep1,ep1,test,710,729,32.57666015625,13.274867057800293,0.48406919836997986,0.8293567895889282,0.9598419666290283
dense_20f_stride10:b750fab3-7fbb-43a0-b451-c64c4d4a64da__ep1:qa:69,b750fab3-7fbb-43a0-b451-c64c4d4a64da__ep1,ep1,test,720,739,32.54312515258789,16.14453887939453,0.6819648146629333,0.9224987030029297,1.334822416305542
dense_20f_stride10:b750fab3-7fbb-43a0-b451-c64c4d4a64da__ep1:qa:70,b750fab3-7fbb-43a0-b451-c64c4d4a64da__ep1,ep1,test,730,749,29.580768585205078,15.153059005737305,0.6747926473617554,0.8930495381355286,1.2886589765548706
dense_20f_stride10:b750fab3-7fbb-43a0-b451-c64c4d4a64da__ep1:qa:76,b750fab3-7fbb-43a0-b451-c64c4d4a64da__ep1,ep1,test,800,819,32.66506576538086,29.518901824951172,0.07507597655057907,0.11760913580656052,0.1523662954568863
dense_20f_stride10:b750fab3-7fbb-43a0-b451-c64c4d4a64da__ep1:qa:77,b750fab3-7fbb-43a0-b451-c64c4d4a64da__ep1,ep1,test,810,829,32.503875732421875,34.9874382019043,0.11457772552967072,0.17856843769550323,0.23332349956035614
dense_20f_stride10:b750fab3-7fbb-43a0-b451-c64c4d4a64da__ep1:qa:78,b750fab3-7fbb-43a0-b451-c64c4d4a64da__ep1,ep1,test,820,839,32.503875732421875,24.510772705078125,0.7251344919204712,0.9324046969413757,1.3904269933700562
dense_20f_stride10:b750fab3-7fbb-43a0-b451-c64c4d4a64da__ep1:qa:79,b750fab3-7fbb-43a0-b451-c64c4d4a64da__ep1,ep1,test,830,849,30.076486587524414,21.721786499023438,0.5878095030784607,1.096001386642456,1.1082913875579834
dense_20f_stride10:b750fab3-7fbb-43a0-b451-c64c4d4a64da__ep1:qa:80,b750fab3-7fbb-43a0-b451-c64c4d4a64da__ep1,ep1,test,840,859,30.076486587524414,11.40263843536377,0.6396960616111755,0.914452075958252,1.2752405405044556
dense_20f_stride10:b750fab3-7fbb-43a0-b451-c64c4d4a64da__ep1:qa:135,b750fab3-7fbb-43a0-b451-c64c4d4a64da__ep1,ep1,test,1400,1419,0.0,14.810737609863281,0.296186238527298,0.4987035095691681,0.5850677490234375
dense_20f_stride10:b750fab3-7fbb-43a0-b451-c64c4d4a64da__ep1:qa:136,b750fab3-7fbb-43a0-b451-c64c4d4a64da__ep1,ep1,test,1410,1429,0.0,14.22575855255127,0.27987411618232727,0.47900623083114624,0.5592418909072876
dense_20f_stride10:b750fab3-7fbb-43a0-b451-c64c4d4a64da__ep1:qa:137,b750fab3-7fbb-43a0-b451-c64c4d4a64da__ep1,ep1,test,1420,1439,0.0,13.132972717285156,0.2606646716594696,0.44221022725105286,0.5246669054031372
dense_20f_stride10:b750fab3-7fbb-43a0-b451-c64c4d4a64da__ep1:qa:138,b750fab3-7fbb-43a0-b451-c64c4d4a64da__ep1,ep1,test,1430,1449,0.0,13.562591552734375,0.2709851562976837,0.4566762447357178,0.5406738519668579
dense_20f_stride10:b750fab3-7fbb-43a0-b451-c64c4d4a64da__ep1:qa:139,b750fab3-7fbb-43a0-b451-c64c4d4a64da__ep1,ep1,test,1440,1459,0.0,15.424561500549316,0.3187423348426819,0.5193719863891602,0.6072291731834412
dense_20f_stride10:b750fab3-7fbb-43a0-b451-c64c4d4a64da__ep1:qa:140,b750fab3-7fbb-43a0-b451-c64c4d4a64da__ep1,ep1,test,1450,1469,0.0,14.507258415222168,0.2896847426891327,0.48848479986190796,0.5687096118927002
dense_20f_stride10:b750fab3-7fbb-43a0-b451-c64c4d4a64da__ep1:qa:142,b750fab3-7fbb-43a0-b451-c64c4d4a64da__ep1,ep1,test,1480,1499,0.0,14.646903991699219,0.29998067021369934,0.493186891078949,0.5796520709991455
dense_20f_stride10:b750fab3-7fbb-43a0-b451-c64c4d4a64da__ep1:qa:143,b750fab3-7fbb-43a0-b451-c64c4d4a64da__ep1,ep1,test,1490,1509,0.0,15.129213333129883,0.308268666267395,0.5094270706176758,0.5954206585884094
dense_20f_stride10:b750fab3-7fbb-43a0-b451-c64c4d4a64da__ep1:qa:144,b750fab3-7fbb-43a0-b451-c64c4d4a64da__ep1,ep1,test,1500,1519,0.0,14.946110725402832,0.3098948299884796,0.5032617449760437,0.5877957940101624
dense_20f_stride10:b750fab3-7fbb-43a0-b451-c64c4d4a64da__ep1:qa:145,b750fab3-7fbb-43a0-b451-c64c4d4a64da__ep1,ep1,test,1510,1529,0.0,20.61847496032715,0.4654677212238312,0.6942601799964905,0.8130818009376526
dense_20f_stride10:b750fab3-7fbb-43a0-b451-c64c4d4a64da__ep1:qa:146,b750fab3-7fbb-43a0-b451-c64c4d4a64da__ep1,ep1,test,1520,1539,0.0,14.510509490966797,0.29440978169441223,0.4885942339897156,0.5696079134941101
dense_20f_stride10:b750fab3-7fbb-43a0-b451-c64c4d4a64da__ep1:qa:147,b750fab3-7fbb-43a0-b451-c64c4d4a64da__ep1,ep1,test,1530,1549,0.0,13.182917594909668,0.25746119022369385,0.4438919425010681,0.5242887139320374
dense_20f_stride10:b750fab3-7fbb-43a0-b451-c64c4d4a64da__ep1:qa:157,b750fab3-7fbb-43a0-b451-c64c4d4a64da__ep1,ep1,test,1640,1659,0.0,14.210190773010254,0.2870899736881256,0.47848203778266907,0.5658153891563416
dense_20f_stride10:b750fab3-7fbb-43a0-b451-c64c4d4a64da__ep1:qa:158,b750fab3-7fbb-43a0-b451-c64c4d4a64da__ep1,ep1,test,1650,1669,29.32250213623047,14.409366607666016,0.6563067436218262,0.8834089636802673,1.2510015964508057
dense_20f_stride10:b750fab3-7fbb-43a0-b451-c64c4d4a64da__ep1:qa:159,b750fab3-7fbb-43a0-b451-c64c4d4a64da__ep1,ep1,test,1660,1679,29.32250213623047,14.679874420166016,0.6618941426277161,0.8829364776611328,1.2452762126922607
dense_20f_stride10:b750fab3-7fbb-43a0-b451-c64c4d4a64da__ep1:qa:160,b750fab3-7fbb-43a0-b451-c64c4d4a64da__ep1,ep1,test,1670,1689,29.32250213623047,17.042139053344727,0.6652581691741943,0.8711574077606201,1.253050684928894
dense_20f_stride10:b750fab3-7fbb-43a0-b451-c64c4d4a64da__ep1:qa:161,b750fab3-7fbb-43a0-b451-c64c4d4a64da__ep1,ep1,test,1680,1699,29.32250213623047,14.10172176361084,0.6514701843261719,0.8875903487205505,1.2527137994766235
dense_20f_stride10:b750fab3-7fbb-43a0-b451-c64c4d4a64da__ep1:qa:172,b750fab3-7fbb-43a0-b451-c64c4d4a64da__ep1,ep1,test,1800,1819,30.02971649169922,18.69219398498535,0.6402360200881958,0.8743416666984558,1.2053965330123901
dense_20f_stride10:b750fab3-7fbb-43a0-b451-c64c4d4a64da__ep1:qa:173,b750fab3-7fbb-43a0-b451-c64c4d4a64da__ep1,ep1,test,1810,1829,26.9571533203125,16.88721466064453,0.6189829707145691,0.9125992059707642,1.2076445817947388
dense_20f_stride10:b750fab3-7fbb-43a0-b451-c64c4d4a64da__ep1:qa:174,b750fab3-7fbb-43a0-b451-c64c4d4a64da__ep1,ep1,test,1820,1839,26.9571533203125,40.571632385253906,0.7146215438842773,1.0796806812286377,1.4477307796478271
dense_20f_stride10:b750fab3-7fbb-43a0-b451-c64c4d4a64da__ep1:qa:175,b750fab3-7fbb-43a0-b451-c64c4d4a64da__ep1,ep1,test,1830,1849,0.0,20.80256462097168,0.45733213424682617,0.7004587650299072,0.8582278490066528
dense_20f_stride10:b750fab3-7fbb-43a0-b451-c64c4d4a64da__ep1:qa:176,b750fab3-7fbb-43a0-b451-c64c4d4a64da__ep1,ep1,test,1840,1859,0.0,19.489065170288086,0.436463326215744,0.6562309265136719,0.7757172584533691
dense_20f_stride10:b750fab3-7fbb-43a0-b451-c64c4d4a64da__ep1:qa:177,b750fab3-7fbb-43a0-b451-c64c4d4a64da__ep1,ep1,test,1850,1869,0.0,20.70819664001465,0.45799699425697327,0.6972812414169312,0.8111389875411987
dense_20f_stride10:b750fab3-7fbb-43a0-b451-c64c4d4a64da__ep1:qa:231,b750fab3-7fbb-43a0-b451-c64c4d4a64da__ep1,ep1,test,2400,2419,0.0,4.614548206329346,0.0875377207994461,0.15537992119789124,0.18848390877246857
dense_20f_stride10:b750fab3-7fbb-43a0-b451-c64c4d4a64da__ep1:qa:232,b750fab3-7fbb-43a0-b451-c64c4d4a64da__ep1,ep1,test,2410,2429,27.712705612182617,3.833711862564087,0.5626329183578491,0.9127983450889587,1.1620368957519531
dense_20f_stride10:b750fab3-7fbb-43a0-b451-c64c4d4a64da__ep1:qa:233,b750fab3-7fbb-43a0-b451-c64c4d4a64da__ep1,ep1,test,2420,2439,27.712705612182617,3.7543840408325195,0.5711106657981873,0.9242473244667053,1.1795976161956787
dense_20f_stride10:b750fab3-7fbb-43a0-b451-c64c4d4a64da__ep1:qa:234,b750fab3-7fbb-43a0-b451-c64c4d4a64da__ep1,ep1,test,2430,2449,30.467910766601562,8.387716293334961,0.7129074335098267,1.0204064846038818,1.460444450378418
dense_20f_stride10:b750fab3-7fbb-43a0-b451-c64c4d4a64da__ep1:qa:235,b750fab3-7fbb-43a0-b451-c64c4d4a64da__ep1,ep1,test,2440,2459,30.467910766601562,8.570326805114746,0.703814685344696,0.9980888366699219,1.4280184507369995
dense_20f_stride10:b750fab3-7fbb-43a0-b451-c64c4d4a64da__ep1:qa:236,b750fab3-7fbb-43a0-b451-c64c4d4a64da__ep1,ep1,test,2450,2469,30.467910766601562,7.610020160675049,0.6674787402153015,0.9731284379959106,1.3865338563919067
dense_20f_stride10:b750fab3-7fbb-43a0-b451-c64c4d4a64da__ep1:qa:290,b750fab3-7fbb-43a0-b451-c64c4d4a64da__ep1,ep1,test,3000,3019,0.0,7.991362571716309,0.15320967137813568,0.269083172082901,0.3301682472229004
dense_20f_stride10:b750fab3-7fbb-43a0-b451-c64c4d4a64da__ep1:qa:291,b750fab3-7fbb-43a0-b451-c64c4d4a64da__ep1,ep1,test,3010,3029,0.0,9.06338119506836,0.18331390619277954,0.3051799237728119,0.3785177171230316
dense_20f_stride10:b750fab3-7fbb-43a0-b451-c64c4d4a64da__ep1:qa:292,b750fab3-7fbb-43a0-b451-c64c4d4a64da__ep1,ep1,test,3020,3039,0.0,8.321743965148926,0.16431225836277008,0.28020769357681274,0.3413311839103699
dense_20f_stride10:b750fab3-7fbb-43a0-b451-c64c4d4a64da__ep1:qa:293,b750fab3-7fbb-43a0-b451-c64c4d4a64da__ep1,ep1,test,3030,3049,0.0,10.900947570800781,0.21376703679561615,0.3670540153980255,0.4778335988521576
dense_20f_stride10:b750fab3-7fbb-43a0-b451-c64c4d4a64da__ep1:qa:294,b750fab3-7fbb-43a0-b451-c64c4d4a64da__ep1,ep1,test,3040,3059,0.0,10.671740531921387,0.2106986939907074,0.3593362271785736,0.46108925342559814
dense_20f_stride10:b750fab3-7fbb-43a0-b451-c64c4d4a64da__ep1:qa:295,b750fab3-7fbb-43a0-b451-c64c4d4a64da__ep1,ep1,test,3050,3069,0.0,10.94494342803955,0.22285372018814087,0.36853542923927307,0.47229906916618347
dense_20f_stride10:b750fab3-7fbb-43a0-b451-c64c4d4a64da__ep1:qa:369,b750fab3-7fbb-43a0-b451-c64c4d4a64da__ep1,ep1,test,3800,3819,33.789798736572266,16.36517906188965,0.39703497290611267,0.7599655389785767,0.876684308052063
dense_20f_stride10:b750fab3-7fbb-43a0-b451-c64c4d4a64da__ep1:qa:370,b750fab3-7fbb-43a0-b451-c64c4d4a64da__ep1,ep1,test,3810,3829,33.82506561279297,15.890449523925781,0.44037696719169617,0.8217602372169495,0.9476996064186096
dense_20f_stride10:b750fab3-7fbb-43a0-b451-c64c4d4a64da__ep1:qa:371,b750fab3-7fbb-43a0-b451-c64c4d4a64da__ep1,ep1,test,3820,3839,33.82506561279297,18.845096588134766,0.636783242225647,0.8371775150299072,1.2245012521743774
dense_20f_stride10:b750fab3-7fbb-43a0-b451-c64c4d4a64da__ep1:qa:372,b750fab3-7fbb-43a0-b451-c64c4d4a64da__ep1,ep1,test,3830,3849,33.99759292602539,20.927248001098633,0.6663667559623718,0.8685731887817383,1.2931876182556152
dense_20f_stride10:b750fab3-7fbb-43a0-b451-c64c4d4a64da__ep1:qa:373,b750fab3-7fbb-43a0-b451-c64c4d4a64da__ep1,ep1,test,3840,3859,33.99759292602539,17.559268951416016,0.5535945892333984,1.1927553415298462,1.4118977785110474
dense_20f_stride10:b750fab3-7fbb-43a0-b451-c64c4d4a64da__ep1:qa:374,b750fab3-7fbb-43a0-b451-c64c4d4a64da__ep1,ep1,test,3850,3869,33.99759292602539,17.07895278930664,0.48511767387390137,1.0143355131149292,1.1756272315979004
dense_20f_stride10:b750fab3-7fbb-43a0-b451-c64c4d4a64da__ep1:qa:428,b750fab3-7fbb-43a0-b451-c64c4d4a64da__ep1,ep1,test,4400,4419,0.0,5.013302803039551,0.09445147216320038,0.16880668699741364,0.2050030529499054
dense_20f_stride10:b750fab3-7fbb-43a0-b451-c64c4d4a64da__ep1:qa:429,b750fab3-7fbb-43a0-b451-c64c4d4a64da__ep1,ep1,test,4410,4429,0.0,6.825512886047363,0.1592359095811844,0.22982695698738098,0.31444740295410156
dense_20f_stride10:b750fab3-7fbb-43a0-b451-c64c4d4a64da__ep1:qa:430,b750fab3-7fbb-43a0-b451-c64c4d4a64da__ep1,ep1,test,4420,4439,0.0,6.262246131896973,0.12829577922821045,0.21086080372333527,0.2651229202747345
dense_20f_stride10:b750fab3-7fbb-43a0-b451-c64c4d4a64da__ep1:qa:431,b750fab3-7fbb-43a0-b451-c64c4d4a64da__ep1,ep1,test,4430,4449,0.0,6.597132205963135,0.13541728258132935,0.22213700413703918,0.3050207495689392
dense_20f_stride10:b750fab3-7fbb-43a0-b451-c64c4d4a64da__ep1:qa:432,b750fab3-7fbb-43a0-b451-c64c4d4a64da__ep1,ep1,test,4440,4459,0.0,6.933016777038574,0.13478904962539673,0.23344682157039642,0.3063974976539612
dense_20f_stride10:b750fab3-7fbb-43a0-b451-c64c4d4a64da__ep1:qa:433,b750fab3-7fbb-43a0-b451-c64c4d4a64da__ep1,ep1,test,4450,4469,0.0,5.9080376625061035,0.1198057308793068,0.19893397390842438,0.23665283620357513
dense_20f_stride10:b750fab3-7fbb-43a0-b451-c64c4d4a64da__ep1:qa:467,b750fab3-7fbb-43a0-b451-c64c4d4a64da__ep1,ep1,test,4800,4819,0.0,3.990000009536743,0.0756840631365776,0.13435028493404388,0.17055542767047882
dense_20f_stride10:b750fab3-7fbb-43a0-b451-c64c4d4a64da__ep1:qa:468,b750fab3-7fbb-43a0-b451-c64c4d4a64da__ep1,ep1,test,4810,4829,0.0,4.70944881439209,0.10256968438625336,0.1585754007101059,0.20709283649921417
dense_20f_stride10:b750fab3-7fbb-43a0-b451-c64c4d4a64da__ep1:qa:469,b750fab3-7fbb-43a0-b451-c64c4d4a64da__ep1,ep1,test,4820,4839,0.0,5.900918960571289,0.09800077229738235,0.19869427382946014,0.23781512677669525
dense_20f_stride10:b750fab3-7fbb-43a0-b451-c64c4d4a64da__ep1:qa:470,b750fab3-7fbb-43a0-b451-c64c4d4a64da__ep1,ep1,test,4830,4849,0.0,8.812478065490723,0.1479385644197464,0.296731561422348,0.3605920076370239
dense_20f_stride10:b750fab3-7fbb-43a0-b451-c64c4d4a64da__ep1:qa:471,b750fab3-7fbb-43a0-b451-c64c4d4a64da__ep1,ep1,test,4840,4859,0.0,7.956365585327148,0.16386401653289795,0.26790478825569153,0.3278406262397766
dense_20f_stride10:b750fab3-7fbb-43a0-b451-c64c4d4a64da__ep1:qa:478,b750fab3-7fbb-43a0-b451-c64c4d4a64da__ep1,ep1,test,4920,4939,31.50127601623535,6.5570573806762695,0.6037071943283081,1.0373406410217285,1.195387601852417
dense_20f_stride10:b750fab3-7fbb-43a0-b451-c64c4d4a64da__ep1:qa:479,b750fab3-7fbb-43a0-b451-c64c4d4a64da__ep1,ep1,test,4930,4949,31.529247283935547,4.316118240356445,0.6210410594940186,1.0401984453201294,1.1964167356491089
dense_20f_stride10:b750fab3-7fbb-43a0-b451-c64c4d4a64da__ep1:qa:480,b750fab3-7fbb-43a0-b451-c64c4d4a64da__ep1,ep1,test,4940,4959,31.427274703979492,3.9615869522094727,0.657752513885498,1.0666736364364624,1.2702594995498657
dense_20f_stride10:b750fab3-7fbb-43a0-b451-c64c4d4a64da__ep1:qa:481,b750fab3-7fbb-43a0-b451-c64c4d4a64da__ep1,ep1,test,4950,4969,31.406484603881836,10.986838340759277,0.5406056642532349,1.0272901058197021,1.1864912509918213
dense_20f_stride10:b750fab3-7fbb-43a0-b451-c64c4d4a64da__ep1:qa:482,b750fab3-7fbb-43a0-b451-c64c4d4a64da__ep1,ep1,test,4960,4979,31.520523071289062,8.724530220031738,0.586711585521698,1.0348552465438843,1.2142524719238281
dense_20f_stride10:b750fab3-7fbb-43a0-b451-c64c4d4a64da__ep1:qa:485,b750fab3-7fbb-43a0-b451-c64c4d4a64da__ep1,ep1,test,5000,5019,31.658119201660156,20.448257446289062,0.29271915555000305,0.5246530771255493,0.6319140195846558
dense_20f_stride10:b750fab3-7fbb-43a0-b451-c64c4d4a64da__ep1:qa:486,b750fab3-7fbb-43a0-b451-c64c4d4a64da__ep1,ep1,test,5010,5029,31.322050094604492,31.176347732543945,0.07675939053297043,0.11376266926527023,0.1574592888355255
dense_20f_stride10:b750fab3-7fbb-43a0-b451-c64c4d4a64da__ep1:qa:487,b750fab3-7fbb-43a0-b451-c64c4d4a64da__ep1,ep1,test,5020,5039,31.322050094604492,32.23289489746094,0.1221352219581604,0.19813945889472961,0.2654745876789093
dense_20f_stride10:b750fab3-7fbb-43a0-b451-c64c4d4a64da__ep1:qa:488,b750fab3-7fbb-43a0-b451-c64c4d4a64da__ep1,ep1,test,5030,5049,30.7510986328125,23.809356689453125,0.14287517964839935,0.3032876253128052,0.3804702162742615
dense_20f_stride10:b750fab3-7fbb-43a0-b451-c64c4d4a64da__ep1:qa:489,b750fab3-7fbb-43a0-b451-c64c4d4a64da__ep1,ep1,test,5040,5059,30.7510986328125,16.3887939453125,0.3331272602081299,0.6391145586967468,0.7673953175544739
dense_20f_stride10:b750fab3-7fbb-43a0-b451-c64c4d4a64da__ep1:qa:490,b750fab3-7fbb-43a0-b451-c64c4d4a64da__ep1,ep1,test,5050,5069,30.7510986328125,19.03622055053711,0.29438677430152893,0.5256353616714478,0.6378360390663147
dense_20f_stride10:877779cd-25f3-4293-a3c4-39067dd9558c__ep4:qa:0,877779cd-25f3-4293-a3c4-39067dd9558c__ep4,ep4,test,0,19,10.039432525634766,11.170814514160156,0.21238857507705688,0.3550218641757965,0.4887302815914154
dense_20f_stride10:877779cd-25f3-4293-a3c4-39067dd9558c__ep4:qa:1,877779cd-25f3-4293-a3c4-39067dd9558c__ep4,ep4,test,10,29,0.0,10.936440467834473,0.18839682638645172,0.3682490885257721,0.43804800510406494
dense_20f_stride10:877779cd-25f3-4293-a3c4-39067dd9558c__ep4:qa:2,877779cd-25f3-4293-a3c4-39067dd9558c__ep4,ep4,test,20,39,0.0,10.990099906921387,0.18709886074066162,0.3700559139251709,0.436691015958786
dense_20f_stride10:877779cd-25f3-4293-a3c4-39067dd9558c__ep4:qa:3,877779cd-25f3-4293-a3c4-39067dd9558c__ep4,ep4,test,30,49,0.0,10.703593254089355,0.19296874105930328,0.360408753156662,0.44139373302459717
dense_20f_stride10:877779cd-25f3-4293-a3c4-39067dd9558c__ep4:qa:4,877779cd-25f3-4293-a3c4-39067dd9558c__ep4,ep4,test,40,59,0.0,10.898285865783691,0.198968768119812,0.3669643700122833,0.44915542006492615
dense_20f_stride10:877779cd-25f3-4293-a3c4-39067dd9558c__ep4:qa:5,877779cd-25f3-4293-a3c4-39067dd9558c__ep4,ep4,test,50,69,0.0,11.19579792022705,0.1950226128101349,0.3769821524620056,0.45843303203582764
dense_20f_stride10:877779cd-25f3-4293-a3c4-39067dd9558c__ep4:qa:6,877779cd-25f3-4293-a3c4-39067dd9558c__ep4,ep4,test,60,79,0.0,11.10499382019043,0.193571999669075,0.37392458319664,0.4425050914287567
dense_20f_stride10:877779cd-25f3-4293-a3c4-39067dd9558c__ep4:qa:7,877779cd-25f3-4293-a3c4-39067dd9558c__ep4,ep4,test,70,89,0.0,11.83375358581543,0.19414719939231873,0.3984632194042206,0.4701835513114929
dense_20f_stride10:877779cd-25f3-4293-a3c4-39067dd9558c__ep4:qa:8,877779cd-25f3-4293-a3c4-39067dd9558c__ep4,ep4,test,80,99,0.0,11.23735523223877,0.1950920969247818,0.3783814311027527,0.44350966811180115
dense_20f_stride10:877779cd-25f3-4293-a3c4-39067dd9558c__ep4:qa:39,877779cd-25f3-4293-a3c4-39067dd9558c__ep4,ep4,test,400,419,10.859198570251465,5.185502529144287,0.11303889006376266,0.19897177815437317,0.2295013666152954
dense_20f_stride10:877779cd-25f3-4293-a3c4-39067dd9558c__ep4:qa:40,877779cd-25f3-4293-a3c4-39067dd9558c__ep4,ep4,test,410,429,10.87053394317627,7.706505298614502,0.08157262206077576,0.1339041292667389,0.16149961948394775
dense_20f_stride10:877779cd-25f3-4293-a3c4-39067dd9558c__ep4:qa:41,877779cd-25f3-4293-a3c4-39067dd9558c__ep4,ep4,test,420,439,10.87053394317627,10.385509490966797,0.07962797582149506,0.12019013613462448,0.16010546684265137
dense_20f_stride10:877779cd-25f3-4293-a3c4-39067dd9558c__ep4:qa:42,877779cd-25f3-4293-a3c4-39067dd9558c__ep4,ep4,test,430,449,10.85344409942627,10.58802604675293,0.12864656746387482,0.1754980832338333,0.24834372103214264
dense_20f_stride10:877779cd-25f3-4293-a3c4-39067dd9558c__ep4:qa:43,877779cd-25f3-4293-a3c4-39067dd9558c__ep4,ep4,test,440,459,10.85344409942627,11.7207612991333,0.11004524677991867,0.16188128292560577,0.23132145404815674
dense_20f_stride10:877779cd-25f3-4293-a3c4-39067dd9558c__ep4:qa:44,877779cd-25f3-4293-a3c4-39067dd9558c__ep4,ep4,test,450,469,10.858643531799316,11.664445877075195,0.07150428742170334,0.10435166209936142,0.13410112261772156
dense_20f_stride10:877779cd-25f3-4293-a3c4-39067dd9558c__ep4:qa:45,877779cd-25f3-4293-a3c4-39067dd9558c__ep4,ep4,test,460,479,10.858643531799316,11.28996467590332,0.06884077191352844,0.10305309295654297,0.13112598657608032
dense_20f_stride10:877779cd-25f3-4293-a3c4-39067dd9558c__ep4:qa:46,877779cd-25f3-4293-a3c4-39067dd9558c__ep4,ep4,test,470,489,10.82979965209961,12.183427810668945,0.11045543104410172,0.15517817437648773,0.21120938658714294
dense_20f_stride10:877779cd-25f3-4293-a3c4-39067dd9558c__ep4:qa:47,877779cd-25f3-4293-a3c4-39067dd9558c__ep4,ep4,test,480,499,10.82979965209961,11.434114456176758,0.07198907434940338,0.11324729770421982,0.14367036521434784
dense_20f_stride10:877779cd-25f3-4293-a3c4-39067dd9558c__ep4:qa:48,877779cd-25f3-4293-a3c4-39067dd9558c__ep4,ep4,test,490,509,11.085529327392578,11.290677070617676,0.1960734724998474,0.3149632513523102,0.4271034598350525
dense_20f_stride10:877779cd-25f3-4293-a3c4-39067dd9558c__ep4:qa:98,877779cd-25f3-4293-a3c4-39067dd9558c__ep4,ep4,test,1000,1019,0.0,9.725480079650879,0.16192156076431274,0.3274739682674408,0.3902709484100342
dense_20f_stride10:877779cd-25f3-4293-a3c4-39067dd9558c__ep4:qa:99,877779cd-25f3-4293-a3c4-39067dd9558c__ep4,ep4,test,1010,1029,0.0,3.2777724266052246,0.06147259101271629,0.11036834865808487,0.13339510560035706
dense_20f_stride10:877779cd-25f3-4293-a3c4-39067dd9558c__ep4:qa:100,877779cd-25f3-4293-a3c4-39067dd9558c__ep4,ep4,test,1020,1039,0.0,1.0181468725204468,0.022942587733268738,0.03428279235959053,0.045737046748399734
dense_20f_stride10:877779cd-25f3-4293-a3c4-39067dd9558c__ep4:qa:101,877779cd-25f3-4293-a3c4-39067dd9558c__ep4,ep4,test,1030,1049,0.0,0.5774943232536316,0.012441580183804035,0.01944524608552456,0.02630757726728916
dense_20f_stride10:877779cd-25f3-4293-a3c4-39067dd9558c__ep4:qa:102,877779cd-25f3-4293-a3c4-39067dd9558c__ep4,ep4,test,1040,1059,0.0,0.5770158171653748,0.013634067960083485,0.01942913420498371,0.026327839121222496
dense_20f_stride10:877779cd-25f3-4293-a3c4-39067dd9558c__ep4:qa:103,877779cd-25f3-4293-a3c4-39067dd9558c__ep4,ep4,test,1050,1069,0.0,1.6124820709228516,0.031025905162096024,0.05429510027170181,0.06662438064813614
dense_20f_stride10:877779cd-25f3-4293-a3c4-39067dd9558c__ep4:qa:104,877779cd-25f3-4293-a3c4-39067dd9558c__ep4,ep4,test,1060,1079,0.0,1.7694371938705444,0.035173773765563965,0.05958005040884018,0.07131054997444153
dense_20f_stride10:877779cd-25f3-4293-a3c4-39067dd9558c__ep4:qa:105,877779cd-25f3-4293-a3c4-39067dd9558c__ep4,ep4,test,1070,1089,0.0,9.456257820129395,0.1673593372106552,0.3184087574481964,0.3858003318309784
dense_20f_stride10:877779cd-25f3-4293-a3c4-39067dd9558c__ep4:qa:106,877779cd-25f3-4293-a3c4-39067dd9558c__ep4,ep4,test,1080,1099,0.0,6.3975090980529785,0.1046830266714096,0.21541531383991241,0.257679283618927
dense_20f_stride10:877779cd-25f3-4293-a3c4-39067dd9558c__ep4:qa:107,877779cd-25f3-4293-a3c4-39067dd9558c__ep4,ep4,test,1090,1109,0.0,6.264252185821533,0.10212261229753494,0.21092835068702698,0.2553388178348541
dense_20f_stride10:877779cd-25f3-4293-a3c4-39067dd9558c__ep4:qa:137,877779cd-25f3-4293-a3c4-39067dd9558c__ep4,ep4,test,1400,1419,0.0,14.394201278686523,0.28658586740493774,0.4846779704093933,0.6746519207954407
dense_20f_stride10:877779cd-25f3-4293-a3c4-39067dd9558c__ep4:qa:138,877779cd-25f3-4293-a3c4-39067dd9558c__ep4,ep4,test,1410,1429,0.0,14.625892639160156,0.2882958650588989,0.49247944355010986,0.6801125407218933
dense_20f_stride10:877779cd-25f3-4293-a3c4-39067dd9558c__ep4:qa:139,877779cd-25f3-4293-a3c4-39067dd9558c__ep4,ep4,test,1420,1439,0.0,13.978585243225098,0.26812809705734253,0.47068342566490173,0.6312243342399597
dense_20f_stride10:877779cd-25f3-4293-a3c4-39067dd9558c__ep4:qa:140,877779cd-25f3-4293-a3c4-39067dd9558c__ep4,ep4,test,1430,1449,0.0,15.108470916748047,0.305095911026001,0.5087286829948425,0.7066596746444702
dense_20f_stride10:877779cd-25f3-4293-a3c4-39067dd9558c__ep4:qa:141,877779cd-25f3-4293-a3c4-39067dd9558c__ep4,ep4,test,1440,1459,0.0,14.539743423461914,0.2781200110912323,0.48957863450050354,0.6571165919303894
dense_20f_stride10:877779cd-25f3-4293-a3c4-39067dd9558c__ep4:qa:142,877779cd-25f3-4293-a3c4-39067dd9558c__ep4,ep4,test,1450,1469,0.0,12.79157829284668,0.2484755516052246,0.43071481585502625,0.5667164325714111
dense_20f_stride10:877779cd-25f3-4293-a3c4-39067dd9558c__ep4:qa:143,877779cd-25f3-4293-a3c4-39067dd9558c__ep4,ep4,test,1460,1479,0.0,7.556458950042725,0.14536873996257782,0.25443923473358154,0.3310275971889496
dense_20f_stride10:877779cd-25f3-4293-a3c4-39067dd9558c__ep4:qa:144,877779cd-25f3-4293-a3c4-39067dd9558c__ep4,ep4,test,1470,1489,0.0,7.358300685882568,0.12163645774126053,0.2477668672800064,0.2947484254837036
dense_20f_stride10:877779cd-25f3-4293-a3c4-39067dd9558c__ep4:qa:145,877779cd-25f3-4293-a3c4-39067dd9558c__ep4,ep4,test,1480,1499,0.0,10.286611557006836,0.1823434829711914,0.3463682234287262,0.41567370295524597
dense_20f_stride10:877779cd-25f3-4293-a3c4-39067dd9558c__ep4:qa:146,877779cd-25f3-4293-a3c4-39067dd9558c__ep4,ep4,test,1490,1509,0.0,12.018051147460938,0.2148362398147583,0.4046688377857208,0.5265341401100159
dense_20f_stride10:877779cd-25f3-4293-a3c4-39067dd9558c__ep4:qa:196,877779cd-25f3-4293-a3c4-39067dd9558c__ep4,ep4,test,2000,2019,0.0,6.914483070373535,0.12044021487236023,0.23282276093959808,0.27638909220695496
dense_20f_stride10:877779cd-25f3-4293-a3c4-39067dd9558c__ep4:qa:197,877779cd-25f3-4293-a3c4-39067dd9558c__ep4,ep4,test,2010,2029,0.0,7.792678356170654,0.153324156999588,0.26239314675331116,0.30757948756217957
dense_20f_stride10:877779cd-25f3-4293-a3c4-39067dd9558c__ep4:qa:198,877779cd-25f3-4293-a3c4-39067dd9558c__ep4,ep4,test,2020,2039,0.0,2.213921070098877,0.04840858653187752,0.07454659789800644,0.09213033318519592
dense_20f_stride10:877779cd-25f3-4293-a3c4-39067dd9558c__ep4:qa:199,877779cd-25f3-4293-a3c4-39067dd9558c__ep4,ep4,test,2030,2049,0.0,2.163573741912842,0.04462556540966034,0.07285131514072418,0.09339196234941483
dense_20f_stride10:877779cd-25f3-4293-a3c4-39067dd9558c__ep4:qa:200,877779cd-25f3-4293-a3c4-39067dd9558c__ep4,ep4,test,2040,2059,0.0,2.7247488498687744,0.054292742162942886,0.09174706786870956,0.11323412507772446
dense_20f_stride10:877779cd-25f3-4293-a3c4-39067dd9558c__ep4:qa:201,877779cd-25f3-4293-a3c4-39067dd9558c__ep4,ep4,test,2050,2069,0.0,3.223942756652832,0.07209527492523193,0.10855579376220703,0.14589524269104004
dense_20f_stride10:877779cd-25f3-4293-a3c4-39067dd9558c__ep4:qa:202,877779cd-25f3-4293-a3c4-39067dd9558c__ep4,ep4,test,2060,2079,0.0,0.872943639755249,0.018748151138424873,0.02939354069530964,0.04163358733057976
dense_20f_stride10:877779cd-25f3-4293-a3c4-39067dd9558c__ep4:qa:203,877779cd-25f3-4293-a3c4-39067dd9558c__ep4,ep4,test,2070,2089,0.0,6.732158184051514,0.12440919876098633,0.2266835719347,0.2674146294593811
dense_20f_stride10:877779cd-25f3-4293-a3c4-39067dd9558c__ep4:qa:204,877779cd-25f3-4293-a3c4-39067dd9558c__ep4,ep4,test,2080,2099,0.0,7.501860618591309,0.15447399020195007,0.2526007890701294,0.34049054980278015
dense_20f_stride10:877779cd-25f3-4293-a3c4-39067dd9558c__ep4:qa:205,877779cd-25f3-4293-a3c4-39067dd9558c__ep4,ep4,test,2090,2109,0.0,9.995993614196777,0.20415428280830383,0.33658263087272644,0.45705750584602356
dense_20f_stride10:877779cd-25f3-4293-a3c4-39067dd9558c__ep4:qa:211,877779cd-25f3-4293-a3c4-39067dd9558c__ep4,ep4,test,2160,2179,0.0,3.4734749794006348,0.062077365815639496,0.11695798486471176,0.13925012946128845
dense_20f_stride10:877779cd-25f3-4293-a3c4-39067dd9558c__ep4:qa:212,877779cd-25f3-4293-a3c4-39067dd9558c__ep4,ep4,test,2170,2189,0.0,3.338940143585205,0.0579347237944603,0.1124279648065567,0.13583843410015106
dense_20f_stride10:877779cd-25f3-4293-a3c4-39067dd9558c__ep4:qa:213,877779cd-25f3-4293-a3c4-39067dd9558c__ep4,ep4,test,2180,2199,0.0,5.4698286056518555,0.09728053212165833,0.18417870998382568,0.21944531798362732
dense_20f_stride10:877779cd-25f3-4293-a3c4-39067dd9558c__ep4:qa:214,877779cd-25f3-4293-a3c4-39067dd9558c__ep4,ep4,test,2190,2209,0.0,0.9078315496444702,0.019930796697735786,0.030568275600671768,0.04202881455421448
dense_20f_stride10:877779cd-25f3-4293-a3c4-39067dd9558c__ep4:qa:215,877779cd-25f3-4293-a3c4-39067dd9558c__ep4,ep4,test,2200,2219,0.0,2.585794687271118,0.060933638364076614,0.08706823736429214,0.11661858856678009
dense_20f_stride10:877779cd-25f3-4293-a3c4-39067dd9558c__ep4:qa:216,877779cd-25f3-4293-a3c4-39067dd9558c__ep4,ep4,test,2210,2229,0.0,2.6392760276794434,0.04784507676959038,0.08886905014514923,0.10864666104316711
dense_20f_stride10:877779cd-25f3-4293-a3c4-39067dd9558c__ep4:qa:217,877779cd-25f3-4293-a3c4-39067dd9558c__ep4,ep4,test,2220,2239,0.0,6.355533599853516,0.1133294478058815,0.21400195360183716,0.26036062836647034
dense_20f_stride10:877779cd-25f3-4293-a3c4-39067dd9558c__ep4:qa:218,877779cd-25f3-4293-a3c4-39067dd9558c__ep4,ep4,test,2230,2249,0.0,6.4749298095703125,0.13624458014965057,0.2180222123861313,0.2675537168979645
dense_20f_stride10:877779cd-25f3-4293-a3c4-39067dd9558c__ep4:qa:219,877779cd-25f3-4293-a3c4-39067dd9558c__ep4,ep4,test,2240,2259,0.0,6.691090106964111,0.11755339801311493,0.22530071437358856,0.2653641104698181
dense_20f_stride10:877779cd-25f3-4293-a3c4-39067dd9558c__ep4:qa:220,877779cd-25f3-4293-a3c4-39067dd9558c__ep4,ep4,test,2250,2269,0.0,10.048614501953125,0.16540907323360443,0.3383544683456421,0.405393123626709
dense_20f_stride10:877779cd-25f3-4293-a3c4-39067dd9558c__ep4:qa:234,877779cd-25f3-4293-a3c4-39067dd9558c__ep4,ep4,test,2400,2419,0.0,10.421809196472168,0.16919909417629242,0.35092055797576904,0.4174033999443054
dense_20f_stride10:877779cd-25f3-4293-a3c4-39067dd9558c__ep4:qa:235,877779cd-25f3-4293-a3c4-39067dd9558c__ep4,ep4,test,2410,2429,0.0,9.321724891662598,0.14564678072929382,0.3138788342475891,0.36990246176719666
dense_20f_stride10:877779cd-25f3-4293-a3c4-39067dd9558c__ep4:qa:236,877779cd-25f3-4293-a3c4-39067dd9558c__ep4,ep4,test,2420,2439,0.0,7.7127203941345215,0.12768958508968353,0.25970080494880676,0.3134729564189911
dense_20f_stride10:877779cd-25f3-4293-a3c4-39067dd9558c__ep4:qa:237,877779cd-25f3-4293-a3c4-39067dd9558c__ep4,ep4,test,2430,2449,0.0,10.834968566894531,0.20688188076019287,0.36483234167099,0.47499531507492065
dense_20f_stride10:877779cd-25f3-4293-a3c4-39067dd9558c__ep4:qa:238,877779cd-25f3-4293-a3c4-39067dd9558c__ep4,ep4,test,2440,2459,0.0,6.539181709289551,0.10727610439062119,0.22018569707870483,0.26125994324684143
dense_20f_stride10:877779cd-25f3-4293-a3c4-39067dd9558c__ep4:qa:239,877779cd-25f3-4293-a3c4-39067dd9558c__ep4,ep4,test,2450,2469,0.0,10.209602355957031,0.1782253235578537,0.34377521276474,0.42032328248023987
dense_20f_stride10:877779cd-25f3-4293-a3c4-39067dd9558c__ep4:qa:240,877779cd-25f3-4293-a3c4-39067dd9558c__ep4,ep4,test,2460,2479,0.0,11.662962913513184,0.20494969189167023,0.39271238446235657,0.4848214089870453
dense_20f_stride10:877779cd-25f3-4293-a3c4-39067dd9558c__ep4:qa:241,877779cd-25f3-4293-a3c4-39067dd9558c__ep4,ep4,test,2470,2489,0.0,10.386314392089844,0.17528504133224487,0.3497253954410553,0.42145565152168274
dense_20f_stride10:877779cd-25f3-4293-a3c4-39067dd9558c__ep4:qa:242,877779cd-25f3-4293-a3c4-39067dd9558c__ep4,ep4,test,2480,2499,0.0,11.487687110900879,0.1863856166601181,0.3868105411529541,0.4660816788673401
dense_20f_stride10:877779cd-25f3-4293-a3c4-39067dd9558c__ep4:qa:293,877779cd-25f3-4293-a3c4-39067dd9558c__ep4,ep4,test,3000,3019,0.0,5.7390265464782715,0.10225778073072433,0.19324307143688202,0.23148994147777557
dense_20f_stride10:877779cd-25f3-4293-a3c4-39067dd9558c__ep4:qa:294,877779cd-25f3-4293-a3c4-39067dd9558c__ep4,ep4,test,3010,3029,0.0,7.443613529205322,0.12881800532341003,0.25063949823379517,0.30399981141090393
dense_20f_stride10:877779cd-25f3-4293-a3c4-39067dd9558c__ep4:qa:295,877779cd-25f3-4293-a3c4-39067dd9558c__ep4,ep4,test,3020,3039,0.0,5.400937557220459,0.09848435968160629,0.18185903131961823,0.21720577776432037
dense_20f_stride10:877779cd-25f3-4293-a3c4-39067dd9558c__ep4:qa:296,877779cd-25f3-4293-a3c4-39067dd9558c__ep4,ep4,test,3030,3049,0.0,6.488600254058838,0.10765769332647324,0.21848253905773163,0.2616218626499176
dense_20f_stride10:877779cd-25f3-4293-a3c4-39067dd9558c__ep4:qa:297,877779cd-25f3-4293-a3c4-39067dd9558c__ep4,ep4,test,3040,3059,0.0,5.47029447555542,0.10600835829973221,0.1841944009065628,0.23936833441257477
dense_20f_stride10:877779cd-25f3-4293-a3c4-39067dd9558c__ep4:qa:298,877779cd-25f3-4293-a3c4-39067dd9558c__ep4,ep4,test,3050,3069,0.0,5.744562149047852,0.10136774182319641,0.19342948496341705,0.2319505363702774
dense_20f_stride10:877779cd-25f3-4293-a3c4-39067dd9558c__ep4:qa:299,877779cd-25f3-4293-a3c4-39067dd9558c__ep4,ep4,test,3060,3079,0.0,6.618796348571777,0.11232214421033859,0.2228664606809616,0.26520729064941406
dense_20f_stride10:877779cd-25f3-4293-a3c4-39067dd9558c__ep4:qa:300,877779cd-25f3-4293-a3c4-39067dd9558c__ep4,ep4,test,3070,3089,0.0,3.5573949813842773,0.060986749827861786,0.11978372186422348,0.1416933536529541
dense_20f_stride10:877779cd-25f3-4293-a3c4-39067dd9558c__ep4:qa:301,877779cd-25f3-4293-a3c4-39067dd9558c__ep4,ep4,test,3080,3099,0.0,5.851855754852295,0.09736290574073792,0.19704222679138184,0.2303314507007599
dense_20f_stride10:877779cd-25f3-4293-a3c4-39067dd9558c__ep4:qa:302,877779cd-25f3-4293-a3c4-39067dd9558c__ep4,ep4,test,3090,3109,0.0,7.754361629486084,0.13232800364494324,0.26110294461250305,0.306827574968338
dense_20f_stride10:877779cd-25f3-4293-a3c4-39067dd9558c__ep4:qa:332,877779cd-25f3-4293-a3c4-39067dd9558c__ep4,ep4,test,3400,3419,14.613200187683105,12.363821029663086,0.10848498344421387,0.18980112671852112,0.22684352099895477
dense_20f_stride10:877779cd-25f3-4293-a3c4-39067dd9558c__ep4:qa:333,877779cd-25f3-4293-a3c4-39067dd9558c__ep4,ep4,test,3410,3429,14.615263938903809,12.487226486206055,0.08867780864238739,0.19627539813518524,0.23299019038677216
dense_20f_stride10:877779cd-25f3-4293-a3c4-39067dd9558c__ep4:qa:334,877779cd-25f3-4293-a3c4-39067dd9558c__ep4,ep4,test,3420,3439,14.615263938903809,12.211873054504395,0.08461202681064606,0.17436417937278748,0.20918720960617065
dense_20f_stride10:877779cd-25f3-4293-a3c4-39067dd9558c__ep4:qa:335,877779cd-25f3-4293-a3c4-39067dd9558c__ep4,ep4,test,3430,3449,14.613947868347168,12.237201690673828,0.10198566317558289,0.20145176351070404,0.241098552942276
dense_20f_stride10:877779cd-25f3-4293-a3c4-39067dd9558c__ep4:qa:336,877779cd-25f3-4293-a3c4-39067dd9558c__ep4,ep4,test,3440,3459,14.613947868347168,13.231596946716309,0.06807979196310043,0.15079569816589355,0.17662455141544342
dense_20f_stride10:877779cd-25f3-4293-a3c4-39067dd9558c__ep4:qa:337,877779cd-25f3-4293-a3c4-39067dd9558c__ep4,ep4,test,3450,3469,14.608120918273926,13.25954532623291,0.07041597366333008,0.14708726108074188,0.17166775465011597
dense_20f_stride10:877779cd-25f3-4293-a3c4-39067dd9558c__ep4:qa:338,877779cd-25f3-4293-a3c4-39067dd9558c__ep4,ep4,test,3460,3479,14.608120918273926,12.890769958496094,0.07008124887943268,0.15092048048973083,0.17763662338256836
dense_20f_stride10:877779cd-25f3-4293-a3c4-39067dd9558c__ep4:qa:339,877779cd-25f3-4293-a3c4-39067dd9558c__ep4,ep4,test,3470,3489,15.452170372009277,12.48727035522461,0.28614670038223267,0.41852572560310364,0.5731658935546875
dense_20f_stride10:877779cd-25f3-4293-a3c4-39067dd9558c__ep4:qa:340,877779cd-25f3-4293-a3c4-39067dd9558c__ep4,ep4,test,3480,3499,15.452170372009277,13.027701377868652,0.29285892844200134,0.4293927848339081,0.591079831123352
dense_20f_stride10:877779cd-25f3-4293-a3c4-39067dd9558c__ep4:qa:391,877779cd-25f3-4293-a3c4-39067dd9558c__ep4,ep4,test,4000,4019,13.92992877960205,12.386699676513672,0.16909267008304596,0.26719656586647034,0.32387757301330566
dense_20f_stride10:877779cd-25f3-4293-a3c4-39067dd9558c__ep4:qa:392,877779cd-25f3-4293-a3c4-39067dd9558c__ep4,ep4,test,4010,4029,13.990127563476562,13.87635326385498,0.17363888025283813,0.2742859125137329,0.37042444944381714
dense_20f_stride10:877779cd-25f3-4293-a3c4-39067dd9558c__ep4:qa:393,877779cd-25f3-4293-a3c4-39067dd9558c__ep4,ep4,test,4020,4039,13.990127563476562,11.648883819580078,0.1590731143951416,0.23765471577644348,0.2973155379295349
dense_20f_stride10:877779cd-25f3-4293-a3c4-39067dd9558c__ep4:qa:394,877779cd-25f3-4293-a3c4-39067dd9558c__ep4,ep4,test,4030,4049,13.687685012817383,8.389305114746094,0.15389437973499298,0.24184070527553558,0.2883290946483612
dense_20f_stride10:877779cd-25f3-4293-a3c4-39067dd9558c__ep4:qa:395,877779cd-25f3-4293-a3c4-39067dd9558c__ep4,ep4,test,4040,4059,13.687685012817383,10.79969596862793,0.12893232703208923,0.19387753307819366,0.24164046347141266
dense_20f_stride10:877779cd-25f3-4293-a3c4-39067dd9558c__ep4:qa:396,877779cd-25f3-4293-a3c4-39067dd9558c__ep4,ep4,test,4050,4069,13.381721496582031,9.767361640930176,0.13058412075042725,0.20121754705905914,0.250033438205719
dense_20f_stride10:877779cd-25f3-4293-a3c4-39067dd9558c__ep4:qa:397,877779cd-25f3-4293-a3c4-39067dd9558c__ep4,ep4,test,4060,4079,13.381721496582031,0.9481419920921326,0.25683343410491943,0.42790019512176514,0.4876743257045746
dense_20f_stride10:877779cd-25f3-4293-a3c4-39067dd9558c__ep4:qa:398,877779cd-25f3-4293-a3c4-39067dd9558c__ep4,ep4,test,4070,4089,13.536489486694336,11.352519035339355,0.14398431777954102,0.22211168706417084,0.27587640285491943
dense_20f_stride10:877779cd-25f3-4293-a3c4-39067dd9558c__ep4:qa:399,877779cd-25f3-4293-a3c4-39067dd9558c__ep4,ep4,test,4080,4099,13.536489486694336,11.285996437072754,0.11825677752494812,0.1909671276807785,0.23344466090202332
dense_20f_stride10:1796b943-caad-43c6-b9bd-80b8d601f37d__ep1:qa:0,1796b943-caad-43c6-b9bd-80b8d601f37d__ep1,ep1,test,0,19,0.0,8.348323822021484,0.19355399906635284,0.28110265731811523,0.3505898416042328
dense_20f_stride10:1796b943-caad-43c6-b9bd-80b8d601f37d__ep1:qa:1,1796b943-caad-43c6-b9bd-80b8d601f37d__ep1,ep1,test,10,29,0.0,8.724410057067871,0.1917116343975067,0.29376617074012756,0.3606845736503601
dense_20f_stride10:1796b943-caad-43c6-b9bd-80b8d601f37d__ep1:qa:2,1796b943-caad-43c6-b9bd-80b8d601f37d__ep1,ep1,test,20,39,0.0,7.28131103515625,0.16223028302192688,0.24517448246479034,0.3186189532279968
dense_20f_stride10:1796b943-caad-43c6-b9bd-80b8d601f37d__ep1:qa:3,1796b943-caad-43c6-b9bd-80b8d601f37d__ep1,ep1,test,30,49,0.0,8.593685150146484,0.1936178207397461,0.28936442732810974,0.36626124382019043
dense_20f_stride10:1796b943-caad-43c6-b9bd-80b8d601f37d__ep1:qa:4,1796b943-caad-43c6-b9bd-80b8d601f37d__ep1,ep1,test,40,59,0.0,11.670504570007324,0.26429036259651184,0.3929663300514221,0.47975054383277893
dense_20f_stride10:1796b943-caad-43c6-b9bd-80b8d601f37d__ep1:qa:5,1796b943-caad-43c6-b9bd-80b8d601f37d__ep1,ep1,test,50,69,0.0,7.777905464172363,0.17898830771446228,0.26189568638801575,0.32679444551467896
dense_20f_stride10:1796b943-caad-43c6-b9bd-80b8d601f37d__ep1:qa:6,1796b943-caad-43c6-b9bd-80b8d601f37d__ep1,ep1,test,60,79,0.0,7.177494049072266,0.16723009943962097,0.24167878925800323,0.33261895179748535
dense_20f_stride10:1796b943-caad-43c6-b9bd-80b8d601f37d__ep1:qa:7,1796b943-caad-43c6-b9bd-80b8d601f37d__ep1,ep1,test,70,89,0.0,6.603697776794434,0.13880972564220428,0.2223580777645111,0.2974768579006195
dense_20f_stride10:1796b943-caad-43c6-b9bd-80b8d601f37d__ep1:qa:8,1796b943-caad-43c6-b9bd-80b8d601f37d__ep1,ep1,test,80,99,0.0,5.287888526916504,0.0931297317147255,0.17805247008800507,0.21951080858707428
dense_20f_stride10:1796b943-caad-43c6-b9bd-80b8d601f37d__ep1:qa:19,1796b943-caad-43c6-b9bd-80b8d601f37d__ep1,ep1,test,200,219,0.0,4.104672431945801,0.07996315509080887,0.13821150362491608,0.17706404626369476
dense_20f_stride10:1796b943-caad-43c6-b9bd-80b8d601f37d__ep1:qa:20,1796b943-caad-43c6-b9bd-80b8d601f37d__ep1,ep1,test,210,229,0.0,1.3575698137283325,0.028224516659975052,0.04571175575256348,0.05730865150690079
dense_20f_stride10:1796b943-caad-43c6-b9bd-80b8d601f37d__ep1:qa:21,1796b943-caad-43c6-b9bd-80b8d601f37d__ep1,ep1,test,220,239,0.0,2.4192779064178467,0.04413233697414398,0.08146132528781891,0.09966666251420975
dense_20f_stride10:1796b943-caad-43c6-b9bd-80b8d601f37d__ep1:qa:22,1796b943-caad-43c6-b9bd-80b8d601f37d__ep1,ep1,test,230,249,0.0,6.458441734313965,0.12306090444326401,0.2174670398235321,0.2792958915233612
dense_20f_stride10:1796b943-caad-43c6-b9bd-80b8d601f37d__ep1:qa:23,1796b943-caad-43c6-b9bd-80b8d601f37d__ep1,ep1,test,240,259,0.0,6.063518524169922,0.12555143237113953,0.20416927337646484,0.26064276695251465
dense_20f_stride10:1796b943-caad-43c6-b9bd-80b8d601f37d__ep1:qa:24,1796b943-caad-43c6-b9bd-80b8d601f37d__ep1,ep1,test,250,269,0.0,8.24722671508789,0.17019355297088623,0.2776985764503479,0.34568360447883606
dense_20f_stride10:1796b943-caad-43c6-b9bd-80b8d601f37d__ep1:qa:25,1796b943-caad-43c6-b9bd-80b8d601f37d__ep1,ep1,test,260,279,0.0,19.4664249420166,0.3708726167678833,0.6554685831069946,0.7848231792449951
dense_20f_stride10:1796b943-caad-43c6-b9bd-80b8d601f37d__ep1:qa:26,1796b943-caad-43c6-b9bd-80b8d601f37d__ep1,ep1,test,270,289,0.0,7.195326805114746,0.14609530568122864,0.24227924644947052,0.29957467317581177
dense_20f_stride10:1796b943-caad-43c6-b9bd-80b8d601f37d__ep1:qa:27,1796b943-caad-43c6-b9bd-80b8d601f37d__ep1,ep1,test,280,299,0.0,5.545402526855469,0.11413310468196869,0.18672341108322144,0.24078047275543213
dense_20f_stride10:1796b943-caad-43c6-b9bd-80b8d601f37d__ep1:qa:28,1796b943-caad-43c6-b9bd-80b8d601f37d__ep1,ep1,test,290,309,0.0,4.0893120765686035,0.07652737945318222,0.13769429922103882,0.1741938591003418
dense_20f_stride10:1796b943-caad-43c6-b9bd-80b8d601f37d__ep1:qa:38,1796b943-caad-43c6-b9bd-80b8d601f37d__ep1,ep1,test,400,419,0.0,13.0839204788208,0.2992469370365143,0.440558522939682,0.5571350455284119
dense_20f_stride10:1796b943-caad-43c6-b9bd-80b8d601f37d__ep1:qa:39,1796b943-caad-43c6-b9bd-80b8d601f37d__ep1,ep1,test,410,429,0.0,9.305481910705566,0.2040945440530777,0.31333187222480774,0.38225144147872925
dense_20f_stride10:1796b943-caad-43c6-b9bd-80b8d601f37d__ep1:qa:40,1796b943-caad-43c6-b9bd-80b8d601f37d__ep1,ep1,test,420,439,0.0,9.568634986877441,0.1645631045103073,0.3221926987171173,0.3957894742488861
dense_20f_stride10:1796b943-caad-43c6-b9bd-80b8d601f37d__ep1:qa:41,1796b943-caad-43c6-b9bd-80b8d601f37d__ep1,ep1,test,430,449,0.0,10.343084335327148,0.16149435937404633,0.3482697606086731,0.4128633439540863
dense_20f_stride10:1796b943-caad-43c6-b9bd-80b8d601f37d__ep1:qa:42,1796b943-caad-43c6-b9bd-80b8d601f37d__ep1,ep1,test,440,459,0.0,10.037424087524414,0.16758807003498077,0.3379776179790497,0.4021434187889099
dense_20f_stride10:1796b943-caad-43c6-b9bd-80b8d601f37d__ep1:qa:43,1796b943-caad-43c6-b9bd-80b8d601f37d__ep1,ep1,test,450,469,0.0,10.335516929626465,0.17911572754383087,0.3480149805545807,0.4218199849128723
dense_20f_stride10:1796b943-caad-43c6-b9bd-80b8d601f37d__ep1:qa:44,1796b943-caad-43c6-b9bd-80b8d601f37d__ep1,ep1,test,460,479,0.0,14.510554313659668,0.3103698194026947,0.48859578371047974,0.5865646600723267
dense_20f_stride10:1796b943-caad-43c6-b9bd-80b8d601f37d__ep1:qa:45,1796b943-caad-43c6-b9bd-80b8d601f37d__ep1,ep1,test,470,489,0.0,9.575148582458496,0.1668352335691452,0.32241198420524597,0.37806016206741333
dense_20f_stride10:1796b943-caad-43c6-b9bd-80b8d601f37d__ep1:qa:46,1796b943-caad-43c6-b9bd-80b8d601f37d__ep1,ep1,test,480,499,0.0,5.834464073181152,0.10117433220148087,0.196456640958786,0.2435453236103058
dense_20f_stride10:1796b943-caad-43c6-b9bd-80b8d601f37d__ep1:qa:47,1796b943-caad-43c6-b9bd-80b8d601f37d__ep1,ep1,test,490,509,0.0,6.949581623077393,0.14223597943782806,0.23400458693504333,0.29380419850349426
dense_20f_stride10:1796b943-caad-43c6-b9bd-80b8d601f37d__ep1:qa:53,1796b943-caad-43c6-b9bd-80b8d601f37d__ep1,ep1,test,560,579,0.0,9.162883758544922,0.14652222394943237,0.308530330657959,0.3675065338611603
dense_20f_stride10:1796b943-caad-43c6-b9bd-80b8d601f37d__ep1:qa:54,1796b943-caad-43c6-b9bd-80b8d601f37d__ep1,ep1,test,570,589,0.0,10.489665985107422,0.17349766194820404,0.35320544242858887,0.41862332820892334
dense_20f_stride10:1796b943-caad-43c6-b9bd-80b8d601f37d__ep1:qa:55,1796b943-caad-43c6-b9bd-80b8d601f37d__ep1,ep1,test,580,599,0.0,11.246304512023926,0.2369363009929657,0.3786827623844147,0.45739829540252686
dense_20f_stride10:1796b943-caad-43c6-b9bd-80b8d601f37d__ep1:qa:56,1796b943-caad-43c6-b9bd-80b8d601f37d__ep1,ep1,test,590,609,0.0,8.71766185760498,0.14907577633857727,0.2935389578342438,0.34898969531059265
dense_20f_stride10:1796b943-caad-43c6-b9bd-80b8d601f37d__ep1:qa:57,1796b943-caad-43c6-b9bd-80b8d601f37d__ep1,ep1,test,600,619,0.0,11.943020820617676,0.19264861941337585,0.4021424353122711,0.4816974401473999
dense_20f_stride10:1796b943-caad-43c6-b9bd-80b8d601f37d__ep1:qa:58,1796b943-caad-43c6-b9bd-80b8d601f37d__ep1,ep1,test,610,629,0.0,10.706354141235352,0.2031869888305664,0.3605017066001892,0.46805599331855774
dense_20f_stride10:1796b943-caad-43c6-b9bd-80b8d601f37d__ep1:qa:59,1796b943-caad-43c6-b9bd-80b8d601f37d__ep1,ep1,test,620,639,0.0,9.126641273498535,0.1777288317680359,0.30730998516082764,0.36492690443992615
dense_20f_stride10:1796b943-caad-43c6-b9bd-80b8d601f37d__ep1:qa:60,1796b943-caad-43c6-b9bd-80b8d601f37d__ep1,ep1,test,630,649,0.0,9.163686752319336,0.14501433074474335,0.308557391166687,0.37030115723609924
dense_20f_stride10:1796b943-caad-43c6-b9bd-80b8d601f37d__ep1:qa:61,1796b943-caad-43c6-b9bd-80b8d601f37d__ep1,ep1,test,640,659,0.0,5.414163112640381,0.08044767379760742,0.18230435252189636,0.2181617021560669
dense_20f_stride10:1796b943-caad-43c6-b9bd-80b8d601f37d__ep1:qa:62,1796b943-caad-43c6-b9bd-80b8d601f37d__ep1,ep1,test,650,669,0.0,2.616283655166626,0.05511535704135895,0.08809485286474228,0.10796904563903809
dense_20f_stride10:1796b943-caad-43c6-b9bd-80b8d601f37d__ep1:qa:76,1796b943-caad-43c6-b9bd-80b8d601f37d__ep1,ep1,test,800,819,0.0,13.642197608947754,0.3001491129398346,0.4593566954135895,0.5407619476318359
dense_20f_stride10:1796b943-caad-43c6-b9bd-80b8d601f37d__ep1:qa:77,1796b943-caad-43c6-b9bd-80b8d601f37d__ep1,ep1,test,810,829,0.0,14.20476245880127,0.29913488030433655,0.47829917073249817,0.582997739315033
dense_20f_stride10:1796b943-caad-43c6-b9bd-80b8d601f37d__ep1:qa:78,1796b943-caad-43c6-b9bd-80b8d601f37d__ep1,ep1,test,820,839,0.0,19.021146774291992,0.4455893635749817,0.6404753923416138,0.7962110638618469
dense_20f_stride10:1796b943-caad-43c6-b9bd-80b8d601f37d__ep1:qa:79,1796b943-caad-43c6-b9bd-80b8d601f37d__ep1,ep1,test,830,849,0.0,14.514100074768066,0.31518110632896423,0.48871517181396484,0.6548624038696289
dense_20f_stride10:1796b943-caad-43c6-b9bd-80b8d601f37d__ep1:qa:80,1796b943-caad-43c6-b9bd-80b8d601f37d__ep1,ep1,test,840,859,0.0,12.79770565032959,0.2648624777793884,0.43092116713523865,0.5806288123130798
dense_20f_stride10:1796b943-caad-43c6-b9bd-80b8d601f37d__ep1:qa:81,1796b943-caad-43c6-b9bd-80b8d601f37d__ep1,ep1,test,850,869,0.0,12.98196792602539,0.28431639075279236,0.437125563621521,0.6050208210945129
dense_20f_stride10:1796b943-caad-43c6-b9bd-80b8d601f37d__ep1:qa:82,1796b943-caad-43c6-b9bd-80b8d601f37d__ep1,ep1,test,860,879,0.0,12.739889144897461,0.2936444878578186,0.4289743900299072,0.6018895506858826
dense_20f_stride10:1796b943-caad-43c6-b9bd-80b8d601f37d__ep1:qa:83,1796b943-caad-43c6-b9bd-80b8d601f37d__ep1,ep1,test,870,889,0.0,9.701786994934082,0.17715150117874146,0.3266761302947998,0.39993706345558167
dense_20f_stride10:1796b943-caad-43c6-b9bd-80b8d601f37d__ep1:qa:84,1796b943-caad-43c6-b9bd-80b8d601f37d__ep1,ep1,test,880,899,0.0,23.093868255615234,0.48644891381263733,0.7776110172271729,0.9160874485969543
dense_20f_stride10:1796b943-caad-43c6-b9bd-80b8d601f37d__ep1:qa:95,1796b943-caad-43c6-b9bd-80b8d601f37d__ep1,ep1,test,1000,1019,0.0,3.655217170715332,0.06762534379959106,0.12307756394147873,0.14408724009990692
dense_20f_stride10:1796b943-caad-43c6-b9bd-80b8d601f37d__ep1:qa:96,1796b943-caad-43c6-b9bd-80b8d601f37d__ep1,ep1,test,1010,1029,0.0,4.816504001617432,0.08757918328046799,0.1621801257133484,0.19432194530963898
dense_20f_stride10:1796b943-caad-43c6-b9bd-80b8d601f37d__ep1:qa:97,1796b943-caad-43c6-b9bd-80b8d601f37d__ep1,ep1,test,1020,1039,0.0,3.042086124420166,0.04946838691830635,0.10243237018585205,0.1226477175951004
dense_20f_stride10:1796b943-caad-43c6-b9bd-80b8d601f37d__ep1:qa:98,1796b943-caad-43c6-b9bd-80b8d601f37d__ep1,ep1,test,1030,1049,0.0,0.819844663143158,0.01718573458492756,0.027605604380369186,0.03523506224155426
dense_20f_stride10:1796b943-caad-43c6-b9bd-80b8d601f37d__ep1:qa:99,1796b943-caad-43c6-b9bd-80b8d601f37d__ep1,ep1,test,1040,1059,0.0,2.9690189361572266,0.04989401623606682,0.09997206181287766,0.12280189245939255
dense_20f_stride10:1796b943-caad-43c6-b9bd-80b8d601f37d__ep1:qa:100,1796b943-caad-43c6-b9bd-80b8d601f37d__ep1,ep1,test,1050,1069,0.0,3.657235860824585,0.06696844846010208,0.12314554303884506,0.14807279407978058
dense_20f_stride10:1796b943-caad-43c6-b9bd-80b8d601f37d__ep1:qa:101,1796b943-caad-43c6-b9bd-80b8d601f37d__ep1,ep1,test,1060,1079,0.0,2.223719358444214,0.03987104818224907,0.07487652450799942,0.09168162941932678
dense_20f_stride10:1796b943-caad-43c6-b9bd-80b8d601f37d__ep1:qa:102,1796b943-caad-43c6-b9bd-80b8d601f37d__ep1,ep1,test,1070,1089,0.0,1.9613523483276367,0.04027822986245155,0.06604216992855072,0.08060441166162491
dense_20f_stride10:1796b943-caad-43c6-b9bd-80b8d601f37d__ep1:qa:103,1796b943-caad-43c6-b9bd-80b8d601f37d__ep1,ep1,test,1080,1099,0.0,5.183345794677734,0.1045389175415039,0.17453233897686005,0.21266548335552216
dense_20f_stride10:1796b943-caad-43c6-b9bd-80b8d601f37d__ep1:qa:134,1796b943-caad-43c6-b9bd-80b8d601f37d__ep1,ep1,test,1400,1419,39.159976959228516,19.269874572753906,0.451617956161499,0.7526187300682068,0.8888978362083435
dense_20f_stride10:1796b943-caad-43c6-b9bd-80b8d601f37d__ep1:qa:135,1796b943-caad-43c6-b9bd-80b8d601f37d__ep1,ep1,test,1410,1429,39.59558868408203,11.089933395385742,0.6474714279174805,1.0339879989624023,1.2336909770965576
dense_20f_stride10:1796b943-caad-43c6-b9bd-80b8d601f37d__ep1:qa:136,1796b943-caad-43c6-b9bd-80b8d601f37d__ep1,ep1,test,1420,1439,39.59558868408203,16.307498931884766,0.5229149460792542,0.8227331042289734,0.9831804633140564
dense_20f_stride10:1796b943-caad-43c6-b9bd-80b8d601f37d__ep1:qa:137,1796b943-caad-43c6-b9bd-80b8d601f37d__ep1,ep1,test,1430,1449,39.88780212402344,16.388093948364258,0.5535941123962402,0.9205176830291748,1.1065412759780884
dense_20f_stride10:1796b943-caad-43c6-b9bd-80b8d601f37d__ep1:qa:138,1796b943-caad-43c6-b9bd-80b8d601f37d__ep1,ep1,test,1440,1459,39.88780212402344,17.00937271118164,0.5379313826560974,0.8624112010002136,1.0519837141036987
dense_20f_stride10:1796b943-caad-43c6-b9bd-80b8d601f37d__ep1:qa:139,1796b943-caad-43c6-b9bd-80b8d601f37d__ep1,ep1,test,1450,1469,40.43299865722656,26.665225982666016,0.333202600479126,0.5421920418739319,0.6725712418556213
dense_20f_stride10:1796b943-caad-43c6-b9bd-80b8d601f37d__ep1:qa:140,1796b943-caad-43c6-b9bd-80b8d601f37d__ep1,ep1,test,1460,1479,40.43299865722656,15.530502319335938,0.549225389957428,0.8722874522209167,1.0384490489959717
dense_20f_stride10:1796b943-caad-43c6-b9bd-80b8d601f37d__ep1:qa:141,1796b943-caad-43c6-b9bd-80b8d601f37d__ep1,ep1,test,1470,1489,40.52165222167969,21.28572654724121,0.44875022768974304,0.6688224673271179,0.811307966709137
dense_20f_stride10:1796b943-caad-43c6-b9bd-80b8d601f37d__ep1:qa:142,1796b943-caad-43c6-b9bd-80b8d601f37d__ep1,ep1,test,1480,1499,40.52165222167969,35.334712982177734,0.19290894269943237,0.2944747507572174,0.38221755623817444
dense_20f_stride10:1796b943-caad-43c6-b9bd-80b8d601f37d__ep1:qa:173,1796b943-caad-43c6-b9bd-80b8d601f37d__ep1,ep1,test,1800,1819,40.32600402832031,16.422395706176758,0.5481288433074951,0.8815070986747742,1.053594708442688
dense_20f_stride10:1796b943-caad-43c6-b9bd-80b8d601f37d__ep1:qa:174,1796b943-caad-43c6-b9bd-80b8d601f37d__ep1,ep1,test,1810,1829,40.63509750366211,14.534029960632324,0.598263680934906,0.9865691065788269,1.1588315963745117
dense_20f_stride10:1796b943-caad-43c6-b9bd-80b8d601f37d__ep1:qa:175,1796b943-caad-43c6-b9bd-80b8d601f37d__ep1,ep1,test,1820,1839,40.63509750366211,14.994111061096191,0.585289478302002,0.9524449706077576,1.1289368867874146
dense_20f_stride10:1796b943-caad-43c6-b9bd-80b8d601f37d__ep1:qa:176,1796b943-caad-43c6-b9bd-80b8d601f37d__ep1,ep1,test,1830,1849,40.6700439453125,13.713470458984375,0.6100991368293762,1.0381481647491455,1.1962814331054688
dense_20f_stride10:1796b943-caad-43c6-b9bd-80b8d601f37d__ep1:qa:177,1796b943-caad-43c6-b9bd-80b8d601f37d__ep1,ep1,test,1840,1859,40.6700439453125,36.09157180786133,0.31219759583473206,0.4961831867694855,0.6483373045921326
dense_20f_stride10:1796b943-caad-43c6-b9bd-80b8d601f37d__ep1:qa:178,1796b943-caad-43c6-b9bd-80b8d601f37d__ep1,ep1,test,1850,1869,40.177162170410156,30.766630172729492,0.3176756799221039,0.5703076124191284,0.7217850685119629
dense_20f_stride10:1796b943-caad-43c6-b9bd-80b8d601f37d__ep1:qa:179,1796b943-caad-43c6-b9bd-80b8d601f37d__ep1,ep1,test,1860,1879,40.177162170410156,31.923023223876953,0.32518839836120605,0.5679412484169006,0.7151200175285339
dense_20f_stride10:1796b943-caad-43c6-b9bd-80b8d601f37d__ep1:qa:180,1796b943-caad-43c6-b9bd-80b8d601f37d__ep1,ep1,test,1870,1889,40.12944412231445,19.761537551879883,0.5223719477653503,0.9085455536842346,1.0645345449447632
dense_20f_stride10:1796b943-caad-43c6-b9bd-80b8d601f37d__ep1:qa:181,1796b943-caad-43c6-b9bd-80b8d601f37d__ep1,ep1,test,1880,1899,40.12944412231445,20.593082427978516,0.48367059230804443,0.8351259231567383,0.9861167669296265
dense_20f_stride10:1796b943-caad-43c6-b9bd-80b8d601f37d__ep1:qa:182,1796b943-caad-43c6-b9bd-80b8d601f37d__ep1,ep1,test,1890,1909,40.12944412231445,18.453659057617188,0.5049231648445129,0.8616073131561279,1.0083954334259033
dense_20f_stride10:1796b943-caad-43c6-b9bd-80b8d601f37d__ep1:qa:192,1796b943-caad-43c6-b9bd-80b8d601f37d__ep1,ep1,test,2000,2019,40.232261657714844,17.411636352539062,0.4923744201660156,0.7896432280540466,0.9018613696098328
dense_20f_stride10:1796b943-caad-43c6-b9bd-80b8d601f37d__ep1:qa:193,1796b943-caad-43c6-b9bd-80b8d601f37d__ep1,ep1,test,2010,2029,40.23096466064453,16.590011596679688,0.5095354914665222,0.8241443037986755,0.9417811036109924
dense_20f_stride10:1796b943-caad-43c6-b9bd-80b8d601f37d__ep1:qa:194,1796b943-caad-43c6-b9bd-80b8d601f37d__ep1,ep1,test,2020,2039,40.23096466064453,16.120920181274414,0.5268450379371643,0.8440757393836975,0.9637413024902344
dense_20f_stride10:1796b943-caad-43c6-b9bd-80b8d601f37d__ep1:qa:195,1796b943-caad-43c6-b9bd-80b8d601f37d__ep1,ep1,test,2030,2049,40.14065170288086,19.26042938232422,0.46280643343925476,0.7204192876815796,0.8288384079933167
dense_20f_stride10:1796b943-caad-43c6-b9bd-80b8d601f37d__ep1:qa:196,1796b943-caad-43c6-b9bd-80b8d601f37d__ep1,ep1,test,2040,2059,40.14065170288086,14.047532081604004,0.5657581090927124,0.9166480898857117,1.0467133522033691
dense_20f_stride10:1796b943-caad-43c6-b9bd-80b8d601f37d__ep1:qa:197,1796b943-caad-43c6-b9bd-80b8d601f37d__ep1,ep1,test,2050,2069,39.739845275878906,15.82514476776123,0.5275943875312805,0.8342259526252747,0.9666512608528137
dense_20f_stride10:1796b943-caad-43c6-b9bd-80b8d601f37d__ep1:qa:198,1796b943-caad-43c6-b9bd-80b8d601f37d__ep1,ep1,test,2060,2079,39.739845275878906,27.817909240722656,0.30737635493278503,0.4784903824329376,0.5726915001869202
dense_20f_stride10:1796b943-caad-43c6-b9bd-80b8d601f37d__ep1:qa:199,1796b943-caad-43c6-b9bd-80b8d601f37d__ep1,ep1,test,2070,2089,39.42224884033203,14.340144157409668,0.5531758666038513,0.9062671661376953,1.044844388961792
dense_20f_stride10:1796b943-caad-43c6-b9bd-80b8d601f37d__ep1:qa:200,1796b943-caad-43c6-b9bd-80b8d601f37d__ep1,ep1,test,2080,2099,39.42224884033203,8.83724308013916,0.6869688034057617,1.1177724599838257,1.283957600593567
dense_20f_stride10:1796b943-caad-43c6-b9bd-80b8d601f37d__ep1:qa:201,1796b943-caad-43c6-b9bd-80b8d601f37d__ep1,ep1,test,2090,2109,38.92804718017578,13.360736846923828,0.5837618112564087,0.9250903129577637,1.1139601469039917
dense_20f_stride10:1796b943-caad-43c6-b9bd-80b8d601f37d__ep1:qa:270,1796b943-caad-43c6-b9bd-80b8d601f37d__ep1,ep1,test,2800,2819,39.89588928222656,13.312387466430664,0.6721426248550415,1.1522990465164185,1.3423364162445068
dense_20f_stride10:1796b943-caad-43c6-b9bd-80b8d601f37d__ep1:qa:271,1796b943-caad-43c6-b9bd-80b8d601f37d__ep1,ep1,test,2810,2829,39.23786163330078,21.681446075439453,0.408649206161499,0.6487680673599243,0.7764202356338501
dense_20f_stride10:1796b943-caad-43c6-b9bd-80b8d601f37d__ep1:qa:272,1796b943-caad-43c6-b9bd-80b8d601f37d__ep1,ep1,test,2820,2839,39.23786163330078,28.59892463684082,0.31713929772377014,0.5442883968353271,0.6718237996101379
dense_20f_stride10:1796b943-caad-43c6-b9bd-80b8d601f37d__ep1:qa:273,1796b943-caad-43c6-b9bd-80b8d601f37d__ep1,ep1,test,2830,2849,39.28929138183594,21.262815475463867,0.4654390513896942,0.729836106300354,0.8900488018989563
dense_20f_stride10:1796b943-caad-43c6-b9bd-80b8d601f37d__ep1:qa:274,1796b943-caad-43c6-b9bd-80b8d601f37d__ep1,ep1,test,2840,2859,39.28929138183594,17.44685173034668,0.4992208778858185,0.8672081828117371,0.999140739440918
dense_20f_stride10:1796b943-caad-43c6-b9bd-80b8d601f37d__ep1:qa:275,1796b943-caad-43c6-b9bd-80b8d601f37d__ep1,ep1,test,2850,2869,39.37564468383789,13.842172622680664,0.5754385590553284,0.9699991941452026,1.1149853467941284
dense_20f_stride10:1796b943-caad-43c6-b9bd-80b8d601f37d__ep1:qa:276,1796b943-caad-43c6-b9bd-80b8d601f37d__ep1,ep1,test,2860,2879,39.37564468383789,21.450157165527344,0.41849833726882935,0.6667107343673706,0.7895991802215576
dense_20f_stride10:1796b943-caad-43c6-b9bd-80b8d601f37d__ep1:qa:277,1796b943-caad-43c6-b9bd-80b8d601f37d__ep1,ep1,test,2870,2889,39.385746002197266,13.482878684997559,0.6215838193893433,1.031793475151062,1.2110296487808228
dense_20f_stride10:1796b943-caad-43c6-b9bd-80b8d601f37d__ep1:qa:278,1796b943-caad-43c6-b9bd-80b8d601f37d__ep1,ep1,test,2880,2899,39.385746002197266,23.812471389770508,0.36997538805007935,0.6116288900375366,0.719912052154541
dense_20f_stride10:1796b943-caad-43c6-b9bd-80b8d601f37d__ep1:qa:279,1796b943-caad-43c6-b9bd-80b8d601f37d__ep1,ep1,test,2890,2909,39.421661376953125,33.908870697021484,0.2437516450881958,0.40796494483947754,0.4804113507270813
dense_20f_stride10:ba18b7c1-21ff-45da-8452-41acce7fc8de__ep2:qa:0,ba18b7c1-21ff-45da-8452-41acce7fc8de__ep2,ep2,test,0,19,0.0,11.689142227172852,0.22623586654663086,0.3935939073562622,0.5266687870025635
dense_20f_stride10:ba18b7c1-21ff-45da-8452-41acce7fc8de__ep2:qa:1,ba18b7c1-21ff-45da-8452-41acce7fc8de__ep2,ep2,test,10,29,0.0,12.725712776184082,0.21982541680335999,0.4284970164299011,0.5193846821784973
dense_20f_stride10:ba18b7c1-21ff-45da-8452-41acce7fc8de__ep2:qa:2,ba18b7c1-21ff-45da-8452-41acce7fc8de__ep2,ep2,test,20,39,0.0,7.614003658294678,0.15196272730827332,0.25637683272361755,0.3420490622520447
dense_20f_stride10:ba18b7c1-21ff-45da-8452-41acce7fc8de__ep2:qa:3,ba18b7c1-21ff-45da-8452-41acce7fc8de__ep2,ep2,test,30,49,0.0,9.602164268493652,0.198405459523201,0.323321670293808,0.44070014357566833
dense_20f_stride10:ba18b7c1-21ff-45da-8452-41acce7fc8de__ep2:qa:4,ba18b7c1-21ff-45da-8452-41acce7fc8de__ep2,ep2,test,40,59,0.0,10.904692649841309,0.22405974566936493,0.36718007922172546,0.5156791806221008
dense_20f_stride10:ba18b7c1-21ff-45da-8452-41acce7fc8de__ep2:qa:5,ba18b7c1-21ff-45da-8452-41acce7fc8de__ep2,ep2,test,50,69,0.0,9.530213356018066,0.19597098231315613,0.32089900970458984,0.43070849776268005
dense_20f_stride10:ba18b7c1-21ff-45da-8452-41acce7fc8de__ep2:qa:6,ba18b7c1-21ff-45da-8452-41acce7fc8de__ep2,ep2,test,60,79,0.0,10.849567413330078,0.1987362951040268,0.365323930978775,0.4666122496128082
dense_20f_stride10:ba18b7c1-21ff-45da-8452-41acce7fc8de__ep2:qa:7,ba18b7c1-21ff-45da-8452-41acce7fc8de__ep2,ep2,test,70,89,0.0,10.479076385498047,0.18587879836559296,0.3528488278388977,0.4231802523136139
dense_20f_stride10:ba18b7c1-21ff-45da-8452-41acce7fc8de__ep2:qa:8,ba18b7c1-21ff-45da-8452-41acce7fc8de__ep2,ep2,test,80,99,0.0,9.631505966186523,0.17953801155090332,0.32430964708328247,0.41777849197387695
dense_20f_stride10:ba18b7c1-21ff-45da-8452-41acce7fc8de__ep2:qa:9,ba18b7c1-21ff-45da-8452-41acce7fc8de__ep2,ep2,test,90,109,15.94960880279541,8.641301155090332,0.36608070135116577,0.48787689208984375,0.6917167901992798
dense_20f_stride10:ba18b7c1-21ff-45da-8452-41acce7fc8de__ep2:qa:10,ba18b7c1-21ff-45da-8452-41acce7fc8de__ep2,ep2,test,100,119,15.94960880279541,12.55477237701416,0.37737521529197693,0.503216564655304,0.7310778498649597
dense_20f_stride10:ba18b7c1-21ff-45da-8452-41acce7fc8de__ep2:qa:11,ba18b7c1-21ff-45da-8452-41acce7fc8de__ep2,ep2,test,110,129,17.14857292175293,11.770794868469238,0.32190701365470886,0.4392884373664856,0.6209306716918945
dense_20f_stride10:ba18b7c1-21ff-45da-8452-41acce7fc8de__ep2:qa:12,ba18b7c1-21ff-45da-8452-41acce7fc8de__ep2,ep2,test,120,139,17.14857292175293,11.904480934143066,0.36460989713668823,0.48532068729400635,0.7016454339027405
dense_20f_stride10:ba18b7c1-21ff-45da-8452-41acce7fc8de__ep2:qa:13,ba18b7c1-21ff-45da-8452-41acce7fc8de__ep2,ep2,test,130,149,17.023550033569336,12.622355461120605,0.2339821606874466,0.38857048749923706,0.5167086124420166
dense_20f_stride10:ba18b7c1-21ff-45da-8452-41acce7fc8de__ep2:qa:79,ba18b7c1-21ff-45da-8452-41acce7fc8de__ep2,ep2,test,800,819,16.577125549316406,13.076534271240234,0.1263459324836731,0.22240163385868073,0.27335330843925476
dense_20f_stride10:ba18b7c1-21ff-45da-8452-41acce7fc8de__ep2:qa:80,ba18b7c1-21ff-45da-8452-41acce7fc8de__ep2,ep2,test,810,829,16.531658172607422,12.664109230041504,0.1390107125043869,0.2527984082698822,0.30171453952789307
dense_20f_stride10:ba18b7c1-21ff-45da-8452-41acce7fc8de__ep2:qa:81,ba18b7c1-21ff-45da-8452-41acce7fc8de__ep2,ep2,test,820,839,16.53384017944336,13.15233039855957,0.11920833587646484,0.21068118512630463,0.2506941854953766
dense_20f_stride10:ba18b7c1-21ff-45da-8452-41acce7fc8de__ep2:qa:82,ba18b7c1-21ff-45da-8452-41acce7fc8de__ep2,ep2,test,830,849,16.544145584106445,12.570493698120117,0.1275596022605896,0.20891901850700378,0.2740165591239929
dense_20f_stride10:ba18b7c1-21ff-45da-8452-41acce7fc8de__ep2:qa:83,ba18b7c1-21ff-45da-8452-41acce7fc8de__ep2,ep2,test,840,859,16.589139938354492,14.896440505981445,0.08418458700180054,0.17593586444854736,0.20652669668197632
dense_20f_stride10:ba18b7c1-21ff-45da-8452-41acce7fc8de__ep2:qa:84,ba18b7c1-21ff-45da-8452-41acce7fc8de__ep2,ep2,test,850,869,16.6170597076416,14.939131736755371,0.09729115664958954,0.18966390192508698,0.22279833257198334
dense_20f_stride10:ba18b7c1-21ff-45da-8452-41acce7fc8de__ep2:qa:85,ba18b7c1-21ff-45da-8452-41acce7fc8de__ep2,ep2,test,860,879,16.6170597076416,14.369874954223633,0.09011282026767731,0.18531295657157898,0.2173740118741989
dense_20f_stride10:ba18b7c1-21ff-45da-8452-41acce7fc8de__ep2:qa:86,ba18b7c1-21ff-45da-8452-41acce7fc8de__ep2,ep2,test,870,889,16.66364860534668,11.841296195983887,0.1877029836177826,0.33175525069236755,0.3891083002090454
dense_20f_stride10:ba18b7c1-21ff-45da-8452-41acce7fc8de__ep2:qa:87,ba18b7c1-21ff-45da-8452-41acce7fc8de__ep2,ep2,test,880,899,16.66364860534668,12.655393600463867,0.1304696500301361,0.2457975149154663,0.28620749711990356
dense_20f_stride10:ba18b7c1-21ff-45da-8452-41acce7fc8de__ep2:qa:88,ba18b7c1-21ff-45da-8452-41acce7fc8de__ep2,ep2,test,890,909,16.7131290435791,12.485032081604004,0.13930974900722504,0.25790584087371826,0.3023417890071869
dense_20f_stride10:ba18b7c1-21ff-45da-8452-41acce7fc8de__ep2:qa:89,ba18b7c1-21ff-45da-8452-41acce7fc8de__ep2,ep2,test,900,919,16.7131290435791,12.28073787689209,0.13536694645881653,0.2537098526954651,0.2973550856113434
dense_20f_stride10:ba18b7c1-21ff-45da-8452-41acce7fc8de__ep2:qa:90,ba18b7c1-21ff-45da-8452-41acce7fc8de__ep2,ep2,test,910,929,16.760696411132812,12.202110290527344,0.14707666635513306,0.2747038006782532,0.3225746750831604
dense_20f_stride10:ba18b7c1-21ff-45da-8452-41acce7fc8de__ep2:qa:91,ba18b7c1-21ff-45da-8452-41acce7fc8de__ep2,ep2,test,920,939,16.760696411132812,12.157920837402344,0.13353650271892548,0.23441791534423828,0.2796556055545807
dense_20f_stride10:ba18b7c1-21ff-45da-8452-41acce7fc8de__ep2:qa:92,ba18b7c1-21ff-45da-8452-41acce7fc8de__ep2,ep2,test,930,949,16.7545223236084,12.270221710205078,0.14051751792430878,0.2558702528476715,0.2996872663497925
dense_20f_stride10:ba18b7c1-21ff-45da-8452-41acce7fc8de__ep2:qa:118,ba18b7c1-21ff-45da-8452-41acce7fc8de__ep2,ep2,test,1200,1219,17.5941162109375,12.454133033752441,0.20947366952896118,0.3574974238872528,0.41873833537101746
dense_20f_stride10:ba18b7c1-21ff-45da-8452-41acce7fc8de__ep2:qa:119,ba18b7c1-21ff-45da-8452-41acce7fc8de__ep2,ep2,test,1210,1229,17.533557891845703,13.310972213745117,0.18160751461982727,0.3149416446685791,0.3675493597984314
dense_20f_stride10:ba18b7c1-21ff-45da-8452-41acce7fc8de__ep2:qa:120,ba18b7c1-21ff-45da-8452-41acce7fc8de__ep2,ep2,test,1220,1239,18.36800193786621,13.661998748779297,0.20211975276470184,0.3209841549396515,0.4230916202068329
dense_20f_stride10:ba18b7c1-21ff-45da-8452-41acce7fc8de__ep2:qa:121,ba18b7c1-21ff-45da-8452-41acce7fc8de__ep2,ep2,test,1230,1249,18.3402099609375,10.4564847946167,0.271544486284256,0.42840489745140076,0.5474010705947876
dense_20f_stride10:ba18b7c1-21ff-45da-8452-41acce7fc8de__ep2:qa:122,ba18b7c1-21ff-45da-8452-41acce7fc8de__ep2,ep2,test,1240,1259,17.881248474121094,9.489180564880371,0.30588287115097046,0.43217816948890686,0.5684822797775269
dense_20f_stride10:ba18b7c1-21ff-45da-8452-41acce7fc8de__ep2:qa:123,ba18b7c1-21ff-45da-8452-41acce7fc8de__ep2,ep2,test,1250,1269,17.309650421142578,9.299429893493652,0.2335880845785141,0.35746288299560547,0.4360850751399994
dense_20f_stride10:ba18b7c1-21ff-45da-8452-41acce7fc8de__ep2:qa:124,ba18b7c1-21ff-45da-8452-41acce7fc8de__ep2,ep2,test,1260,1279,17.309650421142578,14.614672660827637,0.1059952825307846,0.16270898282527924,0.21592119336128235
dense_20f_stride10:ba18b7c1-21ff-45da-8452-41acce7fc8de__ep2:qa:125,ba18b7c1-21ff-45da-8452-41acce7fc8de__ep2,ep2,test,1270,1289,17.0210018157959,15.327371597290039,0.09531914442777634,0.14389030635356903,0.1896161437034607
dense_20f_stride10:ba18b7c1-21ff-45da-8452-41acce7fc8de__ep2:qa:126,ba18b7c1-21ff-45da-8452-41acce7fc8de__ep2,ep2,test,1280,1299,17.0210018157959,10.252713203430176,0.22800995409488678,0.33411017060279846,0.42918357253074646
dense_20f_stride10:ba18b7c1-21ff-45da-8452-41acce7fc8de__ep2:qa:127,ba18b7c1-21ff-45da-8452-41acce7fc8de__ep2,ep2,test,1290,1309,17.181018829345703,12.332535743713379,0.1296013444662094,0.1828475445508957,0.23105184733867645
dense_20f_stride10:ba18b7c1-21ff-45da-8452-41acce7fc8de__ep2:qa:128,ba18b7c1-21ff-45da-8452-41acce7fc8de__ep2,ep2,test,1300,1319,17.181018829345703,16.206453323364258,0.082323357462883,0.12261662632226944,0.16968008875846863
dense_20f_stride10:ba18b7c1-21ff-45da-8452-41acce7fc8de__ep2:qa:129,ba18b7c1-21ff-45da-8452-41acce7fc8de__ep2,ep2,test,1310,1329,17.323200225830078,13.207008361816406,0.12035020440816879,0.17344598472118378,0.21687793731689453
dense_20f_stride10:ba18b7c1-21ff-45da-8452-41acce7fc8de__ep2:qa:130,ba18b7c1-21ff-45da-8452-41acce7fc8de__ep2,ep2,test,1320,1339,17.323200225830078,13.380106925964355,0.12803755700588226,0.19057446718215942,0.2483118325471878
dense_20f_stride10:ba18b7c1-21ff-45da-8452-41acce7fc8de__ep2:qa:131,ba18b7c1-21ff-45da-8452-41acce7fc8de__ep2,ep2,test,1330,1349,16.20191192626953,13.014961242675781,0.13602912425994873,0.19988581538200378,0.26388248801231384
dense_20f_stride10:ba18b7c1-21ff-45da-8452-41acce7fc8de__ep2:qa:177,ba18b7c1-21ff-45da-8452-41acce7fc8de__ep2,ep2,test,1800,1819,16.818889617919922,13.09919548034668,0.11338349431753159,0.21145322918891907,0.25008416175842285
dense_20f_stride10:ba18b7c1-21ff-45da-8452-41acce7fc8de__ep2:qa:178,ba18b7c1-21ff-45da-8452-41acce7fc8de__ep2,ep2,test,1810,1829,16.877214431762695,13.262821197509766,0.10837751626968384,0.20081454515457153,0.24025264382362366
dense_20f_stride10:ba18b7c1-21ff-45da-8452-41acce7fc8de__ep2:qa:179,ba18b7c1-21ff-45da-8452-41acce7fc8de__ep2,ep2,test,1820,1839,16.839799880981445,13.717408180236816,0.10458102077245712,0.18807928264141083,0.22411297261714935
dense_20f_stride10:ba18b7c1-21ff-45da-8452-41acce7fc8de__ep2:qa:180,ba18b7c1-21ff-45da-8452-41acce7fc8de__ep2,ep2,test,1830,1849,16.721593856811523,12.290011405944824,0.15070797502994537,0.2655060887336731,0.31650760769844055
dense_20f_stride10:ba18b7c1-21ff-45da-8452-41acce7fc8de__ep2:qa:181,ba18b7c1-21ff-45da-8452-41acce7fc8de__ep2,ep2,test,1840,1859,16.699487686157227,13.534730911254883,0.08911068737506866,0.17754492163658142,0.20933733880519867
dense_20f_stride10:ba18b7c1-21ff-45da-8452-41acce7fc8de__ep2:qa:182,ba18b7c1-21ff-45da-8452-41acce7fc8de__ep2,ep2,test,1850,1869,16.71917724609375,12.72385025024414,0.12943851947784424,0.21346867084503174,0.26766422390937805
dense_20f_stride10:ba18b7c1-21ff-45da-8452-41acce7fc8de__ep2:qa:183,ba18b7c1-21ff-45da-8452-41acce7fc8de__ep2,ep2,test,1860,1879,16.71917724609375,12.918922424316406,0.11870133131742477,0.20819592475891113,0.2538467347621918
dense_20f_stride10:ba18b7c1-21ff-45da-8452-41acce7fc8de__ep2:qa:184,ba18b7c1-21ff-45da-8452-41acce7fc8de__ep2,ep2,test,1870,1889,16.643892288208008,11.963159561157227,0.1465407758951187,0.2672579884529114,0.3139859735965729
dense_20f_stride10:ba18b7c1-21ff-45da-8452-41acce7fc8de__ep2:qa:185,ba18b7c1-21ff-45da-8452-41acce7fc8de__ep2,ep2,test,1880,1899,16.643892288208008,12.967692375183105,0.13814158737659454,0.246112659573555,0.2873227000236511
dense_20f_stride10:ba18b7c1-21ff-45da-8452-41acce7fc8de__ep2:qa:186,ba18b7c1-21ff-45da-8452-41acce7fc8de__ep2,ep2,test,1890,1909,16.50392723083496,13.145286560058594,0.1383790671825409,0.2434341013431549,0.28760382533073425
dense_20f_stride10:ba18b7c1-21ff-45da-8452-41acce7fc8de__ep2:qa:187,ba18b7c1-21ff-45da-8452-41acce7fc8de__ep2,ep2,test,1900,1919,16.50392723083496,12.831564903259277,0.12957829236984253,0.23169077932834625,0.27600184082984924
dense_20f_stride10:ba18b7c1-21ff-45da-8452-41acce7fc8de__ep2:qa:188,ba18b7c1-21ff-45da-8452-41acce7fc8de__ep2,ep2,test,1910,1929,16.88113784790039,11.26884651184082,0.20955787599086761,0.371448278427124,0.44917649030685425
dense_20f_stride10:ba18b7c1-21ff-45da-8452-41acce7fc8de__ep2:qa:189,ba18b7c1-21ff-45da-8452-41acce7fc8de__ep2,ep2,test,1920,1939,16.88113784790039,13.046316146850586,0.12510931491851807,0.22005760669708252,0.27355629205703735
dense_20f_stride10:ba18b7c1-21ff-45da-8452-41acce7fc8de__ep2:qa:190,ba18b7c1-21ff-45da-8452-41acce7fc8de__ep2,ep2,test,1930,1949,17.127737045288086,13.561034202575684,0.12034891545772552,0.21824118494987488,0.2627865672111511
dense_20f_stride10:ba18b7c1-21ff-45da-8452-41acce7fc8de__ep2:qa:288,ba18b7c1-21ff-45da-8452-41acce7fc8de__ep2,ep2,test,2920,2939,17.225341796875,11.583816528320312,0.1897236704826355,0.27288955450057983,0.3661447763442993
dense_20f_stride10:ba18b7c1-21ff-45da-8452-41acce7fc8de__ep2:qa:289,ba18b7c1-21ff-45da-8452-41acce7fc8de__ep2,ep2,test,2930,2949,17.23122787475586,11.525052070617676,0.1831650286912918,0.2595556974411011,0.3541666269302368
dense_20f_stride10:ba18b7c1-21ff-45da-8452-41acce7fc8de__ep2:qa:290,ba18b7c1-21ff-45da-8452-41acce7fc8de__ep2,ep2,test,2940,2959,17.23941993713379,9.390034675598145,0.20292620360851288,0.28677886724472046,0.3643384575843811
dense_20f_stride10:ba18b7c1-21ff-45da-8452-41acce7fc8de__ep2:qa:291,ba18b7c1-21ff-45da-8452-41acce7fc8de__ep2,ep2,test,2950,2969,16.74151611328125,8.14243221282959,0.20974098145961761,0.3160150647163391,0.3760501444339752
dense_20f_stride10:ba18b7c1-21ff-45da-8452-41acce7fc8de__ep2:qa:292,ba18b7c1-21ff-45da-8452-41acce7fc8de__ep2,ep2,test,2960,2979,16.74151611328125,11.947710990905762,0.14540435373783112,0.2576146125793457,0.30672112107276917
dense_20f_stride10:ba18b7c1-21ff-45da-8452-41acce7fc8de__ep2:qa:293,ba18b7c1-21ff-45da-8452-41acce7fc8de__ep2,ep2,test,2970,2989,16.515666961669922,12.621271133422852,0.13321571052074432,0.23620882630348206,0.2777046859264374
dense_20f_stride10:ba18b7c1-21ff-45da-8452-41acce7fc8de__ep2:qa:294,ba18b7c1-21ff-45da-8452-41acce7fc8de__ep2,ep2,test,2980,2999,16.515666961669922,12.103347778320312,0.13542716205120087,0.22520700097084045,0.2765175402164459
dense_20f_stride10:ba18b7c1-21ff-45da-8452-41acce7fc8de__ep2:qa:295,ba18b7c1-21ff-45da-8452-41acce7fc8de__ep2,ep2,test,2990,3009,16.351917266845703,12.166760444641113,0.17737352848052979,0.361941397190094,0.43632757663726807
dense_20f_stride10:ba18b7c1-21ff-45da-8452-41acce7fc8de__ep2:qa:296,ba18b7c1-21ff-45da-8452-41acce7fc8de__ep2,ep2,test,3000,3019,16.351917266845703,11.598573684692383,0.12956036627292633,0.22535867989063263,0.2645820379257202
dense_20f_stride10:ba18b7c1-21ff-45da-8452-41acce7fc8de__ep2:qa:297,ba18b7c1-21ff-45da-8452-41acce7fc8de__ep2,ep2,test,3010,3029,16.912338256835938,10.93655014038086,0.18067599833011627,0.27879831194877625,0.3635998070240021
dense_20f_stride10:ba18b7c1-21ff-45da-8452-41acce7fc8de__ep2:qa:298,ba18b7c1-21ff-45da-8452-41acce7fc8de__ep2,ep2,test,3020,3039,16.912338256835938,11.568822860717773,0.15722878277301788,0.23930327594280243,0.3109435439109802
dense_20f_stride10:ba18b7c1-21ff-45da-8452-41acce7fc8de__ep2:qa:299,ba18b7c1-21ff-45da-8452-41acce7fc8de__ep2,ep2,test,3030,3049,14.270119667053223,12.520139694213867,0.2547666132450104,0.33343324065208435,0.48986807465553284
dense_20f_stride10:ba18b7c1-21ff-45da-8452-41acce7fc8de__ep2:qa:300,ba18b7c1-21ff-45da-8452-41acce7fc8de__ep2,ep2,test,3040,3059,14.270119667053223,11.408930778503418,0.25115370750427246,0.32298365235328674,0.4824424386024475
dense_20f_stride10:ba18b7c1-21ff-45da-8452-41acce7fc8de__ep2:qa:335,ba18b7c1-21ff-45da-8452-41acce7fc8de__ep2,ep2,test,3400,3419,17.019248962402344,14.77713394165039,0.1109902411699295,0.17963649332523346,0.253659188747406
dense_20f_stride10:ba18b7c1-21ff-45da-8452-41acce7fc8de__ep2:qa:336,ba18b7c1-21ff-45da-8452-41acce7fc8de__ep2,ep2,test,3410,3429,16.89345932006836,13.157708168029785,0.1421891152858734,0.248606875538826,0.3070935606956482
dense_20f_stride10:ba18b7c1-21ff-45da-8452-41acce7fc8de__ep2:qa:337,ba18b7c1-21ff-45da-8452-41acce7fc8de__ep2,ep2,test,3420,3439,16.74091911315918,13.520358085632324,0.111424520611763,0.1971103549003601,0.24605679512023926
dense_20f_stride10:ba18b7c1-21ff-45da-8452-41acce7fc8de__ep2:qa:338,ba18b7c1-21ff-45da-8452-41acce7fc8de__ep2,ep2,test,3430,3449,16.58739471435547,13.267212867736816,0.1342730075120926,0.22028161585330963,0.2903316617012024
dense_20f_stride10:ba18b7c1-21ff-45da-8452-41acce7fc8de__ep2:qa:339,ba18b7c1-21ff-45da-8452-41acce7fc8de__ep2,ep2,test,3440,3459,16.503049850463867,13.235451698303223,0.15752579271793365,0.2380085289478302,0.33883318305015564
dense_20f_stride10:ba18b7c1-21ff-45da-8452-41acce7fc8de__ep2:qa:340,ba18b7c1-21ff-45da-8452-41acce7fc8de__ep2,ep2,test,3450,3469,16.64438247680664,13.08718490600586,0.15667738020420074,0.25081196427345276,0.3462422788143158
dense_20f_stride10:ba18b7c1-21ff-45da-8452-41acce7fc8de__ep2:qa:341,ba18b7c1-21ff-45da-8452-41acce7fc8de__ep2,ep2,test,3460,3479,16.64438247680664,12.808164596557617,0.16395264863967896,0.2605445981025696,0.3575247526168823
dense_20f_stride10:ba18b7c1-21ff-45da-8452-41acce7fc8de__ep2:qa:342,ba18b7c1-21ff-45da-8452-41acce7fc8de__ep2,ep2,test,3470,3489,16.77511215209961,13.943632125854492,0.12756268680095673,0.2086588442325592,0.28852003812789917
dense_20f_stride10:ba18b7c1-21ff-45da-8452-41acce7fc8de__ep2:qa:343,ba18b7c1-21ff-45da-8452-41acce7fc8de__ep2,ep2,test,3480,3499,16.77511215209961,13.554776191711426,0.14766749739646912,0.22148597240447998,0.315902441740036
dense_20f_stride10:ba18b7c1-21ff-45da-8452-41acce7fc8de__ep2:qa:344,ba18b7c1-21ff-45da-8452-41acce7fc8de__ep2,ep2,test,3490,3509,16.742877960205078,13.435037612915039,0.16704696416854858,0.2509879469871521,0.35439255833625793
dense_20f_stride10:ba18b7c1-21ff-45da-8452-41acce7fc8de__ep2:qa:345,ba18b7c1-21ff-45da-8452-41acce7fc8de__ep2,ep2,test,3500,3519,16.742877960205078,14.326070785522461,0.11610512435436249,0.17695073783397675,0.25128108263015747
dense_20f_stride10:ba18b7c1-21ff-45da-8452-41acce7fc8de__ep2:qa:346,ba18b7c1-21ff-45da-8452-41acce7fc8de__ep2,ep2,test,3510,3529,16.827743530273438,8.932440757751465,0.2321212738752365,0.3323604166507721,0.4379135072231293
dense_20f_stride10:ba18b7c1-21ff-45da-8452-41acce7fc8de__ep2:qa:347,ba18b7c1-21ff-45da-8452-41acce7fc8de__ep2,ep2,test,3520,3539,16.827743530273438,13.607401847839355,0.11893682926893234,0.1836419701576233,0.2472723126411438
dense_20f_stride10:ba18b7c1-21ff-45da-8452-41acce7fc8de__ep2:qa:348,ba18b7c1-21ff-45da-8452-41acce7fc8de__ep2,ep2,test,3530,3549,16.832162857055664,13.367995262145996,0.1157354786992073,0.18666669726371765,0.24221837520599365
dense_20f_stride10:ba18b7c1-21ff-45da-8452-41acce7fc8de__ep2:qa:474,ba18b7c1-21ff-45da-8452-41acce7fc8de__ep2,ep2,test,4800,4819,16.427234649658203,13.585986137390137,0.11218888312578201,0.19970157742500305,0.24654604494571686
dense_20f_stride10:ba18b7c1-21ff-45da-8452-41acce7fc8de__ep2:qa:475,ba18b7c1-21ff-45da-8452-41acce7fc8de__ep2,ep2,test,4810,4829,16.486738204956055,13.69585132598877,0.10562457144260406,0.19128631055355072,0.2412937730550766
dense_20f_stride10:ba18b7c1-21ff-45da-8452-41acce7fc8de__ep2:qa:476,ba18b7c1-21ff-45da-8452-41acce7fc8de__ep2,ep2,test,4820,4839,16.573341369628906,13.513092041015625,0.10251401364803314,0.18415606021881104,0.23255674540996552
dense_20f_stride10:ba18b7c1-21ff-45da-8452-41acce7fc8de__ep2:qa:477,ba18b7c1-21ff-45da-8452-41acce7fc8de__ep2,ep2,test,4830,4849,16.762733459472656,13.333903312683105,0.1137956827878952,0.2128695547580719,0.2544577121734619
dense_20f_stride10:ba18b7c1-21ff-45da-8452-41acce7fc8de__ep2:qa:478,ba18b7c1-21ff-45da-8452-41acce7fc8de__ep2,ep2,test,4840,4859,16.762733459472656,13.127387046813965,0.1221918985247612,0.225477397441864,0.26662060618400574
dense_20f_stride10:ba18b7c1-21ff-45da-8452-41acce7fc8de__ep2:qa:479,ba18b7c1-21ff-45da-8452-41acce7fc8de__ep2,ep2,test,4850,4869,16.67510414123535,13.39135456085205,0.1221180260181427,0.21632643043994904,0.2585754096508026
dense_20f_stride10:ba18b7c1-21ff-45da-8452-41acce7fc8de__ep2:qa:480,ba18b7c1-21ff-45da-8452-41acce7fc8de__ep2,ep2,test,4860,4879,16.67510414123535,13.274397850036621,0.11821186542510986,0.22181837260723114,0.26226121187210083
dense_20f_stride10:ba18b7c1-21ff-45da-8452-41acce7fc8de__ep2:qa:481,ba18b7c1-21ff-45da-8452-41acce7fc8de__ep2,ep2,test,4870,4889,16.65285873413086,10.985370635986328,0.21303656697273254,0.3857897222042084,0.4511373043060303
dense_20f_stride10:ba18b7c1-21ff-45da-8452-41acce7fc8de__ep2:qa:482,ba18b7c1-21ff-45da-8452-41acce7fc8de__ep2,ep2,test,4880,4899,16.65285873413086,14.370318412780762,0.10558433085680008,0.20650438964366913,0.24133630096912384
dense_20f_stride10:ba18b7c1-21ff-45da-8452-41acce7fc8de__ep2:qa:483,ba18b7c1-21ff-45da-8452-41acce7fc8de__ep2,ep2,test,4890,4909,16.710241317749023,14.305566787719727,0.1167197898030281,0.22143207490444183,0.25886866450309753
dense_20f_stride10:ba18b7c1-21ff-45da-8452-41acce7fc8de__ep2:qa:484,ba18b7c1-21ff-45da-8452-41acce7fc8de__ep2,ep2,test,4900,4919,16.710241317749023,14.165711402893066,0.11487304419279099,0.21923938393592834,0.25629207491874695
dense_20f_stride10:ba18b7c1-21ff-45da-8452-41acce7fc8de__ep2:qa:485,ba18b7c1-21ff-45da-8452-41acce7fc8de__ep2,ep2,test,4910,4929,16.759023666381836,14.723607063293457,0.09399385750293732,0.1785416156053543,0.21173538267612457
dense_20f_stride10:ba18b7c1-21ff-45da-8452-41acce7fc8de__ep2:qa:486,ba18b7c1-21ff-45da-8452-41acce7fc8de__ep2,ep2,test,4920,4939,16.759023666381836,13.818740844726562,0.1260070651769638,0.2252582460641861,0.2736120820045471
dense_20f_stride10:b6579cb5-0a71-4ca6-8808-1e2700be05c7__ep3:qa:0,b6579cb5-0a71-4ca6-8808-1e2700be05c7__ep3,ep3,test,0,19,12.75728702545166,12.075915336608887,0.04511706158518791,0.06602045148611069,0.0887230783700943
dense_20f_stride10:b6579cb5-0a71-4ca6-8808-1e2700be05c7__ep3:qa:1,b6579cb5-0a71-4ca6-8808-1e2700be05c7__ep3,ep3,test,10,29,12.75728702545166,12.36385726928711,0.048018649220466614,0.0687468871474266,0.09210817515850067
dense_20f_stride10:b6579cb5-0a71-4ca6-8808-1e2700be05c7__ep3:qa:2,b6579cb5-0a71-4ca6-8808-1e2700be05c7__ep3,ep3,test,20,39,12.75728702545166,12.231404304504395,0.04352812096476555,0.06628593057394028,0.0894903838634491
dense_20f_stride10:b6579cb5-0a71-4ca6-8808-1e2700be05c7__ep3:qa:3,b6579cb5-0a71-4ca6-8808-1e2700be05c7__ep3,ep3,test,30,49,12.920134544372559,13.179553031921387,0.03762981668114662,0.058955106884241104,0.07809538394212723
dense_20f_stride10:b6579cb5-0a71-4ca6-8808-1e2700be05c7__ep3:qa:4,b6579cb5-0a71-4ca6-8808-1e2700be05c7__ep3,ep3,test,40,59,12.920134544372559,12.166979789733887,0.0554865263402462,0.088852159678936,0.11489253491163254
dense_20f_stride10:b6579cb5-0a71-4ca6-8808-1e2700be05c7__ep3:qa:27,b6579cb5-0a71-4ca6-8808-1e2700be05c7__ep3,ep3,test,280,299,12.535041809082031,11.361288070678711,0.07534822821617126,0.10301600396633148,0.13950926065444946
dense_20f_stride10:b6579cb5-0a71-4ca6-8808-1e2700be05c7__ep3:qa:28,b6579cb5-0a71-4ca6-8808-1e2700be05c7__ep3,ep3,test,290,309,12.535041809082031,11.236412048339844,0.07365839928388596,0.10283493995666504,0.1395496279001236
dense_20f_stride10:b6579cb5-0a71-4ca6-8808-1e2700be05c7__ep3:qa:29,b6579cb5-0a71-4ca6-8808-1e2700be05c7__ep3,ep3,test,300,319,12.535041809082031,11.194804191589355,0.06561973690986633,0.09117244929075241,0.12561167776584625
dense_20f_stride10:b6579cb5-0a71-4ca6-8808-1e2700be05c7__ep3:qa:30,b6579cb5-0a71-4ca6-8808-1e2700be05c7__ep3,ep3,test,310,329,11.454689979553223,5.812458038330078,0.15355482697486877,0.22483108937740326,0.31682220101356506
dense_20f_stride10:b6579cb5-0a71-4ca6-8808-1e2700be05c7__ep3:qa:31,b6579cb5-0a71-4ca6-8808-1e2700be05c7__ep3,ep3,test,320,339,11.454689979553223,12.250283241271973,0.12229260057210922,0.1648906022310257,0.2309655100107193
dense_20f_stride10:b6579cb5-0a71-4ca6-8808-1e2700be05c7__ep3:qa:98,b6579cb5-0a71-4ca6-8808-1e2700be05c7__ep3,ep3,test,1000,1019,12.266702651977539,10.517362594604492,0.06273633986711502,0.0980277732014656,0.13382118940353394
dense_20f_stride10:b6579cb5-0a71-4ca6-8808-1e2700be05c7__ep3:qa:99,b6579cb5-0a71-4ca6-8808-1e2700be05c7__ep3,ep3,test,1010,1029,12.266702651977539,11.252565383911133,0.060260821133852005,0.088422030210495,0.12164740264415741
dense_20f_stride10:b6579cb5-0a71-4ca6-8808-1e2700be05c7__ep3:qa:100,b6579cb5-0a71-4ca6-8808-1e2700be05c7__ep3,ep3,test,1020,1039,12.266702651977539,12.64826774597168,0.06664814800024033,0.11087300628423691,0.13669705390930176
dense_20f_stride10:b6579cb5-0a71-4ca6-8808-1e2700be05c7__ep3:qa:101,b6579cb5-0a71-4ca6-8808-1e2700be05c7__ep3,ep3,test,1030,1049,12.696288108825684,12.541801452636719,0.06735111027956009,0.10456754267215729,0.1315283179283142
dense_20f_stride10:b6579cb5-0a71-4ca6-8808-1e2700be05c7__ep3:qa:102,b6579cb5-0a71-4ca6-8808-1e2700be05c7__ep3,ep3,test,1040,1059,12.696288108825684,11.5814847946167,0.06813609600067139,0.09838911890983582,0.1332770138978958
dense_20f_stride10:b6579cb5-0a71-4ca6-8808-1e2700be05c7__ep3:qa:196,b6579cb5-0a71-4ca6-8808-1e2700be05c7__ep3,ep3,test,2000,2019,12.5654878616333,10.635642051696777,0.052636221051216125,0.08441174030303955,0.10599913448095322
dense_20f_stride10:b6579cb5-0a71-4ca6-8808-1e2700be05c7__ep3:qa:197,b6579cb5-0a71-4ca6-8808-1e2700be05c7__ep3,ep3,test,2010,2029,12.776250839233398,9.883118629455566,0.08921874314546585,0.13322487473487854,0.1746705323457718
dense_20f_stride10:b6579cb5-0a71-4ca6-8808-1e2700be05c7__ep3:qa:198,b6579cb5-0a71-4ca6-8808-1e2700be05c7__ep3,ep3,test,2020,2039,12.776250839233398,10.026830673217773,0.07758957892656326,0.11841332912445068,0.1576681286096573
dense_20f_stride10:b6579cb5-0a71-4ca6-8808-1e2700be05c7__ep3:qa:199,b6579cb5-0a71-4ca6-8808-1e2700be05c7__ep3,ep3,test,2030,2049,12.568338394165039,10.42939567565918,0.09817914664745331,0.1369594782590866,0.18564759194850922
dense_20f_stride10:b6579cb5-0a71-4ca6-8808-1e2700be05c7__ep3:qa:200,b6579cb5-0a71-4ca6-8808-1e2700be05c7__ep3,ep3,test,2040,2059,12.568338394165039,11.775514602661133,0.08359816670417786,0.11895265430212021,0.16117171943187714
dense_20f_stride10:b6579cb5-0a71-4ca6-8808-1e2700be05c7__ep3:qa:201,b6579cb5-0a71-4ca6-8808-1e2700be05c7__ep3,ep3,test,2050,2069,12.568338394165039,11.459009170532227,0.09044363349676132,0.12436175346374512,0.16980989277362823
dense_20f_stride10:b6579cb5-0a71-4ca6-8808-1e2700be05c7__ep3:qa:235,b6579cb5-0a71-4ca6-8808-1e2700be05c7__ep3,ep3,test,2400,2419,12.659042358398438,14.464393615722656,0.055279605090618134,0.07890141010284424,0.1032075509428978
dense_20f_stride10:b6579cb5-0a71-4ca6-8808-1e2700be05c7__ep3:qa:236,b6579cb5-0a71-4ca6-8808-1e2700be05c7__ep3,ep3,test,2410,2429,12.606590270996094,14.040215492248535,0.047377366572618484,0.07029353082180023,0.09577129781246185
dense_20f_stride10:b6579cb5-0a71-4ca6-8808-1e2700be05c7__ep3:qa:237,b6579cb5-0a71-4ca6-8808-1e2700be05c7__ep3,ep3,test,2420,2439,12.606590270996094,12.763819694519043,0.02998662181198597,0.046587519347667694,0.0635947659611702
dense_20f_stride10:b6579cb5-0a71-4ca6-8808-1e2700be05c7__ep3:qa:238,b6579cb5-0a71-4ca6-8808-1e2700be05c7__ep3,ep3,test,2430,2449,12.606590270996094,11.986120223999023,0.0528499074280262,0.07680588215589523,0.10180234163999557
dense_20f_stride10:b6579cb5-0a71-4ca6-8808-1e2700be05c7__ep3:qa:239,b6579cb5-0a71-4ca6-8808-1e2700be05c7__ep3,ep3,test,2440,2459,12.606590270996094,11.53160285949707,0.06970208138227463,0.09925742447376251,0.13142059743404388
dense_20f_stride10:b6579cb5-0a71-4ca6-8808-1e2700be05c7__ep3:qa:250,b6579cb5-0a71-4ca6-8808-1e2700be05c7__ep3,ep3,test,2560,2579,13.188165664672852,12.472171783447266,0.03364010155200958,0.053671736270189285,0.06669127941131592
dense_20f_stride10:b6579cb5-0a71-4ca6-8808-1e2700be05c7__ep3:qa:251,b6579cb5-0a71-4ca6-8808-1e2700be05c7__ep3,ep3,test,2570,2589,13.152828216552734,13.544967651367188,0.041147276759147644,0.05990269407629967,0.08059802651405334
dense_20f_stride10:b6579cb5-0a71-4ca6-8808-1e2700be05c7__ep3:qa:252,b6579cb5-0a71-4ca6-8808-1e2700be05c7__ep3,ep3,test,2580,2599,13.152828216552734,13.947030067443848,0.043013494461774826,0.06260615587234497,0.08343543857336044
dense_20f_stride10:b6579cb5-0a71-4ca6-8808-1e2700be05c7__ep3:qa:253,b6579cb5-0a71-4ca6-8808-1e2700be05c7__ep3,ep3,test,2590,2609,13.281957626342773,13.832405090332031,0.03371702507138252,0.05178108811378479,0.06718359142541885
dense_20f_stride10:b6579cb5-0a71-4ca6-8808-1e2700be05c7__ep3:qa:254,b6579cb5-0a71-4ca6-8808-1e2700be05c7__ep3,ep3,test,2600,2619,13.281957626342773,13.603032112121582,0.04148247092962265,0.0636785477399826,0.08492818474769592
dense_20f_stride10:b6579cb5-0a71-4ca6-8808-1e2700be05c7__ep3:qa:293,b6579cb5-0a71-4ca6-8808-1e2700be05c7__ep3,ep3,test,3000,3019,12.763882637023926,12.169207572937012,0.04190469905734062,0.06053890287876129,0.08159168809652328
dense_20f_stride10:b6579cb5-0a71-4ca6-8808-1e2700be05c7__ep3:qa:294,b6579cb5-0a71-4ca6-8808-1e2700be05c7__ep3,ep3,test,3010,3029,12.763882637023926,11.932917594909668,0.04709843918681145,0.06581483781337738,0.08855089545249939
dense_20f_stride10:b6579cb5-0a71-4ca6-8808-1e2700be05c7__ep3:qa:295,b6579cb5-0a71-4ca6-8808-1e2700be05c7__ep3,ep3,test,3020,3039,12.763882637023926,12.046309471130371,0.046934377402067184,0.06656209379434586,0.0893784910440445
dense_20f_stride10:b6579cb5-0a71-4ca6-8808-1e2700be05c7__ep3:qa:296,b6579cb5-0a71-4ca6-8808-1e2700be05c7__ep3,ep3,test,3030,3049,12.463754653930664,12.048182487487793,0.05800663307309151,0.08240761607885361,0.10524830222129822
dense_20f_stride10:b6579cb5-0a71-4ca6-8808-1e2700be05c7__ep3:qa:297,b6579cb5-0a71-4ca6-8808-1e2700be05c7__ep3,ep3,test,3040,3059,12.463754653930664,12.450743675231934,0.04215357080101967,0.06391016393899918,0.08412186056375504
dense_20f_stride10:b6579cb5-0a71-4ca6-8808-1e2700be05c7__ep3:qa:320,b6579cb5-0a71-4ca6-8808-1e2700be05c7__ep3,ep3,test,3280,3299,12.606186866760254,12.690081596374512,0.0731288343667984,0.12298251688480377,0.14276841282844543
dense_20f_stride10:b6579cb5-0a71-4ca6-8808-1e2700be05c7__ep3:qa:321,b6579cb5-0a71-4ca6-8808-1e2700be05c7__ep3,ep3,test,3290,3309,12.606186866760254,11.925676345825195,0.07562665641307831,0.12289058417081833,0.14528398215770721
dense_20f_stride10:b6579cb5-0a71-4ca6-8808-1e2700be05c7__ep3:qa:322,b6579cb5-0a71-4ca6-8808-1e2700be05c7__ep3,ep3,test,3300,3319,12.606186866760254,12.56679630279541,0.07785201817750931,0.12870018184185028,0.15094411373138428
dense_20f_stride10:b6579cb5-0a71-4ca6-8808-1e2700be05c7__ep3:qa:323,b6579cb5-0a71-4ca6-8808-1e2700be05c7__ep3,ep3,test,3310,3329,12.970989227294922,11.949249267578125,0.04282110556960106,0.06637052446603775,0.08759097754955292
dense_20f_stride10:b6579cb5-0a71-4ca6-8808-1e2700be05c7__ep3:qa:324,b6579cb5-0a71-4ca6-8808-1e2700be05c7__ep3,ep3,test,3320,3339,12.970989227294922,11.18664264678955,0.06183287501335144,0.08909820765256882,0.11834126710891724
dense_20f_stride10:b6579cb5-0a71-4ca6-8808-1e2700be05c7__ep3:qa:351,b6579cb5-0a71-4ca6-8808-1e2700be05c7__ep3,ep3,test,3600,3619,13.252943992614746,10.294292449951172,0.2040129154920578,0.3577946424484253,0.47522398829460144
dense_20f_stride10:b6579cb5-0a71-4ca6-8808-1e2700be05c7__ep3:qa:352,b6579cb5-0a71-4ca6-8808-1e2700be05c7__ep3,ep3,test,3610,3629,8.477210998535156,8.533537864685059,0.17487387359142303,0.2987821698188782,0.4073687195777893
dense_20f_stride10:b6579cb5-0a71-4ca6-8808-1e2700be05c7__ep3:qa:353,b6579cb5-0a71-4ca6-8808-1e2700be05c7__ep3,ep3,test,3620,3639,8.477210998535156,9.243233680725098,0.18202506005764008,0.31355714797973633,0.4261530041694641
dense_20f_stride10:b6579cb5-0a71-4ca6-8808-1e2700be05c7__ep3:qa:354,b6579cb5-0a71-4ca6-8808-1e2700be05c7__ep3,ep3,test,3630,3649,10.878166198730469,11.481592178344727,0.2050238847732544,0.3811008632183075,0.5074238181114197
dense_20f_stride10:b6579cb5-0a71-4ca6-8808-1e2700be05c7__ep3:qa:355,b6579cb5-0a71-4ca6-8808-1e2700be05c7__ep3,ep3,test,3640,3659,10.878166198730469,13.055673599243164,0.2139592319726944,0.4113891124725342,0.5378461480140686
dense_20f_stride10:b6579cb5-0a71-4ca6-8808-1e2700be05c7__ep3:qa:390,b6579cb5-0a71-4ca6-8808-1e2700be05c7__ep3,ep3,test,4000,4019,13.329635620117188,11.63490104675293,0.06071979179978371,0.08927137404680252,0.11700434237718582
dense_20f_stride10:b6579cb5-0a71-4ca6-8808-1e2700be05c7__ep3:qa:391,b6579cb5-0a71-4ca6-8808-1e2700be05c7__ep3,ep3,test,4010,4029,13.438257217407227,10.795193672180176,0.06892658025026321,0.10463643819093704,0.1370622217655182
dense_20f_stride10:b6579cb5-0a71-4ca6-8808-1e2700be05c7__ep3:qa:392,b6579cb5-0a71-4ca6-8808-1e2700be05c7__ep3,ep3,test,4020,4039,13.438257217407227,11.217888832092285,0.06466276943683624,0.09568354487419128,0.12791509926319122
dense_20f_stride10:b6579cb5-0a71-4ca6-8808-1e2700be05c7__ep3:qa:393,b6579cb5-0a71-4ca6-8808-1e2700be05c7__ep3,ep3,test,4030,4049,13.475359916687012,11.074688911437988,0.07100951671600342,0.10420115292072296,0.13874322175979614
dense_20f_stride10:b6579cb5-0a71-4ca6-8808-1e2700be05c7__ep3:qa:394,b6579cb5-0a71-4ca6-8808-1e2700be05c7__ep3,ep3,test,4040,4059,13.475359916687012,11.267446517944336,0.07300873845815659,0.10344814509153366,0.13672341406345367
dense_20f_stride10:b6579cb5-0a71-4ca6-8808-1e2700be05c7__ep3:qa:395,b6579cb5-0a71-4ca6-8808-1e2700be05c7__ep3,ep3,test,4050,4069,13.475359916687012,11.499809265136719,0.05948042869567871,0.0877755731344223,0.11583522707223892
dense_20f_stride10:b6579cb5-0a71-4ca6-8808-1e2700be05c7__ep3:qa:413,b6579cb5-0a71-4ca6-8808-1e2700be05c7__ep3,ep3,test,4240,4259,12.499109268188477,11.227765083312988,0.045262232422828674,0.06511713564395905,0.0915621891617775
dense_20f_stride10:b6579cb5-0a71-4ca6-8808-1e2700be05c7__ep3:qa:414,b6579cb5-0a71-4ca6-8808-1e2700be05c7__ep3,ep3,test,4250,4269,12.62804126739502,10.308595657348633,0.06714160740375519,0.10379495471715927,0.13843344151973724
dense_20f_stride10:b6579cb5-0a71-4ca6-8808-1e2700be05c7__ep3:qa:415,b6579cb5-0a71-4ca6-8808-1e2700be05c7__ep3,ep3,test,4260,4279,12.62804126739502,10.966750144958496,0.06296166032552719,0.09394145756959915,0.1258864849805832
dense_20f_stride10:b6579cb5-0a71-4ca6-8808-1e2700be05c7__ep3:qa:416,b6579cb5-0a71-4ca6-8808-1e2700be05c7__ep3,ep3,test,4270,4289,12.62804126739502,12.166000366210938,0.05786823108792305,0.08560487627983093,0.11273448914289474
dense_20f_stride10:b6579cb5-0a71-4ca6-8808-1e2700be05c7__ep3:qa:417,b6579cb5-0a71-4ca6-8808-1e2700be05c7__ep3,ep3,test,4280,4299,12.62804126739502,12.656728744506836,0.05682897940278053,0.08072976768016815,0.11122175306081772
dense_20f_stride10:b6579cb5-0a71-4ca6-8808-1e2700be05c7__ep3:qa:428,b6579cb5-0a71-4ca6-8808-1e2700be05c7__ep3,ep3,test,4400,4419,13.4664306640625,11.9345121383667,0.05718039348721504,0.0863737240433693,0.11068669706583023
dense_20f_stride10:b6579cb5-0a71-4ca6-8808-1e2700be05c7__ep3:qa:429,b6579cb5-0a71-4ca6-8808-1e2700be05c7__ep3,ep3,test,4410,4429,13.486823081970215,11.203939437866211,0.08130726218223572,0.12481202930212021,0.16239790618419647
dense_20f_stride10:b6579cb5-0a71-4ca6-8808-1e2700be05c7__ep3:qa:430,b6579cb5-0a71-4ca6-8808-1e2700be05c7__ep3,ep3,test,4420,4439,13.486823081970215,10.82502269744873,0.0879720076918602,0.13944272696971893,0.1817534863948822
dense_20f_stride10:b6579cb5-0a71-4ca6-8808-1e2700be05c7__ep3:qa:431,b6579cb5-0a71-4ca6-8808-1e2700be05c7__ep3,ep3,test,4430,4449,13.539491653442383,10.496088027954102,0.09145811945199966,0.1363639533519745,0.18238584697246552
dense_20f_stride10:b6579cb5-0a71-4ca6-8808-1e2700be05c7__ep3:qa:432,b6579cb5-0a71-4ca6-8808-1e2700be05c7__ep3,ep3,test,4440,4459,13.539491653442383,10.866913795471191,0.08875835686922073,0.1326902210712433,0.17799602448940277
dense_20f_stride10:b6579cb5-0a71-4ca6-8808-1e2700be05c7__ep3:qa:433,b6579cb5-0a71-4ca6-8808-1e2700be05c7__ep3,ep3,test,4450,4469,13.539491653442383,11.43684196472168,0.09064456075429916,0.12632092833518982,0.1732671707868576
dense_20f_stride10:b6579cb5-0a71-4ca6-8808-1e2700be05c7__ep3:qa:451,b6579cb5-0a71-4ca6-8808-1e2700be05c7__ep3,ep3,test,4640,4659,12.471607208251953,15.653166770935059,0.09186282008886337,0.14314864575862885,0.17565704882144928
dense_20f_stride10:b6579cb5-0a71-4ca6-8808-1e2700be05c7__ep3:qa:452,b6579cb5-0a71-4ca6-8808-1e2700be05c7__ep3,ep3,test,4650,4669,12.471607208251953,15.90593433380127,0.09094402939081192,0.14594666659832,0.177648663520813
dense_20f_stride10:b6579cb5-0a71-4ca6-8808-1e2700be05c7__ep3:qa:453,b6579cb5-0a71-4ca6-8808-1e2700be05c7__ep3,ep3,test,4660,4679,12.471607208251953,15.831296920776367,0.0959697887301445,0.1475609987974167,0.18035545945167542
dense_20f_stride10:b6579cb5-0a71-4ca6-8808-1e2700be05c7__ep3:qa:454,b6579cb5-0a71-4ca6-8808-1e2700be05c7__ep3,ep3,test,4670,4689,12.471607208251953,15.540772438049316,0.07814949750900269,0.12732556462287903,0.1568954437971115
dense_20f_stride10:b6579cb5-0a71-4ca6-8808-1e2700be05c7__ep3:qa:455,b6579cb5-0a71-4ca6-8808-1e2700be05c7__ep3,ep3,test,4680,4699,12.471607208251953,15.83630084991455,0.09090852737426758,0.14537885785102844,0.1774119734764099
dense_20f_stride10:b6579cb5-0a71-4ca6-8808-1e2700be05c7__ep3:qa:466,b6579cb5-0a71-4ca6-8808-1e2700be05c7__ep3,ep3,test,4800,4819,10.031332969665527,11.39345645904541,0.07389257103204727,0.11472946405410767,0.1382908970117569
dense_20f_stride10:b6579cb5-0a71-4ca6-8808-1e2700be05c7__ep3:qa:467,b6579cb5-0a71-4ca6-8808-1e2700be05c7__ep3,ep3,test,4810,4829,10.189149856567383,12.605222702026367,0.08502470701932907,0.13602766394615173,0.16390851140022278
dense_20f_stride10:b6579cb5-0a71-4ca6-8808-1e2700be05c7__ep3:qa:468,b6579cb5-0a71-4ca6-8808-1e2700be05c7__ep3,ep3,test,4820,4839,10.409183502197266,11.315665245056152,0.07820571213960648,0.12209509313106537,0.14682331681251526
dense_20f_stride10:b6579cb5-0a71-4ca6-8808-1e2700be05c7__ep3:qa:469,b6579cb5-0a71-4ca6-8808-1e2700be05c7__ep3,ep3,test,4830,4849,10.793183326721191,10.915885925292969,0.0713067427277565,0.10066691040992737,0.13744045794010162
dense_20f_stride10:b6579cb5-0a71-4ca6-8808-1e2700be05c7__ep3:qa:470,b6579cb5-0a71-4ca6-8808-1e2700be05c7__ep3,ep3,test,4840,4859,12.63083553314209,11.807718276977539,0.07511159777641296,0.12410037219524384,0.1543949991464615
dense_20f_stride10:b6579cb5-0a71-4ca6-8808-1e2700be05c7__ep3:qa:473,b6579cb5-0a71-4ca6-8808-1e2700be05c7__ep3,ep3,test,4880,4899,13.564739227294922,9.944998741149902,0.0908002257347107,0.14840243756771088,0.19455596804618835
dense_20f_stride10:b6579cb5-0a71-4ca6-8808-1e2700be05c7__ep3:qa:474,b6579cb5-0a71-4ca6-8808-1e2700be05c7__ep3,ep3,test,4890,4909,13.564739227294922,11.518600463867188,0.06466848403215408,0.10338620096445084,0.13516126573085785
dense_20f_stride10:b6579cb5-0a71-4ca6-8808-1e2700be05c7__ep3:qa:475,b6579cb5-0a71-4ca6-8808-1e2700be05c7__ep3,ep3,test,4900,4919,13.564739227294922,10.49598217010498,0.07034682482481003,0.11896239966154099,0.15199367702007294
dense_20f_stride10:b6579cb5-0a71-4ca6-8808-1e2700be05c7__ep3:qa:476,b6579cb5-0a71-4ca6-8808-1e2700be05c7__ep3,ep3,test,4910,4929,13.702165603637695,12.934647560119629,0.08250337839126587,0.11437492817640305,0.1602376103401184
dense_20f_stride10:b6579cb5-0a71-4ca6-8808-1e2700be05c7__ep3:qa:477,b6579cb5-0a71-4ca6-8808-1e2700be05c7__ep3,ep3,test,4920,4939,13.571674346923828,13.637441635131836,0.16480176150798798,0.3263291120529175,0.38415929675102234
dense_20f_stride10:b6579cb5-0a71-4ca6-8808-1e2700be05c7__ep3:qa:478,b6579cb5-0a71-4ca6-8808-1e2700be05c7__ep3,ep3,test,4930,4949,13.373222351074219,12.60806655883789,0.06815896928310394,0.14525985717773438,0.16654346883296967
dense_20f_stride10:b6579cb5-0a71-4ca6-8808-1e2700be05c7__ep3:qa:484,b6579cb5-0a71-4ca6-8808-1e2700be05c7__ep3,ep3,test,5000,5019,13.113886833190918,13.081335067749023,0.030606362968683243,0.04471457749605179,0.06334132701158524
dense_20f_stride10:b6579cb5-0a71-4ca6-8808-1e2700be05c7__ep3:qa:485,b6579cb5-0a71-4ca6-8808-1e2700be05c7__ep3,ep3,test,5010,5029,13.113886833190918,13.603082656860352,0.030582495033740997,0.04497996345162392,0.06108661741018295
dense_20f_stride10:b6579cb5-0a71-4ca6-8808-1e2700be05c7__ep3:qa:486,b6579cb5-0a71-4ca6-8808-1e2700be05c7__ep3,ep3,test,5020,5039,13.113886833190918,13.429779052734375,0.033402636647224426,0.05433373525738716,0.07461913675069809
dense_20f_stride10:b6579cb5-0a71-4ca6-8808-1e2700be05c7__ep3:qa:487,b6579cb5-0a71-4ca6-8808-1e2700be05c7__ep3,ep3,test,5030,5049,13.065567970275879,13.457728385925293,0.03695687651634216,0.05513603612780571,0.07540176063776016
dense_20f_stride10:b6579cb5-0a71-4ca6-8808-1e2700be05c7__ep3:qa:488,b6579cb5-0a71-4ca6-8808-1e2700be05c7__ep3,ep3,test,5040,5059,13.0343656539917,11.83019733428955,0.04732194170355797,0.08057984709739685,0.09616082906723022
dense_20f_stride10:b6579cb5-0a71-4ca6-8808-1e2700be05c7__ep3:qa:489,b6579cb5-0a71-4ca6-8808-1e2700be05c7__ep3,ep3,test,5050,5069,13.073787689208984,12.254422187805176,0.04726535454392433,0.07473381608724594,0.09730494767427444
dense_20f_stride10:b6579cb5-0a71-4ca6-8808-1e2700be05c7__ep3:qa:495,b6579cb5-0a71-4ca6-8808-1e2700be05c7__ep3,ep3,test,5120,5139,13.264172554016113,13.553126335144043,0.08049924671649933,0.12643618881702423,0.1636379510164261
dense_20f_stride10:b6579cb5-0a71-4ca6-8808-1e2700be05c7__ep3:qa:496,b6579cb5-0a71-4ca6-8808-1e2700be05c7__ep3,ep3,test,5130,5149,13.463295936584473,15.55630874633789,0.08656170964241028,0.1317804902791977,0.168916255235672
dense_20f_stride10:b6579cb5-0a71-4ca6-8808-1e2700be05c7__ep3:qa:497,b6579cb5-0a71-4ca6-8808-1e2700be05c7__ep3,ep3,test,5140,5159,13.463295936584473,15.537553787231445,0.08818358182907104,0.1278514564037323,0.16591742634773254
dense_20f_stride10:b6579cb5-0a71-4ca6-8808-1e2700be05c7__ep3:qa:498,b6579cb5-0a71-4ca6-8808-1e2700be05c7__ep3,ep3,test,5150,5169,13.463295936584473,14.263728141784668,0.06383778154850006,0.09736598283052444,0.12931130826473236
dense_20f_stride10:b6579cb5-0a71-4ca6-8808-1e2700be05c7__ep3:qa:499,b6579cb5-0a71-4ca6-8808-1e2700be05c7__ep3,ep3,test,5160,5179,13.463295936584473,14.894380569458008,0.07314477115869522,0.11135083436965942,0.14514322578907013
dense_20f_stride10:b6579cb5-0a71-4ca6-8808-1e2700be05c7__ep3:qa:500,b6579cb5-0a71-4ca6-8808-1e2700be05c7__ep3,ep3,test,5170,5189,13.463295936584473,13.44800853729248,0.04678969830274582,0.08207210153341293,0.10424397885799408
dense_20f_stride10:b6579cb5-0a71-4ca6-8808-1e2700be05c7__ep3:qa:510,b6579cb5-0a71-4ca6-8808-1e2700be05c7__ep3,ep3,test,5280,5299,13.296079635620117,11.794894218444824,0.07413774728775024,0.12311303615570068,0.16276448965072632
dense_20f_stride10:b6579cb5-0a71-4ca6-8808-1e2700be05c7__ep3:qa:511,b6579cb5-0a71-4ca6-8808-1e2700be05c7__ep3,ep3,test,5290,5309,13.296079635620117,13.180700302124023,0.042131103575229645,0.06818407773971558,0.09323649853467941
dense_20f_stride10:b6579cb5-0a71-4ca6-8808-1e2700be05c7__ep3:qa:512,b6579cb5-0a71-4ca6-8808-1e2700be05c7__ep3,ep3,test,5300,5319,13.296079635620117,13.768423080444336,0.06140941008925438,0.0906248688697815,0.12233931571245193
dense_20f_stride10:b6579cb5-0a71-4ca6-8808-1e2700be05c7__ep3:qa:513,b6579cb5-0a71-4ca6-8808-1e2700be05c7__ep3,ep3,test,5310,5329,13.708870887756348,13.834622383117676,0.05523000285029411,0.08074572682380676,0.10831302404403687
dense_20f_stride10:b6579cb5-0a71-4ca6-8808-1e2700be05c7__ep3:qa:514,b6579cb5-0a71-4ca6-8808-1e2700be05c7__ep3,ep3,test,5320,5339,13.708870887756348,13.13499641418457,0.050173502415418625,0.08423716574907303,0.10588236898183823
medium_40f_stride20:8a8e1b3c-607e-4ada-b3fd-fa639727e92c__ep1:qa:0,8a8e1b3c-607e-4ada-b3fd-fa639727e92c__ep1,ep1,test,0,39,14.14816951751709,11.24620532989502,0.25521907210350037,0.421751469373703,0.5662282705307007
medium_40f_stride20:8a8e1b3c-607e-4ada-b3fd-fa639727e92c__ep1:qa:1,8a8e1b3c-607e-4ada-b3fd-fa639727e92c__ep1,ep1,test,20,59,14.14816951751709,10.745970726013184,0.25551068782806396,0.42529526352882385,0.5702657103538513
medium_40f_stride20:8a8e1b3c-607e-4ada-b3fd-fa639727e92c__ep1:qa:2,8a8e1b3c-607e-4ada-b3fd-fa639727e92c__ep1,ep1,test,40,79,14.637798309326172,9.581686019897461,0.2254355400800705,0.3681229054927826,0.4932484030723572
medium_40f_stride20:8a8e1b3c-607e-4ada-b3fd-fa639727e92c__ep1:qa:3,8a8e1b3c-607e-4ada-b3fd-fa639727e92c__ep1,ep1,test,60,99,14.637798309326172,5.872448444366455,0.27512282133102417,0.42509254813194275,0.5618158578872681
medium_40f_stride20:8a8e1b3c-607e-4ada-b3fd-fa639727e92c__ep1:qa:19,8a8e1b3c-607e-4ada-b3fd-fa639727e92c__ep1,ep1,test,400,439,25.239425659179688,3.4890363216400146,0.5187788009643555,0.8166460990905762,0.9737060070037842
medium_40f_stride20:8a8e1b3c-607e-4ada-b3fd-fa639727e92c__ep1:qa:20,8a8e1b3c-607e-4ada-b3fd-fa639727e92c__ep1,ep1,test,420,459,25.239425659179688,4.623485565185547,0.5066828727722168,0.8114013671875,0.9667289853096008
medium_40f_stride20:8a8e1b3c-607e-4ada-b3fd-fa639727e92c__ep1:qa:21,8a8e1b3c-607e-4ada-b3fd-fa639727e92c__ep1,ep1,test,440,479,24.490449905395508,12.70370101928711,0.3647308647632599,0.6368103623390198,0.7754362225532532
medium_40f_stride20:8a8e1b3c-607e-4ada-b3fd-fa639727e92c__ep1:qa:43,8a8e1b3c-607e-4ada-b3fd-fa639727e92c__ep1,ep1,test,920,959,24.890247344970703,10.020234107971191,0.38211777806282043,0.6288372278213501,0.7534490823745728
medium_40f_stride20:8a8e1b3c-607e-4ada-b3fd-fa639727e92c__ep1:qa:44,8a8e1b3c-607e-4ada-b3fd-fa639727e92c__ep1,ep1,test,940,979,23.0915470123291,12.472715377807617,0.3437787890434265,0.5559452176094055,0.718533992767334
medium_40f_stride20:8a8e1b3c-607e-4ada-b3fd-fa639727e92c__ep1:qa:45,8a8e1b3c-607e-4ada-b3fd-fa639727e92c__ep1,ep1,test,960,999,23.40117073059082,18.389856338500977,0.31994691491127014,0.4775431454181671,0.6600318551063538
medium_40f_stride20:8a8e1b3c-607e-4ada-b3fd-fa639727e92c__ep1:qa:46,8a8e1b3c-607e-4ada-b3fd-fa639727e92c__ep1,ep1,test,1000,1039,19.690031051635742,10.75333309173584,0.4890536665916443,0.6953897476196289,0.9231743812561035
medium_40f_stride20:8a8e1b3c-607e-4ada-b3fd-fa639727e92c__ep1:qa:47,8a8e1b3c-607e-4ada-b3fd-fa639727e92c__ep1,ep1,test,1020,1059,19.690031051635742,17.413166046142578,0.4733056426048279,0.6948884725570679,0.9262401461601257
medium_40f_stride20:8a8e1b3c-607e-4ada-b3fd-fa639727e92c__ep1:qa:48,8a8e1b3c-607e-4ada-b3fd-fa639727e92c__ep1,ep1,test,1040,1079,14.74264144897461,11.541731834411621,0.29651349782943726,0.4468928277492523,0.5685567259788513
medium_40f_stride20:8a8e1b3c-607e-4ada-b3fd-fa639727e92c__ep1:qa:49,8a8e1b3c-607e-4ada-b3fd-fa639727e92c__ep1,ep1,test,1060,1099,14.74264144897461,12.847631454467773,0.25295305252075195,0.37841230630874634,0.4990026652812958
medium_40f_stride20:8a8e1b3c-607e-4ada-b3fd-fa639727e92c__ep1:qa:57,8a8e1b3c-607e-4ada-b3fd-fa639727e92c__ep1,ep1,test,1240,1279,14.568140029907227,8.320089340209961,0.2536813020706177,0.36477288603782654,0.536515474319458
medium_40f_stride20:8a8e1b3c-607e-4ada-b3fd-fa639727e92c__ep1:qa:58,8a8e1b3c-607e-4ada-b3fd-fa639727e92c__ep1,ep1,test,1260,1299,14.568140029907227,11.210037231445312,0.26905396580696106,0.37499111890792847,0.5571880340576172
medium_40f_stride20:8a8e1b3c-607e-4ada-b3fd-fa639727e92c__ep1:qa:59,8a8e1b3c-607e-4ada-b3fd-fa639727e92c__ep1,ep1,test,1280,1319,14.568140029907227,12.755716323852539,0.3364832401275635,0.4443807303905487,0.6743773818016052
medium_40f_stride20:8a8e1b3c-607e-4ada-b3fd-fa639727e92c__ep1:qa:60,8a8e1b3c-607e-4ada-b3fd-fa639727e92c__ep1,ep1,test,1300,1339,14.568140029907227,9.151233673095703,0.2717239260673523,0.4038725793361664,0.6010200381278992
medium_40f_stride20:8a8e1b3c-607e-4ada-b3fd-fa639727e92c__ep1:qa:64,8a8e1b3c-607e-4ada-b3fd-fa639727e92c__ep1,ep1,test,1400,1439,17.915679931640625,7.450351238250732,0.3859090209007263,0.5168710350990295,0.7484226226806641
medium_40f_stride20:8a8e1b3c-607e-4ada-b3fd-fa639727e92c__ep1:qa:65,8a8e1b3c-607e-4ada-b3fd-fa639727e92c__ep1,ep1,test,1420,1459,17.915679931640625,14.187424659729004,0.2565423846244812,0.3626587986946106,0.5057803988456726
medium_40f_stride20:8a8e1b3c-607e-4ada-b3fd-fa639727e92c__ep1:qa:66,8a8e1b3c-607e-4ada-b3fd-fa639727e92c__ep1,ep1,test,1440,1479,16.622661590576172,11.328520774841309,0.2959142029285431,0.41242629289627075,0.5856969952583313
medium_40f_stride20:8a8e1b3c-607e-4ada-b3fd-fa639727e92c__ep1:qa:67,8a8e1b3c-607e-4ada-b3fd-fa639727e92c__ep1,ep1,test,1460,1499,16.622661590576172,5.895386219024658,0.3507213890552521,0.5037660002708435,0.715929388999939
medium_40f_stride20:8a8e1b3c-607e-4ada-b3fd-fa639727e92c__ep1:qa:83,8a8e1b3c-607e-4ada-b3fd-fa639727e92c__ep1,ep1,test,1800,1839,8.186223983764648,16.160383224487305,0.2546156942844391,0.3788987696170807,0.4853549897670746
medium_40f_stride20:8a8e1b3c-607e-4ada-b3fd-fa639727e92c__ep1:qa:84,8a8e1b3c-607e-4ada-b3fd-fa639727e92c__ep1,ep1,test,1820,1859,8.186223983764648,10.722042083740234,0.11418403685092926,0.16617918014526367,0.2106381356716156
medium_40f_stride20:8a8e1b3c-607e-4ada-b3fd-fa639727e92c__ep1:qa:85,8a8e1b3c-607e-4ada-b3fd-fa639727e92c__ep1,ep1,test,1840,1879,7.655468940734863,9.795400619506836,0.09152742475271225,0.15093570947647095,0.1932651549577713
medium_40f_stride20:8a8e1b3c-607e-4ada-b3fd-fa639727e92c__ep1:qa:86,8a8e1b3c-607e-4ada-b3fd-fa639727e92c__ep1,ep1,test,1860,1899,7.655468940734863,10.038614273071289,0.07904509454965591,0.11632981151342392,0.1562030166387558
medium_40f_stride20:8a8e1b3c-607e-4ada-b3fd-fa639727e92c__ep1:qa:92,8a8e1b3c-607e-4ada-b3fd-fa639727e92c__ep1,ep1,test,2000,2039,16.812246322631836,8.874027252197266,0.2751449942588806,0.43371909856796265,0.5901556611061096
medium_40f_stride20:8a8e1b3c-607e-4ada-b3fd-fa639727e92c__ep1:qa:93,8a8e1b3c-607e-4ada-b3fd-fa639727e92c__ep1,ep1,test,2020,2059,16.812246322631836,10.77498722076416,0.26977646350860596,0.43182235956192017,0.5892298221588135
medium_40f_stride20:8a8e1b3c-607e-4ada-b3fd-fa639727e92c__ep1:qa:94,8a8e1b3c-607e-4ada-b3fd-fa639727e92c__ep1,ep1,test,2040,2079,20.475475311279297,10.735990524291992,0.35952115058898926,0.5993717312812805,0.8083483576774597
medium_40f_stride20:8a8e1b3c-607e-4ada-b3fd-fa639727e92c__ep1:qa:95,8a8e1b3c-607e-4ada-b3fd-fa639727e92c__ep1,ep1,test,2060,2099,20.475475311279297,10.72658634185791,0.3386998474597931,0.5803280472755432,0.7790025472640991
medium_40f_stride20:8a8e1b3c-607e-4ada-b3fd-fa639727e92c__ep1:qa:111,8a8e1b3c-607e-4ada-b3fd-fa639727e92c__ep1,ep1,test,2400,2439,16.776113510131836,11.720827102661133,0.1982758492231369,0.2813267707824707,0.37536531686782837
medium_40f_stride20:8a8e1b3c-607e-4ada-b3fd-fa639727e92c__ep1:qa:112,8a8e1b3c-607e-4ada-b3fd-fa639727e92c__ep1,ep1,test,2420,2459,16.776113510131836,5.688434600830078,0.28911030292510986,0.44495993852615356,0.541704535484314
medium_40f_stride20:8a8e1b3c-607e-4ada-b3fd-fa639727e92c__ep1:qa:113,8a8e1b3c-607e-4ada-b3fd-fa639727e92c__ep1,ep1,test,2440,2479,18.710195541381836,5.524214267730713,0.3187849521636963,0.45494750142097473,0.5814546346664429
medium_40f_stride20:8a8e1b3c-607e-4ada-b3fd-fa639727e92c__ep1:qa:116,8a8e1b3c-607e-4ada-b3fd-fa639727e92c__ep1,ep1,test,2520,2559,0.0,8.928348541259766,0.17322397232055664,0.30063313245773315,0.3473213315010071
medium_40f_stride20:8a8e1b3c-607e-4ada-b3fd-fa639727e92c__ep1:qa:117,8a8e1b3c-607e-4ada-b3fd-fa639727e92c__ep1,ep1,test,2540,2579,0.0,7.463661193847656,0.12954701483249664,0.25131455063819885,0.2983686029911041
medium_40f_stride20:8a8e1b3c-607e-4ada-b3fd-fa639727e92c__ep1:qa:118,8a8e1b3c-607e-4ada-b3fd-fa639727e92c__ep1,ep1,test,2560,2599,0.0,8.798225402832031,0.18213267624378204,0.29625165462493896,0.3610001504421234
medium_40f_stride20:8a8e1b3c-607e-4ada-b3fd-fa639727e92c__ep1:qa:119,8a8e1b3c-607e-4ada-b3fd-fa639727e92c__ep1,ep1,test,2580,2619,0.0,3.745079278945923,0.0859694555401802,0.12610337138175964,0.15564192831516266
medium_40f_stride20:8a8e1b3c-607e-4ada-b3fd-fa639727e92c__ep1:qa:123,8a8e1b3c-607e-4ada-b3fd-fa639727e92c__ep1,ep1,test,2680,2719,0.0,4.572541236877441,0.07321565598249435,0.15396547317504883,0.1843724101781845
medium_40f_stride20:8a8e1b3c-607e-4ada-b3fd-fa639727e92c__ep1:qa:124,8a8e1b3c-607e-4ada-b3fd-fa639727e92c__ep1,ep1,test,2700,2739,0.0,11.053960800170898,0.18208003044128418,0.3722062408924103,0.4434763491153717
medium_40f_stride20:8a8e1b3c-607e-4ada-b3fd-fa639727e92c__ep1:qa:125,8a8e1b3c-607e-4ada-b3fd-fa639727e92c__ep1,ep1,test,2720,2759,0.0,8.551481246948242,0.15238523483276367,0.28794336318969727,0.33981943130493164
medium_40f_stride20:8a8e1b3c-607e-4ada-b3fd-fa639727e92c__ep1:qa:126,8a8e1b3c-607e-4ada-b3fd-fa639727e92c__ep1,ep1,test,2740,2779,0.0,4.6710968017578125,0.09353523701429367,0.15728400647640228,0.19189387559890747
medium_40f_stride20:8a8e1b3c-607e-4ada-b3fd-fa639727e92c__ep1:qa:128,8a8e1b3c-607e-4ada-b3fd-fa639727e92c__ep1,ep1,test,2800,2839,12.819459915161133,9.435235977172852,0.19801753759384155,0.3678123652935028,0.48177364468574524
medium_40f_stride20:8a8e1b3c-607e-4ada-b3fd-fa639727e92c__ep1:qa:129,8a8e1b3c-607e-4ada-b3fd-fa639727e92c__ep1,ep1,test,2820,2859,12.819459915161133,6.908439636230469,0.1939130574464798,0.31141799688339233,0.4076504111289978
medium_40f_stride20:8a8e1b3c-607e-4ada-b3fd-fa639727e92c__ep1:qa:130,8a8e1b3c-607e-4ada-b3fd-fa639727e92c__ep1,ep1,test,2840,2879,13.629424095153809,7.8952836990356445,0.3373553454875946,0.4712767004966736,0.6969221830368042
medium_40f_stride20:8a8e1b3c-607e-4ada-b3fd-fa639727e92c__ep1:qa:137,8a8e1b3c-607e-4ada-b3fd-fa639727e92c__ep1,ep1,test,3000,3039,0.0,2.7051005363464355,0.07102511078119278,0.09108546376228333,0.13720190525054932
medium_40f_stride20:8a8e1b3c-607e-4ada-b3fd-fa639727e92c__ep1:qa:138,8a8e1b3c-607e-4ada-b3fd-fa639727e92c__ep1,ep1,test,3020,3059,0.0,2.5410051345825195,0.06090059131383896,0.08556010574102402,0.12537990510463715
medium_40f_stride20:8a8e1b3c-607e-4ada-b3fd-fa639727e92c__ep1:qa:139,8a8e1b3c-607e-4ada-b3fd-fa639727e92c__ep1,ep1,test,3040,3079,0.0,1.369655966758728,0.030232764780521393,0.04611871764063835,0.06522374600172043
medium_40f_stride20:8a8e1b3c-607e-4ada-b3fd-fa639727e92c__ep1:qa:140,8a8e1b3c-607e-4ada-b3fd-fa639727e92c__ep1,ep1,test,3060,3099,34.605167388916016,0.8544973731040955,0.7332515716552734,1.1617014408111572,1.5334126949310303
medium_40f_stride20:8a8e1b3c-607e-4ada-b3fd-fa639727e92c__ep1:qa:142,8a8e1b3c-607e-4ada-b3fd-fa639727e92c__ep1,ep1,test,3120,3159,25.82332992553711,13.572723388671875,0.39053580164909363,0.7041646838188171,0.9010260701179504
medium_40f_stride20:8a8e1b3c-607e-4ada-b3fd-fa639727e92c__ep1:qa:143,8a8e1b3c-607e-4ada-b3fd-fa639727e92c__ep1,ep1,test,3140,3179,25.82332992553711,20.267223358154297,0.367637038230896,0.5687109231948853,0.7452871203422546
medium_40f_stride20:8a8e1b3c-607e-4ada-b3fd-fa639727e92c__ep1:qa:144,8a8e1b3c-607e-4ada-b3fd-fa639727e92c__ep1,ep1,test,3160,3199,13.84506607055664,25.198991775512695,0.5159890055656433,0.7748185992240906,0.993026614189148
medium_40f_stride20:8a8e1b3c-607e-4ada-b3fd-fa639727e92c__ep1:qa:145,8a8e1b3c-607e-4ada-b3fd-fa639727e92c__ep1,ep1,test,3180,3219,13.84506607055664,6.686963081359863,0.2852410674095154,0.4534311294555664,0.6289060711860657
medium_40f_stride20:8a8e1b3c-607e-4ada-b3fd-fa639727e92c__ep1:qa:151,8a8e1b3c-607e-4ada-b3fd-fa639727e92c__ep1,ep1,test,3320,3359,0.0,7.029285907745361,0.13219904899597168,0.23668837547302246,0.28280529379844666
medium_40f_stride20:8a8e1b3c-607e-4ada-b3fd-fa639727e92c__ep1:qa:152,8a8e1b3c-607e-4ada-b3fd-fa639727e92c__ep1,ep1,test,3340,3379,14.551889419555664,2.838172435760498,0.26478537917137146,0.4788445234298706,0.6097174286842346
medium_40f_stride20:8a8e1b3c-607e-4ada-b3fd-fa639727e92c__ep1:qa:153,8a8e1b3c-607e-4ada-b3fd-fa639727e92c__ep1,ep1,test,3360,3399,17.008577346801758,2.721468210220337,0.36808961629867554,0.639779806137085,0.8626542687416077
medium_40f_stride20:8a8e1b3c-607e-4ada-b3fd-fa639727e92c__ep1:qa:154,8a8e1b3c-607e-4ada-b3fd-fa639727e92c__ep1,ep1,test,3400,3439,18.063201904296875,12.719008445739746,0.2633720934391022,0.40956711769104004,0.5583959817886353
medium_40f_stride20:8a8e1b3c-607e-4ada-b3fd-fa639727e92c__ep1:qa:155,8a8e1b3c-607e-4ada-b3fd-fa639727e92c__ep1,ep1,test,3420,3459,18.063201904296875,9.908832550048828,0.24405694007873535,0.41497889161109924,0.559031069278717
medium_40f_stride20:8a8e1b3c-607e-4ada-b3fd-fa639727e92c__ep1:qa:156,8a8e1b3c-607e-4ada-b3fd-fa639727e92c__ep1,ep1,test,3440,3479,17.248029708862305,9.828120231628418,0.2133922129869461,0.31950706243515015,0.4343927204608917
medium_40f_stride20:8a8e1b3c-607e-4ada-b3fd-fa639727e92c__ep1:qa:157,8a8e1b3c-607e-4ada-b3fd-fa639727e92c__ep1,ep1,test,3460,3499,17.248029708862305,11.12024211883545,0.16672278940677643,0.2510283887386322,0.34527844190597534
medium_40f_stride20:8a8e1b3c-607e-4ada-b3fd-fa639727e92c__ep1:qa:167,8a8e1b3c-607e-4ada-b3fd-fa639727e92c__ep1,ep1,test,3680,3719,0.0,9.287302017211914,0.18065908551216125,0.3127197027206421,0.42425602674484253
medium_40f_stride20:8a8e1b3c-607e-4ada-b3fd-fa639727e92c__ep1:qa:168,8a8e1b3c-607e-4ada-b3fd-fa639727e92c__ep1,ep1,test,3700,3739,0.0,6.832155704498291,0.13908427953720093,0.23005065321922302,0.29296934604644775
medium_40f_stride20:8a8e1b3c-607e-4ada-b3fd-fa639727e92c__ep1:qa:169,8a8e1b3c-607e-4ada-b3fd-fa639727e92c__ep1,ep1,test,3720,3759,0.0,8.730194091796875,0.17512847483158112,0.29396089911460876,0.39832696318626404
medium_40f_stride20:8a8e1b3c-607e-4ada-b3fd-fa639727e92c__ep1:qa:170,8a8e1b3c-607e-4ada-b3fd-fa639727e92c__ep1,ep1,test,3740,3779,0.0,6.001445770263672,0.14472883939743042,0.202079176902771,0.27908214926719666
medium_40f_stride20:8a8e1b3c-607e-4ada-b3fd-fa639727e92c__ep1:qa:174,8a8e1b3c-607e-4ada-b3fd-fa639727e92c__ep1,ep1,test,3840,3879,16.332050323486328,14.765767097473145,0.35781383514404297,0.5123039484024048,0.6856648921966553
medium_40f_stride20:8a8e1b3c-607e-4ada-b3fd-fa639727e92c__ep1:qa:175,8a8e1b3c-607e-4ada-b3fd-fa639727e92c__ep1,ep1,test,3860,3899,16.332050323486328,10.851286888122559,0.24413934350013733,0.3483937978744507,0.46145281195640564
medium_40f_stride20:8a8e1b3c-607e-4ada-b3fd-fa639727e92c__ep1:qa:176,8a8e1b3c-607e-4ada-b3fd-fa639727e92c__ep1,ep1,test,3880,3919,16.332050323486328,11.534698486328125,0.2865976393222809,0.4435804486274719,0.5747717022895813
medium_40f_stride20:8a8e1b3c-607e-4ada-b3fd-fa639727e92c__ep1:qa:177,8a8e1b3c-607e-4ada-b3fd-fa639727e92c__ep1,ep1,test,3900,3939,16.332050323486328,10.658984184265137,0.28531017899513245,0.41242292523384094,0.5403403043746948
medium_40f_stride20:8a8e1b3c-607e-4ada-b3fd-fa639727e92c__ep1:qa:181,8a8e1b3c-607e-4ada-b3fd-fa639727e92c__ep1,ep1,test,4000,4039,15.1097412109375,2.229884624481201,0.33022934198379517,0.49474310874938965,0.6639739871025085
medium_40f_stride20:8a8e1b3c-607e-4ada-b3fd-fa639727e92c__ep1:qa:182,8a8e1b3c-607e-4ada-b3fd-fa639727e92c__ep1,ep1,test,4020,4059,14.616246223449707,5.720297336578369,0.31425005197525024,0.45106735825538635,0.6284633278846741
medium_40f_stride20:8a8e1b3c-607e-4ada-b3fd-fa639727e92c__ep1:qa:183,8a8e1b3c-607e-4ada-b3fd-fa639727e92c__ep1,ep1,test,4040,4079,10.60007095336914,8.788874626159668,0.2511080801486969,0.3484499156475067,0.4889664351940155
medium_40f_stride20:8a8e1b3c-607e-4ada-b3fd-fa639727e92c__ep1:qa:184,8a8e1b3c-607e-4ada-b3fd-fa639727e92c__ep1,ep1,test,4080,4119,13.205056190490723,10.733156204223633,0.33649781346321106,0.4572768211364746,0.6888766288757324
medium_40f_stride20:8a8e1b3c-607e-4ada-b3fd-fa639727e92c__ep1:qa:185,8a8e1b3c-607e-4ada-b3fd-fa639727e92c__ep1,ep1,test,4100,4139,13.205056190490723,11.886331558227539,0.3720642626285553,0.47518739104270935,0.7154896259307861
medium_40f_stride20:8a8e1b3c-607e-4ada-b3fd-fa639727e92c__ep1:qa:186,8a8e1b3c-607e-4ada-b3fd-fa639727e92c__ep1,ep1,test,4120,4159,13.205056190490723,9.33362865447998,0.32548001408576965,0.4369349777698517,0.6277420520782471
medium_40f_stride20:8a8e1b3c-607e-4ada-b3fd-fa639727e92c__ep1:qa:187,8a8e1b3c-607e-4ada-b3fd-fa639727e92c__ep1,ep1,test,4140,4179,13.205056190490723,11.841410636901855,0.33967697620391846,0.43305379152297974,0.6562578678131104
medium_40f_stride20:8a8e1b3c-607e-4ada-b3fd-fa639727e92c__ep1:qa:191,8a8e1b3c-607e-4ada-b3fd-fa639727e92c__ep1,ep1,test,4240,4279,15.073311805725098,11.295038223266602,0.22747904062271118,0.34488388895988464,0.4610217213630676
medium_40f_stride20:8a8e1b3c-607e-4ada-b3fd-fa639727e92c__ep1:qa:192,8a8e1b3c-607e-4ada-b3fd-fa639727e92c__ep1,ep1,test,4260,4299,15.073311805725098,7.027088165283203,0.26193273067474365,0.40359732508659363,0.525692343711853
medium_40f_stride20:8a8e1b3c-607e-4ada-b3fd-fa639727e92c__ep1:qa:193,8a8e1b3c-607e-4ada-b3fd-fa639727e92c__ep1,ep1,test,4280,4319,15.073311805725098,10.141115188598633,0.19338087737560272,0.325252503156662,0.43929964303970337
medium_40f_stride20:8a8e1b3c-607e-4ada-b3fd-fa639727e92c__ep1:qa:198,8a8e1b3c-607e-4ada-b3fd-fa639727e92c__ep1,ep1,test,4400,4439,19.102529525756836,25.379512786865234,0.41411924362182617,0.6725718379020691,0.8565592765808105
medium_40f_stride20:8a8e1b3c-607e-4ada-b3fd-fa639727e92c__ep1:qa:199,8a8e1b3c-607e-4ada-b3fd-fa639727e92c__ep1,ep1,test,4420,4459,24.606346130371094,15.242743492126465,0.2907746434211731,0.5114770531654358,0.6834197044372559
medium_40f_stride20:8a8e1b3c-607e-4ada-b3fd-fa639727e92c__ep1:qa:200,8a8e1b3c-607e-4ada-b3fd-fa639727e92c__ep1,ep1,test,4440,4479,25.90742301940918,12.421467781066895,0.4297994077205658,0.7429608106613159,1.0040311813354492
medium_40f_stride20:8a8e1b3c-607e-4ada-b3fd-fa639727e92c__ep1:qa:201,8a8e1b3c-607e-4ada-b3fd-fa639727e92c__ep1,ep1,test,4480,4519,0.0,8.009016036987305,0.14729437232017517,0.2696775794029236,0.34266015887260437
medium_40f_stride20:8a8e1b3c-607e-4ada-b3fd-fa639727e92c__ep1:qa:202,8a8e1b3c-607e-4ada-b3fd-fa639727e92c__ep1,ep1,test,4500,4539,0.0,9.869729042053223,0.2274167537689209,0.3323310613632202,0.4286395311355591
medium_40f_stride20:8a8e1b3c-607e-4ada-b3fd-fa639727e92c__ep1:qa:203,8a8e1b3c-607e-4ada-b3fd-fa639727e92c__ep1,ep1,test,4520,4559,0.0,3.0271618366241455,0.06766268610954285,0.10192983597517014,0.14010770618915558
medium_40f_stride20:8a8e1b3c-607e-4ada-b3fd-fa639727e92c__ep1:qa:208,8a8e1b3c-607e-4ada-b3fd-fa639727e92c__ep1,ep1,test,4640,4679,0.0,8.470596313476562,0.17806215584278107,0.28521981835365295,0.3326018154621124
medium_40f_stride20:8a8e1b3c-607e-4ada-b3fd-fa639727e92c__ep1:qa:209,8a8e1b3c-607e-4ada-b3fd-fa639727e92c__ep1,ep1,test,4660,4699,0.0,5.840272426605225,0.11845073848962784,0.19665220379829407,0.23783770203590393
medium_40f_stride20:8a8e1b3c-607e-4ada-b3fd-fa639727e92c__ep1:qa:210,8a8e1b3c-607e-4ada-b3fd-fa639727e92c__ep1,ep1,test,4680,4719,0.0,5.173921585083008,0.09507729113101959,0.17421500384807587,0.21404816210269928
medium_40f_stride20:8a8e1b3c-607e-4ada-b3fd-fa639727e92c__ep1:qa:211,8a8e1b3c-607e-4ada-b3fd-fa639727e92c__ep1,ep1,test,4720,4759,0.0,3.5740928649902344,0.06456161290407181,0.12034596502780914,0.15003851056098938
medium_40f_stride20:8a8e1b3c-607e-4ada-b3fd-fa639727e92c__ep1:qa:212,8a8e1b3c-607e-4ada-b3fd-fa639727e92c__ep1,ep1,test,4740,4779,0.0,4.415783882141113,0.08071134984493256,0.14868716895580292,0.1895984262228012
medium_40f_stride20:8a8e1b3c-607e-4ada-b3fd-fa639727e92c__ep1:qa:213,8a8e1b3c-607e-4ada-b3fd-fa639727e92c__ep1,ep1,test,4760,4799,0.0,3.11055064201355,0.05505577474832535,0.10473769158124924,0.1270606517791748
medium_40f_stride20:8a8e1b3c-607e-4ada-b3fd-fa639727e92c__ep1:qa:214,8a8e1b3c-607e-4ada-b3fd-fa639727e92c__ep1,ep1,test,4800,4839,0.0,3.7081446647644043,0.06488380581140518,0.12485972791910172,0.1498267501592636
medium_40f_stride20:8a8e1b3c-607e-4ada-b3fd-fa639727e92c__ep1:qa:215,8a8e1b3c-607e-4ada-b3fd-fa639727e92c__ep1,ep1,test,4820,4859,0.0,5.9287848472595215,0.11560708284378052,0.19963257014751434,0.23383818566799164
medium_40f_stride20:8a8e1b3c-607e-4ada-b3fd-fa639727e92c__ep1:qa:216,8a8e1b3c-607e-4ada-b3fd-fa639727e92c__ep1,ep1,test,4840,4879,0.0,4.213918685913086,0.09062497317790985,0.1418900191783905,0.18300330638885498
medium_40f_stride20:8a8e1b3c-607e-4ada-b3fd-fa639727e92c__ep1:qa:217,8a8e1b3c-607e-4ada-b3fd-fa639727e92c__ep1,ep1,test,4880,4919,0.0,5.0180583000183105,0.10573159903287888,0.16896681487560272,0.22992146015167236
medium_40f_stride20:8a8e1b3c-607e-4ada-b3fd-fa639727e92c__ep1:qa:218,8a8e1b3c-607e-4ada-b3fd-fa639727e92c__ep1,ep1,test,4900,4939,0.0,3.0857386589050293,0.06912826001644135,0.10390222817659378,0.13984502851963043
medium_40f_stride20:a1012a57-385e-45a9-8a59-694a26fe92a5__ep1:qa:0,a1012a57-385e-45a9-8a59-694a26fe92a5__ep1,ep1,test,0,39,15.71673583984375,10.663616180419922,0.16650058329105377,0.25596898794174194,0.3589920699596405
medium_40f_stride20:a1012a57-385e-45a9-8a59-694a26fe92a5__ep1:qa:1,a1012a57-385e-45a9-8a59-694a26fe92a5__ep1,ep1,test,20,59,13.225178718566895,11.91936206817627,0.20156808197498322,0.3025393784046173,0.4415911138057709
medium_40f_stride20:a1012a57-385e-45a9-8a59-694a26fe92a5__ep1:qa:2,a1012a57-385e-45a9-8a59-694a26fe92a5__ep1,ep1,test,40,79,13.238113403320312,11.78023624420166,0.10228899121284485,0.15583983063697815,0.2128518968820572
medium_40f_stride20:a1012a57-385e-45a9-8a59-694a26fe92a5__ep1:qa:3,a1012a57-385e-45a9-8a59-694a26fe92a5__ep1,ep1,test,60,99,14.436052322387695,12.637663841247559,0.08724375069141388,0.13905732333660126,0.1851605623960495
medium_40f_stride20:a1012a57-385e-45a9-8a59-694a26fe92a5__ep1:qa:4,a1012a57-385e-45a9-8a59-694a26fe92a5__ep1,ep1,test,80,119,17.26273536682129,13.222698211669922,0.126188263297081,0.18523156642913818,0.2533012330532074
medium_40f_stride20:a1012a57-385e-45a9-8a59-694a26fe92a5__ep1:qa:5,a1012a57-385e-45a9-8a59-694a26fe92a5__ep1,ep1,test,100,139,17.113374710083008,10.896013259887695,0.16398751735687256,0.2436244636774063,0.31062525510787964
medium_40f_stride20:a1012a57-385e-45a9-8a59-694a26fe92a5__ep1:qa:6,a1012a57-385e-45a9-8a59-694a26fe92a5__ep1,ep1,test,120,159,17.88631820678711,11.477967262268066,0.16666153073310852,0.26037368178367615,0.3341805636882782
medium_40f_stride20:a1012a57-385e-45a9-8a59-694a26fe92a5__ep1:qa:7,a1012a57-385e-45a9-8a59-694a26fe92a5__ep1,ep1,test,140,179,18.428258895874023,14.16896915435791,0.1491975486278534,0.22816187143325806,0.2972661256790161
medium_40f_stride20:a1012a57-385e-45a9-8a59-694a26fe92a5__ep1:qa:8,a1012a57-385e-45a9-8a59-694a26fe92a5__ep1,ep1,test,160,199,17.657873153686523,13.810940742492676,0.14706304669380188,0.22042039036750793,0.28787174820899963
medium_40f_stride20:a1012a57-385e-45a9-8a59-694a26fe92a5__ep1:qa:9,a1012a57-385e-45a9-8a59-694a26fe92a5__ep1,ep1,test,180,219,16.044830322265625,14.944341659545898,0.10152678191661835,0.15278375148773193,0.21516962349414825
medium_40f_stride20:a1012a57-385e-45a9-8a59-694a26fe92a5__ep1:qa:10,a1012a57-385e-45a9-8a59-694a26fe92a5__ep1,ep1,test,200,239,15.161849975585938,15.972657203674316,0.18867860734462738,0.2571844160556793,0.3554879426956177
medium_40f_stride20:a1012a57-385e-45a9-8a59-694a26fe92a5__ep1:qa:11,a1012a57-385e-45a9-8a59-694a26fe92a5__ep1,ep1,test,240,279,17.383441925048828,11.343643188476562,0.16397634148597717,0.25363630056381226,0.32113733887672424
medium_40f_stride20:a1012a57-385e-45a9-8a59-694a26fe92a5__ep1:qa:12,a1012a57-385e-45a9-8a59-694a26fe92a5__ep1,ep1,test,260,299,17.139657974243164,9.071815490722656,0.20770332217216492,0.3217688202857971,0.405261367559433
medium_40f_stride20:a1012a57-385e-45a9-8a59-694a26fe92a5__ep1:qa:13,a1012a57-385e-45a9-8a59-694a26fe92a5__ep1,ep1,test,280,319,16.94746971130371,9.858268737792969,0.20912249386310577,0.35756948590278625,0.4309219419956207
medium_40f_stride20:a1012a57-385e-45a9-8a59-694a26fe92a5__ep1:qa:14,a1012a57-385e-45a9-8a59-694a26fe92a5__ep1,ep1,test,300,339,16.89045524597168,10.915958404541016,0.18835563957691193,0.3264906108379364,0.4129597842693329
medium_40f_stride20:a1012a57-385e-45a9-8a59-694a26fe92a5__ep1:qa:15,a1012a57-385e-45a9-8a59-694a26fe92a5__ep1,ep1,test,320,359,16.9046573638916,13.829784393310547,0.21007364988327026,0.3941028416156769,0.477718323469162
medium_40f_stride20:a1012a57-385e-45a9-8a59-694a26fe92a5__ep1:qa:16,a1012a57-385e-45a9-8a59-694a26fe92a5__ep1,ep1,test,360,399,16.969804763793945,11.292038917541504,0.16657410562038422,0.2920057475566864,0.35484805703163147
medium_40f_stride20:a1012a57-385e-45a9-8a59-694a26fe92a5__ep1:qa:17,a1012a57-385e-45a9-8a59-694a26fe92a5__ep1,ep1,test,400,439,16.91204261779785,13.045764923095703,0.1487494260072708,0.22743219137191772,0.2719847559928894
medium_40f_stride20:a1012a57-385e-45a9-8a59-694a26fe92a5__ep1:qa:18,a1012a57-385e-45a9-8a59-694a26fe92a5__ep1,ep1,test,420,459,16.84920883178711,12.646944999694824,0.1629599630832672,0.2531117796897888,0.29671716690063477
medium_40f_stride20:a1012a57-385e-45a9-8a59-694a26fe92a5__ep1:qa:19,a1012a57-385e-45a9-8a59-694a26fe92a5__ep1,ep1,test,440,479,16.629743576049805,12.105867385864258,0.16930365562438965,0.25498104095458984,0.3097435534000397
medium_40f_stride20:a1012a57-385e-45a9-8a59-694a26fe92a5__ep1:qa:20,a1012a57-385e-45a9-8a59-694a26fe92a5__ep1,ep1,test,460,499,17.247344970703125,11.274892807006836,0.19228385388851166,0.2628655731678009,0.36597052216529846
medium_40f_stride20:a1012a57-385e-45a9-8a59-694a26fe92a5__ep1:qa:21,a1012a57-385e-45a9-8a59-694a26fe92a5__ep1,ep1,test,480,519,16.327678680419922,11.7853422164917,0.15608294308185577,0.22916071116924286,0.3102926015853882
medium_40f_stride20:a1012a57-385e-45a9-8a59-694a26fe92a5__ep1:qa:22,a1012a57-385e-45a9-8a59-694a26fe92a5__ep1,ep1,test,500,539,15.42977237701416,11.746565818786621,0.14565064013004303,0.22148752212524414,0.29148057103157043
medium_40f_stride20:a1012a57-385e-45a9-8a59-694a26fe92a5__ep1:qa:23,a1012a57-385e-45a9-8a59-694a26fe92a5__ep1,ep1,test,520,559,16.522663116455078,13.395479202270508,0.1506446897983551,0.2174054980278015,0.28909212350845337
medium_40f_stride20:a1012a57-385e-45a9-8a59-694a26fe92a5__ep1:qa:24,a1012a57-385e-45a9-8a59-694a26fe92a5__ep1,ep1,test,540,579,16.26090431213379,10.88402271270752,0.11075612902641296,0.1938658356666565,0.24635522067546844
medium_40f_stride20:a1012a57-385e-45a9-8a59-694a26fe92a5__ep1:qa:25,a1012a57-385e-45a9-8a59-694a26fe92a5__ep1,ep1,test,560,599,15.80255126953125,13.327319145202637,0.13858024775981903,0.19739849865436554,0.2623414099216461
medium_40f_stride20:a1012a57-385e-45a9-8a59-694a26fe92a5__ep1:qa:26,a1012a57-385e-45a9-8a59-694a26fe92a5__ep1,ep1,test,580,619,16.435216903686523,14.361135482788086,0.319724440574646,0.5151333808898926,0.645551323890686
medium_40f_stride20:a1012a57-385e-45a9-8a59-694a26fe92a5__ep1:qa:27,a1012a57-385e-45a9-8a59-694a26fe92a5__ep1,ep1,test,600,639,16.21681785583496,7.980591773986816,0.19007563591003418,0.309577614068985,0.37588363885879517
medium_40f_stride20:a1012a57-385e-45a9-8a59-694a26fe92a5__ep1:qa:28,a1012a57-385e-45a9-8a59-694a26fe92a5__ep1,ep1,test,620,659,16.37854766845703,16.51200294494629,0.22223031520843506,0.344252347946167,0.46595415472984314
medium_40f_stride20:a1012a57-385e-45a9-8a59-694a26fe92a5__ep1:qa:29,a1012a57-385e-45a9-8a59-694a26fe92a5__ep1,ep1,test,640,679,16.18065071105957,13.343624114990234,0.09456145763397217,0.1388123333454132,0.18580491840839386
medium_40f_stride20:a1012a57-385e-45a9-8a59-694a26fe92a5__ep1:qa:30,a1012a57-385e-45a9-8a59-694a26fe92a5__ep1,ep1,test,660,699,15.975988388061523,12.289112091064453,0.1345302164554596,0.1987890899181366,0.24909381568431854
medium_40f_stride20:a1012a57-385e-45a9-8a59-694a26fe92a5__ep1:qa:31,a1012a57-385e-45a9-8a59-694a26fe92a5__ep1,ep1,test,680,719,15.461067199707031,11.309469223022461,0.1242811381816864,0.1904217004776001,0.2525043487548828
medium_40f_stride20:a1012a57-385e-45a9-8a59-694a26fe92a5__ep1:qa:32,a1012a57-385e-45a9-8a59-694a26fe92a5__ep1,ep1,test,700,739,15.160550117492676,11.046281814575195,0.13371524214744568,0.20174932479858398,0.24464912712574005
medium_40f_stride20:a1012a57-385e-45a9-8a59-694a26fe92a5__ep1:qa:33,a1012a57-385e-45a9-8a59-694a26fe92a5__ep1,ep1,test,720,759,15.106318473815918,11.60409164428711,0.11860264092683792,0.18199186027050018,0.22128991782665253
medium_40f_stride20:a1012a57-385e-45a9-8a59-694a26fe92a5__ep1:qa:34,a1012a57-385e-45a9-8a59-694a26fe92a5__ep1,ep1,test,740,779,15.032075881958008,10.807464599609375,0.14387843012809753,0.23295211791992188,0.2868703305721283
medium_40f_stride20:a1012a57-385e-45a9-8a59-694a26fe92a5__ep1:qa:35,a1012a57-385e-45a9-8a59-694a26fe92a5__ep1,ep1,test,760,799,14.881675720214844,10.722743034362793,0.137920081615448,0.21111561357975006,0.25831976532936096
medium_40f_stride20:a1012a57-385e-45a9-8a59-694a26fe92a5__ep1:qa:36,a1012a57-385e-45a9-8a59-694a26fe92a5__ep1,ep1,test,780,819,13.937309265136719,10.787568092346191,0.11838680505752563,0.17331701517105103,0.2256261110305786
medium_40f_stride20:a1012a57-385e-45a9-8a59-694a26fe92a5__ep1:qa:37,a1012a57-385e-45a9-8a59-694a26fe92a5__ep1,ep1,test,800,839,13.71996021270752,9.981125831604004,0.11431611329317093,0.17774523794651031,0.22557373344898224
medium_40f_stride20:a1012a57-385e-45a9-8a59-694a26fe92a5__ep1:qa:38,a1012a57-385e-45a9-8a59-694a26fe92a5__ep1,ep1,test,820,859,15.58916187286377,11.711020469665527,0.14871883392333984,0.20155897736549377,0.2762915790081024
medium_40f_stride20:a1012a57-385e-45a9-8a59-694a26fe92a5__ep1:qa:39,a1012a57-385e-45a9-8a59-694a26fe92a5__ep1,ep1,test,840,879,15.80384635925293,9.848660469055176,0.1354846954345703,0.22213523089885712,0.29351484775543213
medium_40f_stride20:a1012a57-385e-45a9-8a59-694a26fe92a5__ep1:qa:40,a1012a57-385e-45a9-8a59-694a26fe92a5__ep1,ep1,test,860,899,15.770772933959961,10.724342346191406,0.11659080535173416,0.19093380868434906,0.24344848096370697
medium_40f_stride20:a1012a57-385e-45a9-8a59-694a26fe92a5__ep1:qa:41,a1012a57-385e-45a9-8a59-694a26fe92a5__ep1,ep1,test,880,919,15.167281150817871,10.153000831604004,0.10165078192949295,0.17600025236606598,0.2283879816532135
medium_40f_stride20:a1012a57-385e-45a9-8a59-694a26fe92a5__ep1:qa:42,a1012a57-385e-45a9-8a59-694a26fe92a5__ep1,ep1,test,900,939,14.818562507629395,11.92178726196289,0.08212053775787354,0.12293919920921326,0.16482827067375183
medium_40f_stride20:a1012a57-385e-45a9-8a59-694a26fe92a5__ep1:qa:43,a1012a57-385e-45a9-8a59-694a26fe92a5__ep1,ep1,test,920,959,13.588196754455566,12.139399528503418,0.07874362915754318,0.11431929469108582,0.1520337164402008
medium_40f_stride20:a1012a57-385e-45a9-8a59-694a26fe92a5__ep1:qa:44,a1012a57-385e-45a9-8a59-694a26fe92a5__ep1,ep1,test,940,979,13.5354642868042,12.353812217712402,0.22356149554252625,0.3875473439693451,0.5228289365768433
medium_40f_stride20:a1012a57-385e-45a9-8a59-694a26fe92a5__ep1:qa:45,a1012a57-385e-45a9-8a59-694a26fe92a5__ep1,ep1,test,960,999,10.675525665283203,9.86899471282959,0.19618353247642517,0.28241777420043945,0.42557379603385925
medium_40f_stride20:a1012a57-385e-45a9-8a59-694a26fe92a5__ep1:qa:46,a1012a57-385e-45a9-8a59-694a26fe92a5__ep1,ep1,test,980,1019,14.893054008483887,11.926527976989746,0.24592870473861694,0.39546820521354675,0.5163686275482178
medium_40f_stride20:a1012a57-385e-45a9-8a59-694a26fe92a5__ep1:qa:47,a1012a57-385e-45a9-8a59-694a26fe92a5__ep1,ep1,test,1000,1039,14.433526992797852,11.723374366760254,0.0907941535115242,0.1345207840204239,0.17161889374256134
medium_40f_stride20:a1012a57-385e-45a9-8a59-694a26fe92a5__ep1:qa:48,a1012a57-385e-45a9-8a59-694a26fe92a5__ep1,ep1,test,1020,1059,13.716167449951172,10.925336837768555,0.10025084018707275,0.14638356864452362,0.20443786680698395
medium_40f_stride20:a1012a57-385e-45a9-8a59-694a26fe92a5__ep1:qa:49,a1012a57-385e-45a9-8a59-694a26fe92a5__ep1,ep1,test,1040,1079,13.954161643981934,4.2446489334106445,0.20300248265266418,0.3350086212158203,0.4483505189418793
medium_40f_stride20:a1012a57-385e-45a9-8a59-694a26fe92a5__ep1:qa:50,a1012a57-385e-45a9-8a59-694a26fe92a5__ep1,ep1,test,1060,1099,15.067553520202637,10.485180854797363,0.11686163395643234,0.18557949364185333,0.24549061059951782
medium_40f_stride20:a1012a57-385e-45a9-8a59-694a26fe92a5__ep1:qa:51,a1012a57-385e-45a9-8a59-694a26fe92a5__ep1,ep1,test,1080,1119,15.109816551208496,11.755735397338867,0.12457635998725891,0.18374812602996826,0.26017388701438904
medium_40f_stride20:a1012a57-385e-45a9-8a59-694a26fe92a5__ep1:qa:52,a1012a57-385e-45a9-8a59-694a26fe92a5__ep1,ep1,test,1100,1139,14.7074613571167,9.535327911376953,0.1254168599843979,0.21498221158981323,0.2525924742221832
medium_40f_stride20:a1012a57-385e-45a9-8a59-694a26fe92a5__ep1:qa:53,a1012a57-385e-45a9-8a59-694a26fe92a5__ep1,ep1,test,1120,1159,14.878920555114746,11.223284721374512,0.1178729310631752,0.18960987031459808,0.25520601868629456
medium_40f_stride20:a1012a57-385e-45a9-8a59-694a26fe92a5__ep1:qa:54,a1012a57-385e-45a9-8a59-694a26fe92a5__ep1,ep1,test,1140,1179,15.060843467712402,11.14052963256836,0.12516212463378906,0.17676681280136108,0.24337023496627808
medium_40f_stride20:a1012a57-385e-45a9-8a59-694a26fe92a5__ep1:qa:55,a1012a57-385e-45a9-8a59-694a26fe92a5__ep1,ep1,test,1160,1199,15.281402587890625,11.151714324951172,0.10331673920154572,0.1573113352060318,0.1992151439189911
medium_40f_stride20:a1012a57-385e-45a9-8a59-694a26fe92a5__ep1:qa:56,a1012a57-385e-45a9-8a59-694a26fe92a5__ep1,ep1,test,1180,1219,14.2086181640625,12.019437789916992,0.1366780400276184,0.19319890439510345,0.25629037618637085
medium_40f_stride20:a1012a57-385e-45a9-8a59-694a26fe92a5__ep1:qa:57,a1012a57-385e-45a9-8a59-694a26fe92a5__ep1,ep1,test,1200,1239,13.790519714355469,10.343045234680176,0.09273631125688553,0.15602119266986847,0.196592316031456
medium_40f_stride20:a1012a57-385e-45a9-8a59-694a26fe92a5__ep1:qa:58,a1012a57-385e-45a9-8a59-694a26fe92a5__ep1,ep1,test,1220,1259,14.59605884552002,12.461935997009277,0.08095912635326385,0.134379044175148,0.17540022730827332
medium_40f_stride20:a1012a57-385e-45a9-8a59-694a26fe92a5__ep1:qa:59,a1012a57-385e-45a9-8a59-694a26fe92a5__ep1,ep1,test,1240,1279,15.175721168518066,10.66176986694336,0.10427005589008331,0.18003013730049133,0.2315216064453125
medium_40f_stride20:a1012a57-385e-45a9-8a59-694a26fe92a5__ep1:qa:60,a1012a57-385e-45a9-8a59-694a26fe92a5__ep1,ep1,test,1260,1299,15.738204956054688,12.348190307617188,0.07782445847988129,0.12639030814170837,0.16260330379009247
medium_40f_stride20:a1012a57-385e-45a9-8a59-694a26fe92a5__ep1:qa:61,a1012a57-385e-45a9-8a59-694a26fe92a5__ep1,ep1,test,1280,1319,15.511980056762695,11.400365829467773,0.10089690238237381,0.1542433202266693,0.203123077750206
medium_40f_stride20:a1012a57-385e-45a9-8a59-694a26fe92a5__ep1:qa:62,a1012a57-385e-45a9-8a59-694a26fe92a5__ep1,ep1,test,1300,1339,15.0498046875,10.564498901367188,0.23255838453769684,0.38971856236457825,0.509131133556366
medium_40f_stride20:a1012a57-385e-45a9-8a59-694a26fe92a5__ep1:qa:63,a1012a57-385e-45a9-8a59-694a26fe92a5__ep1,ep1,test,1320,1359,11.780054092407227,11.915447235107422,0.1489376425743103,0.2567189633846283,0.3364832103252411
medium_40f_stride20:a1012a57-385e-45a9-8a59-694a26fe92a5__ep1:qa:64,a1012a57-385e-45a9-8a59-694a26fe92a5__ep1,ep1,test,1340,1379,14.060324668884277,13.935664176940918,0.07391370087862015,0.127322718501091,0.16216617822647095
medium_40f_stride20:a1012a57-385e-45a9-8a59-694a26fe92a5__ep1:qa:65,a1012a57-385e-45a9-8a59-694a26fe92a5__ep1,ep1,test,1360,1399,14.421040534973145,12.90928840637207,0.0889386236667633,0.1390373706817627,0.18190579116344452
medium_40f_stride20:a1012a57-385e-45a9-8a59-694a26fe92a5__ep1:qa:66,a1012a57-385e-45a9-8a59-694a26fe92a5__ep1,ep1,test,1380,1419,15.13192367553711,11.705925941467285,0.08789991587400436,0.1426987200975418,0.1810128092765808
medium_40f_stride20:a1012a57-385e-45a9-8a59-694a26fe92a5__ep1:qa:67,a1012a57-385e-45a9-8a59-694a26fe92a5__ep1,ep1,test,1400,1439,15.044209480285645,4.137749671936035,0.21165594458580017,0.3709479570388794,0.4387977123260498
medium_40f_stride20:a1012a57-385e-45a9-8a59-694a26fe92a5__ep1:qa:68,a1012a57-385e-45a9-8a59-694a26fe92a5__ep1,ep1,test,1420,1459,15.050833702087402,11.353785514831543,0.11079655587673187,0.16808030009269714,0.21930177509784698
medium_40f_stride20:a1012a57-385e-45a9-8a59-694a26fe92a5__ep1:qa:69,a1012a57-385e-45a9-8a59-694a26fe92a5__ep1,ep1,test,1440,1479,15.076805114746094,12.030322074890137,0.0952453464269638,0.15235120058059692,0.18451452255249023
medium_40f_stride20:a1012a57-385e-45a9-8a59-694a26fe92a5__ep1:qa:70,a1012a57-385e-45a9-8a59-694a26fe92a5__ep1,ep1,test,1460,1499,16.525522232055664,12.205987930297852,0.15304513275623322,0.2197759598493576,0.29998528957366943
medium_40f_stride20:a1012a57-385e-45a9-8a59-694a26fe92a5__ep1:qa:71,a1012a57-385e-45a9-8a59-694a26fe92a5__ep1,ep1,test,1480,1519,18.262676239013672,12.533162117004395,0.19386281073093414,0.3069543242454529,0.41669172048568726
medium_40f_stride20:a1012a57-385e-45a9-8a59-694a26fe92a5__ep1:qa:72,a1012a57-385e-45a9-8a59-694a26fe92a5__ep1,ep1,test,1500,1539,18.262676239013672,13.115604400634766,0.19350700080394745,0.315068781375885,0.4210483431816101
medium_40f_stride20:a1012a57-385e-45a9-8a59-694a26fe92a5__ep1:qa:73,a1012a57-385e-45a9-8a59-694a26fe92a5__ep1,ep1,test,1520,1559,16.220417022705078,12.95335865020752,0.10023902356624603,0.15069884061813354,0.20492509007453918
medium_40f_stride20:a1012a57-385e-45a9-8a59-694a26fe92a5__ep1:qa:74,a1012a57-385e-45a9-8a59-694a26fe92a5__ep1,ep1,test,1540,1579,16.220417022705078,12.8629150390625,0.09926722198724747,0.15248118340969086,0.20746532082557678
medium_40f_stride20:a1012a57-385e-45a9-8a59-694a26fe92a5__ep1:qa:246,a1012a57-385e-45a9-8a59-694a26fe92a5__ep1,ep1,test,5000,5039,14.289424896240234,8.563913345336914,0.11800544708967209,0.2155950516462326,0.2516457140445709
medium_40f_stride20:a1012a57-385e-45a9-8a59-694a26fe92a5__ep1:qa:247,a1012a57-385e-45a9-8a59-694a26fe92a5__ep1,ep1,test,5020,5059,13.023351669311523,9.207941055297852,0.09277767688035965,0.15682727098464966,0.1997101902961731
medium_40f_stride20:a1012a57-385e-45a9-8a59-694a26fe92a5__ep1:qa:248,a1012a57-385e-45a9-8a59-694a26fe92a5__ep1,ep1,test,5040,5079,12.891220092773438,8.13858699798584,0.0980207771062851,0.1801571398973465,0.22983571887016296
medium_40f_stride20:a1012a57-385e-45a9-8a59-694a26fe92a5__ep1:qa:249,a1012a57-385e-45a9-8a59-694a26fe92a5__ep1,ep1,test,5060,5099,13.846556663513184,6.561608791351318,0.12579673528671265,0.24859698116779327,0.2910936176776886
medium_40f_stride20:a1012a57-385e-45a9-8a59-694a26fe92a5__ep1:qa:250,a1012a57-385e-45a9-8a59-694a26fe92a5__ep1,ep1,test,5080,5119,13.060820579528809,6.349556922912598,0.1408476084470749,0.23692665994167328,0.30693385004997253
medium_40f_stride20:a1012a57-385e-45a9-8a59-694a26fe92a5__ep1:qa:251,a1012a57-385e-45a9-8a59-694a26fe92a5__ep1,ep1,test,5100,5139,13.209324836730957,11.022737503051758,0.09390817582607269,0.1362830102443695,0.18242640793323517
medium_40f_stride20:a1012a57-385e-45a9-8a59-694a26fe92a5__ep1:qa:252,a1012a57-385e-45a9-8a59-694a26fe92a5__ep1,ep1,test,5120,5159,12.414487838745117,9.422310829162598,0.09059885144233704,0.15139319002628326,0.18099471926689148
medium_40f_stride20:a1012a57-385e-45a9-8a59-694a26fe92a5__ep1:qa:253,a1012a57-385e-45a9-8a59-694a26fe92a5__ep1,ep1,test,5140,5179,12.560847282409668,8.706259727478027,0.10341484099626541,0.17470388114452362,0.20390665531158447
medium_40f_stride20:a1012a57-385e-45a9-8a59-694a26fe92a5__ep1:qa:254,a1012a57-385e-45a9-8a59-694a26fe92a5__ep1,ep1,test,5160,5199,12.649515151977539,12.318842887878418,0.07964562624692917,0.12106424570083618,0.15888288617134094
medium_40f_stride20:a1012a57-385e-45a9-8a59-694a26fe92a5__ep1:qa:255,a1012a57-385e-45a9-8a59-694a26fe92a5__ep1,ep1,test,5180,5219,12.565373420715332,11.044116973876953,0.23309426009655,0.36723563075065613,0.5134191513061523
medium_40f_stride20:a1012a57-385e-45a9-8a59-694a26fe92a5__ep1:qa:256,a1012a57-385e-45a9-8a59-694a26fe92a5__ep1,ep1,test,5200,5239,0.0,10.462916374206543,0.18649239838123322,0.35230469703674316,0.44116365909576416
medium_40f_stride20:a1012a57-385e-45a9-8a59-694a26fe92a5__ep1:qa:257,a1012a57-385e-45a9-8a59-694a26fe92a5__ep1,ep1,test,5220,5259,0.0,11.609251022338867,0.18331514298915863,0.3909038305282593,0.45760858058929443
medium_40f_stride20:a1012a57-385e-45a9-8a59-694a26fe92a5__ep1:qa:258,a1012a57-385e-45a9-8a59-694a26fe92a5__ep1,ep1,test,5240,5279,0.0,11.131196022033691,0.1894034594297409,0.37480688095092773,0.4729807376861572
medium_40f_stride20:a1012a57-385e-45a9-8a59-694a26fe92a5__ep1:qa:259,a1012a57-385e-45a9-8a59-694a26fe92a5__ep1,ep1,test,5260,5299,0.0,5.329093933105469,0.09227544814348221,0.17943991720676422,0.21386119723320007
medium_40f_stride20:a1012a57-385e-45a9-8a59-694a26fe92a5__ep1:qa:260,a1012a57-385e-45a9-8a59-694a26fe92a5__ep1,ep1,test,5280,5319,0.0,5.769783020019531,0.10523106157779694,0.19427870213985443,0.23224705457687378
medium_40f_stride20:a1012a57-385e-45a9-8a59-694a26fe92a5__ep1:qa:261,a1012a57-385e-45a9-8a59-694a26fe92a5__ep1,ep1,test,5300,5339,0.0,13.833562850952148,0.3164648711681366,0.46580031514167786,0.6060176491737366
medium_40f_stride20:a1012a57-385e-45a9-8a59-694a26fe92a5__ep1:qa:262,a1012a57-385e-45a9-8a59-694a26fe92a5__ep1,ep1,test,5320,5359,0.0,13.252131462097168,0.26674214005470276,0.4462224841117859,0.5466458201408386
medium_40f_stride20:a1012a57-385e-45a9-8a59-694a26fe92a5__ep1:qa:263,a1012a57-385e-45a9-8a59-694a26fe92a5__ep1,ep1,test,5340,5379,0.0,11.021151542663574,0.18815194070339203,0.3711014688014984,0.43954217433929443
medium_40f_stride20:a1012a57-385e-45a9-8a59-694a26fe92a5__ep1:qa:264,a1012a57-385e-45a9-8a59-694a26fe92a5__ep1,ep1,test,5360,5399,0.0,10.302998542785645,0.16120317578315735,0.3469200134277344,0.4059920608997345
medium_40f_stride20:33f7ae08-ac1d-4321-9cb9-eca79016b359__ep1:qa:0,33f7ae08-ac1d-4321-9cb9-eca79016b359__ep1,ep1,test,0,39,0.0,3.347177267074585,0.06336644291877747,0.11270532011985779,0.13953816890716553
medium_40f_stride20:33f7ae08-ac1d-4321-9cb9-eca79016b359__ep1:qa:1,33f7ae08-ac1d-4321-9cb9-eca79016b359__ep1,ep1,test,20,59,0.0,4.296447277069092,0.09051792323589325,0.14466890692710876,0.179473876953125
medium_40f_stride20:33f7ae08-ac1d-4321-9cb9-eca79016b359__ep1:qa:2,33f7ae08-ac1d-4321-9cb9-eca79016b359__ep1,ep1,test,40,79,0.0,6.4156012535095215,0.10952293127775192,0.2160245180130005,0.26481035351753235
medium_40f_stride20:33f7ae08-ac1d-4321-9cb9-eca79016b359__ep1:qa:3,33f7ae08-ac1d-4321-9cb9-eca79016b359__ep1,ep1,test,60,99,0.0,6.057330131530762,0.10911548137664795,0.20396091043949127,0.2526814043521881
medium_40f_stride20:33f7ae08-ac1d-4321-9cb9-eca79016b359__ep1:qa:4,33f7ae08-ac1d-4321-9cb9-eca79016b359__ep1,ep1,test,80,119,0.0,5.078926086425781,0.10257431864738464,0.17101633548736572,0.2095792144536972
medium_40f_stride20:33f7ae08-ac1d-4321-9cb9-eca79016b359__ep1:qa:5,33f7ae08-ac1d-4321-9cb9-eca79016b359__ep1,ep1,test,100,139,0.0,3.2925941944122314,0.0709133967757225,0.11086740344762802,0.13433915376663208
medium_40f_stride20:33f7ae08-ac1d-4321-9cb9-eca79016b359__ep1:qa:15,33f7ae08-ac1d-4321-9cb9-eca79016b359__ep1,ep1,test,320,359,0.0,3.8052477836608887,0.07683267444372177,0.12812934815883636,0.15646304190158844
medium_40f_stride20:33f7ae08-ac1d-4321-9cb9-eca79016b359__ep1:qa:16,33f7ae08-ac1d-4321-9cb9-eca79016b359__ep1,ep1,test,340,379,0.0,1.993245005607605,0.04326798394322395,0.06711605191230774,0.08441828936338425
medium_40f_stride20:33f7ae08-ac1d-4321-9cb9-eca79016b359__ep1:qa:17,33f7ae08-ac1d-4321-9cb9-eca79016b359__ep1,ep1,test,360,399,0.0,11.120588302612305,0.21746288239955902,0.3744496703147888,0.4898558259010315
medium_40f_stride20:33f7ae08-ac1d-4321-9cb9-eca79016b359__ep1:qa:18,33f7ae08-ac1d-4321-9cb9-eca79016b359__ep1,ep1,test,400,439,0.0,2.189116954803467,0.041976816952228546,0.07371140271425247,0.0935930535197258
medium_40f_stride20:33f7ae08-ac1d-4321-9cb9-eca79016b359__ep1:qa:19,33f7ae08-ac1d-4321-9cb9-eca79016b359__ep1,ep1,test,420,459,36.73236846923828,0.9295783042907715,0.8645218014717102,1.2390621900558472,1.554449439048767
medium_40f_stride20:33f7ae08-ac1d-4321-9cb9-eca79016b359__ep1:qa:20,33f7ae08-ac1d-4321-9cb9-eca79016b359__ep1,ep1,test,440,479,40.134246826171875,1.752556324005127,0.9593265652656555,1.3590853214263916,1.768650770187378
medium_40f_stride20:33f7ae08-ac1d-4321-9cb9-eca79016b359__ep1:qa:21,33f7ae08-ac1d-4321-9cb9-eca79016b359__ep1,ep1,test,460,499,40.134246826171875,3.4358651638031006,0.8996798396110535,1.3091721534729004,1.7006785869598389
medium_40f_stride20:33f7ae08-ac1d-4321-9cb9-eca79016b359__ep1:qa:22,33f7ae08-ac1d-4321-9cb9-eca79016b359__ep1,ep1,test,480,519,39.788002014160156,1.3940317630767822,0.8741117119789124,1.3440827131271362,1.6047768592834473
medium_40f_stride20:33f7ae08-ac1d-4321-9cb9-eca79016b359__ep1:qa:23,33f7ae08-ac1d-4321-9cb9-eca79016b359__ep1,ep1,test,500,539,39.788002014160156,2.7660374641418457,0.8901265859603882,1.355977177619934,1.618013620376587
medium_40f_stride20:33f7ae08-ac1d-4321-9cb9-eca79016b359__ep1:qa:43,33f7ae08-ac1d-4321-9cb9-eca79016b359__ep1,ep1,test,920,959,33.4135856628418,38.98838424682617,0.4752087891101837,0.7587200999259949,0.969696581363678
medium_40f_stride20:33f7ae08-ac1d-4321-9cb9-eca79016b359__ep1:qa:44,33f7ae08-ac1d-4321-9cb9-eca79016b359__ep1,ep1,test,940,979,28.898698806762695,15.436288833618164,0.5432205200195312,0.778116762638092,1.1205496788024902
medium_40f_stride20:33f7ae08-ac1d-4321-9cb9-eca79016b359__ep1:qa:45,33f7ae08-ac1d-4321-9cb9-eca79016b359__ep1,ep1,test,960,999,0.0,10.05727767944336,0.23011599481105804,0.33864617347717285,0.40374624729156494
medium_40f_stride20:33f7ae08-ac1d-4321-9cb9-eca79016b359__ep1:qa:46,33f7ae08-ac1d-4321-9cb9-eca79016b359__ep1,ep1,test,1000,1039,20.4461727142334,12.14767837524414,0.3067941963672638,0.48650017380714417,0.6554632782936096
medium_40f_stride20:33f7ae08-ac1d-4321-9cb9-eca79016b359__ep1:qa:47,33f7ae08-ac1d-4321-9cb9-eca79016b359__ep1,ep1,test,1020,1059,20.4461727142334,7.242304801940918,0.3372189998626709,0.5542165637016296,0.7337146401405334
medium_40f_stride20:33f7ae08-ac1d-4321-9cb9-eca79016b359__ep1:qa:48,33f7ae08-ac1d-4321-9cb9-eca79016b359__ep1,ep1,test,1040,1079,20.4461727142334,1.2051912546157837,0.42077577114105225,0.6869953870773315,0.8870722055435181
medium_40f_stride20:33f7ae08-ac1d-4321-9cb9-eca79016b359__ep1:qa:49,33f7ae08-ac1d-4321-9cb9-eca79016b359__ep1,ep1,test,1060,1099,20.4461727142334,5.180990695953369,0.39481768012046814,0.6939619779586792,0.896087646484375
medium_40f_stride20:33f7ae08-ac1d-4321-9cb9-eca79016b359__ep1:qa:50,33f7ae08-ac1d-4321-9cb9-eca79016b359__ep1,ep1,test,1080,1119,24.25784683227539,5.860835552215576,0.41152697801589966,0.789905846118927,0.9974138736724854
medium_40f_stride20:33f7ae08-ac1d-4321-9cb9-eca79016b359__ep1:qa:53,33f7ae08-ac1d-4321-9cb9-eca79016b359__ep1,ep1,test,1160,1199,29.2154598236084,6.3513689041137695,0.6284499168395996,0.8992509841918945,1.2201436758041382
medium_40f_stride20:33f7ae08-ac1d-4321-9cb9-eca79016b359__ep1:qa:54,33f7ae08-ac1d-4321-9cb9-eca79016b359__ep1,ep1,test,1180,1219,29.2154598236084,10.34302043914795,0.6699005365371704,0.9455143213272095,1.332053303718567
medium_40f_stride20:33f7ae08-ac1d-4321-9cb9-eca79016b359__ep1:qa:55,33f7ae08-ac1d-4321-9cb9-eca79016b359__ep1,ep1,test,1200,1239,0.0,23.414653778076172,0.5408016443252563,0.7884124517440796,0.9548307657241821
medium_40f_stride20:33f7ae08-ac1d-4321-9cb9-eca79016b359__ep1:qa:56,33f7ae08-ac1d-4321-9cb9-eca79016b359__ep1,ep1,test,1220,1259,0.0,32.778968811035156,0.7320155501365662,1.1037251949310303,1.3011318445205688
medium_40f_stride20:33f7ae08-ac1d-4321-9cb9-eca79016b359__ep1:qa:57,33f7ae08-ac1d-4321-9cb9-eca79016b359__ep1,ep1,test,1240,1279,0.0,22.299171447753906,0.5269989967346191,0.7508521676063538,0.9246934056282043
medium_40f_stride20:33f7ae08-ac1d-4321-9cb9-eca79016b359__ep1:qa:58,33f7ae08-ac1d-4321-9cb9-eca79016b359__ep1,ep1,test,1280,1319,0.0,17.934770584106445,0.431771457195282,0.6038951277732849,0.7798977494239807
medium_40f_stride20:33f7ae08-ac1d-4321-9cb9-eca79016b359__ep1:qa:59,33f7ae08-ac1d-4321-9cb9-eca79016b359__ep1,ep1,test,1300,1339,0.0,9.056899070739746,0.1901795119047165,0.304961621761322,0.3809656798839569
medium_40f_stride20:33f7ae08-ac1d-4321-9cb9-eca79016b359__ep1:qa:60,33f7ae08-ac1d-4321-9cb9-eca79016b359__ep1,ep1,test,1320,1359,0.0,5.109820365905762,0.11592449247837067,0.17205660045146942,0.21526196599006653
medium_40f_stride20:33f7ae08-ac1d-4321-9cb9-eca79016b359__ep1:qa:61,33f7ae08-ac1d-4321-9cb9-eca79016b359__ep1,ep1,test,1340,1379,0.0,8.67011547088623,0.17972618341445923,0.2919379472732544,0.3607599139213562
medium_40f_stride20:33f7ae08-ac1d-4321-9cb9-eca79016b359__ep1:qa:62,33f7ae08-ac1d-4321-9cb9-eca79016b359__ep1,ep1,test,1360,1399,0.0,3.2597968578338623,0.058124687522649765,0.10976306349039078,0.13476607203483582
medium_40f_stride20:33f7ae08-ac1d-4321-9cb9-eca79016b359__ep1:qa:63,33f7ae08-ac1d-4321-9cb9-eca79016b359__ep1,ep1,test,1400,1439,25.28999900817871,2.1140849590301514,0.5619251728057861,0.8351747393608093,1.1416252851486206
medium_40f_stride20:33f7ae08-ac1d-4321-9cb9-eca79016b359__ep1:qa:64,33f7ae08-ac1d-4321-9cb9-eca79016b359__ep1,ep1,test,1420,1459,25.28999900817871,6.692869663238525,0.5265264511108398,0.7893602252006531,1.0937156677246094
medium_40f_stride20:33f7ae08-ac1d-4321-9cb9-eca79016b359__ep1:qa:65,33f7ae08-ac1d-4321-9cb9-eca79016b359__ep1,ep1,test,1440,1479,27.650896072387695,4.9609785079956055,0.523019015789032,0.8742699027061462,1.0563979148864746
medium_40f_stride20:33f7ae08-ac1d-4321-9cb9-eca79016b359__ep1:qa:66,33f7ae08-ac1d-4321-9cb9-eca79016b359__ep1,ep1,test,1460,1499,26.867748260498047,2.9687325954437256,0.5110377669334412,0.8634810447692871,1.0170345306396484
medium_40f_stride20:33f7ae08-ac1d-4321-9cb9-eca79016b359__ep1:qa:67,33f7ae08-ac1d-4321-9cb9-eca79016b359__ep1,ep1,test,1480,1519,26.46642303466797,2.594116687774658,0.4832344651222229,0.8199614882469177,0.9847257733345032
medium_40f_stride20:33f7ae08-ac1d-4321-9cb9-eca79016b359__ep1:qa:68,33f7ae08-ac1d-4321-9cb9-eca79016b359__ep1,ep1,test,1520,1559,27.3297119140625,13.16666030883789,0.292793333530426,0.5632305145263672,0.658100426197052
medium_40f_stride20:33f7ae08-ac1d-4321-9cb9-eca79016b359__ep1:qa:69,33f7ae08-ac1d-4321-9cb9-eca79016b359__ep1,ep1,test,1540,1579,22.739315032958984,1.4368033409118652,0.4599055051803589,0.8003872632980347,0.9401949048042297
medium_40f_stride20:33f7ae08-ac1d-4321-9cb9-eca79016b359__ep1:qa:70,33f7ae08-ac1d-4321-9cb9-eca79016b359__ep1,ep1,test,1560,1599,22.534496307373047,0.9921038746833801,0.43742477893829346,0.7546877861022949,0.8973296284675598
medium_40f_stride20:33f7ae08-ac1d-4321-9cb9-eca79016b359__ep1:qa:71,33f7ae08-ac1d-4321-9cb9-eca79016b359__ep1,ep1,test,1580,1619,22.534496307373047,1.4138394594192505,0.4198431372642517,0.722646176815033,0.8550634384155273
medium_40f_stride20:33f7ae08-ac1d-4321-9cb9-eca79016b359__ep1:qa:72,33f7ae08-ac1d-4321-9cb9-eca79016b359__ep1,ep1,test,1600,1639,25.817712783813477,1.7169660329818726,0.5456438660621643,0.9003441333770752,1.0757163763046265
medium_40f_stride20:33f7ae08-ac1d-4321-9cb9-eca79016b359__ep1:qa:73,33f7ae08-ac1d-4321-9cb9-eca79016b359__ep1,ep1,test,1620,1659,25.817712783813477,4.041168689727783,0.5891346335411072,0.9664831757545471,1.1571109294891357
medium_40f_stride20:33f7ae08-ac1d-4321-9cb9-eca79016b359__ep1:qa:91,33f7ae08-ac1d-4321-9cb9-eca79016b359__ep1,ep1,test,2000,2039,27.516551971435547,1.6062182188034058,0.6226977705955505,0.9056504964828491,1.2666783332824707
medium_40f_stride20:33f7ae08-ac1d-4321-9cb9-eca79016b359__ep1:qa:92,33f7ae08-ac1d-4321-9cb9-eca79016b359__ep1,ep1,test,2020,2059,24.986379623413086,2.4111483097076416,0.4862039387226105,0.8246995806694031,0.9917371869087219
medium_40f_stride20:33f7ae08-ac1d-4321-9cb9-eca79016b359__ep1:qa:93,33f7ae08-ac1d-4321-9cb9-eca79016b359__ep1,ep1,test,2040,2079,0.0,2.9316599369049072,0.06535553187131882,0.09871412068605423,0.1287035197019577
medium_40f_stride20:33f7ae08-ac1d-4321-9cb9-eca79016b359__ep1:qa:94,33f7ae08-ac1d-4321-9cb9-eca79016b359__ep1,ep1,test,2060,2099,0.0,3.3244411945343018,0.057053085416555405,0.11193975061178207,0.13380476832389832
medium_40f_stride20:33f7ae08-ac1d-4321-9cb9-eca79016b359__ep1:qa:95,33f7ae08-ac1d-4321-9cb9-eca79016b359__ep1,ep1,test,2080,2119,26.189355850219727,3.7702693939208984,0.5211145877838135,0.8855568766593933,1.110304594039917
medium_40f_stride20:33f7ae08-ac1d-4321-9cb9-eca79016b359__ep1:qa:96,33f7ae08-ac1d-4321-9cb9-eca79016b359__ep1,ep1,test,2100,2139,26.189355850219727,3.1363511085510254,0.5038959383964539,0.8371513485908508,1.049200415611267
medium_40f_stride20:33f7ae08-ac1d-4321-9cb9-eca79016b359__ep1:qa:116,33f7ae08-ac1d-4321-9cb9-eca79016b359__ep1,ep1,test,2520,2559,32.89029312133789,21.08359146118164,0.382264643907547,0.5895928144454956,0.7939751744270325
medium_40f_stride20:33f7ae08-ac1d-4321-9cb9-eca79016b359__ep1:qa:117,33f7ae08-ac1d-4321-9cb9-eca79016b359__ep1,ep1,test,2540,2579,32.89029312133789,26.168354034423828,0.4662594497203827,0.7151338458061218,0.9855120182037354
medium_40f_stride20:33f7ae08-ac1d-4321-9cb9-eca79016b359__ep1:qa:118,33f7ae08-ac1d-4321-9cb9-eca79016b359__ep1,ep1,test,2560,2599,30.817678451538086,22.69070053100586,0.4512614905834198,0.6983013153076172,0.972366213798523
medium_40f_stride20:33f7ae08-ac1d-4321-9cb9-eca79016b359__ep1:qa:119,33f7ae08-ac1d-4321-9cb9-eca79016b359__ep1,ep1,test,2580,2619,30.817678451538086,16.760343551635742,0.46604016423225403,0.714663565158844,0.927983820438385
medium_40f_stride20:33f7ae08-ac1d-4321-9cb9-eca79016b359__ep1:qa:120,33f7ae08-ac1d-4321-9cb9-eca79016b359__ep1,ep1,test,2600,2639,12.59273624420166,16.67797088623047,0.25426992774009705,0.3741610646247864,0.5017560124397278
medium_40f_stride20:33f7ae08-ac1d-4321-9cb9-eca79016b359__ep1:qa:127,33f7ae08-ac1d-4321-9cb9-eca79016b359__ep1,ep1,test,2760,2799,10.250941276550293,5.021425724029541,0.13085046410560608,0.19056646525859833,0.2589317858219147
medium_40f_stride20:33f7ae08-ac1d-4321-9cb9-eca79016b359__ep1:qa:128,33f7ae08-ac1d-4321-9cb9-eca79016b359__ep1,ep1,test,2800,2839,10.902312278747559,8.139837265014648,0.11926295608282089,0.18023939430713654,0.2360696643590927
medium_40f_stride20:33f7ae08-ac1d-4321-9cb9-eca79016b359__ep1:qa:129,33f7ae08-ac1d-4321-9cb9-eca79016b359__ep1,ep1,test,2820,2859,11.289422988891602,7.512121677398682,0.18205198645591736,0.26689833402633667,0.3668130934238434
medium_40f_stride20:33f7ae08-ac1d-4321-9cb9-eca79016b359__ep1:qa:130,33f7ae08-ac1d-4321-9cb9-eca79016b359__ep1,ep1,test,2840,2879,16.93083953857422,2.915700674057007,0.29163822531700134,0.5070813298225403,0.6690850257873535
medium_40f_stride20:33f7ae08-ac1d-4321-9cb9-eca79016b359__ep1:qa:131,33f7ae08-ac1d-4321-9cb9-eca79016b359__ep1,ep1,test,2860,2899,16.93083953857422,9.772005081176758,0.23271694779396057,0.41736170649528503,0.5627071857452393
medium_40f_stride20:33f7ae08-ac1d-4321-9cb9-eca79016b359__ep1:qa:132,33f7ae08-ac1d-4321-9cb9-eca79016b359__ep1,ep1,test,2880,2919,16.93083953857422,11.332513809204102,0.2429509311914444,0.42325079441070557,0.565881609916687
medium_40f_stride20:33f7ae08-ac1d-4321-9cb9-eca79016b359__ep1:qa:133,33f7ae08-ac1d-4321-9cb9-eca79016b359__ep1,ep1,test,2900,2939,16.93083953857422,4.9865498542785645,0.2558811604976654,0.47056204080581665,0.6244683265686035
medium_40f_stride20:33f7ae08-ac1d-4321-9cb9-eca79016b359__ep1:qa:137,33f7ae08-ac1d-4321-9cb9-eca79016b359__ep1,ep1,test,3000,3039,35.08008575439453,36.068851470947266,0.2118843048810959,0.3105542063713074,0.4303017854690552
medium_40f_stride20:33f7ae08-ac1d-4321-9cb9-eca79016b359__ep1:qa:138,33f7ae08-ac1d-4321-9cb9-eca79016b359__ep1,ep1,test,3020,3059,35.46588134765625,40.69399642944336,0.17680953443050385,0.24941487610340118,0.3346014618873596
medium_40f_stride20:33f7ae08-ac1d-4321-9cb9-eca79016b359__ep1:qa:139,33f7ae08-ac1d-4321-9cb9-eca79016b359__ep1,ep1,test,3040,3079,35.544925689697266,32.696571350097656,0.1851971298456192,0.25610753893852234,0.36712008714675903
medium_40f_stride20:33f7ae08-ac1d-4321-9cb9-eca79016b359__ep1:qa:140,33f7ae08-ac1d-4321-9cb9-eca79016b359__ep1,ep1,test,3060,3099,35.544925689697266,21.70097541809082,0.31090742349624634,0.6724890470504761,0.8179590106010437
medium_40f_stride20:33f7ae08-ac1d-4321-9cb9-eca79016b359__ep1:qa:141,33f7ae08-ac1d-4321-9cb9-eca79016b359__ep1,ep1,test,3080,3119,35.29653549194336,15.601723670959473,0.4524365961551666,0.8142034411430359,1.0006221532821655
medium_40f_stride20:33f7ae08-ac1d-4321-9cb9-eca79016b359__ep1:qa:142,33f7ae08-ac1d-4321-9cb9-eca79016b359__ep1,ep1,test,3100,3139,35.29653549194336,8.83142375946045,0.6264400482177734,0.9314016103744507,1.16217041015625
medium_40f_stride20:33f7ae08-ac1d-4321-9cb9-eca79016b359__ep1:qa:150,33f7ae08-ac1d-4321-9cb9-eca79016b359__ep1,ep1,test,3280,3319,34.23149490356445,4.513070106506348,0.8188235759735107,1.1132553815841675,1.4829626083374023
medium_40f_stride20:33f7ae08-ac1d-4321-9cb9-eca79016b359__ep1:qa:151,33f7ae08-ac1d-4321-9cb9-eca79016b359__ep1,ep1,test,3300,3339,33.99956512451172,3.182685375213623,0.7773141860961914,1.1894080638885498,1.409469723701477
medium_40f_stride20:33f7ae08-ac1d-4321-9cb9-eca79016b359__ep1:qa:152,33f7ae08-ac1d-4321-9cb9-eca79016b359__ep1,ep1,test,3320,3359,33.99956512451172,5.384714126586914,0.6210036277770996,0.9955676794052124,1.1712965965270996
medium_40f_stride20:33f7ae08-ac1d-4321-9cb9-eca79016b359__ep1:qa:153,33f7ae08-ac1d-4321-9cb9-eca79016b359__ep1,ep1,test,3340,3379,33.99956512451172,9.516429901123047,0.5375189781188965,0.9359343647956848,1.0979703664779663
medium_40f_stride20:33f7ae08-ac1d-4321-9cb9-eca79016b359__ep1:qa:154,33f7ae08-ac1d-4321-9cb9-eca79016b359__ep1,ep1,test,3360,3399,34.08060073852539,14.779170036315918,0.41722601652145386,0.7623322606086731,0.8930514454841614
medium_40f_stride20:33f7ae08-ac1d-4321-9cb9-eca79016b359__ep1:qa:155,33f7ae08-ac1d-4321-9cb9-eca79016b359__ep1,ep1,test,3380,3419,33.53382873535156,27.162065505981445,0.18128655850887299,0.31703436374664307,0.4049041271209717
medium_40f_stride20:33f7ae08-ac1d-4321-9cb9-eca79016b359__ep1:qa:157,33f7ae08-ac1d-4321-9cb9-eca79016b359__ep1,ep1,test,3440,3479,33.57474136352539,19.432512283325195,0.34529387950897217,0.5339720845222473,0.6961543560028076
medium_40f_stride20:33f7ae08-ac1d-4321-9cb9-eca79016b359__ep1:qa:158,33f7ae08-ac1d-4321-9cb9-eca79016b359__ep1,ep1,test,3460,3499,34.08782958984375,16.923694610595703,0.403310626745224,0.6462523341178894,0.8337749242782593
medium_40f_stride20:33f7ae08-ac1d-4321-9cb9-eca79016b359__ep1:qa:159,33f7ae08-ac1d-4321-9cb9-eca79016b359__ep1,ep1,test,3480,3519,33.55735397338867,20.508134841918945,0.42809388041496277,0.6704322099685669,0.8957268595695496
medium_40f_stride20:33f7ae08-ac1d-4321-9cb9-eca79016b359__ep1:qa:160,33f7ae08-ac1d-4321-9cb9-eca79016b359__ep1,ep1,test,3500,3539,33.55735397338867,12.85910701751709,0.46030521392822266,0.8139696717262268,0.9790193438529968
medium_40f_stride20:33f7ae08-ac1d-4321-9cb9-eca79016b359__ep1:qa:161,33f7ae08-ac1d-4321-9cb9-eca79016b359__ep1,ep1,test,3520,3559,33.55735397338867,19.01900863647461,0.32714906334877014,0.5585725903511047,0.6814754009246826
medium_40f_stride20:33f7ae08-ac1d-4321-9cb9-eca79016b359__ep1:qa:162,33f7ae08-ac1d-4321-9cb9-eca79016b359__ep1,ep1,test,3540,3579,33.55735397338867,22.87373161315918,0.25144943594932556,0.469358891248703,0.5837168097496033
medium_40f_stride20:33f7ae08-ac1d-4321-9cb9-eca79016b359__ep1:qa:166,33f7ae08-ac1d-4321-9cb9-eca79016b359__ep1,ep1,test,3640,3679,34.721778869628906,16.53839683532715,0.45197564363479614,0.7168985605239868,0.9471423029899597
medium_40f_stride20:33f7ae08-ac1d-4321-9cb9-eca79016b359__ep1:qa:167,33f7ae08-ac1d-4321-9cb9-eca79016b359__ep1,ep1,test,3660,3699,34.16960906982422,13.833612442016602,0.46360453963279724,0.763857901096344,0.9777931571006775
medium_40f_stride20:33f7ae08-ac1d-4321-9cb9-eca79016b359__ep1:qa:168,33f7ae08-ac1d-4321-9cb9-eca79016b359__ep1,ep1,test,3680,3719,31.93794822692871,20.790430068969727,0.6318485736846924,0.8898429870605469,1.20832359790802
medium_40f_stride20:33f7ae08-ac1d-4321-9cb9-eca79016b359__ep1:qa:169,33f7ae08-ac1d-4321-9cb9-eca79016b359__ep1,ep1,test,3700,3739,31.93794822692871,25.421653747558594,0.6669254899024963,0.9304280281066895,1.2718541622161865
medium_40f_stride20:33f7ae08-ac1d-4321-9cb9-eca79016b359__ep1:qa:170,33f7ae08-ac1d-4321-9cb9-eca79016b359__ep1,ep1,test,3720,3759,26.739065170288086,18.209705352783203,0.6034735441207886,0.8500828742980957,1.1763272285461426
medium_40f_stride20:33f7ae08-ac1d-4321-9cb9-eca79016b359__ep1:qa:171,33f7ae08-ac1d-4321-9cb9-eca79016b359__ep1,ep1,test,3740,3779,26.739065170288086,13.198500633239746,0.568688690662384,0.845195472240448,1.1266084909439087
medium_40f_stride20:33f7ae08-ac1d-4321-9cb9-eca79016b359__ep1:qa:208,33f7ae08-ac1d-4321-9cb9-eca79016b359__ep1,ep1,test,4520,4559,32.09440994262695,4.791668891906738,0.5904754400253296,1.018268346786499,1.1865112781524658
medium_40f_stride20:33f7ae08-ac1d-4321-9cb9-eca79016b359__ep1:qa:209,33f7ae08-ac1d-4321-9cb9-eca79016b359__ep1,ep1,test,4540,4579,32.09440994262695,7.615715980529785,0.5173044204711914,0.9312188625335693,1.0965420007705688
medium_40f_stride20:33f7ae08-ac1d-4321-9cb9-eca79016b359__ep1:qa:210,33f7ae08-ac1d-4321-9cb9-eca79016b359__ep1,ep1,test,4560,4599,33.082454681396484,5.852717876434326,0.6123270988464355,1.0238183736801147,1.2332009077072144
medium_40f_stride20:33f7ae08-ac1d-4321-9cb9-eca79016b359__ep1:qa:211,33f7ae08-ac1d-4321-9cb9-eca79016b359__ep1,ep1,test,4580,4619,33.082454681396484,7.749171257019043,0.6233171820640564,1.0100126266479492,1.2543491125106812
medium_40f_stride20:33f7ae08-ac1d-4321-9cb9-eca79016b359__ep1:qa:212,33f7ae08-ac1d-4321-9cb9-eca79016b359__ep1,ep1,test,4600,4639,28.878890991210938,12.330817222595215,0.4278888404369354,0.7015132904052734,0.900236189365387
medium_40f_stride20:33f7ae08-ac1d-4321-9cb9-eca79016b359__ep1:qa:225,33f7ae08-ac1d-4321-9cb9-eca79016b359__ep1,ep1,test,4880,4919,0.0,5.220180988311768,0.09042742103338242,0.17577263712882996,0.20925846695899963
medium_40f_stride20:33f7ae08-ac1d-4321-9cb9-eca79016b359__ep1:qa:226,33f7ae08-ac1d-4321-9cb9-eca79016b359__ep1,ep1,test,4900,4939,0.0,2.0665628910064697,0.03754342719912529,0.06958478689193726,0.08516586571931839
medium_40f_stride20:9c553886-83c5-4dc4-be5c-dcb269b3a771__ep2:qa:0,9c553886-83c5-4dc4-be5c-dcb269b3a771__ep2,ep2,test,0,39,11.600091934204102,11.820167541503906,0.056110285222530365,0.09512902796268463,0.12091372907161713
medium_40f_stride20:9c553886-83c5-4dc4-be5c-dcb269b3a771__ep2:qa:1,9c553886-83c5-4dc4-be5c-dcb269b3a771__ep2,ep2,test,20,59,11.334327697753906,13.27872371673584,0.10888438671827316,0.142192542552948,0.2080617994070053
medium_40f_stride20:9c553886-83c5-4dc4-be5c-dcb269b3a771__ep2:qa:2,9c553886-83c5-4dc4-be5c-dcb269b3a771__ep2,ep2,test,40,79,11.33409595489502,10.568334579467773,0.07584712654352188,0.12165828049182892,0.15922050178050995
medium_40f_stride20:9c553886-83c5-4dc4-be5c-dcb269b3a771__ep2:qa:3,9c553886-83c5-4dc4-be5c-dcb269b3a771__ep2,ep2,test,60,99,11.801196098327637,10.605629920959473,0.07183129340410233,0.11939005553722382,0.15255779027938843
medium_40f_stride20:9c553886-83c5-4dc4-be5c-dcb269b3a771__ep2:qa:4,9c553886-83c5-4dc4-be5c-dcb269b3a771__ep2,ep2,test,80,119,11.748510360717773,10.552881240844727,0.08536218106746674,0.1378391981124878,0.1723208725452423
medium_40f_stride20:9c553886-83c5-4dc4-be5c-dcb269b3a771__ep2:qa:5,9c553886-83c5-4dc4-be5c-dcb269b3a771__ep2,ep2,test,100,139,11.507062911987305,11.217276573181152,0.103487528860569,0.18601731956005096,0.23845942318439484
medium_40f_stride20:9c553886-83c5-4dc4-be5c-dcb269b3a771__ep2:qa:6,9c553886-83c5-4dc4-be5c-dcb269b3a771__ep2,ep2,test,120,159,11.22734260559082,11.321002960205078,0.09065616875886917,0.12514477968215942,0.17659969627857208
medium_40f_stride20:9c553886-83c5-4dc4-be5c-dcb269b3a771__ep2:qa:7,9c553886-83c5-4dc4-be5c-dcb269b3a771__ep2,ep2,test,140,179,10.938309669494629,10.301156044006348,0.10979095846414566,0.16863107681274414,0.223319873213768
medium_40f_stride20:9c553886-83c5-4dc4-be5c-dcb269b3a771__ep2:qa:8,9c553886-83c5-4dc4-be5c-dcb269b3a771__ep2,ep2,test,160,199,10.835920333862305,11.57109260559082,0.060221701860427856,0.1102646142244339,0.13896143436431885
medium_40f_stride20:9c553886-83c5-4dc4-be5c-dcb269b3a771__ep2:qa:9,9c553886-83c5-4dc4-be5c-dcb269b3a771__ep2,ep2,test,180,219,10.835920333862305,11.922754287719727,0.059280894696712494,0.08408115059137344,0.1139935702085495
medium_40f_stride20:9c553886-83c5-4dc4-be5c-dcb269b3a771__ep2:qa:10,9c553886-83c5-4dc4-be5c-dcb269b3a771__ep2,ep2,test,200,239,11.008543014526367,11.468063354492188,0.05664948374032974,0.07704871892929077,0.10954814404249191
medium_40f_stride20:9c553886-83c5-4dc4-be5c-dcb269b3a771__ep2:qa:11,9c553886-83c5-4dc4-be5c-dcb269b3a771__ep2,ep2,test,220,259,11.008543014526367,9.512042999267578,0.07492805272340775,0.10771310329437256,0.14670687913894653
medium_40f_stride20:9c553886-83c5-4dc4-be5c-dcb269b3a771__ep2:qa:25,9c553886-83c5-4dc4-be5c-dcb269b3a771__ep2,ep2,test,520,559,11.890084266662598,10.519209861755371,0.09416908025741577,0.1389535814523697,0.17556019127368927
medium_40f_stride20:9c553886-83c5-4dc4-be5c-dcb269b3a771__ep2:qa:26,9c553886-83c5-4dc4-be5c-dcb269b3a771__ep2,ep2,test,540,579,12.094633102416992,8.496623992919922,0.10764404386281967,0.1619921624660492,0.20386150479316711
medium_40f_stride20:9c553886-83c5-4dc4-be5c-dcb269b3a771__ep2:qa:27,9c553886-83c5-4dc4-be5c-dcb269b3a771__ep2,ep2,test,560,599,12.34213924407959,9.909366607666016,0.11069665849208832,0.16755624115467072,0.1999310553073883
medium_40f_stride20:9c553886-83c5-4dc4-be5c-dcb269b3a771__ep2:qa:28,9c553886-83c5-4dc4-be5c-dcb269b3a771__ep2,ep2,test,600,639,12.50277328491211,11.333840370178223,0.0927533209323883,0.1431504338979721,0.17777496576309204
medium_40f_stride20:9c553886-83c5-4dc4-be5c-dcb269b3a771__ep2:qa:29,9c553886-83c5-4dc4-be5c-dcb269b3a771__ep2,ep2,test,620,659,12.573260307312012,12.005919456481934,0.08029190450906754,0.1372309923171997,0.17442849278450012
medium_40f_stride20:9c553886-83c5-4dc4-be5c-dcb269b3a771__ep2:qa:30,9c553886-83c5-4dc4-be5c-dcb269b3a771__ep2,ep2,test,640,679,12.797614097595215,12.88403034210205,0.08697158843278885,0.13232897222042084,0.17701756954193115
medium_40f_stride20:9c553886-83c5-4dc4-be5c-dcb269b3a771__ep2:qa:31,9c553886-83c5-4dc4-be5c-dcb269b3a771__ep2,ep2,test,660,699,13.646169662475586,10.024114608764648,0.10902625322341919,0.16269294917583466,0.22549381852149963
medium_40f_stride20:9c553886-83c5-4dc4-be5c-dcb269b3a771__ep2:qa:32,9c553886-83c5-4dc4-be5c-dcb269b3a771__ep2,ep2,test,680,719,14.684829711914062,11.119443893432617,0.10327203571796417,0.14694781601428986,0.19155918061733246
medium_40f_stride20:9c553886-83c5-4dc4-be5c-dcb269b3a771__ep2:qa:33,9c553886-83c5-4dc4-be5c-dcb269b3a771__ep2,ep2,test,700,739,14.684829711914062,13.716739654541016,0.0752531960606575,0.12313512712717056,0.1586277037858963
medium_40f_stride20:9c553886-83c5-4dc4-be5c-dcb269b3a771__ep2:qa:34,9c553886-83c5-4dc4-be5c-dcb269b3a771__ep2,ep2,test,720,759,14.287215232849121,12.188948631286621,0.08151189982891083,0.11654247343540192,0.14726950228214264
medium_40f_stride20:9c553886-83c5-4dc4-be5c-dcb269b3a771__ep2:qa:35,9c553886-83c5-4dc4-be5c-dcb269b3a771__ep2,ep2,test,740,779,14.287215232849121,15.60925579071045,0.25307995080947876,0.3919493854045868,0.49503985047340393
medium_40f_stride20:9c553886-83c5-4dc4-be5c-dcb269b3a771__ep2:qa:36,9c553886-83c5-4dc4-be5c-dcb269b3a771__ep2,ep2,test,760,799,14.287215232849121,12.289849281311035,0.09699004143476486,0.13377080857753754,0.18464453518390656
medium_40f_stride20:9c553886-83c5-4dc4-be5c-dcb269b3a771__ep2:qa:40,9c553886-83c5-4dc4-be5c-dcb269b3a771__ep2,ep2,test,880,919,14.581538200378418,12.094690322875977,0.12028396129608154,0.18033605813980103,0.22501827776432037
medium_40f_stride20:9c553886-83c5-4dc4-be5c-dcb269b3a771__ep2:qa:41,9c553886-83c5-4dc4-be5c-dcb269b3a771__ep2,ep2,test,900,939,14.581538200378418,11.722798347473145,0.09720339626073837,0.1400369256734848,0.1845329999923706
medium_40f_stride20:9c553886-83c5-4dc4-be5c-dcb269b3a771__ep2:qa:42,9c553886-83c5-4dc4-be5c-dcb269b3a771__ep2,ep2,test,920,959,14.662330627441406,12.212061882019043,0.15650039911270142,0.22684794664382935,0.3047025799751282
medium_40f_stride20:9c553886-83c5-4dc4-be5c-dcb269b3a771__ep2:qa:43,9c553886-83c5-4dc4-be5c-dcb269b3a771__ep2,ep2,test,960,999,14.570768356323242,8.860794067382812,0.14745470881462097,0.2266542762517929,0.2773136794567108
medium_40f_stride20:9c553886-83c5-4dc4-be5c-dcb269b3a771__ep2:qa:57,9c553886-83c5-4dc4-be5c-dcb269b3a771__ep2,ep2,test,1280,1319,14.631288528442383,12.044136047363281,0.16251437366008759,0.24471789598464966,0.3062874674797058
medium_40f_stride20:9c553886-83c5-4dc4-be5c-dcb269b3a771__ep2:qa:58,9c553886-83c5-4dc4-be5c-dcb269b3a771__ep2,ep2,test,1300,1339,14.631288528442383,11.118501663208008,0.10212726891040802,0.15369562804698944,0.1856766790151596
medium_40f_stride20:9c553886-83c5-4dc4-be5c-dcb269b3a771__ep2:qa:59,9c553886-83c5-4dc4-be5c-dcb269b3a771__ep2,ep2,test,1320,1359,14.139856338500977,11.905848503112793,0.08784269541501999,0.13156704604625702,0.16389545798301697
medium_40f_stride20:9c553886-83c5-4dc4-be5c-dcb269b3a771__ep2:qa:60,9c553886-83c5-4dc4-be5c-dcb269b3a771__ep2,ep2,test,1340,1379,13.435722351074219,11.401657104492188,0.12207277119159698,0.1896735280752182,0.23924829065799713
medium_40f_stride20:9c553886-83c5-4dc4-be5c-dcb269b3a771__ep2:qa:61,9c553886-83c5-4dc4-be5c-dcb269b3a771__ep2,ep2,test,1360,1399,13.22064208984375,11.666438102722168,0.10978570580482483,0.17924515902996063,0.21481452882289886
medium_40f_stride20:9c553886-83c5-4dc4-be5c-dcb269b3a771__ep2:qa:62,9c553886-83c5-4dc4-be5c-dcb269b3a771__ep2,ep2,test,1400,1439,12.816376686096191,5.012344837188721,0.16591621935367584,0.2824484705924988,0.3357883393764496
medium_40f_stride20:9c553886-83c5-4dc4-be5c-dcb269b3a771__ep2:qa:63,9c553886-83c5-4dc4-be5c-dcb269b3a771__ep2,ep2,test,1420,1459,12.816376686096191,3.71169114112854,0.1751812994480133,0.32074034214019775,0.3711695075035095
medium_40f_stride20:9c553886-83c5-4dc4-be5c-dcb269b3a771__ep2:qa:64,9c553886-83c5-4dc4-be5c-dcb269b3a771__ep2,ep2,test,1440,1479,12.734807968139648,3.188450574874878,0.1885605752468109,0.35055655241012573,0.4086924195289612
medium_40f_stride20:9c553886-83c5-4dc4-be5c-dcb269b3a771__ep2:qa:65,9c553886-83c5-4dc4-be5c-dcb269b3a771__ep2,ep2,test,1460,1499,12.734807968139648,4.218925952911377,0.20074868202209473,0.32071834802627563,0.37809744477272034
medium_40f_stride20:9c553886-83c5-4dc4-be5c-dcb269b3a771__ep2:qa:66,9c553886-83c5-4dc4-be5c-dcb269b3a771__ep2,ep2,test,1480,1519,12.613316535949707,5.340088844299316,0.27234596014022827,0.4200519025325775,0.4862521290779114
medium_40f_stride20:9c553886-83c5-4dc4-be5c-dcb269b3a771__ep2:qa:79,9c553886-83c5-4dc4-be5c-dcb269b3a771__ep2,ep2,test,1800,1839,13.730525970458984,11.21375846862793,0.0919039323925972,0.15167082846164703,0.18259958922863007
medium_40f_stride20:9c553886-83c5-4dc4-be5c-dcb269b3a771__ep2:qa:80,9c553886-83c5-4dc4-be5c-dcb269b3a771__ep2,ep2,test,1820,1859,13.693303108215332,14.399298667907715,0.09668488055467606,0.15264992415905,0.19267086684703827
medium_40f_stride20:9c553886-83c5-4dc4-be5c-dcb269b3a771__ep2:qa:81,9c553886-83c5-4dc4-be5c-dcb269b3a771__ep2,ep2,test,1840,1879,13.633458137512207,7.685831546783447,0.16575156152248383,0.25747430324554443,0.3140530586242676
medium_40f_stride20:9c553886-83c5-4dc4-be5c-dcb269b3a771__ep2:qa:82,9c553886-83c5-4dc4-be5c-dcb269b3a771__ep2,ep2,test,1860,1899,13.446776390075684,9.808431625366211,0.14059296250343323,0.1976674348115921,0.2632540762424469
medium_40f_stride20:9c553886-83c5-4dc4-be5c-dcb269b3a771__ep2:qa:83,9c553886-83c5-4dc4-be5c-dcb269b3a771__ep2,ep2,test,1880,1919,13.5738525390625,11.93252944946289,0.07061820477247238,0.09903747588396072,0.13551613688468933
medium_40f_stride20:9c553886-83c5-4dc4-be5c-dcb269b3a771__ep2:qa:84,9c553886-83c5-4dc4-be5c-dcb269b3a771__ep2,ep2,test,1900,1939,13.5738525390625,12.315838813781738,0.09854985773563385,0.1464947760105133,0.19234760105609894
medium_40f_stride20:9c553886-83c5-4dc4-be5c-dcb269b3a771__ep2:qa:85,9c553886-83c5-4dc4-be5c-dcb269b3a771__ep2,ep2,test,1920,1959,13.529130935668945,2.3904659748077393,0.21413055062294006,0.39132553339004517,0.45479029417037964
medium_40f_stride20:9c553886-83c5-4dc4-be5c-dcb269b3a771__ep2:qa:86,9c553886-83c5-4dc4-be5c-dcb269b3a771__ep2,ep2,test,1940,1979,13.529130935668945,11.346003532409668,0.09608518332242966,0.13138078153133392,0.1774085909128189
medium_40f_stride20:9c553886-83c5-4dc4-be5c-dcb269b3a771__ep2:qa:87,9c553886-83c5-4dc4-be5c-dcb269b3a771__ep2,ep2,test,1960,1999,13.688980102539062,12.38635540008545,0.09100870043039322,0.14701813459396362,0.1757230907678604
medium_40f_stride20:9c553886-83c5-4dc4-be5c-dcb269b3a771__ep2:qa:97,9c553886-83c5-4dc4-be5c-dcb269b3a771__ep2,ep2,test,2200,2239,12.04811954498291,12.308576583862305,0.11466178297996521,0.18757697939872742,0.2284810096025467
medium_40f_stride20:9c553886-83c5-4dc4-be5c-dcb269b3a771__ep2:qa:98,9c553886-83c5-4dc4-be5c-dcb269b3a771__ep2,ep2,test,2220,2259,12.039085388183594,11.953445434570312,0.17955969274044037,0.2774011194705963,0.35503068566322327
medium_40f_stride20:9c553886-83c5-4dc4-be5c-dcb269b3a771__ep2:qa:99,9c553886-83c5-4dc4-be5c-dcb269b3a771__ep2,ep2,test,2240,2279,12.139622688293457,11.990756034851074,0.17076152563095093,0.2488635629415512,0.35217398405075073
medium_40f_stride20:9c553886-83c5-4dc4-be5c-dcb269b3a771__ep2:qa:100,9c553886-83c5-4dc4-be5c-dcb269b3a771__ep2,ep2,test,2260,2299,11.559115409851074,11.884552001953125,0.11769109219312668,0.21075545251369476,0.2585127651691437
medium_40f_stride20:9c553886-83c5-4dc4-be5c-dcb269b3a771__ep2:qa:101,9c553886-83c5-4dc4-be5c-dcb269b3a771__ep2,ep2,test,2280,2319,11.503777503967285,12.548909187316895,0.1822817027568817,0.2869817316532135,0.35609662532806396
medium_40f_stride20:9c553886-83c5-4dc4-be5c-dcb269b3a771__ep2:qa:102,9c553886-83c5-4dc4-be5c-dcb269b3a771__ep2,ep2,test,2300,2339,12.062406539916992,11.092545509338379,0.13175000250339508,0.1807115077972412,0.25421687960624695
medium_40f_stride20:9c553886-83c5-4dc4-be5c-dcb269b3a771__ep2:qa:103,9c553886-83c5-4dc4-be5c-dcb269b3a771__ep2,ep2,test,2320,2359,12.028148651123047,11.140313148498535,0.0928230807185173,0.13250422477722168,0.18125371634960175
medium_40f_stride20:9c553886-83c5-4dc4-be5c-dcb269b3a771__ep2:qa:104,9c553886-83c5-4dc4-be5c-dcb269b3a771__ep2,ep2,test,2340,2379,11.916102409362793,11.920037269592285,0.08292023837566376,0.13432824611663818,0.1724729686975479
medium_40f_stride20:9c553886-83c5-4dc4-be5c-dcb269b3a771__ep2:qa:105,9c553886-83c5-4dc4-be5c-dcb269b3a771__ep2,ep2,test,2360,2399,11.963519096374512,11.671255111694336,0.08161582052707672,0.14822453260421753,0.1821340173482895
medium_40f_stride20:9c553886-83c5-4dc4-be5c-dcb269b3a771__ep2:qa:106,9c553886-83c5-4dc4-be5c-dcb269b3a771__ep2,ep2,test,2380,2419,11.963519096374512,12.872910499572754,0.09043048322200775,0.13375622034072876,0.16424083709716797
medium_40f_stride20:9c553886-83c5-4dc4-be5c-dcb269b3a771__ep2:qa:107,9c553886-83c5-4dc4-be5c-dcb269b3a771__ep2,ep2,test,2400,2439,11.98782730102539,12.07818603515625,0.12289384752511978,0.18432560563087463,0.25004100799560547
medium_40f_stride20:9c553886-83c5-4dc4-be5c-dcb269b3a771__ep2:qa:108,9c553886-83c5-4dc4-be5c-dcb269b3a771__ep2,ep2,test,2420,2459,11.98782730102539,12.897143363952637,0.09645066410303116,0.17184096574783325,0.20778320729732513
medium_40f_stride20:9c553886-83c5-4dc4-be5c-dcb269b3a771__ep2:qa:155,9c553886-83c5-4dc4-be5c-dcb269b3a771__ep2,ep2,test,3400,3439,13.142783164978027,11.180776596069336,0.08807443082332611,0.12679682672023773,0.16126751899719238
medium_40f_stride20:9c553886-83c5-4dc4-be5c-dcb269b3a771__ep2:qa:156,9c553886-83c5-4dc4-be5c-dcb269b3a771__ep2,ep2,test,3420,3459,13.097213745117188,10.767705917358398,0.09632101655006409,0.14080464839935303,0.1764376163482666
medium_40f_stride20:9c553886-83c5-4dc4-be5c-dcb269b3a771__ep2:qa:157,9c553886-83c5-4dc4-be5c-dcb269b3a771__ep2,ep2,test,3440,3479,13.19306468963623,12.169962882995605,0.08640144765377045,0.1376958191394806,0.17253217101097107
medium_40f_stride20:9c553886-83c5-4dc4-be5c-dcb269b3a771__ep2:qa:158,9c553886-83c5-4dc4-be5c-dcb269b3a771__ep2,ep2,test,3460,3499,13.108094215393066,11.350177764892578,0.09214749187231064,0.13720528781414032,0.17056329548358917
medium_40f_stride20:9c553886-83c5-4dc4-be5c-dcb269b3a771__ep2:qa:159,9c553886-83c5-4dc4-be5c-dcb269b3a771__ep2,ep2,test,3480,3519,13.053023338317871,11.338709831237793,0.09058965742588043,0.13475041091442108,0.16731727123260498
medium_40f_stride20:9c553886-83c5-4dc4-be5c-dcb269b3a771__ep2:qa:160,9c553886-83c5-4dc4-be5c-dcb269b3a771__ep2,ep2,test,3500,3539,13.151625633239746,9.038677215576172,0.16879186034202576,0.25366532802581787,0.2995586395263672
medium_40f_stride20:9c553886-83c5-4dc4-be5c-dcb269b3a771__ep2:qa:161,9c553886-83c5-4dc4-be5c-dcb269b3a771__ep2,ep2,test,3520,3559,13.197749137878418,6.530523777008057,0.16588947176933289,0.2674422562122345,0.33927619457244873
medium_40f_stride20:9c553886-83c5-4dc4-be5c-dcb269b3a771__ep2:qa:162,9c553886-83c5-4dc4-be5c-dcb269b3a771__ep2,ep2,test,3540,3579,13.036164283752441,10.071579933166504,0.1068527102470398,0.15756849944591522,0.22462764382362366
medium_40f_stride20:9c553886-83c5-4dc4-be5c-dcb269b3a771__ep2:qa:163,9c553886-83c5-4dc4-be5c-dcb269b3a771__ep2,ep2,test,3560,3599,12.945645332336426,8.951932907104492,0.1422686129808426,0.214752659201622,0.29956796765327454
medium_40f_stride20:9c553886-83c5-4dc4-be5c-dcb269b3a771__ep2:qa:164,9c553886-83c5-4dc4-be5c-dcb269b3a771__ep2,ep2,test,3580,3619,12.945645332336426,8.008646011352539,0.14949966967105865,0.22919441759586334,0.3049548268318176
medium_40f_stride20:9c553886-83c5-4dc4-be5c-dcb269b3a771__ep2:qa:165,9c553886-83c5-4dc4-be5c-dcb269b3a771__ep2,ep2,test,3600,3639,12.926389694213867,7.657697677612305,0.14736723899841309,0.220627099275589,0.29710569977760315
medium_40f_stride20:9c553886-83c5-4dc4-be5c-dcb269b3a771__ep2:qa:166,9c553886-83c5-4dc4-be5c-dcb269b3a771__ep2,ep2,test,3620,3659,12.926389694213867,6.026857852935791,0.16161133348941803,0.2595365643501282,0.3235064148902893
medium_40f_stride20:9c553886-83c5-4dc4-be5c-dcb269b3a771__ep2:qa:213,9c553886-83c5-4dc4-be5c-dcb269b3a771__ep2,ep2,test,4600,4639,12.270068168640137,8.522140502929688,0.11032583564519882,0.16352790594100952,0.2005811482667923
medium_40f_stride20:9c553886-83c5-4dc4-be5c-dcb269b3a771__ep2:qa:214,9c553886-83c5-4dc4-be5c-dcb269b3a771__ep2,ep2,test,4620,4659,12.311962127685547,8.905637741088867,0.11924447864294052,0.16527506709098816,0.2212902009487152
medium_40f_stride20:9c553886-83c5-4dc4-be5c-dcb269b3a771__ep2:qa:215,9c553886-83c5-4dc4-be5c-dcb269b3a771__ep2,ep2,test,4640,4679,12.382990837097168,7.519944667816162,0.12258950620889664,0.1867784559726715,0.24287347495555878
medium_40f_stride20:9c553886-83c5-4dc4-be5c-dcb269b3a771__ep2:qa:216,9c553886-83c5-4dc4-be5c-dcb269b3a771__ep2,ep2,test,4660,4699,12.689770698547363,8.645198822021484,0.1222885400056839,0.17672672867774963,0.2274705469608307
medium_40f_stride20:9c553886-83c5-4dc4-be5c-dcb269b3a771__ep2:qa:217,9c553886-83c5-4dc4-be5c-dcb269b3a771__ep2,ep2,test,4680,4719,11.996357917785645,10.245565414428711,0.11466311663389206,0.17413553595542908,0.21234336495399475
medium_40f_stride20:9c553886-83c5-4dc4-be5c-dcb269b3a771__ep2:qa:218,9c553886-83c5-4dc4-be5c-dcb269b3a771__ep2,ep2,test,4700,4739,11.996357917785645,10.204447746276855,0.10399765521287918,0.16160908341407776,0.19543354213237762
medium_40f_stride20:9c553886-83c5-4dc4-be5c-dcb269b3a771__ep2:qa:219,9c553886-83c5-4dc4-be5c-dcb269b3a771__ep2,ep2,test,4720,4759,11.996357917785645,7.647569179534912,0.12585268914699554,0.18924731016159058,0.22529637813568115
medium_40f_stride20:9c553886-83c5-4dc4-be5c-dcb269b3a771__ep2:qa:220,9c553886-83c5-4dc4-be5c-dcb269b3a771__ep2,ep2,test,4740,4779,11.996357917785645,8.540250778198242,0.12794052064418793,0.18589217960834503,0.22527746856212616
medium_40f_stride20:9c553886-83c5-4dc4-be5c-dcb269b3a771__ep2:qa:221,9c553886-83c5-4dc4-be5c-dcb269b3a771__ep2,ep2,test,4760,4799,11.996357917785645,10.398421287536621,0.07480274140834808,0.11060979962348938,0.14204277098178864
medium_40f_stride20:9c553886-83c5-4dc4-be5c-dcb269b3a771__ep2:qa:257,9c553886-83c5-4dc4-be5c-dcb269b3a771__ep2,ep2,test,5520,5559,12.493179321289062,8.395547866821289,0.1376751959323883,0.20799554884433746,0.2759231626987457
medium_40f_stride20:9c553886-83c5-4dc4-be5c-dcb269b3a771__ep2:qa:258,9c553886-83c5-4dc4-be5c-dcb269b3a771__ep2,ep2,test,5540,5579,12.493179321289062,6.562192916870117,0.16903045773506165,0.25460848212242126,0.33407220244407654
medium_40f_stride20:9c553886-83c5-4dc4-be5c-dcb269b3a771__ep2:qa:259,9c553886-83c5-4dc4-be5c-dcb269b3a771__ep2,ep2,test,5560,5599,12.307610511779785,9.467117309570312,0.16740548610687256,0.23736557364463806,0.33301082253456116
medium_40f_stride20:9c553886-83c5-4dc4-be5c-dcb269b3a771__ep2:qa:260,9c553886-83c5-4dc4-be5c-dcb269b3a771__ep2,ep2,test,5580,5619,11.659688949584961,9.122932434082031,0.15860363841056824,0.2379913181066513,0.32635995745658875
medium_40f_stride20:9c553886-83c5-4dc4-be5c-dcb269b3a771__ep2:qa:261,9c553886-83c5-4dc4-be5c-dcb269b3a771__ep2,ep2,test,5600,5639,11.2135009765625,11.048319816589355,0.10186228901147842,0.1686594933271408,0.2371664047241211
medium_40f_stride20:9c553886-83c5-4dc4-be5c-dcb269b3a771__ep2:qa:262,9c553886-83c5-4dc4-be5c-dcb269b3a771__ep2,ep2,test,5640,5679,11.997522354125977,13.777671813964844,0.10162042081356049,0.15887874364852905,0.19062107801437378
medium_40f_stride20:9c553886-83c5-4dc4-be5c-dcb269b3a771__ep2:qa:263,9c553886-83c5-4dc4-be5c-dcb269b3a771__ep2,ep2,test,5660,5699,11.93610954284668,12.930183410644531,0.07272598147392273,0.10682651400566101,0.13284465670585632
medium_40f_stride20:9c553886-83c5-4dc4-be5c-dcb269b3a771__ep2:qa:264,9c553886-83c5-4dc4-be5c-dcb269b3a771__ep2,ep2,test,5680,5719,11.864962577819824,11.73803424835205,0.07567520439624786,0.12267185747623444,0.15072941780090332
medium_40f_stride20:9c553886-83c5-4dc4-be5c-dcb269b3a771__ep2:qa:265,9c553886-83c5-4dc4-be5c-dcb269b3a771__ep2,ep2,test,5700,5739,11.864962577819824,12.192329406738281,0.07354505360126495,0.11415896564722061,0.14234788715839386
medium_40f_stride20:9c553886-83c5-4dc4-be5c-dcb269b3a771__ep2:qa:266,9c553886-83c5-4dc4-be5c-dcb269b3a771__ep2,ep2,test,5720,5759,11.831629753112793,14.012391090393066,0.11798787862062454,0.17848531901836395,0.21582819521427155
medium_40f_stride20:9c553886-83c5-4dc4-be5c-dcb269b3a771__ep2:qa:267,9c553886-83c5-4dc4-be5c-dcb269b3a771__ep2,ep2,test,5740,5779,11.846742630004883,13.170663833618164,0.11297640204429626,0.1670476347208023,0.2082807868719101
medium_40f_stride20:9c553886-83c5-4dc4-be5c-dcb269b3a771__ep2:qa:268,9c553886-83c5-4dc4-be5c-dcb269b3a771__ep2,ep2,test,5760,5799,11.816990852355957,12.556313514709473,0.10883858799934387,0.1624060869216919,0.20702427625656128
medium_40f_stride20:9c553886-83c5-4dc4-be5c-dcb269b3a771__ep2:qa:269,9c553886-83c5-4dc4-be5c-dcb269b3a771__ep2,ep2,test,5800,5839,11.574519157409668,8.717838287353516,0.10443460196256638,0.15422384440898895,0.19740168750286102
medium_40f_stride20:34f07a04-eb37-45a3-95ec-189ed5f4a85b__ep5:qa:0,34f07a04-eb37-45a3-95ec-189ed5f4a85b__ep5,ep5,test,0,39,16.32916831970215,11.112631797790527,0.1685040146112442,0.23610065877437592,0.33202409744262695
medium_40f_stride20:34f07a04-eb37-45a3-95ec-189ed5f4a85b__ep5:qa:1,34f07a04-eb37-45a3-95ec-189ed5f4a85b__ep5,ep5,test,20,59,18.636598587036133,8.202323913574219,0.24987301230430603,0.3944074213504791,0.530296802520752
medium_40f_stride20:34f07a04-eb37-45a3-95ec-189ed5f4a85b__ep5:qa:2,34f07a04-eb37-45a3-95ec-189ed5f4a85b__ep5,ep5,test,40,79,19.417985916137695,7.624958515167236,0.25008425116539,0.42648646235466003,0.5431352257728577
medium_40f_stride20:34f07a04-eb37-45a3-95ec-189ed5f4a85b__ep5:qa:3,34f07a04-eb37-45a3-95ec-189ed5f4a85b__ep5,ep5,test,60,99,19.417985916137695,7.959146022796631,0.24655196070671082,0.4331933259963989,0.5557486414909363
medium_40f_stride20:34f07a04-eb37-45a3-95ec-189ed5f4a85b__ep5:qa:4,34f07a04-eb37-45a3-95ec-189ed5f4a85b__ep5,ep5,test,80,119,17.95658302307129,11.432662010192871,0.1653616726398468,0.27251535654067993,0.3666723966598511
medium_40f_stride20:34f07a04-eb37-45a3-95ec-189ed5f4a85b__ep5:qa:5,34f07a04-eb37-45a3-95ec-189ed5f4a85b__ep5,ep5,test,100,139,17.95658302307129,11.36081314086914,0.15094658732414246,0.2698957026004791,0.3499201536178589
medium_40f_stride20:34f07a04-eb37-45a3-95ec-189ed5f4a85b__ep5:qa:11,34f07a04-eb37-45a3-95ec-189ed5f4a85b__ep5,ep5,test,240,279,16.355693817138672,12.929916381835938,0.16801738739013672,0.22941862046718597,0.3261217772960663
medium_40f_stride20:34f07a04-eb37-45a3-95ec-189ed5f4a85b__ep5:qa:12,34f07a04-eb37-45a3-95ec-189ed5f4a85b__ep5,ep5,test,260,299,15.638946533203125,13.350912094116211,0.2266441285610199,0.3332180082798004,0.4495522677898407
medium_40f_stride20:34f07a04-eb37-45a3-95ec-189ed5f4a85b__ep5:qa:13,34f07a04-eb37-45a3-95ec-189ed5f4a85b__ep5,ep5,test,280,319,15.638946533203125,10.937150955200195,0.140680730342865,0.24063321948051453,0.34275099635124207
medium_40f_stride20:34f07a04-eb37-45a3-95ec-189ed5f4a85b__ep5:qa:14,34f07a04-eb37-45a3-95ec-189ed5f4a85b__ep5,ep5,test,300,339,15.638946533203125,9.335043907165527,0.20364651083946228,0.318840354681015,0.42387914657592773
medium_40f_stride20:34f07a04-eb37-45a3-95ec-189ed5f4a85b__ep5:qa:15,34f07a04-eb37-45a3-95ec-189ed5f4a85b__ep5,ep5,test,320,359,16.372486114501953,8.179669380187988,0.28469550609588623,0.40923982858657837,0.5553633570671082
medium_40f_stride20:34f07a04-eb37-45a3-95ec-189ed5f4a85b__ep5:qa:16,34f07a04-eb37-45a3-95ec-189ed5f4a85b__ep5,ep5,test,340,379,16.372486114501953,12.781523704528809,0.2431413233280182,0.34814974665641785,0.4999440908432007
medium_40f_stride20:34f07a04-eb37-45a3-95ec-189ed5f4a85b__ep5:qa:56,34f07a04-eb37-45a3-95ec-189ed5f4a85b__ep5,ep5,test,1280,1319,16.153383255004883,10.932814598083496,0.13077247142791748,0.21647047996520996,0.27501994371414185
medium_40f_stride20:34f07a04-eb37-45a3-95ec-189ed5f4a85b__ep5:qa:57,34f07a04-eb37-45a3-95ec-189ed5f4a85b__ep5,ep5,test,1300,1339,16.153383255004883,7.956747055053711,0.19588591158390045,0.3184688091278076,0.40865811705589294
medium_40f_stride20:34f07a04-eb37-45a3-95ec-189ed5f4a85b__ep5:qa:58,34f07a04-eb37-45a3-95ec-189ed5f4a85b__ep5,ep5,test,1320,1359,16.12767219543457,10.652424812316895,0.18089570105075836,0.2608858644962311,0.35266613960266113
medium_40f_stride20:34f07a04-eb37-45a3-95ec-189ed5f4a85b__ep5:qa:59,34f07a04-eb37-45a3-95ec-189ed5f4a85b__ep5,ep5,test,1340,1379,15.910888671875,15.924617767333984,0.12909343838691711,0.22886046767234802,0.28856006264686584
medium_40f_stride20:34f07a04-eb37-45a3-95ec-189ed5f4a85b__ep5:qa:60,34f07a04-eb37-45a3-95ec-189ed5f4a85b__ep5,ep5,test,1360,1399,15.58796215057373,11.932979583740234,0.162005215883255,0.23366020619869232,0.2901524603366852
medium_40f_stride20:34f07a04-eb37-45a3-95ec-189ed5f4a85b__ep5:qa:61,34f07a04-eb37-45a3-95ec-189ed5f4a85b__ep5,ep5,test,1400,1439,15.355076789855957,13.97839641571045,0.11987990140914917,0.17249150574207306,0.22600586712360382
medium_40f_stride20:34f07a04-eb37-45a3-95ec-189ed5f4a85b__ep5:qa:62,34f07a04-eb37-45a3-95ec-189ed5f4a85b__ep5,ep5,test,1420,1459,15.25830078125,11.87121868133545,0.15923605859279633,0.21186107397079468,0.28660833835601807
medium_40f_stride20:34f07a04-eb37-45a3-95ec-189ed5f4a85b__ep5:qa:63,34f07a04-eb37-45a3-95ec-189ed5f4a85b__ep5,ep5,test,1440,1479,15.03587818145752,12.08676528930664,0.17470289766788483,0.2829423248767853,0.3873773217201233
medium_40f_stride20:34f07a04-eb37-45a3-95ec-189ed5f4a85b__ep5:qa:64,34f07a04-eb37-45a3-95ec-189ed5f4a85b__ep5,ep5,test,1460,1499,15.03587818145752,12.441965103149414,0.16499504446983337,0.2588879466056824,0.3601241111755371
medium_40f_stride20:34f07a04-eb37-45a3-95ec-189ed5f4a85b__ep5:qa:65,34f07a04-eb37-45a3-95ec-189ed5f4a85b__ep5,ep5,test,1480,1519,17.268573760986328,13.225303649902344,0.19560231268405914,0.2668197453022003,0.3588094413280487
medium_40f_stride20:34f07a04-eb37-45a3-95ec-189ed5f4a85b__ep5:qa:66,34f07a04-eb37-45a3-95ec-189ed5f4a85b__ep5,ep5,test,1500,1539,17.268573760986328,13.762603759765625,0.1833019107580185,0.2416752278804779,0.3312927782535553
medium_40f_stride20:34f07a04-eb37-45a3-95ec-189ed5f4a85b__ep5:qa:67,34f07a04-eb37-45a3-95ec-189ed5f4a85b__ep5,ep5,test,1520,1559,17.268573760986328,11.806427001953125,0.1566571593284607,0.22624777257442474,0.3116849958896637
medium_40f_stride20:34f07a04-eb37-45a3-95ec-189ed5f4a85b__ep5:qa:72,34f07a04-eb37-45a3-95ec-189ed5f4a85b__ep5,ep5,test,1640,1679,17.579938888549805,12.132048606872559,0.15770846605300903,0.23283423483371735,0.31188133358955383
medium_40f_stride20:34f07a04-eb37-45a3-95ec-189ed5f4a85b__ep5:qa:73,34f07a04-eb37-45a3-95ec-189ed5f4a85b__ep5,ep5,test,1660,1699,17.319984436035156,12.08705997467041,0.15787164866924286,0.2610502541065216,0.32900238037109375
medium_40f_stride20:34f07a04-eb37-45a3-95ec-189ed5f4a85b__ep5:qa:74,34f07a04-eb37-45a3-95ec-189ed5f4a85b__ep5,ep5,test,1680,1719,17.319984436035156,10.006072044372559,0.14814485609531403,0.28768640756607056,0.35293951630592346
medium_40f_stride20:34f07a04-eb37-45a3-95ec-189ed5f4a85b__ep5:qa:75,34f07a04-eb37-45a3-95ec-189ed5f4a85b__ep5,ep5,test,1700,1739,17.319984436035156,8.97377872467041,0.16269025206565857,0.3087807893753052,0.3805217444896698
medium_40f_stride20:34f07a04-eb37-45a3-95ec-189ed5f4a85b__ep5:qa:76,34f07a04-eb37-45a3-95ec-189ed5f4a85b__ep5,ep5,test,1720,1759,16.99740982055664,14.091479301452637,0.14229200780391693,0.19876791536808014,0.27168765664100647
medium_40f_stride20:34f07a04-eb37-45a3-95ec-189ed5f4a85b__ep5:qa:77,34f07a04-eb37-45a3-95ec-189ed5f4a85b__ep5,ep5,test,1740,1779,18.33424949645996,14.563103675842285,0.15596450865268707,0.23939651250839233,0.3091919422149658
medium_40f_stride20:34f07a04-eb37-45a3-95ec-189ed5f4a85b__ep5:qa:79,34f07a04-eb37-45a3-95ec-189ed5f4a85b__ep5,ep5,test,1800,1839,18.16439437866211,12.799466133117676,0.15590019524097443,0.23027141392230988,0.3134777545928955
medium_40f_stride20:34f07a04-eb37-45a3-95ec-189ed5f4a85b__ep5:qa:80,34f07a04-eb37-45a3-95ec-189ed5f4a85b__ep5,ep5,test,1820,1859,18.16439437866211,15.277729034423828,0.18421389162540436,0.26210731267929077,0.3588099777698517
medium_40f_stride20:34f07a04-eb37-45a3-95ec-189ed5f4a85b__ep5:qa:81,34f07a04-eb37-45a3-95ec-189ed5f4a85b__ep5,ep5,test,1840,1879,17.58853530883789,12.210206031799316,0.1777564138174057,0.2672504782676697,0.3375508189201355
medium_40f_stride20:34f07a04-eb37-45a3-95ec-189ed5f4a85b__ep5:qa:93,34f07a04-eb37-45a3-95ec-189ed5f4a85b__ep5,ep5,test,2120,2159,17.01226234436035,13.212689399719238,0.16603708267211914,0.2572298049926758,0.34417253732681274
medium_40f_stride20:34f07a04-eb37-45a3-95ec-189ed5f4a85b__ep5:qa:94,34f07a04-eb37-45a3-95ec-189ed5f4a85b__ep5,ep5,test,2140,2179,15.888062477111816,13.342011451721191,0.21280302107334137,0.34284234046936035,0.4847213327884674
medium_40f_stride20:34f07a04-eb37-45a3-95ec-189ed5f4a85b__ep5:qa:95,34f07a04-eb37-45a3-95ec-189ed5f4a85b__ep5,ep5,test,2160,2199,15.526551246643066,12.582220077514648,0.29711562395095825,0.44860583543777466,0.6361712217330933
medium_40f_stride20:34f07a04-eb37-45a3-95ec-189ed5f4a85b__ep5:qa:96,34f07a04-eb37-45a3-95ec-189ed5f4a85b__ep5,ep5,test,2180,2219,15.526551246643066,13.105596542358398,0.2539467513561249,0.4511777460575104,0.6162204146385193
medium_40f_stride20:34f07a04-eb37-45a3-95ec-189ed5f4a85b__ep5:qa:97,34f07a04-eb37-45a3-95ec-189ed5f4a85b__ep5,ep5,test,2200,2239,18.036069869995117,11.914505004882812,0.2824622690677643,0.47521668672561646,0.6339566111564636
medium_40f_stride20:34f07a04-eb37-45a3-95ec-189ed5f4a85b__ep5:qa:98,34f07a04-eb37-45a3-95ec-189ed5f4a85b__ep5,ep5,test,2220,2259,18.036069869995117,15.190983772277832,0.2330901175737381,0.4449720084667206,0.5416146516799927
medium_40f_stride20:34f07a04-eb37-45a3-95ec-189ed5f4a85b__ep5:qa:125,34f07a04-eb37-45a3-95ec-189ed5f4a85b__ep5,ep5,test,2800,2839,0.0,12.066914558410645,0.23343132436275482,0.4063141644001007,0.5060266256332397
medium_40f_stride20:34f07a04-eb37-45a3-95ec-189ed5f4a85b__ep5:qa:126,34f07a04-eb37-45a3-95ec-189ed5f4a85b__ep5,ep5,test,2820,2859,0.0,11.235541343688965,0.20686350762844086,0.3783203363418579,0.4782772958278656
medium_40f_stride20:34f07a04-eb37-45a3-95ec-189ed5f4a85b__ep5:qa:127,34f07a04-eb37-45a3-95ec-189ed5f4a85b__ep5,ep5,test,2840,2879,17.451431274414062,13.625041961669922,0.17510318756103516,0.24799682199954987,0.328838586807251
medium_40f_stride20:34f07a04-eb37-45a3-95ec-189ed5f4a85b__ep5:qa:128,34f07a04-eb37-45a3-95ec-189ed5f4a85b__ep5,ep5,test,2860,2899,17.451431274414062,7.828890800476074,0.1806108057498932,0.35326358675956726,0.4259883463382721
medium_40f_stride20:34f07a04-eb37-45a3-95ec-189ed5f4a85b__ep5:qa:129,34f07a04-eb37-45a3-95ec-189ed5f4a85b__ep5,ep5,test,2880,2919,17.451431274414062,7.52390718460083,0.18798495829105377,0.35649678111076355,0.4444117248058319
medium_40f_stride20:34f07a04-eb37-45a3-95ec-189ed5f4a85b__ep5:qa:130,34f07a04-eb37-45a3-95ec-189ed5f4a85b__ep5,ep5,test,2900,2939,17.451431274414062,6.378742694854736,0.19683979451656342,0.39628058671951294,0.47493401169776917
medium_40f_stride20:34f07a04-eb37-45a3-95ec-189ed5f4a85b__ep5:qa:131,34f07a04-eb37-45a3-95ec-189ed5f4a85b__ep5,ep5,test,2920,2959,18.5340633392334,14.515316009521484,0.13636624813079834,0.20058320462703705,0.2727206349372864
medium_40f_stride20:34f07a04-eb37-45a3-95ec-189ed5f4a85b__ep5:qa:137,34f07a04-eb37-45a3-95ec-189ed5f4a85b__ep5,ep5,test,3080,3119,12.604248046875,17.348392486572266,0.23569168150424957,0.3284156024456024,0.4347231090068817
medium_40f_stride20:34f07a04-eb37-45a3-95ec-189ed5f4a85b__ep5:qa:138,34f07a04-eb37-45a3-95ec-189ed5f4a85b__ep5,ep5,test,3100,3139,12.604248046875,18.382596969604492,0.26999664306640625,0.367950439453125,0.4909522533416748
medium_40f_stride20:34f07a04-eb37-45a3-95ec-189ed5f4a85b__ep5:qa:139,34f07a04-eb37-45a3-95ec-189ed5f4a85b__ep5,ep5,test,3120,3159,15.143975257873535,18.39582061767578,0.3778121769428253,0.5498610138893127,0.8083101511001587
medium_40f_stride20:34f07a04-eb37-45a3-95ec-189ed5f4a85b__ep5:qa:140,34f07a04-eb37-45a3-95ec-189ed5f4a85b__ep5,ep5,test,3140,3179,0.0,15.125336647033691,0.3194483816623688,0.5092965960502625,0.6584886908531189
medium_40f_stride20:34f07a04-eb37-45a3-95ec-189ed5f4a85b__ep5:qa:141,34f07a04-eb37-45a3-95ec-189ed5f4a85b__ep5,ep5,test,3160,3199,14.396900177001953,13.618940353393555,0.37191349267959595,0.5665425062179565,0.7772731781005859
medium_40f_stride20:34f07a04-eb37-45a3-95ec-189ed5f4a85b__ep5:qa:142,34f07a04-eb37-45a3-95ec-189ed5f4a85b__ep5,ep5,test,3200,3239,10.092330932617188,9.684524536132812,0.11502168327569962,0.1512860506772995,0.2102009803056717
medium_40f_stride20:34f07a04-eb37-45a3-95ec-189ed5f4a85b__ep5:qa:143,34f07a04-eb37-45a3-95ec-189ed5f4a85b__ep5,ep5,test,3220,3259,10.092330932617188,10.433258056640625,0.09299337863922119,0.13299697637557983,0.181137353181839
medium_40f_stride20:34f07a04-eb37-45a3-95ec-189ed5f4a85b__ep5:qa:144,34f07a04-eb37-45a3-95ec-189ed5f4a85b__ep5,ep5,test,3240,3279,8.860970497131348,15.082173347473145,0.15896378457546234,0.24913212656974792,0.3170168101787567
medium_40f_stride20:34f07a04-eb37-45a3-95ec-189ed5f4a85b__ep5:qa:145,34f07a04-eb37-45a3-95ec-189ed5f4a85b__ep5,ep5,test,3260,3299,13.004055976867676,12.523092269897461,0.15229493379592896,0.2218487411737442,0.3181350827217102
medium_40f_stride20:34f07a04-eb37-45a3-95ec-189ed5f4a85b__ep5:qa:146,34f07a04-eb37-45a3-95ec-189ed5f4a85b__ep5,ep5,test,3280,3319,15.204583168029785,9.70862865447998,0.284359872341156,0.39738398790359497,0.5264163017272949
medium_40f_stride20:34f07a04-eb37-45a3-95ec-189ed5f4a85b__ep5:qa:147,34f07a04-eb37-45a3-95ec-189ed5f4a85b__ep5,ep5,test,3320,3359,16.165653228759766,10.455084800720215,0.2852131426334381,0.38250768184661865,0.5521546006202698
medium_40f_stride20:34f07a04-eb37-45a3-95ec-189ed5f4a85b__ep5:qa:148,34f07a04-eb37-45a3-95ec-189ed5f4a85b__ep5,ep5,test,3340,3379,16.165653228759766,7.297054767608643,0.2934262752532959,0.38920724391937256,0.5567041635513306
medium_40f_stride20:34f07a04-eb37-45a3-95ec-189ed5f4a85b__ep5:qa:149,34f07a04-eb37-45a3-95ec-189ed5f4a85b__ep5,ep5,test,3360,3399,18.883535385131836,11.002517700195312,0.37540772557258606,0.49731311202049255,0.7126501202583313
medium_40f_stride20:34f07a04-eb37-45a3-95ec-189ed5f4a85b__ep5:qa:169,34f07a04-eb37-45a3-95ec-189ed5f4a85b__ep5,ep5,test,3800,3839,10.048651695251465,12.659333229064941,0.1403195708990097,0.20533235371112823,0.27437201142311096
medium_40f_stride20:34f07a04-eb37-45a3-95ec-189ed5f4a85b__ep5:qa:170,34f07a04-eb37-45a3-95ec-189ed5f4a85b__ep5,ep5,test,3820,3859,15.947810173034668,11.265353202819824,0.2324638068675995,0.3551640808582306,0.4528155028820038
medium_40f_stride20:34f07a04-eb37-45a3-95ec-189ed5f4a85b__ep5:qa:171,34f07a04-eb37-45a3-95ec-189ed5f4a85b__ep5,ep5,test,3840,3879,18.127092361450195,9.446718215942383,0.3446287214756012,0.5049859881401062,0.6831162571907043
medium_40f_stride20:34f07a04-eb37-45a3-95ec-189ed5f4a85b__ep5:qa:172,34f07a04-eb37-45a3-95ec-189ed5f4a85b__ep5,ep5,test,3860,3899,18.127092361450195,13.512521743774414,0.41165199875831604,0.6559323668479919,0.8768881559371948
medium_40f_stride20:34f07a04-eb37-45a3-95ec-189ed5f4a85b__ep5:qa:173,34f07a04-eb37-45a3-95ec-189ed5f4a85b__ep5,ep5,test,3880,3919,23.00929069519043,9.10236644744873,0.5198356509208679,0.7859137058258057,1.0688320398330688
medium_40f_stride20:34f07a04-eb37-45a3-95ec-189ed5f4a85b__ep5:qa:174,34f07a04-eb37-45a3-95ec-189ed5f4a85b__ep5,ep5,test,3900,3939,33.62421417236328,9.386309623718262,0.585529625415802,1.0315395593643188,1.2703564167022705
medium_40f_stride20:34f07a04-eb37-45a3-95ec-189ed5f4a85b__ep5:qa:175,34f07a04-eb37-45a3-95ec-189ed5f4a85b__ep5,ep5,test,3920,3959,34.36747741699219,10.176962852478027,0.6506654024124146,1.0499749183654785,1.3298742771148682
medium_40f_stride20:34f07a04-eb37-45a3-95ec-189ed5f4a85b__ep5:qa:176,34f07a04-eb37-45a3-95ec-189ed5f4a85b__ep5,ep5,test,3960,3999,33.049495697021484,13.503006935119629,0.4453433156013489,0.7059594988822937,0.8302738666534424
medium_40f_stride20:34f07a04-eb37-45a3-95ec-189ed5f4a85b__ep5:qa:177,34f07a04-eb37-45a3-95ec-189ed5f4a85b__ep5,ep5,test,4000,4039,33.049495697021484,14.162774085998535,0.42905789613723755,0.6740075945854187,0.821193277835846
medium_40f_stride20:34f07a04-eb37-45a3-95ec-189ed5f4a85b__ep5:qa:178,34f07a04-eb37-45a3-95ec-189ed5f4a85b__ep5,ep5,test,4020,4059,33.049495697021484,13.203512191772461,0.4562663733959198,0.7328196167945862,0.9005241394042969
medium_40f_stride20:34f07a04-eb37-45a3-95ec-189ed5f4a85b__ep5:qa:179,34f07a04-eb37-45a3-95ec-189ed5f4a85b__ep5,ep5,test,4040,4079,32.180946350097656,11.307208061218262,0.4838164150714874,0.7484514117240906,0.9187987446784973
medium_40f_stride20:34f07a04-eb37-45a3-95ec-189ed5f4a85b__ep5:qa:182,34f07a04-eb37-45a3-95ec-189ed5f4a85b__ep5,ep5,test,4120,4159,23.8865909576416,19.878253936767578,0.11670248210430145,0.16466481983661652,0.2240225076675415
medium_40f_stride20:34f07a04-eb37-45a3-95ec-189ed5f4a85b__ep5:qa:183,34f07a04-eb37-45a3-95ec-189ed5f4a85b__ep5,ep5,test,4140,4179,22.717607498168945,20.810623168945312,0.13739220798015594,0.1937454342842102,0.27788278460502625
medium_40f_stride20:34f07a04-eb37-45a3-95ec-189ed5f4a85b__ep5:qa:184,34f07a04-eb37-45a3-95ec-189ed5f4a85b__ep5,ep5,test,4160,4199,22.795719146728516,13.20721435546875,0.2904399037361145,0.4577559530735016,0.6091133952140808
medium_40f_stride20:34f07a04-eb37-45a3-95ec-189ed5f4a85b__ep5:qa:185,34f07a04-eb37-45a3-95ec-189ed5f4a85b__ep5,ep5,test,4180,4219,22.795719146728516,16.0866756439209,0.2583882212638855,0.39128026366233826,0.5394745469093323
medium_40f_stride20:34f07a04-eb37-45a3-95ec-189ed5f4a85b__ep5:qa:186,34f07a04-eb37-45a3-95ec-189ed5f4a85b__ep5,ep5,test,4200,4239,17.070070266723633,14.138813972473145,0.16781266033649445,0.25030699372291565,0.3435737192630768
medium_40f_stride20:34f07a04-eb37-45a3-95ec-189ed5f4a85b__ep5:qa:187,34f07a04-eb37-45a3-95ec-189ed5f4a85b__ep5,ep5,test,4220,4259,17.070070266723633,16.764076232910156,0.1307343691587448,0.19642974436283112,0.2570582926273346
medium_40f_stride20:34f07a04-eb37-45a3-95ec-189ed5f4a85b__ep5:qa:193,34f07a04-eb37-45a3-95ec-189ed5f4a85b__ep5,ep5,test,4360,4399,13.441169738769531,7.184754371643066,0.18177463114261627,0.2813822329044342,0.37380871176719666
medium_40f_stride20:34f07a04-eb37-45a3-95ec-189ed5f4a85b__ep5:qa:194,34f07a04-eb37-45a3-95ec-189ed5f4a85b__ep5,ep5,test,4400,4439,16.490602493286133,11.58243465423584,0.17142106592655182,0.23341286182403564,0.3192904591560364
medium_40f_stride20:34f07a04-eb37-45a3-95ec-189ed5f4a85b__ep5:qa:195,34f07a04-eb37-45a3-95ec-189ed5f4a85b__ep5,ep5,test,4420,4459,16.494234085083008,11.771077156066895,0.23348134756088257,0.3119972348213196,0.42723292112350464
medium_40f_stride20:34f07a04-eb37-45a3-95ec-189ed5f4a85b__ep5:qa:196,34f07a04-eb37-45a3-95ec-189ed5f4a85b__ep5,ep5,test,4440,4479,13.687686920166016,9.650203704833984,0.1758045256137848,0.2575050890445709,0.33672472834587097
medium_40f_stride20:34f07a04-eb37-45a3-95ec-189ed5f4a85b__ep5:qa:197,34f07a04-eb37-45a3-95ec-189ed5f4a85b__ep5,ep5,test,4460,4499,13.687686920166016,8.589665412902832,0.18097127974033356,0.27063658833503723,0.34802448749542236
medium_40f_stride20:34f07a04-eb37-45a3-95ec-189ed5f4a85b__ep5:qa:198,34f07a04-eb37-45a3-95ec-189ed5f4a85b__ep5,ep5,test,4480,4519,9.850447654724121,14.619736671447754,0.14619964361190796,0.22544290125370026,0.2860177159309387
medium_40f_stride20:34f07a04-eb37-45a3-95ec-189ed5f4a85b__ep5:qa:199,34f07a04-eb37-45a3-95ec-189ed5f4a85b__ep5,ep5,test,4500,4539,9.850447654724121,14.183268547058105,0.15579476952552795,0.2266361117362976,0.29649683833122253
medium_40f_stride20:34f07a04-eb37-45a3-95ec-189ed5f4a85b__ep5:qa:200,34f07a04-eb37-45a3-95ec-189ed5f4a85b__ep5,ep5,test,4520,4559,11.874985694885254,8.326241493225098,0.10279954969882965,0.1665351539850235,0.226979061961174
medium_40f_stride20:34f07a04-eb37-45a3-95ec-189ed5f4a85b__ep5:qa:209,34f07a04-eb37-45a3-95ec-189ed5f4a85b__ep5,ep5,test,4720,4759,13.580216407775879,12.028604507446289,0.06131645664572716,0.10842093825340271,0.13711000978946686
medium_40f_stride20:34f07a04-eb37-45a3-95ec-189ed5f4a85b__ep5:qa:210,34f07a04-eb37-45a3-95ec-189ed5f4a85b__ep5,ep5,test,4740,4779,14.451335906982422,14.68040657043457,0.0972864031791687,0.14198990166187286,0.2001304030418396
medium_40f_stride20:34f07a04-eb37-45a3-95ec-189ed5f4a85b__ep5:qa:211,34f07a04-eb37-45a3-95ec-189ed5f4a85b__ep5,ep5,test,4760,4799,15.09047794342041,21.659961700439453,0.3240249454975128,0.4879659414291382,0.66257244348526
medium_40f_stride20:34f07a04-eb37-45a3-95ec-189ed5f4a85b__ep5:qa:212,34f07a04-eb37-45a3-95ec-189ed5f4a85b__ep5,ep5,test,4800,4839,14.951068878173828,13.045680046081543,0.24455486238002777,0.42525172233581543,0.5370108485221863
medium_40f_stride20:34f07a04-eb37-45a3-95ec-189ed5f4a85b__ep5:qa:213,34f07a04-eb37-45a3-95ec-189ed5f4a85b__ep5,ep5,test,4820,4859,14.971640586853027,13.052682876586914,0.07727154344320297,0.11291902512311935,0.13993388414382935
medium_40f_stride20:34f07a04-eb37-45a3-95ec-189ed5f4a85b__ep5:qa:214,34f07a04-eb37-45a3-95ec-189ed5f4a85b__ep5,ep5,test,4840,4879,15.085164070129395,11.430455207824707,0.10433933883905411,0.1505708545446396,0.1898232102394104
medium_40f_stride20:34f07a04-eb37-45a3-95ec-189ed5f4a85b__ep5:qa:215,34f07a04-eb37-45a3-95ec-189ed5f4a85b__ep5,ep5,test,4880,4919,14.9727144241333,15.980114936828613,0.2884158492088318,0.4351094961166382,0.5822035670280457
medium_40f_stride20:34f07a04-eb37-45a3-95ec-189ed5f4a85b__ep5:qa:216,34f07a04-eb37-45a3-95ec-189ed5f4a85b__ep5,ep5,test,4900,4939,13.087238311767578,11.690028190612793,0.28245434165000916,0.4253988265991211,0.5877996683120728
medium_40f_stride20:b9dd769b-e31a-4fdb-945e-5a60db6487b0__ep2:qa:0,b9dd769b-e31a-4fdb-945e-5a60db6487b0__ep2,ep2,test,0,39,13.189827919006348,4.776476860046387,0.15103955566883087,0.2904767692089081,0.3174552321434021
medium_40f_stride20:b9dd769b-e31a-4fdb-945e-5a60db6487b0__ep2:qa:1,b9dd769b-e31a-4fdb-945e-5a60db6487b0__ep2,ep2,test,20,59,14.986444473266602,4.261888027191162,0.22204776108264923,0.37014493346214294,0.4839681386947632
medium_40f_stride20:b9dd769b-e31a-4fdb-945e-5a60db6487b0__ep2:qa:2,b9dd769b-e31a-4fdb-945e-5a60db6487b0__ep2,ep2,test,40,79,14.83332347869873,6.109574317932129,0.18864305317401886,0.30999884009361267,0.4045361280441284
medium_40f_stride20:b9dd769b-e31a-4fdb-945e-5a60db6487b0__ep2:qa:3,b9dd769b-e31a-4fdb-945e-5a60db6487b0__ep2,ep2,test,60,99,14.62069320678711,9.34265422821045,0.15366984903812408,0.23392802476882935,0.3221799433231354
medium_40f_stride20:b9dd769b-e31a-4fdb-945e-5a60db6487b0__ep2:qa:4,b9dd769b-e31a-4fdb-945e-5a60db6487b0__ep2,ep2,test,80,119,14.313314437866211,10.355188369750977,0.1492832452058792,0.2279847413301468,0.31117045879364014
medium_40f_stride20:b9dd769b-e31a-4fdb-945e-5a60db6487b0__ep2:qa:5,b9dd769b-e31a-4fdb-945e-5a60db6487b0__ep2,ep2,test,100,139,14.139087677001953,9.511080741882324,0.11217289417982101,0.19451689720153809,0.2720809280872345
medium_40f_stride20:b9dd769b-e31a-4fdb-945e-5a60db6487b0__ep2:qa:6,b9dd769b-e31a-4fdb-945e-5a60db6487b0__ep2,ep2,test,120,159,0.0,9.348810195922852,0.20016154646873474,0.314790815114975,0.43927302956581116
medium_40f_stride20:b9dd769b-e31a-4fdb-945e-5a60db6487b0__ep2:qa:7,b9dd769b-e31a-4fdb-945e-5a60db6487b0__ep2,ep2,test,140,179,0.0,4.49198579788208,0.0925302654504776,0.15125301480293274,0.19826354086399078
medium_40f_stride20:b9dd769b-e31a-4fdb-945e-5a60db6487b0__ep2:qa:8,b9dd769b-e31a-4fdb-945e-5a60db6487b0__ep2,ep2,test,160,199,0.0,8.762664794921875,0.1753118485212326,0.29505428671836853,0.37520745396614075
medium_40f_stride20:b9dd769b-e31a-4fdb-945e-5a60db6487b0__ep2:qa:9,b9dd769b-e31a-4fdb-945e-5a60db6487b0__ep2,ep2,test,180,219,0.0,10.54461669921875,0.20194005966186523,0.35505571961402893,0.44355276226997375
medium_40f_stride20:b9dd769b-e31a-4fdb-945e-5a60db6487b0__ep2:qa:10,b9dd769b-e31a-4fdb-945e-5a60db6487b0__ep2,ep2,test,200,239,0.0,6.2479023933410645,0.10062313079833984,0.2103777974843979,0.24813567101955414
medium_40f_stride20:b9dd769b-e31a-4fdb-945e-5a60db6487b0__ep2:qa:11,b9dd769b-e31a-4fdb-945e-5a60db6487b0__ep2,ep2,test,220,259,0.0,8.710229873657227,0.1390427201986313,0.2932886779308319,0.3441329300403595
medium_40f_stride20:b9dd769b-e31a-4fdb-945e-5a60db6487b0__ep2:qa:39,b9dd769b-e31a-4fdb-945e-5a60db6487b0__ep2,ep2,test,800,839,0.0,2.046140432357788,0.04232129827141762,0.06889712810516357,0.08435633033514023
medium_40f_stride20:b9dd769b-e31a-4fdb-945e-5a60db6487b0__ep2:qa:40,b9dd769b-e31a-4fdb-945e-5a60db6487b0__ep2,ep2,test,820,859,0.0,1.4649208784103394,0.03346165642142296,0.04932645335793495,0.06613609939813614
medium_40f_stride20:b9dd769b-e31a-4fdb-945e-5a60db6487b0__ep2:qa:41,b9dd769b-e31a-4fdb-945e-5a60db6487b0__ep2,ep2,test,840,879,0.0,7.699836254119873,0.12806400656700134,0.2592669427394867,0.30851078033447266
medium_40f_stride20:b9dd769b-e31a-4fdb-945e-5a60db6487b0__ep2:qa:42,b9dd769b-e31a-4fdb-945e-5a60db6487b0__ep2,ep2,test,860,899,0.0,4.9875264167785645,0.0894407257437706,0.1679387390613556,0.1990530639886856
medium_40f_stride20:b9dd769b-e31a-4fdb-945e-5a60db6487b0__ep2:qa:43,b9dd769b-e31a-4fdb-945e-5a60db6487b0__ep2,ep2,test,880,919,11.472923278808594,0.7234918475151062,0.18796509504318237,0.37728291749954224,0.45681917667388916
medium_40f_stride20:b9dd769b-e31a-4fdb-945e-5a60db6487b0__ep2:qa:44,b9dd769b-e31a-4fdb-945e-5a60db6487b0__ep2,ep2,test,900,939,12.64011287689209,5.282235622406006,0.2271459698677063,0.35666516423225403,0.48460906744003296
medium_40f_stride20:b9dd769b-e31a-4fdb-945e-5a60db6487b0__ep2:qa:45,b9dd769b-e31a-4fdb-945e-5a60db6487b0__ep2,ep2,test,920,959,14.451619148254395,5.63978385925293,0.20832917094230652,0.3240513205528259,0.44171375036239624
medium_40f_stride20:b9dd769b-e31a-4fdb-945e-5a60db6487b0__ep2:qa:46,b9dd769b-e31a-4fdb-945e-5a60db6487b0__ep2,ep2,test,940,979,13.76230239868164,6.224600791931152,0.1737125664949417,0.2778429090976715,0.3838104009628296
medium_40f_stride20:b9dd769b-e31a-4fdb-945e-5a60db6487b0__ep2:qa:47,b9dd769b-e31a-4fdb-945e-5a60db6487b0__ep2,ep2,test,960,999,12.263510704040527,7.497364044189453,0.18041279911994934,0.27258026599884033,0.3659042418003082
medium_40f_stride20:b9dd769b-e31a-4fdb-945e-5a60db6487b0__ep2:qa:48,b9dd769b-e31a-4fdb-945e-5a60db6487b0__ep2,ep2,test,980,1019,12.263510704040527,13.429311752319336,0.14952796697616577,0.23907317221164703,0.31463566422462463
medium_40f_stride20:b9dd769b-e31a-4fdb-945e-5a60db6487b0__ep2:qa:49,b9dd769b-e31a-4fdb-945e-5a60db6487b0__ep2,ep2,test,1000,1039,12.39944839477539,12.022088050842285,0.17906403541564941,0.2786957323551178,0.37655407190322876
medium_40f_stride20:b9dd769b-e31a-4fdb-945e-5a60db6487b0__ep2:qa:50,b9dd769b-e31a-4fdb-945e-5a60db6487b0__ep2,ep2,test,1020,1059,12.39944839477539,8.351092338562012,0.1402997523546219,0.21224652230739594,0.2883008122444153
medium_40f_stride20:b9dd769b-e31a-4fdb-945e-5a60db6487b0__ep2:qa:51,b9dd769b-e31a-4fdb-945e-5a60db6487b0__ep2,ep2,test,1040,1079,13.322633743286133,4.204026699066162,0.17035870254039764,0.3159406781196594,0.35357093811035156
medium_40f_stride20:b9dd769b-e31a-4fdb-945e-5a60db6487b0__ep2:qa:68,b9dd769b-e31a-4fdb-945e-5a60db6487b0__ep2,ep2,test,1400,1439,13.271663665771484,13.072386741638184,0.24904972314834595,0.37964633107185364,0.5196521878242493
medium_40f_stride20:b9dd769b-e31a-4fdb-945e-5a60db6487b0__ep2:qa:69,b9dd769b-e31a-4fdb-945e-5a60db6487b0__ep2,ep2,test,1420,1459,12.736061096191406,11.164780616760254,0.10173017531633377,0.159495010972023,0.20524950325489044
medium_40f_stride20:b9dd769b-e31a-4fdb-945e-5a60db6487b0__ep2:qa:70,b9dd769b-e31a-4fdb-945e-5a60db6487b0__ep2,ep2,test,1440,1479,0.0,10.354516983032227,0.19700433313846588,0.34865471720695496,0.46558359265327454
medium_40f_stride20:b9dd769b-e31a-4fdb-945e-5a60db6487b0__ep2:qa:71,b9dd769b-e31a-4fdb-945e-5a60db6487b0__ep2,ep2,test,1460,1499,0.0,11.886789321899414,0.23972366750240326,0.40024903416633606,0.5606558322906494
medium_40f_stride20:b9dd769b-e31a-4fdb-945e-5a60db6487b0__ep2:qa:72,b9dd769b-e31a-4fdb-945e-5a60db6487b0__ep2,ep2,test,1480,1519,0.0,11.320171356201172,0.25575709342956543,0.38117003440856934,0.5453826785087585
medium_40f_stride20:b9dd769b-e31a-4fdb-945e-5a60db6487b0__ep2:qa:73,b9dd769b-e31a-4fdb-945e-5a60db6487b0__ep2,ep2,test,1500,1539,0.0,4.486478328704834,0.0997275859117508,0.1510675847530365,0.18823319673538208
medium_40f_stride20:b9dd769b-e31a-4fdb-945e-5a60db6487b0__ep2:qa:74,b9dd769b-e31a-4fdb-945e-5a60db6487b0__ep2,ep2,test,1520,1559,0.0,4.461313247680664,0.07581279426813126,0.15022023022174835,0.17726483941078186
medium_40f_stride20:b9dd769b-e31a-4fdb-945e-5a60db6487b0__ep2:qa:75,b9dd769b-e31a-4fdb-945e-5a60db6487b0__ep2,ep2,test,1540,1579,0.0,5.501930236816406,0.09869986772537231,0.1852596253156662,0.23206378519535065
medium_40f_stride20:b9dd769b-e31a-4fdb-945e-5a60db6487b0__ep2:qa:76,b9dd769b-e31a-4fdb-945e-5a60db6487b0__ep2,ep2,test,1560,1599,0.0,6.670102119445801,0.1239389106631279,0.22459402680397034,0.27404800057411194
medium_40f_stride20:b9dd769b-e31a-4fdb-945e-5a60db6487b0__ep2:qa:77,b9dd769b-e31a-4fdb-945e-5a60db6487b0__ep2,ep2,test,1580,1619,0.0,10.749300956726074,0.2075231969356537,0.36194777488708496,0.45485904812812805
medium_40f_stride20:b9dd769b-e31a-4fdb-945e-5a60db6487b0__ep2:qa:78,b9dd769b-e31a-4fdb-945e-5a60db6487b0__ep2,ep2,test,1600,1639,0.0,4.571314334869385,0.08372840285301208,0.15392416715621948,0.18555282056331635
medium_40f_stride20:b9dd769b-e31a-4fdb-945e-5a60db6487b0__ep2:qa:79,b9dd769b-e31a-4fdb-945e-5a60db6487b0__ep2,ep2,test,1620,1659,0.0,5.791364669799805,0.10977208614349365,0.195005401968956,0.2324140965938568
medium_40f_stride20:b9dd769b-e31a-4fdb-945e-5a60db6487b0__ep2:qa:80,b9dd769b-e31a-4fdb-945e-5a60db6487b0__ep2,ep2,test,1640,1679,0.0,3.8967695236206055,0.06103845313191414,0.131211057305336,0.15402376651763916
medium_40f_stride20:b9dd769b-e31a-4fdb-945e-5a60db6487b0__ep2:qa:87,b9dd769b-e31a-4fdb-945e-5a60db6487b0__ep2,ep2,test,1800,1839,0.0,8.852316856384277,0.17253433167934418,0.29807302355766296,0.3770330250263214
medium_40f_stride20:b9dd769b-e31a-4fdb-945e-5a60db6487b0__ep2:qa:88,b9dd769b-e31a-4fdb-945e-5a60db6487b0__ep2,ep2,test,1820,1859,0.0,8.84351634979248,0.1725776344537735,0.2977766990661621,0.3809554874897003
medium_40f_stride20:b9dd769b-e31a-4fdb-945e-5a60db6487b0__ep2:qa:89,b9dd769b-e31a-4fdb-945e-5a60db6487b0__ep2,ep2,test,1840,1879,0.0,7.539202690124512,0.14909300208091736,0.25385817885398865,0.3303115665912628
medium_40f_stride20:b9dd769b-e31a-4fdb-945e-5a60db6487b0__ep2:qa:90,b9dd769b-e31a-4fdb-945e-5a60db6487b0__ep2,ep2,test,1880,1919,0.0,12.819747924804688,0.24246886372566223,0.4316633343696594,0.5588826537132263
medium_40f_stride20:b9dd769b-e31a-4fdb-945e-5a60db6487b0__ep2:qa:91,b9dd769b-e31a-4fdb-945e-5a60db6487b0__ep2,ep2,test,1900,1939,0.0,12.382246971130371,0.2050379514694214,0.4169318974018097,0.49326393008232117
medium_40f_stride20:b9dd769b-e31a-4fdb-945e-5a60db6487b0__ep2:qa:92,b9dd769b-e31a-4fdb-945e-5a60db6487b0__ep2,ep2,test,1920,1959,0.0,13.789482116699219,0.22391065955162048,0.4643160104751587,0.5594143271446228
medium_40f_stride20:b9dd769b-e31a-4fdb-945e-5a60db6487b0__ep2:qa:93,b9dd769b-e31a-4fdb-945e-5a60db6487b0__ep2,ep2,test,1940,1979,0.0,11.466936111450195,0.20433375239372253,0.3861117959022522,0.45074254274368286
medium_40f_stride20:b9dd769b-e31a-4fdb-945e-5a60db6487b0__ep2:qa:94,b9dd769b-e31a-4fdb-945e-5a60db6487b0__ep2,ep2,test,1960,1999,0.0,12.084888458251953,0.22185418009757996,0.40691936016082764,0.5095478296279907
medium_40f_stride20:b9dd769b-e31a-4fdb-945e-5a60db6487b0__ep2:qa:95,b9dd769b-e31a-4fdb-945e-5a60db6487b0__ep2,ep2,test,1980,2019,0.0,8.844217300415039,0.17758658528327942,0.29780030250549316,0.36192628741264343
medium_40f_stride20:b9dd769b-e31a-4fdb-945e-5a60db6487b0__ep2:qa:96,b9dd769b-e31a-4fdb-945e-5a60db6487b0__ep2,ep2,test,2000,2039,0.0,13.97634220123291,0.2309390902519226,0.4706079065799713,0.5580828189849854
medium_40f_stride20:b9dd769b-e31a-4fdb-945e-5a60db6487b0__ep2:qa:97,b9dd769b-e31a-4fdb-945e-5a60db6487b0__ep2,ep2,test,2020,2059,0.0,14.051629066467285,0.23412899672985077,0.47314298152923584,0.5576772093772888
medium_40f_stride20:b9dd769b-e31a-4fdb-945e-5a60db6487b0__ep2:qa:98,b9dd769b-e31a-4fdb-945e-5a60db6487b0__ep2,ep2,test,2040,2079,0.0,14.174930572509766,0.24714574217796326,0.47729477286338806,0.5744918584823608
medium_40f_stride20:b9dd769b-e31a-4fdb-945e-5a60db6487b0__ep2:qa:99,b9dd769b-e31a-4fdb-945e-5a60db6487b0__ep2,ep2,test,2060,2099,0.0,13.968016624450684,0.2303352653980255,0.47032758593559265,0.5590416789054871
medium_40f_stride20:b9dd769b-e31a-4fdb-945e-5a60db6487b0__ep2:qa:100,b9dd769b-e31a-4fdb-945e-5a60db6487b0__ep2,ep2,test,2080,2119,0.0,13.081123352050781,0.22616839408874512,0.4404643774032593,0.5270311236381531
medium_40f_stride20:b9dd769b-e31a-4fdb-945e-5a60db6487b0__ep2:qa:101,b9dd769b-e31a-4fdb-945e-5a60db6487b0__ep2,ep2,test,2100,2139,0.0,14.277090072631836,0.25477761030197144,0.4807346761226654,0.5734679698944092
medium_40f_stride20:b9dd769b-e31a-4fdb-945e-5a60db6487b0__ep2:qa:102,b9dd769b-e31a-4fdb-945e-5a60db6487b0__ep2,ep2,test,2120,2159,0.0,13.49824333190918,0.2279340773820877,0.4545094668865204,0.5466989278793335
medium_40f_stride20:b9dd769b-e31a-4fdb-945e-5a60db6487b0__ep2:qa:109,b9dd769b-e31a-4fdb-945e-5a60db6487b0__ep2,ep2,test,2280,2319,14.6304292678833,12.70463752746582,0.10558664053678513,0.1676371991634369,0.21156302094459534
medium_40f_stride20:b9dd769b-e31a-4fdb-945e-5a60db6487b0__ep2:qa:110,b9dd769b-e31a-4fdb-945e-5a60db6487b0__ep2,ep2,test,2300,2339,14.636024475097656,12.53109073638916,0.1258484572172165,0.18753698468208313,0.2673072814941406
medium_40f_stride20:b9dd769b-e31a-4fdb-945e-5a60db6487b0__ep2:qa:111,b9dd769b-e31a-4fdb-945e-5a60db6487b0__ep2,ep2,test,2320,2359,15.626893997192383,13.228752136230469,0.21922090649604797,0.378718763589859,0.4848534166812897
medium_40f_stride20:b9dd769b-e31a-4fdb-945e-5a60db6487b0__ep2:qa:112,b9dd769b-e31a-4fdb-945e-5a60db6487b0__ep2,ep2,test,2340,2379,14.420143127441406,14.305217742919922,0.21169905364513397,0.35454005002975464,0.4654870629310608
medium_40f_stride20:b9dd769b-e31a-4fdb-945e-5a60db6487b0__ep2:qa:113,b9dd769b-e31a-4fdb-945e-5a60db6487b0__ep2,ep2,test,2360,2399,12.585236549377441,13.121657371520996,0.06807538121938705,0.10089319944381714,0.14104139804840088
medium_40f_stride20:b9dd769b-e31a-4fdb-945e-5a60db6487b0__ep2:qa:114,b9dd769b-e31a-4fdb-945e-5a60db6487b0__ep2,ep2,test,2400,2439,12.918625831604004,11.652236938476562,0.08171768486499786,0.12579767405986786,0.17946326732635498
medium_40f_stride20:b9dd769b-e31a-4fdb-945e-5a60db6487b0__ep2:qa:115,b9dd769b-e31a-4fdb-945e-5a60db6487b0__ep2,ep2,test,2420,2459,12.914984703063965,12.253498077392578,0.13146817684173584,0.18890653550624847,0.27789559960365295
medium_40f_stride20:b9dd769b-e31a-4fdb-945e-5a60db6487b0__ep2:qa:116,b9dd769b-e31a-4fdb-945e-5a60db6487b0__ep2,ep2,test,2440,2479,12.830939292907715,11.44795036315918,0.07111967355012894,0.10126945376396179,0.1424938440322876
medium_40f_stride20:b9dd769b-e31a-4fdb-945e-5a60db6487b0__ep2:qa:117,b9dd769b-e31a-4fdb-945e-5a60db6487b0__ep2,ep2,test,2460,2499,12.793607711791992,10.162453651428223,0.1294926106929779,0.1893189698457718,0.25967782735824585
medium_40f_stride20:b9dd769b-e31a-4fdb-945e-5a60db6487b0__ep2:qa:118,b9dd769b-e31a-4fdb-945e-5a60db6487b0__ep2,ep2,test,2480,2519,12.788436889648438,10.853970527648926,0.05994226783514023,0.08830221742391586,0.11560613662004471
medium_40f_stride20:b9dd769b-e31a-4fdb-945e-5a60db6487b0__ep2:qa:119,b9dd769b-e31a-4fdb-945e-5a60db6487b0__ep2,ep2,test,2500,2539,12.693275451660156,9.97790813446045,0.1015896275639534,0.15207535028457642,0.21054375171661377
medium_40f_stride20:b9dd769b-e31a-4fdb-945e-5a60db6487b0__ep2:qa:120,b9dd769b-e31a-4fdb-945e-5a60db6487b0__ep2,ep2,test,2520,2559,12.62963581085205,11.359703063964844,0.052439719438552856,0.07672660052776337,0.10157410800457001
medium_40f_stride20:b9dd769b-e31a-4fdb-945e-5a60db6487b0__ep2:qa:121,b9dd769b-e31a-4fdb-945e-5a60db6487b0__ep2,ep2,test,2540,2579,12.617635726928711,11.731306076049805,0.033257871866226196,0.04900369420647621,0.06608854979276657
medium_40f_stride20:b9dd769b-e31a-4fdb-945e-5a60db6487b0__ep2:qa:122,b9dd769b-e31a-4fdb-945e-5a60db6487b0__ep2,ep2,test,2560,2599,10.351112365722656,11.04076862335205,0.18127627670764923,0.29264581203460693,0.40965279936790466
medium_40f_stride20:b9dd769b-e31a-4fdb-945e-5a60db6487b0__ep2:qa:123,b9dd769b-e31a-4fdb-945e-5a60db6487b0__ep2,ep2,test,2580,2619,10.351112365722656,11.703814506530762,0.18765614926815033,0.3068035840988159,0.4228578805923462
medium_40f_stride20:b9dd769b-e31a-4fdb-945e-5a60db6487b0__ep2:qa:124,b9dd769b-e31a-4fdb-945e-5a60db6487b0__ep2,ep2,test,2600,2639,13.208196640014648,12.029317855834961,0.22486500442028046,0.3770926594734192,0.520126461982727
medium_40f_stride20:b9dd769b-e31a-4fdb-945e-5a60db6487b0__ep2:qa:125,b9dd769b-e31a-4fdb-945e-5a60db6487b0__ep2,ep2,test,2620,2659,13.208196640014648,10.942663192749023,0.21265557408332825,0.3625640869140625,0.48915329575538635
medium_40f_stride20:b9dd769b-e31a-4fdb-945e-5a60db6487b0__ep2:qa:126,b9dd769b-e31a-4fdb-945e-5a60db6487b0__ep2,ep2,test,2640,2679,12.994888305664062,11.511155128479004,0.048864126205444336,0.07285968214273453,0.0941738486289978
medium_40f_stride20:b9dd769b-e31a-4fdb-945e-5a60db6487b0__ep2:qa:137,b9dd769b-e31a-4fdb-945e-5a60db6487b0__ep2,ep2,test,2880,2919,0.0,10.672438621520996,0.20205706357955933,0.3593597114086151,0.41379812359809875
medium_40f_stride20:b9dd769b-e31a-4fdb-945e-5a60db6487b0__ep2:qa:138,b9dd769b-e31a-4fdb-945e-5a60db6487b0__ep2,ep2,test,2900,2939,0.0,1.3400970697402954,0.02649652026593685,0.04512341693043709,0.059699222445487976
medium_40f_stride20:b9dd769b-e31a-4fdb-945e-5a60db6487b0__ep2:qa:139,b9dd769b-e31a-4fdb-945e-5a60db6487b0__ep2,ep2,test,2920,2959,0.0,2.5259757041931152,0.04680655896663666,0.08505401760339737,0.11398478597402573
medium_40f_stride20:b9dd769b-e31a-4fdb-945e-5a60db6487b0__ep2:qa:140,b9dd769b-e31a-4fdb-945e-5a60db6487b0__ep2,ep2,test,2940,2979,12.01610279083252,12.005152702331543,0.2635650932788849,0.4108152687549591,0.5880963802337646
medium_40f_stride20:b9dd769b-e31a-4fdb-945e-5a60db6487b0__ep2:qa:141,b9dd769b-e31a-4fdb-945e-5a60db6487b0__ep2,ep2,test,2960,2999,12.780153274536133,10.392130851745605,0.1949680894613266,0.33055129647254944,0.43523895740509033
medium_40f_stride20:b9dd769b-e31a-4fdb-945e-5a60db6487b0__ep2:qa:142,b9dd769b-e31a-4fdb-945e-5a60db6487b0__ep2,ep2,test,2980,3019,12.555187225341797,7.156058311462402,0.13129346072673798,0.2168295681476593,0.2607210576534271
medium_40f_stride20:b9dd769b-e31a-4fdb-945e-5a60db6487b0__ep2:qa:143,b9dd769b-e31a-4fdb-945e-5a60db6487b0__ep2,ep2,test,3000,3039,12.476173400878906,11.116331100463867,0.0977451503276825,0.148686945438385,0.20889912545681
medium_40f_stride20:b9dd769b-e31a-4fdb-945e-5a60db6487b0__ep2:qa:144,b9dd769b-e31a-4fdb-945e-5a60db6487b0__ep2,ep2,test,3020,3059,12.399747848510742,9.293906211853027,0.1233801618218422,0.18328852951526642,0.24843807518482208
medium_40f_stride20:b9dd769b-e31a-4fdb-945e-5a60db6487b0__ep2:qa:145,b9dd769b-e31a-4fdb-945e-5a60db6487b0__ep2,ep2,test,3040,3079,12.204412460327148,10.425552368164062,0.132692351937294,0.19435054063796997,0.27266836166381836
medium_40f_stride20:b9dd769b-e31a-4fdb-945e-5a60db6487b0__ep2:qa:146,b9dd769b-e31a-4fdb-945e-5a60db6487b0__ep2,ep2,test,3060,3099,12.204412460327148,12.258761405944824,0.13874341547489166,0.21842043101787567,0.29644766449928284
medium_40f_stride20:b9dd769b-e31a-4fdb-945e-5a60db6487b0__ep2:qa:147,b9dd769b-e31a-4fdb-945e-5a60db6487b0__ep2,ep2,test,3080,3119,12.125528335571289,10.458148002624512,0.1514064073562622,0.2856106162071228,0.32956477999687195
medium_40f_stride20:b9dd769b-e31a-4fdb-945e-5a60db6487b0__ep2:qa:148,b9dd769b-e31a-4fdb-945e-5a60db6487b0__ep2,ep2,test,3100,3139,12.125528335571289,10.320649147033691,0.1557818502187729,0.2843906581401825,0.3346094489097595
medium_40f_stride20:b9dd769b-e31a-4fdb-945e-5a60db6487b0__ep2:qa:181,b9dd769b-e31a-4fdb-945e-5a60db6487b0__ep2,ep2,test,3800,3839,12.964149475097656,6.652960300445557,0.1616256684064865,0.2409190833568573,0.3400568962097168
medium_40f_stride20:b9dd769b-e31a-4fdb-945e-5a60db6487b0__ep2:qa:182,b9dd769b-e31a-4fdb-945e-5a60db6487b0__ep2,ep2,test,3820,3859,13.937280654907227,12.384245872497559,0.055978838354349136,0.08092358708381653,0.11109446734189987
medium_40f_stride20:b9dd769b-e31a-4fdb-945e-5a60db6487b0__ep2:qa:183,b9dd769b-e31a-4fdb-945e-5a60db6487b0__ep2,ep2,test,3840,3879,13.834385871887207,5.455185413360596,0.15914012491703033,0.2886507511138916,0.3373619616031647
medium_40f_stride20:b9dd769b-e31a-4fdb-945e-5a60db6487b0__ep2:qa:184,b9dd769b-e31a-4fdb-945e-5a60db6487b0__ep2,ep2,test,3860,3899,13.8116455078125,12.454044342041016,0.09798053652048111,0.14615778625011444,0.21586021780967712
medium_40f_stride20:b9dd769b-e31a-4fdb-945e-5a60db6487b0__ep2:qa:185,b9dd769b-e31a-4fdb-945e-5a60db6487b0__ep2,ep2,test,3880,3919,13.723325729370117,13.321038246154785,0.09867687523365021,0.14604485034942627,0.20921602845191956
medium_40f_stride20:b9dd769b-e31a-4fdb-945e-5a60db6487b0__ep2:qa:186,b9dd769b-e31a-4fdb-945e-5a60db6487b0__ep2,ep2,test,3900,3939,13.480945587158203,12.733682632446289,0.07123635709285736,0.10869855433702469,0.14637038111686707
medium_40f_stride20:b9dd769b-e31a-4fdb-945e-5a60db6487b0__ep2:qa:187,b9dd769b-e31a-4fdb-945e-5a60db6487b0__ep2,ep2,test,3920,3959,13.012655258178711,10.106059074401855,0.20856773853302002,0.3528064489364624,0.4577372968196869
medium_40f_stride20:b9dd769b-e31a-4fdb-945e-5a60db6487b0__ep2:qa:188,b9dd769b-e31a-4fdb-945e-5a60db6487b0__ep2,ep2,test,3940,3979,9.17090892791748,11.704222679138184,0.16031068563461304,0.28768017888069153,0.35600268840789795
medium_40f_stride20:b9dd769b-e31a-4fdb-945e-5a60db6487b0__ep2:qa:189,b9dd769b-e31a-4fdb-945e-5a60db6487b0__ep2,ep2,test,3960,3999,12.938989639282227,11.192113876342773,0.23450349271297455,0.37964382767677307,0.47580090165138245
medium_40f_stride20:b9dd769b-e31a-4fdb-945e-5a60db6487b0__ep2:qa:190,b9dd769b-e31a-4fdb-945e-5a60db6487b0__ep2,ep2,test,3980,4019,12.938989639282227,9.691761016845703,0.20711494982242584,0.3458395302295685,0.4393453896045685
medium_40f_stride20:b9dd769b-e31a-4fdb-945e-5a60db6487b0__ep2:qa:191,b9dd769b-e31a-4fdb-945e-5a60db6487b0__ep2,ep2,test,4000,4039,13.576199531555176,10.485699653625488,0.09403643012046814,0.129444420337677,0.17286358773708344
medium_40f_stride20:b9dd769b-e31a-4fdb-945e-5a60db6487b0__ep2:qa:192,b9dd769b-e31a-4fdb-945e-5a60db6487b0__ep2,ep2,test,4020,4059,13.576199531555176,3.862098455429077,0.20731234550476074,0.337588369846344,0.4179346561431885
medium_40f_stride20:ba045ed4-ef25-404d-b756-8dcbd45b18fa__ep2:qa:0,ba045ed4-ef25-404d-b756-8dcbd45b18fa__ep2,ep2,test,0,39,15.645359992980957,11.73992919921875,0.1586800515651703,0.268090158700943,0.32197150588035583
medium_40f_stride20:ba045ed4-ef25-404d-b756-8dcbd45b18fa__ep2:qa:1,ba045ed4-ef25-404d-b756-8dcbd45b18fa__ep2,ep2,test,20,59,15.645359992980957,11.952827453613281,0.16726891696453094,0.28871363401412964,0.3462387025356293
medium_40f_stride20:ba045ed4-ef25-404d-b756-8dcbd45b18fa__ep2:qa:2,ba045ed4-ef25-404d-b756-8dcbd45b18fa__ep2,ep2,test,40,79,15.836792945861816,11.430549621582031,0.20518063008785248,0.3257024884223938,0.40707844495773315
medium_40f_stride20:ba045ed4-ef25-404d-b756-8dcbd45b18fa__ep2:qa:3,ba045ed4-ef25-404d-b756-8dcbd45b18fa__ep2,ep2,test,60,99,15.836792945861816,10.789412498474121,0.19584566354751587,0.3049338757991791,0.37916529178619385
medium_40f_stride20:ba045ed4-ef25-404d-b756-8dcbd45b18fa__ep2:qa:4,ba045ed4-ef25-404d-b756-8dcbd45b18fa__ep2,ep2,test,80,119,15.719435691833496,12.55713176727295,0.11952748149633408,0.19103044271469116,0.23791195452213287
medium_40f_stride20:ba045ed4-ef25-404d-b756-8dcbd45b18fa__ep2:qa:19,ba045ed4-ef25-404d-b756-8dcbd45b18fa__ep2,ep2,test,400,439,15.221141815185547,12.061652183532715,0.16688400506973267,0.2691635489463806,0.3699598014354706
medium_40f_stride20:ba045ed4-ef25-404d-b756-8dcbd45b18fa__ep2:qa:20,ba045ed4-ef25-404d-b756-8dcbd45b18fa__ep2,ep2,test,420,459,15.509556770324707,12.657011032104492,0.11433333903551102,0.1729944348335266,0.2404666244983673
medium_40f_stride20:ba045ed4-ef25-404d-b756-8dcbd45b18fa__ep2:qa:21,ba045ed4-ef25-404d-b756-8dcbd45b18fa__ep2,ep2,test,440,479,11.208187103271484,12.274516105651855,0.21699295938014984,0.31291109323501587,0.4278479218482971
medium_40f_stride20:ba045ed4-ef25-404d-b756-8dcbd45b18fa__ep2:qa:22,ba045ed4-ef25-404d-b756-8dcbd45b18fa__ep2,ep2,test,460,499,11.208187103271484,11.669303894042969,0.18262608349323273,0.2636289894580841,0.3862311840057373
medium_40f_stride20:ba045ed4-ef25-404d-b756-8dcbd45b18fa__ep2:qa:23,ba045ed4-ef25-404d-b756-8dcbd45b18fa__ep2,ep2,test,480,519,11.208187103271484,11.785285949707031,0.18855680525302887,0.26532188057899475,0.3798520863056183
medium_40f_stride20:ba045ed4-ef25-404d-b756-8dcbd45b18fa__ep2:qa:24,ba045ed4-ef25-404d-b756-8dcbd45b18fa__ep2,ep2,test,500,539,11.208187103271484,11.808816909790039,0.20058266818523407,0.28617405891418457,0.40645071864128113
medium_40f_stride20:ba045ed4-ef25-404d-b756-8dcbd45b18fa__ep2:qa:28,ba045ed4-ef25-404d-b756-8dcbd45b18fa__ep2,ep2,test,600,639,15.40279769897461,15.990638732910156,0.21672527492046356,0.37774431705474854,0.4749699831008911
medium_40f_stride20:ba045ed4-ef25-404d-b756-8dcbd45b18fa__ep2:qa:29,ba045ed4-ef25-404d-b756-8dcbd45b18fa__ep2,ep2,test,620,659,14.8410005569458,12.789520263671875,0.11586228758096695,0.20451460778713226,0.26777562499046326
medium_40f_stride20:ba045ed4-ef25-404d-b756-8dcbd45b18fa__ep2:qa:30,ba045ed4-ef25-404d-b756-8dcbd45b18fa__ep2,ep2,test,640,679,13.503926277160645,11.368552207946777,0.14655765891075134,0.21839644014835358,0.2945154905319214
medium_40f_stride20:ba045ed4-ef25-404d-b756-8dcbd45b18fa__ep2:qa:31,ba045ed4-ef25-404d-b756-8dcbd45b18fa__ep2,ep2,test,660,699,13.503926277160645,12.529779434204102,0.13206975162029266,0.19223785400390625,0.2575913965702057
medium_40f_stride20:ba045ed4-ef25-404d-b756-8dcbd45b18fa__ep2:qa:32,ba045ed4-ef25-404d-b756-8dcbd45b18fa__ep2,ep2,test,680,719,13.503926277160645,12.611363410949707,0.14304761588573456,0.21010619401931763,0.2779766321182251
medium_40f_stride20:ba045ed4-ef25-404d-b756-8dcbd45b18fa__ep2:qa:33,ba045ed4-ef25-404d-b756-8dcbd45b18fa__ep2,ep2,test,700,739,13.503926277160645,12.761564254760742,0.1547091007232666,0.23037086427211761,0.30071860551834106
medium_40f_stride20:ba045ed4-ef25-404d-b756-8dcbd45b18fa__ep2:qa:37,ba045ed4-ef25-404d-b756-8dcbd45b18fa__ep2,ep2,test,800,839,14.808991432189941,13.801265716552734,0.0788520947098732,0.10765925794839859,0.15073761343955994
medium_40f_stride20:ba045ed4-ef25-404d-b756-8dcbd45b18fa__ep2:qa:38,ba045ed4-ef25-404d-b756-8dcbd45b18fa__ep2,ep2,test,820,859,14.808991432189941,12.976033210754395,0.13264000415802002,0.21411575376987457,0.2660912871360779
medium_40f_stride20:ba045ed4-ef25-404d-b756-8dcbd45b18fa__ep2:qa:39,ba045ed4-ef25-404d-b756-8dcbd45b18fa__ep2,ep2,test,840,879,13.577027320861816,11.635205268859863,0.1448221057653427,0.23800159990787506,0.31154218316078186
medium_40f_stride20:ba045ed4-ef25-404d-b756-8dcbd45b18fa__ep2:qa:40,ba045ed4-ef25-404d-b756-8dcbd45b18fa__ep2,ep2,test,860,899,13.577027320861816,11.243762969970703,0.19724005460739136,0.312883585691452,0.3947397768497467
medium_40f_stride20:ba045ed4-ef25-404d-b756-8dcbd45b18fa__ep2:qa:41,ba045ed4-ef25-404d-b756-8dcbd45b18fa__ep2,ep2,test,880,919,13.577027320861816,9.745787620544434,0.19817139208316803,0.3207596242427826,0.42141059041023254
medium_40f_stride20:ba045ed4-ef25-404d-b756-8dcbd45b18fa__ep2:qa:65,ba045ed4-ef25-404d-b756-8dcbd45b18fa__ep2,ep2,test,1400,1439,13.895465850830078,11.080147743225098,0.14104051887989044,0.2152508944272995,0.2723980247974396
medium_40f_stride20:ba045ed4-ef25-404d-b756-8dcbd45b18fa__ep2:qa:66,ba045ed4-ef25-404d-b756-8dcbd45b18fa__ep2,ep2,test,1420,1459,14.505461692810059,12.395052909851074,0.1815236508846283,0.2856923043727875,0.35656219720840454
medium_40f_stride20:ba045ed4-ef25-404d-b756-8dcbd45b18fa__ep2:qa:67,ba045ed4-ef25-404d-b756-8dcbd45b18fa__ep2,ep2,test,1440,1479,14.20984935760498,10.100495338439941,0.14229167997837067,0.2405668944120407,0.30453798174858093
medium_40f_stride20:ba045ed4-ef25-404d-b756-8dcbd45b18fa__ep2:qa:68,ba045ed4-ef25-404d-b756-8dcbd45b18fa__ep2,ep2,test,1460,1499,14.20984935760498,10.584525108337402,0.17429983615875244,0.25213614106178284,0.3356330096721649
medium_40f_stride20:ba045ed4-ef25-404d-b756-8dcbd45b18fa__ep2:qa:69,ba045ed4-ef25-404d-b756-8dcbd45b18fa__ep2,ep2,test,1480,1519,13.877741813659668,10.733773231506348,0.14151214063167572,0.19444671273231506,0.27150410413742065
medium_40f_stride20:ba045ed4-ef25-404d-b756-8dcbd45b18fa__ep2:qa:70,ba045ed4-ef25-404d-b756-8dcbd45b18fa__ep2,ep2,test,1500,1539,13.877741813659668,11.576200485229492,0.10041721910238266,0.13931076228618622,0.19494302570819855
medium_40f_stride20:ba045ed4-ef25-404d-b756-8dcbd45b18fa__ep2:qa:164,ba045ed4-ef25-404d-b756-8dcbd45b18fa__ep2,ep2,test,3400,3439,16.336299896240234,10.06165885925293,0.19110924005508423,0.27484598755836487,0.3662341237068176
medium_40f_stride20:ba045ed4-ef25-404d-b756-8dcbd45b18fa__ep2:qa:165,ba045ed4-ef25-404d-b756-8dcbd45b18fa__ep2,ep2,test,3420,3459,16.336299896240234,10.28382682800293,0.19006483256816864,0.27441492676734924,0.3653583824634552
medium_40f_stride20:ba045ed4-ef25-404d-b756-8dcbd45b18fa__ep2:qa:166,ba045ed4-ef25-404d-b756-8dcbd45b18fa__ep2,ep2,test,3440,3479,16.08768081665039,10.076861381530762,0.23453593254089355,0.3445735573768616,0.4697740972042084
medium_40f_stride20:ba045ed4-ef25-404d-b756-8dcbd45b18fa__ep2:qa:167,ba045ed4-ef25-404d-b756-8dcbd45b18fa__ep2,ep2,test,3460,3499,15.869209289550781,11.236797332763672,0.15856920182704926,0.28115296363830566,0.36461883783340454
medium_40f_stride20:ba045ed4-ef25-404d-b756-8dcbd45b18fa__ep2:qa:168,ba045ed4-ef25-404d-b756-8dcbd45b18fa__ep2,ep2,test,3480,3519,17.204179763793945,11.470738410949707,0.1780988723039627,0.2584863007068634,0.3465743958950043
medium_40f_stride20:ba045ed4-ef25-404d-b756-8dcbd45b18fa__ep2:qa:169,ba045ed4-ef25-404d-b756-8dcbd45b18fa__ep2,ep2,test,3520,3559,16.02288055419922,8.821186065673828,0.21434879302978516,0.3117619752883911,0.3854913115501404
medium_40f_stride20:ba045ed4-ef25-404d-b756-8dcbd45b18fa__ep2:qa:170,ba045ed4-ef25-404d-b756-8dcbd45b18fa__ep2,ep2,test,3540,3579,16.02288055419922,12.03233528137207,0.24373313784599304,0.3310840427875519,0.4756142795085907
medium_40f_stride20:ba045ed4-ef25-404d-b756-8dcbd45b18fa__ep2:qa:171,ba045ed4-ef25-404d-b756-8dcbd45b18fa__ep2,ep2,test,3560,3599,16.47287368774414,10.334649085998535,0.21491765975952148,0.2981139123439789,0.40114825963974
medium_40f_stride20:ba045ed4-ef25-404d-b756-8dcbd45b18fa__ep2:qa:172,ba045ed4-ef25-404d-b756-8dcbd45b18fa__ep2,ep2,test,3580,3619,16.485336303710938,8.760952949523926,0.23306962847709656,0.34894660115242004,0.4269281029701233
medium_40f_stride20:ba045ed4-ef25-404d-b756-8dcbd45b18fa__ep2:qa:173,ba045ed4-ef25-404d-b756-8dcbd45b18fa__ep2,ep2,test,3600,3639,16.932178497314453,8.811756134033203,0.23809929192066193,0.343628466129303,0.4307962656021118
medium_40f_stride20:ba045ed4-ef25-404d-b756-8dcbd45b18fa__ep2:qa:174,ba045ed4-ef25-404d-b756-8dcbd45b18fa__ep2,ep2,test,3640,3679,17.10907554626465,8.847332954406738,0.21516352891921997,0.3202013671398163,0.38678616285324097
medium_40f_stride20:ba045ed4-ef25-404d-b756-8dcbd45b18fa__ep2:qa:175,ba045ed4-ef25-404d-b756-8dcbd45b18fa__ep2,ep2,test,3660,3699,17.10907554626465,9.334259986877441,0.23287759721279144,0.3438498377799988,0.4232613742351532
medium_40f_stride20:ba045ed4-ef25-404d-b756-8dcbd45b18fa__ep2:qa:176,ba045ed4-ef25-404d-b756-8dcbd45b18fa__ep2,ep2,test,3680,3719,17.10907554626465,11.524938583374023,0.20440655946731567,0.32405877113342285,0.3900854289531708
medium_40f_stride20:ba045ed4-ef25-404d-b756-8dcbd45b18fa__ep2:qa:177,ba045ed4-ef25-404d-b756-8dcbd45b18fa__ep2,ep2,test,3700,3739,17.10907554626465,12.26111125946045,0.1590048223733902,0.24902071058750153,0.3002527356147766
medium_40f_stride20:ba045ed4-ef25-404d-b756-8dcbd45b18fa__ep2:qa:178,ba045ed4-ef25-404d-b756-8dcbd45b18fa__ep2,ep2,test,3720,3759,16.413673400878906,11.2720365524292,0.1669129878282547,0.25811967253685,0.3166622817516327
medium_40f_stride20:ba045ed4-ef25-404d-b756-8dcbd45b18fa__ep2:qa:181,ba045ed4-ef25-404d-b756-8dcbd45b18fa__ep2,ep2,test,3800,3839,16.719270706176758,8.93528938293457,0.22156107425689697,0.3091239631175995,0.4032825827598572
medium_40f_stride20:ba045ed4-ef25-404d-b756-8dcbd45b18fa__ep2:qa:182,ba045ed4-ef25-404d-b756-8dcbd45b18fa__ep2,ep2,test,3820,3859,16.719270706176758,11.896768569946289,0.17766734957695007,0.27479812502861023,0.36510351300239563
medium_40f_stride20:ba045ed4-ef25-404d-b756-8dcbd45b18fa__ep2:qa:183,ba045ed4-ef25-404d-b756-8dcbd45b18fa__ep2,ep2,test,3840,3879,16.79967498779297,17.732099533081055,0.2740015685558319,0.6179170608520508,0.737288773059845
medium_40f_stride20:ba045ed4-ef25-404d-b756-8dcbd45b18fa__ep2:qa:184,ba045ed4-ef25-404d-b756-8dcbd45b18fa__ep2,ep2,test,3860,3899,16.79967498779297,11.119050025939941,0.24285978078842163,0.3789733052253723,0.49144667387008667
medium_40f_stride20:ba045ed4-ef25-404d-b756-8dcbd45b18fa__ep2:qa:185,ba045ed4-ef25-404d-b756-8dcbd45b18fa__ep2,ep2,test,3880,3919,16.79967498779297,10.14974308013916,0.18719932436943054,0.2754001021385193,0.3608926236629486
medium_40f_stride20:ba045ed4-ef25-404d-b756-8dcbd45b18fa__ep2:qa:190,ba045ed4-ef25-404d-b756-8dcbd45b18fa__ep2,ep2,test,4000,4039,15.325002670288086,8.545459747314453,0.22157169878482819,0.3144911527633667,0.41038763523101807
medium_40f_stride20:ba045ed4-ef25-404d-b756-8dcbd45b18fa__ep2:qa:191,ba045ed4-ef25-404d-b756-8dcbd45b18fa__ep2,ep2,test,4020,4059,15.325002670288086,7.626842021942139,0.223201721906662,0.3066890835762024,0.3991149961948395
medium_40f_stride20:ba045ed4-ef25-404d-b756-8dcbd45b18fa__ep2:qa:192,ba045ed4-ef25-404d-b756-8dcbd45b18fa__ep2,ep2,test,4040,4079,15.29971694946289,8.018595695495605,0.22180458903312683,0.30812835693359375,0.3979083001613617
medium_40f_stride20:ba045ed4-ef25-404d-b756-8dcbd45b18fa__ep2:qa:193,ba045ed4-ef25-404d-b756-8dcbd45b18fa__ep2,ep2,test,4060,4099,15.29971694946289,9.012787818908691,0.21951092779636383,0.30956751108169556,0.40607109665870667
medium_40f_stride20:ba045ed4-ef25-404d-b756-8dcbd45b18fa__ep2:qa:194,ba045ed4-ef25-404d-b756-8dcbd45b18fa__ep2,ep2,test,4080,4119,15.014899253845215,9.861947059631348,0.19618727266788483,0.28955233097076416,0.38097482919692993
medium_40f_stride20:ba045ed4-ef25-404d-b756-8dcbd45b18fa__ep2:qa:203,ba045ed4-ef25-404d-b756-8dcbd45b18fa__ep2,ep2,test,4280,4319,14.634895324707031,10.127968788146973,0.17363253235816956,0.28161710500717163,0.3684924840927124
medium_40f_stride20:ba045ed4-ef25-404d-b756-8dcbd45b18fa__ep2:qa:204,ba045ed4-ef25-404d-b756-8dcbd45b18fa__ep2,ep2,test,4300,4339,14.634895324707031,9.571249008178711,0.24314363300800323,0.40851762890815735,0.5328541398048401
medium_40f_stride20:ba045ed4-ef25-404d-b756-8dcbd45b18fa__ep2:qa:205,ba045ed4-ef25-404d-b756-8dcbd45b18fa__ep2,ep2,test,4320,4359,14.813126564025879,9.648099899291992,0.2328430712223053,0.3849761188030243,0.5108946561813354
medium_40f_stride20:ba045ed4-ef25-404d-b756-8dcbd45b18fa__ep2:qa:206,ba045ed4-ef25-404d-b756-8dcbd45b18fa__ep2,ep2,test,4340,4379,14.941001892089844,11.286982536315918,0.19772282242774963,0.2760523855686188,0.38744083046913147
medium_40f_stride20:ba045ed4-ef25-404d-b756-8dcbd45b18fa__ep2:qa:207,ba045ed4-ef25-404d-b756-8dcbd45b18fa__ep2,ep2,test,4360,4399,12.499629020690918,10.982051849365234,0.1703188419342041,0.27834585309028625,0.37933585047721863
medium_40f_stride20:ba045ed4-ef25-404d-b756-8dcbd45b18fa__ep2:qa:208,ba045ed4-ef25-404d-b756-8dcbd45b18fa__ep2,ep2,test,4400,4439,15.080501556396484,12.433680534362793,0.17892445623874664,0.2938535809516907,0.3771168291568756
medium_40f_stride20:ba045ed4-ef25-404d-b756-8dcbd45b18fa__ep2:qa:209,ba045ed4-ef25-404d-b756-8dcbd45b18fa__ep2,ep2,test,4420,4459,15.080501556396484,12.901678085327148,0.16073589026927948,0.2954210638999939,0.3870481550693512
medium_40f_stride20:ba045ed4-ef25-404d-b756-8dcbd45b18fa__ep2:qa:210,ba045ed4-ef25-404d-b756-8dcbd45b18fa__ep2,ep2,test,4440,4479,15.415388107299805,12.775691986083984,0.18349608778953552,0.302422434091568,0.3634204864501953
medium_40f_stride20:ba045ed4-ef25-404d-b756-8dcbd45b18fa__ep2:qa:211,ba045ed4-ef25-404d-b756-8dcbd45b18fa__ep2,ep2,test,4460,4499,15.415388107299805,13.68227481842041,0.22340518236160278,0.3559395670890808,0.4367319643497467
medium_40f_stride20:ba045ed4-ef25-404d-b756-8dcbd45b18fa__ep2:qa:212,ba045ed4-ef25-404d-b756-8dcbd45b18fa__ep2,ep2,test,4480,4519,15.415388107299805,11.690702438354492,0.22273531556129456,0.3754578232765198,0.46846848726272583
medium_40f_stride20:ba045ed4-ef25-404d-b756-8dcbd45b18fa__ep2:qa:217,ba045ed4-ef25-404d-b756-8dcbd45b18fa__ep2,ep2,test,4600,4639,14.088523864746094,12.000629425048828,0.167417973279953,0.24034902453422546,0.3206442892551422
medium_40f_stride20:ba045ed4-ef25-404d-b756-8dcbd45b18fa__ep2:qa:218,ba045ed4-ef25-404d-b756-8dcbd45b18fa__ep2,ep2,test,4620,4659,15.851590156555176,13.556988716125488,0.2762052118778229,0.544387698173523,0.5011014342308044
medium_40f_stride20:ba045ed4-ef25-404d-b756-8dcbd45b18fa__ep2:qa:219,ba045ed4-ef25-404d-b756-8dcbd45b18fa__ep2,ep2,test,4640,4679,16.084228515625,12.097138404846191,0.2727944850921631,0.42014873027801514,0.5786142349243164
medium_40f_stride20:ba045ed4-ef25-404d-b756-8dcbd45b18fa__ep2:qa:220,ba045ed4-ef25-404d-b756-8dcbd45b18fa__ep2,ep2,test,4660,4699,16.084228515625,10.779842376708984,0.19579584896564484,0.26094383001327515,0.36042681336402893
medium_40f_stride20:ba045ed4-ef25-404d-b756-8dcbd45b18fa__ep2:qa:221,ba045ed4-ef25-404d-b756-8dcbd45b18fa__ep2,ep2,test,4680,4719,16.084228515625,14.11141300201416,0.15053912997245789,0.22825540602207184,0.3092193603515625
medium_40f_stride20:ba045ed4-ef25-404d-b756-8dcbd45b18fa__ep2:qa:222,ba045ed4-ef25-404d-b756-8dcbd45b18fa__ep2,ep2,test,4700,4739,16.084228515625,13.089845657348633,0.14618362486362457,0.2270895093679428,0.30390432476997375
medium_40f_stride20:ba045ed4-ef25-404d-b756-8dcbd45b18fa__ep2:qa:226,ba045ed4-ef25-404d-b756-8dcbd45b18fa__ep2,ep2,test,4800,4839,15.45177173614502,12.98496150970459,0.11337416619062424,0.2182609885931015,0.2692122161388397
medium_40f_stride20:ba045ed4-ef25-404d-b756-8dcbd45b18fa__ep2:qa:227,ba045ed4-ef25-404d-b756-8dcbd45b18fa__ep2,ep2,test,4820,4859,15.45177173614502,4.745279788970947,0.24874189496040344,0.3885897397994995,0.45813724398612976
medium_40f_stride20:ba045ed4-ef25-404d-b756-8dcbd45b18fa__ep2:qa:228,ba045ed4-ef25-404d-b756-8dcbd45b18fa__ep2,ep2,test,4840,4879,14.730735778808594,14.52994441986084,0.3492773473262787,0.642147958278656,0.8135955333709717
medium_40f_stride20:ba045ed4-ef25-404d-b756-8dcbd45b18fa__ep2:qa:229,ba045ed4-ef25-404d-b756-8dcbd45b18fa__ep2,ep2,test,4860,4899,14.730735778808594,9.242258071899414,0.22852873802185059,0.3393569886684418,0.4452389180660248
medium_40f_stride20:ba045ed4-ef25-404d-b756-8dcbd45b18fa__ep2:qa:230,ba045ed4-ef25-404d-b756-8dcbd45b18fa__ep2,ep2,test,4880,4919,14.730735778808594,13.52010726928711,0.19385291635990143,0.27382805943489075,0.3673332929611206
medium_40f_stride20:ba045ed4-ef25-404d-b756-8dcbd45b18fa__ep2:qa:235,ba045ed4-ef25-404d-b756-8dcbd45b18fa__ep2,ep2,test,5000,5039,13.757323265075684,11.269067764282227,0.2988308370113373,0.4228566288948059,0.6168733835220337
medium_40f_stride20:ba045ed4-ef25-404d-b756-8dcbd45b18fa__ep2:qa:236,ba045ed4-ef25-404d-b756-8dcbd45b18fa__ep2,ep2,test,5020,5059,13.757323265075684,11.109076499938965,0.3077307343482971,0.42789068818092346,0.6262229084968567
medium_40f_stride20:ba045ed4-ef25-404d-b756-8dcbd45b18fa__ep2:qa:237,ba045ed4-ef25-404d-b756-8dcbd45b18fa__ep2,ep2,test,5040,5079,13.757323265075684,11.653164863586426,0.29399561882019043,0.42506444454193115,0.6127193570137024
medium_40f_stride20:ba045ed4-ef25-404d-b756-8dcbd45b18fa__ep2:qa:238,ba045ed4-ef25-404d-b756-8dcbd45b18fa__ep2,ep2,test,5060,5099,13.757323265075684,12.287552833557129,0.3308890759944916,0.45207634568214417,0.6672109961509705
medium_40f_stride20:ba045ed4-ef25-404d-b756-8dcbd45b18fa__ep2:qa:239,ba045ed4-ef25-404d-b756-8dcbd45b18fa__ep2,ep2,test,5080,5119,0.0,14.692787170410156,0.2982746362686157,0.4947318732738495,0.5816872119903564
medium_40f_stride20:ba045ed4-ef25-404d-b756-8dcbd45b18fa__ep2:qa:242,ba045ed4-ef25-404d-b756-8dcbd45b18fa__ep2,ep2,test,5160,5199,14.562698364257812,10.374201774597168,0.20087486505508423,0.382451593875885,0.46605512499809265
medium_40f_stride20:ba045ed4-ef25-404d-b756-8dcbd45b18fa__ep2:qa:243,ba045ed4-ef25-404d-b756-8dcbd45b18fa__ep2,ep2,test,5180,5219,14.562698364257812,43.986141204833984,0.7955464720726013,1.7433348894119263,2.0158181190490723
medium_40f_stride20:ba045ed4-ef25-404d-b756-8dcbd45b18fa__ep2:qa:244,ba045ed4-ef25-404d-b756-8dcbd45b18fa__ep2,ep2,test,5200,5239,15.132031440734863,37.29203414916992,0.8881903886795044,1.4904022216796875,1.9114018678665161
medium_40f_stride20:ba045ed4-ef25-404d-b756-8dcbd45b18fa__ep2:qa:245,ba045ed4-ef25-404d-b756-8dcbd45b18fa__ep2,ep2,test,5220,5259,15.132031440734863,12.089866638183594,0.32837605476379395,0.4802817106246948,0.684707760810852
medium_40f_stride20:ba045ed4-ef25-404d-b756-8dcbd45b18fa__ep2:qa:246,ba045ed4-ef25-404d-b756-8dcbd45b18fa__ep2,ep2,test,5240,5279,0.0,13.476605415344238,0.2596668303012848,0.4537809193134308,0.5300447344779968
medium_40f_stride20:ba045ed4-ef25-404d-b756-8dcbd45b18fa__ep2:qa:253,ba045ed4-ef25-404d-b756-8dcbd45b18fa__ep2,ep2,test,5400,5439,14.126486778259277,10.834511756896973,0.24227097630500793,0.33721038699150085,0.47999438643455505
medium_40f_stride20:ba045ed4-ef25-404d-b756-8dcbd45b18fa__ep2:qa:254,ba045ed4-ef25-404d-b756-8dcbd45b18fa__ep2,ep2,test,5420,5459,14.342927932739258,7.892990589141846,0.2293539196252823,0.33048421144485474,0.4394116997718811
medium_40f_stride20:ba045ed4-ef25-404d-b756-8dcbd45b18fa__ep2:qa:255,ba045ed4-ef25-404d-b756-8dcbd45b18fa__ep2,ep2,test,5440,5479,14.534747123718262,10.118855476379395,0.15914861857891083,0.23918354511260986,0.3118453323841095
medium_40f_stride20:ba045ed4-ef25-404d-b756-8dcbd45b18fa__ep2:qa:256,ba045ed4-ef25-404d-b756-8dcbd45b18fa__ep2,ep2,test,5460,5499,14.534747123718262,10.36155891418457,0.15126261115074158,0.2510710060596466,0.3181440532207489
medium_40f_stride20:ba045ed4-ef25-404d-b756-8dcbd45b18fa__ep2:qa:257,ba045ed4-ef25-404d-b756-8dcbd45b18fa__ep2,ep2,test,5480,5519,14.605877876281738,10.047778129577637,0.20533420145511627,0.29001128673553467,0.4051079750061035
medium_40f_stride20:ba045ed4-ef25-404d-b756-8dcbd45b18fa__ep2:qa:258,ba045ed4-ef25-404d-b756-8dcbd45b18fa__ep2,ep2,test,5500,5539,14.605877876281738,10.370365142822266,0.16882739961147308,0.2567754089832306,0.3394029140472412
medium_40f_stride20:ba045ed4-ef25-404d-b756-8dcbd45b18fa__ep2:qa:272,ba045ed4-ef25-404d-b756-8dcbd45b18fa__ep2,ep2,test,5800,5839,0.0,12.110685348510742,0.24511033296585083,0.4077879786491394,0.5197680592536926
medium_40f_stride20:4b02bb38-384a-438a-b5f9-6131d85c34b0__ep1:qa:0,4b02bb38-384a-438a-b5f9-6131d85c34b0__ep1,ep1,test,0,39,12.016766548156738,14.143155097961426,0.3114382028579712,0.4653312861919403,0.679656445980072
medium_40f_stride20:4b02bb38-384a-438a-b5f9-6131d85c34b0__ep1:qa:1,4b02bb38-384a-438a-b5f9-6131d85c34b0__ep1,ep1,test,20,59,17.818096160888672,13.682226181030273,0.32252103090286255,0.47188717126846313,0.6671319007873535
medium_40f_stride20:4b02bb38-384a-438a-b5f9-6131d85c34b0__ep1:qa:2,4b02bb38-384a-438a-b5f9-6131d85c34b0__ep1,ep1,test,40,79,18.03852081298828,15.408705711364746,0.27972668409347534,0.3932424485683441,0.5365432500839233
medium_40f_stride20:4b02bb38-384a-438a-b5f9-6131d85c34b0__ep1:qa:3,4b02bb38-384a-438a-b5f9-6131d85c34b0__ep1,ep1,test,60,99,18.981630325317383,13.324787139892578,0.3304349482059479,0.46870097517967224,0.6606246829032898
medium_40f_stride20:4b02bb38-384a-438a-b5f9-6131d85c34b0__ep1:qa:4,4b02bb38-384a-438a-b5f9-6131d85c34b0__ep1,ep1,test,80,119,16.710176467895508,10.206220626831055,0.3559449315071106,0.5210550427436829,0.7215907573699951
medium_40f_stride20:4b02bb38-384a-438a-b5f9-6131d85c34b0__ep1:qa:5,4b02bb38-384a-438a-b5f9-6131d85c34b0__ep1,ep1,test,100,139,16.710176467895508,14.704428672790527,0.295222669839859,0.4657647907733917,0.6103659868240356
medium_40f_stride20:4b02bb38-384a-438a-b5f9-6131d85c34b0__ep1:qa:6,4b02bb38-384a-438a-b5f9-6131d85c34b0__ep1,ep1,test,120,159,0.0,14.626315116882324,0.26608145236968994,0.4924936592578888,0.5880901217460632
medium_40f_stride20:4b02bb38-384a-438a-b5f9-6131d85c34b0__ep1:qa:7,4b02bb38-384a-438a-b5f9-6131d85c34b0__ep1,ep1,test,140,179,0.0,14.958329200744629,0.28373950719833374,0.5036731362342834,0.6196171641349792
medium_40f_stride20:4b02bb38-384a-438a-b5f9-6131d85c34b0__ep1:qa:8,4b02bb38-384a-438a-b5f9-6131d85c34b0__ep1,ep1,test,160,199,0.0,14.822431564331055,0.32173776626586914,0.49909719824790955,0.6385993957519531
medium_40f_stride20:4b02bb38-384a-438a-b5f9-6131d85c34b0__ep1:qa:13,4b02bb38-384a-438a-b5f9-6131d85c34b0__ep1,ep1,test,280,319,0.0,5.407190799713135,0.09974585473537445,0.1820695847272873,0.21821023523807526
medium_40f_stride20:4b02bb38-384a-438a-b5f9-6131d85c34b0__ep1:qa:14,4b02bb38-384a-438a-b5f9-6131d85c34b0__ep1,ep1,test,300,339,0.0,6.802649021148682,0.1078997552394867,0.22905710339546204,0.273965448141098
medium_40f_stride20:4b02bb38-384a-438a-b5f9-6131d85c34b0__ep1:qa:15,4b02bb38-384a-438a-b5f9-6131d85c34b0__ep1,ep1,test,320,359,0.0,10.752830505371094,0.19275282323360443,0.3620666265487671,0.44469186663627625
medium_40f_stride20:4b02bb38-384a-438a-b5f9-6131d85c34b0__ep1:qa:16,4b02bb38-384a-438a-b5f9-6131d85c34b0__ep1,ep1,test,340,379,0.0,13.226418495178223,0.21048909425735474,0.44535669684410095,0.5211138129234314
medium_40f_stride20:4b02bb38-384a-438a-b5f9-6131d85c34b0__ep1:qa:17,4b02bb38-384a-438a-b5f9-6131d85c34b0__ep1,ep1,test,360,399,0.0,4.3915839195251465,0.07622258365154266,0.14787232875823975,0.17641031742095947
medium_40f_stride20:4b02bb38-384a-438a-b5f9-6131d85c34b0__ep1:qa:18,4b02bb38-384a-438a-b5f9-6131d85c34b0__ep1,ep1,test,400,439,0.0,8.320391654968262,0.14308303594589233,0.28016215562820435,0.3336184620857239
medium_40f_stride20:4b02bb38-384a-438a-b5f9-6131d85c34b0__ep1:qa:19,4b02bb38-384a-438a-b5f9-6131d85c34b0__ep1,ep1,test,420,459,0.0,5.686474800109863,0.09334515780210495,0.1914735734462738,0.22121715545654297
medium_40f_stride20:4b02bb38-384a-438a-b5f9-6131d85c34b0__ep1:qa:20,4b02bb38-384a-438a-b5f9-6131d85c34b0__ep1,ep1,test,440,479,0.0,8.71806812286377,0.15617485344409943,0.2935526371002197,0.35057950019836426
medium_40f_stride20:4b02bb38-384a-438a-b5f9-6131d85c34b0__ep1:qa:21,4b02bb38-384a-438a-b5f9-6131d85c34b0__ep1,ep1,test,460,499,0.0,7.58363676071167,0.1334335058927536,0.2553543448448181,0.30275410413742065
medium_40f_stride20:4b02bb38-384a-438a-b5f9-6131d85c34b0__ep1:qa:22,4b02bb38-384a-438a-b5f9-6131d85c34b0__ep1,ep1,test,480,519,0.0,5.558418273925781,0.09341425448656082,0.18716168403625488,0.22525039315223694
medium_40f_stride20:4b02bb38-384a-438a-b5f9-6131d85c34b0__ep1:qa:23,4b02bb38-384a-438a-b5f9-6131d85c34b0__ep1,ep1,test,500,539,0.0,8.797198295593262,0.14879727363586426,0.29621708393096924,0.3632124662399292
medium_40f_stride20:4b02bb38-384a-438a-b5f9-6131d85c34b0__ep1:qa:24,4b02bb38-384a-438a-b5f9-6131d85c34b0__ep1,ep1,test,520,559,0.0,9.865641593933105,0.16774751245975494,0.33219340443611145,0.40636682510375977
medium_40f_stride20:4b02bb38-384a-438a-b5f9-6131d85c34b0__ep1:qa:25,4b02bb38-384a-438a-b5f9-6131d85c34b0__ep1,ep1,test,540,579,0.0,11.886957168579102,0.20052142441272736,0.40025463700294495,0.4770796298980713
medium_40f_stride20:4b02bb38-384a-438a-b5f9-6131d85c34b0__ep1:qa:26,4b02bb38-384a-438a-b5f9-6131d85c34b0__ep1,ep1,test,560,599,0.0,12.095185279846191,0.1981332004070282,0.4072660505771637,0.483704537153244
medium_40f_stride20:4b02bb38-384a-438a-b5f9-6131d85c34b0__ep1:qa:29,4b02bb38-384a-438a-b5f9-6131d85c34b0__ep1,ep1,test,640,679,21.677753448486328,13.32811450958252,0.31017449498176575,0.457986056804657,0.5919771790504456
medium_40f_stride20:4b02bb38-384a-438a-b5f9-6131d85c34b0__ep1:qa:30,4b02bb38-384a-438a-b5f9-6131d85c34b0__ep1,ep1,test,660,699,21.189626693725586,11.240793228149414,0.2575232684612274,0.4183765947818756,0.5110507607460022
medium_40f_stride20:4b02bb38-384a-438a-b5f9-6131d85c34b0__ep1:qa:31,4b02bb38-384a-438a-b5f9-6131d85c34b0__ep1,ep1,test,680,719,20.635055541992188,17.396329879760742,0.22381508350372314,0.38765501976013184,0.46778813004493713
medium_40f_stride20:4b02bb38-384a-438a-b5f9-6131d85c34b0__ep1:qa:32,4b02bb38-384a-438a-b5f9-6131d85c34b0__ep1,ep1,test,700,739,20.11431312561035,17.412994384765625,0.19912612438201904,0.34392282366752625,0.41163408756256104
medium_40f_stride20:4b02bb38-384a-438a-b5f9-6131d85c34b0__ep1:qa:33,4b02bb38-384a-438a-b5f9-6131d85c34b0__ep1,ep1,test,720,759,20.463335037231445,18.60114288330078,0.1223798468708992,0.24055644869804382,0.29125744104385376
medium_40f_stride20:4b02bb38-384a-438a-b5f9-6131d85c34b0__ep1:qa:34,4b02bb38-384a-438a-b5f9-6131d85c34b0__ep1,ep1,test,740,779,20.463335037231445,18.362916946411133,0.15371441841125488,0.2788427174091339,0.329761803150177
medium_40f_stride20:4b02bb38-384a-438a-b5f9-6131d85c34b0__ep1:qa:35,4b02bb38-384a-438a-b5f9-6131d85c34b0__ep1,ep1,test,760,799,20.891088485717773,17.86900520324707,0.264262318611145,0.4611678719520569,0.5413275361061096
medium_40f_stride20:4b02bb38-384a-438a-b5f9-6131d85c34b0__ep1:qa:36,4b02bb38-384a-438a-b5f9-6131d85c34b0__ep1,ep1,test,780,819,20.891088485717773,19.103322982788086,0.353750079870224,0.5527284145355225,0.6808348298072815
medium_40f_stride20:4b02bb38-384a-438a-b5f9-6131d85c34b0__ep1:qa:37,4b02bb38-384a-438a-b5f9-6131d85c34b0__ep1,ep1,test,800,839,19.03056526184082,18.091299057006836,0.4094797968864441,0.5957147479057312,0.8179430961608887
medium_40f_stride20:4b02bb38-384a-438a-b5f9-6131d85c34b0__ep1:qa:46,4b02bb38-384a-438a-b5f9-6131d85c34b0__ep1,ep1,test,1000,1039,19.31170654296875,15.952547073364258,0.19527700543403625,0.2886321246623993,0.38928917050361633
medium_40f_stride20:4b02bb38-384a-438a-b5f9-6131d85c34b0__ep1:qa:47,4b02bb38-384a-438a-b5f9-6131d85c34b0__ep1,ep1,test,1020,1059,19.670501708984375,15.985464096069336,0.32286471128463745,0.5064224600791931,0.6401360034942627
medium_40f_stride20:4b02bb38-384a-438a-b5f9-6131d85c34b0__ep1:qa:48,4b02bb38-384a-438a-b5f9-6131d85c34b0__ep1,ep1,test,1040,1079,15.909823417663574,24.23392105102539,0.4347803592681885,0.6782038807868958,0.8578232526779175
medium_40f_stride20:4b02bb38-384a-438a-b5f9-6131d85c34b0__ep1:qa:49,4b02bb38-384a-438a-b5f9-6131d85c34b0__ep1,ep1,test,1060,1099,19.481657028198242,38.10689163208008,0.8070006966590881,1.1975735425949097,1.5995222330093384
medium_40f_stride20:4b02bb38-384a-438a-b5f9-6131d85c34b0__ep1:qa:50,4b02bb38-384a-438a-b5f9-6131d85c34b0__ep1,ep1,test,1080,1119,19.41162109375,17.576627731323242,0.18148866295814514,0.3008309602737427,0.35606613755226135
medium_40f_stride20:4b02bb38-384a-438a-b5f9-6131d85c34b0__ep1:qa:51,4b02bb38-384a-438a-b5f9-6131d85c34b0__ep1,ep1,test,1100,1139,19.41162109375,19.723072052001953,0.20852512121200562,0.31861400604248047,0.4037941098213196
medium_40f_stride20:4b02bb38-384a-438a-b5f9-6131d85c34b0__ep1:qa:52,4b02bb38-384a-438a-b5f9-6131d85c34b0__ep1,ep1,test,1120,1159,16.140220642089844,11.050872802734375,0.26111242175102234,0.3642978370189667,0.5008294582366943
medium_40f_stride20:4b02bb38-384a-438a-b5f9-6131d85c34b0__ep1:qa:53,4b02bb38-384a-438a-b5f9-6131d85c34b0__ep1,ep1,test,1140,1179,16.140220642089844,18.034019470214844,0.23694925010204315,0.3831828534603119,0.4910891652107239
medium_40f_stride20:4b02bb38-384a-438a-b5f9-6131d85c34b0__ep1:qa:54,4b02bb38-384a-438a-b5f9-6131d85c34b0__ep1,ep1,test,1160,1199,16.168231964111328,16.894216537475586,0.19919373095035553,0.3469884395599365,0.405014306306839
medium_40f_stride20:4b02bb38-384a-438a-b5f9-6131d85c34b0__ep1:qa:65,4b02bb38-384a-438a-b5f9-6131d85c34b0__ep1,ep1,test,1400,1439,18.68156623840332,14.932586669921875,0.15642569959163666,0.30093294382095337,0.39496687054634094
medium_40f_stride20:4b02bb38-384a-438a-b5f9-6131d85c34b0__ep1:qa:66,4b02bb38-384a-438a-b5f9-6131d85c34b0__ep1,ep1,test,1420,1459,18.936351776123047,15.3670072555542,0.15367159247398376,0.23932276666164398,0.3262771964073181
medium_40f_stride20:4b02bb38-384a-438a-b5f9-6131d85c34b0__ep1:qa:67,4b02bb38-384a-438a-b5f9-6131d85c34b0__ep1,ep1,test,1440,1479,19.450342178344727,14.733623504638672,0.17994439601898193,0.27437177300453186,0.3716743588447571
medium_40f_stride20:4b02bb38-384a-438a-b5f9-6131d85c34b0__ep1:qa:68,4b02bb38-384a-438a-b5f9-6131d85c34b0__ep1,ep1,test,1460,1499,20.482357025146484,15.741500854492188,0.16147495806217194,0.25146135687828064,0.3166077136993408
medium_40f_stride20:4b02bb38-384a-438a-b5f9-6131d85c34b0__ep1:qa:69,4b02bb38-384a-438a-b5f9-6131d85c34b0__ep1,ep1,test,1480,1519,20.322765350341797,11.62198543548584,0.27984657883644104,0.40416014194488525,0.5087791681289673
medium_40f_stride20:4b02bb38-384a-438a-b5f9-6131d85c34b0__ep1:qa:70,4b02bb38-384a-438a-b5f9-6131d85c34b0__ep1,ep1,test,1500,1539,20.336772918701172,19.302230834960938,0.24206781387329102,0.4104163348674774,0.4925796687602997
medium_40f_stride20:4b02bb38-384a-438a-b5f9-6131d85c34b0__ep1:qa:71,4b02bb38-384a-438a-b5f9-6131d85c34b0__ep1,ep1,test,1520,1559,17.784751892089844,14.19308090209961,0.228700190782547,0.32793572545051575,0.45188748836517334
medium_40f_stride20:4b02bb38-384a-438a-b5f9-6131d85c34b0__ep1:qa:72,4b02bb38-384a-438a-b5f9-6131d85c34b0__ep1,ep1,test,1540,1579,17.784751892089844,18.856727600097656,0.2562796175479889,0.38785064220428467,0.500447690486908
medium_40f_stride20:4b02bb38-384a-438a-b5f9-6131d85c34b0__ep1:qa:73,4b02bb38-384a-438a-b5f9-6131d85c34b0__ep1,ep1,test,1560,1599,17.508634567260742,16.248394012451172,0.22746141254901886,0.34786170721054077,0.4622858166694641
medium_40f_stride20:4b02bb38-384a-438a-b5f9-6131d85c34b0__ep1:qa:74,4b02bb38-384a-438a-b5f9-6131d85c34b0__ep1,ep1,test,1580,1619,17.508634567260742,15.482837677001953,0.2613609731197357,0.39225390553474426,0.5257135629653931
medium_40f_stride20:4b02bb38-384a-438a-b5f9-6131d85c34b0__ep1:qa:94,4b02bb38-384a-438a-b5f9-6131d85c34b0__ep1,ep1,test,2000,2039,19.380897521972656,9.810447692871094,0.2878931164741516,0.4507949650287628,0.5247997045516968
medium_40f_stride20:4b02bb38-384a-438a-b5f9-6131d85c34b0__ep1:qa:95,4b02bb38-384a-438a-b5f9-6131d85c34b0__ep1,ep1,test,2020,2059,19.412416458129883,16.143648147583008,0.17819438874721527,0.2922348976135254,0.36609771847724915
medium_40f_stride20:4b02bb38-384a-438a-b5f9-6131d85c34b0__ep1:qa:96,4b02bb38-384a-438a-b5f9-6131d85c34b0__ep1,ep1,test,2040,2079,19.427349090576172,19.645322799682617,0.14843963086605072,0.21368609368801117,0.26349687576293945
medium_40f_stride20:4b02bb38-384a-438a-b5f9-6131d85c34b0__ep1:qa:97,4b02bb38-384a-438a-b5f9-6131d85c34b0__ep1,ep1,test,2060,2099,19.430273056030273,13.326016426086426,0.1581440269947052,0.2390388697385788,0.2878735661506653
medium_40f_stride20:4b02bb38-384a-438a-b5f9-6131d85c34b0__ep1:qa:98,4b02bb38-384a-438a-b5f9-6131d85c34b0__ep1,ep1,test,2080,2119,19.466840744018555,20.87078094482422,0.09136234223842621,0.14052124321460724,0.16989436745643616
medium_40f_stride20:4b02bb38-384a-438a-b5f9-6131d85c34b0__ep1:qa:99,4b02bb38-384a-438a-b5f9-6131d85c34b0__ep1,ep1,test,2100,2139,19.466840744018555,23.045568466186523,0.1126619279384613,0.19751787185668945,0.238545224070549
medium_40f_stride20:4b02bb38-384a-438a-b5f9-6131d85c34b0__ep1:qa:100,4b02bb38-384a-438a-b5f9-6131d85c34b0__ep1,ep1,test,2120,2159,19.551815032958984,21.000804901123047,0.08475638180971146,0.1350424438714981,0.16635762155056
medium_40f_stride20:4b02bb38-384a-438a-b5f9-6131d85c34b0__ep1:qa:101,4b02bb38-384a-438a-b5f9-6131d85c34b0__ep1,ep1,test,2140,2179,19.551815032958984,14.341471672058105,0.22972287237644196,0.3616989850997925,0.4370556175708771
medium_40f_stride20:4b02bb38-384a-438a-b5f9-6131d85c34b0__ep1:qa:102,4b02bb38-384a-438a-b5f9-6131d85c34b0__ep1,ep1,test,2160,2199,19.650306701660156,14.171310424804688,0.1720726042985916,0.24707312881946564,0.30593976378440857
medium_40f_stride20:4b02bb38-384a-438a-b5f9-6131d85c34b0__ep1:qa:125,4b02bb38-384a-438a-b5f9-6131d85c34b0__ep1,ep1,test,2640,2679,19.87531089782715,7.537359237670898,0.3721391260623932,0.5182259678840637,0.6792700886726379
medium_40f_stride20:4b02bb38-384a-438a-b5f9-6131d85c34b0__ep1:qa:126,4b02bb38-384a-438a-b5f9-6131d85c34b0__ep1,ep1,test,2660,2699,19.42647361755371,7.320652008056641,0.3596106171607971,0.5218995809555054,0.6727902889251709
medium_40f_stride20:4b02bb38-384a-438a-b5f9-6131d85c34b0__ep1:qa:127,4b02bb38-384a-438a-b5f9-6131d85c34b0__ep1,ep1,test,2680,2719,18.873247146606445,12.182682991027832,0.28323978185653687,0.3934963643550873,0.5223572850227356
medium_40f_stride20:4b02bb38-384a-438a-b5f9-6131d85c34b0__ep1:qa:128,4b02bb38-384a-438a-b5f9-6131d85c34b0__ep1,ep1,test,2700,2739,18.9312801361084,14.475085258483887,0.2226725071668625,0.3433246314525604,0.43329474329948425
medium_40f_stride20:4b02bb38-384a-438a-b5f9-6131d85c34b0__ep1:qa:129,4b02bb38-384a-438a-b5f9-6131d85c34b0__ep1,ep1,test,2720,2759,19.23126983642578,13.732409477233887,0.2537403702735901,0.4032513201236725,0.4745888113975525
medium_40f_stride20:4b02bb38-384a-438a-b5f9-6131d85c34b0__ep1:qa:130,4b02bb38-384a-438a-b5f9-6131d85c34b0__ep1,ep1,test,2740,2779,19.23126983642578,11.916789054870605,0.2609207332134247,0.39127418398857117,0.4671807289123535
medium_40f_stride20:4b02bb38-384a-438a-b5f9-6131d85c34b0__ep1:qa:131,4b02bb38-384a-438a-b5f9-6131d85c34b0__ep1,ep1,test,2760,2799,19.20963478088379,15.04457950592041,0.17899243533611298,0.2762316167354584,0.33686819672584534
medium_40f_stride20:4b02bb38-384a-438a-b5f9-6131d85c34b0__ep1:qa:132,4b02bb38-384a-438a-b5f9-6131d85c34b0__ep1,ep1,test,2780,2819,19.20963478088379,12.285028457641602,0.2596034109592438,0.3938485085964203,0.478270560503006
medium_40f_stride20:4b02bb38-384a-438a-b5f9-6131d85c34b0__ep1:qa:133,4b02bb38-384a-438a-b5f9-6131d85c34b0__ep1,ep1,test,2800,2839,19.197004318237305,19.187231063842773,0.21469061076641083,0.40611642599105835,0.4904867112636566
medium_40f_stride20:4b02bb38-384a-438a-b5f9-6131d85c34b0__ep1:qa:175,4b02bb38-384a-438a-b5f9-6131d85c34b0__ep1,ep1,test,3680,3719,19.623672485351562,16.179018020629883,0.41633498668670654,0.5857403874397278,0.8264927268028259
medium_40f_stride20:4b02bb38-384a-438a-b5f9-6131d85c34b0__ep1:qa:176,4b02bb38-384a-438a-b5f9-6131d85c34b0__ep1,ep1,test,3700,3739,19.297853469848633,12.032790184020996,0.26215875148773193,0.3970586061477661,0.4802558422088623
medium_40f_stride20:4b02bb38-384a-438a-b5f9-6131d85c34b0__ep1:qa:177,4b02bb38-384a-438a-b5f9-6131d85c34b0__ep1,ep1,test,3720,3759,19.40981674194336,11.821623802185059,0.19664756953716278,0.2963826358318329,0.3768279254436493
medium_40f_stride20:4b02bb38-384a-438a-b5f9-6131d85c34b0__ep1:qa:178,4b02bb38-384a-438a-b5f9-6131d85c34b0__ep1,ep1,test,3740,3779,19.457136154174805,7.949566841125488,0.30607470870018005,0.4507318139076233,0.5592408180236816
medium_40f_stride20:4b02bb38-384a-438a-b5f9-6131d85c34b0__ep1:qa:179,4b02bb38-384a-438a-b5f9-6131d85c34b0__ep1,ep1,test,3760,3799,19.095691680908203,12.308758735656738,0.20073343813419342,0.3080696165561676,0.40366092324256897
medium_40f_stride20:4b02bb38-384a-438a-b5f9-6131d85c34b0__ep1:qa:180,4b02bb38-384a-438a-b5f9-6131d85c34b0__ep1,ep1,test,3780,3819,19.095691680908203,13.750383377075195,0.26573941111564636,0.4166906774044037,0.5251064300537109
medium_40f_stride20:4b02bb38-384a-438a-b5f9-6131d85c34b0__ep1:qa:181,4b02bb38-384a-438a-b5f9-6131d85c34b0__ep1,ep1,test,3800,3839,18.482881546020508,19.5416316986084,0.4498452842235565,0.6144431233406067,0.8720806837081909
medium_40f_stride20:4b02bb38-384a-438a-b5f9-6131d85c34b0__ep1:qa:182,4b02bb38-384a-438a-b5f9-6131d85c34b0__ep1,ep1,test,3820,3859,18.482881546020508,16.71290397644043,0.3891412019729614,0.5429109334945679,0.7594170570373535
medium_40f_stride20:4b02bb38-384a-438a-b5f9-6131d85c34b0__ep1:qa:183,4b02bb38-384a-438a-b5f9-6131d85c34b0__ep1,ep1,test,3840,3879,0.0,17.83030891418457,0.3520655930042267,0.6003777384757996,0.6937375068664551
medium_40f_stride20:4b02bb38-384a-438a-b5f9-6131d85c34b0__ep1:qa:190,4b02bb38-384a-438a-b5f9-6131d85c34b0__ep1,ep1,test,4000,4039,19.31308937072754,17.72118377685547,0.2334742397069931,0.3325129449367523,0.4768242835998535
medium_40f_stride20:4b02bb38-384a-438a-b5f9-6131d85c34b0__ep1:qa:191,4b02bb38-384a-438a-b5f9-6131d85c34b0__ep1,ep1,test,4020,4059,18.76940155029297,18.875349044799805,0.3829958140850067,0.5631799101829529,0.7902757525444031
medium_40f_stride20:4b02bb38-384a-438a-b5f9-6131d85c34b0__ep1:qa:192,4b02bb38-384a-438a-b5f9-6131d85c34b0__ep1,ep1,test,4040,4079,17.5900936126709,19.26632308959961,0.4165913164615631,0.6334155797958374,0.8772333860397339
medium_40f_stride20:4b02bb38-384a-438a-b5f9-6131d85c34b0__ep1:qa:193,4b02bb38-384a-438a-b5f9-6131d85c34b0__ep1,ep1,test,4060,4099,0.0,25.599679946899414,0.5278977155685425,0.8619861006736755,1.0388388633728027
medium_40f_stride20:4b02bb38-384a-438a-b5f9-6131d85c34b0__ep1:qa:194,4b02bb38-384a-438a-b5f9-6131d85c34b0__ep1,ep1,test,4080,4119,0.0,20.410612106323242,0.41663047671318054,0.6872610449790955,0.8129804134368896
medium_40f_stride20:4b02bb38-384a-438a-b5f9-6131d85c34b0__ep1:qa:195,4b02bb38-384a-438a-b5f9-6131d85c34b0__ep1,ep1,test,4100,4139,0.0,22.506244659423828,0.44973403215408325,0.7578246593475342,0.8919028043746948
medium_40f_stride20:4b02bb38-384a-438a-b5f9-6131d85c34b0__ep1:qa:196,4b02bb38-384a-438a-b5f9-6131d85c34b0__ep1,ep1,test,4120,4159,0.0,13.457815170288086,0.2631848156452179,0.4531482458114624,0.5312216877937317
medium_40f_stride20:4b02bb38-384a-438a-b5f9-6131d85c34b0__ep1:qa:197,4b02bb38-384a-438a-b5f9-6131d85c34b0__ep1,ep1,test,4140,4179,0.0,7.355279922485352,0.14916160702705383,0.2476651519536972,0.2971091866493225
medium_40f_stride20:4b02bb38-384a-438a-b5f9-6131d85c34b0__ep1:qa:198,4b02bb38-384a-438a-b5f9-6131d85c34b0__ep1,ep1,test,4160,4199,0.0,4.979497909545898,0.08488680422306061,0.167668417096138,0.2007831633090973
medium_40f_stride20:4b02bb38-384a-438a-b5f9-6131d85c34b0__ep1:qa:209,4b02bb38-384a-438a-b5f9-6131d85c34b0__ep1,ep1,test,4400,4439,19.02403450012207,16.160070419311523,0.1952265501022339,0.29082024097442627,0.37739434838294983
medium_40f_stride20:4b02bb38-384a-438a-b5f9-6131d85c34b0__ep1:qa:210,4b02bb38-384a-438a-b5f9-6131d85c34b0__ep1,ep1,test,4420,4459,18.984188079833984,16.17472267150879,0.1924426406621933,0.2661811113357544,0.3684784770011902
medium_40f_stride20:4b02bb38-384a-438a-b5f9-6131d85c34b0__ep1:qa:211,4b02bb38-384a-438a-b5f9-6131d85c34b0__ep1,ep1,test,4440,4479,19.194849014282227,15.852079391479492,0.24458695948123932,0.361914724111557,0.4801486134529114
medium_40f_stride20:4b02bb38-384a-438a-b5f9-6131d85c34b0__ep1:qa:212,4b02bb38-384a-438a-b5f9-6131d85c34b0__ep1,ep1,test,4460,4499,19.225757598876953,14.426660537719727,0.2195272296667099,0.33867746591567993,0.4200211465358734
medium_40f_stride20:4b02bb38-384a-438a-b5f9-6131d85c34b0__ep1:qa:213,4b02bb38-384a-438a-b5f9-6131d85c34b0__ep1,ep1,test,4480,4519,17.03767967224121,14.951245307922363,0.2895336151123047,0.3918527066707611,0.5501039028167725
medium_40f_stride20:4b02bb38-384a-438a-b5f9-6131d85c34b0__ep1:qa:214,4b02bb38-384a-438a-b5f9-6131d85c34b0__ep1,ep1,test,4500,4539,17.03767967224121,19.60372543334961,0.2984647750854492,0.4398714601993561,0.5748714804649353
medium_40f_stride20:4b02bb38-384a-438a-b5f9-6131d85c34b0__ep1:qa:215,4b02bb38-384a-438a-b5f9-6131d85c34b0__ep1,ep1,test,4520,4559,18.835744857788086,20.34261131286621,0.2465304136276245,0.36457401514053345,0.4812556803226471
medium_40f_stride20:4b02bb38-384a-438a-b5f9-6131d85c34b0__ep1:qa:216,4b02bb38-384a-438a-b5f9-6131d85c34b0__ep1,ep1,test,4540,4579,18.835744857788086,19.734994888305664,0.24893039464950562,0.4146708846092224,0.53127521276474
medium_40f_stride20:4b02bb38-384a-438a-b5f9-6131d85c34b0__ep1:qa:217,4b02bb38-384a-438a-b5f9-6131d85c34b0__ep1,ep1,test,4560,4599,18.706832885742188,16.094390869140625,0.17067664861679077,0.2556864321231842,0.3426154553890228
medium_40f_stride20:5399ef86-4df9-49bc-809f-8f4f92f9e659__ep6:qa:0,5399ef86-4df9-49bc-809f-8f4f92f9e659__ep6,ep6,test,0,39,10.646607398986816,10.194465637207031,0.08923134952783585,0.13543301820755005,0.16658516228199005
medium_40f_stride20:5399ef86-4df9-49bc-809f-8f4f92f9e659__ep6:qa:1,5399ef86-4df9-49bc-809f-8f4f92f9e659__ep6,ep6,test,20,59,10.328771591186523,9.377285957336426,0.09143200516700745,0.1358802169561386,0.17458173632621765
medium_40f_stride20:5399ef86-4df9-49bc-809f-8f4f92f9e659__ep6:qa:2,5399ef86-4df9-49bc-809f-8f4f92f9e659__ep6,ep6,test,40,79,9.9339017868042,10.914605140686035,0.11714176088571548,0.17139014601707458,0.22710995376110077
medium_40f_stride20:5399ef86-4df9-49bc-809f-8f4f92f9e659__ep6:qa:3,5399ef86-4df9-49bc-809f-8f4f92f9e659__ep6,ep6,test,60,99,9.9339017868042,10.830127716064453,0.11779504269361496,0.16557753086090088,0.22028928995132446
medium_40f_stride20:5399ef86-4df9-49bc-809f-8f4f92f9e659__ep6:qa:4,5399ef86-4df9-49bc-809f-8f4f92f9e659__ep6,ep6,test,80,119,11.373825073242188,11.158742904663086,0.1413847953081131,0.18967176973819733,0.26704785227775574
medium_40f_stride20:5399ef86-4df9-49bc-809f-8f4f92f9e659__ep6:qa:5,5399ef86-4df9-49bc-809f-8f4f92f9e659__ep6,ep6,test,100,139,13.344502449035645,9.938385963439941,0.1434139460325241,0.22782203555107117,0.3020884096622467
medium_40f_stride20:5399ef86-4df9-49bc-809f-8f4f92f9e659__ep6:qa:6,5399ef86-4df9-49bc-809f-8f4f92f9e659__ep6,ep6,test,120,159,13.736499786376953,11.010653495788574,0.12889724969863892,0.19146589934825897,0.24441342055797577
medium_40f_stride20:5399ef86-4df9-49bc-809f-8f4f92f9e659__ep6:qa:7,5399ef86-4df9-49bc-809f-8f4f92f9e659__ep6,ep6,test,160,199,14.269476890563965,10.360644340515137,0.15039432048797607,0.23772196471691132,0.2983529269695282
medium_40f_stride20:5399ef86-4df9-49bc-809f-8f4f92f9e659__ep6:qa:8,5399ef86-4df9-49bc-809f-8f4f92f9e659__ep6,ep6,test,180,219,14.423117637634277,10.952499389648438,0.13476945459842682,0.2049599140882492,0.2550935745239258
medium_40f_stride20:5399ef86-4df9-49bc-809f-8f4f92f9e659__ep6:qa:9,5399ef86-4df9-49bc-809f-8f4f92f9e659__ep6,ep6,test,200,239,13.582427024841309,9.463850975036621,0.2003738433122635,0.28522711992263794,0.3754434287548065
medium_40f_stride20:5399ef86-4df9-49bc-809f-8f4f92f9e659__ep6:qa:10,5399ef86-4df9-49bc-809f-8f4f92f9e659__ep6,ep6,test,220,259,13.058996200561523,9.847183227539062,0.15162627398967743,0.21096321940422058,0.28275588154792786
medium_40f_stride20:5399ef86-4df9-49bc-809f-8f4f92f9e659__ep6:qa:11,5399ef86-4df9-49bc-809f-8f4f92f9e659__ep6,ep6,test,240,279,13.779165267944336,11.644845962524414,0.11440656334161758,0.17090392112731934,0.21853682398796082
medium_40f_stride20:5399ef86-4df9-49bc-809f-8f4f92f9e659__ep6:qa:12,5399ef86-4df9-49bc-809f-8f4f92f9e659__ep6,ep6,test,260,299,13.779165267944336,12.432016372680664,0.11771673709154129,0.16525644063949585,0.22807477414608002
medium_40f_stride20:5399ef86-4df9-49bc-809f-8f4f92f9e659__ep6:qa:13,5399ef86-4df9-49bc-809f-8f4f92f9e659__ep6,ep6,test,280,319,13.779165267944336,9.360760688781738,0.18010853230953217,0.26480793952941895,0.3221522867679596
medium_40f_stride20:5399ef86-4df9-49bc-809f-8f4f92f9e659__ep6:qa:14,5399ef86-4df9-49bc-809f-8f4f92f9e659__ep6,ep6,test,300,339,13.779165267944336,8.980450630187988,0.20928215980529785,0.29891765117645264,0.3752020001411438
medium_40f_stride20:5399ef86-4df9-49bc-809f-8f4f92f9e659__ep6:qa:15,5399ef86-4df9-49bc-809f-8f4f92f9e659__ep6,ep6,test,320,359,12.559027671813965,7.705493450164795,0.187007337808609,0.2629983425140381,0.34019431471824646
medium_40f_stride20:5399ef86-4df9-49bc-809f-8f4f92f9e659__ep6:qa:18,5399ef86-4df9-49bc-809f-8f4f92f9e659__ep6,ep6,test,400,439,12.021890640258789,11.040203094482422,0.177413210272789,0.23979149758815765,0.3477391302585602
medium_40f_stride20:5399ef86-4df9-49bc-809f-8f4f92f9e659__ep6:qa:19,5399ef86-4df9-49bc-809f-8f4f92f9e659__ep6,ep6,test,420,459,11.768653869628906,12.193733215332031,0.11015235632658005,0.17941173911094666,0.22317920625209808
medium_40f_stride20:5399ef86-4df9-49bc-809f-8f4f92f9e659__ep6:qa:20,5399ef86-4df9-49bc-809f-8f4f92f9e659__ep6,ep6,test,440,479,11.969943046569824,12.503551483154297,0.14472517371177673,0.218968465924263,0.2755002975463867
medium_40f_stride20:5399ef86-4df9-49bc-809f-8f4f92f9e659__ep6:qa:21,5399ef86-4df9-49bc-809f-8f4f92f9e659__ep6,ep6,test,460,499,11.889922142028809,12.610627174377441,0.17370188236236572,0.2693781554698944,0.33032697439193726
medium_40f_stride20:5399ef86-4df9-49bc-809f-8f4f92f9e659__ep6:qa:22,5399ef86-4df9-49bc-809f-8f4f92f9e659__ep6,ep6,test,480,519,11.842813491821289,10.665505409240723,0.13404501974582672,0.20332616567611694,0.24630200862884521
medium_40f_stride20:5399ef86-4df9-49bc-809f-8f4f92f9e659__ep6:qa:23,5399ef86-4df9-49bc-809f-8f4f92f9e659__ep6,ep6,test,500,539,11.866168975830078,10.202899932861328,0.12125362455844879,0.1868341863155365,0.232676699757576
medium_40f_stride20:5399ef86-4df9-49bc-809f-8f4f92f9e659__ep6:qa:24,5399ef86-4df9-49bc-809f-8f4f92f9e659__ep6,ep6,test,520,559,10.623903274536133,11.364017486572266,0.1574380099773407,0.2189435064792633,0.2916019558906555
medium_40f_stride20:5399ef86-4df9-49bc-809f-8f4f92f9e659__ep6:qa:25,5399ef86-4df9-49bc-809f-8f4f92f9e659__ep6,ep6,test,540,579,10.623903274536133,11.045676231384277,0.14804024994373322,0.2070542573928833,0.27687209844589233
medium_40f_stride20:5399ef86-4df9-49bc-809f-8f4f92f9e659__ep6:qa:26,5399ef86-4df9-49bc-809f-8f4f92f9e659__ep6,ep6,test,560,599,10.610408782958984,11.224807739257812,0.14285437762737274,0.20846210420131683,0.28477486968040466
medium_40f_stride20:5399ef86-4df9-49bc-809f-8f4f92f9e659__ep6:qa:27,5399ef86-4df9-49bc-809f-8f4f92f9e659__ep6,ep6,test,580,619,10.610408782958984,11.272686958312988,0.14210006594657898,0.20773212611675262,0.2848292887210846
medium_40f_stride20:5399ef86-4df9-49bc-809f-8f4f92f9e659__ep6:qa:47,5399ef86-4df9-49bc-809f-8f4f92f9e659__ep6,ep6,test,1000,1039,12.998799324035645,8.464546203613281,0.10416734963655472,0.1663728654384613,0.20006200671195984
medium_40f_stride20:5399ef86-4df9-49bc-809f-8f4f92f9e659__ep6:qa:48,5399ef86-4df9-49bc-809f-8f4f92f9e659__ep6,ep6,test,1020,1059,13.416257858276367,8.589088439941406,0.10624253749847412,0.17939534783363342,0.20280630886554718
medium_40f_stride20:5399ef86-4df9-49bc-809f-8f4f92f9e659__ep6:qa:49,5399ef86-4df9-49bc-809f-8f4f92f9e659__ep6,ep6,test,1040,1079,13.39065933227539,9.859272003173828,0.21144609153270721,0.34581032395362854,0.4357914328575134
medium_40f_stride20:5399ef86-4df9-49bc-809f-8f4f92f9e659__ep6:qa:50,5399ef86-4df9-49bc-809f-8f4f92f9e659__ep6,ep6,test,1060,1099,11.668439865112305,10.317984580993652,0.2379659116268158,0.3632073402404785,0.490970641374588
medium_40f_stride20:5399ef86-4df9-49bc-809f-8f4f92f9e659__ep6:qa:51,5399ef86-4df9-49bc-809f-8f4f92f9e659__ep6,ep6,test,1080,1119,12.512426376342773,10.048487663269043,0.23735129833221436,0.37036100029945374,0.49937719106674194
medium_40f_stride20:5399ef86-4df9-49bc-809f-8f4f92f9e659__ep6:qa:52,5399ef86-4df9-49bc-809f-8f4f92f9e659__ep6,ep6,test,1100,1139,12.294597625732422,10.73251724243164,0.183320552110672,0.28692635893821716,0.3909176290035248
medium_40f_stride20:5399ef86-4df9-49bc-809f-8f4f92f9e659__ep6:qa:53,5399ef86-4df9-49bc-809f-8f4f92f9e659__ep6,ep6,test,1120,1159,12.561460494995117,10.881041526794434,0.07835648208856583,0.1194668784737587,0.16307854652404785
medium_40f_stride20:5399ef86-4df9-49bc-809f-8f4f92f9e659__ep6:qa:54,5399ef86-4df9-49bc-809f-8f4f92f9e659__ep6,ep6,test,1140,1179,12.561460494995117,5.69825553894043,0.15816357731819153,0.2402908056974411,0.32359805703163147
medium_40f_stride20:5399ef86-4df9-49bc-809f-8f4f92f9e659__ep6:qa:55,5399ef86-4df9-49bc-809f-8f4f92f9e659__ep6,ep6,test,1160,1199,12.57667064666748,5.467830181121826,0.14969074726104736,0.24500061571598053,0.30534014105796814
medium_40f_stride20:5399ef86-4df9-49bc-809f-8f4f92f9e659__ep6:qa:56,5399ef86-4df9-49bc-809f-8f4f92f9e659__ep6,ep6,test,1180,1219,12.57667064666748,12.56766128540039,0.05847766995429993,0.0917053148150444,0.12845228612422943
medium_40f_stride20:5399ef86-4df9-49bc-809f-8f4f92f9e659__ep6:qa:86,5399ef86-4df9-49bc-809f-8f4f92f9e659__ep6,ep6,test,1800,1839,13.602021217346191,7.624062538146973,0.10803879797458649,0.2211536020040512,0.2628076374530792
medium_40f_stride20:5399ef86-4df9-49bc-809f-8f4f92f9e659__ep6:qa:87,5399ef86-4df9-49bc-809f-8f4f92f9e659__ep6,ep6,test,1820,1859,13.701295852661133,9.645763397216797,0.11446680128574371,0.18301273882389069,0.2389727234840393
medium_40f_stride20:5399ef86-4df9-49bc-809f-8f4f92f9e659__ep6:qa:88,5399ef86-4df9-49bc-809f-8f4f92f9e659__ep6,ep6,test,1840,1879,13.780903816223145,7.174778461456299,0.1270313709974289,0.23976843059062958,0.2846270203590393
medium_40f_stride20:5399ef86-4df9-49bc-809f-8f4f92f9e659__ep6:qa:89,5399ef86-4df9-49bc-809f-8f4f92f9e659__ep6,ep6,test,1860,1899,14.521882057189941,10.494544982910156,0.132145494222641,0.20159676671028137,0.27121105790138245
medium_40f_stride20:5399ef86-4df9-49bc-809f-8f4f92f9e659__ep6:qa:90,5399ef86-4df9-49bc-809f-8f4f92f9e659__ep6,ep6,test,1880,1919,14.847799301147461,11.88768482208252,0.15127164125442505,0.20808401703834534,0.3007751405239105
medium_40f_stride20:5399ef86-4df9-49bc-809f-8f4f92f9e659__ep6:qa:91,5399ef86-4df9-49bc-809f-8f4f92f9e659__ep6,ep6,test,1900,1939,14.847799301147461,10.627699851989746,0.1547449678182602,0.22372311353683472,0.3215368986129761
medium_40f_stride20:5399ef86-4df9-49bc-809f-8f4f92f9e659__ep6:qa:92,5399ef86-4df9-49bc-809f-8f4f92f9e659__ep6,ep6,test,1920,1959,13.73269271850586,12.046547889709473,0.08676757663488388,0.14218471944332123,0.1680690199136734
medium_40f_stride20:5399ef86-4df9-49bc-809f-8f4f92f9e659__ep6:qa:93,5399ef86-4df9-49bc-809f-8f4f92f9e659__ep6,ep6,test,1940,1979,13.968778610229492,11.93213939666748,0.09463682025671005,0.15600447356700897,0.1834055781364441
medium_40f_stride20:5399ef86-4df9-49bc-809f-8f4f92f9e659__ep6:qa:94,5399ef86-4df9-49bc-809f-8f4f92f9e659__ep6,ep6,test,1960,1999,13.962890625,7.991448879241943,0.14628960192203522,0.25014162063598633,0.3005422353744507
medium_40f_stride20:5399ef86-4df9-49bc-809f-8f4f92f9e659__ep6:qa:95,5399ef86-4df9-49bc-809f-8f4f92f9e659__ep6,ep6,test,2000,2039,13.6981840133667,10.368322372436523,0.08200753480195999,0.1426447182893753,0.1524907648563385
medium_40f_stride20:5399ef86-4df9-49bc-809f-8f4f92f9e659__ep6:qa:96,5399ef86-4df9-49bc-809f-8f4f92f9e659__ep6,ep6,test,2020,2059,13.523483276367188,7.3241376876831055,0.14868465065956116,0.23276473581790924,0.2907085418701172
medium_40f_stride20:5399ef86-4df9-49bc-809f-8f4f92f9e659__ep6:qa:97,5399ef86-4df9-49bc-809f-8f4f92f9e659__ep6,ep6,test,2040,2079,12.813557624816895,9.396273612976074,0.12786084413528442,0.20655670762062073,0.25983768701553345
medium_40f_stride20:5399ef86-4df9-49bc-809f-8f4f92f9e659__ep6:qa:98,5399ef86-4df9-49bc-809f-8f4f92f9e659__ep6,ep6,test,2060,2099,12.2105073928833,7.214836120605469,0.19541653990745544,0.3168449401855469,0.41525712609291077
medium_40f_stride20:5399ef86-4df9-49bc-809f-8f4f92f9e659__ep6:qa:99,5399ef86-4df9-49bc-809f-8f4f92f9e659__ep6,ep6,test,2080,2119,10.74885368347168,10.27662181854248,0.22537925839424133,0.3614453077316284,0.49442243576049805
medium_40f_stride20:5399ef86-4df9-49bc-809f-8f4f92f9e659__ep6:qa:100,5399ef86-4df9-49bc-809f-8f4f92f9e659__ep6,ep6,test,2100,2139,10.384716987609863,9.432618141174316,0.1485755443572998,0.2702012360095978,0.3563878536224365
medium_40f_stride20:5399ef86-4df9-49bc-809f-8f4f92f9e659__ep6:qa:101,5399ef86-4df9-49bc-809f-8f4f92f9e659__ep6,ep6,test,2120,2159,10.166031837463379,10.403326034545898,0.09593401104211807,0.1335071325302124,0.18433716893196106
medium_40f_stride20:5399ef86-4df9-49bc-809f-8f4f92f9e659__ep6:qa:102,5399ef86-4df9-49bc-809f-8f4f92f9e659__ep6,ep6,test,2140,2179,10.166031837463379,7.339165210723877,0.08861929923295975,0.1319749802350998,0.18512733280658722
medium_40f_stride20:5399ef86-4df9-49bc-809f-8f4f92f9e659__ep6:qa:103,5399ef86-4df9-49bc-809f-8f4f92f9e659__ep6,ep6,test,2160,2199,10.31773853302002,5.868882179260254,0.16734108328819275,0.24397563934326172,0.3423326909542084
medium_40f_stride20:5399ef86-4df9-49bc-809f-8f4f92f9e659__ep6:qa:104,5399ef86-4df9-49bc-809f-8f4f92f9e659__ep6,ep6,test,2180,2219,10.31773853302002,6.851542949676514,0.21101537346839905,0.3187089264392853,0.4547944962978363
medium_40f_stride20:5399ef86-4df9-49bc-809f-8f4f92f9e659__ep6:qa:114,5399ef86-4df9-49bc-809f-8f4f92f9e659__ep6,ep6,test,2400,2439,10.364611625671387,7.806014060974121,0.08611641824245453,0.1272662729024887,0.1737843006849289
medium_40f_stride20:5399ef86-4df9-49bc-809f-8f4f92f9e659__ep6:qa:115,5399ef86-4df9-49bc-809f-8f4f92f9e659__ep6,ep6,test,2420,2459,10.309691429138184,12.166285514831543,0.14890967309474945,0.2616904675960541,0.32408928871154785
medium_40f_stride20:5399ef86-4df9-49bc-809f-8f4f92f9e659__ep6:qa:116,5399ef86-4df9-49bc-809f-8f4f92f9e659__ep6,ep6,test,2440,2479,10.335229873657227,11.290132522583008,0.12997233867645264,0.2396235466003418,0.27042704820632935
medium_40f_stride20:5399ef86-4df9-49bc-809f-8f4f92f9e659__ep6:qa:117,5399ef86-4df9-49bc-809f-8f4f92f9e659__ep6,ep6,test,2460,2499,11.604037284851074,6.964447975158691,0.12427590042352676,0.19242487847805023,0.26231062412261963
medium_40f_stride20:5399ef86-4df9-49bc-809f-8f4f92f9e659__ep6:qa:118,5399ef86-4df9-49bc-809f-8f4f92f9e659__ep6,ep6,test,2480,2519,9.741365432739258,6.777896404266357,0.08944208920001984,0.15218159556388855,0.18277305364608765
medium_40f_stride20:5399ef86-4df9-49bc-809f-8f4f92f9e659__ep6:qa:119,5399ef86-4df9-49bc-809f-8f4f92f9e659__ep6,ep6,test,2500,2539,9.741365432739258,3.9112069606781006,0.0950496718287468,0.21471786499023438,0.25227585434913635
medium_40f_stride20:5399ef86-4df9-49bc-809f-8f4f92f9e659__ep6:qa:120,5399ef86-4df9-49bc-809f-8f4f92f9e659__ep6,ep6,test,2520,2559,11.264307975769043,11.367402076721191,0.09053722769021988,0.13651464879512787,0.17484812438488007
medium_40f_stride20:5399ef86-4df9-49bc-809f-8f4f92f9e659__ep6:qa:121,5399ef86-4df9-49bc-809f-8f4f92f9e659__ep6,ep6,test,2540,2579,11.264307975769043,9.866153717041016,0.07471747696399689,0.11005022376775742,0.15592996776103973
medium_40f_stride20:5399ef86-4df9-49bc-809f-8f4f92f9e659__ep6:qa:122,5399ef86-4df9-49bc-809f-8f4f92f9e659__ep6,ep6,test,2560,2599,11.264307975769043,2.8735604286193848,0.18167254328727722,0.3465716242790222,0.44974055886268616
medium_40f_stride20:5399ef86-4df9-49bc-809f-8f4f92f9e659__ep6:qa:127,5399ef86-4df9-49bc-809f-8f4f92f9e659__ep6,ep6,test,2680,2719,10.154889106750488,8.790994644165039,0.06379803270101547,0.09652382135391235,0.12995490431785583
medium_40f_stride20:5399ef86-4df9-49bc-809f-8f4f92f9e659__ep6:qa:128,5399ef86-4df9-49bc-809f-8f4f92f9e659__ep6,ep6,test,2700,2739,10.154889106750488,8.800172805786133,0.06980197131633759,0.10528236627578735,0.14027012884616852
medium_40f_stride20:5399ef86-4df9-49bc-809f-8f4f92f9e659__ep6:qa:132,5399ef86-4df9-49bc-809f-8f4f92f9e659__ep6,ep6,test,2800,2839,11.751649856567383,2.8289434909820557,0.19648002088069916,0.31816229224205017,0.42817771434783936
medium_40f_stride20:5399ef86-4df9-49bc-809f-8f4f92f9e659__ep6:qa:133,5399ef86-4df9-49bc-809f-8f4f92f9e659__ep6,ep6,test,2820,2859,10.141940116882324,4.929443359375,0.09916358441114426,0.20316889882087708,0.23859044909477234
medium_40f_stride20:5399ef86-4df9-49bc-809f-8f4f92f9e659__ep6:qa:134,5399ef86-4df9-49bc-809f-8f4f92f9e659__ep6,ep6,test,2840,2879,10.136849403381348,5.05239200592041,0.08982589840888977,0.19186189770698547,0.22847898304462433
medium_40f_stride20:5399ef86-4df9-49bc-809f-8f4f92f9e659__ep6:qa:135,5399ef86-4df9-49bc-809f-8f4f92f9e659__ep6,ep6,test,2880,2919,10.007973670959473,10.168377876281738,0.06270617246627808,0.09461352974176407,0.12428117543458939
medium_40f_stride20:5399ef86-4df9-49bc-809f-8f4f92f9e659__ep6:qa:136,5399ef86-4df9-49bc-809f-8f4f92f9e659__ep6,ep6,test,2900,2939,10.007973670959473,6.373921871185303,0.07830237597227097,0.13660621643066406,0.17071285843849182
medium_40f_stride20:5399ef86-4df9-49bc-809f-8f4f92f9e659__ep6:qa:137,5399ef86-4df9-49bc-809f-8f4f92f9e659__ep6,ep6,test,2920,2959,10.07382869720459,9.010546684265137,0.06219948083162308,0.09191414713859558,0.12768658995628357
medium_40f_stride20:5399ef86-4df9-49bc-809f-8f4f92f9e659__ep6:qa:138,5399ef86-4df9-49bc-809f-8f4f92f9e659__ep6,ep6,test,2940,2979,11.448102951049805,6.031151294708252,0.12996548414230347,0.21154482662677765,0.2817928194999695
medium_40f_stride20:5399ef86-4df9-49bc-809f-8f4f92f9e659__ep6:qa:139,5399ef86-4df9-49bc-809f-8f4f92f9e659__ep6,ep6,test,2960,2999,12.946295738220215,5.382727146148682,0.15245240926742554,0.2598836123943329,0.3039487898349762
medium_40f_stride20:5399ef86-4df9-49bc-809f-8f4f92f9e659__ep6:qa:140,5399ef86-4df9-49bc-809f-8f4f92f9e659__ep6,ep6,test,3000,3039,11.568758964538574,10.192191123962402,0.07616753876209259,0.12358789891004562,0.1652110368013382
medium_40f_stride20:5399ef86-4df9-49bc-809f-8f4f92f9e659__ep6:qa:141,5399ef86-4df9-49bc-809f-8f4f92f9e659__ep6,ep6,test,3020,3059,11.568758964538574,5.67791223526001,0.12713657319545746,0.21983295679092407,0.2801978588104248
medium_40f_stride20:5399ef86-4df9-49bc-809f-8f4f92f9e659__ep6:qa:142,5399ef86-4df9-49bc-809f-8f4f92f9e659__ep6,ep6,test,3040,3079,10.150253295898438,8.295931816101074,0.06750260293483734,0.10593997687101364,0.13393758237361908
medium_40f_stride20:5399ef86-4df9-49bc-809f-8f4f92f9e659__ep6:qa:148,5399ef86-4df9-49bc-809f-8f4f92f9e659__ep6,ep6,test,3200,3239,11.044525146484375,7.371894836425781,0.13314709067344666,0.2074824422597885,0.28261321783065796
medium_40f_stride20:5399ef86-4df9-49bc-809f-8f4f92f9e659__ep6:qa:149,5399ef86-4df9-49bc-809f-8f4f92f9e659__ep6,ep6,test,3220,3259,10.876777648925781,12.387818336486816,0.13043473660945892,0.26245319843292236,0.31175267696380615
medium_40f_stride20:5399ef86-4df9-49bc-809f-8f4f92f9e659__ep6:qa:150,5399ef86-4df9-49bc-809f-8f4f92f9e659__ep6,ep6,test,3240,3279,12.97896671295166,7.251464366912842,0.11585099250078201,0.20020495355129242,0.23278892040252686
medium_40f_stride20:5399ef86-4df9-49bc-809f-8f4f92f9e659__ep6:qa:151,5399ef86-4df9-49bc-809f-8f4f92f9e659__ep6,ep6,test,3260,3299,12.46445369720459,4.356140613555908,0.16994285583496094,0.2789759337902069,0.3520980775356293
medium_40f_stride20:5399ef86-4df9-49bc-809f-8f4f92f9e659__ep6:qa:152,5399ef86-4df9-49bc-809f-8f4f92f9e659__ep6,ep6,test,3280,3319,11.995789527893066,5.30839204788208,0.1479577124118805,0.23583634197711945,0.3179578483104706
medium_40f_stride20:5399ef86-4df9-49bc-809f-8f4f92f9e659__ep6:qa:153,5399ef86-4df9-49bc-809f-8f4f92f9e659__ep6,ep6,test,3300,3339,11.04515552520752,11.937487602233887,0.08647479116916656,0.1180545762181282,0.17134307324886322
medium_40f_stride20:5399ef86-4df9-49bc-809f-8f4f92f9e659__ep6:qa:154,5399ef86-4df9-49bc-809f-8f4f92f9e659__ep6,ep6,test,3320,3359,11.06371784210205,11.450489044189453,0.08458356559276581,0.11415310949087143,0.16425734758377075
medium_40f_stride20:5399ef86-4df9-49bc-809f-8f4f92f9e659__ep6:qa:155,5399ef86-4df9-49bc-809f-8f4f92f9e659__ep6,ep6,test,3340,3379,11.06371784210205,10.24541187286377,0.06632184237241745,0.10754726082086563,0.13461868464946747
medium_40f_stride20:5399ef86-4df9-49bc-809f-8f4f92f9e659__ep6:qa:156,5399ef86-4df9-49bc-809f-8f4f92f9e659__ep6,ep6,test,3360,3399,10.1856050491333,5.191385269165039,0.08167936652898788,0.18002691864967346,0.213368222117424
medium_40f_stride20:5399ef86-4df9-49bc-809f-8f4f92f9e659__ep6:qa:157,5399ef86-4df9-49bc-809f-8f4f92f9e659__ep6,ep6,test,3380,3419,10.1856050491333,1.6144118309020996,0.16733978688716888,0.3557065725326538,0.4167061746120453
medium_40f_stride20:5399ef86-4df9-49bc-809f-8f4f92f9e659__ep6:qa:176,5399ef86-4df9-49bc-809f-8f4f92f9e659__ep6,ep6,test,3800,3839,10.569664001464844,11.056679725646973,0.13118663430213928,0.2322242558002472,0.27838534116744995
medium_40f_stride20:5399ef86-4df9-49bc-809f-8f4f92f9e659__ep6:qa:177,5399ef86-4df9-49bc-809f-8f4f92f9e659__ep6,ep6,test,3820,3859,11.973993301391602,9.022722244262695,0.09657923877239227,0.14258822798728943,0.18756520748138428
medium_40f_stride20:5399ef86-4df9-49bc-809f-8f4f92f9e659__ep6:qa:178,5399ef86-4df9-49bc-809f-8f4f92f9e659__ep6,ep6,test,3840,3879,11.573783874511719,10.213502883911133,0.08977223187685013,0.12705492973327637,0.17021414637565613
medium_40f_stride20:5399ef86-4df9-49bc-809f-8f4f92f9e659__ep6:qa:179,5399ef86-4df9-49bc-809f-8f4f92f9e659__ep6,ep6,test,3860,3899,10.533719062805176,7.137748718261719,0.10707313567399979,0.16525307297706604,0.1961163431406021
medium_40f_stride20:5399ef86-4df9-49bc-809f-8f4f92f9e659__ep6:qa:180,5399ef86-4df9-49bc-809f-8f4f92f9e659__ep6,ep6,test,3880,3919,12.008376121520996,10.937553405761719,0.10577482730150223,0.15717917680740356,0.22091440856456757
medium_40f_stride20:5399ef86-4df9-49bc-809f-8f4f92f9e659__ep6:qa:181,5399ef86-4df9-49bc-809f-8f4f92f9e659__ep6,ep6,test,3900,3939,12.008376121520996,10.007131576538086,0.10615859925746918,0.15161508321762085,0.21436592936515808
medium_40f_stride20:5399ef86-4df9-49bc-809f-8f4f92f9e659__ep6:qa:182,5399ef86-4df9-49bc-809f-8f4f92f9e659__ep6,ep6,test,3920,3959,12.36806869506836,3.9962892532348633,0.169104665517807,0.29679855704307556,0.3674173653125763
medium_40f_stride20:5399ef86-4df9-49bc-809f-8f4f92f9e659__ep6:qa:183,5399ef86-4df9-49bc-809f-8f4f92f9e659__ep6,ep6,test,3940,3979,12.36806869506836,10.782002449035645,0.07073234766721725,0.10970979183912277,0.1511269509792328
medium_40f_stride20:5399ef86-4df9-49bc-809f-8f4f92f9e659__ep6:qa:184,5399ef86-4df9-49bc-809f-8f4f92f9e659__ep6,ep6,test,3960,3999,11.698365211486816,11.894097328186035,0.0839257463812828,0.12261267751455307,0.16215527057647705
medium_40f_stride20:b750fab3-7fbb-43a0-b451-c64c4d4a64da__ep1:qa:0,b750fab3-7fbb-43a0-b451-c64c4d4a64da__ep1,ep1,test,0,39,6.570979118347168,6.976653575897217,0.10791347920894623,0.1710941344499588,0.24479851126670837
medium_40f_stride20:b750fab3-7fbb-43a0-b451-c64c4d4a64da__ep1:qa:1,b750fab3-7fbb-43a0-b451-c64c4d4a64da__ep1,ep1,test,20,59,7.498126029968262,5.834928035736084,0.12349608540534973,0.16815882921218872,0.24730657041072845
medium_40f_stride20:b750fab3-7fbb-43a0-b451-c64c4d4a64da__ep1:qa:2,b750fab3-7fbb-43a0-b451-c64c4d4a64da__ep1,ep1,test,40,79,8.727773666381836,7.3707170486450195,0.08389146625995636,0.117923304438591,0.16919906437397003
medium_40f_stride20:b750fab3-7fbb-43a0-b451-c64c4d4a64da__ep1:qa:3,b750fab3-7fbb-43a0-b451-c64c4d4a64da__ep1,ep1,test,60,99,8.727773666381836,7.781006336212158,0.11766266077756882,0.18648596107959747,0.2530558705329895
medium_40f_stride20:b750fab3-7fbb-43a0-b451-c64c4d4a64da__ep1:qa:4,b750fab3-7fbb-43a0-b451-c64c4d4a64da__ep1,ep1,test,80,119,8.419652938842773,4.240428447723389,0.17058135569095612,0.2444228082895279,0.3480323851108551
medium_40f_stride20:b750fab3-7fbb-43a0-b451-c64c4d4a64da__ep1:qa:5,b750fab3-7fbb-43a0-b451-c64c4d4a64da__ep1,ep1,test,100,139,8.419652938842773,8.380640983581543,0.14433391392230988,0.23078912496566772,0.3026712238788605
medium_40f_stride20:b750fab3-7fbb-43a0-b451-c64c4d4a64da__ep1:qa:19,b750fab3-7fbb-43a0-b451-c64c4d4a64da__ep1,ep1,test,400,439,21.448877334594727,27.638687133789062,0.21544402837753296,0.3076220750808716,0.39807385206222534
medium_40f_stride20:b750fab3-7fbb-43a0-b451-c64c4d4a64da__ep1:qa:20,b750fab3-7fbb-43a0-b451-c64c4d4a64da__ep1,ep1,test,420,459,23.81444549560547,16.158920288085938,0.2540587782859802,0.36481916904449463,0.49128010869026184
medium_40f_stride20:b750fab3-7fbb-43a0-b451-c64c4d4a64da__ep1:qa:21,b750fab3-7fbb-43a0-b451-c64c4d4a64da__ep1,ep1,test,440,479,25.43627166748047,21.028249740600586,0.42101791501045227,0.5269773602485657,0.7934630513191223
medium_40f_stride20:b750fab3-7fbb-43a0-b451-c64c4d4a64da__ep1:qa:22,b750fab3-7fbb-43a0-b451-c64c4d4a64da__ep1,ep1,test,460,499,25.43627166748047,20.952072143554688,0.45260390639305115,0.5935836434364319,0.8949016332626343
medium_40f_stride20:b750fab3-7fbb-43a0-b451-c64c4d4a64da__ep1:qa:23,b750fab3-7fbb-43a0-b451-c64c4d4a64da__ep1,ep1,test,480,519,31.39611053466797,16.86030387878418,0.3828125298023224,0.5579748153686523,0.722289502620697
medium_40f_stride20:b750fab3-7fbb-43a0-b451-c64c4d4a64da__ep1:qa:24,b750fab3-7fbb-43a0-b451-c64c4d4a64da__ep1,ep1,test,500,539,31.390695571899414,19.5473575592041,0.2746586203575134,0.4503471851348877,0.5456745624542236
medium_40f_stride20:b750fab3-7fbb-43a0-b451-c64c4d4a64da__ep1:qa:25,b750fab3-7fbb-43a0-b451-c64c4d4a64da__ep1,ep1,test,520,559,31.634647369384766,13.505099296569824,0.433645635843277,0.7650645971298218,0.9435277581214905
medium_40f_stride20:b750fab3-7fbb-43a0-b451-c64c4d4a64da__ep1:qa:26,b750fab3-7fbb-43a0-b451-c64c4d4a64da__ep1,ep1,test,560,599,33.98332977294922,21.066997528076172,0.6893951296806335,0.9193646311759949,1.2939187288284302
medium_40f_stride20:b750fab3-7fbb-43a0-b451-c64c4d4a64da__ep1:qa:27,b750fab3-7fbb-43a0-b451-c64c4d4a64da__ep1,ep1,test,580,619,33.98332977294922,16.060720443725586,0.7209610939025879,0.9209675192832947,1.333484172821045
medium_40f_stride20:b750fab3-7fbb-43a0-b451-c64c4d4a64da__ep1:qa:28,b750fab3-7fbb-43a0-b451-c64c4d4a64da__ep1,ep1,test,600,639,33.033084869384766,32.7287712097168,0.13375622034072876,0.18084999918937683,0.2395399510860443
medium_40f_stride20:b750fab3-7fbb-43a0-b451-c64c4d4a64da__ep1:qa:29,b750fab3-7fbb-43a0-b451-c64c4d4a64da__ep1,ep1,test,620,659,33.21808624267578,19.17107582092285,0.34563979506492615,0.5839913487434387,0.715277373790741
medium_40f_stride20:b750fab3-7fbb-43a0-b451-c64c4d4a64da__ep1:qa:30,b750fab3-7fbb-43a0-b451-c64c4d4a64da__ep1,ep1,test,640,679,32.56832504272461,12.677470207214355,0.5229501128196716,0.7676995992660522,0.9623648524284363
medium_40f_stride20:b750fab3-7fbb-43a0-b451-c64c4d4a64da__ep1:qa:31,b750fab3-7fbb-43a0-b451-c64c4d4a64da__ep1,ep1,test,680,719,32.39550018310547,25.67936134338379,0.20203052461147308,0.3314686417579651,0.4079480469226837
medium_40f_stride20:b750fab3-7fbb-43a0-b451-c64c4d4a64da__ep1:qa:32,b750fab3-7fbb-43a0-b451-c64c4d4a64da__ep1,ep1,test,700,739,32.39550018310547,15.11648941040039,0.4303610622882843,0.7479584813117981,0.8686847686767578
medium_40f_stride20:b750fab3-7fbb-43a0-b451-c64c4d4a64da__ep1:qa:33,b750fab3-7fbb-43a0-b451-c64c4d4a64da__ep1,ep1,test,720,759,32.54312515258789,16.24458885192871,0.6701478958129883,0.8818033337593079,1.2776094675064087
medium_40f_stride20:b750fab3-7fbb-43a0-b451-c64c4d4a64da__ep1:qa:34,b750fab3-7fbb-43a0-b451-c64c4d4a64da__ep1,ep1,test,740,779,0.0,27.892026901245117,0.5528424382209778,0.9391734004020691,1.1194864511489868
medium_40f_stride20:b750fab3-7fbb-43a0-b451-c64c4d4a64da__ep1:qa:35,b750fab3-7fbb-43a0-b451-c64c4d4a64da__ep1,ep1,test,760,799,32.843414306640625,18.325532913208008,0.6226152777671814,0.8619626760482788,1.1906638145446777
medium_40f_stride20:b750fab3-7fbb-43a0-b451-c64c4d4a64da__ep1:qa:36,b750fab3-7fbb-43a0-b451-c64c4d4a64da__ep1,ep1,test,800,839,32.66506576538086,18.607080459594727,0.6142456531524658,0.8220799565315247,1.192232608795166
medium_40f_stride20:b750fab3-7fbb-43a0-b451-c64c4d4a64da__ep1:qa:37,b750fab3-7fbb-43a0-b451-c64c4d4a64da__ep1,ep1,test,820,859,32.503875732421875,18.278640747070312,0.660438060760498,0.8527657985687256,1.2516170740127563
medium_40f_stride20:b750fab3-7fbb-43a0-b451-c64c4d4a64da__ep1:qa:38,b750fab3-7fbb-43a0-b451-c64c4d4a64da__ep1,ep1,test,840,879,30.076486587524414,26.750835418701172,0.6558929085731506,0.906397819519043,1.280625343322754
medium_40f_stride20:b750fab3-7fbb-43a0-b451-c64c4d4a64da__ep1:qa:39,b750fab3-7fbb-43a0-b451-c64c4d4a64da__ep1,ep1,test,860,899,30.076486587524414,26.24169158935547,0.6573649644851685,0.9019860625267029,1.2696031332015991
medium_40f_stride20:b750fab3-7fbb-43a0-b451-c64c4d4a64da__ep1:qa:40,b750fab3-7fbb-43a0-b451-c64c4d4a64da__ep1,ep1,test,880,919,26.785991668701172,28.43379783630371,0.7418342232704163,1.0061777830123901,1.397334337234497
medium_40f_stride20:b750fab3-7fbb-43a0-b451-c64c4d4a64da__ep1:qa:41,b750fab3-7fbb-43a0-b451-c64c4d4a64da__ep1,ep1,test,900,939,26.785991668701172,24.996091842651367,0.6816882491111755,0.9447425603866577,1.3045687675476074
medium_40f_stride20:b750fab3-7fbb-43a0-b451-c64c4d4a64da__ep1:qa:65,b750fab3-7fbb-43a0-b451-c64c4d4a64da__ep1,ep1,test,1400,1439,0.0,13.693732261657715,0.27258965373039246,0.46109193563461304,0.5460130572319031
medium_40f_stride20:b750fab3-7fbb-43a0-b451-c64c4d4a64da__ep1:qa:66,b750fab3-7fbb-43a0-b451-c64c4d4a64da__ep1,ep1,test,1420,1459,0.0,14.242670059204102,0.28757718205451965,0.47957563400268555,0.5621914267539978
medium_40f_stride20:b750fab3-7fbb-43a0-b451-c64c4d4a64da__ep1:qa:67,b750fab3-7fbb-43a0-b451-c64c4d4a64da__ep1,ep1,test,1440,1479,0.0,14.279052734375,0.28626468777656555,0.4808007478713989,0.5633015632629395
medium_40f_stride20:b750fab3-7fbb-43a0-b451-c64c4d4a64da__ep1:qa:68,b750fab3-7fbb-43a0-b451-c64c4d4a64da__ep1,ep1,test,1480,1519,0.0,14.65390396118164,0.30207690596580505,0.49342259764671326,0.5778877139091492
medium_40f_stride20:b750fab3-7fbb-43a0-b451-c64c4d4a64da__ep1:qa:69,b750fab3-7fbb-43a0-b451-c64c4d4a64da__ep1,ep1,test,1500,1539,0.0,17.527355194091797,0.38918522000312805,0.5901767015457153,0.6910302042961121
medium_40f_stride20:b750fab3-7fbb-43a0-b451-c64c4d4a64da__ep1:qa:70,b750fab3-7fbb-43a0-b451-c64c4d4a64da__ep1,ep1,test,1520,1559,0.0,13.624251365661621,0.26812759041786194,0.4587523937225342,0.5404595732688904
medium_40f_stride20:b750fab3-7fbb-43a0-b451-c64c4d4a64da__ep1:qa:71,b750fab3-7fbb-43a0-b451-c64c4d4a64da__ep1,ep1,test,1540,1579,0.0,12.90024471282959,0.25309184193611145,0.4343738257884979,0.518758237361908
medium_40f_stride20:b750fab3-7fbb-43a0-b451-c64c4d4a64da__ep1:qa:72,b750fab3-7fbb-43a0-b451-c64c4d4a64da__ep1,ep1,test,1560,1599,0.0,13.139492988586426,0.2584920823574066,0.44242972135543823,0.523590624332428
medium_40f_stride20:b750fab3-7fbb-43a0-b451-c64c4d4a64da__ep1:qa:73,b750fab3-7fbb-43a0-b451-c64c4d4a64da__ep1,ep1,test,1580,1619,0.0,13.103562355041504,0.26021456718444824,0.44121989607810974,0.531343936920166
medium_40f_stride20:b750fab3-7fbb-43a0-b451-c64c4d4a64da__ep1:qa:74,b750fab3-7fbb-43a0-b451-c64c4d4a64da__ep1,ep1,test,1600,1639,0.0,13.93057632446289,0.28200140595436096,0.46906688809394836,0.5501616597175598
medium_40f_stride20:b750fab3-7fbb-43a0-b451-c64c4d4a64da__ep1:qa:75,b750fab3-7fbb-43a0-b451-c64c4d4a64da__ep1,ep1,test,1640,1679,0.0,13.621668815612793,0.27349260449409485,0.4586654603481293,0.5425713062286377
medium_40f_stride20:b750fab3-7fbb-43a0-b451-c64c4d4a64da__ep1:qa:76,b750fab3-7fbb-43a0-b451-c64c4d4a64da__ep1,ep1,test,1660,1699,29.32250213623047,15.795354843139648,0.6638249754905701,0.8723202347755432,1.2443153858184814
medium_40f_stride20:b750fab3-7fbb-43a0-b451-c64c4d4a64da__ep1:qa:77,b750fab3-7fbb-43a0-b451-c64c4d4a64da__ep1,ep1,test,1680,1719,29.32250213623047,14.557012557983398,0.655990481376648,0.8877481818199158,1.2556703090667725
medium_40f_stride20:b750fab3-7fbb-43a0-b451-c64c4d4a64da__ep1:qa:78,b750fab3-7fbb-43a0-b451-c64c4d4a64da__ep1,ep1,test,1700,1739,29.32250213623047,12.56847095489502,0.6426865458488464,0.8920812010765076,1.2529550790786743
medium_40f_stride20:b750fab3-7fbb-43a0-b451-c64c4d4a64da__ep1:qa:79,b750fab3-7fbb-43a0-b451-c64c4d4a64da__ep1,ep1,test,1720,1759,33.323001861572266,12.623790740966797,0.48581796884536743,0.7971746325492859,0.9804493188858032
medium_40f_stride20:b750fab3-7fbb-43a0-b451-c64c4d4a64da__ep1:qa:80,b750fab3-7fbb-43a0-b451-c64c4d4a64da__ep1,ep1,test,1740,1779,32.4521484375,13.98594856262207,0.4060138761997223,0.7201933860778809,0.8405306935310364
medium_40f_stride20:b750fab3-7fbb-43a0-b451-c64c4d4a64da__ep1:qa:82,b750fab3-7fbb-43a0-b451-c64c4d4a64da__ep1,ep1,test,1800,1839,30.02971649169922,21.36553382873535,0.5912488102912903,0.8201563358306885,1.1402466297149658
medium_40f_stride20:b750fab3-7fbb-43a0-b451-c64c4d4a64da__ep1:qa:83,b750fab3-7fbb-43a0-b451-c64c4d4a64da__ep1,ep1,test,1820,1859,26.9571533203125,26.889755249023438,0.601173460483551,0.8783066868782043,1.2236621379852295
medium_40f_stride20:b750fab3-7fbb-43a0-b451-c64c4d4a64da__ep1:qa:84,b750fab3-7fbb-43a0-b451-c64c4d4a64da__ep1,ep1,test,1840,1879,0.0,18.075101852416992,0.4053213596343994,0.6086203455924988,0.7351915240287781
medium_40f_stride20:b750fab3-7fbb-43a0-b451-c64c4d4a64da__ep1:qa:85,b750fab3-7fbb-43a0-b451-c64c4d4a64da__ep1,ep1,test,1860,1899,0.0,15.833968162536621,0.3384772539138794,0.5331574082374573,0.6260048747062683
medium_40f_stride20:b750fab3-7fbb-43a0-b451-c64c4d4a64da__ep1:qa:86,b750fab3-7fbb-43a0-b451-c64c4d4a64da__ep1,ep1,test,1880,1919,0.0,21.095666885375977,0.47387972474098206,0.7103280425071716,0.8407958149909973
medium_40f_stride20:b750fab3-7fbb-43a0-b451-c64c4d4a64da__ep1:qa:87,b750fab3-7fbb-43a0-b451-c64c4d4a64da__ep1,ep1,test,1900,1939,0.0,11.438532829284668,0.26194050908088684,0.38515540957450867,0.524541437625885
medium_40f_stride20:b750fab3-7fbb-43a0-b451-c64c4d4a64da__ep1:qa:88,b750fab3-7fbb-43a0-b451-c64c4d4a64da__ep1,ep1,test,1920,1959,0.0,16.279443740844727,0.4150187075138092,0.5481573343276978,0.7981355786323547
medium_40f_stride20:b750fab3-7fbb-43a0-b451-c64c4d4a64da__ep1:qa:111,b750fab3-7fbb-43a0-b451-c64c4d4a64da__ep1,ep1,test,2400,2439,0.0,3.423757553100586,0.07117651402950287,0.11528391391038895,0.1462634652853012
medium_40f_stride20:b750fab3-7fbb-43a0-b451-c64c4d4a64da__ep1:qa:112,b750fab3-7fbb-43a0-b451-c64c4d4a64da__ep1,ep1,test,2420,2459,27.712705612182617,5.032415866851807,0.5700820088386536,0.9111466407775879,1.1632717847824097
medium_40f_stride20:b750fab3-7fbb-43a0-b451-c64c4d4a64da__ep1:qa:113,b750fab3-7fbb-43a0-b451-c64c4d4a64da__ep1,ep1,test,2440,2479,30.467910766601562,6.056293487548828,0.7017766833305359,1.0006357431411743,1.4382972717285156
medium_40f_stride20:b750fab3-7fbb-43a0-b451-c64c4d4a64da__ep1:qa:114,b750fab3-7fbb-43a0-b451-c64c4d4a64da__ep1,ep1,test,2460,2499,30.467910766601562,6.503896713256836,0.7057245969772339,1.0043240785598755,1.442413091659546
medium_40f_stride20:b750fab3-7fbb-43a0-b451-c64c4d4a64da__ep1:qa:115,b750fab3-7fbb-43a0-b451-c64c4d4a64da__ep1,ep1,test,2480,2519,32.083003997802734,4.051031112670898,0.646656334400177,1.061721920967102,1.228613018989563
medium_40f_stride20:b750fab3-7fbb-43a0-b451-c64c4d4a64da__ep1:qa:116,b750fab3-7fbb-43a0-b451-c64c4d4a64da__ep1,ep1,test,2500,2539,32.083003997802734,4.1609110832214355,0.6425421237945557,1.0571372509002686,1.2218283414840698
medium_40f_stride20:b750fab3-7fbb-43a0-b451-c64c4d4a64da__ep1:qa:140,b750fab3-7fbb-43a0-b451-c64c4d4a64da__ep1,ep1,test,3000,3039,0.0,7.963070392608643,0.15964436531066895,0.2681305408477783,0.33114656805992126
medium_40f_stride20:b750fab3-7fbb-43a0-b451-c64c4d4a64da__ep1:qa:141,b750fab3-7fbb-43a0-b451-c64c4d4a64da__ep1,ep1,test,3020,3059,0.0,9.379446983337402,0.18235112726688385,0.31582242250442505,0.4055175185203552
medium_40f_stride20:b750fab3-7fbb-43a0-b451-c64c4d4a64da__ep1:qa:142,b750fab3-7fbb-43a0-b451-c64c4d4a64da__ep1,ep1,test,3040,3079,0.0,8.082836151123047,0.16763973236083984,0.2721632421016693,0.33706775307655334
medium_40f_stride20:b750fab3-7fbb-43a0-b451-c64c4d4a64da__ep1:qa:143,b750fab3-7fbb-43a0-b451-c64c4d4a64da__ep1,ep1,test,3060,3099,0.0,6.127591133117676,0.1203412115573883,0.20632672309875488,0.25910577178001404
medium_40f_stride20:b750fab3-7fbb-43a0-b451-c64c4d4a64da__ep1:qa:144,b750fab3-7fbb-43a0-b451-c64c4d4a64da__ep1,ep1,test,3080,3119,0.0,7.125118732452393,0.13549286127090454,0.23991522192955017,0.2965381145477295
medium_40f_stride20:b750fab3-7fbb-43a0-b451-c64c4d4a64da__ep1:qa:145,b750fab3-7fbb-43a0-b451-c64c4d4a64da__ep1,ep1,test,3100,3139,0.0,5.3774518966674805,0.11920354515314102,0.18106821179389954,0.24407590925693512
medium_40f_stride20:b750fab3-7fbb-43a0-b451-c64c4d4a64da__ep1:qa:146,b750fab3-7fbb-43a0-b451-c64c4d4a64da__ep1,ep1,test,3120,3159,0.0,11.002055168151855,0.20376625657081604,0.3704584836959839,0.4732697010040283
medium_40f_stride20:b750fab3-7fbb-43a0-b451-c64c4d4a64da__ep1:qa:179,b750fab3-7fbb-43a0-b451-c64c4d4a64da__ep1,ep1,test,3800,3839,33.789798736572266,16.910404205322266,0.551794707775116,0.7335783243179321,0.9945144057273865
medium_40f_stride20:b750fab3-7fbb-43a0-b451-c64c4d4a64da__ep1:qa:180,b750fab3-7fbb-43a0-b451-c64c4d4a64da__ep1,ep1,test,3820,3859,33.82506561279297,14.430521965026855,0.6263556480407715,0.8473657369613647,1.1633684635162354
medium_40f_stride20:b750fab3-7fbb-43a0-b451-c64c4d4a64da__ep1:qa:181,b750fab3-7fbb-43a0-b451-c64c4d4a64da__ep1,ep1,test,3840,3879,33.99759292602539,17.972959518432617,0.4346478283405304,0.9058719873428345,1.0482932329177856
medium_40f_stride20:b750fab3-7fbb-43a0-b451-c64c4d4a64da__ep1:qa:182,b750fab3-7fbb-43a0-b451-c64c4d4a64da__ep1,ep1,test,3860,3899,33.99759292602539,18.338407516479492,0.4089718759059906,0.8511043190956116,0.9834048748016357
medium_40f_stride20:b750fab3-7fbb-43a0-b451-c64c4d4a64da__ep1:qa:183,b750fab3-7fbb-43a0-b451-c64c4d4a64da__ep1,ep1,test,3880,3919,34.020111083984375,14.852240562438965,0.48215794563293457,0.9348388314247131,1.0784064531326294
medium_40f_stride20:b750fab3-7fbb-43a0-b451-c64c4d4a64da__ep1:qa:184,b750fab3-7fbb-43a0-b451-c64c4d4a64da__ep1,ep1,test,3900,3939,34.020111083984375,15.478414535522461,0.4378584623336792,0.8488743305206299,0.9784166812896729
medium_40f_stride20:b750fab3-7fbb-43a0-b451-c64c4d4a64da__ep1:qa:185,b750fab3-7fbb-43a0-b451-c64c4d4a64da__ep1,ep1,test,3920,3959,34.0975456237793,14.850113868713379,0.4419463574886322,0.8282337784767151,0.9587209224700928
medium_40f_stride20:b750fab3-7fbb-43a0-b451-c64c4d4a64da__ep1:qa:208,b750fab3-7fbb-43a0-b451-c64c4d4a64da__ep1,ep1,test,4400,4439,0.0,4.002629280090332,0.08006089925765991,0.1347755342721939,0.1682698279619217
medium_40f_stride20:b750fab3-7fbb-43a0-b451-c64c4d4a64da__ep1:qa:209,b750fab3-7fbb-43a0-b451-c64c4d4a64da__ep1,ep1,test,4420,4459,0.0,5.421933174133301,0.11968213319778442,0.18256600201129913,0.24448037147521973
medium_40f_stride20:b750fab3-7fbb-43a0-b451-c64c4d4a64da__ep1:qa:210,b750fab3-7fbb-43a0-b451-c64c4d4a64da__ep1,ep1,test,4440,4479,0.0,5.219613075256348,0.10537049919366837,0.17575351893901825,0.2230520397424698
medium_40f_stride20:b750fab3-7fbb-43a0-b451-c64c4d4a64da__ep1:qa:211,b750fab3-7fbb-43a0-b451-c64c4d4a64da__ep1,ep1,test,4460,4499,0.0,10.974959373474121,0.2123742550611496,0.369546115398407,0.4587208330631256
medium_40f_stride20:b750fab3-7fbb-43a0-b451-c64c4d4a64da__ep1:qa:212,b750fab3-7fbb-43a0-b451-c64c4d4a64da__ep1,ep1,test,4480,4519,0.0,5.79600191116333,0.11799173802137375,0.19516153633594513,0.27149882912635803
medium_40f_stride20:b750fab3-7fbb-43a0-b451-c64c4d4a64da__ep1:qa:213,b750fab3-7fbb-43a0-b451-c64c4d4a64da__ep1,ep1,test,4500,4539,0.0,9.952598571777344,0.22601526975631714,0.33512142300605774,0.4746186137199402
medium_40f_stride20:b750fab3-7fbb-43a0-b451-c64c4d4a64da__ep1:qa:214,b750fab3-7fbb-43a0-b451-c64c4d4a64da__ep1,ep1,test,4520,4559,0.0,7.7231011390686035,0.1908169686794281,0.26005035638809204,0.37305358052253723
medium_40f_stride20:b750fab3-7fbb-43a0-b451-c64c4d4a64da__ep1:qa:227,b750fab3-7fbb-43a0-b451-c64c4d4a64da__ep1,ep1,test,4800,4839,0.0,4.586750507354736,0.07956168055534363,0.1544439196586609,0.1822969615459442
medium_40f_stride20:b750fab3-7fbb-43a0-b451-c64c4d4a64da__ep1:qa:228,b750fab3-7fbb-43a0-b451-c64c4d4a64da__ep1,ep1,test,4820,4859,0.0,6.041233062744141,0.12263309955596924,0.20341888070106506,0.2523389160633087
medium_40f_stride20:b750fab3-7fbb-43a0-b451-c64c4d4a64da__ep1:qa:229,b750fab3-7fbb-43a0-b451-c64c4d4a64da__ep1,ep1,test,4840,4879,0.0,7.666886329650879,0.1245579645037651,0.25815749168395996,0.3107915222644806
medium_40f_stride20:b750fab3-7fbb-43a0-b451-c64c4d4a64da__ep1:qa:230,b750fab3-7fbb-43a0-b451-c64c4d4a64da__ep1,ep1,test,4860,4899,0.0,4.290785312652588,0.08715644478797913,0.14447826147079468,0.17759829759597778
medium_40f_stride20:b750fab3-7fbb-43a0-b451-c64c4d4a64da__ep1:qa:231,b750fab3-7fbb-43a0-b451-c64c4d4a64da__ep1,ep1,test,4880,4919,31.964447021484375,5.494105339050293,0.7565283179283142,1.043290615081787,1.5409797430038452
medium_40f_stride20:b750fab3-7fbb-43a0-b451-c64c4d4a64da__ep1:qa:232,b750fab3-7fbb-43a0-b451-c64c4d4a64da__ep1,ep1,test,4920,4959,31.50127601623535,3.222729444503784,0.6391559839248657,1.0584404468536377,1.2133699655532837
medium_40f_stride20:b750fab3-7fbb-43a0-b451-c64c4d4a64da__ep1:qa:233,b750fab3-7fbb-43a0-b451-c64c4d4a64da__ep1,ep1,test,4940,4979,31.427274703979492,8.26059341430664,0.5788102149963379,1.0129292011260986,1.197751760482788
medium_40f_stride20:b750fab3-7fbb-43a0-b451-c64c4d4a64da__ep1:qa:234,b750fab3-7fbb-43a0-b451-c64c4d4a64da__ep1,ep1,test,4960,4999,31.520523071289062,5.25575590133667,0.6214380860328674,1.0385477542877197,1.2225879430770874
medium_40f_stride20:b750fab3-7fbb-43a0-b451-c64c4d4a64da__ep1:qa:235,b750fab3-7fbb-43a0-b451-c64c4d4a64da__ep1,ep1,test,5000,5039,31.658119201660156,23.425029754638672,0.26501262187957764,0.430901437997818,0.517559826374054
medium_40f_stride20:b750fab3-7fbb-43a0-b451-c64c4d4a64da__ep1:qa:236,b750fab3-7fbb-43a0-b451-c64c4d4a64da__ep1,ep1,test,5020,5059,31.322050094604492,21.485401153564453,0.22107116878032684,0.42171207070350647,0.5270199775695801
medium_40f_stride20:b750fab3-7fbb-43a0-b451-c64c4d4a64da__ep1:qa:237,b750fab3-7fbb-43a0-b451-c64c4d4a64da__ep1,ep1,test,5040,5079,30.7510986328125,20.244247436523438,0.2259192019701004,0.4364868104457855,0.5329844355583191
medium_40f_stride20:b750fab3-7fbb-43a0-b451-c64c4d4a64da__ep1:qa:238,b750fab3-7fbb-43a0-b451-c64c4d4a64da__ep1,ep1,test,5060,5099,30.7510986328125,15.138508796691895,0.34293419122695923,0.6422144770622253,0.77105712890625
medium_40f_stride20:b750fab3-7fbb-43a0-b451-c64c4d4a64da__ep1:qa:239,b750fab3-7fbb-43a0-b451-c64c4d4a64da__ep1,ep1,test,5080,5119,31.333173751831055,22.018037796020508,0.18332649767398834,0.3844620883464813,0.45598888397216797
medium_40f_stride20:b750fab3-7fbb-43a0-b451-c64c4d4a64da__ep1:qa:240,b750fab3-7fbb-43a0-b451-c64c4d4a64da__ep1,ep1,test,5100,5139,31.333173751831055,18.153806686401367,0.2782377600669861,0.5364600419998169,0.6266924738883972
medium_40f_stride20:b750fab3-7fbb-43a0-b451-c64c4d4a64da__ep1:qa:241,b750fab3-7fbb-43a0-b451-c64c4d4a64da__ep1,ep1,test,5120,5159,31.484149932861328,10.966891288757324,0.46086564660072327,0.8067065477371216,0.9324938654899597
medium_40f_stride20:877779cd-25f3-4293-a3c4-39067dd9558c__ep4:qa:0,877779cd-25f3-4293-a3c4-39067dd9558c__ep4,ep4,test,0,39,10.039432525634766,11.207362174987793,0.21357408165931702,0.3527802526950836,0.4899269640445709
medium_40f_stride20:877779cd-25f3-4293-a3c4-39067dd9558c__ep4:qa:1,877779cd-25f3-4293-a3c4-39067dd9558c__ep4,ep4,test,20,59,0.0,10.905183792114258,0.1959134191274643,0.36719661951065063,0.45095112919807434
medium_40f_stride20:877779cd-25f3-4293-a3c4-39067dd9558c__ep4:qa:2,877779cd-25f3-4293-a3c4-39067dd9558c__ep4,ep4,test,40,79,0.0,10.89951229095459,0.191690593957901,0.36700567603111267,0.44428175687789917
medium_40f_stride20:877779cd-25f3-4293-a3c4-39067dd9558c__ep4:qa:3,877779cd-25f3-4293-a3c4-39067dd9558c__ep4,ep4,test,60,99,0.0,11.765789985656738,0.1945885270833969,0.3961747884750366,0.4728512465953827
medium_40f_stride20:877779cd-25f3-4293-a3c4-39067dd9558c__ep4:qa:4,877779cd-25f3-4293-a3c4-39067dd9558c__ep4,ep4,test,80,119,0.0,3.124382495880127,0.06365317106246948,0.10520343482494354,0.1459459364414215
medium_40f_stride20:877779cd-25f3-4293-a3c4-39067dd9558c__ep4:qa:5,877779cd-25f3-4293-a3c4-39067dd9558c__ep4,ep4,test,100,139,0.0,2.9786269664764404,0.06375826150178909,0.10029558092355728,0.13989050686359406
medium_40f_stride20:877779cd-25f3-4293-a3c4-39067dd9558c__ep4:qa:6,877779cd-25f3-4293-a3c4-39067dd9558c__ep4,ep4,test,120,159,0.0,2.9812827110290527,0.04870017245411873,0.10038501024246216,0.12251266092061996
medium_40f_stride20:877779cd-25f3-4293-a3c4-39067dd9558c__ep4:qa:7,877779cd-25f3-4293-a3c4-39067dd9558c__ep4,ep4,test,140,179,0.0,1.5853577852249146,0.030207831412553787,0.053381770849227905,0.07109273225069046
medium_40f_stride20:877779cd-25f3-4293-a3c4-39067dd9558c__ep4:qa:8,877779cd-25f3-4293-a3c4-39067dd9558c__ep4,ep4,test,160,199,0.0,1.9272462129592896,0.04225236549973488,0.06489375233650208,0.08885450661182404
medium_40f_stride20:877779cd-25f3-4293-a3c4-39067dd9558c__ep4:qa:9,877779cd-25f3-4293-a3c4-39067dd9558c__ep4,ep4,test,180,219,0.0,1.5471924543380737,0.026983337476849556,0.05209667608141899,0.0649338960647583
medium_40f_stride20:877779cd-25f3-4293-a3c4-39067dd9558c__ep4:qa:19,877779cd-25f3-4293-a3c4-39067dd9558c__ep4,ep4,test,400,439,10.859198570251465,10.474858283996582,0.06702935695648193,0.10124331712722778,0.13269102573394775
medium_40f_stride20:877779cd-25f3-4293-a3c4-39067dd9558c__ep4:qa:20,877779cd-25f3-4293-a3c4-39067dd9558c__ep4,ep4,test,420,459,10.87053394317627,10.650883674621582,0.1146443709731102,0.15795980393886566,0.2246641367673874
medium_40f_stride20:877779cd-25f3-4293-a3c4-39067dd9558c__ep4:qa:21,877779cd-25f3-4293-a3c4-39067dd9558c__ep4,ep4,test,440,479,10.85344409942627,11.041882514953613,0.08973295986652374,0.12561222910881042,0.17867621779441833
medium_40f_stride20:877779cd-25f3-4293-a3c4-39067dd9558c__ep4:qa:22,877779cd-25f3-4293-a3c4-39067dd9558c__ep4,ep4,test,460,499,10.858643531799316,11.935935020446777,0.09161382168531418,0.13391774892807007,0.17750504612922668
medium_40f_stride20:877779cd-25f3-4293-a3c4-39067dd9558c__ep4:qa:23,877779cd-25f3-4293-a3c4-39067dd9558c__ep4,ep4,test,480,519,10.82979965209961,11.23973560333252,0.08032051473855972,0.12276707589626312,0.15803919732570648
medium_40f_stride20:877779cd-25f3-4293-a3c4-39067dd9558c__ep4:qa:24,877779cd-25f3-4293-a3c4-39067dd9558c__ep4,ep4,test,500,539,11.085529327392578,11.314653396606445,0.20308652520179749,0.3172166049480438,0.434010773897171
medium_40f_stride20:877779cd-25f3-4293-a3c4-39067dd9558c__ep4:qa:25,877779cd-25f3-4293-a3c4-39067dd9558c__ep4,ep4,test,520,559,10.28470516204834,11.586557388305664,0.22611959278583527,0.35934561491012573,0.502842903137207
medium_40f_stride20:877779cd-25f3-4293-a3c4-39067dd9558c__ep4:qa:26,877779cd-25f3-4293-a3c4-39067dd9558c__ep4,ep4,test,540,579,10.28470516204834,11.5838623046875,0.22447437047958374,0.35754743218421936,0.49838754534721375
medium_40f_stride20:877779cd-25f3-4293-a3c4-39067dd9558c__ep4:qa:27,877779cd-25f3-4293-a3c4-39067dd9558c__ep4,ep4,test,560,599,0.0,7.037360191345215,0.12454922497272491,0.2369602471590042,0.2942527234554291
medium_40f_stride20:877779cd-25f3-4293-a3c4-39067dd9558c__ep4:qa:28,877779cd-25f3-4293-a3c4-39067dd9558c__ep4,ep4,test,580,619,0.0,10.0712308883667,0.17524276673793793,0.3391159772872925,0.41946113109588623
medium_40f_stride20:877779cd-25f3-4293-a3c4-39067dd9558c__ep4:qa:48,877779cd-25f3-4293-a3c4-39067dd9558c__ep4,ep4,test,1000,1039,0.0,7.1837158203125,0.1257144808769226,0.24188829958438873,0.2930658161640167
medium_40f_stride20:877779cd-25f3-4293-a3c4-39067dd9558c__ep4:qa:49,877779cd-25f3-4293-a3c4-39067dd9558c__ep4,ep4,test,1020,1059,0.0,0.6101013422012329,0.014508731663227081,0.020543180406093597,0.027823731303215027
medium_40f_stride20:877779cd-25f3-4293-a3c4-39067dd9558c__ep4:qa:50,877779cd-25f3-4293-a3c4-39067dd9558c__ep4,ep4,test,1040,1079,0.0,0.7586457133293152,0.016061468049883842,0.02554493211209774,0.032473381608724594
medium_40f_stride20:877779cd-25f3-4293-a3c4-39067dd9558c__ep4:qa:51,877779cd-25f3-4293-a3c4-39067dd9558c__ep4,ep4,test,1060,1099,0.0,5.90916109085083,0.10590599477291107,0.19897180795669556,0.2413976490497589
medium_40f_stride20:877779cd-25f3-4293-a3c4-39067dd9558c__ep4:qa:52,877779cd-25f3-4293-a3c4-39067dd9558c__ep4,ep4,test,1080,1119,0.0,4.9305315017700195,0.08121407777070999,0.16601961851119995,0.19827353954315186
medium_40f_stride20:877779cd-25f3-4293-a3c4-39067dd9558c__ep4:qa:53,877779cd-25f3-4293-a3c4-39067dd9558c__ep4,ep4,test,1100,1139,0.0,2.5306785106658936,0.0426916629076004,0.08521237969398499,0.10387957096099854
medium_40f_stride20:877779cd-25f3-4293-a3c4-39067dd9558c__ep4:qa:54,877779cd-25f3-4293-a3c4-39067dd9558c__ep4,ep4,test,1120,1159,0.0,3.339508295059204,0.06410261243581772,0.112447090446949,0.1425371766090393
medium_40f_stride20:877779cd-25f3-4293-a3c4-39067dd9558c__ep4:qa:55,877779cd-25f3-4293-a3c4-39067dd9558c__ep4,ep4,test,1140,1179,0.0,2.015120029449463,0.03886810690164566,0.06785262376070023,0.08446328341960907
medium_40f_stride20:877779cd-25f3-4293-a3c4-39067dd9558c__ep4:qa:56,877779cd-25f3-4293-a3c4-39067dd9558c__ep4,ep4,test,1160,1199,0.0,4.636410236358643,0.07825221121311188,0.1561160534620285,0.18572817742824554
medium_40f_stride20:877779cd-25f3-4293-a3c4-39067dd9558c__ep4:qa:57,877779cd-25f3-4293-a3c4-39067dd9558c__ep4,ep4,test,1180,1219,0.0,5.65130090713501,0.08912219852209091,0.1902891993522644,0.22488045692443848
medium_40f_stride20:877779cd-25f3-4293-a3c4-39067dd9558c__ep4:qa:67,877779cd-25f3-4293-a3c4-39067dd9558c__ep4,ep4,test,1400,1439,0.0,14.564432144165039,0.28992775082588196,0.4904099404811859,0.6825984716415405
medium_40f_stride20:877779cd-25f3-4293-a3c4-39067dd9558c__ep4:qa:68,877779cd-25f3-4293-a3c4-39067dd9558c__ep4,ep4,test,1420,1459,0.0,14.346155166625977,0.2711334824562073,0.48306018114089966,0.652265727519989
medium_40f_stride20:877779cd-25f3-4293-a3c4-39067dd9558c__ep4:qa:69,877779cd-25f3-4293-a3c4-39067dd9558c__ep4,ep4,test,1440,1479,0.0,10.993518829345703,0.2136380970478058,0.37017104029655457,0.49278050661087036
medium_40f_stride20:877779cd-25f3-4293-a3c4-39067dd9558c__ep4:qa:70,877779cd-25f3-4293-a3c4-39067dd9558c__ep4,ep4,test,1460,1499,0.0,6.040347099304199,0.10390470176935196,0.20338906347751617,0.24289381504058838
medium_40f_stride20:877779cd-25f3-4293-a3c4-39067dd9558c__ep4:qa:71,877779cd-25f3-4293-a3c4-39067dd9558c__ep4,ep4,test,1480,1519,0.0,10.522664070129395,0.20474520325660706,0.3543165326118469,0.4718655049800873
medium_40f_stride20:877779cd-25f3-4293-a3c4-39067dd9558c__ep4:qa:72,877779cd-25f3-4293-a3c4-39067dd9558c__ep4,ep4,test,1500,1539,0.0,7.4789886474609375,0.13957880437374115,0.25183066725730896,0.31665584444999695
medium_40f_stride20:877779cd-25f3-4293-a3c4-39067dd9558c__ep4:qa:73,877779cd-25f3-4293-a3c4-39067dd9558c__ep4,ep4,test,1520,1559,0.0,8.215394973754883,0.15311838686466217,0.27662673592567444,0.3479014039039612
medium_40f_stride20:877779cd-25f3-4293-a3c4-39067dd9558c__ep4:qa:74,877779cd-25f3-4293-a3c4-39067dd9558c__ep4,ep4,test,1540,1579,0.0,9.851288795471191,0.19943130016326904,0.33171015977859497,0.4569869339466095
medium_40f_stride20:877779cd-25f3-4293-a3c4-39067dd9558c__ep4:qa:75,877779cd-25f3-4293-a3c4-39067dd9558c__ep4,ep4,test,1560,1599,0.0,6.120979309082031,0.10532017052173615,0.2061040699481964,0.25010576844215393
medium_40f_stride20:877779cd-25f3-4293-a3c4-39067dd9558c__ep4:qa:76,877779cd-25f3-4293-a3c4-39067dd9558c__ep4,ep4,test,1580,1619,0.0,7.742604732513428,0.13978654146194458,0.2607070803642273,0.32282835245132446
medium_40f_stride20:877779cd-25f3-4293-a3c4-39067dd9558c__ep4:qa:96,877779cd-25f3-4293-a3c4-39067dd9558c__ep4,ep4,test,2000,2039,0.0,5.7716145515441895,0.09890896826982498,0.19434037804603577,0.22905850410461426
medium_40f_stride20:877779cd-25f3-4293-a3c4-39067dd9558c__ep4:qa:97,877779cd-25f3-4293-a3c4-39067dd9558c__ep4,ep4,test,2020,2059,0.0,1.2555420398712158,0.027516039088368416,0.042276300489902496,0.05329412594437599
medium_40f_stride20:877779cd-25f3-4293-a3c4-39067dd9558c__ep4:qa:98,877779cd-25f3-4293-a3c4-39067dd9558c__ep4,ep4,test,2040,2079,0.0,1.510628581047058,0.03639357537031174,0.05086550861597061,0.07106339931488037
medium_40f_stride20:877779cd-25f3-4293-a3c4-39067dd9558c__ep4:qa:99,877779cd-25f3-4293-a3c4-39067dd9558c__ep4,ep4,test,2060,2099,0.0,3.726591110229492,0.057603541761636734,0.12548084557056427,0.15078599750995636
medium_40f_stride20:877779cd-25f3-4293-a3c4-39067dd9558c__ep4:qa:100,877779cd-25f3-4293-a3c4-39067dd9558c__ep4,ep4,test,2080,2119,0.0,9.279129981994629,0.19213443994522095,0.3124445378780365,0.4212794303894043
medium_40f_stride20:877779cd-25f3-4293-a3c4-39067dd9558c__ep4:qa:101,877779cd-25f3-4293-a3c4-39067dd9558c__ep4,ep4,test,2100,2139,0.0,4.369196891784668,0.09191475808620453,0.14711850881576538,0.19204021990299225
medium_40f_stride20:877779cd-25f3-4293-a3c4-39067dd9558c__ep4:qa:102,877779cd-25f3-4293-a3c4-39067dd9558c__ep4,ep4,test,2120,2159,0.0,5.447751045227051,0.10946270078420639,0.18343530595302582,0.2318853735923767
medium_40f_stride20:877779cd-25f3-4293-a3c4-39067dd9558c__ep4:qa:103,877779cd-25f3-4293-a3c4-39067dd9558c__ep4,ep4,test,2160,2199,0.0,4.741612911224365,0.0834672749042511,0.15965840220451355,0.18974719941616058
medium_40f_stride20:877779cd-25f3-4293-a3c4-39067dd9558c__ep4:qa:104,877779cd-25f3-4293-a3c4-39067dd9558c__ep4,ep4,test,2180,2219,0.0,0.9100181460380554,0.019430141896009445,0.03064190223813057,0.03987516835331917
medium_40f_stride20:877779cd-25f3-4293-a3c4-39067dd9558c__ep4:qa:105,877779cd-25f3-4293-a3c4-39067dd9558c__ep4,ep4,test,2200,2239,0.0,2.309638500213623,0.042304638773202896,0.07776957005262375,0.09501758962869644
medium_40f_stride20:877779cd-25f3-4293-a3c4-39067dd9558c__ep4:qa:106,877779cd-25f3-4293-a3c4-39067dd9558c__ep4,ep4,test,2220,2259,0.0,6.790228366851807,0.11427304893732071,0.22863887250423431,0.2787953019142151
medium_40f_stride20:877779cd-25f3-4293-a3c4-39067dd9558c__ep4:qa:107,877779cd-25f3-4293-a3c4-39067dd9558c__ep4,ep4,test,2240,2279,0.0,8.063960075378418,0.13699598610401154,0.27152764797210693,0.32292675971984863
medium_40f_stride20:877779cd-25f3-4293-a3c4-39067dd9558c__ep4:qa:108,877779cd-25f3-4293-a3c4-39067dd9558c__ep4,ep4,test,2260,2299,0.0,7.617768287658691,0.1601647287607193,0.2565036118030548,0.3488253951072693
medium_40f_stride20:877779cd-25f3-4293-a3c4-39067dd9558c__ep4:qa:109,877779cd-25f3-4293-a3c4-39067dd9558c__ep4,ep4,test,2280,2319,0.0,5.226646900177002,0.12209238857030869,0.17599035799503326,0.23775866627693176
medium_40f_stride20:877779cd-25f3-4293-a3c4-39067dd9558c__ep4:qa:110,877779cd-25f3-4293-a3c4-39067dd9558c__ep4,ep4,test,2300,2339,0.0,6.703029155731201,0.11898926645517349,0.22570271790027618,0.2842297852039337
medium_40f_stride20:877779cd-25f3-4293-a3c4-39067dd9558c__ep4:qa:111,877779cd-25f3-4293-a3c4-39067dd9558c__ep4,ep4,test,2320,2359,0.0,5.884559631347656,0.10395918786525726,0.19814340770244598,0.248213991522789
medium_40f_stride20:877779cd-25f3-4293-a3c4-39067dd9558c__ep4:qa:112,877779cd-25f3-4293-a3c4-39067dd9558c__ep4,ep4,test,2340,2379,0.0,9.222326278686523,0.1483050137758255,0.310531884431839,0.37458792328834534
medium_40f_stride20:877779cd-25f3-4293-a3c4-39067dd9558c__ep4:qa:114,877779cd-25f3-4293-a3c4-39067dd9558c__ep4,ep4,test,2400,2439,0.0,6.433622360229492,0.10128950327634811,0.21663133800029755,0.2570313811302185
medium_40f_stride20:877779cd-25f3-4293-a3c4-39067dd9558c__ep4:qa:115,877779cd-25f3-4293-a3c4-39067dd9558c__ep4,ep4,test,2420,2459,0.0,5.586274147033691,0.08949194848537445,0.18809963762760162,0.22379790246486664
medium_40f_stride20:877779cd-25f3-4293-a3c4-39067dd9558c__ep4:qa:116,877779cd-25f3-4293-a3c4-39067dd9558c__ep4,ep4,test,2440,2479,0.0,6.232085704803467,0.10331826657056808,0.20984525978565216,0.2518754303455353
medium_40f_stride20:877779cd-25f3-4293-a3c4-39067dd9558c__ep4:qa:117,877779cd-25f3-4293-a3c4-39067dd9558c__ep4,ep4,test,2460,2499,0.0,10.202547073364258,0.17985183000564575,0.3435376286506653,0.41763439774513245
medium_40f_stride20:877779cd-25f3-4293-a3c4-39067dd9558c__ep4:qa:118,877779cd-25f3-4293-a3c4-39067dd9558c__ep4,ep4,test,2480,2519,0.0,12.643932342529297,0.19822852313518524,0.42574334144592285,0.509906530380249
medium_40f_stride20:877779cd-25f3-4293-a3c4-39067dd9558c__ep4:qa:119,877779cd-25f3-4293-a3c4-39067dd9558c__ep4,ep4,test,2500,2539,0.0,13.379220008850098,0.23847688734531403,0.45050179958343506,0.5366887450218201
medium_40f_stride20:877779cd-25f3-4293-a3c4-39067dd9558c__ep4:qa:120,877779cd-25f3-4293-a3c4-39067dd9558c__ep4,ep4,test,2520,2559,0.0,8.143420219421387,0.13857078552246094,0.27420324087142944,0.3273448944091797
medium_40f_stride20:877779cd-25f3-4293-a3c4-39067dd9558c__ep4:qa:121,877779cd-25f3-4293-a3c4-39067dd9558c__ep4,ep4,test,2540,2579,0.0,3.8838844299316406,0.05725003033876419,0.13077719509601593,0.15293645858764648
medium_40f_stride20:877779cd-25f3-4293-a3c4-39067dd9558c__ep4:qa:122,877779cd-25f3-4293-a3c4-39067dd9558c__ep4,ep4,test,2560,2599,0.0,9.059626579284668,0.15719076991081238,0.3050535023212433,0.35953643918037415
medium_40f_stride20:877779cd-25f3-4293-a3c4-39067dd9558c__ep4:qa:123,877779cd-25f3-4293-a3c4-39067dd9558c__ep4,ep4,test,2580,2619,0.0,8.365731239318848,0.13967715203762054,0.2816888391971588,0.3355559706687927
medium_40f_stride20:877779cd-25f3-4293-a3c4-39067dd9558c__ep4:qa:143,877779cd-25f3-4293-a3c4-39067dd9558c__ep4,ep4,test,3000,3039,0.0,3.748358726501465,0.07568665593862534,0.12621380388736725,0.16131430864334106
medium_40f_stride20:877779cd-25f3-4293-a3c4-39067dd9558c__ep4:qa:144,877779cd-25f3-4293-a3c4-39067dd9558c__ep4,ep4,test,3020,3059,0.0,6.158278942108154,0.10771812498569489,0.20736004412174225,0.2516489326953888
medium_40f_stride20:877779cd-25f3-4293-a3c4-39067dd9558c__ep4:qa:145,877779cd-25f3-4293-a3c4-39067dd9558c__ep4,ep4,test,3040,3079,0.0,4.386007785797119,0.08357036858797073,0.14768455922603607,0.1899007111787796
medium_40f_stride20:877779cd-25f3-4293-a3c4-39067dd9558c__ep4:qa:146,877779cd-25f3-4293-a3c4-39067dd9558c__ep4,ep4,test,3060,3099,0.0,5.457158088684082,0.09277207404375076,0.18375208973884583,0.21863031387329102
medium_40f_stride20:877779cd-25f3-4293-a3c4-39067dd9558c__ep4:qa:147,877779cd-25f3-4293-a3c4-39067dd9558c__ep4,ep4,test,3080,3119,0.0,11.432435989379883,0.18385016918182373,0.3849501311779022,0.4530443549156189
medium_40f_stride20:877779cd-25f3-4293-a3c4-39067dd9558c__ep4:qa:148,877779cd-25f3-4293-a3c4-39067dd9558c__ep4,ep4,test,3100,3139,0.0,13.976062774658203,0.22267891466617584,0.4705984890460968,0.5722506642341614
medium_40f_stride20:877779cd-25f3-4293-a3c4-39067dd9558c__ep4:qa:149,877779cd-25f3-4293-a3c4-39067dd9558c__ep4,ep4,test,3120,3159,0.0,12.819160461425781,0.21831701695919037,0.4316435754299164,0.510878324508667
medium_40f_stride20:877779cd-25f3-4293-a3c4-39067dd9558c__ep4:qa:150,877779cd-25f3-4293-a3c4-39067dd9558c__ep4,ep4,test,3140,3179,0.0,2.515666961669922,0.04696765914559364,0.08470690995454788,0.1016031801700592
medium_40f_stride20:877779cd-25f3-4293-a3c4-39067dd9558c__ep4:qa:151,877779cd-25f3-4293-a3c4-39067dd9558c__ep4,ep4,test,3160,3199,0.0,3.174124002456665,0.062637098133564,0.10687831789255142,0.12762613594532013
medium_40f_stride20:877779cd-25f3-4293-a3c4-39067dd9558c__ep4:qa:152,877779cd-25f3-4293-a3c4-39067dd9558c__ep4,ep4,test,3180,3219,0.0,10.93524169921875,0.18087777495384216,0.36820873618125916,0.43696174025535583
medium_40f_stride20:877779cd-25f3-4293-a3c4-39067dd9558c__ep4:qa:162,877779cd-25f3-4293-a3c4-39067dd9558c__ep4,ep4,test,3400,3439,14.613200187683105,12.318421363830566,0.11133080720901489,0.1935078203678131,0.23054826259613037
medium_40f_stride20:877779cd-25f3-4293-a3c4-39067dd9558c__ep4:qa:163,877779cd-25f3-4293-a3c4-39067dd9558c__ep4,ep4,test,3420,3459,14.615263938903809,12.364947319030762,0.10098275542259216,0.20415098965168,0.24415172636508942
medium_40f_stride20:877779cd-25f3-4293-a3c4-39067dd9558c__ep4:qa:164,877779cd-25f3-4293-a3c4-39067dd9558c__ep4,ep4,test,3440,3479,14.613947868347168,13.205621719360352,0.06561630219221115,0.14609141647815704,0.17114320397377014
medium_40f_stride20:877779cd-25f3-4293-a3c4-39067dd9558c__ep4:qa:165,877779cd-25f3-4293-a3c4-39067dd9558c__ep4,ep4,test,3460,3499,14.608120918273926,13.00070858001709,0.070097416639328,0.14653241634368896,0.1716647446155548
medium_40f_stride20:877779cd-25f3-4293-a3c4-39067dd9558c__ep4:qa:166,877779cd-25f3-4293-a3c4-39067dd9558c__ep4,ep4,test,3480,3519,15.452170372009277,13.188865661621094,0.2935786545276642,0.43033745884895325,0.5955796837806702
medium_40f_stride20:877779cd-25f3-4293-a3c4-39067dd9558c__ep4:qa:167,877779cd-25f3-4293-a3c4-39067dd9558c__ep4,ep4,test,3500,3539,15.452170372009277,13.123276710510254,0.29134148359298706,0.4278271496295929,0.5912280678749084
medium_40f_stride20:877779cd-25f3-4293-a3c4-39067dd9558c__ep4:qa:168,877779cd-25f3-4293-a3c4-39067dd9558c__ep4,ep4,test,3520,3559,13.557863235473633,12.774019241333008,0.2816319167613983,0.426758348941803,0.6053439378738403
medium_40f_stride20:877779cd-25f3-4293-a3c4-39067dd9558c__ep4:qa:169,877779cd-25f3-4293-a3c4-39067dd9558c__ep4,ep4,test,3540,3579,13.557863235473633,12.667448997497559,0.2778397500514984,0.4262503981590271,0.6032409071922302
medium_40f_stride20:877779cd-25f3-4293-a3c4-39067dd9558c__ep4:qa:170,877779cd-25f3-4293-a3c4-39067dd9558c__ep4,ep4,test,3560,3599,0.0,12.882950782775879,0.21455694735050201,0.43379151821136475,0.4990353286266327
medium_40f_stride20:877779cd-25f3-4293-a3c4-39067dd9558c__ep4:qa:191,877779cd-25f3-4293-a3c4-39067dd9558c__ep4,ep4,test,4000,4039,13.92992877960205,11.58973217010498,0.1620563566684723,0.24829474091529846,0.3060968518257141
medium_40f_stride20:877779cd-25f3-4293-a3c4-39067dd9558c__ep4:qa:192,877779cd-25f3-4293-a3c4-39067dd9558c__ep4,ep4,test,4020,4059,13.990127563476562,11.029518127441406,0.15931272506713867,0.24174213409423828,0.3003629446029663
medium_40f_stride20:877779cd-25f3-4293-a3c4-39067dd9558c__ep4:qa:193,877779cd-25f3-4293-a3c4-39067dd9558c__ep4,ep4,test,4040,4079,13.687685012817383,1.3145394325256348,0.2554926574230194,0.4251750409603119,0.4895319640636444
medium_40f_stride20:877779cd-25f3-4293-a3c4-39067dd9558c__ep4:qa:194,877779cd-25f3-4293-a3c4-39067dd9558c__ep4,ep4,test,4060,4099,13.381721496582031,11.430015563964844,0.13130660355091095,0.20178905129432678,0.2505674362182617
medium_40f_stride20:877779cd-25f3-4293-a3c4-39067dd9558c__ep4:qa:195,877779cd-25f3-4293-a3c4-39067dd9558c__ep4,ep4,test,4080,4119,13.536489486694336,11.842463493347168,0.10934769362211227,0.18110543489456177,0.21963749825954437
medium_40f_stride20:877779cd-25f3-4293-a3c4-39067dd9558c__ep4:qa:196,877779cd-25f3-4293-a3c4-39067dd9558c__ep4,ep4,test,4100,4139,13.635357856750488,11.666410446166992,0.11605341732501984,0.18385693430900574,0.22338713705539703
medium_40f_stride20:877779cd-25f3-4293-a3c4-39067dd9558c__ep4:qa:197,877779cd-25f3-4293-a3c4-39067dd9558c__ep4,ep4,test,4120,4159,13.646514892578125,11.050521850585938,0.12088430672883987,0.18677018582820892,0.22973698377609253
medium_40f_stride20:877779cd-25f3-4293-a3c4-39067dd9558c__ep4:qa:198,877779cd-25f3-4293-a3c4-39067dd9558c__ep4,ep4,test,4140,4179,13.646514892578125,12.467191696166992,0.10041331499814987,0.15646670758724213,0.18872900307178497
medium_40f_stride20:877779cd-25f3-4293-a3c4-39067dd9558c__ep4:qa:199,877779cd-25f3-4293-a3c4-39067dd9558c__ep4,ep4,test,4160,4199,13.7039794921875,10.131196022033691,0.12647752463817596,0.20228397846221924,0.24208737909793854
medium_40f_stride20:877779cd-25f3-4293-a3c4-39067dd9558c__ep4:qa:200,877779cd-25f3-4293-a3c4-39067dd9558c__ep4,ep4,test,4180,4219,13.7039794921875,7.858089923858643,0.16506803035736084,0.2601679265499115,0.3092455267906189
medium_40f_stride20:1796b943-caad-43c6-b9bd-80b8d601f37d__ep1:qa:0,1796b943-caad-43c6-b9bd-80b8d601f37d__ep1,ep1,test,0,39,0.0,7.737733364105225,0.1797056943178177,0.2605430483818054,0.32940027117729187
medium_40f_stride20:1796b943-caad-43c6-b9bd-80b8d601f37d__ep1:qa:1,1796b943-caad-43c6-b9bd-80b8d601f37d__ep1,ep1,test,20,59,0.0,9.19957160949707,0.2136079967021942,0.30976569652557373,0.3849506974220276
medium_40f_stride20:1796b943-caad-43c6-b9bd-80b8d601f37d__ep1:qa:2,1796b943-caad-43c6-b9bd-80b8d601f37d__ep1,ep1,test,40,79,0.0,9.180429458618164,0.21307533979415894,0.30912113189697266,0.40127378702163696
medium_40f_stride20:1796b943-caad-43c6-b9bd-80b8d601f37d__ep1:qa:3,1796b943-caad-43c6-b9bd-80b8d601f37d__ep1,ep1,test,60,99,0.0,5.588947772979736,0.12532612681388855,0.18818965554237366,0.2587307095527649
medium_40f_stride20:1796b943-caad-43c6-b9bd-80b8d601f37d__ep1:qa:4,1796b943-caad-43c6-b9bd-80b8d601f37d__ep1,ep1,test,80,119,0.0,8.165376663208008,0.16951341927051544,0.2749425172805786,0.3383331596851349
medium_40f_stride20:1796b943-caad-43c6-b9bd-80b8d601f37d__ep1:qa:5,1796b943-caad-43c6-b9bd-80b8d601f37d__ep1,ep1,test,100,139,0.0,7.208086967468262,0.13313598930835724,0.24270892143249512,0.30703672766685486
medium_40f_stride20:1796b943-caad-43c6-b9bd-80b8d601f37d__ep1:qa:6,1796b943-caad-43c6-b9bd-80b8d601f37d__ep1,ep1,test,120,159,0.0,4.583690166473389,0.09705465286970139,0.15434089303016663,0.20610174536705017
medium_40f_stride20:1796b943-caad-43c6-b9bd-80b8d601f37d__ep1:qa:7,1796b943-caad-43c6-b9bd-80b8d601f37d__ep1,ep1,test,140,179,0.0,4.579593181610107,0.09849387407302856,0.1542029231786728,0.1970582902431488
medium_40f_stride20:1796b943-caad-43c6-b9bd-80b8d601f37d__ep1:qa:8,1796b943-caad-43c6-b9bd-80b8d601f37d__ep1,ep1,test,160,199,0.0,4.440771102905273,0.10120882838964462,0.14952853322029114,0.20727762579917908
medium_40f_stride20:1796b943-caad-43c6-b9bd-80b8d601f37d__ep1:qa:9,1796b943-caad-43c6-b9bd-80b8d601f37d__ep1,ep1,test,200,239,0.0,3.294121742248535,0.06928864121437073,0.11091884970664978,0.13892661035060883
medium_40f_stride20:1796b943-caad-43c6-b9bd-80b8d601f37d__ep1:qa:10,1796b943-caad-43c6-b9bd-80b8d601f37d__ep1,ep1,test,220,259,0.0,3.346801996231079,0.06115575134754181,0.112692691385746,0.134352907538414
medium_40f_stride20:1796b943-caad-43c6-b9bd-80b8d601f37d__ep1:qa:11,1796b943-caad-43c6-b9bd-80b8d601f37d__ep1,ep1,test,240,279,0.0,10.141698837280273,0.21326109766960144,0.3414887487888336,0.42762377858161926
medium_40f_stride20:1796b943-caad-43c6-b9bd-80b8d601f37d__ep1:qa:12,1796b943-caad-43c6-b9bd-80b8d601f37d__ep1,ep1,test,260,299,0.0,10.67461109161377,0.22062353789806366,0.3594328761100769,0.4459138810634613
medium_40f_stride20:1796b943-caad-43c6-b9bd-80b8d601f37d__ep1:qa:13,1796b943-caad-43c6-b9bd-80b8d601f37d__ep1,ep1,test,280,319,0.0,6.889865875244141,0.14372476935386658,0.23199383914470673,0.2817763686180115
medium_40f_stride20:1796b943-caad-43c6-b9bd-80b8d601f37d__ep1:qa:14,1796b943-caad-43c6-b9bd-80b8d601f37d__ep1,ep1,test,300,339,0.0,10.522364616394043,0.1939030885696411,0.3543064594268799,0.43842050433158875
medium_40f_stride20:1796b943-caad-43c6-b9bd-80b8d601f37d__ep1:qa:15,1796b943-caad-43c6-b9bd-80b8d601f37d__ep1,ep1,test,320,359,0.0,6.030843734741211,0.09252931922674179,0.2030690759420395,0.23948316276073456
medium_40f_stride20:1796b943-caad-43c6-b9bd-80b8d601f37d__ep1:qa:16,1796b943-caad-43c6-b9bd-80b8d601f37d__ep1,ep1,test,340,379,0.0,8.16702651977539,0.13565990328788757,0.27499809861183167,0.3276359438896179
medium_40f_stride20:1796b943-caad-43c6-b9bd-80b8d601f37d__ep1:qa:17,1796b943-caad-43c6-b9bd-80b8d601f37d__ep1,ep1,test,360,399,0.0,4.87294340133667,0.08828608691692352,0.16408054530620575,0.2007431983947754
medium_40f_stride20:1796b943-caad-43c6-b9bd-80b8d601f37d__ep1:qa:18,1796b943-caad-43c6-b9bd-80b8d601f37d__ep1,ep1,test,400,439,0.0,5.382837772369385,0.10285875201225281,0.18124957382678986,0.2203519195318222
medium_40f_stride20:1796b943-caad-43c6-b9bd-80b8d601f37d__ep1:qa:19,1796b943-caad-43c6-b9bd-80b8d601f37d__ep1,ep1,test,420,459,0.0,8.952682495117188,0.1473541408777237,0.30145251750946045,0.35735082626342773
medium_40f_stride20:1796b943-caad-43c6-b9bd-80b8d601f37d__ep1:qa:20,1796b943-caad-43c6-b9bd-80b8d601f37d__ep1,ep1,test,440,479,0.0,9.94656753540039,0.1809781938791275,0.334918349981308,0.40068763494491577
medium_40f_stride20:1796b943-caad-43c6-b9bd-80b8d601f37d__ep1:qa:21,1796b943-caad-43c6-b9bd-80b8d601f37d__ep1,ep1,test,460,499,0.0,9.934130668640137,0.17795716226100922,0.3344995677471161,0.3947874903678894
medium_40f_stride20:1796b943-caad-43c6-b9bd-80b8d601f37d__ep1:qa:22,1796b943-caad-43c6-b9bd-80b8d601f37d__ep1,ep1,test,480,519,0.0,5.446281433105469,0.1121315136551857,0.18338583409786224,0.232529416680336
medium_40f_stride20:1796b943-caad-43c6-b9bd-80b8d601f37d__ep1:qa:23,1796b943-caad-43c6-b9bd-80b8d601f37d__ep1,ep1,test,500,539,0.0,7.19737434387207,0.1293039619922638,0.24234820902347565,0.29234251379966736
medium_40f_stride20:1796b943-caad-43c6-b9bd-80b8d601f37d__ep1:qa:24,1796b943-caad-43c6-b9bd-80b8d601f37d__ep1,ep1,test,520,559,0.0,6.134341716766357,0.09934690594673157,0.20655404031276703,0.2469663769006729
medium_40f_stride20:1796b943-caad-43c6-b9bd-80b8d601f37d__ep1:qa:25,1796b943-caad-43c6-b9bd-80b8d601f37d__ep1,ep1,test,560,599,0.0,9.449613571166992,0.1589422971010208,0.3181850016117096,0.38525068759918213
medium_40f_stride20:1796b943-caad-43c6-b9bd-80b8d601f37d__ep1:qa:26,1796b943-caad-43c6-b9bd-80b8d601f37d__ep1,ep1,test,580,619,0.0,9.931867599487305,0.17432574927806854,0.33442339301109314,0.4204268753528595
medium_40f_stride20:1796b943-caad-43c6-b9bd-80b8d601f37d__ep1:qa:27,1796b943-caad-43c6-b9bd-80b8d601f37d__ep1,ep1,test,600,639,0.0,11.29617691040039,0.20393137633800507,0.38036203384399414,0.4516449570655823
medium_40f_stride20:1796b943-caad-43c6-b9bd-80b8d601f37d__ep1:qa:28,1796b943-caad-43c6-b9bd-80b8d601f37d__ep1,ep1,test,620,659,0.0,6.312714576721191,0.10715123265981674,0.21256014704704285,0.25087547302246094
medium_40f_stride20:1796b943-caad-43c6-b9bd-80b8d601f37d__ep1:qa:29,1796b943-caad-43c6-b9bd-80b8d601f37d__ep1,ep1,test,640,679,0.0,5.841005325317383,0.1223720908164978,0.19667689502239227,0.23535498976707458
medium_40f_stride20:1796b943-caad-43c6-b9bd-80b8d601f37d__ep1:qa:30,1796b943-caad-43c6-b9bd-80b8d601f37d__ep1,ep1,test,660,699,0.0,9.00588607788086,0.20148493349552155,0.3032439649105072,0.3568601608276367
medium_40f_stride20:1796b943-caad-43c6-b9bd-80b8d601f37d__ep1:qa:31,1796b943-caad-43c6-b9bd-80b8d601f37d__ep1,ep1,test,680,719,0.0,5.921924114227295,0.13344720005989075,0.19940154254436493,0.23989541828632355
medium_40f_stride20:1796b943-caad-43c6-b9bd-80b8d601f37d__ep1:qa:32,1796b943-caad-43c6-b9bd-80b8d601f37d__ep1,ep1,test,700,739,0.0,9.371950149536133,0.19989162683486938,0.3155699372291565,0.37270697951316833
medium_40f_stride20:1796b943-caad-43c6-b9bd-80b8d601f37d__ep1:qa:33,1796b943-caad-43c6-b9bd-80b8d601f37d__ep1,ep1,test,720,759,0.0,3.3555569648742676,0.06435812264680862,0.11298748850822449,0.13626280426979065
medium_40f_stride20:1796b943-caad-43c6-b9bd-80b8d601f37d__ep1:qa:34,1796b943-caad-43c6-b9bd-80b8d601f37d__ep1,ep1,test,740,779,0.0,7.282307147979736,0.13633465766906738,0.2452080398797989,0.2950543761253357
medium_40f_stride20:1796b943-caad-43c6-b9bd-80b8d601f37d__ep1:qa:35,1796b943-caad-43c6-b9bd-80b8d601f37d__ep1,ep1,test,760,799,0.0,3.3838040828704834,0.06520839035511017,0.11393860727548599,0.13409475982189178
medium_40f_stride20:1796b943-caad-43c6-b9bd-80b8d601f37d__ep1:qa:36,1796b943-caad-43c6-b9bd-80b8d601f37d__ep1,ep1,test,800,839,0.0,12.076766014099121,0.2659970819950104,0.40664589405059814,0.5022253394126892
medium_40f_stride20:1796b943-caad-43c6-b9bd-80b8d601f37d__ep1:qa:37,1796b943-caad-43c6-b9bd-80b8d601f37d__ep1,ep1,test,820,859,0.0,19.87455940246582,0.47421419620513916,0.6692112684249878,0.9081732034683228
medium_40f_stride20:1796b943-caad-43c6-b9bd-80b8d601f37d__ep1:qa:38,1796b943-caad-43c6-b9bd-80b8d601f37d__ep1,ep1,test,840,879,0.0,12.430787086486816,0.27026399970054626,0.41856640577316284,0.5731328725814819
medium_40f_stride20:1796b943-caad-43c6-b9bd-80b8d601f37d__ep1:qa:39,1796b943-caad-43c6-b9bd-80b8d601f37d__ep1,ep1,test,860,899,0.0,7.948877811431885,0.14529138803482056,0.26765263080596924,0.3279033899307251
medium_40f_stride20:1796b943-caad-43c6-b9bd-80b8d601f37d__ep1:qa:40,1796b943-caad-43c6-b9bd-80b8d601f37d__ep1,ep1,test,880,919,0.0,11.539422988891602,0.1952715665102005,0.38855260610580444,0.46850907802581787
medium_40f_stride20:1796b943-caad-43c6-b9bd-80b8d601f37d__ep1:qa:41,1796b943-caad-43c6-b9bd-80b8d601f37d__ep1,ep1,test,900,939,0.0,10.326834678649902,0.21274136006832123,0.3477226197719574,0.4142218232154846
medium_40f_stride20:1796b943-caad-43c6-b9bd-80b8d601f37d__ep1:qa:42,1796b943-caad-43c6-b9bd-80b8d601f37d__ep1,ep1,test,920,959,0.0,10.243553161621094,0.20161791145801544,0.3449184000492096,0.4281202256679535
medium_40f_stride20:1796b943-caad-43c6-b9bd-80b8d601f37d__ep1:qa:43,1796b943-caad-43c6-b9bd-80b8d601f37d__ep1,ep1,test,940,979,0.0,10.041952133178711,0.18887688219547272,0.3381301164627075,0.4039776921272278
medium_40f_stride20:1796b943-caad-43c6-b9bd-80b8d601f37d__ep1:qa:44,1796b943-caad-43c6-b9bd-80b8d601f37d__ep1,ep1,test,960,999,0.0,12.16308307647705,0.20312531292438507,0.40955230593681335,0.4867432117462158
medium_40f_stride20:1796b943-caad-43c6-b9bd-80b8d601f37d__ep1:qa:45,1796b943-caad-43c6-b9bd-80b8d601f37d__ep1,ep1,test,1000,1039,0.0,2.177530288696289,0.040481533855199814,0.07332125306129456,0.08651324361562729
medium_40f_stride20:1796b943-caad-43c6-b9bd-80b8d601f37d__ep1:qa:46,1796b943-caad-43c6-b9bd-80b8d601f37d__ep1,ep1,test,1020,1059,0.0,3.6987369060516357,0.05994899198412895,0.1245429515838623,0.15035299956798553
medium_40f_stride20:1796b943-caad-43c6-b9bd-80b8d601f37d__ep1:qa:47,1796b943-caad-43c6-b9bd-80b8d601f37d__ep1,ep1,test,1040,1079,0.0,2.8012940883636475,0.05360432341694832,0.09432447701692581,0.11541683226823807
medium_40f_stride20:1796b943-caad-43c6-b9bd-80b8d601f37d__ep1:qa:48,1796b943-caad-43c6-b9bd-80b8d601f37d__ep1,ep1,test,1060,1099,0.0,2.889514207839966,0.058625418692827225,0.09729500859975815,0.11804816871881485
medium_40f_stride20:1796b943-caad-43c6-b9bd-80b8d601f37d__ep1:qa:49,1796b943-caad-43c6-b9bd-80b8d601f37d__ep1,ep1,test,1080,1119,0.0,4.722593307495117,0.07914723455905914,0.15901798009872437,0.19428592920303345
medium_40f_stride20:1796b943-caad-43c6-b9bd-80b8d601f37d__ep1:qa:50,1796b943-caad-43c6-b9bd-80b8d601f37d__ep1,ep1,test,1100,1139,0.0,7.788841247558594,0.13491083681583405,0.2622639238834381,0.31835392117500305
medium_40f_stride20:1796b943-caad-43c6-b9bd-80b8d601f37d__ep1:qa:51,1796b943-caad-43c6-b9bd-80b8d601f37d__ep1,ep1,test,1120,1159,0.0,4.577073574066162,0.0758766159415245,0.15411809086799622,0.18147386610507965
medium_40f_stride20:1796b943-caad-43c6-b9bd-80b8d601f37d__ep1:qa:52,1796b943-caad-43c6-b9bd-80b8d601f37d__ep1,ep1,test,1140,1179,0.0,9.564001083374023,0.17498750984668732,0.3220366835594177,0.39293861389160156
medium_40f_stride20:1796b943-caad-43c6-b9bd-80b8d601f37d__ep1:qa:53,1796b943-caad-43c6-b9bd-80b8d601f37d__ep1,ep1,test,1160,1199,32.851505279541016,8.18061637878418,0.644701361656189,1.0398461818695068,1.3752012252807617
medium_40f_stride20:1796b943-caad-43c6-b9bd-80b8d601f37d__ep1:qa:54,1796b943-caad-43c6-b9bd-80b8d601f37d__ep1,ep1,test,1180,1219,32.851505279541016,10.54113483428955,0.6810996532440186,1.0357730388641357,1.406723141670227
medium_40f_stride20:1796b943-caad-43c6-b9bd-80b8d601f37d__ep1:qa:64,1796b943-caad-43c6-b9bd-80b8d601f37d__ep1,ep1,test,1400,1439,39.159976959228516,12.932398796081543,0.5950421690940857,0.9582269191741943,1.1282153129577637
medium_40f_stride20:1796b943-caad-43c6-b9bd-80b8d601f37d__ep1:qa:65,1796b943-caad-43c6-b9bd-80b8d601f37d__ep1,ep1,test,1420,1459,39.59558868408203,13.174322128295898,0.6103904247283936,0.9838498830795288,1.1677360534667969
medium_40f_stride20:1796b943-caad-43c6-b9bd-80b8d601f37d__ep1:qa:66,1796b943-caad-43c6-b9bd-80b8d601f37d__ep1,ep1,test,1440,1479,39.88780212402344,15.835002899169922,0.553063154220581,0.8798093199729919,1.0633763074874878
medium_40f_stride20:1796b943-caad-43c6-b9bd-80b8d601f37d__ep1:qa:67,1796b943-caad-43c6-b9bd-80b8d601f37d__ep1,ep1,test,1460,1499,40.43299865722656,21.201263427734375,0.43900734186172485,0.6877822875976562,0.8314099907875061
medium_40f_stride20:1796b943-caad-43c6-b9bd-80b8d601f37d__ep1:qa:68,1796b943-caad-43c6-b9bd-80b8d601f37d__ep1,ep1,test,1480,1519,40.52165222167969,11.453245162963867,0.6454305648803711,1.0159517526626587,1.1952595710754395
medium_40f_stride20:1796b943-caad-43c6-b9bd-80b8d601f37d__ep1:qa:69,1796b943-caad-43c6-b9bd-80b8d601f37d__ep1,ep1,test,1500,1539,38.865596771240234,19.88918113708496,0.4336559474468231,0.6470921635627747,0.7869670391082764
medium_40f_stride20:1796b943-caad-43c6-b9bd-80b8d601f37d__ep1:qa:70,1796b943-caad-43c6-b9bd-80b8d601f37d__ep1,ep1,test,1520,1559,38.5036735534668,8.76830768585205,0.6683053374290466,1.0639100074768066,1.2423664331436157
medium_40f_stride20:1796b943-caad-43c6-b9bd-80b8d601f37d__ep1:qa:71,1796b943-caad-43c6-b9bd-80b8d601f37d__ep1,ep1,test,1540,1579,38.5036735534668,4.724983215332031,0.7969208359718323,1.1818020343780518,1.4138914346694946
medium_40f_stride20:1796b943-caad-43c6-b9bd-80b8d601f37d__ep1:qa:72,1796b943-caad-43c6-b9bd-80b8d601f37d__ep1,ep1,test,1560,1599,39.616981506347656,11.131558418273926,0.7007860541343689,1.1686488389968872,1.365618348121643
medium_40f_stride20:1796b943-caad-43c6-b9bd-80b8d601f37d__ep1:qa:73,1796b943-caad-43c6-b9bd-80b8d601f37d__ep1,ep1,test,1580,1619,39.616981506347656,10.037423133850098,0.7138850688934326,1.1742920875549316,1.3742154836654663
medium_40f_stride20:1796b943-caad-43c6-b9bd-80b8d601f37d__ep1:qa:83,1796b943-caad-43c6-b9bd-80b8d601f37d__ep1,ep1,test,1800,1839,40.32600402832031,16.784957885742188,0.5455153584480286,0.8631951808929443,1.043110728263855
medium_40f_stride20:1796b943-caad-43c6-b9bd-80b8d601f37d__ep1:qa:84,1796b943-caad-43c6-b9bd-80b8d601f37d__ep1,ep1,test,1820,1859,40.63509750366211,15.979355812072754,0.5578048825263977,0.9508057236671448,1.1069915294647217
medium_40f_stride20:1796b943-caad-43c6-b9bd-80b8d601f37d__ep1:qa:85,1796b943-caad-43c6-b9bd-80b8d601f37d__ep1,ep1,test,1840,1879,40.6700439453125,32.3900260925293,0.33808428049087524,0.5858104825019836,0.7319296598434448
medium_40f_stride20:1796b943-caad-43c6-b9bd-80b8d601f37d__ep1:qa:86,1796b943-caad-43c6-b9bd-80b8d601f37d__ep1,ep1,test,1860,1899,40.177162170410156,21.82158851623535,0.47968852519989014,0.8567220568656921,1.002227544784546
medium_40f_stride20:1796b943-caad-43c6-b9bd-80b8d601f37d__ep1:qa:87,1796b943-caad-43c6-b9bd-80b8d601f37d__ep1,ep1,test,1880,1919,40.12944412231445,19.779008865356445,0.49308592081069946,0.8416884541511536,0.9911532402038574
medium_40f_stride20:1796b943-caad-43c6-b9bd-80b8d601f37d__ep1:qa:88,1796b943-caad-43c6-b9bd-80b8d601f37d__ep1,ep1,test,1900,1939,40.12944412231445,14.113409042358398,0.5871912837028503,0.9735948443412781,1.1341904401779175
medium_40f_stride20:1796b943-caad-43c6-b9bd-80b8d601f37d__ep1:qa:89,1796b943-caad-43c6-b9bd-80b8d601f37d__ep1,ep1,test,1920,1959,40.102317810058594,20.189512252807617,0.4703724980354309,0.7545762062072754,0.903299868106842
medium_40f_stride20:1796b943-caad-43c6-b9bd-80b8d601f37d__ep1:qa:90,1796b943-caad-43c6-b9bd-80b8d601f37d__ep1,ep1,test,1940,1979,40.09431457519531,26.490211486816406,0.3247680068016052,0.5385493040084839,0.6516373753547668
medium_40f_stride20:1796b943-caad-43c6-b9bd-80b8d601f37d__ep1:qa:91,1796b943-caad-43c6-b9bd-80b8d601f37d__ep1,ep1,test,1960,1999,40.111663818359375,22.418521881103516,0.4182538688182831,0.7249680161476135,0.8439081907272339
medium_40f_stride20:1796b943-caad-43c6-b9bd-80b8d601f37d__ep1:qa:92,1796b943-caad-43c6-b9bd-80b8d601f37d__ep1,ep1,test,2000,2039,40.232261657714844,15.780336380004883,0.5312888622283936,0.8568645715713501,0.978521466255188
medium_40f_stride20:1796b943-caad-43c6-b9bd-80b8d601f37d__ep1:qa:93,1796b943-caad-43c6-b9bd-80b8d601f37d__ep1,ep1,test,2020,2059,40.23096466064453,15.256020545959473,0.5452970266342163,0.8851850032806396,1.0100157260894775
medium_40f_stride20:1796b943-caad-43c6-b9bd-80b8d601f37d__ep1:qa:94,1796b943-caad-43c6-b9bd-80b8d601f37d__ep1,ep1,test,2040,2079,40.14065170288086,21.266117095947266,0.4271065294742584,0.6691314578056335,0.7699068784713745
medium_40f_stride20:1796b943-caad-43c6-b9bd-80b8d601f37d__ep1:qa:95,1796b943-caad-43c6-b9bd-80b8d601f37d__ep1,ep1,test,2060,2099,39.739845275878906,19.991714477539062,0.43172428011894226,0.6792449355125427,0.7917087078094482
medium_40f_stride20:1796b943-caad-43c6-b9bd-80b8d601f37d__ep1:qa:96,1796b943-caad-43c6-b9bd-80b8d601f37d__ep1,ep1,test,2080,2119,39.42224884033203,11.99295425415039,0.6123698949813843,1.0043329000473022,1.1600769758224487
medium_40f_stride20:1796b943-caad-43c6-b9bd-80b8d601f37d__ep1:qa:97,1796b943-caad-43c6-b9bd-80b8d601f37d__ep1,ep1,test,2100,2139,38.92804718017578,13.297687530517578,0.5878864526748657,0.9361850023269653,1.1272495985031128
medium_40f_stride20:1796b943-caad-43c6-b9bd-80b8d601f37d__ep1:qa:98,1796b943-caad-43c6-b9bd-80b8d601f37d__ep1,ep1,test,2120,2159,44.335235595703125,12.390522956848145,0.7830573916435242,1.2152742147445679,1.6946265697479248
medium_40f_stride20:1796b943-caad-43c6-b9bd-80b8d601f37d__ep1:qa:99,1796b943-caad-43c6-b9bd-80b8d601f37d__ep1,ep1,test,2140,2179,44.335235595703125,13.804476737976074,0.7606043219566345,1.1738500595092773,1.6393799781799316
medium_40f_stride20:1796b943-caad-43c6-b9bd-80b8d601f37d__ep1:qa:100,1796b943-caad-43c6-b9bd-80b8d601f37d__ep1,ep1,test,2160,2199,40.75651931762695,11.713502883911133,0.7877241373062134,1.250238299369812,1.7505759000778198
medium_40f_stride20:1796b943-caad-43c6-b9bd-80b8d601f37d__ep1:qa:101,1796b943-caad-43c6-b9bd-80b8d601f37d__ep1,ep1,test,2180,2219,40.75651931762695,10.16942024230957,0.7970413565635681,1.3069874048233032,1.824334979057312
medium_40f_stride20:1796b943-caad-43c6-b9bd-80b8d601f37d__ep1:qa:102,1796b943-caad-43c6-b9bd-80b8d601f37d__ep1,ep1,test,2200,2239,38.97378921508789,18.1807918548584,0.6816080808639526,0.9882075786590576,1.418870449066162
medium_40f_stride20:1796b943-caad-43c6-b9bd-80b8d601f37d__ep1:qa:130,1796b943-caad-43c6-b9bd-80b8d601f37d__ep1,ep1,test,2800,2839,39.89588928222656,16.075885772705078,0.5634422898292542,0.9314666390419006,1.0975120067596436
medium_40f_stride20:1796b943-caad-43c6-b9bd-80b8d601f37d__ep1:qa:131,1796b943-caad-43c6-b9bd-80b8d601f37d__ep1,ep1,test,2820,2859,39.23786163330078,17.008638381958008,0.48759886622428894,0.8194987177848816,0.9501608610153198
medium_40f_stride20:1796b943-caad-43c6-b9bd-80b8d601f37d__ep1:qa:132,1796b943-caad-43c6-b9bd-80b8d601f37d__ep1,ep1,test,2840,2879,39.28929138183594,17.70638084411621,0.4967116117477417,0.8494973182678223,0.9837445020675659
medium_40f_stride20:1796b943-caad-43c6-b9bd-80b8d601f37d__ep1:qa:133,1796b943-caad-43c6-b9bd-80b8d601f37d__ep1,ep1,test,2860,2899,39.37564468383789,18.838314056396484,0.4808564782142639,0.7878386378288269,0.9289171099662781
medium_40f_stride20:1796b943-caad-43c6-b9bd-80b8d601f37d__ep1:qa:134,1796b943-caad-43c6-b9bd-80b8d601f37d__ep1,ep1,test,2880,2919,39.385746002197266,24.571317672729492,0.3474385142326355,0.5572865605354309,0.6529136896133423
medium_40f_stride20:1796b943-caad-43c6-b9bd-80b8d601f37d__ep1:qa:135,1796b943-caad-43c6-b9bd-80b8d601f37d__ep1,ep1,test,2900,2939,39.421661376953125,26.0976619720459,0.34247079491615295,0.5516623258590698,0.6539651155471802
medium_40f_stride20:1796b943-caad-43c6-b9bd-80b8d601f37d__ep1:qa:136,1796b943-caad-43c6-b9bd-80b8d601f37d__ep1,ep1,test,2920,2959,39.682552337646484,19.295839309692383,0.44905105233192444,0.7392696142196655,0.8482276797294617
medium_40f_stride20:1796b943-caad-43c6-b9bd-80b8d601f37d__ep1:qa:137,1796b943-caad-43c6-b9bd-80b8d601f37d__ep1,ep1,test,2940,2979,39.682552337646484,23.97325897216797,0.3351479172706604,0.5642735958099365,0.6558203101158142
medium_40f_stride20:1796b943-caad-43c6-b9bd-80b8d601f37d__ep1:qa:138,1796b943-caad-43c6-b9bd-80b8d601f37d__ep1,ep1,test,2960,2999,39.88277816772461,17.02104949951172,0.49455007910728455,0.8265485167503357,0.953489363193512
medium_40f_stride20:1796b943-caad-43c6-b9bd-80b8d601f37d__ep1:qa:139,1796b943-caad-43c6-b9bd-80b8d601f37d__ep1,ep1,test,2980,3019,39.88277816772461,13.0919771194458,0.6383469104766846,1.0897457599639893,1.2606241703033447
medium_40f_stride20:1796b943-caad-43c6-b9bd-80b8d601f37d__ep1:qa:140,1796b943-caad-43c6-b9bd-80b8d601f37d__ep1,ep1,test,3000,3039,39.94495391845703,23.755144119262695,0.375983864068985,0.620046079158783,0.7270104885101318
medium_40f_stride20:ba18b7c1-21ff-45da-8452-41acce7fc8de__ep2:qa:0,ba18b7c1-21ff-45da-8452-41acce7fc8de__ep2,ep2,test,0,39,0.0,10.095637321472168,0.20251423120498657,0.33993780612945557,0.4591401219367981
medium_40f_stride20:ba18b7c1-21ff-45da-8452-41acce7fc8de__ep2:qa:1,ba18b7c1-21ff-45da-8452-41acce7fc8de__ep2,ep2,test,20,59,0.0,8.474807739257812,0.17303909361362457,0.2853616178035736,0.3931446075439453
medium_40f_stride20:ba18b7c1-21ff-45da-8452-41acce7fc8de__ep2:qa:2,ba18b7c1-21ff-45da-8452-41acce7fc8de__ep2,ep2,test,40,79,0.0,10.576912879943848,0.21791987121105194,0.35614317655563354,0.48417145013809204
medium_40f_stride20:ba18b7c1-21ff-45da-8452-41acce7fc8de__ep2:qa:3,ba18b7c1-21ff-45da-8452-41acce7fc8de__ep2,ep2,test,60,99,0.0,11.28898811340332,0.20446856319904327,0.38012000918388367,0.47072190046310425
medium_40f_stride20:ba18b7c1-21ff-45da-8452-41acce7fc8de__ep2:qa:4,ba18b7c1-21ff-45da-8452-41acce7fc8de__ep2,ep2,test,80,119,0.0,11.59585189819336,0.21778804063796997,0.39045262336730957,0.5189750790596008
medium_40f_stride20:ba18b7c1-21ff-45da-8452-41acce7fc8de__ep2:qa:5,ba18b7c1-21ff-45da-8452-41acce7fc8de__ep2,ep2,test,100,139,15.94960880279541,11.489826202392578,0.31349316239356995,0.41909655928611755,0.6017913818359375
medium_40f_stride20:ba18b7c1-21ff-45da-8452-41acce7fc8de__ep2:qa:6,ba18b7c1-21ff-45da-8452-41acce7fc8de__ep2,ep2,test,120,159,17.14857292175293,11.723681449890137,0.3436802327632904,0.46115678548812866,0.6596107482910156
medium_40f_stride20:ba18b7c1-21ff-45da-8452-41acce7fc8de__ep2:qa:7,ba18b7c1-21ff-45da-8452-41acce7fc8de__ep2,ep2,test,140,179,17.023550033569336,10.431143760681152,0.3106272220611572,0.4411996603012085,0.6104437112808228
medium_40f_stride20:ba18b7c1-21ff-45da-8452-41acce7fc8de__ep2:qa:8,ba18b7c1-21ff-45da-8452-41acce7fc8de__ep2,ep2,test,160,199,16.804794311523438,11.13541030883789,0.25696060061454773,0.40105634927749634,0.521894633769989
medium_40f_stride20:ba18b7c1-21ff-45da-8452-41acce7fc8de__ep2:qa:9,ba18b7c1-21ff-45da-8452-41acce7fc8de__ep2,ep2,test,180,219,16.881532669067383,11.53606128692627,0.25047066807746887,0.4033370018005371,0.5101469159126282
medium_40f_stride20:ba18b7c1-21ff-45da-8452-41acce7fc8de__ep2:qa:10,ba18b7c1-21ff-45da-8452-41acce7fc8de__ep2,ep2,test,200,239,14.606870651245117,14.235815048217773,0.20585469901561737,0.30511078238487244,0.4004392623901367
medium_40f_stride20:ba18b7c1-21ff-45da-8452-41acce7fc8de__ep2:qa:11,ba18b7c1-21ff-45da-8452-41acce7fc8de__ep2,ep2,test,220,259,14.606870651245117,13.208495140075684,0.19734534621238708,0.28851523995399475,0.3805803060531616
medium_40f_stride20:ba18b7c1-21ff-45da-8452-41acce7fc8de__ep2:qa:12,ba18b7c1-21ff-45da-8452-41acce7fc8de__ep2,ep2,test,240,279,14.740168571472168,8.719735145568848,0.23247958719730377,0.3064643144607544,0.4293448030948639
medium_40f_stride20:ba18b7c1-21ff-45da-8452-41acce7fc8de__ep2:qa:13,ba18b7c1-21ff-45da-8452-41acce7fc8de__ep2,ep2,test,260,299,14.740168571472168,12.367674827575684,0.22648413479328156,0.3429822325706482,0.4687175154685974
medium_40f_stride20:ba18b7c1-21ff-45da-8452-41acce7fc8de__ep2:qa:39,ba18b7c1-21ff-45da-8452-41acce7fc8de__ep2,ep2,test,800,839,16.577125549316406,13.168495178222656,0.11388526856899261,0.21240197122097015,0.25090619921684265
medium_40f_stride20:ba18b7c1-21ff-45da-8452-41acce7fc8de__ep2:qa:40,ba18b7c1-21ff-45da-8452-41acce7fc8de__ep2,ep2,test,820,859,16.53384017944336,13.621752738952637,0.11018861830234528,0.1883050799369812,0.25091952085494995
medium_40f_stride20:ba18b7c1-21ff-45da-8452-41acce7fc8de__ep2:qa:41,ba18b7c1-21ff-45da-8452-41acce7fc8de__ep2,ep2,test,840,879,16.589139938354492,14.510597229003906,0.08968500047922134,0.18182459473609924,0.2174687534570694
medium_40f_stride20:ba18b7c1-21ff-45da-8452-41acce7fc8de__ep2:qa:42,ba18b7c1-21ff-45da-8452-41acce7fc8de__ep2,ep2,test,860,899,16.6170597076416,12.558257102966309,0.15813015401363373,0.27764201164245605,0.32772737741470337
medium_40f_stride20:ba18b7c1-21ff-45da-8452-41acce7fc8de__ep2:qa:43,ba18b7c1-21ff-45da-8452-41acce7fc8de__ep2,ep2,test,880,919,16.66364860534668,12.437894821166992,0.1308831125497818,0.2490515112876892,0.290426641702652
medium_40f_stride20:ba18b7c1-21ff-45da-8452-41acce7fc8de__ep2:qa:44,ba18b7c1-21ff-45da-8452-41acce7fc8de__ep2,ep2,test,900,939,16.7131290435791,12.563995361328125,0.12862969934940338,0.2442796379327774,0.2872735857963562
medium_40f_stride20:ba18b7c1-21ff-45da-8452-41acce7fc8de__ep2:qa:45,ba18b7c1-21ff-45da-8452-41acce7fc8de__ep2,ep2,test,920,959,16.760696411132812,11.744672775268555,0.1485729068517685,0.2638687789440155,0.310850590467453
medium_40f_stride20:ba18b7c1-21ff-45da-8452-41acce7fc8de__ep2:qa:46,ba18b7c1-21ff-45da-8452-41acce7fc8de__ep2,ep2,test,940,979,16.7545223236084,11.578123092651367,0.16930247843265533,0.3097485899925232,0.360500305891037
medium_40f_stride20:ba18b7c1-21ff-45da-8452-41acce7fc8de__ep2:qa:47,ba18b7c1-21ff-45da-8452-41acce7fc8de__ep2,ep2,test,960,999,16.66490936279297,13.433924674987793,0.1368473321199417,0.24324190616607666,0.28425994515419006
medium_40f_stride20:ba18b7c1-21ff-45da-8452-41acce7fc8de__ep2:qa:48,ba18b7c1-21ff-45da-8452-41acce7fc8de__ep2,ep2,test,980,1019,14.970006942749023,11.692310333251953,0.2300855666399002,0.3691716492176056,0.47525274753570557
medium_40f_stride20:ba18b7c1-21ff-45da-8452-41acce7fc8de__ep2:qa:49,ba18b7c1-21ff-45da-8452-41acce7fc8de__ep2,ep2,test,1000,1039,15.101658821105957,13.32302188873291,0.21630704402923584,0.3335754871368408,0.4273771047592163
medium_40f_stride20:ba18b7c1-21ff-45da-8452-41acce7fc8de__ep2:qa:50,ba18b7c1-21ff-45da-8452-41acce7fc8de__ep2,ep2,test,1020,1059,15.101658821105957,13.44334602355957,0.226570263504982,0.34744584560394287,0.4465268850326538
medium_40f_stride20:ba18b7c1-21ff-45da-8452-41acce7fc8de__ep2:qa:51,ba18b7c1-21ff-45da-8452-41acce7fc8de__ep2,ep2,test,1040,1079,16.67010498046875,13.333701133728027,0.12493228912353516,0.2232000231742859,0.2680051922798157
medium_40f_stride20:ba18b7c1-21ff-45da-8452-41acce7fc8de__ep2:qa:52,ba18b7c1-21ff-45da-8452-41acce7fc8de__ep2,ep2,test,1060,1099,16.67010498046875,13.423023223876953,0.11440719664096832,0.2115037739276886,0.2541584074497223
medium_40f_stride20:ba18b7c1-21ff-45da-8452-41acce7fc8de__ep2:qa:58,ba18b7c1-21ff-45da-8452-41acce7fc8de__ep2,ep2,test,1200,1239,17.5941162109375,13.646209716796875,0.17384259402751923,0.3073769807815552,0.35784509778022766
medium_40f_stride20:ba18b7c1-21ff-45da-8452-41acce7fc8de__ep2:qa:59,ba18b7c1-21ff-45da-8452-41acce7fc8de__ep2,ep2,test,1220,1259,18.36800193786621,10.168853759765625,0.26890966296195984,0.4169791340827942,0.5271407961845398
medium_40f_stride20:ba18b7c1-21ff-45da-8452-41acce7fc8de__ep2:qa:60,ba18b7c1-21ff-45da-8452-41acce7fc8de__ep2,ep2,test,1240,1279,17.881248474121094,10.542497634887695,0.23438532650470734,0.32904210686683655,0.43192535638809204
medium_40f_stride20:ba18b7c1-21ff-45da-8452-41acce7fc8de__ep2:qa:61,ba18b7c1-21ff-45da-8452-41acce7fc8de__ep2,ep2,test,1260,1299,17.309650421142578,12.403122901916504,0.15181495249271393,0.20788022875785828,0.2781640291213989
medium_40f_stride20:ba18b7c1-21ff-45da-8452-41acce7fc8de__ep2:qa:62,ba18b7c1-21ff-45da-8452-41acce7fc8de__ep2,ep2,test,1280,1319,17.0210018157959,11.021139144897461,0.17810525000095367,0.25930532813072205,0.3330842852592468
medium_40f_stride20:ba18b7c1-21ff-45da-8452-41acce7fc8de__ep2:qa:63,ba18b7c1-21ff-45da-8452-41acce7fc8de__ep2,ep2,test,1300,1339,17.181018829345703,12.805609703063965,0.13584919273853302,0.1953679919242859,0.25154975056648254
medium_40f_stride20:ba18b7c1-21ff-45da-8452-41acce7fc8de__ep2:qa:64,ba18b7c1-21ff-45da-8452-41acce7fc8de__ep2,ep2,test,1320,1359,17.323200225830078,11.033212661743164,0.19045911729335785,0.2879555821418762,0.3631574809551239
medium_40f_stride20:ba18b7c1-21ff-45da-8452-41acce7fc8de__ep2:qa:65,ba18b7c1-21ff-45da-8452-41acce7fc8de__ep2,ep2,test,1340,1379,16.20191192626953,9.331816673278809,0.21957753598690033,0.3416654169559479,0.4373929798603058
medium_40f_stride20:ba18b7c1-21ff-45da-8452-41acce7fc8de__ep2:qa:66,ba18b7c1-21ff-45da-8452-41acce7fc8de__ep2,ep2,test,1360,1399,16.095335006713867,15.49740219116211,0.10015830397605896,0.14582692086696625,0.20616665482521057
medium_40f_stride20:ba18b7c1-21ff-45da-8452-41acce7fc8de__ep2:qa:67,ba18b7c1-21ff-45da-8452-41acce7fc8de__ep2,ep2,test,1380,1419,16.7846622467041,13.286316871643066,0.12957845628261566,0.20382265746593475,0.26080888509750366
medium_40f_stride20:ba18b7c1-21ff-45da-8452-41acce7fc8de__ep2:qa:68,ba18b7c1-21ff-45da-8452-41acce7fc8de__ep2,ep2,test,1400,1439,14.31945514678955,13.136154174804688,0.19260095059871674,0.2857191860675812,0.38616251945495605
medium_40f_stride20:ba18b7c1-21ff-45da-8452-41acce7fc8de__ep2:qa:69,ba18b7c1-21ff-45da-8452-41acce7fc8de__ep2,ep2,test,1420,1459,14.31945514678955,14.240945816040039,0.2173052281141281,0.3251851201057434,0.4298805892467499
medium_40f_stride20:ba18b7c1-21ff-45da-8452-41acce7fc8de__ep2:qa:70,ba18b7c1-21ff-45da-8452-41acce7fc8de__ep2,ep2,test,1440,1479,14.164101600646973,18.279067993164062,0.18671436607837677,0.3366372883319855,0.3406527638435364
medium_40f_stride20:ba18b7c1-21ff-45da-8452-41acce7fc8de__ep2:qa:71,ba18b7c1-21ff-45da-8452-41acce7fc8de__ep2,ep2,test,1460,1499,14.164101600646973,16.539155960083008,0.18068532645702362,0.3151872158050537,0.3269210755825043
medium_40f_stride20:ba18b7c1-21ff-45da-8452-41acce7fc8de__ep2:qa:87,ba18b7c1-21ff-45da-8452-41acce7fc8de__ep2,ep2,test,1800,1839,16.818889617919922,13.209293365478516,0.11656539142131805,0.20472224056720734,0.24791602790355682
medium_40f_stride20:ba18b7c1-21ff-45da-8452-41acce7fc8de__ep2:qa:88,ba18b7c1-21ff-45da-8452-41acce7fc8de__ep2,ep2,test,1820,1859,16.839799880981445,13.078731536865234,0.12265464663505554,0.22742633521556854,0.2675045132637024
medium_40f_stride20:ba18b7c1-21ff-45da-8452-41acce7fc8de__ep2:qa:89,ba18b7c1-21ff-45da-8452-41acce7fc8de__ep2,ep2,test,1840,1879,16.699487686157227,13.581345558166504,0.09107831865549088,0.17706705629825592,0.2125321924686432
medium_40f_stride20:ba18b7c1-21ff-45da-8452-41acce7fc8de__ep2:qa:90,ba18b7c1-21ff-45da-8452-41acce7fc8de__ep2,ep2,test,1860,1899,16.71917724609375,12.324365615844727,0.129486545920372,0.23753473162651062,0.28048276901245117
medium_40f_stride20:ba18b7c1-21ff-45da-8452-41acce7fc8de__ep2:qa:91,ba18b7c1-21ff-45da-8452-41acce7fc8de__ep2,ep2,test,1880,1919,16.643892288208008,12.894795417785645,0.13489440083503723,0.24134115874767303,0.2849903106689453
medium_40f_stride20:ba18b7c1-21ff-45da-8452-41acce7fc8de__ep2:qa:92,ba18b7c1-21ff-45da-8452-41acce7fc8de__ep2,ep2,test,1900,1939,16.50392723083496,11.878491401672363,0.17399351298809052,0.3099958002567291,0.36379650235176086
medium_40f_stride20:ba18b7c1-21ff-45da-8452-41acce7fc8de__ep2:qa:93,ba18b7c1-21ff-45da-8452-41acce7fc8de__ep2,ep2,test,1920,1959,16.88113784790039,13.042128562927246,0.12312555313110352,0.22031699120998383,0.2759420573711395
medium_40f_stride20:ba18b7c1-21ff-45da-8452-41acce7fc8de__ep2:qa:94,ba18b7c1-21ff-45da-8452-41acce7fc8de__ep2,ep2,test,1940,1979,17.127737045288086,13.152154922485352,0.11707441508769989,0.1948099136352539,0.24513104557991028
medium_40f_stride20:ba18b7c1-21ff-45da-8452-41acce7fc8de__ep2:qa:95,ba18b7c1-21ff-45da-8452-41acce7fc8de__ep2,ep2,test,1960,1999,17.191753387451172,12.429622650146484,0.1379571408033371,0.24081648886203766,0.2871088683605194
medium_40f_stride20:ba18b7c1-21ff-45da-8452-41acce7fc8de__ep2:qa:96,ba18b7c1-21ff-45da-8452-41acce7fc8de__ep2,ep2,test,1980,2019,16.941884994506836,11.92881965637207,0.13915598392486572,0.23286032676696777,0.2828425168991089
medium_40f_stride20:ba18b7c1-21ff-45da-8452-41acce7fc8de__ep2:qa:97,ba18b7c1-21ff-45da-8452-41acce7fc8de__ep2,ep2,test,2000,2039,16.561019897460938,13.831164360046387,0.095848947763443,0.15725509822368622,0.19797009229660034
medium_40f_stride20:ba18b7c1-21ff-45da-8452-41acce7fc8de__ep2:qa:98,ba18b7c1-21ff-45da-8452-41acce7fc8de__ep2,ep2,test,2020,2059,16.561019897460938,14.31563949584961,0.09966298937797546,0.1487107276916504,0.20247167348861694
medium_40f_stride20:ba18b7c1-21ff-45da-8452-41acce7fc8de__ep2:qa:99,ba18b7c1-21ff-45da-8452-41acce7fc8de__ep2,ep2,test,2040,2079,16.499956130981445,14.003561973571777,0.0953482910990715,0.1479809582233429,0.1895957738161087
medium_40f_stride20:ba18b7c1-21ff-45da-8452-41acce7fc8de__ep2:qa:100,ba18b7c1-21ff-45da-8452-41acce7fc8de__ep2,ep2,test,2060,2099,16.499956130981445,12.471505165100098,0.14468209445476532,0.21750079095363617,0.282875120639801
medium_40f_stride20:ba18b7c1-21ff-45da-8452-41acce7fc8de__ep2:qa:142,ba18b7c1-21ff-45da-8452-41acce7fc8de__ep2,ep2,test,2920,2959,17.225341796875,11.42943286895752,0.1623173952102661,0.23547282814979553,0.30823495984077454
medium_40f_stride20:ba18b7c1-21ff-45da-8452-41acce7fc8de__ep2:qa:143,ba18b7c1-21ff-45da-8452-41acce7fc8de__ep2,ep2,test,2940,2979,17.23941993713379,9.635924339294434,0.18637794256210327,0.28826606273651123,0.3370465338230133
medium_40f_stride20:ba18b7c1-21ff-45da-8452-41acce7fc8de__ep2:qa:144,ba18b7c1-21ff-45da-8452-41acce7fc8de__ep2,ep2,test,2960,2999,16.74151611328125,12.123517036437988,0.13279739022254944,0.23497390747070312,0.2788742184638977
medium_40f_stride20:ba18b7c1-21ff-45da-8452-41acce7fc8de__ep2:qa:145,ba18b7c1-21ff-45da-8452-41acce7fc8de__ep2,ep2,test,2980,3019,16.515666961669922,10.080759048461914,0.20273460447788239,0.33059000968933105,0.4052315950393677
medium_40f_stride20:ba18b7c1-21ff-45da-8452-41acce7fc8de__ep2:qa:146,ba18b7c1-21ff-45da-8452-41acce7fc8de__ep2,ep2,test,3000,3039,16.351917266845703,12.699227333068848,0.0993996411561966,0.17055805027484894,0.2076047658920288
medium_40f_stride20:ba18b7c1-21ff-45da-8452-41acce7fc8de__ep2:qa:147,ba18b7c1-21ff-45da-8452-41acce7fc8de__ep2,ep2,test,3020,3059,16.912338256835938,11.757030487060547,0.16821952164173126,0.2593478262424469,0.34269633889198303
medium_40f_stride20:ba18b7c1-21ff-45da-8452-41acce7fc8de__ep2:qa:148,ba18b7c1-21ff-45da-8452-41acce7fc8de__ep2,ep2,test,3040,3079,14.270119667053223,12.18915843963623,0.2509031295776367,0.3268260359764099,0.4819272756576538
medium_40f_stride20:ba18b7c1-21ff-45da-8452-41acce7fc8de__ep2:qa:149,ba18b7c1-21ff-45da-8452-41acce7fc8de__ep2,ep2,test,3060,3099,14.249175071716309,12.48521900177002,0.25207969546318054,0.33417508006095886,0.4891655743122101
medium_40f_stride20:ba18b7c1-21ff-45da-8452-41acce7fc8de__ep2:qa:150,ba18b7c1-21ff-45da-8452-41acce7fc8de__ep2,ep2,test,3080,3119,16.475046157836914,11.970776557922363,0.12868134677410126,0.2382548749446869,0.2809165418148041
medium_40f_stride20:ba18b7c1-21ff-45da-8452-41acce7fc8de__ep2:qa:151,ba18b7c1-21ff-45da-8452-41acce7fc8de__ep2,ep2,test,3100,3139,16.475046157836914,10.937271118164062,0.17143894731998444,0.3139725625514984,0.36434510350227356
medium_40f_stride20:ba18b7c1-21ff-45da-8452-41acce7fc8de__ep2:qa:152,ba18b7c1-21ff-45da-8452-41acce7fc8de__ep2,ep2,test,3120,3159,16.497589111328125,10.647333145141602,0.21226923167705536,0.3400532007217407,0.4276333153247833
medium_40f_stride20:ba18b7c1-21ff-45da-8452-41acce7fc8de__ep2:qa:153,ba18b7c1-21ff-45da-8452-41acce7fc8de__ep2,ep2,test,3140,3179,16.497589111328125,11.049088478088379,0.17617268860340118,0.30344653129577637,0.36395907402038574
medium_40f_stride20:ba18b7c1-21ff-45da-8452-41acce7fc8de__ep2:qa:154,ba18b7c1-21ff-45da-8452-41acce7fc8de__ep2,ep2,test,3160,3199,16.354568481445312,19.139753341674805,0.12850135564804077,0.1765112280845642,0.24849455058574677
medium_40f_stride20:ba18b7c1-21ff-45da-8452-41acce7fc8de__ep2:qa:165,ba18b7c1-21ff-45da-8452-41acce7fc8de__ep2,ep2,test,3400,3439,17.019248962402344,14.091238975524902,0.11204243451356888,0.19734251499176025,0.25904160737991333
medium_40f_stride20:ba18b7c1-21ff-45da-8452-41acce7fc8de__ep2:qa:166,ba18b7c1-21ff-45da-8452-41acce7fc8de__ep2,ep2,test,3420,3459,16.74091911315918,13.25700569152832,0.141192227602005,0.2234390825033188,0.3020839989185333
medium_40f_stride20:ba18b7c1-21ff-45da-8452-41acce7fc8de__ep2:qa:167,ba18b7c1-21ff-45da-8452-41acce7fc8de__ep2,ep2,test,3440,3479,16.503049850463867,13.288078308105469,0.1442834734916687,0.2267332822084427,0.3156106173992157
medium_40f_stride20:ba18b7c1-21ff-45da-8452-41acce7fc8de__ep2:qa:168,ba18b7c1-21ff-45da-8452-41acce7fc8de__ep2,ep2,test,3460,3499,16.64438247680664,14.033842086791992,0.12925975024700165,0.20421886444091797,0.2890004813671112
medium_40f_stride20:ba18b7c1-21ff-45da-8452-41acce7fc8de__ep2:qa:169,ba18b7c1-21ff-45da-8452-41acce7fc8de__ep2,ep2,test,3480,3519,16.77511215209961,14.273859977722168,0.1321171224117279,0.19988387823104858,0.28822436928749084
medium_40f_stride20:ba18b7c1-21ff-45da-8452-41acce7fc8de__ep2:qa:170,ba18b7c1-21ff-45da-8452-41acce7fc8de__ep2,ep2,test,3500,3539,16.742877960205078,9.559822082519531,0.19629152119159698,0.28889989852905273,0.36647552251815796
medium_40f_stride20:ba18b7c1-21ff-45da-8452-41acce7fc8de__ep2:qa:171,ba18b7c1-21ff-45da-8452-41acce7fc8de__ep2,ep2,test,3520,3559,16.827743530273438,13.91417407989502,0.1034974455833435,0.16328014433383942,0.21235349774360657
medium_40f_stride20:ba18b7c1-21ff-45da-8452-41acce7fc8de__ep2:qa:172,ba18b7c1-21ff-45da-8452-41acce7fc8de__ep2,ep2,test,3540,3579,16.832162857055664,13.919804573059082,0.09899193048477173,0.16496515274047852,0.217448428273201
medium_40f_stride20:ba18b7c1-21ff-45da-8452-41acce7fc8de__ep2:qa:173,ba18b7c1-21ff-45da-8452-41acce7fc8de__ep2,ep2,test,3560,3599,16.680992126464844,13.460301399230957,0.14860215783119202,0.21862748265266418,0.29979732632637024
medium_40f_stride20:ba18b7c1-21ff-45da-8452-41acce7fc8de__ep2:qa:174,ba18b7c1-21ff-45da-8452-41acce7fc8de__ep2,ep2,test,3580,3619,13.917339324951172,14.005012512207031,0.21375609934329987,0.302375853061676,0.3941785991191864
medium_40f_stride20:ba18b7c1-21ff-45da-8452-41acce7fc8de__ep2:qa:175,ba18b7c1-21ff-45da-8452-41acce7fc8de__ep2,ep2,test,3600,3639,14.11913013458252,13.857828140258789,0.21855562925338745,0.30693742632865906,0.4191286265850067
medium_40f_stride20:ba18b7c1-21ff-45da-8452-41acce7fc8de__ep2:qa:176,ba18b7c1-21ff-45da-8452-41acce7fc8de__ep2,ep2,test,3620,3659,14.11913013458252,14.311989784240723,0.2200535237789154,0.31401199102401733,0.4192090630531311
medium_40f_stride20:ba18b7c1-21ff-45da-8452-41acce7fc8de__ep2:qa:177,ba18b7c1-21ff-45da-8452-41acce7fc8de__ep2,ep2,test,3640,3679,16.995891571044922,14.820379257202148,0.06550443172454834,0.09933137148618698,0.131622776389122
medium_40f_stride20:ba18b7c1-21ff-45da-8452-41acce7fc8de__ep2:qa:178,ba18b7c1-21ff-45da-8452-41acce7fc8de__ep2,ep2,test,3660,3699,16.995891571044922,10.932284355163574,0.2068539559841156,0.29650503396987915,0.39749518036842346
medium_40f_stride20:ba18b7c1-21ff-45da-8452-41acce7fc8de__ep2:qa:234,ba18b7c1-21ff-45da-8452-41acce7fc8de__ep2,ep2,test,4800,4839,16.427234649658203,13.53216552734375,0.1080479845404625,0.1948866993188858,0.2356816977262497
medium_40f_stride20:ba18b7c1-21ff-45da-8452-41acce7fc8de__ep2:qa:235,ba18b7c1-21ff-45da-8452-41acce7fc8de__ep2,ep2,test,4820,4859,16.573341369628906,13.372337341308594,0.10830319672822952,0.1959492564201355,0.24060730636119843
medium_40f_stride20:ba18b7c1-21ff-45da-8452-41acce7fc8de__ep2:qa:236,ba18b7c1-21ff-45da-8452-41acce7fc8de__ep2,ep2,test,4840,4879,16.762733459472656,13.182621002197266,0.11569917947053909,0.21686773002147675,0.2585442364215851
medium_40f_stride20:ba18b7c1-21ff-45da-8452-41acce7fc8de__ep2:qa:237,ba18b7c1-21ff-45da-8452-41acce7fc8de__ep2,ep2,test,4860,4899,16.67510414123535,11.905024528503418,0.19314227998256683,0.3433932065963745,0.40077781677246094
medium_40f_stride20:ba18b7c1-21ff-45da-8452-41acce7fc8de__ep2:qa:238,ba18b7c1-21ff-45da-8452-41acce7fc8de__ep2,ep2,test,4880,4919,16.65285873413086,14.475020408630371,0.10070854425430298,0.2004527747631073,0.23401044309139252
medium_40f_stride20:ba18b7c1-21ff-45da-8452-41acce7fc8de__ep2:qa:239,ba18b7c1-21ff-45da-8452-41acce7fc8de__ep2,ep2,test,4900,4939,16.710241317749023,14.04934024810791,0.11848349124193192,0.22156639397144318,0.2598079741001129
medium_40f_stride20:ba18b7c1-21ff-45da-8452-41acce7fc8de__ep2:qa:240,ba18b7c1-21ff-45da-8452-41acce7fc8de__ep2,ep2,test,4920,4959,16.759023666381836,14.024435997009277,0.12822222709655762,0.22913992404937744,0.269304484128952
medium_40f_stride20:ba18b7c1-21ff-45da-8452-41acce7fc8de__ep2:qa:241,ba18b7c1-21ff-45da-8452-41acce7fc8de__ep2,ep2,test,4940,4979,16.6677188873291,12.662882804870605,0.16495737433433533,0.277474969625473,0.3224664330482483
medium_40f_stride20:ba18b7c1-21ff-45da-8452-41acce7fc8de__ep2:qa:242,ba18b7c1-21ff-45da-8452-41acce7fc8de__ep2,ep2,test,4960,4999,16.642147064208984,12.915816307067871,0.1461641788482666,0.25878071784973145,0.3081258237361908
medium_40f_stride20:ba18b7c1-21ff-45da-8452-41acce7fc8de__ep2:qa:243,ba18b7c1-21ff-45da-8452-41acce7fc8de__ep2,ep2,test,4980,5019,16.642147064208984,11.545320510864258,0.19776375591754913,0.33985480666160583,0.4025777578353882
medium_40f_stride20:ba18b7c1-21ff-45da-8452-41acce7fc8de__ep2:qa:244,ba18b7c1-21ff-45da-8452-41acce7fc8de__ep2,ep2,test,5000,5039,17.46433448791504,13.599202156066895,0.26672425866127014,0.39394742250442505,0.5155270099639893
medium_40f_stride20:ba18b7c1-21ff-45da-8452-41acce7fc8de__ep2:qa:245,ba18b7c1-21ff-45da-8452-41acce7fc8de__ep2,ep2,test,5020,5059,17.46433448791504,13.935868263244629,0.2930566072463989,0.4271415174007416,0.5635814070701599
medium_40f_stride20:ba18b7c1-21ff-45da-8452-41acce7fc8de__ep2:qa:246,ba18b7c1-21ff-45da-8452-41acce7fc8de__ep2,ep2,test,5040,5079,14.756657600402832,13.125283241271973,0.21123802661895752,0.3062123656272888,0.42423757910728455
medium_40f_stride20:b6579cb5-0a71-4ca6-8808-1e2700be05c7__ep3:qa:0,b6579cb5-0a71-4ca6-8808-1e2700be05c7__ep3,ep3,test,0,39,12.75728702545166,12.689980506896973,0.03329235687851906,0.05217457935214043,0.07097716629505157
medium_40f_stride20:b6579cb5-0a71-4ca6-8808-1e2700be05c7__ep3:qa:1,b6579cb5-0a71-4ca6-8808-1e2700be05c7__ep3,ep3,test,20,59,12.75728702545166,12.387678146362305,0.04244057089090347,0.06418205052614212,0.0850175991654396
medium_40f_stride20:b6579cb5-0a71-4ca6-8808-1e2700be05c7__ep3:qa:2,b6579cb5-0a71-4ca6-8808-1e2700be05c7__ep3,ep3,test,40,79,12.920134544372559,12.146699905395508,0.04972510039806366,0.07889265567064285,0.10334692895412445
medium_40f_stride20:b6579cb5-0a71-4ca6-8808-1e2700be05c7__ep3:qa:3,b6579cb5-0a71-4ca6-8808-1e2700be05c7__ep3,ep3,test,60,99,12.920134544372559,13.545541763305664,0.040710389614105225,0.07114508002996445,0.09085110574960709
medium_40f_stride20:b6579cb5-0a71-4ca6-8808-1e2700be05c7__ep3:qa:4,b6579cb5-0a71-4ca6-8808-1e2700be05c7__ep3,ep3,test,80,119,13.849803924560547,12.113709449768066,0.07245361804962158,0.11390218138694763,0.15093697607517242
medium_40f_stride20:b6579cb5-0a71-4ca6-8808-1e2700be05c7__ep3:qa:13,b6579cb5-0a71-4ca6-8808-1e2700be05c7__ep3,ep3,test,280,319,12.535041809082031,11.269034385681152,0.07158967852592468,0.09939739853143692,0.1349838674068451
medium_40f_stride20:b6579cb5-0a71-4ca6-8808-1e2700be05c7__ep3:qa:14,b6579cb5-0a71-4ca6-8808-1e2700be05c7__ep3,ep3,test,300,339,12.535041809082031,12.524871826171875,0.06844712793827057,0.09867563098669052,0.131130650639534
medium_40f_stride20:b6579cb5-0a71-4ca6-8808-1e2700be05c7__ep3:qa:15,b6579cb5-0a71-4ca6-8808-1e2700be05c7__ep3,ep3,test,320,359,11.454689979553223,12.331220626831055,0.12684857845306396,0.17184005677700043,0.23383577167987823
medium_40f_stride20:b6579cb5-0a71-4ca6-8808-1e2700be05c7__ep3:qa:16,b6579cb5-0a71-4ca6-8808-1e2700be05c7__ep3,ep3,test,340,379,11.454689979553223,11.986684799194336,0.1095384731888771,0.14790421724319458,0.20540541410446167
medium_40f_stride20:b6579cb5-0a71-4ca6-8808-1e2700be05c7__ep3:qa:17,b6579cb5-0a71-4ca6-8808-1e2700be05c7__ep3,ep3,test,360,399,10.553754806518555,11.360020637512207,0.10306199640035629,0.14970144629478455,0.19588886201381683
medium_40f_stride20:b6579cb5-0a71-4ca6-8808-1e2700be05c7__ep3:qa:48,b6579cb5-0a71-4ca6-8808-1e2700be05c7__ep3,ep3,test,1000,1039,12.266702651977539,11.41802978515625,0.0663425475358963,0.09650517255067825,0.12967118620872498
medium_40f_stride20:b6579cb5-0a71-4ca6-8808-1e2700be05c7__ep3:qa:49,b6579cb5-0a71-4ca6-8808-1e2700be05c7__ep3,ep3,test,1020,1059,12.266702651977539,12.29410457611084,0.051475390791893005,0.0816413089632988,0.09975585341453552
medium_40f_stride20:b6579cb5-0a71-4ca6-8808-1e2700be05c7__ep3:qa:50,b6579cb5-0a71-4ca6-8808-1e2700be05c7__ep3,ep3,test,1040,1079,12.696288108825684,11.171744346618652,0.0775342807173729,0.1117049902677536,0.15096040070056915
medium_40f_stride20:b6579cb5-0a71-4ca6-8808-1e2700be05c7__ep3:qa:51,b6579cb5-0a71-4ca6-8808-1e2700be05c7__ep3,ep3,test,1060,1099,12.696288108825684,13.246644020080566,0.06340467929840088,0.10297979414463043,0.1258576363325119
medium_40f_stride20:b6579cb5-0a71-4ca6-8808-1e2700be05c7__ep3:qa:52,b6579cb5-0a71-4ca6-8808-1e2700be05c7__ep3,ep3,test,1080,1119,13.722723960876465,12.70194149017334,0.05086575448513031,0.07811751961708069,0.10479888319969177
medium_40f_stride20:b6579cb5-0a71-4ca6-8808-1e2700be05c7__ep3:qa:96,b6579cb5-0a71-4ca6-8808-1e2700be05c7__ep3,ep3,test,2000,2039,12.5654878616333,11.16025161743164,0.045009490102529526,0.07166656106710434,0.09166271239519119
medium_40f_stride20:b6579cb5-0a71-4ca6-8808-1e2700be05c7__ep3:qa:97,b6579cb5-0a71-4ca6-8808-1e2700be05c7__ep3,ep3,test,2020,2059,12.776250839233398,10.792259216308594,0.08128250390291214,0.11535840481519699,0.15365102887153625
medium_40f_stride20:b6579cb5-0a71-4ca6-8808-1e2700be05c7__ep3:qa:98,b6579cb5-0a71-4ca6-8808-1e2700be05c7__ep3,ep3,test,2040,2079,12.568338394165039,11.378350257873535,0.09056859463453293,0.12769192457199097,0.17343899607658386
medium_40f_stride20:b6579cb5-0a71-4ca6-8808-1e2700be05c7__ep3:qa:99,b6579cb5-0a71-4ca6-8808-1e2700be05c7__ep3,ep3,test,2060,2099,12.568338394165039,11.91812515258789,0.09245613217353821,0.132585346698761,0.17886555194854736
medium_40f_stride20:b6579cb5-0a71-4ca6-8808-1e2700be05c7__ep3:qa:100,b6579cb5-0a71-4ca6-8808-1e2700be05c7__ep3,ep3,test,2080,2119,12.655632972717285,11.664402961730957,0.09222329407930374,0.12322943657636642,0.17403657734394073
medium_40f_stride20:b6579cb5-0a71-4ca6-8808-1e2700be05c7__ep3:qa:101,b6579cb5-0a71-4ca6-8808-1e2700be05c7__ep3,ep3,test,2100,2139,12.655632972717285,12.863421440124512,0.07768145203590393,0.11072424054145813,0.15240390598773956
medium_40f_stride20:b6579cb5-0a71-4ca6-8808-1e2700be05c7__ep3:qa:115,b6579cb5-0a71-4ca6-8808-1e2700be05c7__ep3,ep3,test,2400,2439,12.659042358398438,13.503089904785156,0.043193839490413666,0.060736943036317825,0.0814574733376503
medium_40f_stride20:b6579cb5-0a71-4ca6-8808-1e2700be05c7__ep3:qa:116,b6579cb5-0a71-4ca6-8808-1e2700be05c7__ep3,ep3,test,2420,2459,12.606590270996094,11.82034969329834,0.04858890548348427,0.07000074535608292,0.09318896383047104
medium_40f_stride20:b6579cb5-0a71-4ca6-8808-1e2700be05c7__ep3:qa:117,b6579cb5-0a71-4ca6-8808-1e2700be05c7__ep3,ep3,test,2440,2479,12.606590270996094,13.870859146118164,0.07043179124593735,0.10392192751169205,0.13460759818553925
medium_40f_stride20:b6579cb5-0a71-4ca6-8808-1e2700be05c7__ep3:qa:118,b6579cb5-0a71-4ca6-8808-1e2700be05c7__ep3,ep3,test,2460,2499,12.606590270996094,13.811657905578613,0.11234541237354279,0.17622010409832,0.2269306629896164
medium_40f_stride20:b6579cb5-0a71-4ca6-8808-1e2700be05c7__ep3:qa:119,b6579cb5-0a71-4ca6-8808-1e2700be05c7__ep3,ep3,test,2480,2519,13.117070198059082,12.17045783996582,0.043806612491607666,0.06796891242265701,0.08778748661279678
medium_40f_stride20:b6579cb5-0a71-4ca6-8808-1e2700be05c7__ep3:qa:120,b6579cb5-0a71-4ca6-8808-1e2700be05c7__ep3,ep3,test,2500,2539,13.140032768249512,13.849175453186035,0.04176462069153786,0.06522879004478455,0.0799342542886734
medium_40f_stride20:b6579cb5-0a71-4ca6-8808-1e2700be05c7__ep3:qa:122,b6579cb5-0a71-4ca6-8808-1e2700be05c7__ep3,ep3,test,2560,2599,13.188165664672852,13.09083366394043,0.031244467943906784,0.050985224545001984,0.06354866176843643
medium_40f_stride20:b6579cb5-0a71-4ca6-8808-1e2700be05c7__ep3:qa:123,b6579cb5-0a71-4ca6-8808-1e2700be05c7__ep3,ep3,test,2580,2619,13.152828216552734,13.847173690795898,0.047071825712919235,0.06741563975811005,0.08946975320577621
medium_40f_stride20:b6579cb5-0a71-4ca6-8808-1e2700be05c7__ep3:qa:124,b6579cb5-0a71-4ca6-8808-1e2700be05c7__ep3,ep3,test,2600,2639,13.281957626342773,13.203805923461914,0.0442773699760437,0.07336241751909256,0.09292317926883698
medium_40f_stride20:b6579cb5-0a71-4ca6-8808-1e2700be05c7__ep3:qa:125,b6579cb5-0a71-4ca6-8808-1e2700be05c7__ep3,ep3,test,2620,2659,13.281957626342773,14.171168327331543,0.028820466250181198,0.04411555454134941,0.05724325031042099
medium_40f_stride20:b6579cb5-0a71-4ca6-8808-1e2700be05c7__ep3:qa:126,b6579cb5-0a71-4ca6-8808-1e2700be05c7__ep3,ep3,test,2640,2679,13.221933364868164,12.276473045349121,0.032341573387384415,0.04809490963816643,0.06462141126394272
medium_40f_stride20:b6579cb5-0a71-4ca6-8808-1e2700be05c7__ep3:qa:127,b6579cb5-0a71-4ca6-8808-1e2700be05c7__ep3,ep3,test,2660,2699,13.221933364868164,11.938909530639648,0.05193662643432617,0.0717180147767067,0.0963934138417244
medium_40f_stride20:b6579cb5-0a71-4ca6-8808-1e2700be05c7__ep3:qa:143,b6579cb5-0a71-4ca6-8808-1e2700be05c7__ep3,ep3,test,3000,3039,12.763882637023926,11.854191780090332,0.049814850091934204,0.06990929692983627,0.09408090263605118
medium_40f_stride20:b6579cb5-0a71-4ca6-8808-1e2700be05c7__ep3:qa:144,b6579cb5-0a71-4ca6-8808-1e2700be05c7__ep3,ep3,test,3020,3059,12.763882637023926,11.80419635772705,0.05663798749446869,0.0799284279346466,0.10693944245576859
medium_40f_stride20:b6579cb5-0a71-4ca6-8808-1e2700be05c7__ep3:qa:145,b6579cb5-0a71-4ca6-8808-1e2700be05c7__ep3,ep3,test,3040,3079,12.463754653930664,12.126956939697266,0.03009304776787758,0.04421384260058403,0.05765900760889053
medium_40f_stride20:b6579cb5-0a71-4ca6-8808-1e2700be05c7__ep3:qa:146,b6579cb5-0a71-4ca6-8808-1e2700be05c7__ep3,ep3,test,3060,3099,12.463754653930664,12.006322860717773,0.023998424410820007,0.03483716398477554,0.048146698623895645
medium_40f_stride20:b6579cb5-0a71-4ca6-8808-1e2700be05c7__ep3:qa:147,b6579cb5-0a71-4ca6-8808-1e2700be05c7__ep3,ep3,test,3080,3119,12.340527534484863,12.595481872558594,0.01931184157729149,0.028135208413004875,0.0383610762655735
medium_40f_stride20:b6579cb5-0a71-4ca6-8808-1e2700be05c7__ep3:qa:156,b6579cb5-0a71-4ca6-8808-1e2700be05c7__ep3,ep3,test,3280,3319,12.606186866760254,12.86742877960205,0.07285336405038834,0.12604054808616638,0.14238454401493073
medium_40f_stride20:b6579cb5-0a71-4ca6-8808-1e2700be05c7__ep3:qa:157,b6579cb5-0a71-4ca6-8808-1e2700be05c7__ep3,ep3,test,3300,3339,12.606186866760254,12.554154396057129,0.07375524193048477,0.12609651684761047,0.14347951114177704
medium_40f_stride20:b6579cb5-0a71-4ca6-8808-1e2700be05c7__ep3:qa:158,b6579cb5-0a71-4ca6-8808-1e2700be05c7__ep3,ep3,test,3320,3359,12.970989227294922,12.133594512939453,0.04358771815896034,0.06413819640874863,0.08735936880111694
medium_40f_stride20:b6579cb5-0a71-4ca6-8808-1e2700be05c7__ep3:qa:159,b6579cb5-0a71-4ca6-8808-1e2700be05c7__ep3,ep3,test,3340,3379,12.970989227294922,12.992669105529785,0.07164563983678818,0.11131274700164795,0.1512327343225479
medium_40f_stride20:b6579cb5-0a71-4ca6-8808-1e2700be05c7__ep3:qa:160,b6579cb5-0a71-4ca6-8808-1e2700be05c7__ep3,ep3,test,3360,3399,12.760732650756836,11.26517391204834,0.06042804941534996,0.0955270379781723,0.1276155561208725
medium_40f_stride20:b6579cb5-0a71-4ca6-8808-1e2700be05c7__ep3:qa:171,b6579cb5-0a71-4ca6-8808-1e2700be05c7__ep3,ep3,test,3600,3639,13.252943992614746,9.252710342407227,0.19887927174568176,0.35290324687957764,0.4670293927192688
medium_40f_stride20:b6579cb5-0a71-4ca6-8808-1e2700be05c7__ep3:qa:172,b6579cb5-0a71-4ca6-8808-1e2700be05c7__ep3,ep3,test,3620,3659,8.477210998535156,11.22775650024414,0.2026158571243286,0.3578924834728241,0.48037412762641907
medium_40f_stride20:b6579cb5-0a71-4ca6-8808-1e2700be05c7__ep3:qa:173,b6579cb5-0a71-4ca6-8808-1e2700be05c7__ep3,ep3,test,3640,3679,10.878166198730469,12.392107009887695,0.2232448160648346,0.3968423008918762,0.5285881161689758
medium_40f_stride20:b6579cb5-0a71-4ca6-8808-1e2700be05c7__ep3:qa:174,b6579cb5-0a71-4ca6-8808-1e2700be05c7__ep3,ep3,test,3660,3699,10.878166198730469,11.738365173339844,0.21191327273845673,0.3894357979297638,0.5111503601074219
medium_40f_stride20:b6579cb5-0a71-4ca6-8808-1e2700be05c7__ep3:qa:175,b6579cb5-0a71-4ca6-8808-1e2700be05c7__ep3,ep3,test,3680,3719,12.302828788757324,10.953435897827148,0.1758671998977661,0.31092578172683716,0.4088580310344696
medium_40f_stride20:b6579cb5-0a71-4ca6-8808-1e2700be05c7__ep3:qa:176,b6579cb5-0a71-4ca6-8808-1e2700be05c7__ep3,ep3,test,3700,3739,12.302828788757324,7.532818794250488,0.1503816395998001,0.2619045376777649,0.34685570001602173
medium_40f_stride20:b6579cb5-0a71-4ca6-8808-1e2700be05c7__ep3:qa:190,b6579cb5-0a71-4ca6-8808-1e2700be05c7__ep3,ep3,test,4000,4039,13.329635620117188,11.35200023651123,0.061671387404203415,0.09371159970760345,0.12303485721349716
medium_40f_stride20:b6579cb5-0a71-4ca6-8808-1e2700be05c7__ep3:qa:191,b6579cb5-0a71-4ca6-8808-1e2700be05c7__ep3,ep3,test,4020,4059,13.438257217407227,10.876795768737793,0.06777118146419525,0.10311945527791977,0.13557469844818115
medium_40f_stride20:b6579cb5-0a71-4ca6-8808-1e2700be05c7__ep3:qa:192,b6579cb5-0a71-4ca6-8808-1e2700be05c7__ep3,ep3,test,4040,4079,13.475359916687012,11.437015533447266,0.06877556443214417,0.09622996300458908,0.1285741776227951
medium_40f_stride20:b6579cb5-0a71-4ca6-8808-1e2700be05c7__ep3:qa:193,b6579cb5-0a71-4ca6-8808-1e2700be05c7__ep3,ep3,test,4060,4099,13.475359916687012,11.243020057678223,0.05870402976870537,0.09155221283435822,0.122020423412323
medium_40f_stride20:b6579cb5-0a71-4ca6-8808-1e2700be05c7__ep3:qa:194,b6579cb5-0a71-4ca6-8808-1e2700be05c7__ep3,ep3,test,4080,4119,13.22288703918457,9.303406715393066,0.07585178315639496,0.13785487413406372,0.17082329094409943
medium_40f_stride20:b6579cb5-0a71-4ca6-8808-1e2700be05c7__ep3:qa:195,b6579cb5-0a71-4ca6-8808-1e2700be05c7__ep3,ep3,test,4100,4139,13.22288703918457,11.173611640930176,0.05930481478571892,0.09045049548149109,0.11687745898962021
medium_40f_stride20:b6579cb5-0a71-4ca6-8808-1e2700be05c7__ep3:qa:201,b6579cb5-0a71-4ca6-8808-1e2700be05c7__ep3,ep3,test,4240,4279,12.499109268188477,10.446741104125977,0.05164014548063278,0.083548903465271,0.11487521976232529
medium_40f_stride20:b6579cb5-0a71-4ca6-8808-1e2700be05c7__ep3:qa:202,b6579cb5-0a71-4ca6-8808-1e2700be05c7__ep3,ep3,test,4260,4299,12.62804126739502,11.372147560119629,0.07185953110456467,0.09951023012399673,0.13342349231243134
medium_40f_stride20:b6579cb5-0a71-4ca6-8808-1e2700be05c7__ep3:qa:203,b6579cb5-0a71-4ca6-8808-1e2700be05c7__ep3,ep3,test,4280,4319,12.62804126739502,12.659960746765137,0.04359237104654312,0.06083347648382187,0.08373409509658813
medium_40f_stride20:b6579cb5-0a71-4ca6-8808-1e2700be05c7__ep3:qa:204,b6579cb5-0a71-4ca6-8808-1e2700be05c7__ep3,ep3,test,4300,4339,12.62804126739502,12.904242515563965,0.05599280074238777,0.07828883081674576,0.10674811154603958
medium_40f_stride20:b6579cb5-0a71-4ca6-8808-1e2700be05c7__ep3:qa:205,b6579cb5-0a71-4ca6-8808-1e2700be05c7__ep3,ep3,test,4320,4359,12.531554222106934,13.260622024536133,0.037296295166015625,0.05647432059049606,0.07467004656791687
medium_40f_stride20:b6579cb5-0a71-4ca6-8808-1e2700be05c7__ep3:qa:206,b6579cb5-0a71-4ca6-8808-1e2700be05c7__ep3,ep3,test,4340,4379,13.484736442565918,8.64256763458252,0.11143970489501953,0.1861778199672699,0.24029120802879333
medium_40f_stride20:b6579cb5-0a71-4ca6-8808-1e2700be05c7__ep3:qa:208,b6579cb5-0a71-4ca6-8808-1e2700be05c7__ep3,ep3,test,4400,4439,13.4664306640625,11.766765594482422,0.06318924576044083,0.09833712875843048,0.1248173862695694
medium_40f_stride20:b6579cb5-0a71-4ca6-8808-1e2700be05c7__ep3:qa:209,b6579cb5-0a71-4ca6-8808-1e2700be05c7__ep3,ep3,test,4420,4459,13.486823081970215,10.434556007385254,0.09523719549179077,0.14283226430416107,0.18854166567325592
medium_40f_stride20:b6579cb5-0a71-4ca6-8808-1e2700be05c7__ep3:qa:210,b6579cb5-0a71-4ca6-8808-1e2700be05c7__ep3,ep3,test,4440,4479,13.539491653442383,11.070047378540039,0.08628808706998825,0.12592284381389618,0.17130888998508453
medium_40f_stride20:b6579cb5-0a71-4ca6-8808-1e2700be05c7__ep3:qa:211,b6579cb5-0a71-4ca6-8808-1e2700be05c7__ep3,ep3,test,4460,4499,13.539491653442383,9.747310638427734,0.0987049862742424,0.16092433035373688,0.21452133357524872
medium_40f_stride20:b6579cb5-0a71-4ca6-8808-1e2700be05c7__ep3:qa:212,b6579cb5-0a71-4ca6-8808-1e2700be05c7__ep3,ep3,test,4480,4519,13.219779968261719,10.594426155090332,0.08108371496200562,0.1223006471991539,0.1622917205095291
medium_40f_stride20:b6579cb5-0a71-4ca6-8808-1e2700be05c7__ep3:qa:213,b6579cb5-0a71-4ca6-8808-1e2700be05c7__ep3,ep3,test,4500,4539,13.219779968261719,11.475983619689941,0.0861811563372612,0.1262892186641693,0.16438426077365875
medium_40f_stride20:b6579cb5-0a71-4ca6-8808-1e2700be05c7__ep3:qa:219,b6579cb5-0a71-4ca6-8808-1e2700be05c7__ep3,ep3,test,4640,4679,12.471607208251953,16.718971252441406,0.12177952378988266,0.1868295669555664,0.2248806655406952
medium_40f_stride20:b6579cb5-0a71-4ca6-8808-1e2700be05c7__ep3:qa:220,b6579cb5-0a71-4ca6-8808-1e2700be05c7__ep3,ep3,test,4660,4699,12.471607208251953,16.07073211669922,0.09928874671459198,0.15909790992736816,0.1932183802127838
medium_40f_stride20:b6579cb5-0a71-4ca6-8808-1e2700be05c7__ep3:qa:221,b6579cb5-0a71-4ca6-8808-1e2700be05c7__ep3,ep3,test,4680,4719,12.471607208251953,12.660998344421387,0.028429031372070312,0.04545450210571289,0.05768018960952759
medium_40f_stride20:b6579cb5-0a71-4ca6-8808-1e2700be05c7__ep3:qa:222,b6579cb5-0a71-4ca6-8808-1e2700be05c7__ep3,ep3,test,4700,4739,12.471607208251953,14.047107696533203,0.04835239425301552,0.0744057148694992,0.0954388827085495
medium_40f_stride20:b6579cb5-0a71-4ca6-8808-1e2700be05c7__ep3:qa:223,b6579cb5-0a71-4ca6-8808-1e2700be05c7__ep3,ep3,test,4720,4759,12.583362579345703,14.35336685180664,0.05984607711434364,0.08860454708337784,0.1146920919418335
medium_40f_stride20:b6579cb5-0a71-4ca6-8808-1e2700be05c7__ep3:qa:226,b6579cb5-0a71-4ca6-8808-1e2700be05c7__ep3,ep3,test,4800,4839,10.031332969665527,11.324258804321289,0.08351395279169083,0.12835639715194702,0.1547498255968094
medium_40f_stride20:b6579cb5-0a71-4ca6-8808-1e2700be05c7__ep3:qa:227,b6579cb5-0a71-4ca6-8808-1e2700be05c7__ep3,ep3,test,4820,4859,10.409183502197266,12.150665283203125,0.08814080059528351,0.13798116147518158,0.16529127955436707
medium_40f_stride20:b6579cb5-0a71-4ca6-8808-1e2700be05c7__ep3:qa:228,b6579cb5-0a71-4ca6-8808-1e2700be05c7__ep3,ep3,test,4840,4879,12.63083553314209,11.389264106750488,0.0925593227148056,0.13793344795703888,0.17935611307621002
medium_40f_stride20:b6579cb5-0a71-4ca6-8808-1e2700be05c7__ep3:qa:229,b6579cb5-0a71-4ca6-8808-1e2700be05c7__ep3,ep3,test,4880,4919,13.564739227294922,9.545266151428223,0.08814234286546707,0.15099313855171204,0.192169651389122
medium_40f_stride20:b6579cb5-0a71-4ca6-8808-1e2700be05c7__ep3:qa:230,b6579cb5-0a71-4ca6-8808-1e2700be05c7__ep3,ep3,test,4900,4939,13.564739227294922,12.279462814331055,0.07044357806444168,0.104400135576725,0.13339118659496307
medium_40f_stride20:b6579cb5-0a71-4ca6-8808-1e2700be05c7__ep3:qa:231,b6579cb5-0a71-4ca6-8808-1e2700be05c7__ep3,ep3,test,4920,4959,13.571674346923828,13.246392250061035,0.07366980612277985,0.1370457112789154,0.16088445484638214
medium_40f_stride20:b6579cb5-0a71-4ca6-8808-1e2700be05c7__ep3:qa:232,b6579cb5-0a71-4ca6-8808-1e2700be05c7__ep3,ep3,test,4940,4979,13.254691123962402,11.190731048583984,0.09801431000232697,0.13367141783237457,0.1902002990245819
medium_40f_stride20:b6579cb5-0a71-4ca6-8808-1e2700be05c7__ep3:qa:233,b6579cb5-0a71-4ca6-8808-1e2700be05c7__ep3,ep3,test,4960,4999,13.198695182800293,11.0250825881958,0.06849967688322067,0.10556747764348984,0.1354602575302124
medium_40f_stride20:b6579cb5-0a71-4ca6-8808-1e2700be05c7__ep3:qa:234,b6579cb5-0a71-4ca6-8808-1e2700be05c7__ep3,ep3,test,5000,5039,13.113886833190918,13.553603172302246,0.03369783237576485,0.04901197552680969,0.06821580976247787
medium_40f_stride20:b6579cb5-0a71-4ca6-8808-1e2700be05c7__ep3:qa:235,b6579cb5-0a71-4ca6-8808-1e2700be05c7__ep3,ep3,test,5020,5059,13.113886833190918,12.928543090820312,0.030299628153443336,0.04732499644160271,0.06544610112905502
medium_40f_stride20:b6579cb5-0a71-4ca6-8808-1e2700be05c7__ep3:qa:236,b6579cb5-0a71-4ca6-8808-1e2700be05c7__ep3,ep3,test,5040,5079,13.0343656539917,13.341658592224121,0.03967089578509331,0.07338330149650574,0.09032683819532394
medium_40f_stride20:b6579cb5-0a71-4ca6-8808-1e2700be05c7__ep3:qa:237,b6579cb5-0a71-4ca6-8808-1e2700be05c7__ep3,ep3,test,5060,5099,12.999959945678711,13.125642776489258,0.049820151180028915,0.08184172958135605,0.10591501742601395
medium_40f_stride20:b6579cb5-0a71-4ca6-8808-1e2700be05c7__ep3:qa:238,b6579cb5-0a71-4ca6-8808-1e2700be05c7__ep3,ep3,test,5080,5119,13.134367942810059,13.98980712890625,0.05010858178138733,0.072611965239048,0.09198763221502304
medium_40f_stride20:b6579cb5-0a71-4ca6-8808-1e2700be05c7__ep3:qa:239,b6579cb5-0a71-4ca6-8808-1e2700be05c7__ep3,ep3,test,5120,5159,13.264172554016113,15.046804428100586,0.08029790967702866,0.11471021175384521,0.1492946743965149
medium_40f_stride20:b6579cb5-0a71-4ca6-8808-1e2700be05c7__ep3:qa:240,b6579cb5-0a71-4ca6-8808-1e2700be05c7__ep3,ep3,test,5140,5179,13.463295936584473,15.416125297546387,0.080897755920887,0.11825025081634521,0.15399092435836792
medium_40f_stride20:b6579cb5-0a71-4ca6-8808-1e2700be05c7__ep3:qa:241,b6579cb5-0a71-4ca6-8808-1e2700be05c7__ep3,ep3,test,5160,5199,13.463295936584473,14.751561164855957,0.06608962267637253,0.0977247878909111,0.1289215087890625
medium_40f_stride20:b6579cb5-0a71-4ca6-8808-1e2700be05c7__ep3:qa:242,b6579cb5-0a71-4ca6-8808-1e2700be05c7__ep3,ep3,test,5180,5219,13.463295936584473,14.62759780883789,0.046648815274238586,0.07328976690769196,0.09934433549642563
medium_40f_stride20:b6579cb5-0a71-4ca6-8808-1e2700be05c7__ep3:qa:243,b6579cb5-0a71-4ca6-8808-1e2700be05c7__ep3,ep3,test,5200,5239,13.452911376953125,13.664607048034668,0.04401044920086861,0.06718921661376953,0.09291943907737732
medium_40f_stride20:b6579cb5-0a71-4ca6-8808-1e2700be05c7__ep3:qa:244,b6579cb5-0a71-4ca6-8808-1e2700be05c7__ep3,ep3,test,5220,5259,13.3373384475708,13.773174285888672,0.06345269083976746,0.10179727524518967,0.13437095284461975
medium_40f_stride20:b6579cb5-0a71-4ca6-8808-1e2700be05c7__ep3:qa:246,b6579cb5-0a71-4ca6-8808-1e2700be05c7__ep3,ep3,test,5280,5319,13.296079635620117,13.118398666381836,0.05535058677196503,0.08922924846410751,0.11558236926794052
medium_40f_stride20:b6579cb5-0a71-4ca6-8808-1e2700be05c7__ep3:qa:247,b6579cb5-0a71-4ca6-8808-1e2700be05c7__ep3,ep3,test,5300,5339,13.296079635620117,14.312019348144531,0.0577680878341198,0.09337778389453888,0.12563858926296234
medium_40f_stride20:b6579cb5-0a71-4ca6-8808-1e2700be05c7__ep3:qa:248,b6579cb5-0a71-4ca6-8808-1e2700be05c7__ep3,ep3,test,5320,5359,13.708870887756348,13.793663024902344,0.054391346871852875,0.08778949826955795,0.10877686738967896
medium_40f_stride20:b6579cb5-0a71-4ca6-8808-1e2700be05c7__ep3:qa:249,b6579cb5-0a71-4ca6-8808-1e2700be05c7__ep3,ep3,test,5340,5379,13.708870887756348,13.24138355255127,0.06396026909351349,0.10649871826171875,0.13574188947677612
medium_40f_stride20:b6579cb5-0a71-4ca6-8808-1e2700be05c7__ep3:qa:250,b6579cb5-0a71-4ca6-8808-1e2700be05c7__ep3,ep3,test,5360,5399,13.69974136352539,11.037321090698242,0.08060058951377869,0.12227783352136612,0.16577519476413727
long_80f_stride40:8a8e1b3c-607e-4ada-b3fd-fa639727e92c__ep1:qa:0,8a8e1b3c-607e-4ada-b3fd-fa639727e92c__ep1,ep1,test,0,79,14.14816951751709,10.0960693359375,0.2333013266324997,0.3869944214820862,0.5213426947593689
long_80f_stride40:8a8e1b3c-607e-4ada-b3fd-fa639727e92c__ep1:qa:1,8a8e1b3c-607e-4ada-b3fd-fa639727e92c__ep1,ep1,test,40,119,14.637798309326172,10.048176765441895,0.2894461750984192,0.4584899842739105,0.6021245718002319
long_80f_stride40:8a8e1b3c-607e-4ada-b3fd-fa639727e92c__ep1:qa:2,8a8e1b3c-607e-4ada-b3fd-fa639727e92c__ep1,ep1,test,80,159,17.81232261657715,11.029133796691895,0.296438604593277,0.46524474024772644,0.6401544809341431
long_80f_stride40:8a8e1b3c-607e-4ada-b3fd-fa639727e92c__ep1:qa:3,8a8e1b3c-607e-4ada-b3fd-fa639727e92c__ep1,ep1,test,120,199,19.672571182250977,12.519513130187988,0.26705071330070496,0.45776793360710144,0.6182845830917358
long_80f_stride40:8a8e1b3c-607e-4ada-b3fd-fa639727e92c__ep1:qa:4,8a8e1b3c-607e-4ada-b3fd-fa639727e92c__ep1,ep1,test,160,239,21.582698822021484,21.883642196655273,0.31485849618911743,0.4743541181087494,0.6251821517944336
long_80f_stride40:8a8e1b3c-607e-4ada-b3fd-fa639727e92c__ep1:qa:5,8a8e1b3c-607e-4ada-b3fd-fa639727e92c__ep1,ep1,test,200,279,20.97184944152832,11.360407829284668,0.39811334013938904,0.5970792770385742,0.8469743728637695
long_80f_stride40:8a8e1b3c-607e-4ada-b3fd-fa639727e92c__ep1:qa:6,8a8e1b3c-607e-4ada-b3fd-fa639727e92c__ep1,ep1,test,240,319,0.0,11.256277084350586,0.22920650243759155,0.37901854515075684,0.4533041715621948
long_80f_stride40:8a8e1b3c-607e-4ada-b3fd-fa639727e92c__ep1:qa:7,8a8e1b3c-607e-4ada-b3fd-fa639727e92c__ep1,ep1,test,280,359,0.0,9.810011863708496,0.19927746057510376,0.3303202986717224,0.39171600341796875
long_80f_stride40:8a8e1b3c-607e-4ada-b3fd-fa639727e92c__ep1:qa:8,8a8e1b3c-607e-4ada-b3fd-fa639727e92c__ep1,ep1,test,320,399,0.0,6.796719551086426,0.1539040207862854,0.22885745763778687,0.30423295497894287
long_80f_stride40:8a8e1b3c-607e-4ada-b3fd-fa639727e92c__ep1:qa:9,8a8e1b3c-607e-4ada-b3fd-fa639727e92c__ep1,ep1,test,400,479,25.239425659179688,11.191905975341797,0.36908596754074097,0.6460762619972229,0.7715904712677002
long_80f_stride40:8a8e1b3c-607e-4ada-b3fd-fa639727e92c__ep1:qa:10,8a8e1b3c-607e-4ada-b3fd-fa639727e92c__ep1,ep1,test,440,519,24.490449905395508,11.951083183288574,0.3324660360813141,0.5732424855232239,0.6989690661430359
long_80f_stride40:8a8e1b3c-607e-4ada-b3fd-fa639727e92c__ep1:qa:11,8a8e1b3c-607e-4ada-b3fd-fa639727e92c__ep1,ep1,test,480,559,24.054916381835938,19.053241729736328,0.14846985042095184,0.23906497657299042,0.3139215111732483
long_80f_stride40:8a8e1b3c-607e-4ada-b3fd-fa639727e92c__ep1:qa:12,8a8e1b3c-607e-4ada-b3fd-fa639727e92c__ep1,ep1,test,520,599,23.765316009521484,10.14419174194336,0.33601415157318115,0.5337603688240051,0.667070746421814
long_80f_stride40:8a8e1b3c-607e-4ada-b3fd-fa639727e92c__ep1:qa:13,8a8e1b3c-607e-4ada-b3fd-fa639727e92c__ep1,ep1,test,560,639,22.02642250061035,10.400389671325684,0.2793195843696594,0.4607486426830292,0.5860877633094788
long_80f_stride40:8a8e1b3c-607e-4ada-b3fd-fa639727e92c__ep1:qa:14,8a8e1b3c-607e-4ada-b3fd-fa639727e92c__ep1,ep1,test,600,679,23.890201568603516,11.668989181518555,0.282559335231781,0.47130173444747925,0.5736188888549805
long_80f_stride40:8a8e1b3c-607e-4ada-b3fd-fa639727e92c__ep1:qa:15,8a8e1b3c-607e-4ada-b3fd-fa639727e92c__ep1,ep1,test,640,719,23.890201568603516,7.652042865753174,0.35693129897117615,0.6147629618644714,0.7151036262512207
long_80f_stride40:8a8e1b3c-607e-4ada-b3fd-fa639727e92c__ep1:qa:16,8a8e1b3c-607e-4ada-b3fd-fa639727e92c__ep1,ep1,test,680,759,23.890201568603516,6.911989212036133,0.45402175188064575,0.7157720327377319,0.8936979174613953
long_80f_stride40:8a8e1b3c-607e-4ada-b3fd-fa639727e92c__ep1:qa:20,8a8e1b3c-607e-4ada-b3fd-fa639727e92c__ep1,ep1,test,920,999,24.890247344970703,13.712912559509277,0.3082210421562195,0.575054407119751,0.696867823600769
long_80f_stride40:8a8e1b3c-607e-4ada-b3fd-fa639727e92c__ep1:qa:21,8a8e1b3c-607e-4ada-b3fd-fa639727e92c__ep1,ep1,test,1000,1079,19.690031051635742,17.892770767211914,0.2759648263454437,0.3791692852973938,0.5494746565818787
long_80f_stride40:8a8e1b3c-607e-4ada-b3fd-fa639727e92c__ep1:qa:22,8a8e1b3c-607e-4ada-b3fd-fa639727e92c__ep1,ep1,test,1040,1119,14.74264144897461,9.201266288757324,0.20508994162082672,0.28887027502059937,0.38954630494117737
long_80f_stride40:8a8e1b3c-607e-4ada-b3fd-fa639727e92c__ep1:qa:23,8a8e1b3c-607e-4ada-b3fd-fa639727e92c__ep1,ep1,test,1080,1159,13.467475891113281,12.590425491333008,0.17630024254322052,0.26135462522506714,0.326250284910202
long_80f_stride40:8a8e1b3c-607e-4ada-b3fd-fa639727e92c__ep1:qa:24,8a8e1b3c-607e-4ada-b3fd-fa639727e92c__ep1,ep1,test,1120,1199,13.467475891113281,14.865801811218262,0.0669710710644722,0.1378677785396576,0.15347684919834137
long_80f_stride40:8a8e1b3c-607e-4ada-b3fd-fa639727e92c__ep1:qa:25,8a8e1b3c-607e-4ada-b3fd-fa639727e92c__ep1,ep1,test,1160,1239,13.901392936706543,8.612897872924805,0.1908426284790039,0.26895609498023987,0.3809513449668884
long_80f_stride40:8a8e1b3c-607e-4ada-b3fd-fa639727e92c__ep1:qa:26,8a8e1b3c-607e-4ada-b3fd-fa639727e92c__ep1,ep1,test,1240,1319,14.568140029907227,10.11397647857666,0.26989299058914185,0.384475976228714,0.5662793517112732
long_80f_stride40:8a8e1b3c-607e-4ada-b3fd-fa639727e92c__ep1:qa:27,8a8e1b3c-607e-4ada-b3fd-fa639727e92c__ep1,ep1,test,1280,1359,14.568140029907227,10.535847663879395,0.30264413356781006,0.4175908863544464,0.6258553266525269
long_80f_stride40:8a8e1b3c-607e-4ada-b3fd-fa639727e92c__ep1:qa:28,8a8e1b3c-607e-4ada-b3fd-fa639727e92c__ep1,ep1,test,1320,1399,0.0,12.536272048950195,0.2791309356689453,0.42211824655532837,0.5082865357398987
long_80f_stride40:8a8e1b3c-607e-4ada-b3fd-fa639727e92c__ep1:qa:29,8a8e1b3c-607e-4ada-b3fd-fa639727e92c__ep1,ep1,test,1400,1479,17.915679931640625,8.429397583007812,0.3473612070083618,0.47376325726509094,0.6843252182006836
long_80f_stride40:8a8e1b3c-607e-4ada-b3fd-fa639727e92c__ep1:qa:30,8a8e1b3c-607e-4ada-b3fd-fa639727e92c__ep1,ep1,test,1440,1519,16.622661590576172,10.01024055480957,0.3939625024795532,0.5158256888389587,0.7426896691322327
long_80f_stride40:8a8e1b3c-607e-4ada-b3fd-fa639727e92c__ep1:qa:31,8a8e1b3c-607e-4ada-b3fd-fa639727e92c__ep1,ep1,test,1480,1559,0.0,9.976377487182617,0.19990608096122742,0.33592209219932556,0.4198274612426758
long_80f_stride40:8a8e1b3c-607e-4ada-b3fd-fa639727e92c__ep1:qa:32,8a8e1b3c-607e-4ada-b3fd-fa639727e92c__ep1,ep1,test,1520,1599,12.124356269836426,7.875544548034668,0.2689419388771057,0.3659259080886841,0.5202653408050537
long_80f_stride40:8a8e1b3c-607e-4ada-b3fd-fa639727e92c__ep1:qa:33,8a8e1b3c-607e-4ada-b3fd-fa639727e92c__ep1,ep1,test,1560,1639,12.53443717956543,8.044746398925781,0.27595043182373047,0.3679065704345703,0.5363157987594604
long_80f_stride40:8a8e1b3c-607e-4ada-b3fd-fa639727e92c__ep1:qa:34,8a8e1b3c-607e-4ada-b3fd-fa639727e92c__ep1,ep1,test,1600,1679,9.136445999145508,4.352416038513184,0.13093656301498413,0.2076743096113205,0.2866057753562927
long_80f_stride40:8a8e1b3c-607e-4ada-b3fd-fa639727e92c__ep1:qa:35,8a8e1b3c-607e-4ada-b3fd-fa639727e92c__ep1,ep1,test,1640,1719,8.165404319763184,9.394120216369629,0.06797464936971664,0.0899106115102768,0.13121764361858368
long_80f_stride40:8a8e1b3c-607e-4ada-b3fd-fa639727e92c__ep1:qa:36,8a8e1b3c-607e-4ada-b3fd-fa639727e92c__ep1,ep1,test,1680,1759,8.165404319763184,10.086254119873047,0.07698704302310944,0.11088982969522476,0.1517445296049118
long_80f_stride40:8a8e1b3c-607e-4ada-b3fd-fa639727e92c__ep1:qa:37,8a8e1b3c-607e-4ada-b3fd-fa639727e92c__ep1,ep1,test,1720,1799,7.748260498046875,10.283918380737305,0.11054406315088272,0.1700488179922104,0.23810678720474243
long_80f_stride40:8a8e1b3c-607e-4ada-b3fd-fa639727e92c__ep1:qa:38,8a8e1b3c-607e-4ada-b3fd-fa639727e92c__ep1,ep1,test,1800,1879,8.186223983764648,10.186663627624512,0.09070006757974625,0.14470961689949036,0.1722186654806137
long_80f_stride40:8a8e1b3c-607e-4ada-b3fd-fa639727e92c__ep1:qa:39,8a8e1b3c-607e-4ada-b3fd-fa639727e92c__ep1,ep1,test,1840,1919,7.655468940734863,10.250722885131836,0.10523149371147156,0.14457952976226807,0.20147225260734558
long_80f_stride40:8a8e1b3c-607e-4ada-b3fd-fa639727e92c__ep1:qa:40,8a8e1b3c-607e-4ada-b3fd-fa639727e92c__ep1,ep1,test,1880,1959,7.655468940734863,7.348164081573486,0.042713798582553864,0.0639442428946495,0.08604788780212402
long_80f_stride40:8a8e1b3c-607e-4ada-b3fd-fa639727e92c__ep1:qa:41,8a8e1b3c-607e-4ada-b3fd-fa639727e92c__ep1,ep1,test,1920,1999,7.629258632659912,11.758676528930664,0.10839079320430756,0.17078915238380432,0.21323616802692413
long_80f_stride40:8a8e1b3c-607e-4ada-b3fd-fa639727e92c__ep1:qa:42,8a8e1b3c-607e-4ada-b3fd-fa639727e92c__ep1,ep1,test,2000,2079,16.812246322631836,10.48154354095459,0.25231340527534485,0.4161406457424164,0.5557360649108887
long_80f_stride40:8a8e1b3c-607e-4ada-b3fd-fa639727e92c__ep1:qa:43,8a8e1b3c-607e-4ada-b3fd-fa639727e92c__ep1,ep1,test,2040,2119,20.475475311279297,12.837950706481934,0.37962713837623596,0.6750583648681641,0.9092847108840942
long_80f_stride40:8a8e1b3c-607e-4ada-b3fd-fa639727e92c__ep1:qa:44,8a8e1b3c-607e-4ada-b3fd-fa639727e92c__ep1,ep1,test,2080,2159,23.897241592407227,10.023397445678711,0.4051437973976135,0.7186427116394043,0.9569476842880249
long_80f_stride40:8a8e1b3c-607e-4ada-b3fd-fa639727e92c__ep1:qa:45,8a8e1b3c-607e-4ada-b3fd-fa639727e92c__ep1,ep1,test,2120,2199,26.266101837158203,14.455652236938477,0.321981281042099,0.670071005821228,0.8491191864013672
long_80f_stride40:8a8e1b3c-607e-4ada-b3fd-fa639727e92c__ep1:qa:46,8a8e1b3c-607e-4ada-b3fd-fa639727e92c__ep1,ep1,test,2160,2239,25.36989402770996,20.8514404296875,0.21197371184825897,0.33064034581184387,0.4439047574996948
long_80f_stride40:8a8e1b3c-607e-4ada-b3fd-fa639727e92c__ep1:qa:47,8a8e1b3c-607e-4ada-b3fd-fa639727e92c__ep1,ep1,test,2200,2279,21.13670539855957,28.725309371948242,0.4702771306037903,0.6882058382034302,0.9248235821723938
long_80f_stride40:8a8e1b3c-607e-4ada-b3fd-fa639727e92c__ep1:qa:48,8a8e1b3c-607e-4ada-b3fd-fa639727e92c__ep1,ep1,test,2240,2319,14.279290199279785,11.232463836669922,0.2135678380727768,0.29999253153800964,0.41959866881370544
long_80f_stride40:8a8e1b3c-607e-4ada-b3fd-fa639727e92c__ep1:qa:49,8a8e1b3c-607e-4ada-b3fd-fa639727e92c__ep1,ep1,test,2280,2359,14.279290199279785,6.987481594085693,0.22239503264427185,0.30661600828170776,0.4458285868167877
long_80f_stride40:8a8e1b3c-607e-4ada-b3fd-fa639727e92c__ep1:qa:50,8a8e1b3c-607e-4ada-b3fd-fa639727e92c__ep1,ep1,test,2320,2399,15.740436553955078,13.468982696533203,0.17245356738567352,0.24050219357013702,0.32921290397644043
long_80f_stride40:8a8e1b3c-607e-4ada-b3fd-fa639727e92c__ep1:qa:51,8a8e1b3c-607e-4ada-b3fd-fa639727e92c__ep1,ep1,test,2400,2479,16.776113510131836,10.961751937866211,0.1390373855829239,0.22416824102401733,0.2852887511253357
long_80f_stride40:8a8e1b3c-607e-4ada-b3fd-fa639727e92c__ep1:qa:52,8a8e1b3c-607e-4ada-b3fd-fa639727e92c__ep1,ep1,test,2440,2519,18.710195541381836,5.249449729919434,0.3632546663284302,0.549510657787323,0.6866343021392822
long_80f_stride40:8a8e1b3c-607e-4ada-b3fd-fa639727e92c__ep1:qa:53,8a8e1b3c-607e-4ada-b3fd-fa639727e92c__ep1,ep1,test,2520,2599,0.0,6.380908489227295,0.12548255920410156,0.21485635638237,0.2530490458011627
long_80f_stride40:8a8e1b3c-607e-4ada-b3fd-fa639727e92c__ep1:qa:54,8a8e1b3c-607e-4ada-b3fd-fa639727e92c__ep1,ep1,test,2560,2639,0.0,6.490433216094971,0.12247797846794128,0.21854424476623535,0.26034268736839294
long_80f_stride40:8a8e1b3c-607e-4ada-b3fd-fa639727e92c__ep1:qa:55,8a8e1b3c-607e-4ada-b3fd-fa639727e92c__ep1,ep1,test,2600,2679,0.0,14.061827659606934,0.2839909493923187,0.47348639369010925,0.6545887589454651
long_80f_stride40:8a8e1b3c-607e-4ada-b3fd-fa639727e92c__ep1:qa:56,8a8e1b3c-607e-4ada-b3fd-fa639727e92c__ep1,ep1,test,2680,2759,0.0,8.637792587280273,0.1416119933128357,0.29084962606430054,0.3489680290222168
long_80f_stride40:8a8e1b3c-607e-4ada-b3fd-fa639727e92c__ep1:qa:57,8a8e1b3c-607e-4ada-b3fd-fa639727e92c__ep1,ep1,test,2720,2799,0.0,4.179464340209961,0.07939845323562622,0.1407298892736435,0.17067070305347443
long_80f_stride40:8a8e1b3c-607e-4ada-b3fd-fa639727e92c__ep1:qa:58,8a8e1b3c-607e-4ada-b3fd-fa639727e92c__ep1,ep1,test,2800,2879,12.819459915161133,4.817300319671631,0.2201702743768692,0.3350348174571991,0.4349322021007538
long_80f_stride40:8a8e1b3c-607e-4ada-b3fd-fa639727e92c__ep1:qa:59,8a8e1b3c-607e-4ada-b3fd-fa639727e92c__ep1,ep1,test,2840,2919,13.629424095153809,10.90134334564209,0.2989591360092163,0.4216192960739136,0.6318470239639282
long_80f_stride40:8a8e1b3c-607e-4ada-b3fd-fa639727e92c__ep1:qa:60,8a8e1b3c-607e-4ada-b3fd-fa639727e92c__ep1,ep1,test,2880,2959,13.629424095153809,11.39100170135498,0.30254483222961426,0.4259846806526184,0.6385853886604309
long_80f_stride40:8a8e1b3c-607e-4ada-b3fd-fa639727e92c__ep1:qa:61,8a8e1b3c-607e-4ada-b3fd-fa639727e92c__ep1,ep1,test,2920,2999,0.0,12.304369926452637,0.21581332385540009,0.4143097400665283,0.48504990339279175
long_80f_stride40:8a8e1b3c-607e-4ada-b3fd-fa639727e92c__ep1:qa:62,8a8e1b3c-607e-4ada-b3fd-fa639727e92c__ep1,ep1,test,3000,3079,0.0,3.4475057125091553,0.07389674335718155,0.1160835474729538,0.16124027967453003
long_80f_stride40:8a8e1b3c-607e-4ada-b3fd-fa639727e92c__ep1:qa:63,8a8e1b3c-607e-4ada-b3fd-fa639727e92c__ep1,ep1,test,3040,3119,0.0,1.9877830743789673,0.045224811881780624,0.06693214178085327,0.0936635360121727
long_80f_stride40:8a8e1b3c-607e-4ada-b3fd-fa639727e92c__ep1:qa:64,8a8e1b3c-607e-4ada-b3fd-fa639727e92c__ep1,ep1,test,3120,3199,25.82332992553711,19.39213752746582,0.4076884686946869,0.6199262142181396,0.8112066388130188
long_80f_stride40:8a8e1b3c-607e-4ada-b3fd-fa639727e92c__ep1:qa:65,8a8e1b3c-607e-4ada-b3fd-fa639727e92c__ep1,ep1,test,3160,3239,13.84506607055664,13.12169361114502,0.27093952894210815,0.35598793625831604,0.4824273884296417
long_80f_stride40:8a8e1b3c-607e-4ada-b3fd-fa639727e92c__ep1:qa:66,8a8e1b3c-607e-4ada-b3fd-fa639727e92c__ep1,ep1,test,3200,3279,13.84506607055664,5.388671875,0.20751242339611053,0.36578983068466187,0.48030775785446167
long_80f_stride40:8a8e1b3c-607e-4ada-b3fd-fa639727e92c__ep1:qa:67,8a8e1b3c-607e-4ada-b3fd-fa639727e92c__ep1,ep1,test,3240,3319,15.981614112854004,9.286619186401367,0.16891822218894958,0.27281653881073,0.3438965082168579
long_80f_stride40:8a8e1b3c-607e-4ada-b3fd-fa639727e92c__ep1:qa:68,8a8e1b3c-607e-4ada-b3fd-fa639727e92c__ep1,ep1,test,3320,3399,0.0,1.8515350818634033,0.04173815995454788,0.06234443560242653,0.07645042985677719
long_80f_stride40:8a8e1b3c-607e-4ada-b3fd-fa639727e92c__ep1:qa:69,8a8e1b3c-607e-4ada-b3fd-fa639727e92c__ep1,ep1,test,3400,3479,18.063201904296875,12.079773902893066,0.18855752050876617,0.29407790303230286,0.38166162371635437
long_80f_stride40:8a8e1b3c-607e-4ada-b3fd-fa639727e92c__ep1:qa:70,8a8e1b3c-607e-4ada-b3fd-fa639727e92c__ep1,ep1,test,3440,3519,17.248029708862305,10.196239471435547,0.17715035378932953,0.270763635635376,0.36826014518737793
long_80f_stride40:8a8e1b3c-607e-4ada-b3fd-fa639727e92c__ep1:qa:71,8a8e1b3c-607e-4ada-b3fd-fa639727e92c__ep1,ep1,test,3480,3559,17.360504150390625,8.475434303283691,0.22610262036323547,0.35840705037117004,0.47456029057502747
long_80f_stride40:8a8e1b3c-607e-4ada-b3fd-fa639727e92c__ep1:qa:72,8a8e1b3c-607e-4ada-b3fd-fa639727e92c__ep1,ep1,test,3520,3599,16.652006149291992,11.913429260253906,0.2628595232963562,0.4249677360057831,0.5859355330467224
long_80f_stride40:8a8e1b3c-607e-4ada-b3fd-fa639727e92c__ep1:qa:73,8a8e1b3c-607e-4ada-b3fd-fa639727e92c__ep1,ep1,test,3560,3639,16.652006149291992,8.576027870178223,0.18323473632335663,0.3327084183692932,0.44823023676872253
long_80f_stride40:8a8e1b3c-607e-4ada-b3fd-fa639727e92c__ep1:qa:74,8a8e1b3c-607e-4ada-b3fd-fa639727e92c__ep1,ep1,test,3600,3679,15.28976821899414,9.706367492675781,0.17249542474746704,0.26721903681755066,0.3601129651069641
long_80f_stride40:8a8e1b3c-607e-4ada-b3fd-fa639727e92c__ep1:qa:75,8a8e1b3c-607e-4ada-b3fd-fa639727e92c__ep1,ep1,test,3680,3759,0.0,7.072988510131836,0.14512211084365845,0.2381598949432373,0.32517009973526
long_80f_stride40:8a8e1b3c-607e-4ada-b3fd-fa639727e92c__ep1:qa:76,8a8e1b3c-607e-4ada-b3fd-fa639727e92c__ep1,ep1,test,3720,3799,0.0,7.749592304229736,0.16213926672935486,0.26094233989715576,0.354787677526474
long_80f_stride40:8a8e1b3c-607e-4ada-b3fd-fa639727e92c__ep1:qa:77,8a8e1b3c-607e-4ada-b3fd-fa639727e92c__ep1,ep1,test,3760,3839,0.0,15.081855773925781,0.3570232689380646,0.5078324675559998,0.7440289855003357
long_80f_stride40:8a8e1b3c-607e-4ada-b3fd-fa639727e92c__ep1:qa:78,8a8e1b3c-607e-4ada-b3fd-fa639727e92c__ep1,ep1,test,3840,3919,16.332050323486328,10.096622467041016,0.2150505930185318,0.3317018151283264,0.42843636870384216
long_80f_stride40:8a8e1b3c-607e-4ada-b3fd-fa639727e92c__ep1:qa:79,8a8e1b3c-607e-4ada-b3fd-fa639727e92c__ep1,ep1,test,3880,3959,16.332050323486328,10.63005542755127,0.2915467321872711,0.4141136705875397,0.5477438569068909
long_80f_stride40:8a8e1b3c-607e-4ada-b3fd-fa639727e92c__ep1:qa:80,8a8e1b3c-607e-4ada-b3fd-fa639727e92c__ep1,ep1,test,3920,3999,10.465161323547363,13.771870613098145,0.2247961312532425,0.30687859654426575,0.4426344931125641
long_80f_stride40:8a8e1b3c-607e-4ada-b3fd-fa639727e92c__ep1:qa:81,8a8e1b3c-607e-4ada-b3fd-fa639727e92c__ep1,ep1,test,4000,4079,15.1097412109375,2.5966689586639404,0.32142648100852966,0.47225144505500793,0.6388485431671143
long_80f_stride40:8a8e1b3c-607e-4ada-b3fd-fa639727e92c__ep1:qa:82,8a8e1b3c-607e-4ada-b3fd-fa639727e92c__ep1,ep1,test,4080,4159,13.205056190490723,6.984087944030762,0.29839077591896057,0.43544134497642517,0.6362356543540955
long_80f_stride40:8a8e1b3c-607e-4ada-b3fd-fa639727e92c__ep1:qa:83,8a8e1b3c-607e-4ada-b3fd-fa639727e92c__ep1,ep1,test,4120,4199,13.205056190490723,9.451922416687012,0.3286040723323822,0.4395308494567871,0.6556712985038757
long_80f_stride40:8a8e1b3c-607e-4ada-b3fd-fa639727e92c__ep1:qa:84,8a8e1b3c-607e-4ada-b3fd-fa639727e92c__ep1,ep1,test,4160,4239,15.862072944641113,11.86535930633545,0.31654447317123413,0.5962302684783936,0.7627089023590088
long_80f_stride40:8a8e1b3c-607e-4ada-b3fd-fa639727e92c__ep1:qa:85,8a8e1b3c-607e-4ada-b3fd-fa639727e92c__ep1,ep1,test,4240,4319,15.073311805725098,10.49515151977539,0.23031893372535706,0.3896990716457367,0.5026836395263672
long_80f_stride40:8a8e1b3c-607e-4ada-b3fd-fa639727e92c__ep1:qa:86,8a8e1b3c-607e-4ada-b3fd-fa639727e92c__ep1,ep1,test,4280,4359,15.073311805725098,11.89742660522461,0.19790296256542206,0.3526841104030609,0.4709528684616089
long_80f_stride40:8a8e1b3c-607e-4ada-b3fd-fa639727e92c__ep1:qa:87,8a8e1b3c-607e-4ada-b3fd-fa639727e92c__ep1,ep1,test,4320,4399,17.515541076660156,10.434107780456543,0.29237520694732666,0.5040497183799744,0.6341506838798523
long_80f_stride40:8a8e1b3c-607e-4ada-b3fd-fa639727e92c__ep1:qa:88,8a8e1b3c-607e-4ada-b3fd-fa639727e92c__ep1,ep1,test,4400,4479,19.102529525756836,16.873844146728516,0.34379318356513977,0.5744773745536804,0.7341429591178894
long_80f_stride40:8a8e1b3c-607e-4ada-b3fd-fa639727e92c__ep1:qa:89,8a8e1b3c-607e-4ada-b3fd-fa639727e92c__ep1,ep1,test,4480,4559,0.0,4.724267959594727,0.10013736039400101,0.15907438099384308,0.2143850475549698
long_80f_stride40:8a8e1b3c-607e-4ada-b3fd-fa639727e92c__ep1:qa:90,8a8e1b3c-607e-4ada-b3fd-fa639727e92c__ep1,ep1,test,4520,4599,0.0,4.917654991149902,0.0883660539984703,0.16558605432510376,0.20646852254867554
long_80f_stride40:8a8e1b3c-607e-4ada-b3fd-fa639727e92c__ep1:qa:91,8a8e1b3c-607e-4ada-b3fd-fa639727e92c__ep1,ep1,test,4560,4639,0.0,7.54538106918335,0.1345660388469696,0.25406619906425476,0.31148016452789307
long_80f_stride40:8a8e1b3c-607e-4ada-b3fd-fa639727e92c__ep1:qa:92,8a8e1b3c-607e-4ada-b3fd-fa639727e92c__ep1,ep1,test,4640,4719,0.0,5.097785472869873,0.11517345905303955,0.17165136337280273,0.20128946006298065
long_80f_stride40:8a8e1b3c-607e-4ada-b3fd-fa639727e92c__ep1:qa:93,8a8e1b3c-607e-4ada-b3fd-fa639727e92c__ep1,ep1,test,4720,4799,0.0,3.426774024963379,0.061727702617645264,0.11538548022508621,0.13641588389873505
long_80f_stride40:8a8e1b3c-607e-4ada-b3fd-fa639727e92c__ep1:qa:94,8a8e1b3c-607e-4ada-b3fd-fa639727e92c__ep1,ep1,test,4800,4879,0.0,5.168450832366943,0.10598789155483246,0.17403079569339752,0.20319503545761108
long_80f_stride40:8a8e1b3c-607e-4ada-b3fd-fa639727e92c__ep1:qa:95,8a8e1b3c-607e-4ada-b3fd-fa639727e92c__ep1,ep1,test,4880,4959,0.0,5.086767196655273,0.11454230546951294,0.1712803691625595,0.24966637790203094
long_80f_stride40:a1012a57-385e-45a9-8a59-694a26fe92a5__ep1:qa:0,a1012a57-385e-45a9-8a59-694a26fe92a5__ep1,ep1,test,0,79,15.71673583984375,10.565930366516113,0.17767129838466644,0.26786282658576965,0.37776416540145874
long_80f_stride40:a1012a57-385e-45a9-8a59-694a26fe92a5__ep1:qa:1,a1012a57-385e-45a9-8a59-694a26fe92a5__ep1,ep1,test,40,119,13.238113403320312,12.426892280578613,0.10429276525974274,0.1589130014181137,0.21762481331825256
long_80f_stride40:a1012a57-385e-45a9-8a59-694a26fe92a5__ep1:qa:2,a1012a57-385e-45a9-8a59-694a26fe92a5__ep1,ep1,test,80,159,17.26273536682129,11.736284255981445,0.1509360671043396,0.22781506180763245,0.30415812134742737
long_80f_stride40:a1012a57-385e-45a9-8a59-694a26fe92a5__ep1:qa:3,a1012a57-385e-45a9-8a59-694a26fe92a5__ep1,ep1,test,120,199,17.88631820678711,12.063278198242188,0.1383288949728012,0.21630321443080902,0.28246840834617615
long_80f_stride40:a1012a57-385e-45a9-8a59-694a26fe92a5__ep1:qa:4,a1012a57-385e-45a9-8a59-694a26fe92a5__ep1,ep1,test,160,239,17.657873153686523,14.810545921325684,0.12452277541160583,0.1976107656955719,0.2593495845794678
long_80f_stride40:a1012a57-385e-45a9-8a59-694a26fe92a5__ep1:qa:5,a1012a57-385e-45a9-8a59-694a26fe92a5__ep1,ep1,test,240,319,17.383441925048828,10.991004943847656,0.2310643345117569,0.31609830260276794,0.42979592084884644
long_80f_stride40:a1012a57-385e-45a9-8a59-694a26fe92a5__ep1:qa:6,a1012a57-385e-45a9-8a59-694a26fe92a5__ep1,ep1,test,280,359,16.94746971130371,9.489322662353516,0.21505498886108398,0.3537003993988037,0.4197920262813568
long_80f_stride40:a1012a57-385e-45a9-8a59-694a26fe92a5__ep1:qa:7,a1012a57-385e-45a9-8a59-694a26fe92a5__ep1,ep1,test,400,479,16.91204261779785,12.527061462402344,0.16500283777713776,0.2505466341972351,0.30269157886505127
long_80f_stride40:a1012a57-385e-45a9-8a59-694a26fe92a5__ep1:qa:8,a1012a57-385e-45a9-8a59-694a26fe92a5__ep1,ep1,test,440,519,16.629743576049805,12.064776420593262,0.16597282886505127,0.2514728009700775,0.30480313301086426
long_80f_stride40:a1012a57-385e-45a9-8a59-694a26fe92a5__ep1:qa:9,a1012a57-385e-45a9-8a59-694a26fe92a5__ep1,ep1,test,480,559,16.327678680419922,13.153943061828613,0.14553922414779663,0.21142695844173431,0.283200204372406
long_80f_stride40:a1012a57-385e-45a9-8a59-694a26fe92a5__ep1:qa:10,a1012a57-385e-45a9-8a59-694a26fe92a5__ep1,ep1,test,520,599,16.522663116455078,13.234391212463379,0.09305842965841293,0.14403904974460602,0.19765537977218628
long_80f_stride40:a1012a57-385e-45a9-8a59-694a26fe92a5__ep1:qa:11,a1012a57-385e-45a9-8a59-694a26fe92a5__ep1,ep1,test,560,639,15.80255126953125,9.788519859313965,0.18698343634605408,0.2812401056289673,0.37826600670814514
long_80f_stride40:a1012a57-385e-45a9-8a59-694a26fe92a5__ep1:qa:12,a1012a57-385e-45a9-8a59-694a26fe92a5__ep1,ep1,test,600,679,16.21681785583496,13.216195106506348,0.12706436216831207,0.18014352023601532,0.24685543775558472
long_80f_stride40:a1012a57-385e-45a9-8a59-694a26fe92a5__ep1:qa:13,a1012a57-385e-45a9-8a59-694a26fe92a5__ep1,ep1,test,640,719,16.18065071105957,13.588085174560547,0.15393663942813873,0.2157965451478958,0.3045733571052551
long_80f_stride40:a1012a57-385e-45a9-8a59-694a26fe92a5__ep1:qa:14,a1012a57-385e-45a9-8a59-694a26fe92a5__ep1,ep1,test,680,759,15.461067199707031,11.099254608154297,0.13033777475357056,0.19638310372829437,0.26721301674842834
long_80f_stride40:a1012a57-385e-45a9-8a59-694a26fe92a5__ep1:qa:15,a1012a57-385e-45a9-8a59-694a26fe92a5__ep1,ep1,test,720,799,15.106318473815918,10.50129222869873,0.14302374422550201,0.22765889763832092,0.27279579639434814
long_80f_stride40:a1012a57-385e-45a9-8a59-694a26fe92a5__ep1:qa:16,a1012a57-385e-45a9-8a59-694a26fe92a5__ep1,ep1,test,760,839,14.881675720214844,10.815034866333008,0.12622979283332825,0.2031579613685608,0.2501799464225769
long_80f_stride40:a1012a57-385e-45a9-8a59-694a26fe92a5__ep1:qa:17,a1012a57-385e-45a9-8a59-694a26fe92a5__ep1,ep1,test,800,879,13.71996021270752,11.78585433959961,0.12101050466299057,0.1827739030122757,0.23024620115756989
long_80f_stride40:a1012a57-385e-45a9-8a59-694a26fe92a5__ep1:qa:18,a1012a57-385e-45a9-8a59-694a26fe92a5__ep1,ep1,test,840,919,15.80384635925293,12.212660789489746,0.1249997541308403,0.17822910845279694,0.2319212406873703
long_80f_stride40:a1012a57-385e-45a9-8a59-694a26fe92a5__ep1:qa:19,a1012a57-385e-45a9-8a59-694a26fe92a5__ep1,ep1,test,880,959,15.167281150817871,13.926231384277344,0.056704193353652954,0.08256634324789047,0.11212798953056335
long_80f_stride40:a1012a57-385e-45a9-8a59-694a26fe92a5__ep1:qa:20,a1012a57-385e-45a9-8a59-694a26fe92a5__ep1,ep1,test,920,999,13.588196754455566,11.705449104309082,0.08979760855436325,0.1293739378452301,0.17269712686538696
long_80f_stride40:a1012a57-385e-45a9-8a59-694a26fe92a5__ep1:qa:21,a1012a57-385e-45a9-8a59-694a26fe92a5__ep1,ep1,test,960,1039,10.675525665283203,11.922749519348145,0.2175411581993103,0.31069111824035645,0.45192578434944153
long_80f_stride40:a1012a57-385e-45a9-8a59-694a26fe92a5__ep1:qa:22,a1012a57-385e-45a9-8a59-694a26fe92a5__ep1,ep1,test,1000,1079,14.433526992797852,4.812678337097168,0.18782107532024384,0.3291171193122864,0.4017638862133026
long_80f_stride40:a1012a57-385e-45a9-8a59-694a26fe92a5__ep1:qa:23,a1012a57-385e-45a9-8a59-694a26fe92a5__ep1,ep1,test,1040,1119,13.954161643981934,10.878113746643066,0.10061686486005783,0.14780449867248535,0.20734311640262604
long_80f_stride40:a1012a57-385e-45a9-8a59-694a26fe92a5__ep1:qa:24,a1012a57-385e-45a9-8a59-694a26fe92a5__ep1,ep1,test,1080,1159,15.109816551208496,11.772400856018066,0.1168261244893074,0.17630790174007416,0.24950003623962402
long_80f_stride40:a1012a57-385e-45a9-8a59-694a26fe92a5__ep1:qa:25,a1012a57-385e-45a9-8a59-694a26fe92a5__ep1,ep1,test,1120,1199,14.878920555114746,11.342010498046875,0.11857933551073074,0.183342844247818,0.24606116116046906
long_80f_stride40:a1012a57-385e-45a9-8a59-694a26fe92a5__ep1:qa:26,a1012a57-385e-45a9-8a59-694a26fe92a5__ep1,ep1,test,1160,1239,15.281402587890625,11.493319511413574,0.12990568578243256,0.1854448914527893,0.22850506007671356
long_80f_stride40:a1012a57-385e-45a9-8a59-694a26fe92a5__ep1:qa:27,a1012a57-385e-45a9-8a59-694a26fe92a5__ep1,ep1,test,1200,1279,13.790519714355469,11.97016716003418,0.07751824706792831,0.12454936653375626,0.15784408152103424
long_80f_stride40:a1012a57-385e-45a9-8a59-694a26fe92a5__ep1:qa:28,a1012a57-385e-45a9-8a59-694a26fe92a5__ep1,ep1,test,1240,1319,15.175721168518066,10.074987411499023,0.11343339830636978,0.19528387486934662,0.2509501576423645
long_80f_stride40:a1012a57-385e-45a9-8a59-694a26fe92a5__ep1:qa:29,a1012a57-385e-45a9-8a59-694a26fe92a5__ep1,ep1,test,1280,1359,15.511980056762695,12.860947608947754,0.07057511061429977,0.1058821752667427,0.14392101764678955
long_80f_stride40:a1012a57-385e-45a9-8a59-694a26fe92a5__ep1:qa:30,a1012a57-385e-45a9-8a59-694a26fe92a5__ep1,ep1,test,1320,1399,11.780054092407227,12.651784896850586,0.15058670938014984,0.2688273787498474,0.3435467481613159
long_80f_stride40:a1012a57-385e-45a9-8a59-694a26fe92a5__ep1:qa:31,a1012a57-385e-45a9-8a59-694a26fe92a5__ep1,ep1,test,1360,1439,14.421040534973145,3.125915765762329,0.26227787137031555,0.43656474351882935,0.5464176535606384
long_80f_stride40:a1012a57-385e-45a9-8a59-694a26fe92a5__ep1:qa:32,a1012a57-385e-45a9-8a59-694a26fe92a5__ep1,ep1,test,1400,1479,15.044209480285645,10.389622688293457,0.131772980093956,0.1925986260175705,0.2533283233642578
long_80f_stride40:a1012a57-385e-45a9-8a59-694a26fe92a5__ep1:qa:33,a1012a57-385e-45a9-8a59-694a26fe92a5__ep1,ep1,test,1440,1519,15.076805114746094,12.452592849731445,0.09123671054840088,0.1409153938293457,0.1694045513868332
long_80f_stride40:a1012a57-385e-45a9-8a59-694a26fe92a5__ep1:qa:34,a1012a57-385e-45a9-8a59-694a26fe92a5__ep1,ep1,test,1480,1559,18.262676239013672,12.794534683227539,0.19360408186912537,0.3080200254917145,0.4150419235229492
long_80f_stride40:a1012a57-385e-45a9-8a59-694a26fe92a5__ep1:qa:35,a1012a57-385e-45a9-8a59-694a26fe92a5__ep1,ep1,test,1520,1599,16.220417022705078,12.713841438293457,0.10742642730474472,0.1591416299343109,0.2176099717617035
long_80f_stride40:a1012a57-385e-45a9-8a59-694a26fe92a5__ep1:qa:36,a1012a57-385e-45a9-8a59-694a26fe92a5__ep1,ep1,test,1560,1639,16.408960342407227,11.001829147338867,0.14738143980503082,0.21643561124801636,0.27766409516334534
long_80f_stride40:a1012a57-385e-45a9-8a59-694a26fe92a5__ep1:qa:37,a1012a57-385e-45a9-8a59-694a26fe92a5__ep1,ep1,test,1600,1679,16.397581100463867,11.92151165008545,0.33608412742614746,0.4692786633968353,0.6206368207931519
long_80f_stride40:a1012a57-385e-45a9-8a59-694a26fe92a5__ep1:qa:38,a1012a57-385e-45a9-8a59-694a26fe92a5__ep1,ep1,test,1640,1719,16.235258102416992,11.139923095703125,0.1392974555492401,0.21941742300987244,0.27250733971595764
long_80f_stride40:a1012a57-385e-45a9-8a59-694a26fe92a5__ep1:qa:39,a1012a57-385e-45a9-8a59-694a26fe92a5__ep1,ep1,test,1680,1759,14.848264694213867,10.396747589111328,0.13844043016433716,0.2041437327861786,0.2892303466796875
long_80f_stride40:a1012a57-385e-45a9-8a59-694a26fe92a5__ep1:qa:40,a1012a57-385e-45a9-8a59-694a26fe92a5__ep1,ep1,test,1720,1799,14.514068603515625,9.332005500793457,0.12928630411624908,0.20288173854351044,0.28092002868652344
long_80f_stride40:a1012a57-385e-45a9-8a59-694a26fe92a5__ep1:qa:41,a1012a57-385e-45a9-8a59-694a26fe92a5__ep1,ep1,test,1760,1839,15.075252532958984,11.110068321228027,0.0995587557554245,0.15559981763362885,0.2118181735277176
long_80f_stride40:a1012a57-385e-45a9-8a59-694a26fe92a5__ep1:qa:42,a1012a57-385e-45a9-8a59-694a26fe92a5__ep1,ep1,test,1800,1879,15.225318908691406,11.576432228088379,0.09569808840751648,0.14600419998168945,0.19830724596977234
long_80f_stride40:a1012a57-385e-45a9-8a59-694a26fe92a5__ep1:qa:43,a1012a57-385e-45a9-8a59-694a26fe92a5__ep1,ep1,test,1840,1919,14.286219596862793,11.432507514953613,0.07044165581464767,0.11701199412345886,0.15118181705474854
long_80f_stride40:a1012a57-385e-45a9-8a59-694a26fe92a5__ep1:qa:44,a1012a57-385e-45a9-8a59-694a26fe92a5__ep1,ep1,test,1880,1959,14.28072452545166,5.993325233459473,0.23098543286323547,0.3554477095603943,0.4606097340583801
long_80f_stride40:a1012a57-385e-45a9-8a59-694a26fe92a5__ep1:qa:45,a1012a57-385e-45a9-8a59-694a26fe92a5__ep1,ep1,test,1920,1999,14.07207202911377,10.685667991638184,0.12444712221622467,0.17021672427654266,0.23570941388607025
long_80f_stride40:a1012a57-385e-45a9-8a59-694a26fe92a5__ep1:qa:46,a1012a57-385e-45a9-8a59-694a26fe92a5__ep1,ep1,test,1960,2039,13.886748313903809,11.27897834777832,0.10606542229652405,0.15654051303863525,0.2076985090970993
long_80f_stride40:a1012a57-385e-45a9-8a59-694a26fe92a5__ep1:qa:47,a1012a57-385e-45a9-8a59-694a26fe92a5__ep1,ep1,test,2000,2079,14.421989440917969,12.298452377319336,0.15166835486888885,0.21506689488887787,0.2938229441642761
long_80f_stride40:a1012a57-385e-45a9-8a59-694a26fe92a5__ep1:qa:48,a1012a57-385e-45a9-8a59-694a26fe92a5__ep1,ep1,test,2040,2119,15.311606407165527,15.109602928161621,0.2371801733970642,0.36996081471443176,0.4897909462451935
long_80f_stride40:a1012a57-385e-45a9-8a59-694a26fe92a5__ep1:qa:49,a1012a57-385e-45a9-8a59-694a26fe92a5__ep1,ep1,test,2080,2159,13.781412124633789,13.849812507629395,0.21530592441558838,0.33460915088653564,0.42178770899772644
long_80f_stride40:a1012a57-385e-45a9-8a59-694a26fe92a5__ep1:qa:50,a1012a57-385e-45a9-8a59-694a26fe92a5__ep1,ep1,test,2120,2199,0.0,11.290264129638672,0.23145133256912231,0.38016295433044434,0.5086013674736023
long_80f_stride40:a1012a57-385e-45a9-8a59-694a26fe92a5__ep1:qa:51,a1012a57-385e-45a9-8a59-694a26fe92a5__ep1,ep1,test,2160,2239,0.0,2.17842960357666,0.040446896106004715,0.07335153967142105,0.08952051401138306
long_80f_stride40:a1012a57-385e-45a9-8a59-694a26fe92a5__ep1:qa:52,a1012a57-385e-45a9-8a59-694a26fe92a5__ep1,ep1,test,2200,2279,0.0,4.590633869171143,0.06964504718780518,0.1545746773481369,0.18426170945167542
long_80f_stride40:a1012a57-385e-45a9-8a59-694a26fe92a5__ep1:qa:53,a1012a57-385e-45a9-8a59-694a26fe92a5__ep1,ep1,test,2240,2319,0.0,15.18425464630127,0.3076372444629669,0.5112804174423218,0.6205148696899414
long_80f_stride40:a1012a57-385e-45a9-8a59-694a26fe92a5__ep1:qa:54,a1012a57-385e-45a9-8a59-694a26fe92a5__ep1,ep1,test,2280,2359,0.0,9.174342155456543,0.1647176593542099,0.3089161813259125,0.37872424721717834
long_80f_stride40:a1012a57-385e-45a9-8a59-694a26fe92a5__ep1:qa:55,a1012a57-385e-45a9-8a59-694a26fe92a5__ep1,ep1,test,2320,2399,11.331713676452637,0.7542534470558167,0.23929022252559662,0.37654757499694824,0.4424784183502197
long_80f_stride40:a1012a57-385e-45a9-8a59-694a26fe92a5__ep1:qa:56,a1012a57-385e-45a9-8a59-694a26fe92a5__ep1,ep1,test,2360,2439,15.049783706665039,9.187382698059082,0.27356335520744324,0.4058169424533844,0.5436879396438599
long_80f_stride40:a1012a57-385e-45a9-8a59-694a26fe92a5__ep1:qa:57,a1012a57-385e-45a9-8a59-694a26fe92a5__ep1,ep1,test,2400,2479,15.787029266357422,19.146562576293945,0.3056260645389557,0.4377216100692749,0.6011166572570801
long_80f_stride40:a1012a57-385e-45a9-8a59-694a26fe92a5__ep1:qa:58,a1012a57-385e-45a9-8a59-694a26fe92a5__ep1,ep1,test,2440,2519,16.985431671142578,10.042940139770508,0.1723945140838623,0.2671303153038025,0.36661747097969055
long_80f_stride40:a1012a57-385e-45a9-8a59-694a26fe92a5__ep1:qa:59,a1012a57-385e-45a9-8a59-694a26fe92a5__ep1,ep1,test,2480,2559,16.437976837158203,11.565624237060547,0.10863786935806274,0.18825063109397888,0.255604088306427
long_80f_stride40:a1012a57-385e-45a9-8a59-694a26fe92a5__ep1:qa:60,a1012a57-385e-45a9-8a59-694a26fe92a5__ep1,ep1,test,2520,2599,16.06498146057129,9.242650032043457,0.14086557924747467,0.23661087453365326,0.28904953598976135
long_80f_stride40:a1012a57-385e-45a9-8a59-694a26fe92a5__ep1:qa:61,a1012a57-385e-45a9-8a59-694a26fe92a5__ep1,ep1,test,2560,2639,15.963400840759277,9.399751663208008,0.1448402851819992,0.23567098379135132,0.28844064474105835
long_80f_stride40:a1012a57-385e-45a9-8a59-694a26fe92a5__ep1:qa:62,a1012a57-385e-45a9-8a59-694a26fe92a5__ep1,ep1,test,2600,2679,16.109472274780273,11.422080993652344,0.13554492592811584,0.20350421965122223,0.2694769501686096
long_80f_stride40:a1012a57-385e-45a9-8a59-694a26fe92a5__ep1:qa:63,a1012a57-385e-45a9-8a59-694a26fe92a5__ep1,ep1,test,2640,2719,16.13896369934082,7.213057041168213,0.1971331685781479,0.31345778703689575,0.36974236369132996
long_80f_stride40:a1012a57-385e-45a9-8a59-694a26fe92a5__ep1:qa:64,a1012a57-385e-45a9-8a59-694a26fe92a5__ep1,ep1,test,2680,2759,16.62228775024414,5.671902179718018,0.24793438613414764,0.3886207938194275,0.49160102009773254
long_80f_stride40:a1012a57-385e-45a9-8a59-694a26fe92a5__ep1:qa:65,a1012a57-385e-45a9-8a59-694a26fe92a5__ep1,ep1,test,2720,2799,16.587404251098633,9.761772155761719,0.17224417626857758,0.2529952824115753,0.3383807837963104
long_80f_stride40:a1012a57-385e-45a9-8a59-694a26fe92a5__ep1:qa:66,a1012a57-385e-45a9-8a59-694a26fe92a5__ep1,ep1,test,2760,2839,15.901065826416016,11.98695182800293,0.09189842641353607,0.14537189900875092,0.19168280065059662
long_80f_stride40:a1012a57-385e-45a9-8a59-694a26fe92a5__ep1:qa:67,a1012a57-385e-45a9-8a59-694a26fe92a5__ep1,ep1,test,2800,2879,16.442182540893555,12.008077621459961,0.10155251622200012,0.16550718247890472,0.2213936150074005
long_80f_stride40:a1012a57-385e-45a9-8a59-694a26fe92a5__ep1:qa:68,a1012a57-385e-45a9-8a59-694a26fe92a5__ep1,ep1,test,2840,2919,16.66824722290039,11.953765869140625,0.13223141431808472,0.19796766340732574,0.27544572949409485
long_80f_stride40:a1012a57-385e-45a9-8a59-694a26fe92a5__ep1:qa:69,a1012a57-385e-45a9-8a59-694a26fe92a5__ep1,ep1,test,2880,2959,16.464990615844727,11.462324142456055,0.13806551694869995,0.21009814739227295,0.2686541676521301
long_80f_stride40:a1012a57-385e-45a9-8a59-694a26fe92a5__ep1:qa:70,a1012a57-385e-45a9-8a59-694a26fe92a5__ep1,ep1,test,2920,2999,16.468549728393555,6.282385349273682,0.19620381295681,0.366860955953598,0.443363219499588
long_80f_stride40:a1012a57-385e-45a9-8a59-694a26fe92a5__ep1:qa:71,a1012a57-385e-45a9-8a59-694a26fe92a5__ep1,ep1,test,2960,3039,16.099124908447266,10.227843284606934,0.14773239195346832,0.2344111055135727,0.2931874394416809
long_80f_stride40:a1012a57-385e-45a9-8a59-694a26fe92a5__ep1:qa:72,a1012a57-385e-45a9-8a59-694a26fe92a5__ep1,ep1,test,3000,3079,15.598169326782227,8.992380142211914,0.14611555635929108,0.24490948021411896,0.3092796802520752
long_80f_stride40:a1012a57-385e-45a9-8a59-694a26fe92a5__ep1:qa:73,a1012a57-385e-45a9-8a59-694a26fe92a5__ep1,ep1,test,3040,3119,15.12641716003418,11.668318748474121,0.11615787446498871,0.17447444796562195,0.21942125260829926
long_80f_stride40:a1012a57-385e-45a9-8a59-694a26fe92a5__ep1:qa:74,a1012a57-385e-45a9-8a59-694a26fe92a5__ep1,ep1,test,3080,3159,15.05899429321289,11.353771209716797,0.11327803134918213,0.17205111682415009,0.23170435428619385
long_80f_stride40:a1012a57-385e-45a9-8a59-694a26fe92a5__ep1:qa:75,a1012a57-385e-45a9-8a59-694a26fe92a5__ep1,ep1,test,3120,3199,15.21585750579834,11.49336051940918,0.116875559091568,0.17884153127670288,0.23688192665576935
long_80f_stride40:a1012a57-385e-45a9-8a59-694a26fe92a5__ep1:qa:76,a1012a57-385e-45a9-8a59-694a26fe92a5__ep1,ep1,test,3160,3239,15.145028114318848,8.556659698486328,0.15593686699867249,0.23909816145896912,0.31616657972335815
long_80f_stride40:a1012a57-385e-45a9-8a59-694a26fe92a5__ep1:qa:77,a1012a57-385e-45a9-8a59-694a26fe92a5__ep1,ep1,test,3200,3279,14.769336700439453,11.08474349975586,0.0868215262889862,0.13835474848747253,0.17724935710430145
long_80f_stride40:a1012a57-385e-45a9-8a59-694a26fe92a5__ep1:qa:78,a1012a57-385e-45a9-8a59-694a26fe92a5__ep1,ep1,test,3240,3319,14.399807929992676,14.597334861755371,0.17654377222061157,0.24386079609394073,0.3380300998687744
long_80f_stride40:a1012a57-385e-45a9-8a59-694a26fe92a5__ep1:qa:79,a1012a57-385e-45a9-8a59-694a26fe92a5__ep1,ep1,test,3280,3359,14.292088508605957,9.670774459838867,0.165426567196846,0.23321141302585602,0.3021623492240906
long_80f_stride40:a1012a57-385e-45a9-8a59-694a26fe92a5__ep1:qa:80,a1012a57-385e-45a9-8a59-694a26fe92a5__ep1,ep1,test,3320,3399,14.581979751586914,8.699965476989746,0.18276114761829376,0.25921326875686646,0.337415486574173
long_80f_stride40:a1012a57-385e-45a9-8a59-694a26fe92a5__ep1:qa:81,a1012a57-385e-45a9-8a59-694a26fe92a5__ep1,ep1,test,3360,3439,14.622014999389648,10.906014442443848,0.10386551171541214,0.15858791768550873,0.2089836746454239
long_80f_stride40:a1012a57-385e-45a9-8a59-694a26fe92a5__ep1:qa:82,a1012a57-385e-45a9-8a59-694a26fe92a5__ep1,ep1,test,3400,3479,14.54606819152832,11.070944786071777,0.08426707237958908,0.1370023638010025,0.17273357510566711
long_80f_stride40:a1012a57-385e-45a9-8a59-694a26fe92a5__ep1:qa:83,a1012a57-385e-45a9-8a59-694a26fe92a5__ep1,ep1,test,3440,3519,14.45472526550293,5.308126449584961,0.21515290439128876,0.329572468996048,0.4288700222969055
long_80f_stride40:a1012a57-385e-45a9-8a59-694a26fe92a5__ep1:qa:84,a1012a57-385e-45a9-8a59-694a26fe92a5__ep1,ep1,test,3480,3559,14.556442260742188,11.119860649108887,0.1800536960363388,0.2497481256723404,0.32403767108917236
long_80f_stride40:a1012a57-385e-45a9-8a59-694a26fe92a5__ep1:qa:85,a1012a57-385e-45a9-8a59-694a26fe92a5__ep1,ep1,test,3520,3599,14.556442260742188,11.476225852966309,0.12056747078895569,0.19019237160682678,0.23106145858764648
long_80f_stride40:a1012a57-385e-45a9-8a59-694a26fe92a5__ep1:qa:86,a1012a57-385e-45a9-8a59-694a26fe92a5__ep1,ep1,test,3560,3639,14.556442260742188,10.587300300598145,0.11653990298509598,0.18323400616645813,0.22610792517662048
long_80f_stride40:a1012a57-385e-45a9-8a59-694a26fe92a5__ep1:qa:121,a1012a57-385e-45a9-8a59-694a26fe92a5__ep1,ep1,test,5000,5079,14.289424896240234,7.06631326675415,0.13256996870040894,0.2552948296070099,0.29846954345703125
long_80f_stride40:a1012a57-385e-45a9-8a59-694a26fe92a5__ep1:qa:122,a1012a57-385e-45a9-8a59-694a26fe92a5__ep1,ep1,test,5040,5119,12.891220092773438,7.08210563659668,0.11173835396766663,0.20904479920864105,0.2671773433685303
long_80f_stride40:a1012a57-385e-45a9-8a59-694a26fe92a5__ep1:qa:123,a1012a57-385e-45a9-8a59-694a26fe92a5__ep1,ep1,test,5080,5159,13.060820579528809,8.745131492614746,0.11373768001794815,0.17017653584480286,0.228792205452919
long_80f_stride40:a1012a57-385e-45a9-8a59-694a26fe92a5__ep1:qa:124,a1012a57-385e-45a9-8a59-694a26fe92a5__ep1,ep1,test,5120,5199,12.414487838745117,9.874442100524902,0.06196547672152519,0.11975045502185822,0.13764089345932007
long_80f_stride40:a1012a57-385e-45a9-8a59-694a26fe92a5__ep1:qa:125,a1012a57-385e-45a9-8a59-694a26fe92a5__ep1,ep1,test,5160,5239,12.649515151977539,10.954728126525879,0.0823281854391098,0.12440048158168793,0.16657418012619019
long_80f_stride40:a1012a57-385e-45a9-8a59-694a26fe92a5__ep1:qa:126,a1012a57-385e-45a9-8a59-694a26fe92a5__ep1,ep1,test,5200,5279,0.0,11.397640228271484,0.19433876872062683,0.38377851247787476,0.44840773940086365
long_80f_stride40:a1012a57-385e-45a9-8a59-694a26fe92a5__ep1:qa:127,a1012a57-385e-45a9-8a59-694a26fe92a5__ep1,ep1,test,5240,5319,0.0,3.8804550170898438,0.0749945268034935,0.1306617259979248,0.15873421728610992
long_80f_stride40:a1012a57-385e-45a9-8a59-694a26fe92a5__ep1:qa:128,a1012a57-385e-45a9-8a59-694a26fe92a5__ep1,ep1,test,5280,5359,0.0,5.0511579513549805,0.0943121463060379,0.17008134722709656,0.20320700109004974
long_80f_stride40:a1012a57-385e-45a9-8a59-694a26fe92a5__ep1:qa:129,a1012a57-385e-45a9-8a59-694a26fe92a5__ep1,ep1,test,5320,5399,0.0,10.597724914550781,0.17400743067264557,0.3568439483642578,0.4182535409927368
long_80f_stride40:33f7ae08-ac1d-4321-9cb9-eca79016b359__ep1:qa:0,33f7ae08-ac1d-4321-9cb9-eca79016b359__ep1,ep1,test,0,79,0.0,4.887741565704346,0.08248470723628998,0.16457881033420563,0.20276568830013275
long_80f_stride40:33f7ae08-ac1d-4321-9cb9-eca79016b359__ep1:qa:1,33f7ae08-ac1d-4321-9cb9-eca79016b359__ep1,ep1,test,40,119,0.0,5.69627046585083,0.1166081354022026,0.19180339574813843,0.23415639996528625
long_80f_stride40:33f7ae08-ac1d-4321-9cb9-eca79016b359__ep1:qa:2,33f7ae08-ac1d-4321-9cb9-eca79016b359__ep1,ep1,test,80,159,0.0,7.215754508972168,0.11730281263589859,0.24296709895133972,0.2886888086795807
long_80f_stride40:33f7ae08-ac1d-4321-9cb9-eca79016b359__ep1:qa:3,33f7ae08-ac1d-4321-9cb9-eca79016b359__ep1,ep1,test,120,199,0.0,1.3349751234054565,0.030487246811389923,0.044950950890779495,0.05853532254695892
long_80f_stride40:33f7ae08-ac1d-4321-9cb9-eca79016b359__ep1:qa:4,33f7ae08-ac1d-4321-9cb9-eca79016b359__ep1,ep1,test,160,239,0.0,2.248094081878662,0.04847528785467148,0.07569726556539536,0.09230797737836838
long_80f_stride40:33f7ae08-ac1d-4321-9cb9-eca79016b359__ep1:qa:5,33f7ae08-ac1d-4321-9cb9-eca79016b359__ep1,ep1,test,200,279,0.0,3.1464617252349854,0.055453356355428696,0.10594687610864639,0.12880811095237732
long_80f_stride40:33f7ae08-ac1d-4321-9cb9-eca79016b359__ep1:qa:6,33f7ae08-ac1d-4321-9cb9-eca79016b359__ep1,ep1,test,240,319,0.0,2.092621326446533,0.036177750676870346,0.07046221941709518,0.08770707994699478
long_80f_stride40:33f7ae08-ac1d-4321-9cb9-eca79016b359__ep1:qa:7,33f7ae08-ac1d-4321-9cb9-eca79016b359__ep1,ep1,test,320,399,0.0,2.038628578186035,0.047137849032878876,0.0686441957950592,0.09025944769382477
long_80f_stride40:33f7ae08-ac1d-4321-9cb9-eca79016b359__ep1:qa:8,33f7ae08-ac1d-4321-9cb9-eca79016b359__ep1,ep1,test,400,479,0.0,2.5462350845336914,0.051818761974573135,0.08573619276285172,0.116592638194561
long_80f_stride40:33f7ae08-ac1d-4321-9cb9-eca79016b359__ep1:qa:9,33f7ae08-ac1d-4321-9cb9-eca79016b359__ep1,ep1,test,440,519,40.134246826171875,2.2294135093688965,0.9162498712539673,1.3174405097961426,1.709411859512329
long_80f_stride40:33f7ae08-ac1d-4321-9cb9-eca79016b359__ep1:qa:10,33f7ae08-ac1d-4321-9cb9-eca79016b359__ep1,ep1,test,480,559,39.788002014160156,1.1619386672973633,0.859095573425293,1.3220865726470947,1.5807335376739502
long_80f_stride40:33f7ae08-ac1d-4321-9cb9-eca79016b359__ep1:qa:11,33f7ae08-ac1d-4321-9cb9-eca79016b359__ep1,ep1,test,520,599,40.26029968261719,14.796467781066895,0.6434939503669739,1.0816229581832886,1.3422260284423828
long_80f_stride40:33f7ae08-ac1d-4321-9cb9-eca79016b359__ep1:qa:12,33f7ae08-ac1d-4321-9cb9-eca79016b359__ep1,ep1,test,560,639,40.843936920166016,12.21435832977295,0.6543706655502319,1.148358941078186,1.3282426595687866
long_80f_stride40:33f7ae08-ac1d-4321-9cb9-eca79016b359__ep1:qa:13,33f7ae08-ac1d-4321-9cb9-eca79016b359__ep1,ep1,test,600,679,40.94435119628906,10.975946426391602,0.65509432554245,1.0371665954589844,1.2191178798675537
long_80f_stride40:33f7ae08-ac1d-4321-9cb9-eca79016b359__ep1:qa:14,33f7ae08-ac1d-4321-9cb9-eca79016b359__ep1,ep1,test,640,719,41.18267059326172,14.977579116821289,0.6229509711265564,0.9157117605209351,1.1277978420257568
long_80f_stride40:33f7ae08-ac1d-4321-9cb9-eca79016b359__ep1:qa:15,33f7ae08-ac1d-4321-9cb9-eca79016b359__ep1,ep1,test,680,759,32.92160415649414,9.590042114257812,0.7322827577590942,1.0242959260940552,1.3875008821487427
long_80f_stride40:33f7ae08-ac1d-4321-9cb9-eca79016b359__ep1:qa:16,33f7ae08-ac1d-4321-9cb9-eca79016b359__ep1,ep1,test,720,799,32.92160415649414,11.883195877075195,0.7018463015556335,0.9954112768173218,1.331079363822937
long_80f_stride40:33f7ae08-ac1d-4321-9cb9-eca79016b359__ep1:qa:17,33f7ae08-ac1d-4321-9cb9-eca79016b359__ep1,ep1,test,760,839,32.92160415649414,16.64377784729004,0.7260944247245789,0.9873490929603577,1.36412513256073
long_80f_stride40:33f7ae08-ac1d-4321-9cb9-eca79016b359__ep1:qa:20,33f7ae08-ac1d-4321-9cb9-eca79016b359__ep1,ep1,test,920,999,33.4135856628418,18.471973419189453,0.34694334864616394,0.6427263021469116,0.8413134813308716
long_80f_stride40:33f7ae08-ac1d-4321-9cb9-eca79016b359__ep1:qa:21,33f7ae08-ac1d-4321-9cb9-eca79016b359__ep1,ep1,test,1000,1079,20.4461727142334,4.903055667877197,0.47778886556625366,0.7836412191390991,0.9991708397865295
long_80f_stride40:33f7ae08-ac1d-4321-9cb9-eca79016b359__ep1:qa:22,33f7ae08-ac1d-4321-9cb9-eca79016b359__ep1,ep1,test,1040,1119,20.4461727142334,4.500940799713135,0.475942462682724,0.7730385661125183,0.9787203073501587
long_80f_stride40:33f7ae08-ac1d-4321-9cb9-eca79016b359__ep1:qa:23,33f7ae08-ac1d-4321-9cb9-eca79016b359__ep1,ep1,test,1080,1159,24.25784683227539,12.284907341003418,0.40157368779182434,0.7074832916259766,0.9092268347740173
long_80f_stride40:33f7ae08-ac1d-4321-9cb9-eca79016b359__ep1:qa:24,33f7ae08-ac1d-4321-9cb9-eca79016b359__ep1,ep1,test,1160,1239,29.2154598236084,12.94623851776123,0.6373553276062012,0.8857161998748779,1.2424464225769043
long_80f_stride40:33f7ae08-ac1d-4321-9cb9-eca79016b359__ep1:qa:25,33f7ae08-ac1d-4321-9cb9-eca79016b359__ep1,ep1,test,1200,1279,0.0,27.120454788208008,0.6338130831718445,0.9131931662559509,1.132325291633606
long_80f_stride40:33f7ae08-ac1d-4321-9cb9-eca79016b359__ep1:qa:26,33f7ae08-ac1d-4321-9cb9-eca79016b359__ep1,ep1,test,1280,1359,0.0,13.226990699768066,0.3156646192073822,0.4453759491443634,0.5689007043838501
long_80f_stride40:33f7ae08-ac1d-4321-9cb9-eca79016b359__ep1:qa:27,33f7ae08-ac1d-4321-9cb9-eca79016b359__ep1,ep1,test,1320,1399,0.0,3.406008720397949,0.06086047738790512,0.1146862804889679,0.13960081338882446
long_80f_stride40:33f7ae08-ac1d-4321-9cb9-eca79016b359__ep1:qa:28,33f7ae08-ac1d-4321-9cb9-eca79016b359__ep1,ep1,test,1400,1479,25.28999900817871,3.959582567214966,0.5646892189979553,0.8334373831748962,1.1499894857406616
long_80f_stride40:33f7ae08-ac1d-4321-9cb9-eca79016b359__ep1:qa:29,33f7ae08-ac1d-4321-9cb9-eca79016b359__ep1,ep1,test,1440,1519,27.650896072387695,2.0266740322113037,0.5579394102096558,0.9177935123443604,1.1101876497268677
long_80f_stride40:33f7ae08-ac1d-4321-9cb9-eca79016b359__ep1:qa:30,33f7ae08-ac1d-4321-9cb9-eca79016b359__ep1,ep1,test,1520,1599,27.3297119140625,12.964489936828613,0.3004510998725891,0.5591888427734375,0.6543335914611816
long_80f_stride40:33f7ae08-ac1d-4321-9cb9-eca79016b359__ep1:qa:31,33f7ae08-ac1d-4321-9cb9-eca79016b359__ep1,ep1,test,1560,1639,22.534496307373047,2.540579080581665,0.4217395782470703,0.7027007937431335,0.8469078540802002
long_80f_stride40:33f7ae08-ac1d-4321-9cb9-eca79016b359__ep1:qa:32,33f7ae08-ac1d-4321-9cb9-eca79016b359__ep1,ep1,test,1600,1679,25.817712783813477,3.2332587242126465,0.5707963705062866,0.9445717930793762,1.126350998878479
long_80f_stride40:33f7ae08-ac1d-4321-9cb9-eca79016b359__ep1:qa:33,33f7ae08-ac1d-4321-9cb9-eca79016b359__ep1,ep1,test,1640,1719,26.17351722717285,3.4040017127990723,0.52199786901474,0.8318399786949158,1.0395495891571045
long_80f_stride40:33f7ae08-ac1d-4321-9cb9-eca79016b359__ep1:qa:34,33f7ae08-ac1d-4321-9cb9-eca79016b359__ep1,ep1,test,1680,1759,22.884157180786133,1.7552847862243652,0.4637010395526886,0.8206555247306824,0.9500136375427246
long_80f_stride40:33f7ae08-ac1d-4321-9cb9-eca79016b359__ep1:qa:35,33f7ae08-ac1d-4321-9cb9-eca79016b359__ep1,ep1,test,1720,1799,23.085174560546875,3.4364278316497803,0.498096227645874,0.8477964997291565,1.011051058769226
long_80f_stride40:33f7ae08-ac1d-4321-9cb9-eca79016b359__ep1:qa:36,33f7ae08-ac1d-4321-9cb9-eca79016b359__ep1,ep1,test,1760,1839,22.818262100219727,2.3924367427825928,0.49314501881599426,0.8136123418807983,1.0150260925292969
long_80f_stride40:33f7ae08-ac1d-4321-9cb9-eca79016b359__ep1:qa:37,33f7ae08-ac1d-4321-9cb9-eca79016b359__ep1,ep1,test,1800,1879,25.380001068115234,9.987311363220215,0.3870593011379242,0.6877155900001526,0.8124656677246094
long_80f_stride40:33f7ae08-ac1d-4321-9cb9-eca79016b359__ep1:qa:38,33f7ae08-ac1d-4321-9cb9-eca79016b359__ep1,ep1,test,1840,1919,25.380001068115234,10.803991317749023,0.4018076956272125,0.715249240398407,0.839722752571106
long_80f_stride40:33f7ae08-ac1d-4321-9cb9-eca79016b359__ep1:qa:39,33f7ae08-ac1d-4321-9cb9-eca79016b359__ep1,ep1,test,1880,1959,25.380001068115234,9.797212600708008,0.41829559206962585,0.7175894379615784,0.8555710911750793
long_80f_stride40:33f7ae08-ac1d-4321-9cb9-eca79016b359__ep1:qa:41,33f7ae08-ac1d-4321-9cb9-eca79016b359__ep1,ep1,test,2000,2079,27.516551971435547,3.0605266094207764,0.6161416172981262,0.8887370228767395,1.2444112300872803
long_80f_stride40:33f7ae08-ac1d-4321-9cb9-eca79016b359__ep1:qa:42,33f7ae08-ac1d-4321-9cb9-eca79016b359__ep1,ep1,test,2040,2119,0.0,3.750943422317505,0.06269846111536026,0.12630082666873932,0.15775425732135773
long_80f_stride40:33f7ae08-ac1d-4321-9cb9-eca79016b359__ep1:qa:43,33f7ae08-ac1d-4321-9cb9-eca79016b359__ep1,ep1,test,2080,2159,26.189355850219727,5.724433898925781,0.5078538060188293,0.8157126903533936,1.0432251691818237
long_80f_stride40:33f7ae08-ac1d-4321-9cb9-eca79016b359__ep1:qa:44,33f7ae08-ac1d-4321-9cb9-eca79016b359__ep1,ep1,test,2120,2199,28.966032028198242,0.8142207860946655,0.6292114853858948,0.9632101655006409,1.294534683227539
long_80f_stride40:33f7ae08-ac1d-4321-9cb9-eca79016b359__ep1:qa:45,33f7ae08-ac1d-4321-9cb9-eca79016b359__ep1,ep1,test,2160,2239,29.091596603393555,2.9339535236358643,0.5502378940582275,0.909867525100708,1.1367039680480957
long_80f_stride40:33f7ae08-ac1d-4321-9cb9-eca79016b359__ep1:qa:46,33f7ae08-ac1d-4321-9cb9-eca79016b359__ep1,ep1,test,2200,2279,31.889711380004883,12.334178924560547,0.545638918876648,0.8838642239570618,1.2156137228012085
long_80f_stride40:33f7ae08-ac1d-4321-9cb9-eca79016b359__ep1:qa:47,33f7ae08-ac1d-4321-9cb9-eca79016b359__ep1,ep1,test,2240,2319,32.38933181762695,12.734223365783691,0.534562349319458,0.9507220983505249,1.256587028503418
long_80f_stride40:33f7ae08-ac1d-4321-9cb9-eca79016b359__ep1:qa:48,33f7ae08-ac1d-4321-9cb9-eca79016b359__ep1,ep1,test,2280,2359,31.830230712890625,9.853767395019531,0.5047639012336731,0.8539069294929504,1.041651725769043
long_80f_stride40:33f7ae08-ac1d-4321-9cb9-eca79016b359__ep1:qa:49,33f7ae08-ac1d-4321-9cb9-eca79016b359__ep1,ep1,test,2320,2399,31.830230712890625,12.127300262451172,0.4668354094028473,0.8333610892295837,1.0049097537994385
long_80f_stride40:33f7ae08-ac1d-4321-9cb9-eca79016b359__ep1:qa:50,33f7ae08-ac1d-4321-9cb9-eca79016b359__ep1,ep1,test,2360,2439,31.830230712890625,16.045377731323242,0.35063832998275757,0.7110198140144348,0.8713585734367371
long_80f_stride40:33f7ae08-ac1d-4321-9cb9-eca79016b359__ep1:qa:53,33f7ae08-ac1d-4321-9cb9-eca79016b359__ep1,ep1,test,2520,2599,32.89029312133789,23.85991096496582,0.4208032488822937,0.6341818571090698,0.8607813715934753
long_80f_stride40:33f7ae08-ac1d-4321-9cb9-eca79016b359__ep1:qa:54,33f7ae08-ac1d-4321-9cb9-eca79016b359__ep1,ep1,test,2560,2639,30.817678451538086,15.682299613952637,0.5040305852890015,0.7555761337280273,1.004706621170044
long_80f_stride40:33f7ae08-ac1d-4321-9cb9-eca79016b359__ep1:qa:55,33f7ae08-ac1d-4321-9cb9-eca79016b359__ep1,ep1,test,2600,2679,12.59273624420166,25.42342758178711,0.39669662714004517,0.687170147895813,0.920801043510437
long_80f_stride40:33f7ae08-ac1d-4321-9cb9-eca79016b359__ep1:qa:56,33f7ae08-ac1d-4321-9cb9-eca79016b359__ep1,ep1,test,2640,2719,12.59273624420166,9.13048267364502,0.1321147233247757,0.19306032359600067,0.26210740208625793
long_80f_stride40:33f7ae08-ac1d-4321-9cb9-eca79016b359__ep1:qa:57,33f7ae08-ac1d-4321-9cb9-eca79016b359__ep1,ep1,test,2680,2759,9.001148223876953,6.880826473236084,0.24961157143115997,0.36455532908439636,0.5043933391571045
long_80f_stride40:33f7ae08-ac1d-4321-9cb9-eca79016b359__ep1:qa:58,33f7ae08-ac1d-4321-9cb9-eca79016b359__ep1,ep1,test,2800,2879,10.902312278747559,8.19735336303711,0.1130475103855133,0.1671895831823349,0.21635884046554565
long_80f_stride40:33f7ae08-ac1d-4321-9cb9-eca79016b359__ep1:qa:59,33f7ae08-ac1d-4321-9cb9-eca79016b359__ep1,ep1,test,2840,2919,16.93083953857422,9.654706001281738,0.22991226613521576,0.40950942039489746,0.5536248087882996
long_80f_stride40:33f7ae08-ac1d-4321-9cb9-eca79016b359__ep1:qa:60,33f7ae08-ac1d-4321-9cb9-eca79016b359__ep1,ep1,test,2880,2959,16.93083953857422,5.922673225402832,0.257455974817276,0.456013560295105,0.6066896319389343
long_80f_stride40:33f7ae08-ac1d-4321-9cb9-eca79016b359__ep1:qa:61,33f7ae08-ac1d-4321-9cb9-eca79016b359__ep1,ep1,test,2920,2999,23.403127670288086,13.613630294799805,0.26861488819122314,0.47759556770324707,0.6273722648620605
long_80f_stride40:33f7ae08-ac1d-4321-9cb9-eca79016b359__ep1:qa:62,33f7ae08-ac1d-4321-9cb9-eca79016b359__ep1,ep1,test,3000,3079,35.08008575439453,33.98891830444336,0.09983047097921371,0.14268195629119873,0.20157712697982788
long_80f_stride40:33f7ae08-ac1d-4321-9cb9-eca79016b359__ep1:qa:63,33f7ae08-ac1d-4321-9cb9-eca79016b359__ep1,ep1,test,3040,3119,35.544925689697266,15.858880996704102,0.45560258626937866,0.8228644132614136,0.9949419498443604
long_80f_stride40:33f7ae08-ac1d-4321-9cb9-eca79016b359__ep1:qa:64,33f7ae08-ac1d-4321-9cb9-eca79016b359__ep1,ep1,test,3080,3159,35.29653549194336,15.657161712646484,0.44304171204566956,0.7148367762565613,0.9061965346336365
long_80f_stride40:33f7ae08-ac1d-4321-9cb9-eca79016b359__ep1:qa:65,33f7ae08-ac1d-4321-9cb9-eca79016b359__ep1,ep1,test,3120,3199,35.30286407470703,6.691336631774902,0.6553059816360474,0.9928409457206726,1.2541124820709229
long_80f_stride40:33f7ae08-ac1d-4321-9cb9-eca79016b359__ep1:qa:66,33f7ae08-ac1d-4321-9cb9-eca79016b359__ep1,ep1,test,3160,3239,35.30286407470703,29.78415870666504,0.23582468926906586,0.3761795461177826,0.49747538566589355
long_80f_stride40:33f7ae08-ac1d-4321-9cb9-eca79016b359__ep1:qa:67,33f7ae08-ac1d-4321-9cb9-eca79016b359__ep1,ep1,test,3200,3279,34.79573059082031,15.790048599243164,0.4515915811061859,0.8107263445854187,0.9588203430175781
long_80f_stride40:33f7ae08-ac1d-4321-9cb9-eca79016b359__ep1:qa:68,33f7ae08-ac1d-4321-9cb9-eca79016b359__ep1,ep1,test,3280,3359,34.23149490356445,3.146069049835205,0.798294723033905,1.0874685049057007,1.4696911573410034
long_80f_stride40:33f7ae08-ac1d-4321-9cb9-eca79016b359__ep1:qa:69,33f7ae08-ac1d-4321-9cb9-eca79016b359__ep1,ep1,test,3320,3399,33.99956512451172,8.908164978027344,0.6183919310569763,0.9994315505027771,1.222426176071167
long_80f_stride40:33f7ae08-ac1d-4321-9cb9-eca79016b359__ep1:qa:70,33f7ae08-ac1d-4321-9cb9-eca79016b359__ep1,ep1,test,3360,3439,34.08060073852539,25.56334114074707,0.19630639255046844,0.3778810203075409,0.45057159662246704
long_80f_stride40:33f7ae08-ac1d-4321-9cb9-eca79016b359__ep1:qa:71,33f7ae08-ac1d-4321-9cb9-eca79016b359__ep1,ep1,test,3440,3519,33.57474136352539,18.636507034301758,0.48578980565071106,0.6934394240379333,0.9403024315834045
long_80f_stride40:33f7ae08-ac1d-4321-9cb9-eca79016b359__ep1:qa:72,33f7ae08-ac1d-4321-9cb9-eca79016b359__ep1,ep1,test,3480,3559,33.55735397338867,18.577102661132812,0.34072527289390564,0.575045645236969,0.7137876749038696
long_80f_stride40:33f7ae08-ac1d-4321-9cb9-eca79016b359__ep1:qa:73,33f7ae08-ac1d-4321-9cb9-eca79016b359__ep1,ep1,test,3520,3599,33.55735397338867,12.160472869873047,0.48982733488082886,0.8600426316261292,1.0112553834915161
long_80f_stride40:33f7ae08-ac1d-4321-9cb9-eca79016b359__ep1:qa:74,33f7ae08-ac1d-4321-9cb9-eca79016b359__ep1,ep1,test,3560,3639,33.37149429321289,17.69536590576172,0.34985387325286865,0.6237917542457581,0.7700244188308716
long_80f_stride40:33f7ae08-ac1d-4321-9cb9-eca79016b359__ep1:qa:75,33f7ae08-ac1d-4321-9cb9-eca79016b359__ep1,ep1,test,3640,3719,34.721778869628906,12.222051620483398,0.5103369951248169,0.8642849922180176,1.0484720468521118
long_80f_stride40:33f7ae08-ac1d-4321-9cb9-eca79016b359__ep1:qa:76,33f7ae08-ac1d-4321-9cb9-eca79016b359__ep1,ep1,test,3680,3759,31.93794822692871,27.936262130737305,0.7035236954689026,0.961704432964325,1.3218034505844116
long_80f_stride40:33f7ae08-ac1d-4321-9cb9-eca79016b359__ep1:qa:77,33f7ae08-ac1d-4321-9cb9-eca79016b359__ep1,ep1,test,3720,3799,26.739065170288086,15.943532943725586,0.5709782838821411,0.811048150062561,1.1041938066482544
long_80f_stride40:33f7ae08-ac1d-4321-9cb9-eca79016b359__ep1:qa:78,33f7ae08-ac1d-4321-9cb9-eca79016b359__ep1,ep1,test,3760,3839,0.0,13.6536283493042,0.2971956729888916,0.4597415626049042,0.5403017997741699
long_80f_stride40:33f7ae08-ac1d-4321-9cb9-eca79016b359__ep1:qa:79,33f7ae08-ac1d-4321-9cb9-eca79016b359__ep1,ep1,test,3800,3879,30.307432174682617,3.8843367099761963,0.618424117565155,0.9558017253875732,1.1667002439498901
long_80f_stride40:33f7ae08-ac1d-4321-9cb9-eca79016b359__ep1:qa:80,33f7ae08-ac1d-4321-9cb9-eca79016b359__ep1,ep1,test,3840,3919,34.053436279296875,5.107429027557373,0.6355303525924683,1.0465781688690186,1.2356164455413818
long_80f_stride40:33f7ae08-ac1d-4321-9cb9-eca79016b359__ep1:qa:81,33f7ae08-ac1d-4321-9cb9-eca79016b359__ep1,ep1,test,3880,3959,34.053436279296875,2.872918128967285,0.6538891196250916,1.0644681453704834,1.2469947338104248
long_80f_stride40:33f7ae08-ac1d-4321-9cb9-eca79016b359__ep1:qa:82,33f7ae08-ac1d-4321-9cb9-eca79016b359__ep1,ep1,test,3920,3999,34.839866638183594,14.069923400878906,0.44384393095970154,0.883916974067688,1.020747184753418
long_80f_stride40:33f7ae08-ac1d-4321-9cb9-eca79016b359__ep1:qa:83,33f7ae08-ac1d-4321-9cb9-eca79016b359__ep1,ep1,test,4000,4079,34.43467712402344,6.9187164306640625,0.6214990019798279,0.9967640042304993,1.2046836614608765
long_80f_stride40:33f7ae08-ac1d-4321-9cb9-eca79016b359__ep1:qa:84,33f7ae08-ac1d-4321-9cb9-eca79016b359__ep1,ep1,test,4040,4119,34.43514633178711,6.622560977935791,0.6097439527511597,1.0440647602081299,1.2008423805236816
long_80f_stride40:33f7ae08-ac1d-4321-9cb9-eca79016b359__ep1:qa:85,33f7ae08-ac1d-4321-9cb9-eca79016b359__ep1,ep1,test,4080,4159,33.929019927978516,7.184751510620117,0.6137493252754211,1.0212334394454956,1.2117456197738647
long_80f_stride40:33f7ae08-ac1d-4321-9cb9-eca79016b359__ep1:qa:86,33f7ae08-ac1d-4321-9cb9-eca79016b359__ep1,ep1,test,4120,4199,34.309383392333984,8.863875389099121,0.5924845337867737,0.997734785079956,1.1589521169662476
long_80f_stride40:33f7ae08-ac1d-4321-9cb9-eca79016b359__ep1:qa:87,33f7ae08-ac1d-4321-9cb9-eca79016b359__ep1,ep1,test,4160,4239,34.309383392333984,8.457046508789062,0.6111528873443604,1.0209977626800537,1.1886584758758545
long_80f_stride40:33f7ae08-ac1d-4321-9cb9-eca79016b359__ep1:qa:88,33f7ae08-ac1d-4321-9cb9-eca79016b359__ep1,ep1,test,4200,4279,34.309383392333984,6.087436676025391,0.6240510940551758,1.0093070268630981,1.1658215522766113
long_80f_stride40:33f7ae08-ac1d-4321-9cb9-eca79016b359__ep1:qa:95,33f7ae08-ac1d-4321-9cb9-eca79016b359__ep1,ep1,test,4520,4599,32.09440994262695,5.7815985679626465,0.5537111163139343,0.9784070253372192,1.1425100564956665
long_80f_stride40:33f7ae08-ac1d-4321-9cb9-eca79016b359__ep1:qa:96,33f7ae08-ac1d-4321-9cb9-eca79016b359__ep1,ep1,test,4560,4639,33.082454681396484,10.639707565307617,0.5315108895301819,0.944807767868042,1.1625926494598389
long_80f_stride40:33f7ae08-ac1d-4321-9cb9-eca79016b359__ep1:qa:97,33f7ae08-ac1d-4321-9cb9-eca79016b359__ep1,ep1,test,4600,4679,28.878890991210938,14.64834976196289,0.40013572573661804,0.6095893383026123,0.8092671036720276
long_80f_stride40:33f7ae08-ac1d-4321-9cb9-eca79016b359__ep1:qa:98,33f7ae08-ac1d-4321-9cb9-eca79016b359__ep1,ep1,test,4640,4719,28.869997024536133,19.59360122680664,0.36567801237106323,0.5442540049552917,0.7454360723495483
long_80f_stride40:33f7ae08-ac1d-4321-9cb9-eca79016b359__ep1:qa:99,33f7ae08-ac1d-4321-9cb9-eca79016b359__ep1,ep1,test,4680,4759,31.510162353515625,22.870771408081055,0.3411821722984314,0.4706459641456604,0.663361132144928
long_80f_stride40:33f7ae08-ac1d-4321-9cb9-eca79016b359__ep1:qa:100,33f7ae08-ac1d-4321-9cb9-eca79016b359__ep1,ep1,test,4720,4799,0.0,19.810110092163086,0.45568224787712097,0.6670411229133606,0.8218504786491394
long_80f_stride40:33f7ae08-ac1d-4321-9cb9-eca79016b359__ep1:qa:101,33f7ae08-ac1d-4321-9cb9-eca79016b359__ep1,ep1,test,4760,4839,0.0,20.13866424560547,0.44335317611694336,0.6781041026115417,0.8130636811256409
long_80f_stride40:33f7ae08-ac1d-4321-9cb9-eca79016b359__ep1:qa:102,33f7ae08-ac1d-4321-9cb9-eca79016b359__ep1,ep1,test,4800,4879,0.0,8.51262092590332,0.2039160579442978,0.2866348624229431,0.37344837188720703
long_80f_stride40:33f7ae08-ac1d-4321-9cb9-eca79016b359__ep1:qa:103,33f7ae08-ac1d-4321-9cb9-eca79016b359__ep1,ep1,test,4880,4959,0.0,0.8888680934906006,0.019749531522393227,0.029929745942354202,0.03900579735636711
long_80f_stride40:9c553886-83c5-4dc4-be5c-dcb269b3a771__ep2:qa:0,9c553886-83c5-4dc4-be5c-dcb269b3a771__ep2,ep2,test,0,79,11.600091934204102,11.950039863586426,0.06046442314982414,0.08299688994884491,0.11774547398090363
long_80f_stride40:9c553886-83c5-4dc4-be5c-dcb269b3a771__ep2:qa:1,9c553886-83c5-4dc4-be5c-dcb269b3a771__ep2,ep2,test,40,119,11.33409595489502,10.252431869506836,0.0747433602809906,0.1227647140622139,0.15683956444263458
long_80f_stride40:9c553886-83c5-4dc4-be5c-dcb269b3a771__ep2:qa:2,9c553886-83c5-4dc4-be5c-dcb269b3a771__ep2,ep2,test,80,159,11.748510360717773,11.177359580993652,0.09463179856538773,0.16269542276859283,0.20250456035137177
long_80f_stride40:9c553886-83c5-4dc4-be5c-dcb269b3a771__ep2:qa:3,9c553886-83c5-4dc4-be5c-dcb269b3a771__ep2,ep2,test,120,199,11.22734260559082,12.147664070129395,0.0723353698849678,0.13864310085773468,0.17364642024040222
long_80f_stride40:9c553886-83c5-4dc4-be5c-dcb269b3a771__ep2:qa:4,9c553886-83c5-4dc4-be5c-dcb269b3a771__ep2,ep2,test,160,239,10.835920333862305,11.210174560546875,0.049813203513622284,0.0800483301281929,0.10673913359642029
long_80f_stride40:9c553886-83c5-4dc4-be5c-dcb269b3a771__ep2:qa:5,9c553886-83c5-4dc4-be5c-dcb269b3a771__ep2,ep2,test,200,279,11.008543014526367,11.492067337036133,0.06561539322137833,0.11516295373439789,0.1509426236152649
long_80f_stride40:9c553886-83c5-4dc4-be5c-dcb269b3a771__ep2:qa:6,9c553886-83c5-4dc4-be5c-dcb269b3a771__ep2,ep2,test,240,319,11.676424980163574,7.780048370361328,0.1077067032456398,0.14975173771381378,0.20611616969108582
long_80f_stride40:9c553886-83c5-4dc4-be5c-dcb269b3a771__ep2:qa:7,9c553886-83c5-4dc4-be5c-dcb269b3a771__ep2,ep2,test,280,359,11.819079399108887,9.194120407104492,0.09611321240663528,0.13211075961589813,0.18019302189350128
long_80f_stride40:9c553886-83c5-4dc4-be5c-dcb269b3a771__ep2:qa:8,9c553886-83c5-4dc4-be5c-dcb269b3a771__ep2,ep2,test,320,399,11.639284133911133,10.938066482543945,0.06451370567083359,0.09980971366167068,0.1347016841173172
long_80f_stride40:9c553886-83c5-4dc4-be5c-dcb269b3a771__ep2:qa:9,9c553886-83c5-4dc4-be5c-dcb269b3a771__ep2,ep2,test,360,439,11.654536247253418,10.34166431427002,0.06773587316274643,0.10784050077199936,0.137164905667305
long_80f_stride40:9c553886-83c5-4dc4-be5c-dcb269b3a771__ep2:qa:10,9c553886-83c5-4dc4-be5c-dcb269b3a771__ep2,ep2,test,400,479,11.654536247253418,11.400368690490723,0.0533711239695549,0.08350204676389694,0.10926048457622528
long_80f_stride40:9c553886-83c5-4dc4-be5c-dcb269b3a771__ep2:qa:11,9c553886-83c5-4dc4-be5c-dcb269b3a771__ep2,ep2,test,440,519,11.541460037231445,11.862457275390625,0.07810036092996597,0.13759012520313263,0.17777882516384125
long_80f_stride40:9c553886-83c5-4dc4-be5c-dcb269b3a771__ep2:qa:12,9c553886-83c5-4dc4-be5c-dcb269b3a771__ep2,ep2,test,520,599,11.890084266662598,9.12972354888916,0.09897082298994064,0.14581729471683502,0.18312184512615204
long_80f_stride40:9c553886-83c5-4dc4-be5c-dcb269b3a771__ep2:qa:13,9c553886-83c5-4dc4-be5c-dcb269b3a771__ep2,ep2,test,600,679,12.50277328491211,12.557295799255371,0.08188130706548691,0.1529165804386139,0.1821252554655075
long_80f_stride40:9c553886-83c5-4dc4-be5c-dcb269b3a771__ep2:qa:14,9c553886-83c5-4dc4-be5c-dcb269b3a771__ep2,ep2,test,640,719,12.797614097595215,11.448127746582031,0.09130338579416275,0.14513449370861053,0.19191858172416687
long_80f_stride40:9c553886-83c5-4dc4-be5c-dcb269b3a771__ep2:qa:15,9c553886-83c5-4dc4-be5c-dcb269b3a771__ep2,ep2,test,680,759,14.684829711914062,9.495394706726074,0.13290542364120483,0.20186088979244232,0.24779853224754333
long_80f_stride40:9c553886-83c5-4dc4-be5c-dcb269b3a771__ep2:qa:16,9c553886-83c5-4dc4-be5c-dcb269b3a771__ep2,ep2,test,720,799,14.287215232849121,13.8760986328125,0.16988873481750488,0.2644701302051544,0.33649739623069763
long_80f_stride40:9c553886-83c5-4dc4-be5c-dcb269b3a771__ep2:qa:17,9c553886-83c5-4dc4-be5c-dcb269b3a771__ep2,ep2,test,800,879,14.528837203979492,11.328012466430664,0.10967304557561874,0.16004252433776855,0.2065504938364029
long_80f_stride40:9c553886-83c5-4dc4-be5c-dcb269b3a771__ep2:qa:18,9c553886-83c5-4dc4-be5c-dcb269b3a771__ep2,ep2,test,880,959,14.581538200378418,11.516789436340332,0.11596492677927017,0.16418661177158356,0.21256087720394135
long_80f_stride40:9c553886-83c5-4dc4-be5c-dcb269b3a771__ep2:qa:19,9c553886-83c5-4dc4-be5c-dcb269b3a771__ep2,ep2,test,1000,1079,14.667451858520508,11.132654190063477,0.12181087583303452,0.17603960633277893,0.2259298861026764
long_80f_stride40:9c553886-83c5-4dc4-be5c-dcb269b3a771__ep2:qa:20,9c553886-83c5-4dc4-be5c-dcb269b3a771__ep2,ep2,test,1040,1119,14.577107429504395,11.008195877075195,0.11951324343681335,0.17059117555618286,0.2142365723848343
long_80f_stride40:9c553886-83c5-4dc4-be5c-dcb269b3a771__ep2:qa:21,9c553886-83c5-4dc4-be5c-dcb269b3a771__ep2,ep2,test,1080,1159,14.572653770446777,10.946661949157715,0.12156683206558228,0.1769796460866928,0.2262144237756729
long_80f_stride40:9c553886-83c5-4dc4-be5c-dcb269b3a771__ep2:qa:22,9c553886-83c5-4dc4-be5c-dcb269b3a771__ep2,ep2,test,1120,1199,14.53940486907959,7.870230674743652,0.16835160553455353,0.258002907037735,0.32125937938690186
long_80f_stride40:9c553886-83c5-4dc4-be5c-dcb269b3a771__ep2:qa:23,9c553886-83c5-4dc4-be5c-dcb269b3a771__ep2,ep2,test,1160,1239,14.53940486907959,9.336555480957031,0.15072651207447052,0.2210417091846466,0.28088995814323425
long_80f_stride40:9c553886-83c5-4dc4-be5c-dcb269b3a771__ep2:qa:24,9c553886-83c5-4dc4-be5c-dcb269b3a771__ep2,ep2,test,1200,1279,14.612136840820312,10.52264404296875,0.09753860533237457,0.15959680080413818,0.2086285501718521
long_80f_stride40:9c553886-83c5-4dc4-be5c-dcb269b3a771__ep2:qa:25,9c553886-83c5-4dc4-be5c-dcb269b3a771__ep2,ep2,test,1280,1359,14.631288528442383,11.778361320495605,0.14705823361873627,0.2262629121541977,0.27429792284965515
long_80f_stride40:9c553886-83c5-4dc4-be5c-dcb269b3a771__ep2:qa:26,9c553886-83c5-4dc4-be5c-dcb269b3a771__ep2,ep2,test,1320,1399,14.139856338500977,12.140923500061035,0.08538448065519333,0.12792232632637024,0.16108238697052002
long_80f_stride40:9c553886-83c5-4dc4-be5c-dcb269b3a771__ep2:qa:27,9c553886-83c5-4dc4-be5c-dcb269b3a771__ep2,ep2,test,1400,1479,12.816376686096191,2.5963211059570312,0.19764754176139832,0.3582928478717804,0.415855348110199
long_80f_stride40:9c553886-83c5-4dc4-be5c-dcb269b3a771__ep2:qa:28,9c553886-83c5-4dc4-be5c-dcb269b3a771__ep2,ep2,test,1440,1519,12.734807968139648,2.4109160900115967,0.20836295187473297,0.3615362346172333,0.4228335916996002
long_80f_stride40:9c553886-83c5-4dc4-be5c-dcb269b3a771__ep2:qa:29,9c553886-83c5-4dc4-be5c-dcb269b3a771__ep2,ep2,test,1520,1599,12.553019523620605,8.83415699005127,0.08460801094770432,0.13262450695037842,0.16507405042648315
long_80f_stride40:9c553886-83c5-4dc4-be5c-dcb269b3a771__ep2:qa:30,9c553886-83c5-4dc4-be5c-dcb269b3a771__ep2,ep2,test,1560,1639,12.553019523620605,8.7221040725708,0.0927458330988884,0.14370474219322205,0.17680883407592773
long_80f_stride40:9c553886-83c5-4dc4-be5c-dcb269b3a771__ep2:qa:31,9c553886-83c5-4dc4-be5c-dcb269b3a771__ep2,ep2,test,1600,1679,12.70111083984375,9.915102005004883,0.06520266830921173,0.10018225759267807,0.1301947832107544
long_80f_stride40:9c553886-83c5-4dc4-be5c-dcb269b3a771__ep2:qa:32,9c553886-83c5-4dc4-be5c-dcb269b3a771__ep2,ep2,test,1680,1759,12.922015190124512,11.255579948425293,0.10854543000459671,0.17125138640403748,0.22507362067699432
long_80f_stride40:9c553886-83c5-4dc4-be5c-dcb269b3a771__ep2:qa:33,9c553886-83c5-4dc4-be5c-dcb269b3a771__ep2,ep2,test,1720,1799,12.924409866333008,11.112997055053711,0.09575755149126053,0.14217175543308258,0.18094196915626526
long_80f_stride40:9c553886-83c5-4dc4-be5c-dcb269b3a771__ep2:qa:34,9c553886-83c5-4dc4-be5c-dcb269b3a771__ep2,ep2,test,1800,1879,13.730525970458984,9.183735847473145,0.11585390567779541,0.19286274909973145,0.21932220458984375
long_80f_stride40:9c553886-83c5-4dc4-be5c-dcb269b3a771__ep2:qa:35,9c553886-83c5-4dc4-be5c-dcb269b3a771__ep2,ep2,test,1840,1919,13.633458137512207,5.286134719848633,0.205466166138649,0.32678285241127014,0.39743342995643616
long_80f_stride40:9c553886-83c5-4dc4-be5c-dcb269b3a771__ep2:qa:36,9c553886-83c5-4dc4-be5c-dcb269b3a771__ep2,ep2,test,1880,1959,13.5738525390625,11.643253326416016,0.10381240397691727,0.14734813570976257,0.1940584033727646
long_80f_stride40:9c553886-83c5-4dc4-be5c-dcb269b3a771__ep2:qa:37,9c553886-83c5-4dc4-be5c-dcb269b3a771__ep2,ep2,test,1920,1999,13.529130935668945,11.653397560119629,0.09474164992570877,0.13662168383598328,0.17892250418663025
long_80f_stride40:9c553886-83c5-4dc4-be5c-dcb269b3a771__ep2:qa:38,9c553886-83c5-4dc4-be5c-dcb269b3a771__ep2,ep2,test,2000,2079,13.241415023803711,12.06348991394043,0.1055837944149971,0.15455085039138794,0.2027636468410492
long_80f_stride40:9c553886-83c5-4dc4-be5c-dcb269b3a771__ep2:qa:39,9c553886-83c5-4dc4-be5c-dcb269b3a771__ep2,ep2,test,2040,2119,12.967569351196289,11.529692649841309,0.12279552221298218,0.1701604425907135,0.24061070382595062
long_80f_stride40:9c553886-83c5-4dc4-be5c-dcb269b3a771__ep2:qa:40,9c553886-83c5-4dc4-be5c-dcb269b3a771__ep2,ep2,test,2080,2159,12.967569351196289,11.179017066955566,0.13358087837696075,0.184583380818367,0.26014766097068787
long_80f_stride40:9c553886-83c5-4dc4-be5c-dcb269b3a771__ep2:qa:41,9c553886-83c5-4dc4-be5c-dcb269b3a771__ep2,ep2,test,2120,2199,13.380633354187012,11.54741382598877,0.13759316504001617,0.20925922691822052,0.26707151532173157
long_80f_stride40:9c553886-83c5-4dc4-be5c-dcb269b3a771__ep2:qa:42,9c553886-83c5-4dc4-be5c-dcb269b3a771__ep2,ep2,test,2200,2279,12.04811954498291,11.446476936340332,0.10607799142599106,0.17726753652095795,0.23486794531345367
long_80f_stride40:9c553886-83c5-4dc4-be5c-dcb269b3a771__ep2:qa:43,9c553886-83c5-4dc4-be5c-dcb269b3a771__ep2,ep2,test,2240,2319,12.139622688293457,11.694483757019043,0.16896095871925354,0.23576565086841583,0.33193138241767883
long_80f_stride40:9c553886-83c5-4dc4-be5c-dcb269b3a771__ep2:qa:44,9c553886-83c5-4dc4-be5c-dcb269b3a771__ep2,ep2,test,2280,2359,11.503777503967285,11.362605094909668,0.15217770636081696,0.20601972937583923,0.2864660620689392
long_80f_stride40:9c553886-83c5-4dc4-be5c-dcb269b3a771__ep2:qa:45,9c553886-83c5-4dc4-be5c-dcb269b3a771__ep2,ep2,test,2320,2399,12.028148651123047,11.336408615112305,0.08700542151927948,0.13970142602920532,0.17709185183048248
long_80f_stride40:9c553886-83c5-4dc4-be5c-dcb269b3a771__ep2:qa:46,9c553886-83c5-4dc4-be5c-dcb269b3a771__ep2,ep2,test,2360,2439,11.963519096374512,11.998360633850098,0.09424513578414917,0.1500689536333084,0.18572932481765747
long_80f_stride40:9c553886-83c5-4dc4-be5c-dcb269b3a771__ep2:qa:47,9c553886-83c5-4dc4-be5c-dcb269b3a771__ep2,ep2,test,2400,2479,11.98782730102539,12.190533638000488,0.11565155535936356,0.18001842498779297,0.2355857640504837
long_80f_stride40:9c553886-83c5-4dc4-be5c-dcb269b3a771__ep2:qa:48,9c553886-83c5-4dc4-be5c-dcb269b3a771__ep2,ep2,test,2440,2519,11.900482177734375,11.577177047729492,0.09603305160999298,0.17472773790359497,0.2131262570619583
long_80f_stride40:9c553886-83c5-4dc4-be5c-dcb269b3a771__ep2:qa:49,9c553886-83c5-4dc4-be5c-dcb269b3a771__ep2,ep2,test,2480,2559,11.943987846374512,10.429330825805664,0.05923281982541084,0.0940326601266861,0.11672849208116531
long_80f_stride40:9c553886-83c5-4dc4-be5c-dcb269b3a771__ep2:qa:50,9c553886-83c5-4dc4-be5c-dcb269b3a771__ep2,ep2,test,2520,2599,12.046211242675781,11.366546630859375,0.06216058135032654,0.1041407361626625,0.13269735872745514
long_80f_stride40:9c553886-83c5-4dc4-be5c-dcb269b3a771__ep2:qa:51,9c553886-83c5-4dc4-be5c-dcb269b3a771__ep2,ep2,test,2560,2639,11.554311752319336,13.939903259277344,0.16927367448806763,0.27694132924079895,0.3327760696411133
long_80f_stride40:9c553886-83c5-4dc4-be5c-dcb269b3a771__ep2:qa:52,9c553886-83c5-4dc4-be5c-dcb269b3a771__ep2,ep2,test,2600,2679,11.524600982666016,11.521916389465332,0.07565513253211975,0.13372324407100677,0.16981862485408783
long_80f_stride40:9c553886-83c5-4dc4-be5c-dcb269b3a771__ep2:qa:53,9c553886-83c5-4dc4-be5c-dcb269b3a771__ep2,ep2,test,2640,2719,11.607963562011719,11.443368911743164,0.08721667528152466,0.157201886177063,0.19338491559028625
long_80f_stride40:9c553886-83c5-4dc4-be5c-dcb269b3a771__ep2:qa:54,9c553886-83c5-4dc4-be5c-dcb269b3a771__ep2,ep2,test,2680,2759,12.052544593811035,10.995830535888672,0.09013812243938446,0.1499304175376892,0.18327924609184265
long_80f_stride40:9c553886-83c5-4dc4-be5c-dcb269b3a771__ep2:qa:55,9c553886-83c5-4dc4-be5c-dcb269b3a771__ep2,ep2,test,2720,2799,12.050271987915039,12.15550708770752,0.07867497950792313,0.12681548297405243,0.1588464081287384
long_80f_stride40:9c553886-83c5-4dc4-be5c-dcb269b3a771__ep2:qa:56,9c553886-83c5-4dc4-be5c-dcb269b3a771__ep2,ep2,test,2760,2839,12.139989852905273,12.464709281921387,0.08719190210103989,0.14734195172786713,0.18533159792423248
long_80f_stride40:9c553886-83c5-4dc4-be5c-dcb269b3a771__ep2:qa:57,9c553886-83c5-4dc4-be5c-dcb269b3a771__ep2,ep2,test,2800,2879,11.753541946411133,11.901968955993652,0.09426390379667282,0.13077902793884277,0.1792708784341812
long_80f_stride40:9c553886-83c5-4dc4-be5c-dcb269b3a771__ep2:qa:58,9c553886-83c5-4dc4-be5c-dcb269b3a771__ep2,ep2,test,2840,2919,12.343510627746582,11.715115547180176,0.10615193843841553,0.1781005561351776,0.22888123989105225
long_80f_stride40:9c553886-83c5-4dc4-be5c-dcb269b3a771__ep2:qa:59,9c553886-83c5-4dc4-be5c-dcb269b3a771__ep2,ep2,test,2880,2959,12.343510627746582,11.83595085144043,0.11471911519765854,0.17731142044067383,0.23082509636878967
long_80f_stride40:9c553886-83c5-4dc4-be5c-dcb269b3a771__ep2:qa:60,9c553886-83c5-4dc4-be5c-dcb269b3a771__ep2,ep2,test,2920,2999,12.72576904296875,5.768367767333984,0.1542084664106369,0.25378021597862244,0.30975446105003357
long_80f_stride40:9c553886-83c5-4dc4-be5c-dcb269b3a771__ep2:qa:61,9c553886-83c5-4dc4-be5c-dcb269b3a771__ep2,ep2,test,3000,3079,12.992511749267578,13.238680839538574,0.12123145163059235,0.18269528448581696,0.23251669108867645
long_80f_stride40:9c553886-83c5-4dc4-be5c-dcb269b3a771__ep2:qa:62,9c553886-83c5-4dc4-be5c-dcb269b3a771__ep2,ep2,test,3040,3119,13.437079429626465,11.7196683883667,0.06287592649459839,0.09661178290843964,0.12546129524707794
long_80f_stride40:9c553886-83c5-4dc4-be5c-dcb269b3a771__ep2:qa:63,9c553886-83c5-4dc4-be5c-dcb269b3a771__ep2,ep2,test,3080,3159,13.325224876403809,11.764582633972168,0.07660268247127533,0.12396053224802017,0.157309427857399
long_80f_stride40:9c553886-83c5-4dc4-be5c-dcb269b3a771__ep2:qa:64,9c553886-83c5-4dc4-be5c-dcb269b3a771__ep2,ep2,test,3120,3199,13.268450736999512,11.201399803161621,0.09412245452404022,0.14548270404338837,0.18811677396297455
long_80f_stride40:9c553886-83c5-4dc4-be5c-dcb269b3a771__ep2:qa:65,9c553886-83c5-4dc4-be5c-dcb269b3a771__ep2,ep2,test,3160,3239,13.172551155090332,11.142891883850098,0.059355005621910095,0.09880639612674713,0.12582005560398102
long_80f_stride40:9c553886-83c5-4dc4-be5c-dcb269b3a771__ep2:qa:66,9c553886-83c5-4dc4-be5c-dcb269b3a771__ep2,ep2,test,3200,3279,13.091723442077637,11.433904647827148,0.06197276711463928,0.0961294025182724,0.12365242838859558
long_80f_stride40:9c553886-83c5-4dc4-be5c-dcb269b3a771__ep2:qa:67,9c553886-83c5-4dc4-be5c-dcb269b3a771__ep2,ep2,test,3240,3319,13.062803268432617,12.452534675598145,0.06702318042516708,0.09830635040998459,0.1283816397190094
long_80f_stride40:9c553886-83c5-4dc4-be5c-dcb269b3a771__ep2:qa:68,9c553886-83c5-4dc4-be5c-dcb269b3a771__ep2,ep2,test,3280,3359,13.062803268432617,12.398248672485352,0.05686851218342781,0.08948581665754318,0.11682087182998657
long_80f_stride40:9c553886-83c5-4dc4-be5c-dcb269b3a771__ep2:qa:69,9c553886-83c5-4dc4-be5c-dcb269b3a771__ep2,ep2,test,3320,3399,13.086978912353516,12.693731307983398,0.052673403173685074,0.08550801128149033,0.11372629553079605
long_80f_stride40:9c553886-83c5-4dc4-be5c-dcb269b3a771__ep2:qa:70,9c553886-83c5-4dc4-be5c-dcb269b3a771__ep2,ep2,test,3400,3479,13.142783164978027,11.543206214904785,0.08868420869112015,0.13034428656101227,0.166448712348938
long_80f_stride40:9c553886-83c5-4dc4-be5c-dcb269b3a771__ep2:qa:71,9c553886-83c5-4dc4-be5c-dcb269b3a771__ep2,ep2,test,3440,3519,13.19306468963623,11.833273887634277,0.08872191607952118,0.13636979460716248,0.16991186141967773
long_80f_stride40:9c553886-83c5-4dc4-be5c-dcb269b3a771__ep2:qa:72,9c553886-83c5-4dc4-be5c-dcb269b3a771__ep2,ep2,test,3480,3559,13.053023338317871,9.294486045837402,0.14573493599891663,0.21426697075366974,0.2575782835483551
long_80f_stride40:9c553886-83c5-4dc4-be5c-dcb269b3a771__ep2:qa:73,9c553886-83c5-4dc4-be5c-dcb269b3a771__ep2,ep2,test,3520,3599,13.197749137878418,7.885407447814941,0.1549919992685318,0.2378939688205719,0.31726881861686707
long_80f_stride40:9c553886-83c5-4dc4-be5c-dcb269b3a771__ep2:qa:74,9c553886-83c5-4dc4-be5c-dcb269b3a771__ep2,ep2,test,3560,3639,12.945645332336426,8.217961311340332,0.14643386006355286,0.22067078948020935,0.3028838634490967
long_80f_stride40:9c553886-83c5-4dc4-be5c-dcb269b3a771__ep2:qa:75,9c553886-83c5-4dc4-be5c-dcb269b3a771__ep2,ep2,test,3600,3679,12.926389694213867,6.6339006423950195,0.153702512383461,0.24062436819076538,0.30351725220680237
long_80f_stride40:9c553886-83c5-4dc4-be5c-dcb269b3a771__ep2:qa:76,9c553886-83c5-4dc4-be5c-dcb269b3a771__ep2,ep2,test,3640,3719,13.093464851379395,10.141783714294434,0.13754869997501373,0.19757327437400818,0.25156742334365845
long_80f_stride40:9c553886-83c5-4dc4-be5c-dcb269b3a771__ep2:qa:77,9c553886-83c5-4dc4-be5c-dcb269b3a771__ep2,ep2,test,3680,3759,13.093464851379395,7.6189093589782715,0.136872798204422,0.20763441920280457,0.255282461643219
long_80f_stride40:9c553886-83c5-4dc4-be5c-dcb269b3a771__ep2:qa:78,9c553886-83c5-4dc4-be5c-dcb269b3a771__ep2,ep2,test,3720,3799,13.212950706481934,6.55502986907959,0.14027734100818634,0.23718073964118958,0.2930341064929962
long_80f_stride40:9c553886-83c5-4dc4-be5c-dcb269b3a771__ep2:qa:79,9c553886-83c5-4dc4-be5c-dcb269b3a771__ep2,ep2,test,3800,3879,13.214061737060547,11.931180000305176,0.10286945849657059,0.1595437079668045,0.2056805044412613
long_80f_stride40:9c553886-83c5-4dc4-be5c-dcb269b3a771__ep2:qa:80,9c553886-83c5-4dc4-be5c-dcb269b3a771__ep2,ep2,test,3840,3919,13.095807075500488,11.15607738494873,0.10064218193292618,0.1527051031589508,0.190914124250412
long_80f_stride40:9c553886-83c5-4dc4-be5c-dcb269b3a771__ep2:qa:81,9c553886-83c5-4dc4-be5c-dcb269b3a771__ep2,ep2,test,3880,3959,12.902034759521484,6.091204643249512,0.20370806753635406,0.30197203159332275,0.3710941672325134
long_80f_stride40:9c553886-83c5-4dc4-be5c-dcb269b3a771__ep2:qa:82,9c553886-83c5-4dc4-be5c-dcb269b3a771__ep2,ep2,test,3920,3999,12.867877960205078,10.644767761230469,0.09536957740783691,0.1290145069360733,0.18104010820388794
long_80f_stride40:9c553886-83c5-4dc4-be5c-dcb269b3a771__ep2:qa:83,9c553886-83c5-4dc4-be5c-dcb269b3a771__ep2,ep2,test,3960,4039,12.580188751220703,12.374493598937988,0.09290327876806259,0.15485745668411255,0.20017960667610168
long_80f_stride40:9c553886-83c5-4dc4-be5c-dcb269b3a771__ep2:qa:84,9c553886-83c5-4dc4-be5c-dcb269b3a771__ep2,ep2,test,4000,4079,12.222768783569336,11.310370445251465,0.0861218273639679,0.1300850361585617,0.17363914847373962
long_80f_stride40:9c553886-83c5-4dc4-be5c-dcb269b3a771__ep2:qa:85,9c553886-83c5-4dc4-be5c-dcb269b3a771__ep2,ep2,test,4040,4119,12.222768783569336,12.58262825012207,0.09052954614162445,0.14445559680461884,0.18306122720241547
long_80f_stride40:9c553886-83c5-4dc4-be5c-dcb269b3a771__ep2:qa:86,9c553886-83c5-4dc4-be5c-dcb269b3a771__ep2,ep2,test,4080,4159,12.222768783569336,10.864230155944824,0.08505915105342865,0.13629908859729767,0.17357152700424194
long_80f_stride40:9c553886-83c5-4dc4-be5c-dcb269b3a771__ep2:qa:98,9c553886-83c5-4dc4-be5c-dcb269b3a771__ep2,ep2,test,4600,4679,12.270068168640137,8.995253562927246,0.1856192648410797,0.2641383409500122,0.32873308658599854
long_80f_stride40:9c553886-83c5-4dc4-be5c-dcb269b3a771__ep2:qa:99,9c553886-83c5-4dc4-be5c-dcb269b3a771__ep2,ep2,test,4640,4719,12.382990837097168,8.484749794006348,0.11275964975357056,0.16744452714920044,0.21049965918064117
long_80f_stride40:9c553886-83c5-4dc4-be5c-dcb269b3a771__ep2:qa:100,9c553886-83c5-4dc4-be5c-dcb269b3a771__ep2,ep2,test,4680,4759,11.996357917785645,9.083221435546875,0.11421962827444077,0.16591252386569977,0.20217469334602356
long_80f_stride40:9c553886-83c5-4dc4-be5c-dcb269b3a771__ep2:qa:101,9c553886-83c5-4dc4-be5c-dcb269b3a771__ep2,ep2,test,4720,4799,11.996357917785645,10.1301851272583,0.08440931886434555,0.121828094124794,0.15565967559814453
long_80f_stride40:9c553886-83c5-4dc4-be5c-dcb269b3a771__ep2:qa:119,9c553886-83c5-4dc4-be5c-dcb269b3a771__ep2,ep2,test,5520,5599,12.493179321289062,8.613455772399902,0.13552124798297882,0.20534160733222961,0.2752181589603424
long_80f_stride40:9c553886-83c5-4dc4-be5c-dcb269b3a771__ep2:qa:120,9c553886-83c5-4dc4-be5c-dcb269b3a771__ep2,ep2,test,5560,5639,12.307610511779785,7.721721172332764,0.1691286265850067,0.24891720712184906,0.33691197633743286
long_80f_stride40:9c553886-83c5-4dc4-be5c-dcb269b3a771__ep2:qa:121,9c553886-83c5-4dc4-be5c-dcb269b3a771__ep2,ep2,test,5640,5719,11.997522354125977,12.510383605957031,0.0806986391544342,0.12220590561628342,0.15117807686328888
long_80f_stride40:9c553886-83c5-4dc4-be5c-dcb269b3a771__ep2:qa:122,9c553886-83c5-4dc4-be5c-dcb269b3a771__ep2,ep2,test,5680,5759,11.864962577819824,11.464056015014648,0.05452849343419075,0.08761237561702728,0.10850918292999268
long_80f_stride40:9c553886-83c5-4dc4-be5c-dcb269b3a771__ep2:qa:123,9c553886-83c5-4dc4-be5c-dcb269b3a771__ep2,ep2,test,5720,5799,11.831629753112793,13.452302932739258,0.11743577569723129,0.17597097158432007,0.2107066959142685
long_80f_stride40:34f07a04-eb37-45a3-95ec-189ed5f4a85b__ep5:qa:0,34f07a04-eb37-45a3-95ec-189ed5f4a85b__ep5,ep5,test,0,79,16.32916831970215,10.416714668273926,0.17470389604568481,0.2516942322254181,0.35398074984550476
long_80f_stride40:34f07a04-eb37-45a3-95ec-189ed5f4a85b__ep5:qa:1,34f07a04-eb37-45a3-95ec-189ed5f4a85b__ep5,ep5,test,40,119,19.417985916137695,10.113317489624023,0.1842968612909317,0.32759183645248413,0.4214082956314087
long_80f_stride40:34f07a04-eb37-45a3-95ec-189ed5f4a85b__ep5:qa:2,34f07a04-eb37-45a3-95ec-189ed5f4a85b__ep5,ep5,test,80,159,17.95658302307129,11.695440292358398,0.16715562343597412,0.2969408333301544,0.37918344140052795
long_80f_stride40:34f07a04-eb37-45a3-95ec-189ed5f4a85b__ep5:qa:3,34f07a04-eb37-45a3-95ec-189ed5f4a85b__ep5,ep5,test,120,199,17.95658302307129,17.507577896118164,0.3916935920715332,0.5385659337043762,0.7776954174041748
long_80f_stride40:34f07a04-eb37-45a3-95ec-189ed5f4a85b__ep5:qa:4,34f07a04-eb37-45a3-95ec-189ed5f4a85b__ep5,ep5,test,160,239,12.318239212036133,13.565491676330566,0.20012472569942474,0.29740601778030396,0.4552844166755676
long_80f_stride40:34f07a04-eb37-45a3-95ec-189ed5f4a85b__ep5:qa:5,34f07a04-eb37-45a3-95ec-189ed5f4a85b__ep5,ep5,test,240,319,16.355693817138672,10.636139869689941,0.1524476259946823,0.23779240250587463,0.32739749550819397
long_80f_stride40:34f07a04-eb37-45a3-95ec-189ed5f4a85b__ep5:qa:6,34f07a04-eb37-45a3-95ec-189ed5f4a85b__ep5,ep5,test,280,359,15.638946533203125,9.795602798461914,0.16373875737190247,0.2733493447303772,0.3810347616672516
long_80f_stride40:34f07a04-eb37-45a3-95ec-189ed5f4a85b__ep5:qa:7,34f07a04-eb37-45a3-95ec-189ed5f4a85b__ep5,ep5,test,320,399,16.372486114501953,12.513931274414062,0.1887218952178955,0.28457769751548767,0.4067492187023163
long_80f_stride40:34f07a04-eb37-45a3-95ec-189ed5f4a85b__ep5:qa:8,34f07a04-eb37-45a3-95ec-189ed5f4a85b__ep5,ep5,test,400,479,16.01363182067871,17.350351333618164,0.10271336883306503,0.1454334259033203,0.20802876353263855
long_80f_stride40:34f07a04-eb37-45a3-95ec-189ed5f4a85b__ep5:qa:9,34f07a04-eb37-45a3-95ec-189ed5f4a85b__ep5,ep5,test,440,519,16.01363182067871,16.537385940551758,0.09554577618837357,0.14015676081180573,0.19951032102108002
long_80f_stride40:34f07a04-eb37-45a3-95ec-189ed5f4a85b__ep5:qa:10,34f07a04-eb37-45a3-95ec-189ed5f4a85b__ep5,ep5,test,480,559,13.367571830749512,12.658066749572754,0.0986025407910347,0.15218330919742584,0.20925696194171906
long_80f_stride40:34f07a04-eb37-45a3-95ec-189ed5f4a85b__ep5:qa:11,34f07a04-eb37-45a3-95ec-189ed5f4a85b__ep5,ep5,test,560,639,15.002664566040039,14.192644119262695,0.19118764996528625,0.3211198151111603,0.4072972238063812
long_80f_stride40:34f07a04-eb37-45a3-95ec-189ed5f4a85b__ep5:qa:12,34f07a04-eb37-45a3-95ec-189ed5f4a85b__ep5,ep5,test,600,679,16.094478607177734,4.671433925628662,0.27045005559921265,0.429111123085022,0.5815600156784058
long_80f_stride40:34f07a04-eb37-45a3-95ec-189ed5f4a85b__ep5:qa:13,34f07a04-eb37-45a3-95ec-189ed5f4a85b__ep5,ep5,test,640,719,16.441770553588867,15.073019981384277,0.1751631498336792,0.25093695521354675,0.3396340310573578
long_80f_stride40:34f07a04-eb37-45a3-95ec-189ed5f4a85b__ep5:qa:14,34f07a04-eb37-45a3-95ec-189ed5f4a85b__ep5,ep5,test,680,759,16.441770553588867,13.572688102722168,0.14590299129486084,0.20971836149692535,0.28953343629837036
long_80f_stride40:34f07a04-eb37-45a3-95ec-189ed5f4a85b__ep5:qa:15,34f07a04-eb37-45a3-95ec-189ed5f4a85b__ep5,ep5,test,720,799,16.604331970214844,13.126191139221191,0.1851501762866974,0.2753905951976776,0.3706591725349426
long_80f_stride40:34f07a04-eb37-45a3-95ec-189ed5f4a85b__ep5:qa:16,34f07a04-eb37-45a3-95ec-189ed5f4a85b__ep5,ep5,test,800,879,16.751182556152344,15.511119842529297,0.29680705070495605,0.45547541975975037,0.6017462015151978
long_80f_stride40:34f07a04-eb37-45a3-95ec-189ed5f4a85b__ep5:qa:17,34f07a04-eb37-45a3-95ec-189ed5f4a85b__ep5,ep5,test,880,959,13.583098411560059,14.661849021911621,0.31770747900009155,0.5334060192108154,0.6770286560058594
long_80f_stride40:34f07a04-eb37-45a3-95ec-189ed5f4a85b__ep5:qa:18,34f07a04-eb37-45a3-95ec-189ed5f4a85b__ep5,ep5,test,920,999,17.53612518310547,6.94652795791626,0.21559977531433105,0.37761542201042175,0.47933098673820496
long_80f_stride40:34f07a04-eb37-45a3-95ec-189ed5f4a85b__ep5:qa:19,34f07a04-eb37-45a3-95ec-189ed5f4a85b__ep5,ep5,test,1000,1079,16.837249755859375,14.131604194641113,0.13299401104450226,0.1858455389738083,0.2431136667728424
long_80f_stride40:34f07a04-eb37-45a3-95ec-189ed5f4a85b__ep5:qa:20,34f07a04-eb37-45a3-95ec-189ed5f4a85b__ep5,ep5,test,1080,1159,16.161640167236328,15.354211807250977,0.2092018574476242,0.32097116112709045,0.4243321418762207
long_80f_stride40:34f07a04-eb37-45a3-95ec-189ed5f4a85b__ep5:qa:21,34f07a04-eb37-45a3-95ec-189ed5f4a85b__ep5,ep5,test,1120,1199,18.768375396728516,11.44369888305664,0.1803085058927536,0.2911701500415802,0.3876798450946808
long_80f_stride40:34f07a04-eb37-45a3-95ec-189ed5f4a85b__ep5:qa:22,34f07a04-eb37-45a3-95ec-189ed5f4a85b__ep5,ep5,test,1160,1239,18.768375396728516,13.908454895019531,0.12922391295433044,0.20424890518188477,0.26083633303642273
long_80f_stride40:34f07a04-eb37-45a3-95ec-189ed5f4a85b__ep5:qa:23,34f07a04-eb37-45a3-95ec-189ed5f4a85b__ep5,ep5,test,1200,1279,18.15607452392578,11.8292875289917,0.16521188616752625,0.2513348162174225,0.34598273038864136
long_80f_stride40:34f07a04-eb37-45a3-95ec-189ed5f4a85b__ep5:qa:24,34f07a04-eb37-45a3-95ec-189ed5f4a85b__ep5,ep5,test,1280,1359,16.153383255004883,12.36816120147705,0.14727017283439636,0.21618671715259552,0.293897420167923
long_80f_stride40:34f07a04-eb37-45a3-95ec-189ed5f4a85b__ep5:qa:25,34f07a04-eb37-45a3-95ec-189ed5f4a85b__ep5,ep5,test,1320,1399,16.12767219543457,13.356766700744629,0.1087871566414833,0.16896164417266846,0.23049506545066833
long_80f_stride40:34f07a04-eb37-45a3-95ec-189ed5f4a85b__ep5:qa:26,34f07a04-eb37-45a3-95ec-189ed5f4a85b__ep5,ep5,test,1400,1479,15.355076789855957,12.540679931640625,0.11116500198841095,0.15580283105373383,0.204703226685524
long_80f_stride40:34f07a04-eb37-45a3-95ec-189ed5f4a85b__ep5:qa:27,34f07a04-eb37-45a3-95ec-189ed5f4a85b__ep5,ep5,test,1440,1519,15.03587818145752,11.780159950256348,0.1650690734386444,0.26039814949035645,0.36101579666137695
long_80f_stride40:34f07a04-eb37-45a3-95ec-189ed5f4a85b__ep5:qa:28,34f07a04-eb37-45a3-95ec-189ed5f4a85b__ep5,ep5,test,1480,1559,17.268573760986328,13.957315444946289,0.12124256789684296,0.1720641553401947,0.23624493181705475
long_80f_stride40:34f07a04-eb37-45a3-95ec-189ed5f4a85b__ep5:qa:29,34f07a04-eb37-45a3-95ec-189ed5f4a85b__ep5,ep5,test,1520,1599,17.268573760986328,9.394892692565918,0.22826753556728363,0.3251834213733673,0.44232872128486633
long_80f_stride40:34f07a04-eb37-45a3-95ec-189ed5f4a85b__ep5:qa:30,34f07a04-eb37-45a3-95ec-189ed5f4a85b__ep5,ep5,test,1560,1639,17.72808074951172,10.010993957519531,0.18639406561851501,0.2970584034919739,0.3904144763946533
long_80f_stride40:34f07a04-eb37-45a3-95ec-189ed5f4a85b__ep5:qa:31,34f07a04-eb37-45a3-95ec-189ed5f4a85b__ep5,ep5,test,1640,1719,17.579938888549805,11.819438934326172,0.19982972741127014,0.29976150393486023,0.40285199880599976
long_80f_stride40:34f07a04-eb37-45a3-95ec-189ed5f4a85b__ep5:qa:32,34f07a04-eb37-45a3-95ec-189ed5f4a85b__ep5,ep5,test,1680,1759,17.319984436035156,11.276819229125977,0.15356256067752838,0.2609759271144867,0.3291327953338623
long_80f_stride40:34f07a04-eb37-45a3-95ec-189ed5f4a85b__ep5:qa:33,34f07a04-eb37-45a3-95ec-189ed5f4a85b__ep5,ep5,test,1720,1799,16.99740982055664,13.125950813293457,0.1685517281293869,0.23788881301879883,0.3260705769062042
long_80f_stride40:34f07a04-eb37-45a3-95ec-189ed5f4a85b__ep5:qa:34,34f07a04-eb37-45a3-95ec-189ed5f4a85b__ep5,ep5,test,1800,1879,18.16439437866211,13.256640434265137,0.17162251472473145,0.24323195219039917,0.3281536102294922
long_80f_stride40:34f07a04-eb37-45a3-95ec-189ed5f4a85b__ep5:qa:35,34f07a04-eb37-45a3-95ec-189ed5f4a85b__ep5,ep5,test,1880,1959,18.206581115722656,12.358003616333008,0.16830918192863464,0.2612511217594147,0.3598158061504364
long_80f_stride40:34f07a04-eb37-45a3-95ec-189ed5f4a85b__ep5:qa:36,34f07a04-eb37-45a3-95ec-189ed5f4a85b__ep5,ep5,test,1920,1999,18.105899810791016,16.224842071533203,0.30370423197746277,0.48863357305526733,0.6328476667404175
long_80f_stride40:34f07a04-eb37-45a3-95ec-189ed5f4a85b__ep5:qa:37,34f07a04-eb37-45a3-95ec-189ed5f4a85b__ep5,ep5,test,1960,2039,17.160114288330078,13.497804641723633,0.1241181269288063,0.1725631058216095,0.22796165943145752
long_80f_stride40:34f07a04-eb37-45a3-95ec-189ed5f4a85b__ep5:qa:38,34f07a04-eb37-45a3-95ec-189ed5f4a85b__ep5,ep5,test,2000,2079,17.160114288330078,15.568626403808594,0.16995471715927124,0.2484685331583023,0.3561190962791443
long_80f_stride40:34f07a04-eb37-45a3-95ec-189ed5f4a85b__ep5:qa:39,34f07a04-eb37-45a3-95ec-189ed5f4a85b__ep5,ep5,test,2040,2119,18.138160705566406,12.440620422363281,0.2048928290605545,0.3040279448032379,0.4158312976360321
long_80f_stride40:34f07a04-eb37-45a3-95ec-189ed5f4a85b__ep5:qa:40,34f07a04-eb37-45a3-95ec-189ed5f4a85b__ep5,ep5,test,2120,2199,17.01226234436035,13.64552116394043,0.2340688556432724,0.3175995945930481,0.4337889552116394
long_80f_stride40:34f07a04-eb37-45a3-95ec-189ed5f4a85b__ep5:qa:41,34f07a04-eb37-45a3-95ec-189ed5f4a85b__ep5,ep5,test,2160,2239,15.526551246643066,12.29902172088623,0.24898239970207214,0.4354930520057678,0.604998767375946
long_80f_stride40:34f07a04-eb37-45a3-95ec-189ed5f4a85b__ep5:qa:42,34f07a04-eb37-45a3-95ec-189ed5f4a85b__ep5,ep5,test,2200,2279,18.036069869995117,3.550929307937622,0.31216782331466675,0.5412536859512329,0.7340131402015686
long_80f_stride40:34f07a04-eb37-45a3-95ec-189ed5f4a85b__ep5:qa:43,34f07a04-eb37-45a3-95ec-189ed5f4a85b__ep5,ep5,test,2240,2319,18.17843246459961,5.26126766204834,0.25124460458755493,0.44241830706596375,0.5766377449035645
long_80f_stride40:34f07a04-eb37-45a3-95ec-189ed5f4a85b__ep5:qa:44,34f07a04-eb37-45a3-95ec-189ed5f4a85b__ep5,ep5,test,2280,2359,18.17843246459961,12.571171760559082,0.18840597569942474,0.27299758791923523,0.375252366065979
long_80f_stride40:34f07a04-eb37-45a3-95ec-189ed5f4a85b__ep5:qa:45,34f07a04-eb37-45a3-95ec-189ed5f4a85b__ep5,ep5,test,2320,2399,19.06494140625,14.060430526733398,0.1628030389547348,0.2480900138616562,0.3447469472885132
long_80f_stride40:34f07a04-eb37-45a3-95ec-189ed5f4a85b__ep5:qa:46,34f07a04-eb37-45a3-95ec-189ed5f4a85b__ep5,ep5,test,2400,2479,18.268362045288086,16.369991302490234,0.1517183929681778,0.2378847748041153,0.33168500661849976
long_80f_stride40:34f07a04-eb37-45a3-95ec-189ed5f4a85b__ep5:qa:47,34f07a04-eb37-45a3-95ec-189ed5f4a85b__ep5,ep5,test,2440,2519,17.680259704589844,16.937950134277344,0.07843293249607086,0.11726316064596176,0.15789952874183655
long_80f_stride40:34f07a04-eb37-45a3-95ec-189ed5f4a85b__ep5:qa:48,34f07a04-eb37-45a3-95ec-189ed5f4a85b__ep5,ep5,test,2480,2559,16.530771255493164,19.299421310424805,0.23854053020477295,0.40252241492271423,0.5507661700248718
long_80f_stride40:34f07a04-eb37-45a3-95ec-189ed5f4a85b__ep5:qa:49,34f07a04-eb37-45a3-95ec-189ed5f4a85b__ep5,ep5,test,2520,2599,16.390810012817383,11.269067764282227,0.13681140542030334,0.21338769793510437,0.28045347332954407
long_80f_stride40:34f07a04-eb37-45a3-95ec-189ed5f4a85b__ep5:qa:50,34f07a04-eb37-45a3-95ec-189ed5f4a85b__ep5,ep5,test,2560,2639,17.200647354125977,19.175945281982422,0.22263437509536743,0.3437207341194153,0.4608548879623413
long_80f_stride40:34f07a04-eb37-45a3-95ec-189ed5f4a85b__ep5:qa:51,34f07a04-eb37-45a3-95ec-189ed5f4a85b__ep5,ep5,test,2600,2679,18.329042434692383,17.409406661987305,0.30466771125793457,0.533505916595459,0.712540864944458
long_80f_stride40:34f07a04-eb37-45a3-95ec-189ed5f4a85b__ep5:qa:52,34f07a04-eb37-45a3-95ec-189ed5f4a85b__ep5,ep5,test,2640,2719,0.0,9.489221572875977,0.18145634233951569,0.31951871514320374,0.4341537058353424
long_80f_stride40:34f07a04-eb37-45a3-95ec-189ed5f4a85b__ep5:qa:53,34f07a04-eb37-45a3-95ec-189ed5f4a85b__ep5,ep5,test,2680,2759,0.0,16.059911727905273,0.27677902579307556,0.5407653450965881,0.6431798338890076
long_80f_stride40:34f07a04-eb37-45a3-95ec-189ed5f4a85b__ep5:qa:54,34f07a04-eb37-45a3-95ec-189ed5f4a85b__ep5,ep5,test,2720,2799,0.0,3.832777976989746,0.06375336647033691,0.12905636429786682,0.154242143034935
long_80f_stride40:34f07a04-eb37-45a3-95ec-189ed5f4a85b__ep5:qa:55,34f07a04-eb37-45a3-95ec-189ed5f4a85b__ep5,ep5,test,2800,2879,0.0,13.037942886352539,0.2327316850423813,0.4390103816986084,0.5609479546546936
long_80f_stride40:34f07a04-eb37-45a3-95ec-189ed5f4a85b__ep5:qa:56,34f07a04-eb37-45a3-95ec-189ed5f4a85b__ep5,ep5,test,2840,2919,17.451431274414062,8.017241477966309,0.18216486275196075,0.3508080840110779,0.42293086647987366
long_80f_stride40:34f07a04-eb37-45a3-95ec-189ed5f4a85b__ep5:qa:57,34f07a04-eb37-45a3-95ec-189ed5f4a85b__ep5,ep5,test,2880,2959,17.451431274414062,6.081530570983887,0.19993169605731964,0.4033774733543396,0.4826630651950836
long_80f_stride40:34f07a04-eb37-45a3-95ec-189ed5f4a85b__ep5:qa:58,34f07a04-eb37-45a3-95ec-189ed5f4a85b__ep5,ep5,test,2920,2999,18.5340633392334,15.47913932800293,0.11689687520265579,0.1790696531534195,0.2307565063238144
long_80f_stride40:34f07a04-eb37-45a3-95ec-189ed5f4a85b__ep5:qa:59,34f07a04-eb37-45a3-95ec-189ed5f4a85b__ep5,ep5,test,3000,3079,18.479394912719727,18.509302139282227,0.23531612753868103,0.3738325238227844,0.4777076244354248
long_80f_stride40:34f07a04-eb37-45a3-95ec-189ed5f4a85b__ep5:qa:60,34f07a04-eb37-45a3-95ec-189ed5f4a85b__ep5,ep5,test,3080,3159,12.604248046875,19.743244171142578,0.3384164273738861,0.537674069404602,0.654150128364563
long_80f_stride40:34f07a04-eb37-45a3-95ec-189ed5f4a85b__ep5:qa:61,34f07a04-eb37-45a3-95ec-189ed5f4a85b__ep5,ep5,test,3120,3199,15.143975257873535,17.739933013916016,0.3937603533267975,0.581272542476654,0.8442239761352539
long_80f_stride40:34f07a04-eb37-45a3-95ec-189ed5f4a85b__ep5:qa:62,34f07a04-eb37-45a3-95ec-189ed5f4a85b__ep5,ep5,test,3200,3279,10.092330932617188,15.910991668701172,0.18047600984573364,0.24800428748130798,0.3297184109687805
long_80f_stride40:34f07a04-eb37-45a3-95ec-189ed5f4a85b__ep5:qa:63,34f07a04-eb37-45a3-95ec-189ed5f4a85b__ep5,ep5,test,3240,3319,8.860970497131348,14.081413269042969,0.13046970963478088,0.20594345033168793,0.2681036591529846
long_80f_stride40:34f07a04-eb37-45a3-95ec-189ed5f4a85b__ep5:qa:64,34f07a04-eb37-45a3-95ec-189ed5f4a85b__ep5,ep5,test,3320,3399,16.165653228759766,12.528158187866211,0.22527754306793213,0.31878453493118286,0.45151618123054504
long_80f_stride40:34f07a04-eb37-45a3-95ec-189ed5f4a85b__ep5:qa:65,34f07a04-eb37-45a3-95ec-189ed5f4a85b__ep5,ep5,test,3400,3479,17.357624053955078,12.52901554107666,0.18840520083904266,0.27779820561408997,0.3478347957134247
long_80f_stride40:34f07a04-eb37-45a3-95ec-189ed5f4a85b__ep5:qa:66,34f07a04-eb37-45a3-95ec-189ed5f4a85b__ep5,ep5,test,3440,3519,16.112192153930664,3.622948408126831,0.35353705286979675,0.4696600139141083,0.629256010055542
long_80f_stride40:34f07a04-eb37-45a3-95ec-189ed5f4a85b__ep5:qa:67,34f07a04-eb37-45a3-95ec-189ed5f4a85b__ep5,ep5,test,3480,3559,13.389910697937012,10.438703536987305,0.2959027886390686,0.40863466262817383,0.592563807964325
long_80f_stride40:34f07a04-eb37-45a3-95ec-189ed5f4a85b__ep5:qa:68,34f07a04-eb37-45a3-95ec-189ed5f4a85b__ep5,ep5,test,3520,3599,9.641228675842285,10.047149658203125,0.20450957119464874,0.3041639029979706,0.41856130957603455
long_80f_stride40:34f07a04-eb37-45a3-95ec-189ed5f4a85b__ep5:qa:69,34f07a04-eb37-45a3-95ec-189ed5f4a85b__ep5,ep5,test,3560,3639,10.253724098205566,10.061853408813477,0.1421179324388504,0.26563331484794617,0.33849745988845825
long_80f_stride40:34f07a04-eb37-45a3-95ec-189ed5f4a85b__ep5:qa:70,34f07a04-eb37-45a3-95ec-189ed5f4a85b__ep5,ep5,test,3600,3679,10.175118446350098,10.07221794128418,0.07391848415136337,0.1114497184753418,0.1546742469072342
long_80f_stride40:34f07a04-eb37-45a3-95ec-189ed5f4a85b__ep5:qa:71,34f07a04-eb37-45a3-95ec-189ed5f4a85b__ep5,ep5,test,3640,3719,10.175118446350098,11.014410972595215,0.06922365725040436,0.10747271776199341,0.14406892657279968
long_80f_stride40:34f07a04-eb37-45a3-95ec-189ed5f4a85b__ep5:qa:72,34f07a04-eb37-45a3-95ec-189ed5f4a85b__ep5,ep5,test,3680,3759,10.175118446350098,7.553065776824951,0.09572073817253113,0.1569633036851883,0.21098192036151886
long_80f_stride40:34f07a04-eb37-45a3-95ec-189ed5f4a85b__ep5:qa:74,34f07a04-eb37-45a3-95ec-189ed5f4a85b__ep5,ep5,test,3800,3879,10.048651695251465,10.843549728393555,0.11517569422721863,0.15770898759365082,0.2269754707813263
long_80f_stride40:34f07a04-eb37-45a3-95ec-189ed5f4a85b__ep5:qa:75,34f07a04-eb37-45a3-95ec-189ed5f4a85b__ep5,ep5,test,3840,3919,18.127092361450195,11.401443481445312,0.395581990480423,0.6059839129447937,0.8152225017547607
long_80f_stride40:34f07a04-eb37-45a3-95ec-189ed5f4a85b__ep5:qa:76,34f07a04-eb37-45a3-95ec-189ed5f4a85b__ep5,ep5,test,3880,3959,23.00929069519043,14.248777389526367,0.3915661573410034,0.5509384274482727,0.8351041674613953
long_80f_stride40:34f07a04-eb37-45a3-95ec-189ed5f4a85b__ep5:qa:77,34f07a04-eb37-45a3-95ec-189ed5f4a85b__ep5,ep5,test,4000,4079,33.049495697021484,16.01322364807129,0.4046684801578522,0.6062976717948914,0.7394665479660034
long_80f_stride40:34f07a04-eb37-45a3-95ec-189ed5f4a85b__ep5:qa:78,34f07a04-eb37-45a3-95ec-189ed5f4a85b__ep5,ep5,test,4040,4119,32.180946350097656,16.075603485107422,0.37177228927612305,0.5978858470916748,0.7532241940498352
long_80f_stride40:34f07a04-eb37-45a3-95ec-189ed5f4a85b__ep5:qa:79,34f07a04-eb37-45a3-95ec-189ed5f4a85b__ep5,ep5,test,4120,4199,23.8865909576416,13.793042182922363,0.2397582083940506,0.36451730132102966,0.47166433930397034
long_80f_stride40:34f07a04-eb37-45a3-95ec-189ed5f4a85b__ep5:qa:80,34f07a04-eb37-45a3-95ec-189ed5f4a85b__ep5,ep5,test,4160,4239,22.795719146728516,12.611406326293945,0.3338772654533386,0.5203590393066406,0.7010160684585571
long_80f_stride40:34f07a04-eb37-45a3-95ec-189ed5f4a85b__ep5:qa:81,34f07a04-eb37-45a3-95ec-189ed5f4a85b__ep5,ep5,test,4200,4279,17.070070266723633,15.556734085083008,0.14707300066947937,0.21857459843158722,0.29961562156677246
long_80f_stride40:34f07a04-eb37-45a3-95ec-189ed5f4a85b__ep5:qa:82,34f07a04-eb37-45a3-95ec-189ed5f4a85b__ep5,ep5,test,4240,4319,17.070070266723633,13.082809448242188,0.13734175264835358,0.21215179562568665,0.2709923982620239
long_80f_stride40:34f07a04-eb37-45a3-95ec-189ed5f4a85b__ep5:qa:83,34f07a04-eb37-45a3-95ec-189ed5f4a85b__ep5,ep5,test,4280,4359,13.188227653503418,11.61491584777832,0.18962785601615906,0.27299100160598755,0.38813430070877075
long_80f_stride40:34f07a04-eb37-45a3-95ec-189ed5f4a85b__ep5:qa:84,34f07a04-eb37-45a3-95ec-189ed5f4a85b__ep5,ep5,test,4400,4479,16.490602493286133,10.910128593444824,0.1605554074048996,0.22336824238300323,0.3088438808917999
long_80f_stride40:34f07a04-eb37-45a3-95ec-189ed5f4a85b__ep5:qa:85,34f07a04-eb37-45a3-95ec-189ed5f4a85b__ep5,ep5,test,4440,4519,13.687686920166016,13.932818412780762,0.14718715846538544,0.21706919372081757,0.2958218455314636
long_80f_stride40:34f07a04-eb37-45a3-95ec-189ed5f4a85b__ep5:qa:86,34f07a04-eb37-45a3-95ec-189ed5f4a85b__ep5,ep5,test,4480,4559,9.850447654724121,10.033735275268555,0.0638563260436058,0.10176154226064682,0.14384494721889496
long_80f_stride40:34f07a04-eb37-45a3-95ec-189ed5f4a85b__ep5:qa:87,34f07a04-eb37-45a3-95ec-189ed5f4a85b__ep5,ep5,test,4520,4599,11.874985694885254,11.117472648620605,0.08023698627948761,0.12512052059173584,0.154360830783844
long_80f_stride40:34f07a04-eb37-45a3-95ec-189ed5f4a85b__ep5:qa:88,34f07a04-eb37-45a3-95ec-189ed5f4a85b__ep5,ep5,test,4560,4639,13.185312271118164,12.092172622680664,0.19078610837459564,0.27446821331977844,0.383616179227829
long_80f_stride40:34f07a04-eb37-45a3-95ec-189ed5f4a85b__ep5:qa:89,34f07a04-eb37-45a3-95ec-189ed5f4a85b__ep5,ep5,test,4600,4679,13.185312271118164,7.961217880249023,0.12834523618221283,0.1941811740398407,0.2544597089290619
long_80f_stride40:34f07a04-eb37-45a3-95ec-189ed5f4a85b__ep5:qa:90,34f07a04-eb37-45a3-95ec-189ed5f4a85b__ep5,ep5,test,4640,4719,13.182939529418945,9.165288925170898,0.14101754128932953,0.20255987346172333,0.25972095131874084
long_80f_stride40:34f07a04-eb37-45a3-95ec-189ed5f4a85b__ep5:qa:91,34f07a04-eb37-45a3-95ec-189ed5f4a85b__ep5,ep5,test,4720,4799,13.580216407775879,12.657896995544434,0.07125895470380783,0.11848297715187073,0.15986472368240356
long_80f_stride40:34f07a04-eb37-45a3-95ec-189ed5f4a85b__ep5:qa:92,34f07a04-eb37-45a3-95ec-189ed5f4a85b__ep5,ep5,test,4800,4879,14.951068878173828,12.509237289428711,0.12889452278614044,0.1975870430469513,0.2584208846092224
long_80f_stride40:34f07a04-eb37-45a3-95ec-189ed5f4a85b__ep5:qa:93,34f07a04-eb37-45a3-95ec-189ed5f4a85b__ep5,ep5,test,4880,4959,14.9727144241333,11.827422142028809,0.24235670268535614,0.38216307759284973,0.5016433596611023
long_80f_stride40:b9dd769b-e31a-4fdb-945e-5a60db6487b0__ep2:qa:0,b9dd769b-e31a-4fdb-945e-5a60db6487b0__ep2,ep2,test,0,79,13.189827919006348,5.236832618713379,0.14833135902881622,0.2784810960292816,0.30400902032852173
long_80f_stride40:b9dd769b-e31a-4fdb-945e-5a60db6487b0__ep2:qa:1,b9dd769b-e31a-4fdb-945e-5a60db6487b0__ep2,ep2,test,40,119,14.83332347869873,8.291141510009766,0.16043850779533386,0.2569252550601959,0.3473702669143677
long_80f_stride40:b9dd769b-e31a-4fdb-945e-5a60db6487b0__ep2:qa:2,b9dd769b-e31a-4fdb-945e-5a60db6487b0__ep2,ep2,test,80,159,14.313314437866211,10.400012969970703,0.19112296402454376,0.311754435300827,0.42103204131126404
long_80f_stride40:b9dd769b-e31a-4fdb-945e-5a60db6487b0__ep2:qa:3,b9dd769b-e31a-4fdb-945e-5a60db6487b0__ep2,ep2,test,120,199,0.0,9.495680809020996,0.20799747109413147,0.31973621249198914,0.4479827880859375
long_80f_stride40:b9dd769b-e31a-4fdb-945e-5a60db6487b0__ep2:qa:4,b9dd769b-e31a-4fdb-945e-5a60db6487b0__ep2,ep2,test,160,239,0.0,9.917729377746582,0.18256345391273499,0.3339473009109497,0.40140777826309204
long_80f_stride40:b9dd769b-e31a-4fdb-945e-5a60db6487b0__ep2:qa:5,b9dd769b-e31a-4fdb-945e-5a60db6487b0__ep2,ep2,test,200,279,0.0,5.408995151519775,0.09878648817539215,0.1821303367614746,0.2227376103401184
long_80f_stride40:b9dd769b-e31a-4fdb-945e-5a60db6487b0__ep2:qa:6,b9dd769b-e31a-4fdb-945e-5a60db6487b0__ep2,ep2,test,240,319,0.0,7.12248420715332,0.1037190780043602,0.2398265302181244,0.2783006429672241
long_80f_stride40:b9dd769b-e31a-4fdb-945e-5a60db6487b0__ep2:qa:7,b9dd769b-e31a-4fdb-945e-5a60db6487b0__ep2,ep2,test,280,359,12.275147438049316,6.3595452308654785,0.23038876056671143,0.38640493154525757,0.5221767425537109
long_80f_stride40:b9dd769b-e31a-4fdb-945e-5a60db6487b0__ep2:qa:8,b9dd769b-e31a-4fdb-945e-5a60db6487b0__ep2,ep2,test,320,399,12.687719345092773,5.634079456329346,0.23634745180606842,0.3456777036190033,0.4849449694156647
long_80f_stride40:b9dd769b-e31a-4fdb-945e-5a60db6487b0__ep2:qa:9,b9dd769b-e31a-4fdb-945e-5a60db6487b0__ep2,ep2,test,360,439,13.833118438720703,6.1391801834106445,0.20173045992851257,0.2920721173286438,0.396995484828949
long_80f_stride40:b9dd769b-e31a-4fdb-945e-5a60db6487b0__ep2:qa:10,b9dd769b-e31a-4fdb-945e-5a60db6487b0__ep2,ep2,test,400,479,13.577301979064941,13.749890327453613,0.12383793294429779,0.18376336991786957,0.2511788606643677
long_80f_stride40:b9dd769b-e31a-4fdb-945e-5a60db6487b0__ep2:qa:11,b9dd769b-e31a-4fdb-945e-5a60db6487b0__ep2,ep2,test,440,519,13.701207160949707,11.029129028320312,0.16702832281589508,0.2543216347694397,0.3445824086666107
long_80f_stride40:b9dd769b-e31a-4fdb-945e-5a60db6487b0__ep2:qa:12,b9dd769b-e31a-4fdb-945e-5a60db6487b0__ep2,ep2,test,480,559,13.503785133361816,6.928854942321777,0.16018541157245636,0.237113818526268,0.3038216829299927
long_80f_stride40:b9dd769b-e31a-4fdb-945e-5a60db6487b0__ep2:qa:13,b9dd769b-e31a-4fdb-945e-5a60db6487b0__ep2,ep2,test,520,599,0.0,12.525559425354004,0.2194874882698059,0.4217575192451477,0.4897332191467285
long_80f_stride40:b9dd769b-e31a-4fdb-945e-5a60db6487b0__ep2:qa:14,b9dd769b-e31a-4fdb-945e-5a60db6487b0__ep2,ep2,test,560,639,0.0,11.16201114654541,0.22255447506904602,0.37584444880485535,0.48974183201789856
long_80f_stride40:b9dd769b-e31a-4fdb-945e-5a60db6487b0__ep2:qa:15,b9dd769b-e31a-4fdb-945e-5a60db6487b0__ep2,ep2,test,600,679,0.0,11.95798110961914,0.23114414513111115,0.40264615416526794,0.5005107522010803
long_80f_stride40:b9dd769b-e31a-4fdb-945e-5a60db6487b0__ep2:qa:19,b9dd769b-e31a-4fdb-945e-5a60db6487b0__ep2,ep2,test,800,879,0.0,2.142880916595459,0.04246456176042557,0.07215455174446106,0.08873188495635986
long_80f_stride40:b9dd769b-e31a-4fdb-945e-5a60db6487b0__ep2:qa:20,b9dd769b-e31a-4fdb-945e-5a60db6487b0__ep2,ep2,test,840,919,0.0,4.828561782836914,0.09698249399662018,0.16258613765239716,0.21184499561786652
long_80f_stride40:b9dd769b-e31a-4fdb-945e-5a60db6487b0__ep2:qa:21,b9dd769b-e31a-4fdb-945e-5a60db6487b0__ep2,ep2,test,880,959,11.472923278808594,2.0509157180786133,0.19898004829883575,0.3682907819747925,0.45827049016952515
long_80f_stride40:b9dd769b-e31a-4fdb-945e-5a60db6487b0__ep2:qa:22,b9dd769b-e31a-4fdb-945e-5a60db6487b0__ep2,ep2,test,920,999,14.451619148254395,6.009744167327881,0.19868288934230804,0.3121146559715271,0.4238740801811218
long_80f_stride40:b9dd769b-e31a-4fdb-945e-5a60db6487b0__ep2:qa:23,b9dd769b-e31a-4fdb-945e-5a60db6487b0__ep2,ep2,test,960,1039,12.263510704040527,11.02291488647461,0.1152549460530281,0.189124196767807,0.2553239166736603
long_80f_stride40:b9dd769b-e31a-4fdb-945e-5a60db6487b0__ep2:qa:24,b9dd769b-e31a-4fdb-945e-5a60db6487b0__ep2,ep2,test,1000,1079,12.39944839477539,10.896573066711426,0.11833810061216354,0.18773402273654938,0.2532215714454651
long_80f_stride40:b9dd769b-e31a-4fdb-945e-5a60db6487b0__ep2:qa:25,b9dd769b-e31a-4fdb-945e-5a60db6487b0__ep2,ep2,test,1040,1119,13.322633743286133,5.490479469299316,0.19374750554561615,0.3196658194065094,0.4043724536895752
long_80f_stride40:b9dd769b-e31a-4fdb-945e-5a60db6487b0__ep2:qa:26,b9dd769b-e31a-4fdb-945e-5a60db6487b0__ep2,ep2,test,1080,1159,13.37646484375,7.077487468719482,0.18545123934745789,0.3132210671901703,0.4081549644470215
long_80f_stride40:b9dd769b-e31a-4fdb-945e-5a60db6487b0__ep2:qa:27,b9dd769b-e31a-4fdb-945e-5a60db6487b0__ep2,ep2,test,1120,1199,13.34666919708252,7.177567958831787,0.12568610906600952,0.23447541892528534,0.25763896107673645
long_80f_stride40:b9dd769b-e31a-4fdb-945e-5a60db6487b0__ep2:qa:28,b9dd769b-e31a-4fdb-945e-5a60db6487b0__ep2,ep2,test,1160,1239,13.319459915161133,9.598305702209473,0.11145135760307312,0.186703160405159,0.22707535326480865
long_80f_stride40:b9dd769b-e31a-4fdb-945e-5a60db6487b0__ep2:qa:29,b9dd769b-e31a-4fdb-945e-5a60db6487b0__ep2,ep2,test,1200,1279,13.214003562927246,7.896463871002197,0.13032208383083344,0.22595657408237457,0.27093616127967834
long_80f_stride40:b9dd769b-e31a-4fdb-945e-5a60db6487b0__ep2:qa:30,b9dd769b-e31a-4fdb-945e-5a60db6487b0__ep2,ep2,test,1240,1319,13.160813331604004,6.377529144287109,0.18505175411701202,0.29769569635391235,0.3777141571044922
long_80f_stride40:b9dd769b-e31a-4fdb-945e-5a60db6487b0__ep2:qa:31,b9dd769b-e31a-4fdb-945e-5a60db6487b0__ep2,ep2,test,1280,1359,13.160813331604004,5.494447708129883,0.20916911959648132,0.3438468277454376,0.43948712944984436
long_80f_stride40:b9dd769b-e31a-4fdb-945e-5a60db6487b0__ep2:qa:32,b9dd769b-e31a-4fdb-945e-5a60db6487b0__ep2,ep2,test,1320,1399,13.276350975036621,8.406098365783691,0.1308206021785736,0.21922357380390167,0.26831379532814026
long_80f_stride40:b9dd769b-e31a-4fdb-945e-5a60db6487b0__ep2:qa:33,b9dd769b-e31a-4fdb-945e-5a60db6487b0__ep2,ep2,test,1400,1479,13.271663665771484,11.554459571838379,0.21461358666419983,0.3302890360355377,0.46285513043403625
long_80f_stride40:b9dd769b-e31a-4fdb-945e-5a60db6487b0__ep2:qa:34,b9dd769b-e31a-4fdb-945e-5a60db6487b0__ep2,ep2,test,1440,1519,0.0,10.871251106262207,0.22519823908805847,0.36605408787727356,0.512700617313385
long_80f_stride40:b9dd769b-e31a-4fdb-945e-5a60db6487b0__ep2:qa:35,b9dd769b-e31a-4fdb-945e-5a60db6487b0__ep2,ep2,test,1480,1559,0.0,4.087518692016602,0.08411769568920135,0.13763390481472015,0.17326660454273224
long_80f_stride40:b9dd769b-e31a-4fdb-945e-5a60db6487b0__ep2:qa:36,b9dd769b-e31a-4fdb-945e-5a60db6487b0__ep2,ep2,test,1520,1599,0.0,4.988944053649902,0.08414663374423981,0.16798648238182068,0.1996549814939499
long_80f_stride40:b9dd769b-e31a-4fdb-945e-5a60db6487b0__ep2:qa:37,b9dd769b-e31a-4fdb-945e-5a60db6487b0__ep2,ep2,test,1560,1639,0.0,5.113615036010742,0.0965161919593811,0.17218437790870667,0.21313872933387756
long_80f_stride40:b9dd769b-e31a-4fdb-945e-5a60db6487b0__ep2:qa:38,b9dd769b-e31a-4fdb-945e-5a60db6487b0__ep2,ep2,test,1600,1679,0.0,5.207165718078613,0.09583767503499985,0.1753343790769577,0.21226516366004944
long_80f_stride40:b9dd769b-e31a-4fdb-945e-5a60db6487b0__ep2:qa:39,b9dd769b-e31a-4fdb-945e-5a60db6487b0__ep2,ep2,test,1640,1719,0.0,5.356541156768799,0.09711027145385742,0.18036411702632904,0.21670693159103394
long_80f_stride40:b9dd769b-e31a-4fdb-945e-5a60db6487b0__ep2:qa:40,b9dd769b-e31a-4fdb-945e-5a60db6487b0__ep2,ep2,test,1680,1759,0.0,6.884031295776367,0.12115675956010818,0.23179738223552704,0.2777217924594879
long_80f_stride40:b9dd769b-e31a-4fdb-945e-5a60db6487b0__ep2:qa:41,b9dd769b-e31a-4fdb-945e-5a60db6487b0__ep2,ep2,test,1720,1799,0.0,3.924602746963501,0.06585931777954102,0.13214825093746185,0.16042272746562958
long_80f_stride40:b9dd769b-e31a-4fdb-945e-5a60db6487b0__ep2:qa:42,b9dd769b-e31a-4fdb-945e-5a60db6487b0__ep2,ep2,test,1800,1879,0.0,8.70329475402832,0.16921530663967133,0.2930551767349243,0.37772509455680847
long_80f_stride40:b9dd769b-e31a-4fdb-945e-5a60db6487b0__ep2:qa:43,b9dd769b-e31a-4fdb-945e-5a60db6487b0__ep2,ep2,test,1880,1959,0.0,13.013660430908203,0.23150397837162018,0.4381927251815796,0.5478036999702454
long_80f_stride40:b9dd769b-e31a-4fdb-945e-5a60db6487b0__ep2:qa:44,b9dd769b-e31a-4fdb-945e-5a60db6487b0__ep2,ep2,test,1920,1999,0.0,11.896416664123535,0.19844014942646027,0.400573194026947,0.4646490216255188
long_80f_stride40:b9dd769b-e31a-4fdb-945e-5a60db6487b0__ep2:qa:45,b9dd769b-e31a-4fdb-945e-5a60db6487b0__ep2,ep2,test,1960,2039,0.0,10.112900733947754,0.20680806040763855,0.3405190706253052,0.41605040431022644
long_80f_stride40:b9dd769b-e31a-4fdb-945e-5a60db6487b0__ep2:qa:46,b9dd769b-e31a-4fdb-945e-5a60db6487b0__ep2,ep2,test,2000,2079,0.0,13.986263275146484,0.2436836212873459,0.4709419906139374,0.5655381679534912
long_80f_stride40:b9dd769b-e31a-4fdb-945e-5a60db6487b0__ep2:qa:47,b9dd769b-e31a-4fdb-945e-5a60db6487b0__ep2,ep2,test,2040,2119,0.0,14.059212684631348,0.23639832437038422,0.4733983278274536,0.5654745101928711
long_80f_stride40:b9dd769b-e31a-4fdb-945e-5a60db6487b0__ep2:qa:48,b9dd769b-e31a-4fdb-945e-5a60db6487b0__ep2,ep2,test,2080,2159,0.0,12.972112655639648,0.21898992359638214,0.4367937743663788,0.522020697593689
long_80f_stride40:b9dd769b-e31a-4fdb-945e-5a60db6487b0__ep2:qa:49,b9dd769b-e31a-4fdb-945e-5a60db6487b0__ep2,ep2,test,2120,2199,0.0,13.273433685302734,0.22152818739414215,0.44693976640701294,0.5386735796928406
long_80f_stride40:b9dd769b-e31a-4fdb-945e-5a60db6487b0__ep2:qa:50,b9dd769b-e31a-4fdb-945e-5a60db6487b0__ep2,ep2,test,2160,2239,0.0,9.72194766998291,0.16845154762268066,0.3273549973964691,0.3897365629673004
long_80f_stride40:b9dd769b-e31a-4fdb-945e-5a60db6487b0__ep2:qa:51,b9dd769b-e31a-4fdb-945e-5a60db6487b0__ep2,ep2,test,2200,2279,9.893689155578613,9.617159843444824,0.1888766586780548,0.30692896246910095,0.4291243851184845
long_80f_stride40:b9dd769b-e31a-4fdb-945e-5a60db6487b0__ep2:qa:52,b9dd769b-e31a-4fdb-945e-5a60db6487b0__ep2,ep2,test,2280,2359,14.6304292678833,11.961767196655273,0.13316377997398376,0.18911796808242798,0.27192917466163635
long_80f_stride40:b9dd769b-e31a-4fdb-945e-5a60db6487b0__ep2:qa:53,b9dd769b-e31a-4fdb-945e-5a60db6487b0__ep2,ep2,test,2320,2399,15.626893997192383,13.323533058166504,0.23046348989009857,0.39252933859825134,0.5066279768943787
long_80f_stride40:b9dd769b-e31a-4fdb-945e-5a60db6487b0__ep2:qa:54,b9dd769b-e31a-4fdb-945e-5a60db6487b0__ep2,ep2,test,2400,2479,12.918625831604004,10.95827865600586,0.11001650989055634,0.17285951972007751,0.24630768597126007
long_80f_stride40:b9dd769b-e31a-4fdb-945e-5a60db6487b0__ep2:qa:55,b9dd769b-e31a-4fdb-945e-5a60db6487b0__ep2,ep2,test,2440,2519,12.830939292907715,11.373438835144043,0.04738152399659157,0.07730201631784439,0.1039169654250145
long_80f_stride40:b9dd769b-e31a-4fdb-945e-5a60db6487b0__ep2:qa:56,b9dd769b-e31a-4fdb-945e-5a60db6487b0__ep2,ep2,test,2480,2559,12.788436889648438,11.844584465026855,0.08859463781118393,0.12176068872213364,0.16443312168121338
long_80f_stride40:b9dd769b-e31a-4fdb-945e-5a60db6487b0__ep2:qa:57,b9dd769b-e31a-4fdb-945e-5a60db6487b0__ep2,ep2,test,2520,2599,12.62963581085205,10.919187545776367,0.04976722225546837,0.07725135236978531,0.1034693643450737
long_80f_stride40:b9dd769b-e31a-4fdb-945e-5a60db6487b0__ep2:qa:58,b9dd769b-e31a-4fdb-945e-5a60db6487b0__ep2,ep2,test,2560,2639,10.351112365722656,11.356623649597168,0.18643800914287567,0.2998336851596832,0.4179600179195404
long_80f_stride40:b9dd769b-e31a-4fdb-945e-5a60db6487b0__ep2:qa:59,b9dd769b-e31a-4fdb-945e-5a60db6487b0__ep2,ep2,test,2600,2679,13.208196640014648,11.781356811523438,0.21694828569889069,0.36901065707206726,0.5047079920768738
long_80f_stride40:b9dd769b-e31a-4fdb-945e-5a60db6487b0__ep2:qa:60,b9dd769b-e31a-4fdb-945e-5a60db6487b0__ep2,ep2,test,2640,2719,12.994888305664062,9.414609909057617,0.14663243293762207,0.22005540132522583,0.30566146969795227
long_80f_stride40:b9dd769b-e31a-4fdb-945e-5a60db6487b0__ep2:qa:61,b9dd769b-e31a-4fdb-945e-5a60db6487b0__ep2,ep2,test,2680,2759,12.884039878845215,10.881270408630371,0.09864450991153717,0.15402629971504211,0.20783701539039612
long_80f_stride40:b9dd769b-e31a-4fdb-945e-5a60db6487b0__ep2:qa:62,b9dd769b-e31a-4fdb-945e-5a60db6487b0__ep2,ep2,test,2720,2799,12.399568557739258,10.858898162841797,0.048892486840486526,0.0801904946565628,0.11166130006313324
long_80f_stride40:b9dd769b-e31a-4fdb-945e-5a60db6487b0__ep2:qa:63,b9dd769b-e31a-4fdb-945e-5a60db6487b0__ep2,ep2,test,2760,2839,12.399568557739258,9.689620971679688,0.06526811420917511,0.10666422545909882,0.14609669148921967
long_80f_stride40:b9dd769b-e31a-4fdb-945e-5a60db6487b0__ep2:qa:64,b9dd769b-e31a-4fdb-945e-5a60db6487b0__ep2,ep2,test,2800,2879,11.833703994750977,11.265471458435059,0.03485838323831558,0.054098352789878845,0.06975188106298447
long_80f_stride40:b9dd769b-e31a-4fdb-945e-5a60db6487b0__ep2:qa:65,b9dd769b-e31a-4fdb-945e-5a60db6487b0__ep2,ep2,test,2880,2959,0.0,3.1155545711517334,0.058322444558143616,0.10490617901086807,0.13552093505859375
long_80f_stride40:b9dd769b-e31a-4fdb-945e-5a60db6487b0__ep2:qa:66,b9dd769b-e31a-4fdb-945e-5a60db6487b0__ep2,ep2,test,2920,2999,0.0,9.19165325164795,0.15210704505443573,0.3094990849494934,0.3664277195930481
long_80f_stride40:b9dd769b-e31a-4fdb-945e-5a60db6487b0__ep2:qa:67,b9dd769b-e31a-4fdb-945e-5a60db6487b0__ep2,ep2,test,2960,3039,12.780153274536133,7.600587844848633,0.20091784000396729,0.3280973434448242,0.4533482789993286
long_80f_stride40:b9dd769b-e31a-4fdb-945e-5a60db6487b0__ep2:qa:68,b9dd769b-e31a-4fdb-945e-5a60db6487b0__ep2,ep2,test,3000,3079,12.476173400878906,10.52405071258545,0.13026922941207886,0.20346443355083466,0.2843893766403198
long_80f_stride40:b9dd769b-e31a-4fdb-945e-5a60db6487b0__ep2:qa:69,b9dd769b-e31a-4fdb-945e-5a60db6487b0__ep2,ep2,test,3040,3119,12.204412460327148,12.377215385437012,0.14905405044555664,0.23604616522789001,0.320870965719223
long_80f_stride40:b9dd769b-e31a-4fdb-945e-5a60db6487b0__ep2:qa:70,b9dd769b-e31a-4fdb-945e-5a60db6487b0__ep2,ep2,test,3080,3159,12.125528335571289,10.362411499023438,0.16003680229187012,0.29132580757141113,0.3464135229587555
long_80f_stride40:b9dd769b-e31a-4fdb-945e-5a60db6487b0__ep2:qa:71,b9dd769b-e31a-4fdb-945e-5a60db6487b0__ep2,ep2,test,3120,3199,11.06102180480957,11.668070793151855,0.21494895219802856,0.3564040958881378,0.4839443266391754
long_80f_stride40:b9dd769b-e31a-4fdb-945e-5a60db6487b0__ep2:qa:72,b9dd769b-e31a-4fdb-945e-5a60db6487b0__ep2,ep2,test,3160,3239,0.0,10.26122760772705,0.1834283322095871,0.3455134928226471,0.407502144575119
long_80f_stride40:b9dd769b-e31a-4fdb-945e-5a60db6487b0__ep2:qa:73,b9dd769b-e31a-4fdb-945e-5a60db6487b0__ep2,ep2,test,3200,3279,14.47869873046875,7.051681041717529,0.20723505318164825,0.3873731791973114,0.5042179822921753
long_80f_stride40:b9dd769b-e31a-4fdb-945e-5a60db6487b0__ep2:qa:74,b9dd769b-e31a-4fdb-945e-5a60db6487b0__ep2,ep2,test,3240,3319,16.236629486083984,5.2455034255981445,0.21118907630443573,0.38704419136047363,0.4652651846408844
long_80f_stride40:b9dd769b-e31a-4fdb-945e-5a60db6487b0__ep2:qa:75,b9dd769b-e31a-4fdb-945e-5a60db6487b0__ep2,ep2,test,3280,3359,16.236629486083984,5.186511993408203,0.21026857197284698,0.38840004801750183,0.4678195118904114
long_80f_stride40:b9dd769b-e31a-4fdb-945e-5a60db6487b0__ep2:qa:76,b9dd769b-e31a-4fdb-945e-5a60db6487b0__ep2,ep2,test,3320,3399,16.027013778686523,13.825661659240723,0.22469961643218994,0.4164590537548065,0.5152694582939148
long_80f_stride40:b9dd769b-e31a-4fdb-945e-5a60db6487b0__ep2:qa:77,b9dd769b-e31a-4fdb-945e-5a60db6487b0__ep2,ep2,test,3400,3479,0.0,10.611616134643555,0.1847030371427536,0.3573117256164551,0.4464246332645416
long_80f_stride40:b9dd769b-e31a-4fdb-945e-5a60db6487b0__ep2:qa:78,b9dd769b-e31a-4fdb-945e-5a60db6487b0__ep2,ep2,test,3440,3519,0.0,8.913856506347656,0.15176744759082794,0.30014514923095703,0.37699559330940247
long_80f_stride40:b9dd769b-e31a-4fdb-945e-5a60db6487b0__ep2:qa:79,b9dd769b-e31a-4fdb-945e-5a60db6487b0__ep2,ep2,test,3480,3559,0.0,7.206672668457031,0.10639534890651703,0.24266129732131958,0.2847021818161011
long_80f_stride40:b9dd769b-e31a-4fdb-945e-5a60db6487b0__ep2:qa:80,b9dd769b-e31a-4fdb-945e-5a60db6487b0__ep2,ep2,test,3520,3599,0.0,6.61717414855957,0.1189032644033432,0.22281183302402496,0.26976272463798523
long_80f_stride40:b9dd769b-e31a-4fdb-945e-5a60db6487b0__ep2:qa:81,b9dd769b-e31a-4fdb-945e-5a60db6487b0__ep2,ep2,test,3560,3639,0.0,5.069813251495361,0.08397437632083893,0.17070947587490082,0.2037997543811798
long_80f_stride40:b9dd769b-e31a-4fdb-945e-5a60db6487b0__ep2:qa:82,b9dd769b-e31a-4fdb-945e-5a60db6487b0__ep2,ep2,test,3600,3679,0.0,6.551304817199707,0.1291082501411438,0.22059392929077148,0.30248764157295227
long_80f_stride40:b9dd769b-e31a-4fdb-945e-5a60db6487b0__ep2:qa:86,b9dd769b-e31a-4fdb-945e-5a60db6487b0__ep2,ep2,test,3800,3879,12.964149475097656,7.754067897796631,0.15296098589897156,0.21611298620700836,0.31489717960357666
long_80f_stride40:b9dd769b-e31a-4fdb-945e-5a60db6487b0__ep2:qa:87,b9dd769b-e31a-4fdb-945e-5a60db6487b0__ep2,ep2,test,3840,3919,13.834385871887207,12.977479934692383,0.08221107721328735,0.12400146573781967,0.1774725615978241
long_80f_stride40:b9dd769b-e31a-4fdb-945e-5a60db6487b0__ep2:qa:88,b9dd769b-e31a-4fdb-945e-5a60db6487b0__ep2,ep2,test,3880,3959,13.723325729370117,13.443632125854492,0.04919235780835152,0.07367955148220062,0.10164222866296768
long_80f_stride40:b9dd769b-e31a-4fdb-945e-5a60db6487b0__ep2:qa:89,b9dd769b-e31a-4fdb-945e-5a60db6487b0__ep2,ep2,test,3920,3999,13.012655258178711,11.848573684692383,0.20893032848834991,0.3630542755126953,0.4605714976787567
long_80f_stride40:b9dd769b-e31a-4fdb-945e-5a60db6487b0__ep2:qa:90,b9dd769b-e31a-4fdb-945e-5a60db6487b0__ep2,ep2,test,3960,4039,12.938989639282227,10.135202407836914,0.20702876150608063,0.349762499332428,0.4422803521156311
long_80f_stride40:b9dd769b-e31a-4fdb-945e-5a60db6487b0__ep2:qa:91,b9dd769b-e31a-4fdb-945e-5a60db6487b0__ep2,ep2,test,4000,4079,13.576199531555176,3.1862118244171143,0.22375522553920746,0.3830750584602356,0.47070446610450745
long_80f_stride40:b9dd769b-e31a-4fdb-945e-5a60db6487b0__ep2:qa:92,b9dd769b-e31a-4fdb-945e-5a60db6487b0__ep2,ep2,test,4040,4119,13.70987606048584,11.27798843383789,0.07152706384658813,0.1100296676158905,0.15014329552650452
long_80f_stride40:b9dd769b-e31a-4fdb-945e-5a60db6487b0__ep2:qa:93,b9dd769b-e31a-4fdb-945e-5a60db6487b0__ep2,ep2,test,4080,4159,13.6656494140625,13.277092933654785,0.03579225018620491,0.048836398869752884,0.07023567706346512
long_80f_stride40:b9dd769b-e31a-4fdb-945e-5a60db6487b0__ep2:qa:94,b9dd769b-e31a-4fdb-945e-5a60db6487b0__ep2,ep2,test,4120,4199,13.467838287353516,8.935283660888672,0.10592148452997208,0.16890622675418854,0.20361456274986267
long_80f_stride40:b9dd769b-e31a-4fdb-945e-5a60db6487b0__ep2:qa:95,b9dd769b-e31a-4fdb-945e-5a60db6487b0__ep2,ep2,test,4160,4239,13.47586441040039,8.310811042785645,0.10994973033666611,0.18111059069633484,0.21091113984584808
long_80f_stride40:b9dd769b-e31a-4fdb-945e-5a60db6487b0__ep2:qa:96,b9dd769b-e31a-4fdb-945e-5a60db6487b0__ep2,ep2,test,4200,4279,13.4280366897583,8.215605735778809,0.10609764605760574,0.17865893244743347,0.21015720069408417
long_80f_stride40:b9dd769b-e31a-4fdb-945e-5a60db6487b0__ep2:qa:97,b9dd769b-e31a-4fdb-945e-5a60db6487b0__ep2,ep2,test,4240,4319,13.428443908691406,11.667448043823242,0.05576131492853165,0.08378173410892487,0.11087475717067719
long_80f_stride40:b9dd769b-e31a-4fdb-945e-5a60db6487b0__ep2:qa:98,b9dd769b-e31a-4fdb-945e-5a60db6487b0__ep2,ep2,test,4280,4359,13.348690032958984,10.159676551818848,0.0968221053481102,0.1370009481906891,0.17720970511436462
long_80f_stride40:ba045ed4-ef25-404d-b756-8dcbd45b18fa__ep2:qa:0,ba045ed4-ef25-404d-b756-8dcbd45b18fa__ep2,ep2,test,0,79,15.645359992980957,11.913437843322754,0.15750381350517273,0.26979243755340576,0.3241475224494934
long_80f_stride40:ba045ed4-ef25-404d-b756-8dcbd45b18fa__ep2:qa:1,ba045ed4-ef25-404d-b756-8dcbd45b18fa__ep2,ep2,test,40,119,15.836792945861816,11.361620903015137,0.1848776638507843,0.2925853431224823,0.3654000461101532
long_80f_stride40:ba045ed4-ef25-404d-b756-8dcbd45b18fa__ep2:qa:2,ba045ed4-ef25-404d-b756-8dcbd45b18fa__ep2,ep2,test,80,159,15.719435691833496,12.37960433959961,0.11109869182109833,0.19046863913536072,0.23567703366279602
long_80f_stride40:ba045ed4-ef25-404d-b756-8dcbd45b18fa__ep2:qa:3,ba045ed4-ef25-404d-b756-8dcbd45b18fa__ep2,ep2,test,120,199,13.007091522216797,10.621840476989746,0.17499734461307526,0.2844851016998291,0.3708645701408386
long_80f_stride40:ba045ed4-ef25-404d-b756-8dcbd45b18fa__ep2:qa:4,ba045ed4-ef25-404d-b756-8dcbd45b18fa__ep2,ep2,test,160,239,13.072975158691406,14.917738914489746,0.21335120499134064,0.33742088079452515,0.44557252526283264
long_80f_stride40:ba045ed4-ef25-404d-b756-8dcbd45b18fa__ep2:qa:5,ba045ed4-ef25-404d-b756-8dcbd45b18fa__ep2,ep2,test,200,279,15.796993255615234,12.16890811920166,0.1193564310669899,0.19825339317321777,0.24546155333518982
long_80f_stride40:ba045ed4-ef25-404d-b756-8dcbd45b18fa__ep2:qa:6,ba045ed4-ef25-404d-b756-8dcbd45b18fa__ep2,ep2,test,240,319,15.3339262008667,13.872568130493164,0.11243130266666412,0.15904459357261658,0.226409450173378
long_80f_stride40:ba045ed4-ef25-404d-b756-8dcbd45b18fa__ep2:qa:7,ba045ed4-ef25-404d-b756-8dcbd45b18fa__ep2,ep2,test,280,359,15.3339262008667,11.574586868286133,0.18777109682559967,0.2819162905216217,0.37361207604408264
long_80f_stride40:ba045ed4-ef25-404d-b756-8dcbd45b18fa__ep2:qa:8,ba045ed4-ef25-404d-b756-8dcbd45b18fa__ep2,ep2,test,320,399,12.78023624420166,13.608306884765625,0.34206095337867737,0.4422895014286041,0.6650053262710571
long_80f_stride40:ba045ed4-ef25-404d-b756-8dcbd45b18fa__ep2:qa:9,ba045ed4-ef25-404d-b756-8dcbd45b18fa__ep2,ep2,test,400,479,15.221141815185547,11.813532829284668,0.12743985652923584,0.1971360296010971,0.2662357985973358
long_80f_stride40:ba045ed4-ef25-404d-b756-8dcbd45b18fa__ep2:qa:10,ba045ed4-ef25-404d-b756-8dcbd45b18fa__ep2,ep2,test,440,519,11.208187103271484,12.80620002746582,0.22615960240364075,0.32582148909568787,0.44686660170555115
long_80f_stride40:ba045ed4-ef25-404d-b756-8dcbd45b18fa__ep2:qa:11,ba045ed4-ef25-404d-b756-8dcbd45b18fa__ep2,ep2,test,480,559,11.208187103271484,14.1342191696167,0.23309548199176788,0.3451220989227295,0.48000824451446533
long_80f_stride40:ba045ed4-ef25-404d-b756-8dcbd45b18fa__ep2:qa:12,ba045ed4-ef25-404d-b756-8dcbd45b18fa__ep2,ep2,test,520,599,16.353116989135742,11.586455345153809,0.16216661036014557,0.24003523588180542,0.3050050139427185
long_80f_stride40:ba045ed4-ef25-404d-b756-8dcbd45b18fa__ep2:qa:13,ba045ed4-ef25-404d-b756-8dcbd45b18fa__ep2,ep2,test,600,679,15.40279769897461,16.296167373657227,0.1877349317073822,0.3115961253643036,0.38420960307121277
long_80f_stride40:ba045ed4-ef25-404d-b756-8dcbd45b18fa__ep2:qa:14,ba045ed4-ef25-404d-b756-8dcbd45b18fa__ep2,ep2,test,640,719,13.503926277160645,12.544297218322754,0.11853093653917313,0.1715235859155655,0.23357954621315002
long_80f_stride40:ba045ed4-ef25-404d-b756-8dcbd45b18fa__ep2:qa:15,ba045ed4-ef25-404d-b756-8dcbd45b18fa__ep2,ep2,test,680,759,13.503926277160645,10.963957786560059,0.20032939314842224,0.29980549216270447,0.3944789469242096
long_80f_stride40:ba045ed4-ef25-404d-b756-8dcbd45b18fa__ep2:qa:16,ba045ed4-ef25-404d-b756-8dcbd45b18fa__ep2,ep2,test,720,799,13.311989784240723,12.341224670410156,0.18788734078407288,0.27349671721458435,0.34154126048088074
long_80f_stride40:ba045ed4-ef25-404d-b756-8dcbd45b18fa__ep2:qa:17,ba045ed4-ef25-404d-b756-8dcbd45b18fa__ep2,ep2,test,800,879,14.808991432189941,12.299976348876953,0.14807021617889404,0.2544770836830139,0.32260963320732117
long_80f_stride40:ba045ed4-ef25-404d-b756-8dcbd45b18fa__ep2:qa:18,ba045ed4-ef25-404d-b756-8dcbd45b18fa__ep2,ep2,test,840,919,13.577027320861816,11.500568389892578,0.13352227210998535,0.22581112384796143,0.29470372200012207
long_80f_stride40:ba045ed4-ef25-404d-b756-8dcbd45b18fa__ep2:qa:19,ba045ed4-ef25-404d-b756-8dcbd45b18fa__ep2,ep2,test,880,959,13.577027320861816,11.64490032196045,0.08509951084852219,0.13413207232952118,0.18430723249912262
long_80f_stride40:ba045ed4-ef25-404d-b756-8dcbd45b18fa__ep2:qa:20,ba045ed4-ef25-404d-b756-8dcbd45b18fa__ep2,ep2,test,920,999,12.089507102966309,12.850895881652832,0.16732287406921387,0.24013034999370575,0.31633272767066956
long_80f_stride40:ba045ed4-ef25-404d-b756-8dcbd45b18fa__ep2:qa:21,ba045ed4-ef25-404d-b756-8dcbd45b18fa__ep2,ep2,test,1000,1079,14.61602783203125,10.912577629089355,0.20487140119075775,0.30642515420913696,0.405221164226532
long_80f_stride40:ba045ed4-ef25-404d-b756-8dcbd45b18fa__ep2:qa:22,ba045ed4-ef25-404d-b756-8dcbd45b18fa__ep2,ep2,test,1040,1119,12.888996124267578,11.715688705444336,0.27896848320961,0.39786699414253235,0.5521073341369629
long_80f_stride40:ba045ed4-ef25-404d-b756-8dcbd45b18fa__ep2:qa:23,ba045ed4-ef25-404d-b756-8dcbd45b18fa__ep2,ep2,test,1080,1159,0.0,11.615114212036133,0.21032565832138062,0.39110127091407776,0.459677129983902
long_80f_stride40:ba045ed4-ef25-404d-b756-8dcbd45b18fa__ep2:qa:24,ba045ed4-ef25-404d-b756-8dcbd45b18fa__ep2,ep2,test,1120,1199,0.0,9.898294448852539,0.17275644838809967,0.3332929313182831,0.3995136320590973
long_80f_stride40:ba045ed4-ef25-404d-b756-8dcbd45b18fa__ep2:qa:25,ba045ed4-ef25-404d-b756-8dcbd45b18fa__ep2,ep2,test,1160,1239,0.0,8.845979690551758,0.16269458830356598,0.2978596091270447,0.3540949821472168
long_80f_stride40:ba045ed4-ef25-404d-b756-8dcbd45b18fa__ep2:qa:26,ba045ed4-ef25-404d-b756-8dcbd45b18fa__ep2,ep2,test,1200,1279,11.296348571777344,13.518021583557129,0.3628357946872711,0.49488720297813416,0.7312010526657104
long_80f_stride40:ba045ed4-ef25-404d-b756-8dcbd45b18fa__ep2:qa:27,ba045ed4-ef25-404d-b756-8dcbd45b18fa__ep2,ep2,test,1240,1319,11.296348571777344,8.378218650817871,0.2366466522216797,0.338239461183548,0.48097431659698486
long_80f_stride40:ba045ed4-ef25-404d-b756-8dcbd45b18fa__ep2:qa:28,ba045ed4-ef25-404d-b756-8dcbd45b18fa__ep2,ep2,test,1280,1359,11.296348571777344,11.305617332458496,0.28301119804382324,0.3923329710960388,0.5656381249427795
long_80f_stride40:ba045ed4-ef25-404d-b756-8dcbd45b18fa__ep2:qa:30,ba045ed4-ef25-404d-b756-8dcbd45b18fa__ep2,ep2,test,1400,1479,13.895465850830078,11.835270881652832,0.16252146661281586,0.26411136984825134,0.3177192211151123
long_80f_stride40:ba045ed4-ef25-404d-b756-8dcbd45b18fa__ep2:qa:31,ba045ed4-ef25-404d-b756-8dcbd45b18fa__ep2,ep2,test,1440,1519,14.20984935760498,9.981953620910645,0.172087162733078,0.26067131757736206,0.3393074572086334
long_80f_stride40:ba045ed4-ef25-404d-b756-8dcbd45b18fa__ep2:qa:32,ba045ed4-ef25-404d-b756-8dcbd45b18fa__ep2,ep2,test,1480,1559,13.877741813659668,11.730724334716797,0.09777852147817612,0.1665998101234436,0.2168201208114624
long_80f_stride40:ba045ed4-ef25-404d-b756-8dcbd45b18fa__ep2:qa:33,ba045ed4-ef25-404d-b756-8dcbd45b18fa__ep2,ep2,test,1520,1599,13.669937133789062,11.6389741897583,0.106283038854599,0.16949796676635742,0.22877362370491028
long_80f_stride40:ba045ed4-ef25-404d-b756-8dcbd45b18fa__ep2:qa:34,ba045ed4-ef25-404d-b756-8dcbd45b18fa__ep2,ep2,test,1560,1639,13.700716018676758,11.993667602539062,0.10416045784950256,0.14416727423667908,0.21089068055152893
long_80f_stride40:ba045ed4-ef25-404d-b756-8dcbd45b18fa__ep2:qa:35,ba045ed4-ef25-404d-b756-8dcbd45b18fa__ep2,ep2,test,1600,1679,13.824713706970215,13.832913398742676,0.07680821418762207,0.12011238932609558,0.15935711562633514
long_80f_stride40:ba045ed4-ef25-404d-b756-8dcbd45b18fa__ep2:qa:36,ba045ed4-ef25-404d-b756-8dcbd45b18fa__ep2,ep2,test,1640,1719,14.614882469177246,14.548681259155273,0.12271517515182495,0.1768762767314911,0.23302921652793884
long_80f_stride40:ba045ed4-ef25-404d-b756-8dcbd45b18fa__ep2:qa:37,ba045ed4-ef25-404d-b756-8dcbd45b18fa__ep2,ep2,test,1680,1759,14.859384536743164,14.607178688049316,0.11813033372163773,0.15850088000297546,0.21754464507102966
long_80f_stride40:ba045ed4-ef25-404d-b756-8dcbd45b18fa__ep2:qa:38,ba045ed4-ef25-404d-b756-8dcbd45b18fa__ep2,ep2,test,1720,1799,13.25209903717041,11.730605125427246,0.19998618960380554,0.2908685803413391,0.409037321805954
long_80f_stride40:ba045ed4-ef25-404d-b756-8dcbd45b18fa__ep2:qa:39,ba045ed4-ef25-404d-b756-8dcbd45b18fa__ep2,ep2,test,1760,1839,13.038311004638672,12.22969913482666,0.2058415710926056,0.3087410628795624,0.4340629577636719
long_80f_stride40:ba045ed4-ef25-404d-b756-8dcbd45b18fa__ep2:qa:40,ba045ed4-ef25-404d-b756-8dcbd45b18fa__ep2,ep2,test,1800,1879,15.220075607299805,9.490494728088379,0.1715478152036667,0.28862878680229187,0.3617000877857208
long_80f_stride40:ba045ed4-ef25-404d-b756-8dcbd45b18fa__ep2:qa:41,ba045ed4-ef25-404d-b756-8dcbd45b18fa__ep2,ep2,test,1840,1919,14.831952095031738,11.41789436340332,0.16486383974552155,0.27344709634780884,0.3337372839450836
long_80f_stride40:ba045ed4-ef25-404d-b756-8dcbd45b18fa__ep2:qa:42,ba045ed4-ef25-404d-b756-8dcbd45b18fa__ep2,ep2,test,1880,1959,14.22281265258789,12.154440879821777,0.12511220574378967,0.2422109693288803,0.30160272121429443
long_80f_stride40:ba045ed4-ef25-404d-b756-8dcbd45b18fa__ep2:qa:43,ba045ed4-ef25-404d-b756-8dcbd45b18fa__ep2,ep2,test,1920,1999,14.326802253723145,12.628190994262695,0.08112877607345581,0.13299427926540375,0.1737370789051056
long_80f_stride40:ba045ed4-ef25-404d-b756-8dcbd45b18fa__ep2:qa:44,ba045ed4-ef25-404d-b756-8dcbd45b18fa__ep2,ep2,test,1960,2039,14.783055305480957,10.848584175109863,0.15958118438720703,0.26306140422821045,0.3170059025287628
long_80f_stride40:ba045ed4-ef25-404d-b756-8dcbd45b18fa__ep2:qa:45,ba045ed4-ef25-404d-b756-8dcbd45b18fa__ep2,ep2,test,2000,2079,14.783055305480957,10.28609848022461,0.14865024387836456,0.23644307255744934,0.29317164421081543
long_80f_stride40:ba045ed4-ef25-404d-b756-8dcbd45b18fa__ep2:qa:46,ba045ed4-ef25-404d-b756-8dcbd45b18fa__ep2,ep2,test,2040,2119,14.783055305480957,13.343416213989258,0.10924909263849258,0.16124765574932098,0.20268970727920532
long_80f_stride40:ba045ed4-ef25-404d-b756-8dcbd45b18fa__ep2:qa:79,ba045ed4-ef25-404d-b756-8dcbd45b18fa__ep2,ep2,test,3400,3479,16.336299896240234,10.161785125732422,0.19180920720100403,0.2794995903968811,0.36968788504600525
long_80f_stride40:ba045ed4-ef25-404d-b756-8dcbd45b18fa__ep2:qa:80,ba045ed4-ef25-404d-b756-8dcbd45b18fa__ep2,ep2,test,3440,3519,16.08768081665039,11.021553993225098,0.18605872988700867,0.2927705943584442,0.37720105051994324
long_80f_stride40:ba045ed4-ef25-404d-b756-8dcbd45b18fa__ep2:qa:81,ba045ed4-ef25-404d-b756-8dcbd45b18fa__ep2,ep2,test,3520,3599,16.02288055419922,11.810118675231934,0.22122420370578766,0.29746487736701965,0.42570948600769043
long_80f_stride40:ba045ed4-ef25-404d-b756-8dcbd45b18fa__ep2:qa:82,ba045ed4-ef25-404d-b756-8dcbd45b18fa__ep2,ep2,test,3560,3639,16.47287368774414,8.8892240524292,0.2774721384048462,0.3639460504055023,0.4996708333492279
long_80f_stride40:ba045ed4-ef25-404d-b756-8dcbd45b18fa__ep2:qa:83,ba045ed4-ef25-404d-b756-8dcbd45b18fa__ep2,ep2,test,3640,3719,17.10907554626465,9.106607437133789,0.21363557875156403,0.3198351263999939,0.3831106126308441
long_80f_stride40:ba045ed4-ef25-404d-b756-8dcbd45b18fa__ep2:qa:84,ba045ed4-ef25-404d-b756-8dcbd45b18fa__ep2,ep2,test,3680,3759,17.10907554626465,11.337505340576172,0.18697693943977356,0.2820499539375305,0.34319114685058594
long_80f_stride40:ba045ed4-ef25-404d-b756-8dcbd45b18fa__ep2:qa:85,ba045ed4-ef25-404d-b756-8dcbd45b18fa__ep2,ep2,test,3720,3799,16.413673400878906,13.04624080657959,0.13018326461315155,0.22682151198387146,0.2737596035003662
long_80f_stride40:ba045ed4-ef25-404d-b756-8dcbd45b18fa__ep2:qa:86,ba045ed4-ef25-404d-b756-8dcbd45b18fa__ep2,ep2,test,3800,3879,16.719270706176758,11.902284622192383,0.16896849870681763,0.2609373927116394,0.35050877928733826
long_80f_stride40:ba045ed4-ef25-404d-b756-8dcbd45b18fa__ep2:qa:87,ba045ed4-ef25-404d-b756-8dcbd45b18fa__ep2,ep2,test,3840,3919,16.79967498779297,12.493858337402344,0.21332786977291107,0.3586307466030121,0.42750462889671326
long_80f_stride40:ba045ed4-ef25-404d-b756-8dcbd45b18fa__ep2:qa:88,ba045ed4-ef25-404d-b756-8dcbd45b18fa__ep2,ep2,test,3880,3959,16.79967498779297,10.203058242797852,0.1911803036928177,0.2725721597671509,0.3603588342666626
long_80f_stride40:ba045ed4-ef25-404d-b756-8dcbd45b18fa__ep2:qa:89,ba045ed4-ef25-404d-b756-8dcbd45b18fa__ep2,ep2,test,3920,3999,16.577301025390625,11.136730194091797,0.14216358959674835,0.22046177089214325,0.2789396047592163
long_80f_stride40:ba045ed4-ef25-404d-b756-8dcbd45b18fa__ep2:qa:90,ba045ed4-ef25-404d-b756-8dcbd45b18fa__ep2,ep2,test,4000,4079,15.325002670288086,8.378710746765137,0.2188168615102768,0.3056170344352722,0.3986279368400574
long_80f_stride40:ba045ed4-ef25-404d-b756-8dcbd45b18fa__ep2:qa:91,ba045ed4-ef25-404d-b756-8dcbd45b18fa__ep2,ep2,test,4040,4119,15.29971694946289,9.348251342773438,0.20162808895111084,0.28784090280532837,0.374037504196167
long_80f_stride40:ba045ed4-ef25-404d-b756-8dcbd45b18fa__ep2:qa:92,ba045ed4-ef25-404d-b756-8dcbd45b18fa__ep2,ep2,test,4080,4159,15.014899253845215,10.125260353088379,0.19013212621212006,0.27524930238723755,0.36509793996810913
long_80f_stride40:ba045ed4-ef25-404d-b756-8dcbd45b18fa__ep2:qa:93,ba045ed4-ef25-404d-b756-8dcbd45b18fa__ep2,ep2,test,4120,4199,15.244513511657715,11.253561973571777,0.14937621355056763,0.2445565164089203,0.3063451051712036
long_80f_stride40:ba045ed4-ef25-404d-b756-8dcbd45b18fa__ep2:qa:94,ba045ed4-ef25-404d-b756-8dcbd45b18fa__ep2,ep2,test,4160,4239,15.244513511657715,9.798266410827637,0.19891592860221863,0.3203096389770508,0.4124186635017395
long_80f_stride40:ba045ed4-ef25-404d-b756-8dcbd45b18fa__ep2:qa:95,ba045ed4-ef25-404d-b756-8dcbd45b18fa__ep2,ep2,test,4200,4279,15.063774108886719,11.479205131530762,0.12781675159931183,0.2573291063308716,0.31215134263038635
long_80f_stride40:ba045ed4-ef25-404d-b756-8dcbd45b18fa__ep2:qa:96,ba045ed4-ef25-404d-b756-8dcbd45b18fa__ep2,ep2,test,4280,4359,14.634895324707031,11.156911849975586,0.1316055953502655,0.25279080867767334,0.30700013041496277
long_80f_stride40:ba045ed4-ef25-404d-b756-8dcbd45b18fa__ep2:qa:97,ba045ed4-ef25-404d-b756-8dcbd45b18fa__ep2,ep2,test,4320,4399,14.813126564025879,10.95899772644043,0.21163217723369598,0.30864614248275757,0.4307430684566498
long_80f_stride40:ba045ed4-ef25-404d-b756-8dcbd45b18fa__ep2:qa:98,ba045ed4-ef25-404d-b756-8dcbd45b18fa__ep2,ep2,test,4400,4479,15.080501556396484,12.363478660583496,0.16216632723808289,0.25884363055229187,0.33023911714553833
long_80f_stride40:ba045ed4-ef25-404d-b756-8dcbd45b18fa__ep2:qa:99,ba045ed4-ef25-404d-b756-8dcbd45b18fa__ep2,ep2,test,4440,4519,15.415388107299805,12.453422546386719,0.17689882218837738,0.2907566428184509,0.3529259264469147
long_80f_stride40:ba045ed4-ef25-404d-b756-8dcbd45b18fa__ep2:qa:100,ba045ed4-ef25-404d-b756-8dcbd45b18fa__ep2,ep2,test,4480,4559,15.415388107299805,13.212815284729004,0.14761309325695038,0.257493257522583,0.3046962320804596
long_80f_stride40:ba045ed4-ef25-404d-b756-8dcbd45b18fa__ep2:qa:101,ba045ed4-ef25-404d-b756-8dcbd45b18fa__ep2,ep2,test,4520,4599,15.527753829956055,13.611939430236816,0.14180754125118256,0.29138514399528503,0.3452737629413605
long_80f_stride40:ba045ed4-ef25-404d-b756-8dcbd45b18fa__ep2:qa:102,ba045ed4-ef25-404d-b756-8dcbd45b18fa__ep2,ep2,test,4600,4679,14.088523864746094,11.17538833618164,0.13691869378089905,0.2120600938796997,0.27466288208961487
long_80f_stride40:ba045ed4-ef25-404d-b756-8dcbd45b18fa__ep2:qa:103,ba045ed4-ef25-404d-b756-8dcbd45b18fa__ep2,ep2,test,4640,4719,16.084228515625,10.321784973144531,0.21736785769462585,0.29428377747535706,0.39584481716156006
long_80f_stride40:ba045ed4-ef25-404d-b756-8dcbd45b18fa__ep2:qa:104,ba045ed4-ef25-404d-b756-8dcbd45b18fa__ep2,ep2,test,4680,4759,16.084228515625,12.123379707336426,0.14535142481327057,0.19841182231903076,0.26830121874809265
long_80f_stride40:ba045ed4-ef25-404d-b756-8dcbd45b18fa__ep2:qa:105,ba045ed4-ef25-404d-b756-8dcbd45b18fa__ep2,ep2,test,4720,4799,16.177404403686523,9.89970874786377,0.1726483553647995,0.25937309861183167,0.3453312814235687
long_80f_stride40:ba045ed4-ef25-404d-b756-8dcbd45b18fa__ep2:qa:106,ba045ed4-ef25-404d-b756-8dcbd45b18fa__ep2,ep2,test,4800,4879,15.45177173614502,9.32806396484375,0.16423837840557098,0.2455558478832245,0.30412381887435913
long_80f_stride40:ba045ed4-ef25-404d-b756-8dcbd45b18fa__ep2:qa:107,ba045ed4-ef25-404d-b756-8dcbd45b18fa__ep2,ep2,test,4840,4919,14.730735778808594,8.723569869995117,0.24918411672115326,0.40602347254753113,0.5123694539070129
long_80f_stride40:ba045ed4-ef25-404d-b756-8dcbd45b18fa__ep2:qa:108,ba045ed4-ef25-404d-b756-8dcbd45b18fa__ep2,ep2,test,4880,4959,14.730735778808594,15.619205474853516,0.27773618698120117,0.41285866498947144,0.5388604998588562
long_80f_stride40:ba045ed4-ef25-404d-b756-8dcbd45b18fa__ep2:qa:109,ba045ed4-ef25-404d-b756-8dcbd45b18fa__ep2,ep2,test,4920,4999,16.100248336791992,11.59765911102295,0.18639187514781952,0.29616454243659973,0.3838157057762146
long_80f_stride40:ba045ed4-ef25-404d-b756-8dcbd45b18fa__ep2:qa:110,ba045ed4-ef25-404d-b756-8dcbd45b18fa__ep2,ep2,test,5000,5079,13.757323265075684,11.943231582641602,0.3034278452396393,0.4415009617805481,0.6416212916374207
long_80f_stride40:ba045ed4-ef25-404d-b756-8dcbd45b18fa__ep2:qa:111,ba045ed4-ef25-404d-b756-8dcbd45b18fa__ep2,ep2,test,5040,5119,13.757323265075684,11.714837074279785,0.2983652353286743,0.4296976625919342,0.6229459047317505
long_80f_stride40:ba045ed4-ef25-404d-b756-8dcbd45b18fa__ep2:qa:112,ba045ed4-ef25-404d-b756-8dcbd45b18fa__ep2,ep2,test,5080,5159,0.0,12.31596851348877,0.24368970096111298,0.4147002398967743,0.5047558546066284
long_80f_stride40:ba045ed4-ef25-404d-b756-8dcbd45b18fa__ep2:qa:113,ba045ed4-ef25-404d-b756-8dcbd45b18fa__ep2,ep2,test,5160,5239,14.562698364257812,8.239629745483398,0.22561250627040863,0.4117841422557831,0.49145591259002686
long_80f_stride40:ba045ed4-ef25-404d-b756-8dcbd45b18fa__ep2:qa:114,ba045ed4-ef25-404d-b756-8dcbd45b18fa__ep2,ep2,test,5200,5279,15.132031440734863,12.09156608581543,0.28828755021095276,0.4263256788253784,0.599211573600769
long_80f_stride40:ba045ed4-ef25-404d-b756-8dcbd45b18fa__ep2:qa:115,ba045ed4-ef25-404d-b756-8dcbd45b18fa__ep2,ep2,test,5240,5319,0.0,12.139692306518555,0.2250766158103943,0.40876469016075134,0.4775203764438629
long_80f_stride40:ba045ed4-ef25-404d-b756-8dcbd45b18fa__ep2:qa:116,ba045ed4-ef25-404d-b756-8dcbd45b18fa__ep2,ep2,test,5280,5359,0.0,10.867191314697266,0.23052430152893066,0.3659173846244812,0.43630534410476685
long_80f_stride40:ba045ed4-ef25-404d-b756-8dcbd45b18fa__ep2:qa:117,ba045ed4-ef25-404d-b756-8dcbd45b18fa__ep2,ep2,test,5320,5399,0.0,5.344153881072998,0.11817645281553268,0.17994701862335205,0.22307109832763672
long_80f_stride40:ba045ed4-ef25-404d-b756-8dcbd45b18fa__ep2:qa:118,ba045ed4-ef25-404d-b756-8dcbd45b18fa__ep2,ep2,test,5400,5479,14.126486778259277,10.42818546295166,0.1433865875005722,0.22595025599002838,0.2860131561756134
long_80f_stride40:ba045ed4-ef25-404d-b756-8dcbd45b18fa__ep2:qa:119,ba045ed4-ef25-404d-b756-8dcbd45b18fa__ep2,ep2,test,5440,5519,14.534747123718262,10.430195808410645,0.14277400076389313,0.23794983327388763,0.29610228538513184
long_80f_stride40:ba045ed4-ef25-404d-b756-8dcbd45b18fa__ep2:qa:120,ba045ed4-ef25-404d-b756-8dcbd45b18fa__ep2,ep2,test,5480,5559,14.605877876281738,10.274642944335938,0.19590985774993896,0.28578877449035645,0.39950332045555115
long_80f_stride40:ba045ed4-ef25-404d-b756-8dcbd45b18fa__ep2:qa:121,ba045ed4-ef25-404d-b756-8dcbd45b18fa__ep2,ep2,test,5520,5599,14.847856521606445,11.262552261352539,0.14466221630573273,0.24562662839889526,0.32609161734580994
long_80f_stride40:ba045ed4-ef25-404d-b756-8dcbd45b18fa__ep2:qa:122,ba045ed4-ef25-404d-b756-8dcbd45b18fa__ep2,ep2,test,5560,5639,14.840575218200684,12.140908241271973,0.16899894177913666,0.244236022233963,0.3357403576374054
long_80f_stride40:ba045ed4-ef25-404d-b756-8dcbd45b18fa__ep2:qa:123,ba045ed4-ef25-404d-b756-8dcbd45b18fa__ep2,ep2,test,5600,5679,14.679875373840332,11.016457557678223,0.2244647592306137,0.311042845249176,0.43377014994621277
long_80f_stride40:ba045ed4-ef25-404d-b756-8dcbd45b18fa__ep2:qa:124,ba045ed4-ef25-404d-b756-8dcbd45b18fa__ep2,ep2,test,5640,5719,14.927607536315918,10.728691101074219,0.269226998090744,0.3879663646221161,0.5465456247329712
long_80f_stride40:ba045ed4-ef25-404d-b756-8dcbd45b18fa__ep2:qa:125,ba045ed4-ef25-404d-b756-8dcbd45b18fa__ep2,ep2,test,5680,5759,14.927607536315918,10.12912368774414,0.24522846937179565,0.35990995168685913,0.502960741519928
long_80f_stride40:ba045ed4-ef25-404d-b756-8dcbd45b18fa__ep2:qa:126,ba045ed4-ef25-404d-b756-8dcbd45b18fa__ep2,ep2,test,5720,5799,14.896384239196777,12.01023006439209,0.18626558780670166,0.2624284029006958,0.3741077780723572
long_80f_stride40:ba045ed4-ef25-404d-b756-8dcbd45b18fa__ep2:qa:127,ba045ed4-ef25-404d-b756-8dcbd45b18fa__ep2,ep2,test,5800,5879,0.0,10.350374221801758,0.1893491894006729,0.34851521253585815,0.4196382462978363
long_80f_stride40:4b02bb38-384a-438a-b5f9-6131d85c34b0__ep1:qa:0,4b02bb38-384a-438a-b5f9-6131d85c34b0__ep1,ep1,test,0,79,12.016766548156738,14.65497875213623,0.3233814537525177,0.46065694093704224,0.6699657440185547
long_80f_stride40:4b02bb38-384a-438a-b5f9-6131d85c34b0__ep1:qa:1,4b02bb38-384a-438a-b5f9-6131d85c34b0__ep1,ep1,test,40,119,18.03852081298828,12.034109115600586,0.301170289516449,0.46771785616874695,0.6233949065208435
long_80f_stride40:4b02bb38-384a-438a-b5f9-6131d85c34b0__ep1:qa:2,4b02bb38-384a-438a-b5f9-6131d85c34b0__ep1,ep1,test,80,159,16.710176467895508,14.552767753601074,0.32653358578681946,0.4920629560947418,0.6746814250946045
long_80f_stride40:4b02bb38-384a-438a-b5f9-6131d85c34b0__ep1:qa:3,4b02bb38-384a-438a-b5f9-6131d85c34b0__ep1,ep1,test,120,199,0.0,15.048596382141113,0.27273252606391907,0.5067126154899597,0.6020194888114929
long_80f_stride40:4b02bb38-384a-438a-b5f9-6131d85c34b0__ep1:qa:4,4b02bb38-384a-438a-b5f9-6131d85c34b0__ep1,ep1,test,160,239,0.0,14.390739440917969,0.2898065745830536,0.48456135392189026,0.6093597412109375
long_80f_stride40:4b02bb38-384a-438a-b5f9-6131d85c34b0__ep1:qa:5,4b02bb38-384a-438a-b5f9-6131d85c34b0__ep1,ep1,test,200,279,0.0,4.9721903800964355,0.09584356844425201,0.167422354221344,0.20996849238872528
long_80f_stride40:4b02bb38-384a-438a-b5f9-6131d85c34b0__ep1:qa:6,4b02bb38-384a-438a-b5f9-6131d85c34b0__ep1,ep1,test,280,359,0.0,3.1990909576416016,0.051419470459222794,0.10771899670362473,0.1335470825433731
long_80f_stride40:4b02bb38-384a-438a-b5f9-6131d85c34b0__ep1:qa:7,4b02bb38-384a-438a-b5f9-6131d85c34b0__ep1,ep1,test,320,399,0.0,8.103477478027344,0.13246460258960724,0.27285829186439514,0.328535795211792
long_80f_stride40:4b02bb38-384a-438a-b5f9-6131d85c34b0__ep1:qa:8,4b02bb38-384a-438a-b5f9-6131d85c34b0__ep1,ep1,test,400,479,0.0,7.118232727050781,0.12541474401950836,0.2396833598613739,0.28624802827835083
long_80f_stride40:4b02bb38-384a-438a-b5f9-6131d85c34b0__ep1:qa:9,4b02bb38-384a-438a-b5f9-6131d85c34b0__ep1,ep1,test,440,519,0.0,6.703368663787842,0.12387943267822266,0.22571416199207306,0.26922255754470825
long_80f_stride40:4b02bb38-384a-438a-b5f9-6131d85c34b0__ep1:qa:10,4b02bb38-384a-438a-b5f9-6131d85c34b0__ep1,ep1,test,480,559,0.0,6.986217498779297,0.12415183335542679,0.235238179564476,0.2940748631954193
long_80f_stride40:4b02bb38-384a-438a-b5f9-6131d85c34b0__ep1:qa:11,4b02bb38-384a-438a-b5f9-6131d85c34b0__ep1,ep1,test,520,599,0.0,12.572015762329102,0.2096734195947647,0.42332178354263306,0.49766576290130615
long_80f_stride40:4b02bb38-384a-438a-b5f9-6131d85c34b0__ep1:qa:12,4b02bb38-384a-438a-b5f9-6131d85c34b0__ep1,ep1,test,560,639,0.0,9.506508827209473,0.1663035750389099,0.3201007843017578,0.37856608629226685
long_80f_stride40:4b02bb38-384a-438a-b5f9-6131d85c34b0__ep1:qa:13,4b02bb38-384a-438a-b5f9-6131d85c34b0__ep1,ep1,test,640,719,21.677753448486328,17.003671646118164,0.21802940964698792,0.3510010242462158,0.45198795199394226
long_80f_stride40:4b02bb38-384a-438a-b5f9-6131d85c34b0__ep1:qa:14,4b02bb38-384a-438a-b5f9-6131d85c34b0__ep1,ep1,test,680,759,20.635055541992188,20.09966278076172,0.16340257227420807,0.2395935356616974,0.2997533977031708
long_80f_stride40:4b02bb38-384a-438a-b5f9-6131d85c34b0__ep1:qa:15,4b02bb38-384a-438a-b5f9-6131d85c34b0__ep1,ep1,test,720,799,20.463335037231445,17.28523826599121,0.1294829249382019,0.23037086427211761,0.2752520442008972
long_80f_stride40:4b02bb38-384a-438a-b5f9-6131d85c34b0__ep1:qa:16,4b02bb38-384a-438a-b5f9-6131d85c34b0__ep1,ep1,test,760,839,20.891088485717773,16.24952507019043,0.30548036098480225,0.5056493282318115,0.6144938468933105
long_80f_stride40:4b02bb38-384a-438a-b5f9-6131d85c34b0__ep1:qa:17,4b02bb38-384a-438a-b5f9-6131d85c34b0__ep1,ep1,test,800,879,19.03056526184082,12.421059608459473,0.43267902731895447,0.5917493104934692,0.8503113389015198
long_80f_stride40:4b02bb38-384a-438a-b5f9-6131d85c34b0__ep1:qa:18,4b02bb38-384a-438a-b5f9-6131d85c34b0__ep1,ep1,test,840,919,0.0,9.178260803222656,0.17279480397701263,0.3090481162071228,0.4027807116508484
long_80f_stride40:4b02bb38-384a-438a-b5f9-6131d85c34b0__ep1:qa:19,4b02bb38-384a-438a-b5f9-6131d85c34b0__ep1,ep1,test,880,959,0.0,12.221997261047363,0.206300750374794,0.4115360677242279,0.48955345153808594
long_80f_stride40:4b02bb38-384a-438a-b5f9-6131d85c34b0__ep1:qa:20,4b02bb38-384a-438a-b5f9-6131d85c34b0__ep1,ep1,test,920,999,16.801420211791992,10.994536399841309,0.3666056990623474,0.4791944622993469,0.7112610936164856
long_80f_stride40:4b02bb38-384a-438a-b5f9-6131d85c34b0__ep1:qa:21,4b02bb38-384a-438a-b5f9-6131d85c34b0__ep1,ep1,test,1000,1079,19.31170654296875,15.865850448608398,0.19202221930027008,0.28445833921432495,0.38747212290763855
long_80f_stride40:4b02bb38-384a-438a-b5f9-6131d85c34b0__ep1:qa:22,4b02bb38-384a-438a-b5f9-6131d85c34b0__ep1,ep1,test,1040,1119,15.909823417663574,27.447290420532227,0.5225458741188049,0.7971743941307068,1.000939965248108
long_80f_stride40:4b02bb38-384a-438a-b5f9-6131d85c34b0__ep1:qa:23,4b02bb38-384a-438a-b5f9-6131d85c34b0__ep1,ep1,test,1080,1159,19.41162109375,12.242509841918945,0.27785536646842957,0.42611804604530334,0.5061981678009033
long_80f_stride40:4b02bb38-384a-438a-b5f9-6131d85c34b0__ep1:qa:24,4b02bb38-384a-438a-b5f9-6131d85c34b0__ep1,ep1,test,1120,1199,16.140220642089844,18.22216033935547,0.2334434539079666,0.3724137246608734,0.4594757556915283
long_80f_stride40:4b02bb38-384a-438a-b5f9-6131d85c34b0__ep1:qa:25,4b02bb38-384a-438a-b5f9-6131d85c34b0__ep1,ep1,test,1160,1239,16.168231964111328,16.210115432739258,0.16273771226406097,0.3073275685310364,0.3536733090877533
long_80f_stride40:4b02bb38-384a-438a-b5f9-6131d85c34b0__ep1:qa:26,4b02bb38-384a-438a-b5f9-6131d85c34b0__ep1,ep1,test,1200,1279,19.47789192199707,17.887304306030273,0.22852998971939087,0.3622363805770874,0.46954023838043213
long_80f_stride40:4b02bb38-384a-438a-b5f9-6131d85c34b0__ep1:qa:27,4b02bb38-384a-438a-b5f9-6131d85c34b0__ep1,ep1,test,1240,1319,19.065778732299805,16.444969177246094,0.17262862622737885,0.2644689381122589,0.3579154908657074
long_80f_stride40:4b02bb38-384a-438a-b5f9-6131d85c34b0__ep1:qa:28,4b02bb38-384a-438a-b5f9-6131d85c34b0__ep1,ep1,test,1280,1359,19.065778732299805,16.539945602416992,0.17947541177272797,0.27971893548965454,0.36871635913848877
long_80f_stride40:4b02bb38-384a-438a-b5f9-6131d85c34b0__ep1:qa:29,4b02bb38-384a-438a-b5f9-6131d85c34b0__ep1,ep1,test,1320,1399,19.02287483215332,14.418928146362305,0.18333092331886292,0.2672242522239685,0.3568587601184845
long_80f_stride40:4b02bb38-384a-438a-b5f9-6131d85c34b0__ep1:qa:30,4b02bb38-384a-438a-b5f9-6131d85c34b0__ep1,ep1,test,1400,1479,18.68156623840332,14.593339920043945,0.15355102717876434,0.3017738461494446,0.3856965899467468
long_80f_stride40:4b02bb38-384a-438a-b5f9-6131d85c34b0__ep1:qa:31,4b02bb38-384a-438a-b5f9-6131d85c34b0__ep1,ep1,test,1440,1519,19.450342178344727,12.304455757141113,0.2626131772994995,0.35844093561172485,0.4764585494995117
long_80f_stride40:4b02bb38-384a-438a-b5f9-6131d85c34b0__ep1:qa:32,4b02bb38-384a-438a-b5f9-6131d85c34b0__ep1,ep1,test,1480,1559,20.322765350341797,13.563948631286621,0.21067404747009277,0.30891504883766174,0.39420172572135925
long_80f_stride40:4b02bb38-384a-438a-b5f9-6131d85c34b0__ep1:qa:33,4b02bb38-384a-438a-b5f9-6131d85c34b0__ep1,ep1,test,1520,1599,17.784751892089844,13.907736778259277,0.24180319905281067,0.34849777817726135,0.48251083493232727
long_80f_stride40:4b02bb38-384a-438a-b5f9-6131d85c34b0__ep1:qa:34,4b02bb38-384a-438a-b5f9-6131d85c34b0__ep1,ep1,test,1560,1639,17.508634567260742,15.66320514678955,0.21971675753593445,0.34450387954711914,0.4539862275123596
long_80f_stride40:4b02bb38-384a-438a-b5f9-6131d85c34b0__ep1:qa:35,4b02bb38-384a-438a-b5f9-6131d85c34b0__ep1,ep1,test,1600,1679,19.021738052368164,14.868965148925781,0.17554016411304474,0.29302358627319336,0.36144912242889404
long_80f_stride40:4b02bb38-384a-438a-b5f9-6131d85c34b0__ep1:qa:36,4b02bb38-384a-438a-b5f9-6131d85c34b0__ep1,ep1,test,1640,1719,19.059524536132812,17.947187423706055,0.10741978883743286,0.17187486588954926,0.22876152396202087
long_80f_stride40:4b02bb38-384a-438a-b5f9-6131d85c34b0__ep1:qa:37,4b02bb38-384a-438a-b5f9-6131d85c34b0__ep1,ep1,test,1680,1759,18.980287551879883,15.348005294799805,0.1935807466506958,0.3134060502052307,0.39214232563972473
long_80f_stride40:4b02bb38-384a-438a-b5f9-6131d85c34b0__ep1:qa:38,4b02bb38-384a-438a-b5f9-6131d85c34b0__ep1,ep1,test,1720,1799,19.09919548034668,22.232423782348633,0.25729626417160034,0.3923795521259308,0.4834204316139221
long_80f_stride40:4b02bb38-384a-438a-b5f9-6131d85c34b0__ep1:qa:39,4b02bb38-384a-438a-b5f9-6131d85c34b0__ep1,ep1,test,1760,1839,19.388370513916016,11.086129188537598,0.20412474870681763,0.30112704634666443,0.37438449263572693
long_80f_stride40:4b02bb38-384a-438a-b5f9-6131d85c34b0__ep1:qa:40,4b02bb38-384a-438a-b5f9-6131d85c34b0__ep1,ep1,test,1800,1879,19.78274917602539,14.817314147949219,0.13026677072048187,0.20174100995063782,0.24812249839305878
long_80f_stride40:4b02bb38-384a-438a-b5f9-6131d85c34b0__ep1:qa:41,4b02bb38-384a-438a-b5f9-6131d85c34b0__ep1,ep1,test,1840,1919,19.93503189086914,10.081660270690918,0.2365461140871048,0.37734732031822205,0.4473084509372711
long_80f_stride40:4b02bb38-384a-438a-b5f9-6131d85c34b0__ep1:qa:42,4b02bb38-384a-438a-b5f9-6131d85c34b0__ep1,ep1,test,1880,1959,19.93503189086914,15.146729469299316,0.16946196556091309,0.2584322690963745,0.31143978238105774
long_80f_stride40:4b02bb38-384a-438a-b5f9-6131d85c34b0__ep1:qa:43,4b02bb38-384a-438a-b5f9-6131d85c34b0__ep1,ep1,test,1920,1999,19.856245040893555,10.236712455749512,0.23779545724391937,0.3659379482269287,0.43732333183288574
long_80f_stride40:4b02bb38-384a-438a-b5f9-6131d85c34b0__ep1:qa:44,4b02bb38-384a-438a-b5f9-6131d85c34b0__ep1,ep1,test,2000,2079,19.380897521972656,12.103532791137695,0.1994561403989792,0.293635755777359,0.3524434268474579
long_80f_stride40:4b02bb38-384a-438a-b5f9-6131d85c34b0__ep1:qa:45,4b02bb38-384a-438a-b5f9-6131d85c34b0__ep1,ep1,test,2040,2119,19.427349090576172,23.759672164916992,0.281307578086853,0.4232991635799408,0.511483371257782
long_80f_stride40:4b02bb38-384a-438a-b5f9-6131d85c34b0__ep1:qa:46,4b02bb38-384a-438a-b5f9-6131d85c34b0__ep1,ep1,test,2080,2159,19.466840744018555,20.588247299194336,0.07553072273731232,0.12050657719373703,0.14889460802078247
long_80f_stride40:4b02bb38-384a-438a-b5f9-6131d85c34b0__ep1:qa:47,4b02bb38-384a-438a-b5f9-6131d85c34b0__ep1,ep1,test,2120,2199,19.551815032958984,14.87354564666748,0.19697481393814087,0.3117992877960205,0.37591326236724854
long_80f_stride40:4b02bb38-384a-438a-b5f9-6131d85c34b0__ep1:qa:48,4b02bb38-384a-438a-b5f9-6131d85c34b0__ep1,ep1,test,2160,2239,19.650306701660156,14.21692943572998,0.1835232675075531,0.27013447880744934,0.33011654019355774
long_80f_stride40:4b02bb38-384a-438a-b5f9-6131d85c34b0__ep1:qa:49,4b02bb38-384a-438a-b5f9-6131d85c34b0__ep1,ep1,test,2200,2279,19.655981063842773,5.109094142913818,0.3232670724391937,0.51120924949646,0.5953915119171143
long_80f_stride40:4b02bb38-384a-438a-b5f9-6131d85c34b0__ep1:qa:50,4b02bb38-384a-438a-b5f9-6131d85c34b0__ep1,ep1,test,2240,2319,19.319379806518555,15.87679386138916,0.17375807464122772,0.26891571283340454,0.3447301983833313
long_80f_stride40:4b02bb38-384a-438a-b5f9-6131d85c34b0__ep1:qa:51,4b02bb38-384a-438a-b5f9-6131d85c34b0__ep1,ep1,test,2280,2359,19.82138442993164,14.008783340454102,0.23305578529834747,0.34002915024757385,0.4305545389652252
long_80f_stride40:4b02bb38-384a-438a-b5f9-6131d85c34b0__ep1:qa:52,4b02bb38-384a-438a-b5f9-6131d85c34b0__ep1,ep1,test,2320,2399,20.26103401184082,15.363958358764648,0.19607429206371307,0.2772459089756012,0.364183634519577
long_80f_stride40:4b02bb38-384a-438a-b5f9-6131d85c34b0__ep1:qa:53,4b02bb38-384a-438a-b5f9-6131d85c34b0__ep1,ep1,test,2360,2439,20.489280700683594,16.035799026489258,0.20679281651973724,0.31011828780174255,0.3970452845096588
long_80f_stride40:4b02bb38-384a-438a-b5f9-6131d85c34b0__ep1:qa:54,4b02bb38-384a-438a-b5f9-6131d85c34b0__ep1,ep1,test,2400,2479,21.049793243408203,12.952025413513184,0.39692428708076477,0.5604064464569092,0.7846735715866089
long_80f_stride40:4b02bb38-384a-438a-b5f9-6131d85c34b0__ep1:qa:55,4b02bb38-384a-438a-b5f9-6131d85c34b0__ep1,ep1,test,2440,2519,0.0,16.203746795654297,0.3199082612991333,0.5456085205078125,0.6375268697738647
long_80f_stride40:4b02bb38-384a-438a-b5f9-6131d85c34b0__ep1:qa:56,4b02bb38-384a-438a-b5f9-6131d85c34b0__ep1,ep1,test,2480,2559,0.0,13.943132400512695,0.26289311051368713,0.4694896936416626,0.5587922930717468
long_80f_stride40:4b02bb38-384a-438a-b5f9-6131d85c34b0__ep1:qa:57,4b02bb38-384a-438a-b5f9-6131d85c34b0__ep1,ep1,test,2520,2599,0.0,4.631944179534912,0.0905754417181015,0.1559656709432602,0.20942512154579163
long_80f_stride40:4b02bb38-384a-438a-b5f9-6131d85c34b0__ep1:qa:59,4b02bb38-384a-438a-b5f9-6131d85c34b0__ep1,ep1,test,2640,2719,19.87531089782715,7.216196537017822,0.3655749261379242,0.516812801361084,0.6769278645515442
long_80f_stride40:4b02bb38-384a-438a-b5f9-6131d85c34b0__ep1:qa:60,4b02bb38-384a-438a-b5f9-6131d85c34b0__ep1,ep1,test,2680,2759,18.873247146606445,15.202366828918457,0.23488932847976685,0.3444553017616272,0.4591338038444519
long_80f_stride40:4b02bb38-384a-438a-b5f9-6131d85c34b0__ep1:qa:61,4b02bb38-384a-438a-b5f9-6131d85c34b0__ep1,ep1,test,2720,2799,19.23126983642578,14.174922943115234,0.22922787070274353,0.36599746346473694,0.4326629638671875
long_80f_stride40:4b02bb38-384a-438a-b5f9-6131d85c34b0__ep1:qa:62,4b02bb38-384a-438a-b5f9-6131d85c34b0__ep1,ep1,test,2760,2839,19.20963478088379,13.147768020629883,0.2146402895450592,0.3306092321872711,0.4038078784942627
long_80f_stride40:4b02bb38-384a-438a-b5f9-6131d85c34b0__ep1:qa:63,4b02bb38-384a-438a-b5f9-6131d85c34b0__ep1,ep1,test,2800,2879,19.197004318237305,18.229713439941406,0.20866258442401886,0.37243178486824036,0.4578261077404022
long_80f_stride40:4b02bb38-384a-438a-b5f9-6131d85c34b0__ep1:qa:64,4b02bb38-384a-438a-b5f9-6131d85c34b0__ep1,ep1,test,2840,2919,20.62163543701172,14.365523338317871,0.294126033782959,0.4673682749271393,0.5846928358078003
long_80f_stride40:4b02bb38-384a-438a-b5f9-6131d85c34b0__ep1:qa:65,4b02bb38-384a-438a-b5f9-6131d85c34b0__ep1,ep1,test,2880,2959,20.62163543701172,15.989102363586426,0.2690349221229553,0.4277929961681366,0.5394352078437805
long_80f_stride40:4b02bb38-384a-438a-b5f9-6131d85c34b0__ep1:qa:66,4b02bb38-384a-438a-b5f9-6131d85c34b0__ep1,ep1,test,2920,2999,20.62163543701172,14.146367073059082,0.19584700465202332,0.3326749801635742,0.4298844039440155
long_80f_stride40:4b02bb38-384a-438a-b5f9-6131d85c34b0__ep1:qa:83,4b02bb38-384a-438a-b5f9-6131d85c34b0__ep1,ep1,test,3680,3759,19.623672485351562,12.871186256408691,0.3804555833339691,0.5372180938720703,0.7566307187080383
long_80f_stride40:4b02bb38-384a-438a-b5f9-6131d85c34b0__ep1:qa:84,4b02bb38-384a-438a-b5f9-6131d85c34b0__ep1,ep1,test,3720,3799,19.40981674194336,12.044492721557617,0.27754154801368713,0.41937944293022156,0.5196446776390076
long_80f_stride40:4b02bb38-384a-438a-b5f9-6131d85c34b0__ep1:qa:85,4b02bb38-384a-438a-b5f9-6131d85c34b0__ep1,ep1,test,3760,3839,19.095691680908203,11.125955581665039,0.2799263894557953,0.41321003437042236,0.5204294919967651
long_80f_stride40:4b02bb38-384a-438a-b5f9-6131d85c34b0__ep1:qa:86,4b02bb38-384a-438a-b5f9-6131d85c34b0__ep1,ep1,test,3800,3879,18.482881546020508,17.024234771728516,0.3900628685951233,0.5451236367225647,0.7564462423324585
long_80f_stride40:4b02bb38-384a-438a-b5f9-6131d85c34b0__ep1:qa:87,4b02bb38-384a-438a-b5f9-6131d85c34b0__ep1,ep1,test,3840,3919,0.0,15.229997634887695,0.3217223882675171,0.5128207206726074,0.5989902019500732
long_80f_stride40:4b02bb38-384a-438a-b5f9-6131d85c34b0__ep1:qa:88,4b02bb38-384a-438a-b5f9-6131d85c34b0__ep1,ep1,test,3880,3959,0.0,17.05297088623047,0.35483458638191223,0.5742034316062927,0.6780490875244141
long_80f_stride40:4b02bb38-384a-438a-b5f9-6131d85c34b0__ep1:qa:89,4b02bb38-384a-438a-b5f9-6131d85c34b0__ep1,ep1,test,3920,3999,0.0,12.21627426147461,0.2154914289712906,0.41134339570999146,0.4928494393825531
long_80f_stride40:4b02bb38-384a-438a-b5f9-6131d85c34b0__ep1:qa:90,4b02bb38-384a-438a-b5f9-6131d85c34b0__ep1,ep1,test,4000,4079,19.31308937072754,19.559595108032227,0.13004358112812042,0.18155276775360107,0.2416265606880188
long_80f_stride40:4b02bb38-384a-438a-b5f9-6131d85c34b0__ep1:qa:91,4b02bb38-384a-438a-b5f9-6131d85c34b0__ep1,ep1,test,4040,4119,17.5900936126709,18.909984588623047,0.4274740517139435,0.6317744255065918,0.8717994689941406
long_80f_stride40:4b02bb38-384a-438a-b5f9-6131d85c34b0__ep1:qa:92,4b02bb38-384a-438a-b5f9-6131d85c34b0__ep1,ep1,test,4080,4159,0.0,12.433506965637207,0.2326933890581131,0.41865795850753784,0.4935452342033386
long_80f_stride40:4b02bb38-384a-438a-b5f9-6131d85c34b0__ep1:qa:93,4b02bb38-384a-438a-b5f9-6131d85c34b0__ep1,ep1,test,4120,4199,0.0,10.010229110717773,0.21910478174686432,0.33706197142601013,0.4282456636428833
long_80f_stride40:4b02bb38-384a-438a-b5f9-6131d85c34b0__ep1:qa:94,4b02bb38-384a-438a-b5f9-6131d85c34b0__ep1,ep1,test,4160,4239,0.0,3.9432716369628906,0.07575812190771103,0.1327768713235855,0.15922561287879944
long_80f_stride40:4b02bb38-384a-438a-b5f9-6131d85c34b0__ep1:qa:95,4b02bb38-384a-438a-b5f9-6131d85c34b0__ep1,ep1,test,4200,4279,0.0,12.842053413391113,0.23800663650035858,0.4324144423007965,0.5702860355377197
long_80f_stride40:4b02bb38-384a-438a-b5f9-6131d85c34b0__ep1:qa:96,4b02bb38-384a-438a-b5f9-6131d85c34b0__ep1,ep1,test,4240,4319,0.0,5.798764705657959,0.10438842326402664,0.19525456428527832,0.24262019991874695
long_80f_stride40:4b02bb38-384a-438a-b5f9-6131d85c34b0__ep1:qa:97,4b02bb38-384a-438a-b5f9-6131d85c34b0__ep1,ep1,test,4280,4359,0.0,9.082469940185547,0.16724717617034912,0.3058226704597473,0.36187732219696045
long_80f_stride40:4b02bb38-384a-438a-b5f9-6131d85c34b0__ep1:qa:98,4b02bb38-384a-438a-b5f9-6131d85c34b0__ep1,ep1,test,4320,4399,16.85719871520996,9.278751373291016,0.38755032420158386,0.5458236932754517,0.7836737036705017
long_80f_stride40:4b02bb38-384a-438a-b5f9-6131d85c34b0__ep1:qa:99,4b02bb38-384a-438a-b5f9-6131d85c34b0__ep1,ep1,test,4400,4479,19.02403450012207,15.149660110473633,0.19724330306053162,0.2938443124294281,0.3796602487564087
long_80f_stride40:4b02bb38-384a-438a-b5f9-6131d85c34b0__ep1:qa:100,4b02bb38-384a-438a-b5f9-6131d85c34b0__ep1,ep1,test,4440,4519,19.194849014282227,14.597488403320312,0.24944521486759186,0.3542567491531372,0.4741864800453186
long_80f_stride40:4b02bb38-384a-438a-b5f9-6131d85c34b0__ep1:qa:101,4b02bb38-384a-438a-b5f9-6131d85c34b0__ep1,ep1,test,4480,4559,17.03767967224121,14.157554626464844,0.2751302421092987,0.3682134449481964,0.5232956409454346
long_80f_stride40:4b02bb38-384a-438a-b5f9-6131d85c34b0__ep1:qa:102,4b02bb38-384a-438a-b5f9-6131d85c34b0__ep1,ep1,test,4520,4599,18.835744857788086,17.06876564025879,0.1856386661529541,0.2940824627876282,0.3891431391239166
long_80f_stride40:4b02bb38-384a-438a-b5f9-6131d85c34b0__ep1:qa:103,4b02bb38-384a-438a-b5f9-6131d85c34b0__ep1,ep1,test,4560,4639,18.706832885742188,11.04784107208252,0.2568381726741791,0.38816067576408386,0.48046553134918213
long_80f_stride40:4b02bb38-384a-438a-b5f9-6131d85c34b0__ep1:qa:104,4b02bb38-384a-438a-b5f9-6131d85c34b0__ep1,ep1,test,4600,4679,19.98149299621582,15.649806022644043,0.3416634798049927,0.4848925769329071,0.6409476399421692
long_80f_stride40:4b02bb38-384a-438a-b5f9-6131d85c34b0__ep1:qa:105,4b02bb38-384a-438a-b5f9-6131d85c34b0__ep1,ep1,test,4640,4719,20.013568878173828,16.6239070892334,0.2105388343334198,0.33582189679145813,0.41160640120506287
long_80f_stride40:4b02bb38-384a-438a-b5f9-6131d85c34b0__ep1:qa:106,4b02bb38-384a-438a-b5f9-6131d85c34b0__ep1,ep1,test,4680,4759,19.78059196472168,15.583645820617676,0.22548043727874756,0.35168999433517456,0.4253571927547455
long_80f_stride40:4b02bb38-384a-438a-b5f9-6131d85c34b0__ep1:qa:107,4b02bb38-384a-438a-b5f9-6131d85c34b0__ep1,ep1,test,4720,4799,19.82719612121582,15.329551696777344,0.24184364080429077,0.3648916184902191,0.4569149315357208
long_80f_stride40:4b02bb38-384a-438a-b5f9-6131d85c34b0__ep1:qa:108,4b02bb38-384a-438a-b5f9-6131d85c34b0__ep1,ep1,test,4760,4839,19.758384704589844,14.52100944519043,0.23937365412712097,0.3595656752586365,0.44117414951324463
long_80f_stride40:4b02bb38-384a-438a-b5f9-6131d85c34b0__ep1:qa:109,4b02bb38-384a-438a-b5f9-6131d85c34b0__ep1,ep1,test,4800,4879,19.67427635192871,11.113051414489746,0.3257783055305481,0.4721912443637848,0.5922765731811523
long_80f_stride40:5399ef86-4df9-49bc-809f-8f4f92f9e659__ep6:qa:0,5399ef86-4df9-49bc-809f-8f4f92f9e659__ep6,ep6,test,0,79,10.646607398986816,10.233210563659668,0.09459622204303741,0.14238736033439636,0.17770972847938538
long_80f_stride40:5399ef86-4df9-49bc-809f-8f4f92f9e659__ep6:qa:1,5399ef86-4df9-49bc-809f-8f4f92f9e659__ep6,ep6,test,40,119,9.9339017868042,11.030816078186035,0.1136552095413208,0.1632826328277588,0.21670128405094147
long_80f_stride40:5399ef86-4df9-49bc-809f-8f4f92f9e659__ep6:qa:2,5399ef86-4df9-49bc-809f-8f4f92f9e659__ep6,ep6,test,80,159,11.373825073242188,10.463398933410645,0.1012437641620636,0.14679346978664398,0.19784945249557495
long_80f_stride40:5399ef86-4df9-49bc-809f-8f4f92f9e659__ep6:qa:3,5399ef86-4df9-49bc-809f-8f4f92f9e659__ep6,ep6,test,160,239,14.269476890563965,11.11819839477539,0.13112804293632507,0.19782130420207977,0.2541865110397339
long_80f_stride40:5399ef86-4df9-49bc-809f-8f4f92f9e659__ep6:qa:4,5399ef86-4df9-49bc-809f-8f4f92f9e659__ep6,ep6,test,200,279,13.582427024841309,7.772125720977783,0.19441385567188263,0.27014121413230896,0.35687917470932007
long_80f_stride40:5399ef86-4df9-49bc-809f-8f4f92f9e659__ep6:qa:5,5399ef86-4df9-49bc-809f-8f4f92f9e659__ep6,ep6,test,240,319,13.779165267944336,11.621228218078613,0.14222395420074463,0.2029678225517273,0.2720222473144531
long_80f_stride40:5399ef86-4df9-49bc-809f-8f4f92f9e659__ep6:qa:6,5399ef86-4df9-49bc-809f-8f4f92f9e659__ep6,ep6,test,280,359,13.779165267944336,8.011374473571777,0.24099984765052795,0.3195229470729828,0.4424542784690857
long_80f_stride40:5399ef86-4df9-49bc-809f-8f4f92f9e659__ep6:qa:7,5399ef86-4df9-49bc-809f-8f4f92f9e659__ep6,ep6,test,320,399,12.559027671813965,6.703156471252441,0.20632751286029816,0.28673338890075684,0.37465500831604004
long_80f_stride40:5399ef86-4df9-49bc-809f-8f4f92f9e659__ep6:qa:8,5399ef86-4df9-49bc-809f-8f4f92f9e659__ep6,ep6,test,400,479,12.021890640258789,12.428055763244629,0.2037617564201355,0.27444973587989807,0.3950268626213074
long_80f_stride40:5399ef86-4df9-49bc-809f-8f4f92f9e659__ep6:qa:9,5399ef86-4df9-49bc-809f-8f4f92f9e659__ep6,ep6,test,440,519,11.969943046569824,10.901823997497559,0.1378326714038849,0.2079085111618042,0.2543210983276367
long_80f_stride40:5399ef86-4df9-49bc-809f-8f4f92f9e659__ep6:qa:10,5399ef86-4df9-49bc-809f-8f4f92f9e659__ep6,ep6,test,480,559,11.842813491821289,10.296367645263672,0.1308484971523285,0.2021668255329132,0.24341198801994324
long_80f_stride40:5399ef86-4df9-49bc-809f-8f4f92f9e659__ep6:qa:11,5399ef86-4df9-49bc-809f-8f4f92f9e659__ep6,ep6,test,520,599,10.623903274536133,11.579898834228516,0.157593235373497,0.2189110964536667,0.29184889793395996
long_80f_stride40:5399ef86-4df9-49bc-809f-8f4f92f9e659__ep6:qa:12,5399ef86-4df9-49bc-809f-8f4f92f9e659__ep6,ep6,test,560,639,10.610408782958984,11.314179420471191,0.1470009982585907,0.21353910863399506,0.29320594668388367
long_80f_stride40:5399ef86-4df9-49bc-809f-8f4f92f9e659__ep6:qa:13,5399ef86-4df9-49bc-809f-8f4f92f9e659__ep6,ep6,test,600,679,9.83377742767334,11.06098747253418,0.11900191009044647,0.17133735120296478,0.2456560730934143
long_80f_stride40:5399ef86-4df9-49bc-809f-8f4f92f9e659__ep6:qa:14,5399ef86-4df9-49bc-809f-8f4f92f9e659__ep6,ep6,test,640,719,9.531607627868652,11.621260643005371,0.1042431890964508,0.1725640594959259,0.22470207512378693
long_80f_stride40:5399ef86-4df9-49bc-809f-8f4f92f9e659__ep6:qa:15,5399ef86-4df9-49bc-809f-8f4f92f9e659__ep6,ep6,test,680,759,9.848809242248535,10.858746528625488,0.10121897608041763,0.15556703507900238,0.20457105338573456
long_80f_stride40:5399ef86-4df9-49bc-809f-8f4f92f9e659__ep6:qa:16,5399ef86-4df9-49bc-809f-8f4f92f9e659__ep6,ep6,test,720,799,9.620757102966309,10.69318962097168,0.08946305513381958,0.1429521143436432,0.18347209692001343
long_80f_stride40:5399ef86-4df9-49bc-809f-8f4f92f9e659__ep6:qa:17,5399ef86-4df9-49bc-809f-8f4f92f9e659__ep6,ep6,test,760,839,9.331643104553223,10.99512767791748,0.089867502450943,0.13259409368038177,0.18496781587600708
long_80f_stride40:5399ef86-4df9-49bc-809f-8f4f92f9e659__ep6:qa:18,5399ef86-4df9-49bc-809f-8f4f92f9e659__ep6,ep6,test,800,879,10.305952072143555,11.440751075744629,0.08629773557186127,0.1265385001897812,0.17929741740226746
long_80f_stride40:5399ef86-4df9-49bc-809f-8f4f92f9e659__ep6:qa:19,5399ef86-4df9-49bc-809f-8f4f92f9e659__ep6,ep6,test,840,919,11.582715034484863,11.986048698425293,0.08261966705322266,0.1250292807817459,0.15913674235343933
long_80f_stride40:5399ef86-4df9-49bc-809f-8f4f92f9e659__ep6:qa:20,5399ef86-4df9-49bc-809f-8f4f92f9e659__ep6,ep6,test,880,959,11.582715034484863,11.434643745422363,0.08334653079509735,0.12205782532691956,0.16120441257953644
long_80f_stride40:5399ef86-4df9-49bc-809f-8f4f92f9e659__ep6:qa:21,5399ef86-4df9-49bc-809f-8f4f92f9e659__ep6,ep6,test,920,999,13.426351547241211,10.939413070678711,0.09466669708490372,0.14085043966770172,0.18098174035549164
long_80f_stride40:5399ef86-4df9-49bc-809f-8f4f92f9e659__ep6:qa:22,5399ef86-4df9-49bc-809f-8f4f92f9e659__ep6,ep6,test,1000,1079,12.998799324035645,10.919100761413574,0.06663413345813751,0.10541447252035141,0.12659235298633575
long_80f_stride40:5399ef86-4df9-49bc-809f-8f4f92f9e659__ep6:qa:23,5399ef86-4df9-49bc-809f-8f4f92f9e659__ep6,ep6,test,1040,1119,13.39065933227539,10.375481605529785,0.19598659873008728,0.32985928654670715,0.40195968747138977
long_80f_stride40:5399ef86-4df9-49bc-809f-8f4f92f9e659__ep6:qa:24,5399ef86-4df9-49bc-809f-8f4f92f9e659__ep6,ep6,test,1080,1159,12.512426376342773,9.454442977905273,0.229319766163826,0.35651928186416626,0.4796408712863922
long_80f_stride40:5399ef86-4df9-49bc-809f-8f4f92f9e659__ep6:qa:25,5399ef86-4df9-49bc-809f-8f4f92f9e659__ep6,ep6,test,1120,1199,12.561460494995117,6.634248733520508,0.1336541771888733,0.20849446952342987,0.28405722975730896
long_80f_stride40:5399ef86-4df9-49bc-809f-8f4f92f9e659__ep6:qa:26,5399ef86-4df9-49bc-809f-8f4f92f9e659__ep6,ep6,test,1160,1239,12.57667064666748,12.353874206542969,0.05889473110437393,0.0855351909995079,0.1225009560585022
long_80f_stride40:5399ef86-4df9-49bc-809f-8f4f92f9e659__ep6:qa:27,5399ef86-4df9-49bc-809f-8f4f92f9e659__ep6,ep6,test,1200,1279,12.39318561553955,9.767212867736816,0.11655662208795547,0.17818331718444824,0.2492862045764923
long_80f_stride40:5399ef86-4df9-49bc-809f-8f4f92f9e659__ep6:qa:28,5399ef86-4df9-49bc-809f-8f4f92f9e659__ep6,ep6,test,1240,1319,11.08390998840332,6.769153594970703,0.15887872874736786,0.2257174700498581,0.33222541213035583
long_80f_stride40:5399ef86-4df9-49bc-809f-8f4f92f9e659__ep6:qa:29,5399ef86-4df9-49bc-809f-8f4f92f9e659__ep6,ep6,test,1280,1359,11.025595664978027,8.663686752319336,0.11733274906873703,0.19035130739212036,0.25400108098983765
long_80f_stride40:5399ef86-4df9-49bc-809f-8f4f92f9e659__ep6:qa:30,5399ef86-4df9-49bc-809f-8f4f92f9e659__ep6,ep6,test,1320,1399,12.082213401794434,10.221844673156738,0.07985197752714157,0.12147844582796097,0.1532488912343979
long_80f_stride40:5399ef86-4df9-49bc-809f-8f4f92f9e659__ep6:qa:31,5399ef86-4df9-49bc-809f-8f4f92f9e659__ep6,ep6,test,1360,1439,10.666481018066406,12.183111190795898,0.12677013874053955,0.23999792337417603,0.2772824466228485
long_80f_stride40:5399ef86-4df9-49bc-809f-8f4f92f9e659__ep6:qa:32,5399ef86-4df9-49bc-809f-8f4f92f9e659__ep6,ep6,test,1400,1479,11.031355857849121,11.55764389038086,0.11848624795675278,0.21681229770183563,0.26011982560157776
long_80f_stride40:5399ef86-4df9-49bc-809f-8f4f92f9e659__ep6:qa:33,5399ef86-4df9-49bc-809f-8f4f92f9e659__ep6,ep6,test,1440,1519,11.395631790161133,7.473494052886963,0.08647439628839493,0.14580456912517548,0.18396694958209991
long_80f_stride40:5399ef86-4df9-49bc-809f-8f4f92f9e659__ep6:qa:34,5399ef86-4df9-49bc-809f-8f4f92f9e659__ep6,ep6,test,1480,1559,12.015884399414062,10.042695045471191,0.10222996026277542,0.14179262518882751,0.18921640515327454
long_80f_stride40:5399ef86-4df9-49bc-809f-8f4f92f9e659__ep6:qa:35,5399ef86-4df9-49bc-809f-8f4f92f9e659__ep6,ep6,test,1520,1599,10.751255989074707,10.37847900390625,0.15375451743602753,0.2155987173318863,0.29616785049438477
long_80f_stride40:5399ef86-4df9-49bc-809f-8f4f92f9e659__ep6:qa:36,5399ef86-4df9-49bc-809f-8f4f92f9e659__ep6,ep6,test,1560,1639,10.32544994354248,7.545995235443115,0.06907299906015396,0.12486738711595535,0.15638209879398346
long_80f_stride40:5399ef86-4df9-49bc-809f-8f4f92f9e659__ep6:qa:37,5399ef86-4df9-49bc-809f-8f4f92f9e659__ep6,ep6,test,1600,1679,10.32544994354248,8.997834205627441,0.049083270132541656,0.07979185879230499,0.10351339727640152
long_80f_stride40:5399ef86-4df9-49bc-809f-8f4f92f9e659__ep6:qa:38,5399ef86-4df9-49bc-809f-8f4f92f9e659__ep6,ep6,test,1640,1719,10.32544994354248,11.045727729797363,0.05220553278923035,0.08598995208740234,0.10674070566892624
long_80f_stride40:5399ef86-4df9-49bc-809f-8f4f92f9e659__ep6:qa:41,5399ef86-4df9-49bc-809f-8f4f92f9e659__ep6,ep6,test,1800,1879,13.602021217346191,6.85861873626709,0.17282463610172272,0.28789445757865906,0.3726813495159149
long_80f_stride40:5399ef86-4df9-49bc-809f-8f4f92f9e659__ep6:qa:42,5399ef86-4df9-49bc-809f-8f4f92f9e659__ep6,ep6,test,1840,1919,13.780903816223145,8.893917083740234,0.10085919499397278,0.19420574605464935,0.22052450478076935
long_80f_stride40:5399ef86-4df9-49bc-809f-8f4f92f9e659__ep6:qa:43,5399ef86-4df9-49bc-809f-8f4f92f9e659__ep6,ep6,test,1880,1959,14.847799301147461,12.744662284851074,0.1540948748588562,0.20474110543727875,0.3008171021938324
long_80f_stride40:5399ef86-4df9-49bc-809f-8f4f92f9e659__ep6:qa:44,5399ef86-4df9-49bc-809f-8f4f92f9e659__ep6,ep6,test,1920,1999,13.73269271850586,11.228279113769531,0.09174811094999313,0.15895569324493408,0.18447549641132355
long_80f_stride40:5399ef86-4df9-49bc-809f-8f4f92f9e659__ep6:qa:45,5399ef86-4df9-49bc-809f-8f4f92f9e659__ep6,ep6,test,2000,2079,13.6981840133667,9.407333374023438,0.13138225674629211,0.20635919272899628,0.24342545866966248
long_80f_stride40:5399ef86-4df9-49bc-809f-8f4f92f9e659__ep6:qa:46,5399ef86-4df9-49bc-809f-8f4f92f9e659__ep6,ep6,test,2040,2119,12.813557624816895,10.43980884552002,0.1048838272690773,0.1791156679391861,0.21922162175178528
long_80f_stride40:5399ef86-4df9-49bc-809f-8f4f92f9e659__ep6:qa:47,5399ef86-4df9-49bc-809f-8f4f92f9e659__ep6,ep6,test,2080,2159,10.74885368347168,9.487798690795898,0.21069711446762085,0.3524424433708191,0.47711649537086487
long_80f_stride40:5399ef86-4df9-49bc-809f-8f4f92f9e659__ep6:qa:48,5399ef86-4df9-49bc-809f-8f4f92f9e659__ep6,ep6,test,2120,2199,10.166031837463379,6.366127967834473,0.12399730831384659,0.1854359209537506,0.2598143517971039
long_80f_stride40:5399ef86-4df9-49bc-809f-8f4f92f9e659__ep6:qa:49,5399ef86-4df9-49bc-809f-8f4f92f9e659__ep6,ep6,test,2160,2239,10.31773853302002,11.03894329071045,0.09084631502628326,0.1259630024433136,0.17174002528190613
long_80f_stride40:5399ef86-4df9-49bc-809f-8f4f92f9e659__ep6:qa:50,5399ef86-4df9-49bc-809f-8f4f92f9e659__ep6,ep6,test,2200,2279,10.481256484985352,12.202031135559082,0.08537885546684265,0.12897558510303497,0.1619790494441986
long_80f_stride40:5399ef86-4df9-49bc-809f-8f4f92f9e659__ep6:qa:51,5399ef86-4df9-49bc-809f-8f4f92f9e659__ep6,ep6,test,2240,2319,10.477640151977539,7.944417953491211,0.08815523982048035,0.13208182156085968,0.17800743877887726
long_80f_stride40:5399ef86-4df9-49bc-809f-8f4f92f9e659__ep6:qa:52,5399ef86-4df9-49bc-809f-8f4f92f9e659__ep6,ep6,test,2280,2359,10.477640151977539,7.562231540679932,0.08693989366292953,0.1330370306968689,0.16617608070373535
long_80f_stride40:5399ef86-4df9-49bc-809f-8f4f92f9e659__ep6:qa:53,5399ef86-4df9-49bc-809f-8f4f92f9e659__ep6,ep6,test,2320,2399,11.067033767700195,4.829506874084473,0.11865448206663132,0.22910629212856293,0.29215043783187866
long_80f_stride40:5399ef86-4df9-49bc-809f-8f4f92f9e659__ep6:qa:54,5399ef86-4df9-49bc-809f-8f4f92f9e659__ep6,ep6,test,2400,2479,10.364611625671387,12.254343032836914,0.07199159264564514,0.10476425290107727,0.13544513285160065
long_80f_stride40:5399ef86-4df9-49bc-809f-8f4f92f9e659__ep6:qa:55,5399ef86-4df9-49bc-809f-8f4f92f9e659__ep6,ep6,test,2440,2519,10.335229873657227,8.645828247070312,0.1429475098848343,0.2146005481481552,0.2883594334125519
long_80f_stride40:5399ef86-4df9-49bc-809f-8f4f92f9e659__ep6:qa:56,5399ef86-4df9-49bc-809f-8f4f92f9e659__ep6,ep6,test,2480,2559,9.741365432739258,9.361838340759277,0.11999833583831787,0.17287541925907135,0.2536396384239197
long_80f_stride40:5399ef86-4df9-49bc-809f-8f4f92f9e659__ep6:qa:57,5399ef86-4df9-49bc-809f-8f4f92f9e659__ep6,ep6,test,2520,2599,11.264307975769043,9.0986967086792,0.08755974471569061,0.1279965192079544,0.17392697930335999
long_80f_stride40:5399ef86-4df9-49bc-809f-8f4f92f9e659__ep6:qa:58,5399ef86-4df9-49bc-809f-8f4f92f9e659__ep6,ep6,test,2560,2639,11.264307975769043,2.4976961612701416,0.1762079894542694,0.3315880000591278,0.43184077739715576
long_80f_stride40:5399ef86-4df9-49bc-809f-8f4f92f9e659__ep6:qa:59,5399ef86-4df9-49bc-809f-8f4f92f9e659__ep6,ep6,test,2600,2679,12.07336139678955,3.2366461753845215,0.1854039430618286,0.32629135251045227,0.42882487177848816
long_80f_stride40:5399ef86-4df9-49bc-809f-8f4f92f9e659__ep6:qa:60,5399ef86-4df9-49bc-809f-8f4f92f9e659__ep6,ep6,test,2680,2759,10.154889106750488,10.154274940490723,0.1287589967250824,0.19197458028793335,0.2806891202926636
long_80f_stride40:5399ef86-4df9-49bc-809f-8f4f92f9e659__ep6:qa:61,5399ef86-4df9-49bc-809f-8f4f92f9e659__ep6,ep6,test,2720,2799,10.129722595214844,11.633718490600586,0.05553150922060013,0.0864158421754837,0.10938945412635803
long_80f_stride40:5399ef86-4df9-49bc-809f-8f4f92f9e659__ep6:qa:62,5399ef86-4df9-49bc-809f-8f4f92f9e659__ep6,ep6,test,2800,2879,11.751649856567383,3.882452964782715,0.1621669977903366,0.2783879041671753,0.3748443126678467
long_80f_stride40:5399ef86-4df9-49bc-809f-8f4f92f9e659__ep6:qa:63,5399ef86-4df9-49bc-809f-8f4f92f9e659__ep6,ep6,test,2880,2959,10.007973670959473,10.633288383483887,0.056303028017282486,0.08243437856435776,0.10968867689371109
long_80f_stride40:5399ef86-4df9-49bc-809f-8f4f92f9e659__ep6:qa:64,5399ef86-4df9-49bc-809f-8f4f92f9e659__ep6,ep6,test,2920,2999,10.07382869720459,6.151524543762207,0.07146699726581573,0.14841173589229584,0.1760057806968689
long_80f_stride40:5399ef86-4df9-49bc-809f-8f4f92f9e659__ep6:qa:65,5399ef86-4df9-49bc-809f-8f4f92f9e659__ep6,ep6,test,3000,3079,11.568758964538574,6.525516510009766,0.11145267635583878,0.18861383199691772,0.24334801733493805
long_80f_stride40:5399ef86-4df9-49bc-809f-8f4f92f9e659__ep6:qa:66,5399ef86-4df9-49bc-809f-8f4f92f9e659__ep6,ep6,test,3080,3159,10.150253295898438,10.779359817504883,0.08283451944589615,0.11692435294389725,0.17191442847251892
long_80f_stride40:5399ef86-4df9-49bc-809f-8f4f92f9e659__ep6:qa:67,5399ef86-4df9-49bc-809f-8f4f92f9e659__ep6,ep6,test,3120,3199,10.194212913513184,7.008732795715332,0.11542879790067673,0.1931019127368927,0.25982657074928284
long_80f_stride40:5399ef86-4df9-49bc-809f-8f4f92f9e659__ep6:qa:68,5399ef86-4df9-49bc-809f-8f4f92f9e659__ep6,ep6,test,3200,3279,11.044525146484375,10.813434600830078,0.1275051087141037,0.22807182371616364,0.2809765636920929
long_80f_stride40:5399ef86-4df9-49bc-809f-8f4f92f9e659__ep6:qa:69,5399ef86-4df9-49bc-809f-8f4f92f9e659__ep6,ep6,test,3240,3319,12.97896671295166,5.672677993774414,0.1526736170053482,0.2538835108280182,0.2992812693119049
long_80f_stride40:5399ef86-4df9-49bc-809f-8f4f92f9e659__ep6:qa:70,5399ef86-4df9-49bc-809f-8f4f92f9e659__ep6,ep6,test,3280,3359,11.995789527893066,10.269598960876465,0.07086832821369171,0.11227917671203613,0.15056562423706055
long_80f_stride40:5399ef86-4df9-49bc-809f-8f4f92f9e659__ep6:qa:71,5399ef86-4df9-49bc-809f-8f4f92f9e659__ep6,ep6,test,3320,3399,11.06371784210205,11.0072603225708,0.07167849689722061,0.10681354254484177,0.13737402856349945
long_80f_stride40:5399ef86-4df9-49bc-809f-8f4f92f9e659__ep6:qa:72,5399ef86-4df9-49bc-809f-8f4f92f9e659__ep6,ep6,test,3360,3439,10.1856050491333,2.820068836212158,0.1266399323940277,0.2502534091472626,0.29201099276542664
long_80f_stride40:5399ef86-4df9-49bc-809f-8f4f92f9e659__ep6:qa:73,5399ef86-4df9-49bc-809f-8f4f92f9e659__ep6,ep6,test,3400,3479,10.407563209533691,11.50831127166748,0.0634969025850296,0.10601167380809784,0.1297687143087387
long_80f_stride40:5399ef86-4df9-49bc-809f-8f4f92f9e659__ep6:qa:74,5399ef86-4df9-49bc-809f-8f4f92f9e659__ep6,ep6,test,3440,3519,10.407563209533691,12.249359130859375,0.06466014683246613,0.1047348603606224,0.11714372038841248
long_80f_stride40:5399ef86-4df9-49bc-809f-8f4f92f9e659__ep6:qa:75,5399ef86-4df9-49bc-809f-8f4f92f9e659__ep6,ep6,test,3480,3559,10.402151107788086,10.219141006469727,0.05762379616498947,0.09361317753791809,0.12557318806648254
long_80f_stride40:5399ef86-4df9-49bc-809f-8f4f92f9e659__ep6:qa:76,5399ef86-4df9-49bc-809f-8f4f92f9e659__ep6,ep6,test,3560,3639,10.218316078186035,8.887718200683594,0.05041433870792389,0.08277392387390137,0.10484343767166138
long_80f_stride40:5399ef86-4df9-49bc-809f-8f4f92f9e659__ep6:qa:77,5399ef86-4df9-49bc-809f-8f4f92f9e659__ep6,ep6,test,3600,3679,11.44959545135498,7.5243940353393555,0.09262040257453918,0.1439782828092575,0.18997153639793396
long_80f_stride40:5399ef86-4df9-49bc-809f-8f4f92f9e659__ep6:qa:78,5399ef86-4df9-49bc-809f-8f4f92f9e659__ep6,ep6,test,3640,3719,11.78870677947998,6.873888969421387,0.13203969597816467,0.18909840285778046,0.2479139119386673
long_80f_stride40:5399ef86-4df9-49bc-809f-8f4f92f9e659__ep6:qa:79,5399ef86-4df9-49bc-809f-8f4f92f9e659__ep6,ep6,test,3680,3759,11.78870677947998,5.866110801696777,0.12544065713882446,0.21280735731124878,0.2782231569290161
long_80f_stride40:5399ef86-4df9-49bc-809f-8f4f92f9e659__ep6:qa:80,5399ef86-4df9-49bc-809f-8f4f92f9e659__ep6,ep6,test,3720,3799,12.563969612121582,4.732336521148682,0.21068426966667175,0.33384567499160767,0.4330281913280487
long_80f_stride40:5399ef86-4df9-49bc-809f-8f4f92f9e659__ep6:qa:81,5399ef86-4df9-49bc-809f-8f4f92f9e659__ep6,ep6,test,3800,3879,10.569664001464844,11.206823348999023,0.13369929790496826,0.2336479276418686,0.27660754323005676
long_80f_stride40:5399ef86-4df9-49bc-809f-8f4f92f9e659__ep6:qa:82,5399ef86-4df9-49bc-809f-8f4f92f9e659__ep6,ep6,test,3840,3919,11.573783874511719,11.232275009155273,0.08173500001430511,0.1269899308681488,0.16355569660663605
long_80f_stride40:5399ef86-4df9-49bc-809f-8f4f92f9e659__ep6:qa:83,5399ef86-4df9-49bc-809f-8f4f92f9e659__ep6,ep6,test,3880,3959,12.008376121520996,10.460968971252441,0.10767390578985214,0.1495010405778885,0.203872412443161
long_80f_stride40:5399ef86-4df9-49bc-809f-8f4f92f9e659__ep6:qa:84,5399ef86-4df9-49bc-809f-8f4f92f9e659__ep6,ep6,test,3920,3999,12.36806869506836,10.643310546875,0.06666962802410126,0.1071130633354187,0.1390657275915146
long_80f_stride40:5399ef86-4df9-49bc-809f-8f4f92f9e659__ep6:qa:85,5399ef86-4df9-49bc-809f-8f4f92f9e659__ep6,ep6,test,3960,4039,11.698365211486816,10.764725685119629,0.09716913104057312,0.14062853157520294,0.1835629940032959
long_80f_stride40:5399ef86-4df9-49bc-809f-8f4f92f9e659__ep6:qa:86,5399ef86-4df9-49bc-809f-8f4f92f9e659__ep6,ep6,test,4000,4079,10.044110298156738,4.1562676429748535,0.11844117939472198,0.22068019211292267,0.27895668148994446
long_80f_stride40:5399ef86-4df9-49bc-809f-8f4f92f9e659__ep6:qa:87,5399ef86-4df9-49bc-809f-8f4f92f9e659__ep6,ep6,test,4040,4119,11.086326599121094,6.872416019439697,0.12492333352565765,0.1922590434551239,0.24572187662124634
long_80f_stride40:5399ef86-4df9-49bc-809f-8f4f92f9e659__ep6:qa:88,5399ef86-4df9-49bc-809f-8f4f92f9e659__ep6,ep6,test,4080,4159,11.465511322021484,7.76213264465332,0.11294638365507126,0.1634000837802887,0.2142050862312317
long_80f_stride40:5399ef86-4df9-49bc-809f-8f4f92f9e659__ep6:qa:89,5399ef86-4df9-49bc-809f-8f4f92f9e659__ep6,ep6,test,4120,4199,12.007109642028809,6.520780563354492,0.12634563446044922,0.20430424809455872,0.26919907331466675
long_80f_stride40:5399ef86-4df9-49bc-809f-8f4f92f9e659__ep6:qa:90,5399ef86-4df9-49bc-809f-8f4f92f9e659__ep6,ep6,test,4160,4239,11.711390495300293,6.587611675262451,0.10384006798267365,0.18142718076705933,0.2303466498851776
long_80f_stride40:5399ef86-4df9-49bc-809f-8f4f92f9e659__ep6:qa:91,5399ef86-4df9-49bc-809f-8f4f92f9e659__ep6,ep6,test,4200,4279,11.692211151123047,7.718209743499756,0.08433804661035538,0.14296263456344604,0.17979343235492706
long_80f_stride40:5399ef86-4df9-49bc-809f-8f4f92f9e659__ep6:qa:92,5399ef86-4df9-49bc-809f-8f4f92f9e659__ep6,ep6,test,4240,4319,11.752667427062988,9.51750659942627,0.07005155086517334,0.10916265100240707,0.13415682315826416
long_80f_stride40:5399ef86-4df9-49bc-809f-8f4f92f9e659__ep6:qa:93,5399ef86-4df9-49bc-809f-8f4f92f9e659__ep6,ep6,test,4280,4359,11.8533353805542,6.21978759765625,0.13210737705230713,0.20775677263736725,0.2733961343765259
long_80f_stride40:5399ef86-4df9-49bc-809f-8f4f92f9e659__ep6:qa:94,5399ef86-4df9-49bc-809f-8f4f92f9e659__ep6,ep6,test,4320,4399,11.459219932556152,9.679309844970703,0.07785253971815109,0.11096534132957458,0.14772963523864746
long_80f_stride40:b750fab3-7fbb-43a0-b451-c64c4d4a64da__ep1:qa:0,b750fab3-7fbb-43a0-b451-c64c4d4a64da__ep1,ep1,test,0,79,6.570979118347168,7.324123859405518,0.08999898284673691,0.15316075086593628,0.2078280746936798
long_80f_stride40:b750fab3-7fbb-43a0-b451-c64c4d4a64da__ep1:qa:1,b750fab3-7fbb-43a0-b451-c64c4d4a64da__ep1,ep1,test,40,119,8.727773666381836,6.045156478881836,0.09049568325281143,0.1241936981678009,0.17709948122501373
long_80f_stride40:b750fab3-7fbb-43a0-b451-c64c4d4a64da__ep1:qa:2,b750fab3-7fbb-43a0-b451-c64c4d4a64da__ep1,ep1,test,80,159,8.419652938842773,6.131302833557129,0.1293206363916397,0.2096424400806427,0.27029287815093994
long_80f_stride40:b750fab3-7fbb-43a0-b451-c64c4d4a64da__ep1:qa:3,b750fab3-7fbb-43a0-b451-c64c4d4a64da__ep1,ep1,test,120,199,7.65635871887207,7.986785888671875,0.15965206921100616,0.24567627906799316,0.33556893467903137
long_80f_stride40:b750fab3-7fbb-43a0-b451-c64c4d4a64da__ep1:qa:4,b750fab3-7fbb-43a0-b451-c64c4d4a64da__ep1,ep1,test,160,239,12.976581573486328,7.179459571838379,0.30148372054100037,0.41904395818710327,0.5437685251235962
long_80f_stride40:b750fab3-7fbb-43a0-b451-c64c4d4a64da__ep1:qa:5,b750fab3-7fbb-43a0-b451-c64c4d4a64da__ep1,ep1,test,200,279,20.3206729888916,3.3718442916870117,0.42557787895202637,0.6290434002876282,0.8757266998291016
long_80f_stride40:b750fab3-7fbb-43a0-b451-c64c4d4a64da__ep1:qa:6,b750fab3-7fbb-43a0-b451-c64c4d4a64da__ep1,ep1,test,240,319,24.190387725830078,4.135418891906738,0.5173664689064026,0.7758697867393494,0.976751446723938
long_80f_stride40:b750fab3-7fbb-43a0-b451-c64c4d4a64da__ep1:qa:7,b750fab3-7fbb-43a0-b451-c64c4d4a64da__ep1,ep1,test,280,359,24.190387725830078,9.725946426391602,0.3939410448074341,0.6111975312232971,0.7801957130432129
long_80f_stride40:b750fab3-7fbb-43a0-b451-c64c4d4a64da__ep1:qa:8,b750fab3-7fbb-43a0-b451-c64c4d4a64da__ep1,ep1,test,320,399,22.811059951782227,26.422454833984375,0.1112152561545372,0.18621352314949036,0.2318972647190094
long_80f_stride40:b750fab3-7fbb-43a0-b451-c64c4d4a64da__ep1:qa:9,b750fab3-7fbb-43a0-b451-c64c4d4a64da__ep1,ep1,test,400,479,21.448877334594727,26.443998336791992,0.19431118667125702,0.27317842841148376,0.3603058457374573
long_80f_stride40:b750fab3-7fbb-43a0-b451-c64c4d4a64da__ep1:qa:10,b750fab3-7fbb-43a0-b451-c64c4d4a64da__ep1,ep1,test,440,519,25.43627166748047,15.975700378417969,0.45691558718681335,0.5404687523841858,0.8416960835456848
long_80f_stride40:b750fab3-7fbb-43a0-b451-c64c4d4a64da__ep1:qa:11,b750fab3-7fbb-43a0-b451-c64c4d4a64da__ep1,ep1,test,480,559,31.39611053466797,13.90783977508545,0.4612545073032379,0.7157014012336731,0.9150180816650391
long_80f_stride40:b750fab3-7fbb-43a0-b451-c64c4d4a64da__ep1:qa:12,b750fab3-7fbb-43a0-b451-c64c4d4a64da__ep1,ep1,test,560,639,33.98332977294922,16.80067253112793,0.720969557762146,0.9251030087471008,1.3442413806915283
long_80f_stride40:b750fab3-7fbb-43a0-b451-c64c4d4a64da__ep1:qa:13,b750fab3-7fbb-43a0-b451-c64c4d4a64da__ep1,ep1,test,600,679,33.033084869384766,11.769465446472168,0.5573161840438843,0.9214871525764465,1.1323869228363037
long_80f_stride40:b750fab3-7fbb-43a0-b451-c64c4d4a64da__ep1:qa:14,b750fab3-7fbb-43a0-b451-c64c4d4a64da__ep1,ep1,test,680,759,32.39550018310547,24.50103187561035,0.27292442321777344,0.4481484889984131,0.5235339403152466
long_80f_stride40:b750fab3-7fbb-43a0-b451-c64c4d4a64da__ep1:qa:15,b750fab3-7fbb-43a0-b451-c64c4d4a64da__ep1,ep1,test,720,799,32.54312515258789,19.895740509033203,0.6428532004356384,0.8476556539535522,1.2103255987167358
long_80f_stride40:b750fab3-7fbb-43a0-b451-c64c4d4a64da__ep1:qa:16,b750fab3-7fbb-43a0-b451-c64c4d4a64da__ep1,ep1,test,800,879,32.66506576538086,19.783206939697266,0.288969486951828,0.5145758390426636,0.6090608239173889
long_80f_stride40:b750fab3-7fbb-43a0-b451-c64c4d4a64da__ep1:qa:17,b750fab3-7fbb-43a0-b451-c64c4d4a64da__ep1,ep1,test,840,919,30.076486587524414,26.46748924255371,0.6654045581817627,0.9120157957077026,1.2920825481414795
long_80f_stride40:b750fab3-7fbb-43a0-b451-c64c4d4a64da__ep1:qa:18,b750fab3-7fbb-43a0-b451-c64c4d4a64da__ep1,ep1,test,880,959,26.785991668701172,26.118120193481445,0.6926968693733215,0.9657483100891113,1.334551453590393
long_80f_stride40:b750fab3-7fbb-43a0-b451-c64c4d4a64da__ep1:qa:19,b750fab3-7fbb-43a0-b451-c64c4d4a64da__ep1,ep1,test,920,999,0.0,22.897554397583008,0.4812851846218109,0.7710007429122925,0.8911070823669434
long_80f_stride40:b750fab3-7fbb-43a0-b451-c64c4d4a64da__ep1:qa:20,b750fab3-7fbb-43a0-b451-c64c4d4a64da__ep1,ep1,test,960,1039,0.0,4.793319225311279,0.12330231070518494,0.1613994538784027,0.24505601823329926
long_80f_stride40:b750fab3-7fbb-43a0-b451-c64c4d4a64da__ep1:qa:21,b750fab3-7fbb-43a0-b451-c64c4d4a64da__ep1,ep1,test,1000,1079,0.0,9.903514862060547,0.2515225112438202,0.3334686756134033,0.49028149247169495
long_80f_stride40:b750fab3-7fbb-43a0-b451-c64c4d4a64da__ep1:qa:22,b750fab3-7fbb-43a0-b451-c64c4d4a64da__ep1,ep1,test,1040,1119,0.0,7.61664342880249,0.12431073933839798,0.25646570324897766,0.3057441711425781
long_80f_stride40:b750fab3-7fbb-43a0-b451-c64c4d4a64da__ep1:qa:23,b750fab3-7fbb-43a0-b451-c64c4d4a64da__ep1,ep1,test,1080,1159,0.0,8.479565620422363,0.16366849839687347,0.28552183508872986,0.37974119186401367
long_80f_stride40:b750fab3-7fbb-43a0-b451-c64c4d4a64da__ep1:qa:24,b750fab3-7fbb-43a0-b451-c64c4d4a64da__ep1,ep1,test,1120,1199,0.0,3.77873158454895,0.0806741863489151,0.1272365152835846,0.1629238873720169
long_80f_stride40:b750fab3-7fbb-43a0-b451-c64c4d4a64da__ep1:qa:25,b750fab3-7fbb-43a0-b451-c64c4d4a64da__ep1,ep1,test,1160,1239,0.0,6.129427909851074,0.1480327844619751,0.20638857781887054,0.2705436646938324
long_80f_stride40:b750fab3-7fbb-43a0-b451-c64c4d4a64da__ep1:qa:30,b750fab3-7fbb-43a0-b451-c64c4d4a64da__ep1,ep1,test,1400,1479,0.0,13.93376636505127,0.280936598777771,0.469174325466156,0.5553293824195862
long_80f_stride40:b750fab3-7fbb-43a0-b451-c64c4d4a64da__ep1:qa:31,b750fab3-7fbb-43a0-b451-c64c4d4a64da__ep1,ep1,test,1480,1559,0.0,15.016059875488281,0.3219447433948517,0.5056170225143433,0.6004793047904968
long_80f_stride40:b750fab3-7fbb-43a0-b451-c64c4d4a64da__ep1:qa:32,b750fab3-7fbb-43a0-b451-c64c4d4a64da__ep1,ep1,test,1520,1599,0.0,13.161455154418945,0.2598230540752411,0.4431692659854889,0.5248801112174988
long_80f_stride40:b750fab3-7fbb-43a0-b451-c64c4d4a64da__ep1:qa:33,b750fab3-7fbb-43a0-b451-c64c4d4a64da__ep1,ep1,test,1560,1639,0.0,13.705404281616211,0.2744961380958557,0.46148496866226196,0.5423445701599121
long_80f_stride40:b750fab3-7fbb-43a0-b451-c64c4d4a64da__ep1:qa:34,b750fab3-7fbb-43a0-b451-c64c4d4a64da__ep1,ep1,test,1640,1719,0.0,16.447280883789062,0.3439334034919739,0.5538087487220764,0.6531870365142822
long_80f_stride40:b750fab3-7fbb-43a0-b451-c64c4d4a64da__ep1:qa:35,b750fab3-7fbb-43a0-b451-c64c4d4a64da__ep1,ep1,test,1680,1759,29.32250213623047,12.375346183776855,0.640130877494812,0.8950701355934143,1.253049612045288
long_80f_stride40:b750fab3-7fbb-43a0-b451-c64c4d4a64da__ep1:qa:36,b750fab3-7fbb-43a0-b451-c64c4d4a64da__ep1,ep1,test,1720,1799,33.323001861572266,12.588225364685059,0.4877960681915283,0.7899383902549744,0.97220379114151
long_80f_stride40:b750fab3-7fbb-43a0-b451-c64c4d4a64da__ep1:qa:37,b750fab3-7fbb-43a0-b451-c64c4d4a64da__ep1,ep1,test,1800,1879,30.02971649169922,21.68256378173828,0.6122376918792725,0.8379845023155212,1.1764802932739258
long_80f_stride40:b750fab3-7fbb-43a0-b451-c64c4d4a64da__ep1:qa:38,b750fab3-7fbb-43a0-b451-c64c4d4a64da__ep1,ep1,test,1840,1919,0.0,16.46137809753418,0.3468572497367859,0.5542834401130676,0.6514617800712585
long_80f_stride40:b750fab3-7fbb-43a0-b451-c64c4d4a64da__ep1:qa:39,b750fab3-7fbb-43a0-b451-c64c4d4a64da__ep1,ep1,test,1880,1959,0.0,4.209007263183594,0.10443191230297089,0.1417246311903,0.20895916223526
long_80f_stride40:b750fab3-7fbb-43a0-b451-c64c4d4a64da__ep1:qa:40,b750fab3-7fbb-43a0-b451-c64c4d4a64da__ep1,ep1,test,1920,1999,0.0,9.169862747192383,0.24012047052383423,0.30876535177230835,0.43991950154304504
long_80f_stride40:b750fab3-7fbb-43a0-b451-c64c4d4a64da__ep1:qa:41,b750fab3-7fbb-43a0-b451-c64c4d4a64da__ep1,ep1,test,1960,2039,0.0,7.146251678466797,0.14758563041687012,0.24062681198120117,0.3357534110546112
long_80f_stride40:b750fab3-7fbb-43a0-b451-c64c4d4a64da__ep1:qa:42,b750fab3-7fbb-43a0-b451-c64c4d4a64da__ep1,ep1,test,2000,2079,0.0,8.493182182312012,0.17484818398952484,0.28598031401634216,0.39951595664024353
long_80f_stride40:b750fab3-7fbb-43a0-b451-c64c4d4a64da__ep1:qa:43,b750fab3-7fbb-43a0-b451-c64c4d4a64da__ep1,ep1,test,2040,2119,0.0,6.468656063079834,0.13407009840011597,0.2178109735250473,0.2996610403060913
long_80f_stride40:b750fab3-7fbb-43a0-b451-c64c4d4a64da__ep1:qa:44,b750fab3-7fbb-43a0-b451-c64c4d4a64da__ep1,ep1,test,2080,2159,0.0,7.23943567276001,0.12723039090633392,0.2437644600868225,0.2882373332977295
long_80f_stride40:b750fab3-7fbb-43a0-b451-c64c4d4a64da__ep1:qa:45,b750fab3-7fbb-43a0-b451-c64c4d4a64da__ep1,ep1,test,2120,2199,0.0,5.540499210357666,0.10242605954408646,0.1865583211183548,0.2231067419052124
long_80f_stride40:b750fab3-7fbb-43a0-b451-c64c4d4a64da__ep1:qa:46,b750fab3-7fbb-43a0-b451-c64c4d4a64da__ep1,ep1,test,2160,2239,0.0,3.763852834701538,0.07112112641334534,0.12673552334308624,0.1524910032749176
long_80f_stride40:b750fab3-7fbb-43a0-b451-c64c4d4a64da__ep1:qa:51,b750fab3-7fbb-43a0-b451-c64c4d4a64da__ep1,ep1,test,2400,2479,0.0,4.165812015533447,0.08152598142623901,0.1402701884508133,0.1753569096326828
long_80f_stride40:b750fab3-7fbb-43a0-b451-c64c4d4a64da__ep1:qa:52,b750fab3-7fbb-43a0-b451-c64c4d4a64da__ep1,ep1,test,2440,2519,30.467910766601562,6.015570640563965,0.6903500556945801,0.9932811856269836,1.426633596420288
long_80f_stride40:b750fab3-7fbb-43a0-b451-c64c4d4a64da__ep1:qa:53,b750fab3-7fbb-43a0-b451-c64c4d4a64da__ep1,ep1,test,2480,2559,32.083003997802734,3.504758834838867,0.652759313583374,1.0688729286193848,1.2347590923309326
long_80f_stride40:b750fab3-7fbb-43a0-b451-c64c4d4a64da__ep1:qa:54,b750fab3-7fbb-43a0-b451-c64c4d4a64da__ep1,ep1,test,2520,2599,33.17245864868164,25.921220779418945,0.20808438956737518,0.3458006680011749,0.43389594554901123
long_80f_stride40:b750fab3-7fbb-43a0-b451-c64c4d4a64da__ep1:qa:55,b750fab3-7fbb-43a0-b451-c64c4d4a64da__ep1,ep1,test,2560,2639,33.13654708862305,27.166574478149414,0.20078231394290924,0.3216194212436676,0.40160760283470154
long_80f_stride40:b750fab3-7fbb-43a0-b451-c64c4d4a64da__ep1:qa:56,b750fab3-7fbb-43a0-b451-c64c4d4a64da__ep1,ep1,test,2600,2679,32.74402618408203,10.748710632324219,0.5127706527709961,0.8886077404022217,1.0557225942611694
long_80f_stride40:b750fab3-7fbb-43a0-b451-c64c4d4a64da__ep1:qa:57,b750fab3-7fbb-43a0-b451-c64c4d4a64da__ep1,ep1,test,2640,2719,32.88924026489258,12.040359497070312,0.4887435734272003,0.9256302714347839,1.0774002075195312
long_80f_stride40:b750fab3-7fbb-43a0-b451-c64c4d4a64da__ep1:qa:58,b750fab3-7fbb-43a0-b451-c64c4d4a64da__ep1,ep1,test,2680,2759,0.0,13.024263381958008,0.1965794414281845,0.4385497570037842,0.5190015435218811
long_80f_stride40:b750fab3-7fbb-43a0-b451-c64c4d4a64da__ep1:qa:59,b750fab3-7fbb-43a0-b451-c64c4d4a64da__ep1,ep1,test,2720,2799,0.0,11.87561321258545,0.21312174201011658,0.39987269043922424,0.4776076674461365
long_80f_stride40:b750fab3-7fbb-43a0-b451-c64c4d4a64da__ep1:qa:60,b750fab3-7fbb-43a0-b451-c64c4d4a64da__ep1,ep1,test,2760,2839,0.0,15.54541015625,0.33760523796081543,0.5234412550926208,0.6148393154144287
long_80f_stride40:b750fab3-7fbb-43a0-b451-c64c4d4a64da__ep1:qa:65,b750fab3-7fbb-43a0-b451-c64c4d4a64da__ep1,ep1,test,3000,3079,0.0,6.53070068359375,0.13668128848075867,0.21990014612674713,0.2933073937892914
long_80f_stride40:b750fab3-7fbb-43a0-b451-c64c4d4a64da__ep1:qa:66,b750fab3-7fbb-43a0-b451-c64c4d4a64da__ep1,ep1,test,3040,3119,0.0,4.710747241973877,0.10002582520246506,0.15861912071704865,0.20457540452480316
long_80f_stride40:b750fab3-7fbb-43a0-b451-c64c4d4a64da__ep1:qa:67,b750fab3-7fbb-43a0-b451-c64c4d4a64da__ep1,ep1,test,3080,3159,0.0,4.73806095123291,0.0963863655924797,0.15953880548477173,0.2081143856048584
long_80f_stride40:b750fab3-7fbb-43a0-b451-c64c4d4a64da__ep1:qa:68,b750fab3-7fbb-43a0-b451-c64c4d4a64da__ep1,ep1,test,3120,3199,0.0,6.635475158691406,0.13607318699359894,0.22342807054519653,0.30842316150665283
long_80f_stride40:b750fab3-7fbb-43a0-b451-c64c4d4a64da__ep1:qa:69,b750fab3-7fbb-43a0-b451-c64c4d4a64da__ep1,ep1,test,3160,3239,0.0,8.65318489074707,0.1573799103498459,0.29136788845062256,0.3799620568752289
long_80f_stride40:b750fab3-7fbb-43a0-b451-c64c4d4a64da__ep1:qa:70,b750fab3-7fbb-43a0-b451-c64c4d4a64da__ep1,ep1,test,3200,3279,0.0,12.111008644104004,0.24854110181331635,0.4077988564968109,0.5471535921096802
long_80f_stride40:b750fab3-7fbb-43a0-b451-c64c4d4a64da__ep1:qa:71,b750fab3-7fbb-43a0-b451-c64c4d4a64da__ep1,ep1,test,3240,3319,0.0,4.978109359741211,0.10549668967723846,0.1676216572523117,0.2202831208705902
long_80f_stride40:b750fab3-7fbb-43a0-b451-c64c4d4a64da__ep1:qa:72,b750fab3-7fbb-43a0-b451-c64c4d4a64da__ep1,ep1,test,3280,3359,34.431209564208984,7.379777431488037,0.6141210198402405,1.033412218093872,1.1928482055664062
long_80f_stride40:b750fab3-7fbb-43a0-b451-c64c4d4a64da__ep1:qa:73,b750fab3-7fbb-43a0-b451-c64c4d4a64da__ep1,ep1,test,3320,3399,34.431209564208984,11.033284187316895,0.6639434099197388,1.0858283042907715,1.3305635452270508
long_80f_stride40:b750fab3-7fbb-43a0-b451-c64c4d4a64da__ep1:qa:74,b750fab3-7fbb-43a0-b451-c64c4d4a64da__ep1,ep1,test,3360,3439,34.431209564208984,9.51427936553955,0.5912244319915771,1.0336650609970093,1.2003310918807983
long_80f_stride40:b750fab3-7fbb-43a0-b451-c64c4d4a64da__ep1:qa:84,b750fab3-7fbb-43a0-b451-c64c4d4a64da__ep1,ep1,test,3800,3879,33.789798736572266,15.629166603088379,0.47904765605926514,0.9196609854698181,1.054373025894165
long_80f_stride40:b750fab3-7fbb-43a0-b451-c64c4d4a64da__ep1:qa:85,b750fab3-7fbb-43a0-b451-c64c4d4a64da__ep1,ep1,test,3840,3919,33.99759292602539,18.082672119140625,0.39948222041130066,0.8168420791625977,0.9435979127883911
long_80f_stride40:b750fab3-7fbb-43a0-b451-c64c4d4a64da__ep1:qa:86,b750fab3-7fbb-43a0-b451-c64c4d4a64da__ep1,ep1,test,3880,3959,34.020111083984375,14.561460494995117,0.4768618047237396,0.9173527359962463,1.058091402053833
long_80f_stride40:b750fab3-7fbb-43a0-b451-c64c4d4a64da__ep1:qa:87,b750fab3-7fbb-43a0-b451-c64c4d4a64da__ep1,ep1,test,3920,3999,34.0975456237793,14.745566368103027,0.4455958902835846,0.8287336230278015,0.9588740468025208
long_80f_stride40:b750fab3-7fbb-43a0-b451-c64c4d4a64da__ep1:qa:88,b750fab3-7fbb-43a0-b451-c64c4d4a64da__ep1,ep1,test,3960,4039,34.058555603027344,14.466134071350098,0.4888584613800049,0.932079017162323,1.071816325187683
long_80f_stride40:b750fab3-7fbb-43a0-b451-c64c4d4a64da__ep1:qa:89,b750fab3-7fbb-43a0-b451-c64c4d4a64da__ep1,ep1,test,4000,4079,27.957843780517578,14.735137939453125,0.4575980305671692,0.8603582978248596,1.0041453838348389
long_80f_stride40:b750fab3-7fbb-43a0-b451-c64c4d4a64da__ep1:qa:90,b750fab3-7fbb-43a0-b451-c64c4d4a64da__ep1,ep1,test,4040,4119,28.256860733032227,16.645708084106445,0.46945133805274963,0.8952929377555847,1.0472532510757446
long_80f_stride40:b750fab3-7fbb-43a0-b451-c64c4d4a64da__ep1:qa:91,b750fab3-7fbb-43a0-b451-c64c4d4a64da__ep1,ep1,test,4080,4159,0.0,15.46969985961914,0.2716964781284332,0.5208918452262878,0.6074798703193665
long_80f_stride40:b750fab3-7fbb-43a0-b451-c64c4d4a64da__ep1:qa:92,b750fab3-7fbb-43a0-b451-c64c4d4a64da__ep1,ep1,test,4120,4199,0.0,18.22520637512207,0.31829389929771423,0.6136746406555176,0.7139416933059692
long_80f_stride40:b750fab3-7fbb-43a0-b451-c64c4d4a64da__ep1:qa:93,b750fab3-7fbb-43a0-b451-c64c4d4a64da__ep1,ep1,test,4160,4239,0.0,17.89552879333496,0.3182816207408905,0.602573812007904,0.7012847065925598
long_80f_stride40:b750fab3-7fbb-43a0-b451-c64c4d4a64da__ep1:qa:98,b750fab3-7fbb-43a0-b451-c64c4d4a64da__ep1,ep1,test,4400,4479,0.0,3.58624529838562,0.07191988825798035,0.1207551583647728,0.15361209213733673
long_80f_stride40:b750fab3-7fbb-43a0-b451-c64c4d4a64da__ep1:qa:99,b750fab3-7fbb-43a0-b451-c64c4d4a64da__ep1,ep1,test,4440,4519,0.0,9.528613090515137,0.19402922689914703,0.3208450675010681,0.4045255780220032
long_80f_stride40:b750fab3-7fbb-43a0-b451-c64c4d4a64da__ep1:qa:100,b750fab3-7fbb-43a0-b451-c64c4d4a64da__ep1,ep1,test,4480,4559,0.0,7.557835102081299,0.17399071156978607,0.254485547542572,0.3685763478279114
long_80f_stride40:b750fab3-7fbb-43a0-b451-c64c4d4a64da__ep1:qa:101,b750fab3-7fbb-43a0-b451-c64c4d4a64da__ep1,ep1,test,4520,4599,0.0,7.046695232391357,0.1742667853832245,0.23727457225322723,0.3351621925830841
long_80f_stride40:b750fab3-7fbb-43a0-b451-c64c4d4a64da__ep1:qa:102,b750fab3-7fbb-43a0-b451-c64c4d4a64da__ep1,ep1,test,4560,4639,0.0,7.160163402557373,0.16280637681484222,0.24109522998332977,0.32189610600471497
long_80f_stride40:b750fab3-7fbb-43a0-b451-c64c4d4a64da__ep1:qa:103,b750fab3-7fbb-43a0-b451-c64c4d4a64da__ep1,ep1,test,4600,4679,0.0,5.34636926651001,0.1191168949007988,0.18002161383628845,0.26166948676109314
long_80f_stride40:b750fab3-7fbb-43a0-b451-c64c4d4a64da__ep1:qa:104,b750fab3-7fbb-43a0-b451-c64c4d4a64da__ep1,ep1,test,4640,4719,0.0,5.668389797210693,0.13037550449371338,0.19086459279060364,0.27676862478256226
long_80f_stride40:b750fab3-7fbb-43a0-b451-c64c4d4a64da__ep1:qa:105,b750fab3-7fbb-43a0-b451-c64c4d4a64da__ep1,ep1,test,4680,4759,0.0,9.889725685119629,0.21783727407455444,0.3330043852329254,0.4697410464286804
long_80f_stride40:b750fab3-7fbb-43a0-b451-c64c4d4a64da__ep1:qa:106,b750fab3-7fbb-43a0-b451-c64c4d4a64da__ep1,ep1,test,4720,4799,0.0,8.439114570617676,0.16671499609947205,0.284159779548645,0.38370323181152344
long_80f_stride40:b750fab3-7fbb-43a0-b451-c64c4d4a64da__ep1:qa:107,b750fab3-7fbb-43a0-b451-c64c4d4a64da__ep1,ep1,test,4800,4879,0.0,5.4756574630737305,0.08904708921909332,0.18437498807907104,0.21931159496307373
long_80f_stride40:b750fab3-7fbb-43a0-b451-c64c4d4a64da__ep1:qa:108,b750fab3-7fbb-43a0-b451-c64c4d4a64da__ep1,ep1,test,4840,4919,0.0,5.7420573234558105,0.1036062240600586,0.19334512948989868,0.23538555204868317
long_80f_stride40:b750fab3-7fbb-43a0-b451-c64c4d4a64da__ep1:qa:109,b750fab3-7fbb-43a0-b451-c64c4d4a64da__ep1,ep1,test,4920,4999,31.50127601623535,6.722287654876709,0.5837177038192749,1.0076870918273926,1.1595960855484009
long_80f_stride40:b750fab3-7fbb-43a0-b451-c64c4d4a64da__ep1:qa:110,b750fab3-7fbb-43a0-b451-c64c4d4a64da__ep1,ep1,test,5000,5079,31.658119201660156,20.847400665283203,0.31888309121131897,0.552503228187561,0.6437106728553772
long_80f_stride40:b750fab3-7fbb-43a0-b451-c64c4d4a64da__ep1:qa:111,b750fab3-7fbb-43a0-b451-c64c4d4a64da__ep1,ep1,test,5040,5119,30.7510986328125,21.573528289794922,0.19658800959587097,0.3804672360420227,0.46860915422439575
long_80f_stride40:b750fab3-7fbb-43a0-b451-c64c4d4a64da__ep1:qa:112,b750fab3-7fbb-43a0-b451-c64c4d4a64da__ep1,ep1,test,5080,5159,31.333173751831055,17.34792709350586,0.3144281506538391,0.5392618179321289,0.6333184838294983
long_80f_stride40:b750fab3-7fbb-43a0-b451-c64c4d4a64da__ep1:qa:113,b750fab3-7fbb-43a0-b451-c64c4d4a64da__ep1,ep1,test,5120,5199,31.484149932861328,12.352706909179688,0.42943575978279114,0.7772448062896729,0.9111928343772888
long_80f_stride40:b750fab3-7fbb-43a0-b451-c64c4d4a64da__ep1:qa:114,b750fab3-7fbb-43a0-b451-c64c4d4a64da__ep1,ep1,test,5160,5239,31.33585548400879,12.973584175109863,0.506565272808075,0.9845430254936218,1.1418861150741577
long_80f_stride40:b750fab3-7fbb-43a0-b451-c64c4d4a64da__ep1:qa:115,b750fab3-7fbb-43a0-b451-c64c4d4a64da__ep1,ep1,test,5200,5279,31.34007453918457,23.388086318969727,0.1791204959154129,0.32723763585090637,0.3926803469657898
long_80f_stride40:b750fab3-7fbb-43a0-b451-c64c4d4a64da__ep1:qa:116,b750fab3-7fbb-43a0-b451-c64c4d4a64da__ep1,ep1,test,5240,5319,31.25979995727539,15.56912899017334,0.36992210149765015,0.636747419834137,0.7777756452560425
long_80f_stride40:b750fab3-7fbb-43a0-b451-c64c4d4a64da__ep1:qa:117,b750fab3-7fbb-43a0-b451-c64c4d4a64da__ep1,ep1,test,5280,5359,24.696447372436523,14.590814590454102,0.44125983119010925,0.6101757884025574,0.8421120643615723
long_80f_stride40:b750fab3-7fbb-43a0-b451-c64c4d4a64da__ep1:qa:118,b750fab3-7fbb-43a0-b451-c64c4d4a64da__ep1,ep1,test,5320,5399,32.654022216796875,15.049866676330566,0.3884007930755615,0.7096606492996216,0.8246508836746216
long_80f_stride40:b750fab3-7fbb-43a0-b451-c64c4d4a64da__ep1:qa:119,b750fab3-7fbb-43a0-b451-c64c4d4a64da__ep1,ep1,test,5360,5439,32.654022216796875,23.84808349609375,0.18910261988639832,0.3372021019458771,0.3955349922180176
long_80f_stride40:b750fab3-7fbb-43a0-b451-c64c4d4a64da__ep1:qa:120,b750fab3-7fbb-43a0-b451-c64c4d4a64da__ep1,ep1,test,5400,5479,32.654022216796875,15.601069450378418,0.3537154793739319,0.664320170879364,0.772573709487915
long_80f_stride40:877779cd-25f3-4293-a3c4-39067dd9558c__ep4:qa:0,877779cd-25f3-4293-a3c4-39067dd9558c__ep4,ep4,test,0,79,10.039432525634766,10.899852752685547,0.21385900676250458,0.34531858563423157,0.47985267639160156
long_80f_stride40:877779cd-25f3-4293-a3c4-39067dd9558c__ep4:qa:1,877779cd-25f3-4293-a3c4-39067dd9558c__ep4,ep4,test,40,119,0.0,3.4172821044921875,0.0746665969491005,0.11506587266921997,0.1662745624780655
long_80f_stride40:877779cd-25f3-4293-a3c4-39067dd9558c__ep4:qa:2,877779cd-25f3-4293-a3c4-39067dd9558c__ep4,ep4,test,80,159,0.0,3.5575058460235596,0.07229351252317429,0.11978744715452194,0.1604919135570526
long_80f_stride40:877779cd-25f3-4293-a3c4-39067dd9558c__ep4:qa:3,877779cd-25f3-4293-a3c4-39067dd9558c__ep4,ep4,test,120,199,0.0,2.5883264541625977,0.047140367329120636,0.08715348690748215,0.11689688265323639
long_80f_stride40:877779cd-25f3-4293-a3c4-39067dd9558c__ep4:qa:4,877779cd-25f3-4293-a3c4-39067dd9558c__ep4,ep4,test,160,239,0.0,2.769895076751709,0.049257759004831314,0.09326721727848053,0.11878400295972824
long_80f_stride40:877779cd-25f3-4293-a3c4-39067dd9558c__ep4:qa:5,877779cd-25f3-4293-a3c4-39067dd9558c__ep4,ep4,test,200,279,0.0,2.952800989151001,0.04954010248184204,0.09942598640918732,0.11697264760732651
long_80f_stride40:877779cd-25f3-4293-a3c4-39067dd9558c__ep4:qa:6,877779cd-25f3-4293-a3c4-39067dd9558c__ep4,ep4,test,240,319,0.0,3.348846673965454,0.06343721598386765,0.11276152729988098,0.1428234875202179
long_80f_stride40:877779cd-25f3-4293-a3c4-39067dd9558c__ep4:qa:7,877779cd-25f3-4293-a3c4-39067dd9558c__ep4,ep4,test,280,359,0.0,7.537137508392334,0.1173250749707222,0.25378862023353577,0.3022501468658447
long_80f_stride40:877779cd-25f3-4293-a3c4-39067dd9558c__ep4:qa:8,877779cd-25f3-4293-a3c4-39067dd9558c__ep4,ep4,test,320,399,10.838592529296875,5.01644229888916,0.18494929373264313,0.28162527084350586,0.4079418182373047
long_80f_stride40:877779cd-25f3-4293-a3c4-39067dd9558c__ep4:qa:9,877779cd-25f3-4293-a3c4-39067dd9558c__ep4,ep4,test,400,479,10.859198570251465,9.758967399597168,0.09652010351419449,0.13606789708137512,0.1944243311882019
long_80f_stride40:877779cd-25f3-4293-a3c4-39067dd9558c__ep4:qa:10,877779cd-25f3-4293-a3c4-39067dd9558c__ep4,ep4,test,440,519,10.85344409942627,11.636143684387207,0.12580662965774536,0.17558467388153076,0.25182321667671204
long_80f_stride40:877779cd-25f3-4293-a3c4-39067dd9558c__ep4:qa:11,877779cd-25f3-4293-a3c4-39067dd9558c__ep4,ep4,test,480,559,10.82979965209961,11.194487571716309,0.0763174369931221,0.11704769730567932,0.15070249140262604
long_80f_stride40:877779cd-25f3-4293-a3c4-39067dd9558c__ep4:qa:12,877779cd-25f3-4293-a3c4-39067dd9558c__ep4,ep4,test,520,599,10.28470516204834,11.80006217956543,0.233926460146904,0.3665386736392975,0.512645423412323
long_80f_stride40:877779cd-25f3-4293-a3c4-39067dd9558c__ep4:qa:13,877779cd-25f3-4293-a3c4-39067dd9558c__ep4,ep4,test,560,639,0.0,7.997527599334717,0.14335905015468597,0.2692907750606537,0.332908570766449
long_80f_stride40:877779cd-25f3-4293-a3c4-39067dd9558c__ep4:qa:14,877779cd-25f3-4293-a3c4-39067dd9558c__ep4,ep4,test,600,679,14.047962188720703,2.762563943862915,0.24067138135433197,0.405718594789505,0.48078715801239014
long_80f_stride40:877779cd-25f3-4293-a3c4-39067dd9558c__ep4:qa:15,877779cd-25f3-4293-a3c4-39067dd9558c__ep4,ep4,test,640,719,15.824673652648926,3.265991449356079,0.2903595268726349,0.4394465386867523,0.5674019455909729
long_80f_stride40:877779cd-25f3-4293-a3c4-39067dd9558c__ep4:qa:16,877779cd-25f3-4293-a3c4-39067dd9558c__ep4,ep4,test,680,759,14.209147453308105,11.613443374633789,0.19416289031505585,0.28603023290634155,0.3826059103012085
long_80f_stride40:877779cd-25f3-4293-a3c4-39067dd9558c__ep4:qa:17,877779cd-25f3-4293-a3c4-39067dd9558c__ep4,ep4,test,720,799,13.600679397583008,11.843343734741211,0.132103830575943,0.21852292120456696,0.2756863832473755
long_80f_stride40:877779cd-25f3-4293-a3c4-39067dd9558c__ep4:qa:18,877779cd-25f3-4293-a3c4-39067dd9558c__ep4,ep4,test,760,839,13.500850677490234,12.248223304748535,0.1528298407793045,0.2102365642786026,0.290011465549469
long_80f_stride40:877779cd-25f3-4293-a3c4-39067dd9558c__ep4:qa:19,877779cd-25f3-4293-a3c4-39067dd9558c__ep4,ep4,test,800,879,14.011451721191406,5.490631580352783,0.26209089159965515,0.4057428538799286,0.5509051084518433
long_80f_stride40:877779cd-25f3-4293-a3c4-39067dd9558c__ep4:qa:20,877779cd-25f3-4293-a3c4-39067dd9558c__ep4,ep4,test,840,919,14.011451721191406,7.3790202140808105,0.2687794864177704,0.4126379191875458,0.5783442854881287
long_80f_stride40:877779cd-25f3-4293-a3c4-39067dd9558c__ep4:qa:21,877779cd-25f3-4293-a3c4-39067dd9558c__ep4,ep4,test,880,959,14.011451721191406,11.55589485168457,0.2702576220035553,0.42580652236938477,0.585019052028656
long_80f_stride40:877779cd-25f3-4293-a3c4-39067dd9558c__ep4:qa:23,877779cd-25f3-4293-a3c4-39067dd9558c__ep4,ep4,test,1000,1079,0.0,5.6848955154418945,0.11001577973365784,0.19142040610313416,0.24800480902194977
long_80f_stride40:877779cd-25f3-4293-a3c4-39067dd9558c__ep4:qa:24,877779cd-25f3-4293-a3c4-39067dd9558c__ep4,ep4,test,1040,1119,0.0,2.977111339569092,0.050307754427194595,0.10024455189704895,0.12075462192296982
long_80f_stride40:877779cd-25f3-4293-a3c4-39067dd9558c__ep4:qa:25,877779cd-25f3-4293-a3c4-39067dd9558c__ep4,ep4,test,1080,1159,0.0,3.6222786903381348,0.062493402510881424,0.12196846306324005,0.14586050808429718
long_80f_stride40:877779cd-25f3-4293-a3c4-39067dd9558c__ep4:qa:26,877779cd-25f3-4293-a3c4-39067dd9558c__ep4,ep4,test,1120,1199,0.0,0.8194711804389954,0.017816079780459404,0.027593029662966728,0.035713955760002136
long_80f_stride40:877779cd-25f3-4293-a3c4-39067dd9558c__ep4:qa:27,877779cd-25f3-4293-a3c4-39067dd9558c__ep4,ep4,test,1160,1239,0.0,6.07395076751709,0.10275493562221527,0.2045205533504486,0.24394984543323517
long_80f_stride40:877779cd-25f3-4293-a3c4-39067dd9558c__ep4:qa:28,877779cd-25f3-4293-a3c4-39067dd9558c__ep4,ep4,test,1200,1279,0.0,9.376617431640625,0.17132596671581268,0.3157271444797516,0.4105393886566162
long_80f_stride40:877779cd-25f3-4293-a3c4-39067dd9558c__ep4:qa:29,877779cd-25f3-4293-a3c4-39067dd9558c__ep4,ep4,test,1240,1319,0.0,7.625561714172363,0.14064238965511322,0.25676602125167847,0.329537570476532
long_80f_stride40:877779cd-25f3-4293-a3c4-39067dd9558c__ep4:qa:30,877779cd-25f3-4293-a3c4-39067dd9558c__ep4,ep4,test,1280,1359,0.0,11.576387405395508,0.20436203479766846,0.38979730010032654,0.46106278896331787
long_80f_stride40:877779cd-25f3-4293-a3c4-39067dd9558c__ep4:qa:31,877779cd-25f3-4293-a3c4-39067dd9558c__ep4,ep4,test,1320,1399,0.0,12.366103172302246,0.22251127660274506,0.4163883924484253,0.5236252546310425
long_80f_stride40:877779cd-25f3-4293-a3c4-39067dd9558c__ep4:qa:32,877779cd-25f3-4293-a3c4-39067dd9558c__ep4,ep4,test,1400,1479,0.0,12.212601661682129,0.23837487399578094,0.41121968626976013,0.5590866804122925
long_80f_stride40:877779cd-25f3-4293-a3c4-39067dd9558c__ep4:qa:33,877779cd-25f3-4293-a3c4-39067dd9558c__ep4,ep4,test,1440,1519,0.0,4.324084281921387,0.07749177515506744,0.14559948444366455,0.17501921951770782
long_80f_stride40:877779cd-25f3-4293-a3c4-39067dd9558c__ep4:qa:34,877779cd-25f3-4293-a3c4-39067dd9558c__ep4,ep4,test,1480,1559,0.0,9.628524780273438,0.18451464176177979,0.3242093026638031,0.4440463185310364
long_80f_stride40:877779cd-25f3-4293-a3c4-39067dd9558c__ep4:qa:35,877779cd-25f3-4293-a3c4-39067dd9558c__ep4,ep4,test,1520,1599,0.0,6.111547470092773,0.1084461584687233,0.20578649640083313,0.2569847106933594
long_80f_stride40:877779cd-25f3-4293-a3c4-39067dd9558c__ep4:qa:36,877779cd-25f3-4293-a3c4-39067dd9558c__ep4,ep4,test,1560,1639,0.0,8.285359382629395,0.16516147553920746,0.27898257970809937,0.3620268702507019
long_80f_stride40:877779cd-25f3-4293-a3c4-39067dd9558c__ep4:qa:37,877779cd-25f3-4293-a3c4-39067dd9558c__ep4,ep4,test,1600,1679,0.0,6.458036422729492,0.1322394460439682,0.21745339035987854,0.29122376441955566
long_80f_stride40:877779cd-25f3-4293-a3c4-39067dd9558c__ep4:qa:38,877779cd-25f3-4293-a3c4-39067dd9558c__ep4,ep4,test,1640,1719,0.0,7.9047698974609375,0.14887212216854095,0.26616743206977844,0.34249529242515564
long_80f_stride40:877779cd-25f3-4293-a3c4-39067dd9558c__ep4:qa:39,877779cd-25f3-4293-a3c4-39067dd9558c__ep4,ep4,test,1680,1759,0.0,4.919599533081055,0.09133598953485489,0.16565153002738953,0.20253823697566986
long_80f_stride40:877779cd-25f3-4293-a3c4-39067dd9558c__ep4:qa:40,877779cd-25f3-4293-a3c4-39067dd9558c__ep4,ep4,test,1720,1799,0.0,0.9199946522712708,0.02076377347111702,0.030977832153439522,0.039826251566410065
long_80f_stride40:877779cd-25f3-4293-a3c4-39067dd9558c__ep4:qa:41,877779cd-25f3-4293-a3c4-39067dd9558c__ep4,ep4,test,1760,1839,0.0,10.824728012084961,0.18689467012882233,0.36448758840560913,0.4334561228752136
long_80f_stride40:877779cd-25f3-4293-a3c4-39067dd9558c__ep4:qa:42,877779cd-25f3-4293-a3c4-39067dd9558c__ep4,ep4,test,1800,1879,0.0,2.675809383392334,0.05180628225207329,0.09009918570518494,0.11630389094352722
long_80f_stride40:877779cd-25f3-4293-a3c4-39067dd9558c__ep4:qa:43,877779cd-25f3-4293-a3c4-39067dd9558c__ep4,ep4,test,1840,1919,0.0,4.081019401550293,0.0714123472571373,0.1374150663614273,0.16430272161960602
long_80f_stride40:877779cd-25f3-4293-a3c4-39067dd9558c__ep4:qa:46,877779cd-25f3-4293-a3c4-39067dd9558c__ep4,ep4,test,2000,2079,0.0,6.062699794769287,0.10620826482772827,0.20414172112941742,0.24728627502918243
long_80f_stride40:877779cd-25f3-4293-a3c4-39067dd9558c__ep4:qa:47,877779cd-25f3-4293-a3c4-39067dd9558c__ep4,ep4,test,2040,2119,0.0,4.5684099197387695,0.08130579441785812,0.15382637083530426,0.19863033294677734
long_80f_stride40:877779cd-25f3-4293-a3c4-39067dd9558c__ep4:qa:48,877779cd-25f3-4293-a3c4-39067dd9558c__ep4,ep4,test,2080,2159,0.0,5.569204807281494,0.12160538136959076,0.18752487003803253,0.25458818674087524
long_80f_stride40:877779cd-25f3-4293-a3c4-39067dd9558c__ep4:qa:49,877779cd-25f3-4293-a3c4-39067dd9558c__ep4,ep4,test,2160,2239,0.0,1.7477076053619385,0.031990423798561096,0.05884837731719017,0.07370392233133316
long_80f_stride40:877779cd-25f3-4293-a3c4-39067dd9558c__ep4:qa:50,877779cd-25f3-4293-a3c4-39067dd9558c__ep4,ep4,test,2200,2279,0.0,3.8515753746032715,0.07052595913410187,0.1296892911195755,0.16262201964855194
long_80f_stride40:877779cd-25f3-4293-a3c4-39067dd9558c__ep4:qa:51,877779cd-25f3-4293-a3c4-39067dd9558c__ep4,ep4,test,2240,2319,0.0,5.860158920288086,0.1299133449792862,0.1973218023777008,0.2740107476711273
long_80f_stride40:877779cd-25f3-4293-a3c4-39067dd9558c__ep4:qa:52,877779cd-25f3-4293-a3c4-39067dd9558c__ep4,ep4,test,2280,2359,0.0,4.5768723487854,0.0946541577577591,0.15411131083965302,0.20947758853435516
long_80f_stride40:877779cd-25f3-4293-a3c4-39067dd9558c__ep4:qa:53,877779cd-25f3-4293-a3c4-39067dd9558c__ep4,ep4,test,2320,2399,0.0,6.26226806640625,0.10712500661611557,0.21086153388023376,0.2623562514781952
long_80f_stride40:877779cd-25f3-4293-a3c4-39067dd9558c__ep4:qa:54,877779cd-25f3-4293-a3c4-39067dd9558c__ep4,ep4,test,2400,2479,0.0,6.154836654663086,0.10231845080852509,0.2072441279888153,0.2523163855075836
long_80f_stride40:877779cd-25f3-4293-a3c4-39067dd9558c__ep4:qa:55,877779cd-25f3-4293-a3c4-39067dd9558c__ep4,ep4,test,2440,2519,0.0,9.558945655822754,0.1695803999900818,0.3218664228916168,0.38833266496658325
long_80f_stride40:877779cd-25f3-4293-a3c4-39067dd9558c__ep4:qa:56,877779cd-25f3-4293-a3c4-39067dd9558c__ep4,ep4,test,2480,2559,0.0,7.539482593536377,0.1321973204612732,0.25386756658554077,0.3193109333515167
long_80f_stride40:877779cd-25f3-4293-a3c4-39067dd9558c__ep4:qa:57,877779cd-25f3-4293-a3c4-39067dd9558c__ep4,ep4,test,2520,2599,0.0,7.962406158447266,0.13304302096366882,0.26810815930366516,0.3131464123725891
long_80f_stride40:877779cd-25f3-4293-a3c4-39067dd9558c__ep4:qa:58,877779cd-25f3-4293-a3c4-39067dd9558c__ep4,ep4,test,2560,2639,0.0,8.690451622009277,0.15351012349128723,0.29262274503707886,0.34793442487716675
long_80f_stride40:877779cd-25f3-4293-a3c4-39067dd9558c__ep4:qa:59,877779cd-25f3-4293-a3c4-39067dd9558c__ep4,ep4,test,2600,2679,9.626294136047363,10.878649711608887,0.1648951917886734,0.28635719418525696,0.390377938747406
long_80f_stride40:877779cd-25f3-4293-a3c4-39067dd9558c__ep4:qa:60,877779cd-25f3-4293-a3c4-39067dd9558c__ep4,ep4,test,2640,2719,11.236122131347656,11.311678886413574,0.2011919915676117,0.29314348101615906,0.4059962332248688
long_80f_stride40:877779cd-25f3-4293-a3c4-39067dd9558c__ep4:qa:61,877779cd-25f3-4293-a3c4-39067dd9558c__ep4,ep4,test,2680,2759,11.021772384643555,9.246004104614258,0.08802319318056107,0.12572228908538818,0.17365778982639313
long_80f_stride40:877779cd-25f3-4293-a3c4-39067dd9558c__ep4:qa:62,877779cd-25f3-4293-a3c4-39067dd9558c__ep4,ep4,test,2720,2799,10.833219528198242,9.815719604492188,0.06284204125404358,0.08912121504545212,0.12428800016641617
long_80f_stride40:877779cd-25f3-4293-a3c4-39067dd9558c__ep4:qa:63,877779cd-25f3-4293-a3c4-39067dd9558c__ep4,ep4,test,2760,2839,10.341205596923828,10.41933822631836,0.06852450221776962,0.09858117997646332,0.1319018304347992
long_80f_stride40:877779cd-25f3-4293-a3c4-39067dd9558c__ep4:qa:64,877779cd-25f3-4293-a3c4-39067dd9558c__ep4,ep4,test,2800,2879,10.341205596923828,10.914109230041504,0.09414687007665634,0.1240091398358345,0.17901720106601715
long_80f_stride40:877779cd-25f3-4293-a3c4-39067dd9558c__ep4:qa:65,877779cd-25f3-4293-a3c4-39067dd9558c__ep4,ep4,test,2840,2919,10.341205596923828,11.322281837463379,0.08774151653051376,0.12914784252643585,0.17753954231739044
long_80f_stride40:877779cd-25f3-4293-a3c4-39067dd9558c__ep4:qa:68,877779cd-25f3-4293-a3c4-39067dd9558c__ep4,ep4,test,3000,3079,0.0,4.427337646484375,0.08155381679534912,0.1490762084722519,0.17955069243907928
long_80f_stride40:877779cd-25f3-4293-a3c4-39067dd9558c__ep4:qa:69,877779cd-25f3-4293-a3c4-39067dd9558c__ep4,ep4,test,3040,3119,0.0,7.9521355628967285,0.16290044784545898,0.26776233315467834,0.3689112365245819
long_80f_stride40:877779cd-25f3-4293-a3c4-39067dd9558c__ep4:qa:70,877779cd-25f3-4293-a3c4-39067dd9558c__ep4,ep4,test,3080,3159,0.0,13.43436050415039,0.21972137689590454,0.4523584544658661,0.5534988045692444
long_80f_stride40:877779cd-25f3-4293-a3c4-39067dd9558c__ep4:qa:71,877779cd-25f3-4293-a3c4-39067dd9558c__ep4,ep4,test,3120,3199,0.0,3.2989377975463867,0.06324537843465805,0.11108101904392242,0.13513849675655365
long_80f_stride40:877779cd-25f3-4293-a3c4-39067dd9558c__ep4:qa:72,877779cd-25f3-4293-a3c4-39067dd9558c__ep4,ep4,test,3160,3239,0.0,1.5147404670715332,0.02924460731446743,0.05100396275520325,0.062378671020269394
long_80f_stride40:877779cd-25f3-4293-a3c4-39067dd9558c__ep4:qa:73,877779cd-25f3-4293-a3c4-39067dd9558c__ep4,ep4,test,3200,3279,0.0,2.187011241912842,0.046720199286937714,0.07364050298929214,0.09484956413507462
long_80f_stride40:877779cd-25f3-4293-a3c4-39067dd9558c__ep4:qa:74,877779cd-25f3-4293-a3c4-39067dd9558c__ep4,ep4,test,3240,3319,15.457230567932129,3.6969141960144043,0.3228664994239807,0.4481477439403534,0.6394988894462585
long_80f_stride40:877779cd-25f3-4293-a3c4-39067dd9558c__ep4:qa:75,877779cd-25f3-4293-a3c4-39067dd9558c__ep4,ep4,test,3280,3359,15.457230567932129,3.1967461109161377,0.33366578817367554,0.46363359689712524,0.6620966792106628
long_80f_stride40:877779cd-25f3-4293-a3c4-39067dd9558c__ep4:qa:76,877779cd-25f3-4293-a3c4-39067dd9558c__ep4,ep4,test,3320,3399,14.581133842468262,9.812984466552734,0.1549127697944641,0.24395251274108887,0.2928181290626526
long_80f_stride40:877779cd-25f3-4293-a3c4-39067dd9558c__ep4:qa:77,877779cd-25f3-4293-a3c4-39067dd9558c__ep4,ep4,test,3400,3479,14.613200187683105,11.641643524169922,0.11593977361917496,0.18096612393856049,0.23243817687034607
long_80f_stride40:877779cd-25f3-4293-a3c4-39067dd9558c__ep4:qa:78,877779cd-25f3-4293-a3c4-39067dd9558c__ep4,ep4,test,3440,3519,14.613947868347168,13.188653945922852,0.06658878177404404,0.1491916924715042,0.1743048131465912
long_80f_stride40:877779cd-25f3-4293-a3c4-39067dd9558c__ep4:qa:79,877779cd-25f3-4293-a3c4-39067dd9558c__ep4,ep4,test,3480,3559,15.452170372009277,13.048169136047363,0.2900810241699219,0.4267008304595947,0.5897700786590576
long_80f_stride40:877779cd-25f3-4293-a3c4-39067dd9558c__ep4:qa:80,877779cd-25f3-4293-a3c4-39067dd9558c__ep4,ep4,test,3520,3599,13.557863235473633,12.741294860839844,0.2810371518135071,0.4310014247894287,0.6111456751823425
long_80f_stride40:877779cd-25f3-4293-a3c4-39067dd9558c__ep4:qa:81,877779cd-25f3-4293-a3c4-39067dd9558c__ep4,ep4,test,3560,3639,0.0,11.900858879089355,0.20453912019729614,0.4007227420806885,0.47187986969947815
long_80f_stride40:877779cd-25f3-4293-a3c4-39067dd9558c__ep4:qa:82,877779cd-25f3-4293-a3c4-39067dd9558c__ep4,ep4,test,3600,3679,0.0,10.856975555419922,0.18253660202026367,0.3655734062194824,0.4438237249851227
long_80f_stride40:877779cd-25f3-4293-a3c4-39067dd9558c__ep4:qa:83,877779cd-25f3-4293-a3c4-39067dd9558c__ep4,ep4,test,3640,3719,0.0,12.797637939453125,0.21042534708976746,0.4309188425540924,0.5067479014396667
long_80f_stride40:877779cd-25f3-4293-a3c4-39067dd9558c__ep4:qa:84,877779cd-25f3-4293-a3c4-39067dd9558c__ep4,ep4,test,3680,3759,0.0,12.571061134338379,0.19817668199539185,0.42328959703445435,0.5049862265586853
long_80f_stride40:877779cd-25f3-4293-a3c4-39067dd9558c__ep4:qa:85,877779cd-25f3-4293-a3c4-39067dd9558c__ep4,ep4,test,3720,3799,0.0,4.901258945465088,0.08206267654895782,0.1650339663028717,0.1965208649635315
long_80f_stride40:877779cd-25f3-4293-a3c4-39067dd9558c__ep4:qa:86,877779cd-25f3-4293-a3c4-39067dd9558c__ep4,ep4,test,3760,3839,0.0,6.136345863342285,0.10875429213047028,0.20662152767181396,0.24621859192848206
long_80f_stride40:877779cd-25f3-4293-a3c4-39067dd9558c__ep4:qa:87,877779cd-25f3-4293-a3c4-39067dd9558c__ep4,ep4,test,3800,3879,0.0,9.190537452697754,0.164178729057312,0.30946147441864014,0.366953581571579
long_80f_stride40:877779cd-25f3-4293-a3c4-39067dd9558c__ep4:qa:88,877779cd-25f3-4293-a3c4-39067dd9558c__ep4,ep4,test,3840,3919,0.0,1.7630314826965332,0.029596000909805298,0.05936435982584953,0.07226371765136719
long_80f_stride40:877779cd-25f3-4293-a3c4-39067dd9558c__ep4:qa:91,877779cd-25f3-4293-a3c4-39067dd9558c__ep4,ep4,test,4000,4079,13.92992877960205,1.5742405652999878,0.26923903822898865,0.42696309089660645,0.5010557770729065
long_80f_stride40:877779cd-25f3-4293-a3c4-39067dd9558c__ep4:qa:92,877779cd-25f3-4293-a3c4-39067dd9558c__ep4,ep4,test,4040,4119,13.687685012817383,12.659642219543457,0.11856672167778015,0.19000308215618134,0.23532195389270782
long_80f_stride40:877779cd-25f3-4293-a3c4-39067dd9558c__ep4:qa:93,877779cd-25f3-4293-a3c4-39067dd9558c__ep4,ep4,test,4080,4159,13.536489486694336,11.741842269897461,0.11805576086044312,0.19103245437145233,0.23087435960769653
long_80f_stride40:877779cd-25f3-4293-a3c4-39067dd9558c__ep4:qa:94,877779cd-25f3-4293-a3c4-39067dd9558c__ep4,ep4,test,4120,4199,13.646514892578125,12.181123733520508,0.10290727764368057,0.1580125093460083,0.19219903647899628
long_80f_stride40:877779cd-25f3-4293-a3c4-39067dd9558c__ep4:qa:95,877779cd-25f3-4293-a3c4-39067dd9558c__ep4,ep4,test,4160,4239,13.7039794921875,9.404959678649902,0.14020657539367676,0.22639548778533936,0.2725224792957306
long_80f_stride40:877779cd-25f3-4293-a3c4-39067dd9558c__ep4:qa:96,877779cd-25f3-4293-a3c4-39067dd9558c__ep4,ep4,test,4200,4279,11.2911958694458,10.917778968811035,0.15447267889976501,0.25001999735832214,0.34040412306785583
long_80f_stride40:877779cd-25f3-4293-a3c4-39067dd9558c__ep4:qa:97,877779cd-25f3-4293-a3c4-39067dd9558c__ep4,ep4,test,4240,4319,11.443086624145508,11.115018844604492,0.17408309876918793,0.26043900847435,0.3490667939186096
long_80f_stride40:877779cd-25f3-4293-a3c4-39067dd9558c__ep4:qa:98,877779cd-25f3-4293-a3c4-39067dd9558c__ep4,ep4,test,4280,4359,14.489177703857422,11.220571517944336,0.13261093199253082,0.19975025951862335,0.2379201054573059
long_80f_stride40:877779cd-25f3-4293-a3c4-39067dd9558c__ep4:qa:99,877779cd-25f3-4293-a3c4-39067dd9558c__ep4,ep4,test,4320,4399,14.416781425476074,11.867334365844727,0.262623131275177,0.3882577419281006,0.501552164554596
long_80f_stride40:1796b943-caad-43c6-b9bd-80b8d601f37d__ep1:qa:0,1796b943-caad-43c6-b9bd-80b8d601f37d__ep1,ep1,test,0,79,0.0,7.796011447906494,0.1798507571220398,0.26250535249710083,0.33892521262168884
long_80f_stride40:1796b943-caad-43c6-b9bd-80b8d601f37d__ep1:qa:1,1796b943-caad-43c6-b9bd-80b8d601f37d__ep1,ep1,test,40,119,0.0,7.751013278961182,0.18651197850704193,0.2609902024269104,0.3600429594516754
long_80f_stride40:1796b943-caad-43c6-b9bd-80b8d601f37d__ep1:qa:2,1796b943-caad-43c6-b9bd-80b8d601f37d__ep1,ep1,test,80,159,0.0,5.855297565460205,0.12909117341041565,0.19715814292430878,0.26734551787376404
long_80f_stride40:1796b943-caad-43c6-b9bd-80b8d601f37d__ep1:qa:3,1796b943-caad-43c6-b9bd-80b8d601f37d__ep1,ep1,test,120,199,0.0,4.302394390106201,0.06842820346355438,0.1448691487312317,0.1748248040676117
long_80f_stride40:1796b943-caad-43c6-b9bd-80b8d601f37d__ep1:qa:4,1796b943-caad-43c6-b9bd-80b8d601f37d__ep1,ep1,test,200,279,0.0,6.676483631134033,0.12867096066474915,0.22480888664722443,0.2806519865989685
long_80f_stride40:1796b943-caad-43c6-b9bd-80b8d601f37d__ep1:qa:5,1796b943-caad-43c6-b9bd-80b8d601f37d__ep1,ep1,test,240,319,0.0,12.45275592803955,0.3014026880264282,0.41930606961250305,0.5950406193733215
long_80f_stride40:1796b943-caad-43c6-b9bd-80b8d601f37d__ep1:qa:6,1796b943-caad-43c6-b9bd-80b8d601f37d__ep1,ep1,test,280,359,0.0,9.464372634887695,0.18063901364803314,0.3186819851398468,0.4241518974304199
long_80f_stride40:1796b943-caad-43c6-b9bd-80b8d601f37d__ep1:qa:7,1796b943-caad-43c6-b9bd-80b8d601f37d__ep1,ep1,test,320,399,0.0,6.659253120422363,0.10833310335874557,0.22422872483730316,0.26665806770324707
long_80f_stride40:1796b943-caad-43c6-b9bd-80b8d601f37d__ep1:qa:8,1796b943-caad-43c6-b9bd-80b8d601f37d__ep1,ep1,test,400,479,0.0,7.3466081619262695,0.11561740189790726,0.24737314879894257,0.2941400408744812
long_80f_stride40:1796b943-caad-43c6-b9bd-80b8d601f37d__ep1:qa:9,1796b943-caad-43c6-b9bd-80b8d601f37d__ep1,ep1,test,440,519,0.0,8.12983226776123,0.13710232079029083,0.27374571561813354,0.3243347406387329
long_80f_stride40:1796b943-caad-43c6-b9bd-80b8d601f37d__ep1:qa:10,1796b943-caad-43c6-b9bd-80b8d601f37d__ep1,ep1,test,480,559,0.0,5.671117782592773,0.0922582596540451,0.1909564584493637,0.23073343932628632
long_80f_stride40:1796b943-caad-43c6-b9bd-80b8d601f37d__ep1:qa:11,1796b943-caad-43c6-b9bd-80b8d601f37d__ep1,ep1,test,560,639,0.0,7.162485599517822,0.13520117104053497,0.2411734163761139,0.296774297952652
long_80f_stride40:1796b943-caad-43c6-b9bd-80b8d601f37d__ep1:qa:12,1796b943-caad-43c6-b9bd-80b8d601f37d__ep1,ep1,test,600,679,0.0,8.422483444213867,0.14517319202423096,0.28359976410865784,0.3407312333583832
long_80f_stride40:1796b943-caad-43c6-b9bd-80b8d601f37d__ep1:qa:13,1796b943-caad-43c6-b9bd-80b8d601f37d__ep1,ep1,test,640,719,0.0,5.44199275970459,0.09788871556520462,0.18324142694473267,0.22035132348537445
long_80f_stride40:1796b943-caad-43c6-b9bd-80b8d601f37d__ep1:qa:14,1796b943-caad-43c6-b9bd-80b8d601f37d__ep1,ep1,test,680,759,0.0,5.9515299797058105,0.11408828943967819,0.20039846003055573,0.24052953720092773
long_80f_stride40:1796b943-caad-43c6-b9bd-80b8d601f37d__ep1:qa:15,1796b943-caad-43c6-b9bd-80b8d601f37d__ep1,ep1,test,720,799,0.0,3.6551709175109863,0.05850902572274208,0.12307601422071457,0.1436876505613327
long_80f_stride40:1796b943-caad-43c6-b9bd-80b8d601f37d__ep1:qa:16,1796b943-caad-43c6-b9bd-80b8d601f37d__ep1,ep1,test,800,879,0.0,9.320276260375977,0.20793373882770538,0.3138299882411957,0.4277336001396179
long_80f_stride40:1796b943-caad-43c6-b9bd-80b8d601f37d__ep1:qa:17,1796b943-caad-43c6-b9bd-80b8d601f37d__ep1,ep1,test,840,919,0.0,5.629738807678223,0.1025877594947815,0.18956317007541656,0.22474293410778046
long_80f_stride40:1796b943-caad-43c6-b9bd-80b8d601f37d__ep1:qa:18,1796b943-caad-43c6-b9bd-80b8d601f37d__ep1,ep1,test,880,959,0.0,9.820510864257812,0.18528079986572266,0.33067378401756287,0.3909989893436432
long_80f_stride40:1796b943-caad-43c6-b9bd-80b8d601f37d__ep1:qa:19,1796b943-caad-43c6-b9bd-80b8d601f37d__ep1,ep1,test,920,999,0.0,10.521333694458008,0.17271119356155396,0.3542717397212982,0.42197754979133606
long_80f_stride40:1796b943-caad-43c6-b9bd-80b8d601f37d__ep1:qa:20,1796b943-caad-43c6-b9bd-80b8d601f37d__ep1,ep1,test,1000,1079,0.0,2.6134002208709717,0.049243856221437454,0.08799776434898376,0.1059342473745346
long_80f_stride40:1796b943-caad-43c6-b9bd-80b8d601f37d__ep1:qa:21,1796b943-caad-43c6-b9bd-80b8d601f37d__ep1,ep1,test,1040,1119,0.0,3.8156466484069824,0.06987008452415466,0.1284795105457306,0.1542200893163681
long_80f_stride40:1796b943-caad-43c6-b9bd-80b8d601f37d__ep1:qa:22,1796b943-caad-43c6-b9bd-80b8d601f37d__ep1,ep1,test,1080,1159,0.0,4.061950206756592,0.07715322822332382,0.1367729902267456,0.16199177503585815
long_80f_stride40:1796b943-caad-43c6-b9bd-80b8d601f37d__ep1:qa:23,1796b943-caad-43c6-b9bd-80b8d601f37d__ep1,ep1,test,1120,1199,0.0,5.333613872528076,0.10104362666606903,0.17959211766719818,0.2134038507938385
long_80f_stride40:1796b943-caad-43c6-b9bd-80b8d601f37d__ep1:qa:24,1796b943-caad-43c6-b9bd-80b8d601f37d__ep1,ep1,test,1160,1239,32.851505279541016,10.016603469848633,0.6164788603782654,0.9946624040603638,1.3186259269714355
long_80f_stride40:1796b943-caad-43c6-b9bd-80b8d601f37d__ep1:qa:25,1796b943-caad-43c6-b9bd-80b8d601f37d__ep1,ep1,test,1200,1279,37.533775329589844,9.47338581085205,0.9154539704322815,1.2679847478866577,1.8589057922363281
long_80f_stride40:1796b943-caad-43c6-b9bd-80b8d601f37d__ep1:qa:26,1796b943-caad-43c6-b9bd-80b8d601f37d__ep1,ep1,test,1240,1319,39.87863540649414,8.391183853149414,0.7931973934173584,1.3047763109207153,1.5093616247177124
long_80f_stride40:1796b943-caad-43c6-b9bd-80b8d601f37d__ep1:qa:27,1796b943-caad-43c6-b9bd-80b8d601f37d__ep1,ep1,test,1280,1359,39.87863540649414,29.99609375,0.21243074536323547,0.3603031039237976,0.4296348989009857
long_80f_stride40:1796b943-caad-43c6-b9bd-80b8d601f37d__ep1:qa:28,1796b943-caad-43c6-b9bd-80b8d601f37d__ep1,ep1,test,1320,1399,38.81156539916992,45.38336181640625,0.17009785771369934,0.29707959294319153,0.3949970304965973
long_80f_stride40:1796b943-caad-43c6-b9bd-80b8d601f37d__ep1:qa:29,1796b943-caad-43c6-b9bd-80b8d601f37d__ep1,ep1,test,1400,1479,39.159976959228516,11.455741882324219,0.6527770757675171,1.0854171514511108,1.260601282119751
long_80f_stride40:1796b943-caad-43c6-b9bd-80b8d601f37d__ep1:qa:30,1796b943-caad-43c6-b9bd-80b8d601f37d__ep1,ep1,test,1440,1519,39.88780212402344,15.651281356811523,0.5501270890235901,0.8775708079338074,1.0667998790740967
long_80f_stride40:1796b943-caad-43c6-b9bd-80b8d601f37d__ep1:qa:31,1796b943-caad-43c6-b9bd-80b8d601f37d__ep1,ep1,test,1480,1559,40.52165222167969,9.106770515441895,0.7423073649406433,1.203700065612793,1.4097055196762085
long_80f_stride40:1796b943-caad-43c6-b9bd-80b8d601f37d__ep1:qa:32,1796b943-caad-43c6-b9bd-80b8d601f37d__ep1,ep1,test,1520,1599,38.5036735534668,9.426838874816895,0.7662693858146667,1.2770564556121826,1.4785029888153076
long_80f_stride40:1796b943-caad-43c6-b9bd-80b8d601f37d__ep1:qa:33,1796b943-caad-43c6-b9bd-80b8d601f37d__ep1,ep1,test,1560,1639,39.616981506347656,11.975335121154785,0.7464936375617981,1.2791000604629517,1.4885483980178833
long_80f_stride40:1796b943-caad-43c6-b9bd-80b8d601f37d__ep1:qa:34,1796b943-caad-43c6-b9bd-80b8d601f37d__ep1,ep1,test,1600,1679,40.00374984741211,8.939531326293945,0.7932366728782654,1.3146909475326538,1.5186829566955566
long_80f_stride40:1796b943-caad-43c6-b9bd-80b8d601f37d__ep1:qa:35,1796b943-caad-43c6-b9bd-80b8d601f37d__ep1,ep1,test,1640,1719,40.644771575927734,10.39046573638916,0.6999443173408508,1.175817847251892,1.348719596862793
long_80f_stride40:1796b943-caad-43c6-b9bd-80b8d601f37d__ep1:qa:36,1796b943-caad-43c6-b9bd-80b8d601f37d__ep1,ep1,test,1680,1759,40.644771575927734,15.093452453613281,0.5641063451766968,0.932525634765625,1.0750068426132202
long_80f_stride40:1796b943-caad-43c6-b9bd-80b8d601f37d__ep1:qa:37,1796b943-caad-43c6-b9bd-80b8d601f37d__ep1,ep1,test,1720,1799,40.991058349609375,23.396028518676758,0.43676894903182983,0.7040951251983643,0.8286817073822021
long_80f_stride40:1796b943-caad-43c6-b9bd-80b8d601f37d__ep1:qa:38,1796b943-caad-43c6-b9bd-80b8d601f37d__ep1,ep1,test,1800,1879,40.32600402832031,19.235931396484375,0.46274691820144653,0.7371045351028442,0.8712227940559387
long_80f_stride40:1796b943-caad-43c6-b9bd-80b8d601f37d__ep1:qa:39,1796b943-caad-43c6-b9bd-80b8d601f37d__ep1,ep1,test,1840,1919,40.6700439453125,18.602609634399414,0.5376446843147278,0.9325404167175293,1.0873886346817017
long_80f_stride40:1796b943-caad-43c6-b9bd-80b8d601f37d__ep1:qa:40,1796b943-caad-43c6-b9bd-80b8d601f37d__ep1,ep1,test,1880,1959,40.12944412231445,13.784429550170898,0.5940068960189819,0.9642118811607361,1.1286404132843018
long_80f_stride40:1796b943-caad-43c6-b9bd-80b8d601f37d__ep1:qa:41,1796b943-caad-43c6-b9bd-80b8d601f37d__ep1,ep1,test,1920,1999,40.102317810058594,21.207963943481445,0.44039493799209595,0.7216824889183044,0.86154705286026
long_80f_stride40:1796b943-caad-43c6-b9bd-80b8d601f37d__ep1:qa:42,1796b943-caad-43c6-b9bd-80b8d601f37d__ep1,ep1,test,2000,2079,40.232261657714844,19.600337982177734,0.4575059711933136,0.7306629419326782,0.8355802297592163
long_80f_stride40:1796b943-caad-43c6-b9bd-80b8d601f37d__ep1:qa:43,1796b943-caad-43c6-b9bd-80b8d601f37d__ep1,ep1,test,2040,2119,40.14065170288086,20.67292594909668,0.4222490191459656,0.6770220398902893,0.7821574211120605
long_80f_stride40:1796b943-caad-43c6-b9bd-80b8d601f37d__ep1:qa:44,1796b943-caad-43c6-b9bd-80b8d601f37d__ep1,ep1,test,2080,2159,39.42224884033203,11.602643966674805,0.6189630627632141,1.0105366706848145,1.166845440864563
long_80f_stride40:1796b943-caad-43c6-b9bd-80b8d601f37d__ep1:qa:45,1796b943-caad-43c6-b9bd-80b8d601f37d__ep1,ep1,test,2120,2199,44.335235595703125,10.757174491882324,0.8329921960830688,1.3241088390350342,1.8338303565979004
long_80f_stride40:1796b943-caad-43c6-b9bd-80b8d601f37d__ep1:qa:46,1796b943-caad-43c6-b9bd-80b8d601f37d__ep1,ep1,test,2160,2239,40.75651931762695,11.512615203857422,0.8007872104644775,1.3458706140518188,1.842635154724121
long_80f_stride40:1796b943-caad-43c6-b9bd-80b8d601f37d__ep1:qa:47,1796b943-caad-43c6-b9bd-80b8d601f37d__ep1,ep1,test,2200,2279,38.97378921508789,13.250974655151367,0.7176556587219238,1.0665568113327026,1.5635595321655273
long_80f_stride40:1796b943-caad-43c6-b9bd-80b8d601f37d__ep1:qa:48,1796b943-caad-43c6-b9bd-80b8d601f37d__ep1,ep1,test,2240,2319,39.19778060913086,32.56077575683594,0.4758891463279724,0.9618783593177795,1.204664945602417
long_80f_stride40:1796b943-caad-43c6-b9bd-80b8d601f37d__ep1:qa:49,1796b943-caad-43c6-b9bd-80b8d601f37d__ep1,ep1,test,2280,2359,39.19778060913086,5.3996100425720215,0.7505622506141663,1.1439332962036133,1.400101661682129
long_80f_stride40:1796b943-caad-43c6-b9bd-80b8d601f37d__ep1:qa:50,1796b943-caad-43c6-b9bd-80b8d601f37d__ep1,ep1,test,2320,2399,40.0634651184082,13.64703369140625,0.680776834487915,1.1263216733932495,1.3723899126052856
long_80f_stride40:1796b943-caad-43c6-b9bd-80b8d601f37d__ep1:qa:51,1796b943-caad-43c6-b9bd-80b8d601f37d__ep1,ep1,test,2400,2479,40.23829650878906,21.13711166381836,0.4245564043521881,0.6845382452011108,0.8306989669799805
long_80f_stride40:1796b943-caad-43c6-b9bd-80b8d601f37d__ep1:qa:52,1796b943-caad-43c6-b9bd-80b8d601f37d__ep1,ep1,test,2440,2519,40.654178619384766,18.9953556060791,0.4858306646347046,0.7829270958900452,0.9447972178459167
long_80f_stride40:1796b943-caad-43c6-b9bd-80b8d601f37d__ep1:qa:53,1796b943-caad-43c6-b9bd-80b8d601f37d__ep1,ep1,test,2480,2559,41.03504943847656,19.58019256591797,0.4991806149482727,0.7883946299552917,0.9721115231513977
long_80f_stride40:1796b943-caad-43c6-b9bd-80b8d601f37d__ep1:qa:54,1796b943-caad-43c6-b9bd-80b8d601f37d__ep1,ep1,test,2520,2599,41.10285568237305,14.072871208190918,0.644858181476593,1.1360015869140625,1.3110216856002808
long_80f_stride40:1796b943-caad-43c6-b9bd-80b8d601f37d__ep1:qa:55,1796b943-caad-43c6-b9bd-80b8d601f37d__ep1,ep1,test,2560,2639,40.9745979309082,13.268281936645508,0.6332277059555054,1.0599327087402344,1.237140417098999
long_80f_stride40:1796b943-caad-43c6-b9bd-80b8d601f37d__ep1:qa:56,1796b943-caad-43c6-b9bd-80b8d601f37d__ep1,ep1,test,2600,2679,33.62922668457031,17.808029174804688,0.5379247069358826,0.7491317987442017,0.9938703179359436
long_80f_stride40:1796b943-caad-43c6-b9bd-80b8d601f37d__ep1:qa:57,1796b943-caad-43c6-b9bd-80b8d601f37d__ep1,ep1,test,2640,2719,40.20542907714844,13.869709014892578,0.5976127982139587,0.9766693711280823,1.1296199560165405
long_80f_stride40:1796b943-caad-43c6-b9bd-80b8d601f37d__ep1:qa:58,1796b943-caad-43c6-b9bd-80b8d601f37d__ep1,ep1,test,2680,2759,40.20542907714844,16.27195167541504,0.5692666172981262,0.8962556719779968,1.076371431350708
long_80f_stride40:1796b943-caad-43c6-b9bd-80b8d601f37d__ep1:qa:59,1796b943-caad-43c6-b9bd-80b8d601f37d__ep1,ep1,test,2720,2799,40.14773178100586,22.43137550354004,0.39941897988319397,0.6565837860107422,0.8055679202079773
long_80f_stride40:1796b943-caad-43c6-b9bd-80b8d601f37d__ep1:qa:60,1796b943-caad-43c6-b9bd-80b8d601f37d__ep1,ep1,test,2800,2879,39.89588928222656,12.065217971801758,0.6979476809501648,1.1980767250061035,1.3928766250610352
long_80f_stride40:1796b943-caad-43c6-b9bd-80b8d601f37d__ep1:qa:61,1796b943-caad-43c6-b9bd-80b8d601f37d__ep1,ep1,test,2840,2919,39.28929138183594,14.269091606140137,0.562732458114624,0.9551717042922974,1.095986247062683
long_80f_stride40:1796b943-caad-43c6-b9bd-80b8d601f37d__ep1:qa:62,1796b943-caad-43c6-b9bd-80b8d601f37d__ep1,ep1,test,2880,2959,39.385746002197266,16.30095863342285,0.5142985582351685,0.8535649180412292,0.9897340536117554
long_80f_stride40:1796b943-caad-43c6-b9bd-80b8d601f37d__ep1:qa:63,1796b943-caad-43c6-b9bd-80b8d601f37d__ep1,ep1,test,2920,2999,39.682552337646484,24.385393142700195,0.32723936438560486,0.5446673631668091,0.632134199142456
long_80f_stride40:1796b943-caad-43c6-b9bd-80b8d601f37d__ep1:qa:64,1796b943-caad-43c6-b9bd-80b8d601f37d__ep1,ep1,test,2960,3039,39.88277816772461,15.307966232299805,0.5682752132415771,0.9794270992279053,1.1336554288864136
long_80f_stride40:1796b943-caad-43c6-b9bd-80b8d601f37d__ep1:qa:65,1796b943-caad-43c6-b9bd-80b8d601f37d__ep1,ep1,test,3000,3079,39.94495391845703,24.267353057861328,0.3758874237537384,0.6307999491691589,0.739719033241272
long_80f_stride40:1796b943-caad-43c6-b9bd-80b8d601f37d__ep1:qa:66,1796b943-caad-43c6-b9bd-80b8d601f37d__ep1,ep1,test,3040,3119,39.982810974121094,29.74372673034668,0.26873698830604553,0.4736841022968292,0.5609581470489502
long_80f_stride40:1796b943-caad-43c6-b9bd-80b8d601f37d__ep1:qa:67,1796b943-caad-43c6-b9bd-80b8d601f37d__ep1,ep1,test,3080,3159,40.01235580444336,26.372404098510742,0.3272417485713959,0.5405165553092957,0.6361977458000183
long_80f_stride40:1796b943-caad-43c6-b9bd-80b8d601f37d__ep1:qa:68,1796b943-caad-43c6-b9bd-80b8d601f37d__ep1,ep1,test,3120,3199,40.00042724609375,27.07086753845215,0.3391396403312683,0.597154438495636,0.7037656903266907
long_80f_stride40:1796b943-caad-43c6-b9bd-80b8d601f37d__ep1:qa:69,1796b943-caad-43c6-b9bd-80b8d601f37d__ep1,ep1,test,3160,3239,39.99884796142578,25.51561737060547,0.36410006880760193,0.6214368343353271,0.7319237589836121
long_80f_stride40:1796b943-caad-43c6-b9bd-80b8d601f37d__ep1:qa:70,1796b943-caad-43c6-b9bd-80b8d601f37d__ep1,ep1,test,3200,3279,39.97269821166992,25.399839401245117,0.34746697545051575,0.5855950117111206,0.6859944462776184
long_80f_stride40:1796b943-caad-43c6-b9bd-80b8d601f37d__ep1:qa:71,1796b943-caad-43c6-b9bd-80b8d601f37d__ep1,ep1,test,3240,3319,39.94140625,24.591073989868164,0.3588772714138031,0.611580491065979,0.7112516164779663
long_80f_stride40:1796b943-caad-43c6-b9bd-80b8d601f37d__ep1:qa:72,1796b943-caad-43c6-b9bd-80b8d601f37d__ep1,ep1,test,3280,3359,39.67888641357422,26.17354965209961,0.33732518553733826,0.591055691242218,0.7001360654830933
long_80f_stride40:1796b943-caad-43c6-b9bd-80b8d601f37d__ep1:qa:73,1796b943-caad-43c6-b9bd-80b8d601f37d__ep1,ep1,test,3320,3399,39.301170349121094,18.83896827697754,0.46451759338378906,0.7594563364982605,0.8849302530288696
long_80f_stride40:1796b943-caad-43c6-b9bd-80b8d601f37d__ep1:qa:74,1796b943-caad-43c6-b9bd-80b8d601f37d__ep1,ep1,test,3360,3439,39.16737365722656,11.644454002380371,0.6013373136520386,0.9746986627578735,1.1211867332458496
long_80f_stride40:1796b943-caad-43c6-b9bd-80b8d601f37d__ep1:qa:75,1796b943-caad-43c6-b9bd-80b8d601f37d__ep1,ep1,test,3400,3479,39.428001403808594,19.03243064880371,0.4664883017539978,0.7598458528518677,0.8756952881813049
long_80f_stride40:1796b943-caad-43c6-b9bd-80b8d601f37d__ep1:qa:76,1796b943-caad-43c6-b9bd-80b8d601f37d__ep1,ep1,test,3440,3519,39.66709518432617,14.866325378417969,0.5472571849822998,0.886680006980896,1.025421380996704
long_80f_stride40:1796b943-caad-43c6-b9bd-80b8d601f37d__ep1:qa:77,1796b943-caad-43c6-b9bd-80b8d601f37d__ep1,ep1,test,3480,3559,39.62165832519531,15.440070152282715,0.5403783321380615,0.881483793258667,1.0152192115783691
long_80f_stride40:1796b943-caad-43c6-b9bd-80b8d601f37d__ep1:qa:78,1796b943-caad-43c6-b9bd-80b8d601f37d__ep1,ep1,test,3520,3599,40.694793701171875,20.244672775268555,0.47457239031791687,0.758672297000885,0.904790997505188
long_80f_stride40:1796b943-caad-43c6-b9bd-80b8d601f37d__ep1:qa:79,1796b943-caad-43c6-b9bd-80b8d601f37d__ep1,ep1,test,3560,3639,41.09902572631836,21.023279190063477,0.47451990842819214,0.7792601585388184,0.9067360162734985
long_80f_stride40:1796b943-caad-43c6-b9bd-80b8d601f37d__ep1:qa:80,1796b943-caad-43c6-b9bd-80b8d601f37d__ep1,ep1,test,3600,3679,41.09434127807617,15.135409355163574,0.5944814682006836,0.9636319279670715,1.1291395425796509
long_80f_stride40:1796b943-caad-43c6-b9bd-80b8d601f37d__ep1:qa:81,1796b943-caad-43c6-b9bd-80b8d601f37d__ep1,ep1,test,3640,3719,40.55292510986328,15.323784828186035,0.5578925609588623,0.9427915215492249,1.0936775207519531
long_80f_stride40:1796b943-caad-43c6-b9bd-80b8d601f37d__ep1:qa:82,1796b943-caad-43c6-b9bd-80b8d601f37d__ep1,ep1,test,3680,3759,40.15556716918945,17.096681594848633,0.5068719983100891,0.8212734460830688,0.9536167979240417
long_80f_stride40:1796b943-caad-43c6-b9bd-80b8d601f37d__ep1:qa:83,1796b943-caad-43c6-b9bd-80b8d601f37d__ep1,ep1,test,3720,3799,40.554962158203125,15.216712951660156,0.6461879014968872,1.1642751693725586,1.3552227020263672
long_80f_stride40:1796b943-caad-43c6-b9bd-80b8d601f37d__ep1:qa:84,1796b943-caad-43c6-b9bd-80b8d601f37d__ep1,ep1,test,3760,3839,41.16090774536133,11.99811840057373,0.7170599699020386,1.2230229377746582,1.427026391029358
long_80f_stride40:1796b943-caad-43c6-b9bd-80b8d601f37d__ep1:qa:85,1796b943-caad-43c6-b9bd-80b8d601f37d__ep1,ep1,test,3800,3879,41.71339797973633,12.257752418518066,0.7027550339698792,1.1948903799057007,1.3913919925689697
long_80f_stride40:1796b943-caad-43c6-b9bd-80b8d601f37d__ep1:qa:86,1796b943-caad-43c6-b9bd-80b8d601f37d__ep1,ep1,test,3840,3919,41.4489631652832,12.679238319396973,0.6833983063697815,1.1718178987503052,1.3574951887130737
long_80f_stride40:1796b943-caad-43c6-b9bd-80b8d601f37d__ep1:qa:87,1796b943-caad-43c6-b9bd-80b8d601f37d__ep1,ep1,test,3880,3959,41.08045959472656,18.237979888916016,0.5047954320907593,0.8158212900161743,0.968182384967804
long_80f_stride40:1796b943-caad-43c6-b9bd-80b8d601f37d__ep1:qa:88,1796b943-caad-43c6-b9bd-80b8d601f37d__ep1,ep1,test,3920,3999,40.805694580078125,16.39533042907715,0.5339853167533875,0.8653925657272339,1.0095387697219849
long_80f_stride40:1796b943-caad-43c6-b9bd-80b8d601f37d__ep1:qa:89,1796b943-caad-43c6-b9bd-80b8d601f37d__ep1,ep1,test,3960,4039,40.7672119140625,25.10813331604004,0.3681976795196533,0.5385608077049255,0.6465067267417908
long_80f_stride40:1796b943-caad-43c6-b9bd-80b8d601f37d__ep1:qa:90,1796b943-caad-43c6-b9bd-80b8d601f37d__ep1,ep1,test,4000,4079,40.52625274658203,17.95941925048828,0.5310114622116089,0.8487223386764526,0.9948232173919678
long_80f_stride40:1796b943-caad-43c6-b9bd-80b8d601f37d__ep1:qa:91,1796b943-caad-43c6-b9bd-80b8d601f37d__ep1,ep1,test,4040,4119,39.959285736083984,17.31390380859375,0.5066540241241455,0.8513196706771851,1.0039880275726318
long_80f_stride40:1796b943-caad-43c6-b9bd-80b8d601f37d__ep1:qa:92,1796b943-caad-43c6-b9bd-80b8d601f37d__ep1,ep1,test,4080,4159,39.76068878173828,17.080976486206055,0.5329842567443848,0.9271586537361145,1.081939458847046
long_80f_stride40:ba18b7c1-21ff-45da-8452-41acce7fc8de__ep2:qa:0,ba18b7c1-21ff-45da-8452-41acce7fc8de__ep2,ep2,test,0,79,0.0,7.169469833374023,0.1487704962491989,0.2414086014032364,0.33259332180023193
long_80f_stride40:ba18b7c1-21ff-45da-8452-41acce7fc8de__ep2:qa:1,ba18b7c1-21ff-45da-8452-41acce7fc8de__ep2,ep2,test,40,119,0.0,11.372172355651855,0.1997213363647461,0.3829209506511688,0.4710460305213928
long_80f_stride40:ba18b7c1-21ff-45da-8452-41acce7fc8de__ep2:qa:2,ba18b7c1-21ff-45da-8452-41acce7fc8de__ep2,ep2,test,80,159,0.0,11.993322372436523,0.23367707431316376,0.403836190700531,0.5556887984275818
long_80f_stride40:ba18b7c1-21ff-45da-8452-41acce7fc8de__ep2:qa:3,ba18b7c1-21ff-45da-8452-41acce7fc8de__ep2,ep2,test,120,199,17.14857292175293,10.54218578338623,0.3103768229484558,0.4280351400375366,0.6111713647842407
long_80f_stride40:ba18b7c1-21ff-45da-8452-41acce7fc8de__ep2:qa:4,ba18b7c1-21ff-45da-8452-41acce7fc8de__ep2,ep2,test,160,239,16.804794311523438,12.567566871643066,0.18707607686519623,0.31590381264686584,0.3752841651439667
long_80f_stride40:ba18b7c1-21ff-45da-8452-41acce7fc8de__ep2:qa:5,ba18b7c1-21ff-45da-8452-41acce7fc8de__ep2,ep2,test,200,279,14.606870651245117,11.905343055725098,0.22383345663547516,0.32613906264305115,0.4426986873149872
long_80f_stride40:ba18b7c1-21ff-45da-8452-41acce7fc8de__ep2:qa:6,ba18b7c1-21ff-45da-8452-41acce7fc8de__ep2,ep2,test,240,319,14.740168571472168,9.832877159118652,0.2269456684589386,0.29604268074035645,0.4185989201068878
long_80f_stride40:ba18b7c1-21ff-45da-8452-41acce7fc8de__ep2:qa:7,ba18b7c1-21ff-45da-8452-41acce7fc8de__ep2,ep2,test,280,359,17.29761505126953,12.31038761138916,0.15891046822071075,0.2805352509021759,0.34220606088638306
long_80f_stride40:ba18b7c1-21ff-45da-8452-41acce7fc8de__ep2:qa:8,ba18b7c1-21ff-45da-8452-41acce7fc8de__ep2,ep2,test,320,399,17.104263305664062,11.931278228759766,0.19576428830623627,0.2774069309234619,0.3713156580924988
long_80f_stride40:ba18b7c1-21ff-45da-8452-41acce7fc8de__ep2:qa:9,ba18b7c1-21ff-45da-8452-41acce7fc8de__ep2,ep2,test,360,439,16.775306701660156,12.36507797241211,0.1586083471775055,0.24996168911457062,0.3195314109325409
long_80f_stride40:ba18b7c1-21ff-45da-8452-41acce7fc8de__ep2:qa:10,ba18b7c1-21ff-45da-8452-41acce7fc8de__ep2,ep2,test,400,479,16.65571403503418,11.808287620544434,0.20123985409736633,0.32811540365219116,0.4122390151023865
long_80f_stride40:ba18b7c1-21ff-45da-8452-41acce7fc8de__ep2:qa:11,ba18b7c1-21ff-45da-8452-41acce7fc8de__ep2,ep2,test,440,519,15.428092002868652,11.471656799316406,0.36068594455718994,0.47417595982551575,0.68201744556427
long_80f_stride40:ba18b7c1-21ff-45da-8452-41acce7fc8de__ep2:qa:12,ba18b7c1-21ff-45da-8452-41acce7fc8de__ep2,ep2,test,480,559,12.87168025970459,11.807254791259766,0.2633500099182129,0.3580477833747864,0.5357176065444946
long_80f_stride40:ba18b7c1-21ff-45da-8452-41acce7fc8de__ep2:qa:13,ba18b7c1-21ff-45da-8452-41acce7fc8de__ep2,ep2,test,520,599,16.362138748168945,8.48672866821289,0.20063211023807526,0.31870830059051514,0.369171142578125
long_80f_stride40:ba18b7c1-21ff-45da-8452-41acce7fc8de__ep2:qa:14,ba18b7c1-21ff-45da-8452-41acce7fc8de__ep2,ep2,test,560,639,16.362138748168945,3.4002909660339355,0.320863276720047,0.469411164522171,0.564233660697937
long_80f_stride40:ba18b7c1-21ff-45da-8452-41acce7fc8de__ep2:qa:15,ba18b7c1-21ff-45da-8452-41acce7fc8de__ep2,ep2,test,600,679,16.362138748168945,16.314104080200195,0.11117494106292725,0.16881240904331207,0.22404280304908752
long_80f_stride40:ba18b7c1-21ff-45da-8452-41acce7fc8de__ep2:qa:19,ba18b7c1-21ff-45da-8452-41acce7fc8de__ep2,ep2,test,800,879,16.577125549316406,14.041254997253418,0.1051255464553833,0.1878059357404709,0.24665360152721405
long_80f_stride40:ba18b7c1-21ff-45da-8452-41acce7fc8de__ep2:qa:20,ba18b7c1-21ff-45da-8452-41acce7fc8de__ep2,ep2,test,840,919,16.589139938354492,13.030616760253906,0.1482209414243698,0.2587491273880005,0.3032665252685547
long_80f_stride40:ba18b7c1-21ff-45da-8452-41acce7fc8de__ep2:qa:21,ba18b7c1-21ff-45da-8452-41acce7fc8de__ep2,ep2,test,880,959,16.66364860534668,12.7119779586792,0.12592574954032898,0.23831841349601746,0.27854686975479126
long_80f_stride40:ba18b7c1-21ff-45da-8452-41acce7fc8de__ep2:qa:22,ba18b7c1-21ff-45da-8452-41acce7fc8de__ep2,ep2,test,920,999,16.760696411132812,11.313064575195312,0.16173596680164337,0.2910194396972656,0.3387584686279297
long_80f_stride40:ba18b7c1-21ff-45da-8452-41acce7fc8de__ep2:qa:23,ba18b7c1-21ff-45da-8452-41acce7fc8de__ep2,ep2,test,960,1039,16.66490936279297,11.810600280761719,0.19170726835727692,0.33416178822517395,0.39106127619743347
long_80f_stride40:ba18b7c1-21ff-45da-8452-41acce7fc8de__ep2:qa:24,ba18b7c1-21ff-45da-8452-41acce7fc8de__ep2,ep2,test,1000,1079,15.101658821105957,13.196072578430176,0.21540524065494537,0.33251866698265076,0.42772385478019714
long_80f_stride40:ba18b7c1-21ff-45da-8452-41acce7fc8de__ep2:qa:25,ba18b7c1-21ff-45da-8452-41acce7fc8de__ep2,ep2,test,1040,1119,16.67010498046875,13.184829711914062,0.13148316740989685,0.2312249392271042,0.2760910093784332
long_80f_stride40:ba18b7c1-21ff-45da-8452-41acce7fc8de__ep2:qa:26,ba18b7c1-21ff-45da-8452-41acce7fc8de__ep2,ep2,test,1080,1159,16.67010498046875,15.364249229431152,0.07979553192853928,0.11736922711133957,0.1584671139717102
long_80f_stride40:ba18b7c1-21ff-45da-8452-41acce7fc8de__ep2:qa:27,ba18b7c1-21ff-45da-8452-41acce7fc8de__ep2,ep2,test,1120,1199,16.130023956298828,14.653496742248535,0.07531115412712097,0.10920526832342148,0.14273680746555328
long_80f_stride40:ba18b7c1-21ff-45da-8452-41acce7fc8de__ep2:qa:28,ba18b7c1-21ff-45da-8452-41acce7fc8de__ep2,ep2,test,1200,1279,17.5941162109375,10.378901481628418,0.2501241862773895,0.38911381363868713,0.4819272756576538
long_80f_stride40:ba18b7c1-21ff-45da-8452-41acce7fc8de__ep2:qa:29,ba18b7c1-21ff-45da-8452-41acce7fc8de__ep2,ep2,test,1240,1319,17.881248474121094,10.079559326171875,0.2369607388973236,0.34093230962753296,0.4380100667476654
long_80f_stride40:ba18b7c1-21ff-45da-8452-41acce7fc8de__ep2:qa:30,ba18b7c1-21ff-45da-8452-41acce7fc8de__ep2,ep2,test,1280,1359,17.0210018157959,10.979381561279297,0.19105789065361023,0.2845243215560913,0.37014520168304443
long_80f_stride40:ba18b7c1-21ff-45da-8452-41acce7fc8de__ep2:qa:31,ba18b7c1-21ff-45da-8452-41acce7fc8de__ep2,ep2,test,1320,1399,17.323200225830078,10.798186302185059,0.2264196276664734,0.32734164595603943,0.4403058588504791
long_80f_stride40:ba18b7c1-21ff-45da-8452-41acce7fc8de__ep2:qa:32,ba18b7c1-21ff-45da-8452-41acce7fc8de__ep2,ep2,test,1360,1439,16.095335006713867,13.317553520202637,0.11775119602680206,0.19197361171245575,0.24232031404972076
long_80f_stride40:ba18b7c1-21ff-45da-8452-41acce7fc8de__ep2:qa:33,ba18b7c1-21ff-45da-8452-41acce7fc8de__ep2,ep2,test,1400,1479,14.31945514678955,16.665164947509766,0.17409494519233704,0.308821439743042,0.33532246947288513
long_80f_stride40:ba18b7c1-21ff-45da-8452-41acce7fc8de__ep2:qa:34,ba18b7c1-21ff-45da-8452-41acce7fc8de__ep2,ep2,test,1440,1519,14.164101600646973,16.4842586517334,0.1813964694738388,0.3087727427482605,0.3323650658130646
long_80f_stride40:ba18b7c1-21ff-45da-8452-41acce7fc8de__ep2:qa:35,ba18b7c1-21ff-45da-8452-41acce7fc8de__ep2,ep2,test,1480,1559,16.5783748626709,13.275510787963867,0.13228173553943634,0.20913532376289368,0.2711549997329712
long_80f_stride40:ba18b7c1-21ff-45da-8452-41acce7fc8de__ep2:qa:36,ba18b7c1-21ff-45da-8452-41acce7fc8de__ep2,ep2,test,1520,1599,16.890363693237305,11.243610382080078,0.17859506607055664,0.24631159007549286,0.33272871375083923
long_80f_stride40:ba18b7c1-21ff-45da-8452-41acce7fc8de__ep2:qa:37,ba18b7c1-21ff-45da-8452-41acce7fc8de__ep2,ep2,test,1560,1639,14.281194686889648,12.489053726196289,0.17824847996234894,0.2745596468448639,0.34436723589897156
long_80f_stride40:ba18b7c1-21ff-45da-8452-41acce7fc8de__ep2:qa:38,ba18b7c1-21ff-45da-8452-41acce7fc8de__ep2,ep2,test,1600,1679,14.363659858703613,14.19732666015625,0.19512175023555756,0.29325053095817566,0.3771864175796509
long_80f_stride40:ba18b7c1-21ff-45da-8452-41acce7fc8de__ep2:qa:39,ba18b7c1-21ff-45da-8452-41acce7fc8de__ep2,ep2,test,1640,1719,16.557193756103516,12.203758239746094,0.1545882523059845,0.24049820005893707,0.30566897988319397
long_80f_stride40:ba18b7c1-21ff-45da-8452-41acce7fc8de__ep2:qa:40,ba18b7c1-21ff-45da-8452-41acce7fc8de__ep2,ep2,test,1680,1759,16.557193756103516,15.8355131149292,0.04598381370306015,0.0728461742401123,0.09625939279794693
long_80f_stride40:ba18b7c1-21ff-45da-8452-41acce7fc8de__ep2:qa:41,ba18b7c1-21ff-45da-8452-41acce7fc8de__ep2,ep2,test,1720,1799,16.721723556518555,14.411909103393555,0.08243419229984283,0.15452679991722107,0.185752734541893
long_80f_stride40:ba18b7c1-21ff-45da-8452-41acce7fc8de__ep2:qa:42,ba18b7c1-21ff-45da-8452-41acce7fc8de__ep2,ep2,test,1800,1879,16.818889617919922,12.617643356323242,0.12207917869091034,0.2300294190645218,0.269790917634964
long_80f_stride40:ba18b7c1-21ff-45da-8452-41acce7fc8de__ep2:qa:43,ba18b7c1-21ff-45da-8452-41acce7fc8de__ep2,ep2,test,1840,1919,16.699487686157227,12.801980972290039,0.11085757613182068,0.20650696754455566,0.24492427706718445
long_80f_stride40:ba18b7c1-21ff-45da-8452-41acce7fc8de__ep2:qa:44,ba18b7c1-21ff-45da-8452-41acce7fc8de__ep2,ep2,test,1880,1959,16.643892288208008,12.398568153381348,0.15907248854637146,0.2860614061355591,0.33486345410346985
long_80f_stride40:ba18b7c1-21ff-45da-8452-41acce7fc8de__ep2:qa:45,ba18b7c1-21ff-45da-8452-41acce7fc8de__ep2,ep2,test,1920,1999,16.88113784790039,12.844011306762695,0.12457048892974854,0.2177208960056305,0.2729090750217438
long_80f_stride40:ba18b7c1-21ff-45da-8452-41acce7fc8de__ep2:qa:46,ba18b7c1-21ff-45da-8452-41acce7fc8de__ep2,ep2,test,1960,2039,17.191753387451172,12.893417358398438,0.11772804707288742,0.20449799299240112,0.2460804581642151
long_80f_stride40:ba18b7c1-21ff-45da-8452-41acce7fc8de__ep2:qa:47,ba18b7c1-21ff-45da-8452-41acce7fc8de__ep2,ep2,test,2000,2079,16.561019897460938,15.165382385253906,0.06769300997257233,0.09909399598836899,0.13197310268878937
long_80f_stride40:ba18b7c1-21ff-45da-8452-41acce7fc8de__ep2:qa:48,ba18b7c1-21ff-45da-8452-41acce7fc8de__ep2,ep2,test,2040,2119,16.499956130981445,13.795156478881836,0.09939147531986237,0.15884141623973846,0.20344623923301697
long_80f_stride40:ba18b7c1-21ff-45da-8452-41acce7fc8de__ep2:qa:49,ba18b7c1-21ff-45da-8452-41acce7fc8de__ep2,ep2,test,2080,2159,16.56096839904785,11.091699600219727,0.164521723985672,0.25530070066452026,0.3137701153755188
long_80f_stride40:ba18b7c1-21ff-45da-8452-41acce7fc8de__ep2:qa:50,ba18b7c1-21ff-45da-8452-41acce7fc8de__ep2,ep2,test,2120,2199,16.58502197265625,12.854209899902344,0.12387143820524216,0.21623189747333527,0.26024118065834045
long_80f_stride40:ba18b7c1-21ff-45da-8452-41acce7fc8de__ep2:qa:51,ba18b7c1-21ff-45da-8452-41acce7fc8de__ep2,ep2,test,2160,2239,16.543460845947266,12.42819881439209,0.1340101659297943,0.23080502450466156,0.2753515839576721
long_80f_stride40:ba18b7c1-21ff-45da-8452-41acce7fc8de__ep2:qa:52,ba18b7c1-21ff-45da-8452-41acce7fc8de__ep2,ep2,test,2200,2279,16.580686569213867,13.557709693908691,0.09693431109189987,0.17104828357696533,0.20341770350933075
long_80f_stride40:ba18b7c1-21ff-45da-8452-41acce7fc8de__ep2:qa:53,ba18b7c1-21ff-45da-8452-41acce7fc8de__ep2,ep2,test,2240,2319,16.76483154296875,13.674935340881348,0.10213149338960648,0.17834258079528809,0.21924352645874023
long_80f_stride40:ba18b7c1-21ff-45da-8452-41acce7fc8de__ep2:qa:54,ba18b7c1-21ff-45da-8452-41acce7fc8de__ep2,ep2,test,2280,2359,16.891874313354492,13.368744850158691,0.11526068300008774,0.20924170315265656,0.25140687823295593
long_80f_stride40:ba18b7c1-21ff-45da-8452-41acce7fc8de__ep2:qa:55,ba18b7c1-21ff-45da-8452-41acce7fc8de__ep2,ep2,test,2320,2399,17.220947265625,14.375069618225098,0.07480646669864655,0.1303628534078598,0.1579967439174652
long_80f_stride40:ba18b7c1-21ff-45da-8452-41acce7fc8de__ep2:qa:56,ba18b7c1-21ff-45da-8452-41acce7fc8de__ep2,ep2,test,2360,2439,17.220947265625,12.525189399719238,0.17661121487617493,0.30924907326698303,0.3679882287979126
long_80f_stride40:ba18b7c1-21ff-45da-8452-41acce7fc8de__ep2:qa:57,ba18b7c1-21ff-45da-8452-41acce7fc8de__ep2,ep2,test,2400,2479,17.220947265625,11.308455467224121,0.17719529569149017,0.29438892006874084,0.35804396867752075
long_80f_stride40:ba18b7c1-21ff-45da-8452-41acce7fc8de__ep2:qa:69,ba18b7c1-21ff-45da-8452-41acce7fc8de__ep2,ep2,test,2920,2999,17.225341796875,10.651034355163574,0.15865333378314972,0.2407260537147522,0.2858335077762604
long_80f_stride40:ba18b7c1-21ff-45da-8452-41acce7fc8de__ep2:qa:70,ba18b7c1-21ff-45da-8452-41acce7fc8de__ep2,ep2,test,2960,3039,16.74151611328125,11.681755065917969,0.15134643018245697,0.2514537274837494,0.31473276019096375
long_80f_stride40:ba18b7c1-21ff-45da-8452-41acce7fc8de__ep2:qa:71,ba18b7c1-21ff-45da-8452-41acce7fc8de__ep2,ep2,test,3000,3079,16.351917266845703,12.86755657196045,0.09715346992015839,0.1831425428390503,0.2160610556602478
long_80f_stride40:ba18b7c1-21ff-45da-8452-41acce7fc8de__ep2:qa:72,ba18b7c1-21ff-45da-8452-41acce7fc8de__ep2,ep2,test,3040,3119,14.270119667053223,12.444125175476074,0.2502959370613098,0.32797783613204956,0.4814812242984772
long_80f_stride40:ba18b7c1-21ff-45da-8452-41acce7fc8de__ep2:qa:73,ba18b7c1-21ff-45da-8452-41acce7fc8de__ep2,ep2,test,3080,3159,16.475046157836914,9.600029945373535,0.21756801009178162,0.3212417960166931,0.4151102602481842
long_80f_stride40:ba18b7c1-21ff-45da-8452-41acce7fc8de__ep2:qa:74,ba18b7c1-21ff-45da-8452-41acce7fc8de__ep2,ep2,test,3120,3199,16.497589111328125,11.13346004486084,0.1874067187309265,0.30929654836654663,0.37490880489349365
long_80f_stride40:ba18b7c1-21ff-45da-8452-41acce7fc8de__ep2:qa:75,ba18b7c1-21ff-45da-8452-41acce7fc8de__ep2,ep2,test,3160,3239,16.354568481445312,13.020236015319824,0.12428349256515503,0.1823527067899704,0.2357749193906784
long_80f_stride40:ba18b7c1-21ff-45da-8452-41acce7fc8de__ep2:qa:76,ba18b7c1-21ff-45da-8452-41acce7fc8de__ep2,ep2,test,3200,3279,16.570816040039062,11.114782333374023,0.1696145087480545,0.29922226071357727,0.35617080330848694
long_80f_stride40:ba18b7c1-21ff-45da-8452-41acce7fc8de__ep2:qa:77,ba18b7c1-21ff-45da-8452-41acce7fc8de__ep2,ep2,test,3240,3319,16.92337989807129,11.582738876342773,0.17389433085918427,0.32142820954322815,0.37378600239753723
long_80f_stride40:ba18b7c1-21ff-45da-8452-41acce7fc8de__ep2:qa:78,ba18b7c1-21ff-45da-8452-41acce7fc8de__ep2,ep2,test,3280,3359,16.92337989807129,11.403745651245117,0.17868845164775848,0.33220428228378296,0.38513535261154175
long_80f_stride40:ba18b7c1-21ff-45da-8452-41acce7fc8de__ep2:qa:79,ba18b7c1-21ff-45da-8452-41acce7fc8de__ep2,ep2,test,3320,3399,17.004610061645508,11.404308319091797,0.20013995468616486,0.34129491448402405,0.4058641195297241
long_80f_stride40:ba18b7c1-21ff-45da-8452-41acce7fc8de__ep2:qa:80,ba18b7c1-21ff-45da-8452-41acce7fc8de__ep2,ep2,test,3400,3479,17.019248962402344,14.355862617492676,0.11190134286880493,0.19342747330665588,0.26227980852127075
long_80f_stride40:ba18b7c1-21ff-45da-8452-41acce7fc8de__ep2:qa:81,ba18b7c1-21ff-45da-8452-41acce7fc8de__ep2,ep2,test,3440,3519,16.503049850463867,14.617927551269531,0.11480963975191116,0.1781138926744461,0.2563830018043518
long_80f_stride40:ba18b7c1-21ff-45da-8452-41acce7fc8de__ep2:qa:82,ba18b7c1-21ff-45da-8452-41acce7fc8de__ep2,ep2,test,3480,3559,16.77511215209961,10.726757049560547,0.19014593958854675,0.2711883783340454,0.3675302267074585
long_80f_stride40:ba18b7c1-21ff-45da-8452-41acce7fc8de__ep2:qa:83,ba18b7c1-21ff-45da-8452-41acce7fc8de__ep2,ep2,test,3520,3599,16.827743530273438,13.994477272033691,0.10953082144260406,0.16594421863555908,0.22525811195373535
long_80f_stride40:ba18b7c1-21ff-45da-8452-41acce7fc8de__ep2:qa:84,ba18b7c1-21ff-45da-8452-41acce7fc8de__ep2,ep2,test,3560,3639,16.680992126464844,13.953315734863281,0.1325884312391281,0.18802188336849213,0.26814785599708557
long_80f_stride40:ba18b7c1-21ff-45da-8452-41acce7fc8de__ep2:qa:85,ba18b7c1-21ff-45da-8452-41acce7fc8de__ep2,ep2,test,3600,3679,14.11913013458252,14.463995933532715,0.21692891418933868,0.31045904755592346,0.40837544202804565
long_80f_stride40:ba18b7c1-21ff-45da-8452-41acce7fc8de__ep2:qa:86,ba18b7c1-21ff-45da-8452-41acce7fc8de__ep2,ep2,test,3640,3719,16.995891571044922,11.438285827636719,0.18650545179843903,0.28010085225105286,0.37256020307540894
long_80f_stride40:ba18b7c1-21ff-45da-8452-41acce7fc8de__ep2:qa:87,ba18b7c1-21ff-45da-8452-41acce7fc8de__ep2,ep2,test,3680,3759,16.82581901550293,12.10193920135498,0.18730205297470093,0.2607308626174927,0.3519062399864197
long_80f_stride40:ba18b7c1-21ff-45da-8452-41acce7fc8de__ep2:qa:88,ba18b7c1-21ff-45da-8452-41acce7fc8de__ep2,ep2,test,3720,3799,16.73467254638672,11.097485542297363,0.1724770963191986,0.27712681889533997,0.339169979095459
long_80f_stride40:ba18b7c1-21ff-45da-8452-41acce7fc8de__ep2:qa:89,ba18b7c1-21ff-45da-8452-41acce7fc8de__ep2,ep2,test,3760,3839,14.374517440795898,13.208407402038574,0.183410182595253,0.29830238223075867,0.37100499868392944
long_80f_stride40:ba18b7c1-21ff-45da-8452-41acce7fc8de__ep2:qa:90,ba18b7c1-21ff-45da-8452-41acce7fc8de__ep2,ep2,test,3800,3879,14.416351318359375,12.27795124053955,0.19198156893253326,0.2870468497276306,0.38019880652427673
long_80f_stride40:ba18b7c1-21ff-45da-8452-41acce7fc8de__ep2:qa:91,ba18b7c1-21ff-45da-8452-41acce7fc8de__ep2,ep2,test,3840,3919,16.462139129638672,13.63886547088623,0.11452770233154297,0.20119817554950714,0.27328020334243774
long_80f_stride40:ba18b7c1-21ff-45da-8452-41acce7fc8de__ep2:qa:92,ba18b7c1-21ff-45da-8452-41acce7fc8de__ep2,ep2,test,3880,3959,16.309816360473633,11.055302619934082,0.1712218075990677,0.27027297019958496,0.3340383470058441
long_80f_stride40:ba18b7c1-21ff-45da-8452-41acce7fc8de__ep2:qa:93,ba18b7c1-21ff-45da-8452-41acce7fc8de__ep2,ep2,test,3920,3999,16.550209045410156,10.603500366210938,0.19916214048862457,0.296295166015625,0.37986302375793457
long_80f_stride40:ba18b7c1-21ff-45da-8452-41acce7fc8de__ep2:qa:94,ba18b7c1-21ff-45da-8452-41acce7fc8de__ep2,ep2,test,3960,4039,16.550209045410156,12.111576080322266,0.12656955420970917,0.21039080619812012,0.26092642545700073
long_80f_stride40:ba18b7c1-21ff-45da-8452-41acce7fc8de__ep2:qa:95,ba18b7c1-21ff-45da-8452-41acce7fc8de__ep2,ep2,test,4000,4079,16.550209045410156,13.787036895751953,0.13831008970737457,0.19142372906208038,0.2773740291595459
long_80f_stride40:ba18b7c1-21ff-45da-8452-41acce7fc8de__ep2:qa:114,ba18b7c1-21ff-45da-8452-41acce7fc8de__ep2,ep2,test,4800,4879,16.427234649658203,13.491588592529297,0.11210780590772629,0.1978970319032669,0.2410871833562851
long_80f_stride40:ba18b7c1-21ff-45da-8452-41acce7fc8de__ep2:qa:115,ba18b7c1-21ff-45da-8452-41acce7fc8de__ep2,ep2,test,4840,4919,16.762733459472656,12.306638717651367,0.17448626458644867,0.31534862518310547,0.3670060634613037
long_80f_stride40:ba18b7c1-21ff-45da-8452-41acce7fc8de__ep2:qa:116,ba18b7c1-21ff-45da-8452-41acce7fc8de__ep2,ep2,test,4880,4959,16.65285873413086,14.257338523864746,0.11007232218980789,0.21112248301506042,0.24655680358409882
long_80f_stride40:ba18b7c1-21ff-45da-8452-41acce7fc8de__ep2:qa:117,ba18b7c1-21ff-45da-8452-41acce7fc8de__ep2,ep2,test,4920,4999,16.759023666381836,12.962383270263672,0.16448652744293213,0.2748282849788666,0.32170602679252625
long_80f_stride40:ba18b7c1-21ff-45da-8452-41acce7fc8de__ep2:qa:118,ba18b7c1-21ff-45da-8452-41acce7fc8de__ep2,ep2,test,4960,5039,16.642147064208984,11.640053749084473,0.18343213200569153,0.3227665424346924,0.3799983263015747
long_80f_stride40:ba18b7c1-21ff-45da-8452-41acce7fc8de__ep2:qa:119,ba18b7c1-21ff-45da-8452-41acce7fc8de__ep2,ep2,test,5000,5079,17.46433448791504,13.701584815979004,0.26566609740257263,0.39359351992607117,0.5131589770317078
long_80f_stride40:ba18b7c1-21ff-45da-8452-41acce7fc8de__ep2:qa:120,ba18b7c1-21ff-45da-8452-41acce7fc8de__ep2,ep2,test,5040,5119,14.756657600402832,12.795371055603027,0.20855823159217834,0.29668083786964417,0.41275206208229065
long_80f_stride40:ba18b7c1-21ff-45da-8452-41acce7fc8de__ep2:qa:121,ba18b7c1-21ff-45da-8452-41acce7fc8de__ep2,ep2,test,5080,5159,17.429922103881836,13.308847427368164,0.3186473250389099,0.4493502974510193,0.605094850063324
long_80f_stride40:ba18b7c1-21ff-45da-8452-41acce7fc8de__ep2:qa:122,ba18b7c1-21ff-45da-8452-41acce7fc8de__ep2,ep2,test,5120,5199,16.818134307861328,7.850953578948975,0.24099017679691315,0.36125725507736206,0.45469561219215393
long_80f_stride40:ba18b7c1-21ff-45da-8452-41acce7fc8de__ep2:qa:123,ba18b7c1-21ff-45da-8452-41acce7fc8de__ep2,ep2,test,5160,5239,16.643293380737305,19.5068302154541,0.10221192240715027,0.15331009030342102,0.20940552651882172
long_80f_stride40:ba18b7c1-21ff-45da-8452-41acce7fc8de__ep2:qa:124,ba18b7c1-21ff-45da-8452-41acce7fc8de__ep2,ep2,test,5200,5279,16.566123962402344,13.65955924987793,0.10492759943008423,0.16341769695281982,0.20737603306770325
long_80f_stride40:b6579cb5-0a71-4ca6-8808-1e2700be05c7__ep3:qa:0,b6579cb5-0a71-4ca6-8808-1e2700be05c7__ep3,ep3,test,0,79,12.75728702545166,11.739900588989258,0.04624536260962486,0.0684448704123497,0.0918644517660141
long_80f_stride40:b6579cb5-0a71-4ca6-8808-1e2700be05c7__ep3:qa:1,b6579cb5-0a71-4ca6-8808-1e2700be05c7__ep3,ep3,test,40,119,12.920134544372559,12.364562034606934,0.04277509078383446,0.06595803052186966,0.090190589427948
long_80f_stride40:b6579cb5-0a71-4ca6-8808-1e2700be05c7__ep3:qa:2,b6579cb5-0a71-4ca6-8808-1e2700be05c7__ep3,ep3,test,80,159,13.849803924560547,12.838109016418457,0.05638551712036133,0.0977916568517685,0.12199725955724716
long_80f_stride40:b6579cb5-0a71-4ca6-8808-1e2700be05c7__ep3:qa:3,b6579cb5-0a71-4ca6-8808-1e2700be05c7__ep3,ep3,test,120,199,13.755790710449219,11.704744338989258,0.09308785200119019,0.13296255469322205,0.17775997519493103
long_80f_stride40:b6579cb5-0a71-4ca6-8808-1e2700be05c7__ep3:qa:4,b6579cb5-0a71-4ca6-8808-1e2700be05c7__ep3,ep3,test,160,239,13.755790710449219,13.26507568359375,0.08775922656059265,0.13305406272411346,0.18057207763195038
long_80f_stride40:b6579cb5-0a71-4ca6-8808-1e2700be05c7__ep3:qa:5,b6579cb5-0a71-4ca6-8808-1e2700be05c7__ep3,ep3,test,200,279,12.94891357421875,12.002717971801758,0.06737923622131348,0.095039963722229,0.13188929855823517
long_80f_stride40:b6579cb5-0a71-4ca6-8808-1e2700be05c7__ep3:qa:6,b6579cb5-0a71-4ca6-8808-1e2700be05c7__ep3,ep3,test,280,359,12.535041809082031,11.525915145874023,0.06620626896619797,0.09208370745182037,0.12501733005046844
long_80f_stride40:b6579cb5-0a71-4ca6-8808-1e2700be05c7__ep3:qa:7,b6579cb5-0a71-4ca6-8808-1e2700be05c7__ep3,ep3,test,320,399,11.454689979553223,11.903966903686523,0.11210551112890244,0.15495328605175018,0.2108433097600937
long_80f_stride40:b6579cb5-0a71-4ca6-8808-1e2700be05c7__ep3:qa:8,b6579cb5-0a71-4ca6-8808-1e2700be05c7__ep3,ep3,test,360,439,10.553754806518555,11.609947204589844,0.10943325608968735,0.15434908866882324,0.20322543382644653
long_80f_stride40:b6579cb5-0a71-4ca6-8808-1e2700be05c7__ep3:qa:9,b6579cb5-0a71-4ca6-8808-1e2700be05c7__ep3,ep3,test,400,479,8.392674446105957,12.41455364227295,0.09909910708665848,0.15727980434894562,0.19696059823036194
long_80f_stride40:b6579cb5-0a71-4ca6-8808-1e2700be05c7__ep3:qa:10,b6579cb5-0a71-4ca6-8808-1e2700be05c7__ep3,ep3,test,440,519,8.535391807556152,9.34567928314209,0.06130637228488922,0.08346238732337952,0.1174597442150116
long_80f_stride40:b6579cb5-0a71-4ca6-8808-1e2700be05c7__ep3:qa:11,b6579cb5-0a71-4ca6-8808-1e2700be05c7__ep3,ep3,test,480,559,12.715638160705566,9.589733123779297,0.18772535026073456,0.25052350759506226,0.3523090183734894
long_80f_stride40:b6579cb5-0a71-4ca6-8808-1e2700be05c7__ep3:qa:12,b6579cb5-0a71-4ca6-8808-1e2700be05c7__ep3,ep3,test,520,599,12.715638160705566,10.652327537536621,0.05883510410785675,0.09286118298768997,0.12435360252857208
long_80f_stride40:b6579cb5-0a71-4ca6-8808-1e2700be05c7__ep3:qa:13,b6579cb5-0a71-4ca6-8808-1e2700be05c7__ep3,ep3,test,560,639,12.715638160705566,9.98774528503418,0.06765677779912949,0.1107751876115799,0.14304892718791962
long_80f_stride40:b6579cb5-0a71-4ca6-8808-1e2700be05c7__ep3:qa:23,b6579cb5-0a71-4ca6-8808-1e2700be05c7__ep3,ep3,test,1000,1079,12.266702651977539,10.896102905273438,0.0691063404083252,0.10077351331710815,0.136079341173172
long_80f_stride40:b6579cb5-0a71-4ca6-8808-1e2700be05c7__ep3:qa:24,b6579cb5-0a71-4ca6-8808-1e2700be05c7__ep3,ep3,test,1040,1119,12.696288108825684,13.037298202514648,0.06454447656869888,0.10159199684858322,0.12741506099700928
long_80f_stride40:b6579cb5-0a71-4ca6-8808-1e2700be05c7__ep3:qa:25,b6579cb5-0a71-4ca6-8808-1e2700be05c7__ep3,ep3,test,1080,1159,13.722723960876465,13.64254093170166,0.04744071885943413,0.07425617426633835,0.09547720104455948
long_80f_stride40:b6579cb5-0a71-4ca6-8808-1e2700be05c7__ep3:qa:26,b6579cb5-0a71-4ca6-8808-1e2700be05c7__ep3,ep3,test,1120,1199,13.320043563842773,12.64490032196045,0.06733561307191849,0.10967092216014862,0.14036345481872559
long_80f_stride40:b6579cb5-0a71-4ca6-8808-1e2700be05c7__ep3:qa:27,b6579cb5-0a71-4ca6-8808-1e2700be05c7__ep3,ep3,test,1160,1239,12.398199081420898,12.262276649475098,0.09404485672712326,0.14435221254825592,0.19242513179779053
long_80f_stride40:b6579cb5-0a71-4ca6-8808-1e2700be05c7__ep3:qa:28,b6579cb5-0a71-4ca6-8808-1e2700be05c7__ep3,ep3,test,1200,1279,12.482044219970703,12.557358741760254,0.060196056962013245,0.1111627146601677,0.12186984717845917
long_80f_stride40:b6579cb5-0a71-4ca6-8808-1e2700be05c7__ep3:qa:29,b6579cb5-0a71-4ca6-8808-1e2700be05c7__ep3,ep3,test,1240,1319,12.482044219970703,9.427942276000977,0.08475212752819061,0.13996097445487976,0.1779576987028122
long_80f_stride40:b6579cb5-0a71-4ca6-8808-1e2700be05c7__ep3:qa:30,b6579cb5-0a71-4ca6-8808-1e2700be05c7__ep3,ep3,test,1280,1359,12.482044219970703,10.544248580932617,0.08407753705978394,0.12884856760501862,0.164662167429924
long_80f_stride40:b6579cb5-0a71-4ca6-8808-1e2700be05c7__ep3:qa:32,b6579cb5-0a71-4ca6-8808-1e2700be05c7__ep3,ep3,test,1400,1479,13.361989974975586,10.584258079528809,0.09205567836761475,0.1354733556509018,0.17928080260753632
long_80f_stride40:b6579cb5-0a71-4ca6-8808-1e2700be05c7__ep3:qa:33,b6579cb5-0a71-4ca6-8808-1e2700be05c7__ep3,ep3,test,1440,1519,13.361989974975586,11.242589950561523,0.06326931715011597,0.09260261058807373,0.12420909851789474
long_80f_stride40:b6579cb5-0a71-4ca6-8808-1e2700be05c7__ep3:qa:46,b6579cb5-0a71-4ca6-8808-1e2700be05c7__ep3,ep3,test,2000,2079,12.5654878616333,10.502312660217285,0.06092655286192894,0.09374039620161057,0.11977297067642212
long_80f_stride40:b6579cb5-0a71-4ca6-8808-1e2700be05c7__ep3:qa:47,b6579cb5-0a71-4ca6-8808-1e2700be05c7__ep3,ep3,test,2040,2119,12.568338394165039,11.695569038391113,0.08238742500543594,0.11690705269575119,0.15946345031261444
long_80f_stride40:b6579cb5-0a71-4ca6-8808-1e2700be05c7__ep3:qa:48,b6579cb5-0a71-4ca6-8808-1e2700be05c7__ep3,ep3,test,2080,2159,12.655632972717285,12.996660232543945,0.0813216120004654,0.11137819290161133,0.15406660735607147
long_80f_stride40:b6579cb5-0a71-4ca6-8808-1e2700be05c7__ep3:qa:49,b6579cb5-0a71-4ca6-8808-1e2700be05c7__ep3,ep3,test,2120,2199,12.549661636352539,11.75217056274414,0.06749815493822098,0.09733596444129944,0.13663245737552643
long_80f_stride40:b6579cb5-0a71-4ca6-8808-1e2700be05c7__ep3:qa:50,b6579cb5-0a71-4ca6-8808-1e2700be05c7__ep3,ep3,test,2160,2239,12.42236614227295,11.128921508789062,0.09243077039718628,0.12374568730592728,0.172700434923172
long_80f_stride40:b6579cb5-0a71-4ca6-8808-1e2700be05c7__ep3:qa:51,b6579cb5-0a71-4ca6-8808-1e2700be05c7__ep3,ep3,test,2200,2279,13.085563659667969,13.62289810180664,0.07387466728687286,0.11285878717899323,0.14539173245429993
long_80f_stride40:b6579cb5-0a71-4ca6-8808-1e2700be05c7__ep3:qa:52,b6579cb5-0a71-4ca6-8808-1e2700be05c7__ep3,ep3,test,2240,2319,13.085563659667969,11.96939468383789,0.08730487525463104,0.1252051442861557,0.15982972085475922
long_80f_stride40:b6579cb5-0a71-4ca6-8808-1e2700be05c7__ep3:qa:53,b6579cb5-0a71-4ca6-8808-1e2700be05c7__ep3,ep3,test,2280,2359,13.085563659667969,11.722159385681152,0.08344192802906036,0.1251160353422165,0.15877144038677216
long_80f_stride40:b6579cb5-0a71-4ca6-8808-1e2700be05c7__ep3:qa:55,b6579cb5-0a71-4ca6-8808-1e2700be05c7__ep3,ep3,test,2400,2479,12.659042358398438,14.806343078613281,0.08905699849128723,0.1287713497877121,0.16079001128673553
long_80f_stride40:b6579cb5-0a71-4ca6-8808-1e2700be05c7__ep3:qa:56,b6579cb5-0a71-4ca6-8808-1e2700be05c7__ep3,ep3,test,2440,2519,12.606590270996094,13.806790351867676,0.06687410920858383,0.09893104434013367,0.12809205055236816
long_80f_stride40:b6579cb5-0a71-4ca6-8808-1e2700be05c7__ep3:qa:57,b6579cb5-0a71-4ca6-8808-1e2700be05c7__ep3,ep3,test,2480,2559,13.117070198059082,13.211784362792969,0.05544936656951904,0.08599983900785446,0.10808701068162918
long_80f_stride40:b6579cb5-0a71-4ca6-8808-1e2700be05c7__ep3:qa:58,b6579cb5-0a71-4ca6-8808-1e2700be05c7__ep3,ep3,test,2560,2639,13.188165664672852,12.954769134521484,0.029814355075359344,0.04849174618721008,0.059837691485881805
long_80f_stride40:b6579cb5-0a71-4ca6-8808-1e2700be05c7__ep3:qa:59,b6579cb5-0a71-4ca6-8808-1e2700be05c7__ep3,ep3,test,2600,2679,13.281957626342773,15.066295623779297,0.04463471844792366,0.074368916451931,0.09189806878566742
long_80f_stride40:b6579cb5-0a71-4ca6-8808-1e2700be05c7__ep3:qa:60,b6579cb5-0a71-4ca6-8808-1e2700be05c7__ep3,ep3,test,2640,2719,13.221933364868164,11.424500465393066,0.045952074229717255,0.07092330604791641,0.09613310545682907
long_80f_stride40:b6579cb5-0a71-4ca6-8808-1e2700be05c7__ep3:qa:61,b6579cb5-0a71-4ca6-8808-1e2700be05c7__ep3,ep3,test,2680,2759,12.908231735229492,12.326766967773438,0.022479195147752762,0.033044714480638504,0.04375506192445755
long_80f_stride40:b6579cb5-0a71-4ca6-8808-1e2700be05c7__ep3:qa:62,b6579cb5-0a71-4ca6-8808-1e2700be05c7__ep3,ep3,test,2720,2799,13.002503395080566,11.001311302185059,0.05548027902841568,0.08921162784099579,0.11831073462963104
long_80f_stride40:b6579cb5-0a71-4ca6-8808-1e2700be05c7__ep3:qa:63,b6579cb5-0a71-4ca6-8808-1e2700be05c7__ep3,ep3,test,2760,2839,12.873064041137695,8.4404878616333,0.08651889860630035,0.1670275330543518,0.19984501600265503
long_80f_stride40:b6579cb5-0a71-4ca6-8808-1e2700be05c7__ep3:qa:64,b6579cb5-0a71-4ca6-8808-1e2700be05c7__ep3,ep3,test,2800,2879,12.873064041137695,14.335582733154297,0.04376468062400818,0.07420399785041809,0.09449159353971481
long_80f_stride40:b6579cb5-0a71-4ca6-8808-1e2700be05c7__ep3:qa:65,b6579cb5-0a71-4ca6-8808-1e2700be05c7__ep3,ep3,test,2840,2919,12.873064041137695,12.969670295715332,0.03279196470975876,0.05588015168905258,0.07085418701171875
long_80f_stride40:b6579cb5-0a71-4ca6-8808-1e2700be05c7__ep3:qa:68,b6579cb5-0a71-4ca6-8808-1e2700be05c7__ep3,ep3,test,3000,3079,12.763882637023926,11.707762718200684,0.0428168959915638,0.06228272616863251,0.0836368128657341
long_80f_stride40:b6579cb5-0a71-4ca6-8808-1e2700be05c7__ep3:qa:69,b6579cb5-0a71-4ca6-8808-1e2700be05c7__ep3,ep3,test,3040,3119,12.463754653930664,12.336424827575684,0.023259498178958893,0.03453727439045906,0.046954765915870667
long_80f_stride40:b6579cb5-0a71-4ca6-8808-1e2700be05c7__ep3:qa:70,b6579cb5-0a71-4ca6-8808-1e2700be05c7__ep3,ep3,test,3080,3159,12.340527534484863,12.595061302185059,0.020915260538458824,0.03092206083238125,0.04210737347602844
long_80f_stride40:b6579cb5-0a71-4ca6-8808-1e2700be05c7__ep3:qa:71,b6579cb5-0a71-4ca6-8808-1e2700be05c7__ep3,ep3,test,3120,3199,12.50998306274414,11.746663093566895,0.051471684128046036,0.08687642216682434,0.1027425080537796
long_80f_stride40:b6579cb5-0a71-4ca6-8808-1e2700be05c7__ep3:qa:72,b6579cb5-0a71-4ca6-8808-1e2700be05c7__ep3,ep3,test,3160,3239,12.50998306274414,12.432624816894531,0.0458216518163681,0.08298515528440475,0.09601137787103653
long_80f_stride40:b6579cb5-0a71-4ca6-8808-1e2700be05c7__ep3:qa:73,b6579cb5-0a71-4ca6-8808-1e2700be05c7__ep3,ep3,test,3200,3279,12.359088897705078,12.818967819213867,0.04868351295590401,0.08486013859510422,0.10806222259998322
long_80f_stride40:b6579cb5-0a71-4ca6-8808-1e2700be05c7__ep3:qa:74,b6579cb5-0a71-4ca6-8808-1e2700be05c7__ep3,ep3,test,3280,3359,12.606186866760254,11.936454772949219,0.06835349649190903,0.11657580733299255,0.13251905143260956
long_80f_stride40:b6579cb5-0a71-4ca6-8808-1e2700be05c7__ep3:qa:75,b6579cb5-0a71-4ca6-8808-1e2700be05c7__ep3,ep3,test,3320,3399,12.970989227294922,11.752497673034668,0.07619967311620712,0.1085314080119133,0.14642105996608734
long_80f_stride40:b6579cb5-0a71-4ca6-8808-1e2700be05c7__ep3:qa:76,b6579cb5-0a71-4ca6-8808-1e2700be05c7__ep3,ep3,test,3360,3439,12.760732650756836,11.588813781738281,0.04993150755763054,0.07712918519973755,0.1032629981637001
long_80f_stride40:b6579cb5-0a71-4ca6-8808-1e2700be05c7__ep3:qa:77,b6579cb5-0a71-4ca6-8808-1e2700be05c7__ep3,ep3,test,3400,3479,13.400663375854492,11.438773155212402,0.07297753542661667,0.10266923904418945,0.14032569527626038
long_80f_stride40:b6579cb5-0a71-4ca6-8808-1e2700be05c7__ep3:qa:78,b6579cb5-0a71-4ca6-8808-1e2700be05c7__ep3,ep3,test,3440,3519,14.433517456054688,11.784669876098633,0.05831199139356613,0.09983468055725098,0.12643134593963623
long_80f_stride40:b6579cb5-0a71-4ca6-8808-1e2700be05c7__ep3:qa:79,b6579cb5-0a71-4ca6-8808-1e2700be05c7__ep3,ep3,test,3480,3559,14.433517456054688,11.275558471679688,0.0627378299832344,0.11404059082269669,0.14301754534244537
long_80f_stride40:b6579cb5-0a71-4ca6-8808-1e2700be05c7__ep3:qa:80,b6579cb5-0a71-4ca6-8808-1e2700be05c7__ep3,ep3,test,3520,3599,14.377360343933105,11.496732711791992,0.07954617589712143,0.12898536026477814,0.16007371246814728
long_80f_stride40:b6579cb5-0a71-4ca6-8808-1e2700be05c7__ep3:qa:81,b6579cb5-0a71-4ca6-8808-1e2700be05c7__ep3,ep3,test,3600,3679,13.252943992614746,10.161307334899902,0.20647142827510834,0.35943400859832764,0.4787238538265228
long_80f_stride40:b6579cb5-0a71-4ca6-8808-1e2700be05c7__ep3:qa:82,b6579cb5-0a71-4ca6-8808-1e2700be05c7__ep3,ep3,test,3640,3719,10.878166198730469,10.59478759765625,0.1842854768037796,0.34515252709388733,0.4532935619354248
long_80f_stride40:b6579cb5-0a71-4ca6-8808-1e2700be05c7__ep3:qa:83,b6579cb5-0a71-4ca6-8808-1e2700be05c7__ep3,ep3,test,3680,3759,12.302828788757324,7.973104953765869,0.12566161155700684,0.19573639333248138,0.2641836702823639
long_80f_stride40:b6579cb5-0a71-4ca6-8808-1e2700be05c7__ep3:qa:84,b6579cb5-0a71-4ca6-8808-1e2700be05c7__ep3,ep3,test,3720,3799,12.3558988571167,5.845664024353027,0.14695273339748383,0.24934619665145874,0.33037668466567993
long_80f_stride40:b6579cb5-0a71-4ca6-8808-1e2700be05c7__ep3:qa:85,b6579cb5-0a71-4ca6-8808-1e2700be05c7__ep3,ep3,test,3760,3839,12.934110641479492,12.576966285705566,0.04254641756415367,0.06628793478012085,0.08755078911781311
long_80f_stride40:b6579cb5-0a71-4ca6-8808-1e2700be05c7__ep3:qa:86,b6579cb5-0a71-4ca6-8808-1e2700be05c7__ep3,ep3,test,3800,3879,13.473284721374512,12.875147819519043,0.042039904743433,0.06266898661851883,0.08259491622447968
long_80f_stride40:b6579cb5-0a71-4ca6-8808-1e2700be05c7__ep3:qa:87,b6579cb5-0a71-4ca6-8808-1e2700be05c7__ep3,ep3,test,3840,3919,13.473284721374512,10.808849334716797,0.08558642864227295,0.1400255411863327,0.17074769735336304
long_80f_stride40:b6579cb5-0a71-4ca6-8808-1e2700be05c7__ep3:qa:88,b6579cb5-0a71-4ca6-8808-1e2700be05c7__ep3,ep3,test,3880,3959,13.473284721374512,11.058538436889648,0.07405754923820496,0.11576420813798904,0.1489475965499878
long_80f_stride40:b6579cb5-0a71-4ca6-8808-1e2700be05c7__ep3:qa:90,b6579cb5-0a71-4ca6-8808-1e2700be05c7__ep3,ep3,test,4000,4079,13.329635620117188,11.45228385925293,0.06615614145994186,0.09608528017997742,0.1257605254650116
long_80f_stride40:b6579cb5-0a71-4ca6-8808-1e2700be05c7__ep3:qa:91,b6579cb5-0a71-4ca6-8808-1e2700be05c7__ep3,ep3,test,4040,4119,13.475359916687012,10.323463439941406,0.07439669221639633,0.11916018277406693,0.1586938500404358
long_80f_stride40:b6579cb5-0a71-4ca6-8808-1e2700be05c7__ep3:qa:92,b6579cb5-0a71-4ca6-8808-1e2700be05c7__ep3,ep3,test,4080,4159,13.22288703918457,10.348941802978516,0.0646192878484726,0.10699258744716644,0.13578294217586517
long_80f_stride40:b6579cb5-0a71-4ca6-8808-1e2700be05c7__ep3:qa:93,b6579cb5-0a71-4ca6-8808-1e2700be05c7__ep3,ep3,test,4120,4199,13.22288703918457,11.1957426071167,0.059838682413101196,0.08927766978740692,0.11450475454330444
long_80f_stride40:b6579cb5-0a71-4ca6-8808-1e2700be05c7__ep3:qa:94,b6579cb5-0a71-4ca6-8808-1e2700be05c7__ep3,ep3,test,4160,4239,12.517691612243652,11.292203903198242,0.03836538642644882,0.058130498975515366,0.07871093600988388
long_80f_stride40:b6579cb5-0a71-4ca6-8808-1e2700be05c7__ep3:qa:95,b6579cb5-0a71-4ca6-8808-1e2700be05c7__ep3,ep3,test,4240,4319,12.499109268188477,11.247987747192383,0.06586293131113052,0.08919304609298706,0.12382001429796219
long_80f_stride40:b6579cb5-0a71-4ca6-8808-1e2700be05c7__ep3:qa:96,b6579cb5-0a71-4ca6-8808-1e2700be05c7__ep3,ep3,test,4280,4359,12.62804126739502,12.798803329467773,0.04916124790906906,0.06958392262458801,0.09536872804164886
long_80f_stride40:b6579cb5-0a71-4ca6-8808-1e2700be05c7__ep3:qa:97,b6579cb5-0a71-4ca6-8808-1e2700be05c7__ep3,ep3,test,4320,4399,12.531554222106934,12.021852493286133,0.0410606823861599,0.061162374913692474,0.082375168800354
long_80f_stride40:b6579cb5-0a71-4ca6-8808-1e2700be05c7__ep3:qa:98,b6579cb5-0a71-4ca6-8808-1e2700be05c7__ep3,ep3,test,4400,4479,13.4664306640625,11.03136920928955,0.0685783177614212,0.10879001021385193,0.13758894801139832
long_80f_stride40:b6579cb5-0a71-4ca6-8808-1e2700be05c7__ep3:qa:99,b6579cb5-0a71-4ca6-8808-1e2700be05c7__ep3,ep3,test,4440,4519,13.539491653442383,10.462090492248535,0.10342054069042206,0.14792469143867493,0.2015099823474884
long_80f_stride40:b6579cb5-0a71-4ca6-8808-1e2700be05c7__ep3:qa:100,b6579cb5-0a71-4ca6-8808-1e2700be05c7__ep3,ep3,test,4480,4559,13.219779968261719,11.346287727355957,0.08290911465883255,0.12346736341714859,0.16069570183753967
long_80f_stride40:b6579cb5-0a71-4ca6-8808-1e2700be05c7__ep3:qa:101,b6579cb5-0a71-4ca6-8808-1e2700be05c7__ep3,ep3,test,4520,4599,13.219779968261719,11.988795280456543,0.07335306704044342,0.11428317427635193,0.1491823047399521
long_80f_stride40:b6579cb5-0a71-4ca6-8808-1e2700be05c7__ep3:qa:102,b6579cb5-0a71-4ca6-8808-1e2700be05c7__ep3,ep3,test,4560,4639,12.566171646118164,11.964600563049316,0.07395637780427933,0.11669591814279556,0.1444368213415146
long_80f_stride40:b6579cb5-0a71-4ca6-8808-1e2700be05c7__ep3:qa:103,b6579cb5-0a71-4ca6-8808-1e2700be05c7__ep3,ep3,test,4640,4719,12.471607208251953,14.825371742248535,0.07347238063812256,0.11153815686702728,0.13790039718151093
long_80f_stride40:b6579cb5-0a71-4ca6-8808-1e2700be05c7__ep3:qa:104,b6579cb5-0a71-4ca6-8808-1e2700be05c7__ep3,ep3,test,4680,4759,12.471607208251953,13.027461051940918,0.03976420685648918,0.06440691649913788,0.07994949072599411
long_80f_stride40:b6579cb5-0a71-4ca6-8808-1e2700be05c7__ep3:qa:105,b6579cb5-0a71-4ca6-8808-1e2700be05c7__ep3,ep3,test,4720,4799,12.583362579345703,11.302590370178223,0.04805029183626175,0.07274431735277176,0.1007360890507698
long_80f_stride40:b6579cb5-0a71-4ca6-8808-1e2700be05c7__ep3:qa:106,b6579cb5-0a71-4ca6-8808-1e2700be05c7__ep3,ep3,test,4800,4879,10.031332969665527,12.386239051818848,0.10315988957881927,0.1627645194530487,0.1924622505903244
long_80f_stride40:b6579cb5-0a71-4ca6-8808-1e2700be05c7__ep3:qa:107,b6579cb5-0a71-4ca6-8808-1e2700be05c7__ep3,ep3,test,4880,4959,13.564739227294922,13.300919532775879,0.054669786244630814,0.07759159803390503,0.10375386476516724
long_80f_stride40:b6579cb5-0a71-4ca6-8808-1e2700be05c7__ep3:qa:108,b6579cb5-0a71-4ca6-8808-1e2700be05c7__ep3,ep3,test,4920,4999,13.571674346923828,10.959683418273926,0.08548565953969955,0.1260453760623932,0.1592327058315277
long_80f_stride40:b6579cb5-0a71-4ca6-8808-1e2700be05c7__ep3:qa:109,b6579cb5-0a71-4ca6-8808-1e2700be05c7__ep3,ep3,test,5000,5079,13.113886833190918,13.148759841918945,0.03077774867415428,0.04745623841881752,0.060168832540512085
long_80f_stride40:b6579cb5-0a71-4ca6-8808-1e2700be05c7__ep3:qa:110,b6579cb5-0a71-4ca6-8808-1e2700be05c7__ep3,ep3,test,5040,5119,13.0343656539917,14.056475639343262,0.04840534180402756,0.0764387995004654,0.0940079540014267
long_80f_stride40:b6579cb5-0a71-4ca6-8808-1e2700be05c7__ep3:qa:111,b6579cb5-0a71-4ca6-8808-1e2700be05c7__ep3,ep3,test,5120,5199,13.264172554016113,15.133374214172363,0.08191777765750885,0.11689799278974533,0.1520448476076126
long_80f_stride40:b6579cb5-0a71-4ca6-8808-1e2700be05c7__ep3:qa:112,b6579cb5-0a71-4ca6-8808-1e2700be05c7__ep3,ep3,test,5160,5239,13.463295936584473,14.16905403137207,0.05813988298177719,0.08862747997045517,0.11896277219057083
long_80f_stride40:b6579cb5-0a71-4ca6-8808-1e2700be05c7__ep3:qa:113,b6579cb5-0a71-4ca6-8808-1e2700be05c7__ep3,ep3,test,5200,5279,13.452911376953125,13.804494857788086,0.048382315784692764,0.07156893610954285,0.09895960241556168
long_80f_stride40:b6579cb5-0a71-4ca6-8808-1e2700be05c7__ep3:qa:114,b6579cb5-0a71-4ca6-8808-1e2700be05c7__ep3,ep3,test,5280,5359,13.296079635620117,12.711265563964844,0.05495387315750122,0.08418872207403183,0.11387711018323898
long_80f_stride40:b6579cb5-0a71-4ca6-8808-1e2700be05c7__ep3:qa:115,b6579cb5-0a71-4ca6-8808-1e2700be05c7__ep3,ep3,test,5320,5399,13.708870887756348,12.50731086730957,0.05203576385974884,0.0877784788608551,0.11294764280319214
long_80f_stride40:b6579cb5-0a71-4ca6-8808-1e2700be05c7__ep3:qa:116,b6579cb5-0a71-4ca6-8808-1e2700be05c7__ep3,ep3,test,5360,5439,13.69974136352539,10.921361923217773,0.0835595652461052,0.12842455506324768,0.17603933811187744
long_80f_stride40:b6579cb5-0a71-4ca6-8808-1e2700be05c7__ep3:qa:117,b6579cb5-0a71-4ca6-8808-1e2700be05c7__ep3,ep3,test,5400,5479,12.730374336242676,11.583592414855957,0.0636749193072319,0.09867972135543823,0.1296328455209732
long_80f_stride40:b6579cb5-0a71-4ca6-8808-1e2700be05c7__ep3:qa:118,b6579cb5-0a71-4ca6-8808-1e2700be05c7__ep3,ep3,test,5440,5519,12.896665573120117,11.463223457336426,0.0744740441441536,0.10492182523012161,0.14889134466648102
