group,samples,parsed_prediction_rate,action_exact_rate,subtask_exact_rate,transition_exact_rate,next_action_exact_rate,contact_exact_rate,object_precision,object_recall,object_f1
small_object_sorting,87,0.3218390804597701,0.0,0.0,0.25287356321839083,0.0,0.12643678160919541,0.32786885245901637,0.08097165991902834,0.12987012987012986
paper_cardboard_craft,142,0.323943661971831,0.014084507042253521,0.0,0.2746478873239437,0.014084507042253521,0.2746478873239437,0.19696969696969696,0.053388090349075976,0.0840064620355412
other,94,0.5106382978723404,0.0,0.0,0.30851063829787234,0.0,0.2978723404255319,0.12179487179487179,0.07142857142857142,0.09004739336492891
food_kitchen,5,0.6,0.0,0.0,0.2,0.0,0.0,0.0,0.0,0.0
locomotion,23,0.6956521739130435,0.0,0.0,0.13043478260869565,0.0,0.21739130434782608,0.047619047619047616,0.0273972602739726,0.034782608695652174
cleaning,8,0.75,0.0,0.0,0.375,0.0,0.375,0.0,0.0,0.0
phone_use,51,0.9019607843137255,0.0,0.0,0.803921568627451,0.0,0.6078431372549019,0.573170731707317,0.27485380116959063,0.3715415019762846
retail_stocking,38,0.9473684210526315,0.05263157894736842,0.0,0.7105263157894737,0.10526315789473684,0.7105263157894737,0.2289156626506024,0.2159090909090909,0.2222222222222222
