group,samples,parsed_prediction_rate,action_exact_rate,subtask_exact_rate,transition_exact_rate,next_action_exact_rate,contact_exact_rate,object_precision,object_recall,object_f1
unseen_in_train,317,0.4889589905362776,0.0,0.0,0.3280757097791798,0.00946372239747634,0.2902208201892745,0.18686868686868688,0.07905982905982906,0.1111111111111111
seen_in_train,131,0.5648854961832062,0.030534351145038167,0.0,0.46564885496183206,0.022900763358778626,0.3969465648854962,0.329608938547486,0.1372093023255814,0.19376026272577998
