class_id,class_name,support,predicted,precision,recall,f1
0,Place jar on shelf|can+cleaning cloth+jar+shelf,0,0,0.0,0.0,0.0
1,Reach for item in box|cardboard box+food items+jar,0,0,0.0,0.0,0.0
2,Reach for item in box|cardboard box+jar,0,0,0.0,0.0,0.0
3,Pick up nut bar box|cardboard box+hand+nut bars,0,0,0.0,0.0,0.0
4,Pick up nut bar box|cardboard box+hand+nut bars+nut bars box,0,1,0.0,0.0,0.0
5,Pick up nut bar box|hand+nut bars box,0,0,0.0,0.0,0.0
6,Pick up product from box|cardboard box+food items,0,1,0.0,0.0,0.0
7,Pick up product from box|cardboard box+food items+food product,0,0,0.0,0.0,0.0
8,Pick up product from box|cardboard box+food product,0,0,0.0,0.0,0.0
9,Place product on shelf|canned food+shelf,0,1,0.0,0.0,0.0
10,Pick up product from bin|canned product+plastic bin+shelf,0,0,0.0,0.0,0.0
11,Place canned product on shelf|bin+canned product+shelf,0,0,0.0,0.0,0.0
12,Place canned product on shelf|canned product+shelf,0,2,0.0,0.0,0.0
13,Reach for next product|bin+shelf,0,0,0.0,0.0,0.0
14,Reach for next product|bin+canned product+shelf,0,0,0.0,0.0,0.0
15,Pick up canned product|canned product+cardboard box+shelf,0,0,0.0,0.0,0.0
16,Reach for next canned product|canned product+grocery shelf,0,0,0.0,0.0,0.0
17,Reach for next canned product|bin+canned product+grocery shelf,0,0,0.0,0.0,0.0
18,Reach for next canned product|bin+canned product,0,0,0.0,0.0,0.0
19,Arrange canned products on shelf|canned products+display shelf,0,0,0.0,0.0,0.0
20,Pick up plastic bin|canned goods+cardboard boxes+plastic bin,0,0,0.0,0.0,0.0
21,Move bin to shelf area|canned goods+plastic bin,0,0,0.0,0.0,0.0
22,Move bin to shelf area|canned goods+plastic bin+shelving unit,0,0,0.0,0.0,0.0
23,Move bin to shelf area|plastic bin+shelving unit,0,0,0.0,0.0,0.0
24,Place can on shelf|can+shelf,0,9,0.0,0.0,0.0
25,Retract hand|bin+can+shelf,0,0,0.0,0.0,0.0
26,Retract hand|bin+can,0,0,0.0,0.0,0.0
27,Hold and wipe product|cardboard box+cleaning cloth+jar of bovril,0,0,0.0,0.0,0.0
28,Reach for next item|canned goods+cardboard box+cleaning cloth,0,1,0.0,0.0,0.0
29,Wipe down shelf|cloth+shelf,0,0,0.0,0.0,0.0
30,Pick up product|box+glass jar,0,2,0.0,0.0,0.0
31,Wipe product|cloth+glass jar,0,0,0.0,0.0,0.0
32,Wipe food product|canned food item+cloth,0,0,0.0,0.0,0.0
33,Reach into box|canned food items+cardboard box,0,0,0.0,0.0,0.0
34,Place product in box|cardboard box+jar of food,0,1,0.0,0.0,0.0
35,Place product in box|canned food+cardboard box+jar of food,0,1,0.0,0.0,0.0
36,Wipe jar|cardboard box+cloth+jar,0,1,0.0,0.0,0.0
37,Place jar in box|cardboard box+cloth+jar,0,8,0.0,0.0,0.0
38,Wipe shelf|cleaning cloth+shelf,0,0,0.0,0.0,0.0
39,Pick up pickle jar|cleaning cloth+shelf,0,0,0.0,0.0,0.0
40,Pick up pickle jar|cardboard box+cleaning cloth+pickle jar+shelf,0,0,0.0,0.0,0.0
41,Pick up pickle jar|cardboard box+pickle jar,0,0,0.0,0.0,0.0
42,Hold pickle jar|cleaning cloth+pickle jar,0,61,0.0,0.0,0.0
43,Place pickle jar in box|cleaning cloth+pickle jar+shelf,0,0,0.0,0.0,0.0
44,Release pickle jar|cardboard box+pickle jar,0,4,0.0,0.0,0.0
45,Hold cleaning cloth|cardboard box+cleaning cloth+pickle jar,0,0,0.0,0.0,0.0
46,Wipe the shelf|cleaning cloth+grocery shelf+various canned food,0,0,0.0,0.0,0.0
47,Pick up product from box|cleaning cloth+grocery shelf,0,0,0.0,0.0,0.0
48,Pick up product from box|bottled product+cardboard box+cleaning cloth+grocery shelf,0,0,0.0,0.0,0.0
49,Pick up product from shelf|cleaning cloth+glass food jar,0,0,0.0,0.0,0.0
50,Wipe the product jar|cleaning cloth+glass jar+shelf,0,0,0.0,0.0,0.0
51,Place jar into shelf box|cardboard box+cleaning cloth+glass jar,0,0,0.0,0.0,0.0
52,Wipe grocery shelf|cleaning cloth+grocery shelf+product jars,0,0,0.0,0.0,0.0
53,Move to next section|cleaning cloth+grocery shelf,0,0,0.0,0.0,0.0
54,Pick up product|cardboard box+packaged product+shelf,0,3,0.0,0.0,0.0
55,Place product in box|hand+packaged product,0,0,0.0,0.0,0.0
56,Hold product|cardboard box+packaged food product,0,1,0.0,0.0,0.0
57,Pick up product from box|cardboard box+packaged grocery item,0,0,0.0,0.0,0.0
58,Pick up product from box|packaged grocery item,0,0,0.0,0.0,0.0
59,Place product on shelf|packaged grocery item+store shelf,0,0,0.0,0.0,0.0
60,Hold item and adjust posture|cardboard box+grocery item+shelf,0,0,0.0,0.0,0.0
61,Hold item and adjust posture|cardboard box+grocery item,0,0,0.0,0.0,0.0
62,Grasp product from box|cardboard box+packaged food item,0,0,0.0,0.0,0.0
63,Prepare to place product|cardboard box+packaged food item,0,0,0.0,0.0,0.0
64,Prepare to place product|cardboard box+food product+packaged food item,0,0,0.0,0.0,0.0
65,Prepare to place product|cardboard box+food product,0,0,0.0,0.0,0.0
66,Move product to shelf|rice bag,0,0,0.0,0.0,0.0
67,Move product to shelf|rice bag+shelf,0,0,0.0,0.0,0.0
68,Grasp product from shelf|cardboard box+red rice package+shelf,0,0,0.0,0.0,0.0
69,Move product to box|cardboard box+red rice package,0,0,0.0,0.0,0.0
70,Grasp next item|cardboard box+food package+shelving unit,0,0,0.0,0.0,0.0
71,Look up and scan the room|battery pack+buttons+hand+person+soda can+table+watch,0,0,0.0,0.0,0.0
72,Reach for buttons|battery pack+buttons+hand+person+soda can+table+watch,0,0,0.0,0.0,0.0
73,Reach for buttons|buttons+table+watch,0,0,0.0,0.0,0.0
74,Rearrange buttons|buttons+table+watch,0,0,0.0,0.0,0.0
75,Align button in row|black buttons+orange buttons+red buttons+table+watch,0,0,0.0,0.0,0.0
76,Pick up button|buttons+table+wristwatch,0,0,0.0,0.0,0.0
77,Place button in row|buttons+table,0,0,0.0,0.0,0.0
78,Place button|buttons+hand+phone+table+watch,0,0,0.0,0.0,0.0
79,Release button|buttons+charger+hand+table+watch,0,0,0.0,0.0,0.0
80,Release button|buttons+charger+hand+red button+table+watch,0,0,0.0,0.0,0.0
81,Pick up orange button|buttons+hand+phone+smartphone+table+watch,0,0,0.0,0.0,0.0
82,Pick up orange button|buttons+hand+phone+table+watch,0,0,0.0,0.0,0.0
83,Arrange small buttons|buttons+hand+phone+table+watch,0,0,0.0,0.0,0.0
84,Align button|buttons+left hand+right hand+table+watch,0,0,0.0,0.0,0.0
85,Align buttons|buttons+hand+phone+power bank+table,0,0,0.0,0.0,0.0
86,Arrange button cluster|buttons+hand+phone+table+watch,0,0,0.0,0.0,0.0
87,Align button row|button+phone+table+watch,0,0,0.0,0.0,0.0
88,Align button row|button+table+watch,0,0,0.0,0.0,0.0
89,Arrange buttons on table|buttons+hand+power adapter+soda can+table+watch,0,0,0.0,0.0,0.0
90,Arrange buttons on table|buttons+hand+power adapter+soda can+table,0,0,0.0,0.0,0.0
91,Arrange buttons on table|buttons+hand+hands+power adapter+soda can+table+watch,0,0,0.0,0.0,0.0
92,Look around the table|black container+buttons+hands+soda can+table+watch,0,0,0.0,0.0,0.0
93,Look around the table|black container+buttons+hands+people+phone+soda can+table+vr headsets+watch,0,0,0.0,0.0,0.0
94,Adjust red button in row|black container+buttons+hands+people+phone+table+vr headsets+watch,0,0,0.0,0.0,0.0
95,Adjust red button in row|buttons+phone+table,0,0,0.0,0.0,0.0
96,Select button from pile|buttons+phone+table,0,0,0.0,0.0,0.0
97,Adjust red button|black buttons+orange buttons+red buttons+right hand+wooden table,0,0,0.0,0.0,0.0
98,Pull back hand|hand+phone+red button+table,0,0,0.0,0.0,0.0
99,Pull back hand|hand+red button+table,0,0,0.0,0.0,0.0
100,Align red buttons|black buttons+orange buttons+red buttons+table,0,0,0.0,0.0,0.0
101,Survey the table|black buttons+hand+orange buttons+person+phone+piles of buttons+red buttons+table,0,0,0.0,0.0,0.0
102,Reach for black button|black buttons+buttons+hand+orange buttons+person+phone+piles of buttons+red buttons+smartphone+table,0,0,0.0,0.0,0.0
103,Reach for black button|buttons+hand+smartphone+table,0,0,0.0,0.0,0.0
104,Arrange black buttons|buttons+hand+smartphone+table,0,0,0.0,0.0,0.0
105,Pick up black button|button+hand+phone+table,0,0,0.0,0.0,0.0
106,Move black button|button+hand+phone+table,0,0,0.0,0.0,0.0
107,Move black button|black button+button+hand+orange buttons+phone+red buttons+table,0,0,0.0,0.0,0.0
108,Pick up red button|buttons+mobile phone+table+wrist watch,0,0,0.0,0.0,0.0
109,Place red button|black buttons+phone+red button+table+watch,0,0,0.0,0.0,0.0
110,Move and place black buttons|black buttons+orange buttons+red buttons+table,0,0,0.0,0.0,0.0
111,Reach for multicolored buttons|black buttons+multicolored buttons+table,0,0,0.0,0.0,0.0
112,Arrange buttons in row|buttons+mobile phone+table,0,0,0.0,0.0,0.0
113,Arrange buttons in row|buttons+mobile phone+power bank+table,0,0,0.0,0.0,0.0
114,Arrange red buttons|buttons+mobile phone+power bank+soda can+table,0,0,0.0,0.0,0.0
115,Arrange red buttons|buttons+mobile phone+soda can+table,0,0,0.0,0.0,0.0
116,Touch device|buttons+power bank+table,0,0,0.0,0.0,0.0
117,Touch device|buttons+people+power bank+table,0,0,0.0,0.0,0.0
118,Align red button in row|black buttons+hand+red buttons+smartphone+table,0,0,0.0,0.0,0.0
119,Align red button in row|black buttons+button+hand+red buttons+smartphone+table,0,0,0.0,0.0,0.0
120,Reach and sort buttons|button+mobile phone+paper tube+table,0,0,0.0,0.0,0.0
121,Adjust red button position|buttons (pile)+hand+red buttons+table,0,0,0.0,0.0,0.0
122,Withdraw hand from buttons|battery pack+can+hand+person+phone+red buttons+table,0,0,0.0,0.0,0.0
123,Place and align button|hand+line of buttons+red button+table,0,0,0.0,0.0,0.0
124,Move hand|buttons+cell phone+cluster of buttons+hand+wooden table,0,0,0.0,0.0,0.0
125,Move hand|buttons+cell phone+hand+table+wooden table,0,0,0.0,0.0,0.0
126,Reach for button|hand+multi-colored buttons+red buttons+table,0,0,0.0,0.0,0.0
127,Move button to line|hand+multi-colored buttons+red buttons+table,0,0,0.0,0.0,0.0
128,Cut cardboard piece|cardboard piece+scissors+smartphone,0,0,0.0,0.0,0.0
129,Manipulate cardboard piece|cardboard piece+scissors+smartphone,0,0,0.0,0.0,0.0
130,Place cardboard piece|cardboard piece+power bank+scissors+smartphone,0,0,0.0,0.0,0.0
131,Place cardboard piece|cardboard+cardboard piece+power bank+scissors+smartphone,0,0,0.0,0.0,0.0
132,Place cardboard piece|cardboard+power bank+scissors+smartphone,0,0,0.0,0.0,0.0
133,Position scissors to cut cardboard|cardboard piece+scissors+smartphone,0,0,0.0,0.0,0.0
134,Cut cardboard|cardboard piece+scissors+smartphone,0,4,0.0,0.0,0.0
135,Release scissors|cardboard piece+scissors+smartphone,0,0,0.0,0.0,0.0
136,Pick up scissors|scissors+triangular cardboard piece,0,0,0.0,0.0,0.0
137,Pick up scissors|scissors,0,0,0.0,0.0,0.0
138,Position scissors|cardboard scrap piles+scissors+smartphone+square cardboard,0,0,0.0,0.0,0.0
139,Place down scissors|cardboard piece+scissors,0,0,0.0,0.0,0.0
140,Place down scissors|cardboard piece+cardboard sheet+scissors,0,0,0.0,0.0,0.0
141,Pick up scissors|cardboard pieces+scissors+smartphone,0,0,0.0,0.0,0.0
142,Put down scissors|cardboard piece+scissors+smartphone,0,0,0.0,0.0,0.0
143,Put down scissors|cardboard piece+scissors+smartphone+table,0,0,0.0,0.0,0.0
144,Put down scissors|scissors+smartphone+table,0,0,0.0,0.0,0.0
145,Move away from workstation|cardboard pieces+desk+scissors,0,0,0.0,0.0,0.0
146,Walk through corridor|cardboard pieces+desk+scissors,0,0,0.0,0.0,0.0
147,Walk through corridor|cardboard pieces+desk+desks+hallway+scissors,0,0,0.0,0.0,0.0
148,Walk through corridor|desks+hallway,0,0,0.0,0.0,0.0
149,Arrive at a different workstation|cardboard boxes+people,0,0,0.0,0.0,0.0
150,Move vacuum cleaner hose|cardboard box+packing material+vacuum cleaner hose,0,0,0.0,0.0,0.0
151,Mark cardboard with ruler and pen|cardboard+red pen+ruler+scissors+water bottle,0,0,0.0,0.0,0.0
152,Mark cardboard with pen and ruler|cardboard+red pen+ruler+scissors+water bottle,0,0,0.0,0.0,0.0
153,Cut cardboard with scissors|cardboard+red pen+ruler+scissors,0,0,0.0,0.0,0.0
154,Cut cardboard|cardboard+red pen+ruler+scissors+utility knife,0,0,0.0,0.0,0.0
155,Place down scissors|cardboard+red pen+ruler+scissors+utility knife,0,0,0.0,0.0,0.0
156,Place down scissors|cardboard+pen+red pen+ruler+scissors+utility knife+water bottle,0,0,0.0,0.0,0.0
157,Place down scissors|cardboard+pen+ruler+scissors+water bottle,0,0,0.0,0.0,0.0
158,Reach for utility knife|cardboard+pen+ruler+scissors+water bottle,0,0,0.0,0.0,0.0
159,Position ruler on cardboard|cardboard+metal ruler+red pen+scissors+utility knife,0,0,0.0,0.0,0.0
160,Hold ruler steady|cardboard+metal ruler+red pen+scissors+utility knife,0,1,0.0,0.0,0.0
161,Mark line on cardboard|cardboard+marker+ruler+scissors+utility knife,0,7,0.0,0.0,0.0
162,Move marker and ruler|cardboard+red marker+ruler,0,0,0.0,0.0,0.0
163,Move marker and ruler|cardboard+red marker+ruler+water bottle,0,0,0.0,0.0,0.0
164,Pick up smartphone|cardboard+metal ruler+red marker+scissors,0,5,0.0,0.0,0.0
165,Pick up smartphone|cardboard+metal ruler+red marker+scissors+smartphone,0,5,0.0,0.0,0.0
166,Place smartphone on cardboard|cardboard+metal ruler+red marker+scissors+smartphone+utility knife+water bottle,0,0,0.0,0.0,0.0
167,Mark cardboard|cardboard+metal ruler+red marker+scissors+water bottle,0,0,0.0,0.0,0.0
168,Stack cardboard pieces|cardboard+red marker+ruler+scissors+utility knife+water bottle,0,1,0.0,0.0,0.0
169,Stack cardboard pieces|cardboard+cardboard squares+red marker+ruler+scissors+utility knife+water bottle,0,0,0.0,0.0,0.0
170,Stack cardboard pieces|cardboard squares+red marker+ruler+scissors+utility knife+water bottle,0,0,0.0,0.0,0.0
171,Hold cardboard pieces|cardboard pieces+red marker+ruler+scissors+utility knife+water bottle,0,0,0.0,0.0,0.0
172,Place cardboard|cardboard sheet+red marker+ruler+scissors+utility knife,0,0,0.0,0.0,0.0
173,Align ruler on cardboard|cardboard sheet+red marker+ruler+scissors+utility knife,0,0,0.0,0.0,0.0
174,Mark cardboard with pen|cardboard+red marker pen+ruler+scissors+utility knife,0,0,0.0,0.0,0.0
175,Plug cable into portable charger|portable charger+power strip+usb cable,0,0,0.0,0.0,0.0
176,Pick up portable charger|portable charger+usb cable,0,0,0.0,0.0,0.0
177,Walk towards room|portable charger+usb cable,0,0,0.0,0.0,0.0
178,Hold portable charger|hand+portable charger,0,0,0.0,0.0,0.0
179,Place charger on table|portable charger+table,0,0,0.0,0.0,0.0
180,Hold charger and cable|charging cable+portable charger,0,0,0.0,0.0,0.0
181,Manipulate power cable plug|portable charger+power cable,0,0,0.0,0.0,0.0
182,Insert plug into power adapter|portable charger+power cable plug,0,0,0.0,0.0,0.0
183,Hold power adapter|hand+power adapter,0,0,0.0,0.0,0.0
184,Align charging cable|charging cable+portable charger,0,0,0.0,0.0,0.0
185,Insert charging cable|charging cable+portable charger,0,0,0.0,0.0,0.0
186,Observe desktop layout|craft paper+paper stars+pen+portable charger+smartphone,0,0,0.0,0.0,0.0
187,Retract camera/reposition view|craft paper+pen+portable charger+smartphone+stack of papers,0,0,0.0,0.0,0.0
188,Manipulate paper strip|beads+paper strips+phone+portable charger,0,0,0.0,0.0,0.0
189,Fold paper strip|beads+hands+paper strip+table,0,0,0.0,0.0,0.0
190,Release paper strip|desk+light blue paper strip,0,0,0.0,0.0,0.0
191,Pick up yellow paper strip|desk+yellow paper strip,0,0,0.0,0.0,0.0
192,Pick up yellow paper strip|desk+hands+yellow paper strip,0,0,0.0,0.0,0.0
193,Pick up yellow paper strip|hands+yellow paper strip,0,0,0.0,0.0,0.0
194,Fold paper strip|paper document+paper strip+pen+power bank,0,0,0.0,0.0,0.0
195,Pick up phone|paper strip+smartphone,0,1,0.0,0.0,0.0
196,Use phone|paper strip+smartphone,0,0,0.0,0.0,0.0
197,Place phone on desk|paper strip+smartphone,0,0,0.0,0.0,0.0
198,Pick up phone|paper+paper strips+pen+power bank+smartphone,0,0,0.0,0.0,0.0
199,Interact with phone|paper strips+power bank+smartphone,0,1,0.0,0.0,0.0
200,Place phone down|paper strips+power bank+smartphone,0,0,0.0,0.0,0.0
201,Manipulate paper strip|purple paper strip+table,0,0,0.0,0.0,0.0
202,Manipulate paper strip|cell phone+paper strips+purple paper strip+table,0,0,0.0,0.0,0.0
203,Manipulate paper strip|cell phone+paper strips+purple paper strip,0,20,0.0,0.0,0.0
204,Manipulate paper strip|purple paper strip,0,1,0.0,0.0,0.0
205,Place down paper pieces|document+folded paper pieces+paper strip+pen+power bank,0,0,0.0,0.0,0.0
206,Adjust paper strip|document+folded paper pieces+paper strip+pen+power bank,0,0,0.0,0.0,0.0
207,Continue folding paper strip|hands+paper strip,0,0,0.0,0.0,0.0
208,Continue folding paper strip|hands+paper strip+smartphone,0,0,0.0,0.0,0.0
209,Continue folding paper strip|hands+smartphone,0,0,0.0,0.0,0.0
210,Release folded paper|hand+paper piece,0,0,0.0,0.0,0.0
211,Fold paper strip|paper strip+phone+pile of lucky stars+table,0,0,0.0,0.0,0.0
212,Fold paper strip|paper strip+phone+pile of lucky stars,0,0,0.0,0.0,0.0
213,Fold paper strip into knot|pack of paper strips+paper strip+pile of lucky stars+smartphone,0,0,0.0,0.0,0.0
214,Fold paper strip into lucky star|lucky stars pile+paper pack+paper strip+smartphone,0,0,0.0,0.0,0.0
215,Fold paper strip into lucky star|lucky stars pile+paper strip+smartphone,0,0,0.0,0.0,0.0
216,Inflate paper star|mobile phone+origami star+paper strips,0,0,0.0,0.0,0.0
217,Inflate paper star|mobile phone+origami star,0,0,0.0,0.0,0.0
218,Fold purple paper strip|beads+box+keys+purple paper strip+smartphone+wallet,0,0,0.0,0.0,0.0
219,Fold purple paper|purple paper+quilling strips+ruler+smartphone+wallet,0,0,0.0,0.0,0.0
220,Hold and crease purple paper|pile of beads+purple paper+ruler+smartphone,0,0,0.0,0.0,0.0
221,Release paper|purple paper+table,0,1,0.0,0.0,0.0
222,Reach for phone|smartphone+table,0,0,0.0,0.0,0.0
223,Place phone on desk|desk+mobile phone,0,0,0.0,0.0,0.0
224,Retrieve paper strips|desk+purple paper strips,0,1,0.0,0.0,0.0
225,Fold and organize paper strips|desk+purple paper strips,0,0,0.0,0.0,0.0
226,Fold and organize paper strips|desk+phone+purple paper strips+wallet,0,0,0.0,0.0,0.0
227,Fold and organize paper strips|phone+purple paper strips+wallet,0,0,0.0,0.0,0.0
228,Hold charger|cardboard+charger+ruler+scissors+utility knife,0,0,0.0,0.0,0.0
229,Cut cardboard|cardboard+desk+utility knife,0,0,0.0,0.0,0.0
230,Separate cardboard piece|cardboard+hands,0,0,0.0,0.0,0.0
231,Cut cardboard with utility knife|cardboard+scissors+utility knife,0,0,0.0,0.0,0.0
232,Switch to scissors|cardboard+scissors+utility knife,0,0,0.0,0.0,0.0
233,Cut cardboard with scissors|cardboard+pen+ruler+scissors+utility knife,0,0,0.0,0.0,0.0
234,Mark cardboard piece|cardboard piece+large cardboard sheet+red marker+scissors+utility knife,0,0,0.0,0.0,0.0
235,Place phone on desk|cardboard+red marker+ruler+scissors+utility knife,0,0,0.0,0.0,0.0
236,Place phone on desk|cardboard+mobile phone+red marker+ruler+scissors+utility knife,0,0,0.0,0.0,0.0
237,Reach into bag|bag+cardboard+pen+phone+ruler+scissors+utility knife,0,0,0.0,0.0,0.0
238,Retract hand from bag|bag+cardboard+pen+phone+ruler+scissors+utility knife,0,4,0.0,0.0,0.0
239,Retract hand from bag|bag+cardboard+pen+phone+ruler+scissors+utility knife+water bottle,0,1,0.0,0.0,0.0
240,Pick up smartphone|cardboard+pen+scissors+smartphone,0,0,0.0,0.0,0.0
241,Measure cardboard with ruler|cardboard+pen+ruler+scissors+smartphone,0,0,0.0,0.0,0.0
242,Move smartphone|cardboard+pen+ruler+scissors+smartphone,0,0,0.0,0.0,0.0
243,Hold ruler on cardboard|cardboard+pen+ruler+scissors+smartphone+utility knife+water bottle,0,1,0.0,0.0,0.0
244,Mark cardboard with pen|cardboard+metal ruler+red pen+scissors+smartphone+utility knife,0,0,0.0,0.0,0.0
245,Remove ruler|cardboard+pen+ruler,0,0,0.0,0.0,0.0
246,Mark line on cardboard|cardboard+metal ruler+red marker,0,0,0.0,0.0,0.0
247,Walk towards table|chair+person+table+trash bin,0,1,0.0,0.0,0.0
248,Approach desk|chair+desk,0,0,0.0,0.0,0.0
249,Position hands for work|desk+quilling paper strips+smartphone+water bottle,0,0,0.0,0.0,0.0
250,Manipulate quilling strip|desk+quilling paper strips+smartphone+water bottle,0,0,0.0,0.0,0.0
251,Manipulate quilling strip|desk+quilling paper strip+quilling paper strips+smartphone+water bottle,0,1,0.0,0.0,0.0
252,Manipulate quilling strip|quilling paper strip+smartphone,0,0,0.0,0.0,0.0
253,Manipulate quilling strip|paper bag+quilling paper strip+quilling strips+smartphone+water bottle,0,0,0.0,0.0,0.0
254,Manipulate quilling strip|paper bag+quilling strips+smartphone+water bottle,0,0,0.0,0.0,0.0
255,Release quilling strip|blue quilling strips+smartphone+water bottle,0,2,0.0,0.0,0.0
256,Release paper strip|blue quilling strip+hands+smartphone+table+water bottle,0,0,0.0,0.0,0.0
257,Begin rolling quilling strip|paper strip+phone+water bottle,0,0,0.0,0.0,0.0
258,Manipulate paper strip|blue paper strip+paper quilling strips+quilling paper coil+smartphone+water bottle,0,0,0.0,0.0,0.0
259,Type on smartphone|paper strip+smartphone,0,7,0.0,0.0,0.0
260,Type on smartphone|smartphone,0,0,0.0,0.0,0.0
261,Use phone to check stock|cardboard box+smartphone+store shelf,0,1,0.0,0.0,0.0
262,Place phone on shelf|smartphone+store shelf,0,1,0.0,0.0,0.0
263,Pick up product|cardboard box+dugro milk powder,0,4,0.0,0.0,0.0
264,Place product on shelf|dugro milk powder,0,1,0.0,0.0,0.0
265,Hold product|baby formula package+cardboard box,0,14,0.0,0.0,0.0
266,Organize products|baby formula package+cardboard box,0,3,0.0,0.0,0.0
267,Reach into box|bags of product+cardboard box,0,0,0.0,0.0,0.0
268,Close cardboard box|cardboard box,0,33,0.0,0.0,0.0
269,Grasp package|cardboard box+coworker+retail shelf,0,14,0.0,0.0,0.0
270,Place item on shelf|cardboard box+package+retail shelf,0,0,0.0,0.0,0.0
271,Place item on shelf|package+retail shelf,0,2,0.0,0.0,0.0
272,Move cardboard box|cardboard box+shelf,0,0,0.0,0.0,0.0
273,Observe shelf status|cardboard box+plastic container+shelving unit,0,0,0.0,0.0,0.0
274,Walk towards aisle|plastic container+shelving unit,0,5,0.0,0.0,0.0
275,Inspect product lid|yellow jar of vegemite,0,71,0.0,0.0,0.0
276,Move towards shelf|yellow jar of vegemite,0,0,0.0,0.0,0.0
277,Adjust item on shelf|jar+plastic tray+shelf,0,15,0.0,0.0,0.0
278,Reach for another item|jar+plastic tray+shelf,0,0,0.0,0.0,0.0
279,Remove item from shelf|plastic bin+yellow-capped jars,0,3,0.0,0.0,0.0
280,Discard item into bin|shelf+yellow container,0,7,0.0,0.0,0.0
281,Sweep debris|broom+cardboard box+dustpan+shelf,0,14,0.0,0.0,0.0
282,Sweep floor debris|broom+cardboard box+dustpan+trash bag,0,5,0.0,0.0,0.0
283,Touch shelf edge|shelf,0,0,0.0,0.0,0.0
284,Reach for product|shelf,0,0,0.0,0.0,0.0
285,Reach for product|cans+cereal box+ruffles chips+shelf,0,11,0.0,0.0,0.0
286,Reach for product|campbell's soup cans+cans+cereal box+price tag+ruffles chips+shelf,0,0,0.0,0.0,0.0
287,Reach for product|campbell's soup cans+price tag+shelf,0,0,0.0,0.0,0.0
288,Release label|label+shelf,0,0,0.0,0.0,0.0
289,Remove shelf label|canned food+grocery shelf+shelf label,0,5,0.0,0.0,0.0
290,Move along shelf|grocery shelf+products,0,0,0.0,0.0,0.0
291,Carry stool to next shelf|blue plastic stool+shelves,0,0,0.0,0.0,0.0
292,Place stool on floor|blue plastic stool+floor,0,0,0.0,0.0,0.0
293,Observe shelf|grocery shelf+stool+various food products,0,0,0.0,0.0,0.0
294,Walk towards next aisle|food items+grocery shelf,0,0,0.0,0.0,0.0
295,Walk towards next aisle|aisle floor+coworker+food items+grocery shelf+stool,0,0,0.0,0.0,0.0
296,Walk towards next aisle|aisle floor+coworker+stool,0,0,0.0,0.0,0.0
297,Walk towards next aisle|aisle floor+aisle shelves+coworker+next aisle+stool,0,0,0.0,0.0,0.0
298,Walk towards next aisle|aisle shelves+coworker+next aisle,0,0,0.0,0.0,0.0
299,Reach for product labels|canned food+floor+shelf,0,0,0.0,0.0,0.0
300,Hold product labels|labels+shelf,0,0,0.0,0.0,0.0
301,Examine labels|labels+shelf,0,0,0.0,0.0,0.0
302,Pick up bottled sauce|container+sauce bottle,0,0,0.0,0.0,0.0
303,Place sauce in container|container+sauce bottle,0,0,0.0,0.0,0.0
304,Pick up supplement bottle|container+supplement bottle,0,0,0.0,0.0,0.0
305,Hold supplement bottle|container+supplement bottle,0,0,0.0,0.0,0.0
306,Open supplement bottle|cap+supplement bottle,0,0,0.0,0.0,0.0
307,Hold portable charger|charging cable+portable charger,0,0,0.0,0.0,0.0
308,Walk through store|person sitting on chair+person standing,0,0,0.0,0.0,0.0
309,Reach for item on shelf|product+shelf,0,0,0.0,0.0,0.0
310,Pick up item|medicine bottle,0,0,0.0,0.0,0.0
311,Examine item|medicine bottle,0,0,0.0,0.0,0.0
312,Place item in container|bovril jar+shopping container,0,0,0.0,0.0,0.0
313,Pick up another item|kellogg's cereal box,0,0,0.0,0.0,0.0
314,Adjust grip on container|black handheld device+plastic container,0,0,0.0,0.0,0.0
315,Pick up oil bottle|oil bottle+shelf,0,0,0.0,0.0,0.0
316,Pick up oil bottle|clear plastic container+oil bottle+shelf,0,0,0.0,0.0,0.0
317,Pick up oil bottle|clear plastic container+oil bottle,0,0,0.0,0.0,0.0
318,Place oil in container|clear plastic container+oil bottle,0,0,0.0,0.0,0.0
319,Inspect supplement bottle|shelf+supplement bottle,0,0,0.0,0.0,0.0
320,Inspect supplement bottle|supplement bottle,0,0,0.0,0.0,0.0
321,Place supplement bottle in container|supplement bottle,0,0,0.0,0.0,0.0
322,Pick up spice jar|clear plastic container+spice jar,0,0,0.0,0.0,0.0
323,Place spice jar in container|clear plastic container+spice jar,0,0,0.0,0.0,0.0
324,Sort beads|cardboard squares+star-shaped beads+table,0,0,0.0,0.0,0.0
325,Adjust hand position|cardboard squares+marker+star-shaped beads,0,2,0.0,0.0,0.0
326,Adjust hand position|black marker+cardboard squares+dark blue beads+marker+star-shaped beads,0,1,0.0,0.0,0.0
327,Adjust hand position|black marker+dark blue beads+star-shaped beads,0,0,0.0,0.0,0.0
328,Arrange star-shaped beads|marker+table+white star-shaped beads,0,0,0.0,0.0,0.0
329,Move pen|cardboard base+pen+star-shaped beads,0,0,0.0,0.0,0.0
330,Sort beads by color|cardboard squares+power bank+star-shaped beads+table+utility knife,0,0,0.0,0.0,0.0
331,Stand up and walk away|star-shaped beads+table,0,0,0.0,0.0,0.0
332,Stand up and walk away|chair+floor+room+star-shaped beads+table,0,1,0.0,0.0,0.0
333,Stand up and walk away|chair+floor+room+table,0,0,0.0,0.0,0.0
334,Move towards table|beads+chair+table,0,0,0.0,0.0,0.0
335,Move towards table|beads+chair+person+table,0,0,0.0,0.0,0.0
336,Move towards table|beads+person+table,0,0,0.0,0.0,0.0
337,Observe room|cardboard boxes+stool+trash bin,0,1,0.0,0.0,0.0
338,Check watch|cardboard boxes+stool+watch,0,0,0.0,0.0,0.0
339,Check watch|cardboard boxes+doorway+refrigerator+stool+watch,0,0,0.0,0.0,0.0
340,Check watch|doorway+refrigerator+watch,0,0,0.0,0.0,0.0
341,Approach desk|beads+chair+office desk,0,1,0.0,0.0,0.0
342,Place phone on desk|beads+smartphone+table,0,0,0.0,0.0,0.0
343,Place phone on desk|beads+desk+smartphone+star-shaped beads+table,0,0,0.0,0.0,0.0
344,Prepare to sort beads|desk+smartphone+star-shaped beads,0,2,0.0,0.0,0.0
345,Prepare to sort beads|cardboard squares+desk+pen+smartphone+star-shaped beads,0,0,0.0,0.0,0.0
346,Prepare to sort beads|cardboard squares+pen+smartphone+star-shaped beads,0,0,0.0,0.0,0.0
347,Hold cardboard|cardboard+ruler+scissors+smartphone+utility knife,0,0,0.0,0.0,0.0
348,Align ruler|cardboard+ruler+scissors+smartphone+utility knife,0,0,0.0,0.0,0.0
349,Adjust grip|cardboard+ruler+scissors+smartphone+utility knife,0,0,0.0,0.0,0.0
350,Cut cardboard|cardboard+ruler+scissors+smartphone+utility knife,0,0,0.0,0.0,0.0
351,Move ruler|cardboard+metal ruler+red marker+red scissors+utility knife,0,0,0.0,0.0,0.0
352,Adjust ruler position|cardboard+metal ruler+scissors+smartphone+utility knife,0,0,0.0,0.0,0.0
353,Mark cardboard with marker|cardboard+metal ruler+red marker+utility knife,0,0,0.0,0.0,0.0
354,Mark cardboard with marker|cardboard+metal ruler+red marker,0,0,0.0,0.0,0.0
355,Draw lines on cardboard|cardboard+metal ruler+red marker+scissors+smartphone,0,0,0.0,0.0,0.0
356,Drawing lines on cardboard|cardboard+metal ruler+red marker+red scissors+smartphone,0,0,0.0,0.0,0.0
357,Reposition marker|cardboard+phone+red marker+ruler+scissors,0,0,0.0,0.0,0.0
358,Mark lines with marker|box cutter+cardboard+red marker+ruler+scissors,0,0,0.0,0.0,0.0
359,Position the ruler|cardboard+marker cap+red marker,0,0,0.0,0.0,0.0
360,Hold ruler|cardboard+metal ruler+red marker+utility knife,0,0,0.0,0.0,0.0
361,Stack cardboard pieces|cardboard+cut cardboard pieces+red marker+utility knife,0,0,0.0,0.0,0.0
362,Walking in the workspace|cardboard pieces+red markers+ruler+table,0,0,0.0,0.0,0.0
363,Walk through workspace|cardboard box+cardboard pieces,0,0,0.0,0.0,0.0
364,Walk through workspace|cardboard box+cardboard pieces+hallway floor+walls,0,0,0.0,0.0,0.0
365,Walk through workspace|hallway floor+walls,0,0,0.0,0.0,0.0
366,Insert charging cable into power bank|charging cable+power bank,0,0,0.0,0.0,0.0
367,Manipulate and inspect colorful pieces|colorful pieces+smartphone+watch,0,0,0.0,0.0,0.0
368,Manipulate colorful pieces|colorful paper piles+light blue paper piece+smartphone,0,0,0.0,0.0,0.0
369,Sort colorful pieces|small blue pieces+small purple pieces+small yellow pieces+smartphone+watch,0,0,0.0,0.0,0.0
370,Hold power bank and cable|charging cable+power bank,0,0,0.0,0.0,0.0
371,Touch pieces in box|cable+cardboard box+colorful pieces+power bank,0,0,0.0,0.0,0.0
372,Interact with colleagues|cardboard boxes+colleagues+fire extinguisher,0,0,0.0,0.0,0.0
373,Hold small white box|colleagues+fire extinguisher+small white box,0,0,0.0,0.0,0.0
374,Hold small white box|cardboard boxes+colleagues+fire extinguisher+small white box,0,2,0.0,0.0,0.0
375,Hold small white box|cardboard boxes+small white box,0,0,0.0,0.0,0.0
376,Place white box on table|colorful pieces+table+white box,0,2,0.0,0.0,0.0
377,Pick up smartphone|colorful pieces+table+white box,0,0,0.0,0.0,0.0
378,Pick up smartphone|colorful pieces+smartphone+table+white box,0,0,0.0,0.0,0.0
379,Pick up smartphone|smartphone+table,0,0,0.0,0.0,0.0
380,Adjust smartphone and sort pieces|blue pieces+smartphone+table,0,0,0.0,0.0,0.0
381,Sort small colorful pieces|colorful paper pieces+pencil case+power bank+smartphone,0,0,0.0,0.0,0.0
382,Sorting colorful paper pieces|colorful paper pieces+pencil case+power bank+smartphone,0,0,0.0,0.0,0.0
383,Manipulate paper piece|blue paper pile+power bank+smartphone+yellow paper pile,0,0,0.0,0.0,0.0
384,Use phone to check instructions|cardboard+pens+ruler+scissors+smartphone+utility knife,0,0,0.0,0.0,0.0
385,Draw lines on cardboard|cardboard+pen+ruler+scissors+smartphone+utility knife,0,19,0.0,0.0,0.0
386,Trace pattern on cardboard|cardboard pattern+cardboard sheet+pen+phone+ruler+scissors+utility knife,0,0,0.0,0.0,0.0
387,Remove cardboard pattern|cardboard pattern+cardboard sheet+pen+phone+ruler+scissors+utility knife,0,1,0.0,0.0,0.0
388,Remove cardboard pattern piece|cardboard+pen+ruler+scissors+smartphone+utility knife,0,0,0.0,0.0,0.0
389,Remove cardboard pattern piece|cardboard+cardboard scrap+pen+ruler+scissors+smartphone+utility knife,0,0,0.0,0.0,0.0
390,Cut out cardboard pattern|cardboard+pen+ruler+scissors+smartphone+utility knife,0,0,0.0,0.0,0.0
391,Cut cardboard pattern|box cutter+cardboard piece+cardboard sheet+pens+ruler+scissors+smartphone,0,16,0.0,0.0,0.0
392,Cut cardboard with scissors|cardboard+pens+ruler+scissors+smartphone+utility knife,0,0,0.0,0.0,0.0
393,Adjust cardboard position|cardboard+scissors+smartphone,0,0,0.0,0.0,0.0
394,Interact with smartphone screen|cardboard+scissors+smartphone,0,1,0.0,0.0,0.0
395,Pick up metal ruler|cardboard+pen+ruler+scissors+smartphone+utility knife,0,0,0.0,0.0,0.0
396,Pick up pen|cardboard+pen+ruler+scissors+smartphone+utility knife,0,0,0.0,0.0,0.0
397,Mark cardboard|cardboard+metal ruler+pen+scissors+smartphone+utility knife,0,9,0.0,0.0,0.0
398,Move pen aside|cardboard+metal ruler+pen+scissors+smartphone,0,3,0.0,0.0,0.0
399,Move pen aside|cardboard+metal ruler+pen+scissors+smartphone+utility knife,0,0,0.0,0.0,0.0
400,Cut cardboard with utility knife|cardboard+mobile phone+pens+power bank+ruler+scissors+utility knife,0,2,0.0,0.0,0.0
401,Reposition and cut|cardboard+smartphone+utility knife,0,0,0.0,0.0,0.0
402,Hold quilling paper|desk+light blue paper strip+quilling paper pack,0,0,0.0,0.0,0.0
403,Release paper strip|quilling paper+table,0,0,0.0,0.0,0.0
404,Release paper strip|long strip of paper+quilling paper+table,0,0,0.0,0.0,0.0
405,Roll quilling paper|quilling paper strip+quilling tool,0,0,0.0,0.0,0.0
406,Hold quilled paper coil|paper strips+rolled paper coil+table,0,3,0.0,0.0,0.0
407,Release paper coil|paper strips+rolled paper coil+table,0,0,0.0,0.0,0.0
408,Pick up paper strip|paper strips+table,0,0,0.0,0.0,0.0
409,Manipulate quilled paper strip|blue quilled paper strip+pencil case,0,0,0.0,0.0,0.0
410,Release and prepare new strip|hand+quilled paper,0,1,0.0,0.0,0.0
411,Release and prepare new strip|hand+paper strip+quilled paper,0,3,0.0,0.0,0.0
412,Manipulate small paper segment|light blue paper strip+paper strip container+table,0,0,0.0,0.0,0.0
413,Place down paper segment|paper segment+quilled shapes+table,0,1,0.0,0.0,0.0
414,Reach for paper strips|paper strips packet+table,0,0,0.0,0.0,0.0
415,Place item into bag|paper strips+table+white cloth bag,0,0,0.0,0.0,0.0
416,Place item into bag|table+white cloth bag,0,0,0.0,0.0,0.0
417,Pick up phone|mobile phone+paper strips+table,0,0,0.0,0.0,0.0
418,Interact with phone|mobile phone,0,0,0.0,0.0,0.0
419,Browse and interact with phone interface|pencil case+phone+power bank,0,0,0.0,0.0,0.0
420,Interacting with phone screen|craft sticks+phone+piles of beads+power bank+water bottle,0,0,0.0,0.0,0.0
421,Pick up light blue strip|blue beads+light blue strip+phone+purple beads+white beads+yellow beads,0,0,0.0,0.0,0.0
422,Inspect strip|light blue strip+phone,0,0,0.0,0.0,0.0
423,Manipulate light blue strip|hands+light blue strip,0,0,0.0,0.0,0.0
424,Cut cardboard tube|cardboard base+cardboard tube+scissors,0,0,0.0,0.0,0.0
425,Place scissors aside|cardboard surface+cardboard tube+scissors,0,0,0.0,0.0,0.0
426,Place scissors aside|cardboard pieces+cardboard surface+cardboard tube+scissors,0,0,0.0,0.0,0.0
427,Place scissors aside|cardboard pieces+cardboard surface+scissors,0,0,0.0,0.0,0.0
428,Stacking cardboard pieces|cardboard pieces+puzzle box+scissors,0,0,0.0,0.0,0.0
429,Moving hand towards cardboard stack|cardboard pieces+scissors,0,0,0.0,0.0,0.0
430,Moving hand towards cardboard stack|cardboard pieces+cardboard stack+pens+phone+scissors+water bottle,0,0,0.0,0.0,0.0
431,Moving hand towards cardboard stack|cardboard pieces+cardboard stack+pens+phone+water bottle,0,0,0.0,0.0,0.0
432,Moving hand|cardboard pieces+pens+phone+power bank+water bottle,0,0,0.0,0.0,0.0
433,Moving hand|cardboard pieces+cardboard sheet+pens+phone+power bank+scissors+water bottle,0,0,0.0,0.0,0.0
434,Moving hand|cardboard sheet+pens+phone+power bank+scissors+water bottle,0,0,0.0,0.0,0.0
435,Position cardboard for cutting|cardboard base+cardboard strip+jigsaw puzzle box+scissors,0,0,0.0,0.0,0.0
436,Cut cardboard|cardboard base+cardboard strip+jigsaw puzzle box+scissors,0,1,0.0,0.0,0.0
437,Place cardboard piece|cardboard piece+cardboard stack,0,0,0.0,0.0,0.0
438,Put down water bottle|cardboard pieces+puzzle box+water bottle,0,0,0.0,0.0,0.0
439,Pick up scissors|cardboard pieces+puzzle box+scissors,0,0,0.0,0.0,0.0
440,Pick up cardboard piece|cardboard pieces+puzzle box+scissors,0,0,0.0,0.0,0.0
441,Pick up cardboard piece|cardboard piece+cardboard pieces+puzzle box+scissors,0,0,0.0,0.0,0.0
442,Pick up cardboard piece|cardboard piece+puzzle box+scissors,0,0,0.0,0.0,0.0
443,Cut cardboard piece with scissors|cardboard piece+cardboard stack+scissors,0,0,0.0,0.0,0.0
444,Cut cardboard piece with scissors|cardboard piece+scissors,0,0,0.0,0.0,0.0
445,Cut cardboard piece|cardboard base+cardboard piece+scissors,0,0,0.0,0.0,0.0
446,Release cardboard piece|cardboard piece+scissors,0,0,0.0,0.0,0.0
447,Placing piece on stack|cardboard pieces+cardboard stack+hands,0,4,0.0,0.0,0.0
448,Walk across office|cardboard sheets+chairs+desks+doorway,0,0,0.0,0.0,0.0
449,Cut cardboard shape|cardboard piece+metal ruler+scissors+smartphone,0,0,0.0,0.0,0.0
450,Reach for and pick up smartphone|cardboard piece+scissors+smartphone,0,0,0.0,0.0,0.0
451,Pick up cardboard cutout|cardboard cutout+scissors+smartphone+table,0,0,0.0,0.0,0.0
452,Pick up cardboard cutout|cardboard cutout,0,0,0.0,0.0,0.0
453,Walk with cardboard cutout|cardboard cutout,0,0,0.0,0.0,0.0
454,Finish placing cardboard cutouts|box+cardboard cutouts,0,0,0.0,0.0,0.0
455,Move away from workstation|cardboard box,0,0,0.0,0.0,0.0
456,Move away from workstation|cardboard box+hallway,0,0,0.0,0.0,0.0
457,Move away from workstation|hallway,0,2,0.0,0.0,0.0
458,Approach workstation|cardboard sheet+workstation table,0,0,0.0,0.0,0.0
459,Organize tools and materials|cardboard scraps+power bank+ruler+scissors+utility knife,0,0,0.0,0.0,0.0
460,Cut cardboard triangle|cardboard+phone+scissors+table,0,0,0.0,0.0,0.0
461,Cut cardboard triangle|cardboard+scissors+table,0,1,0.0,0.0,0.0
462,Cut cardboard|cardboard+desk+scissors+smartphone,0,0,0.0,0.0,0.0
463,Cut cardboard shape|cardboard+earbud case+pen+power bank+ruler+scissors+smartphone,0,0,0.0,0.0,0.0
464,Holding marker|blue marker+cardboard pieces+power bank+smartphone,0,0,0.0,0.0,0.0
465,Mark cardboard|cardboard sheet+cardboard triangles+marker,0,1,0.0,0.0,0.0
466,Position utility knife|cardboard+ruler+scissors+smartphone+table+utility knife,0,0,0.0,0.0,0.0
467,Cut cardboard with utility knife|cardboard+table+utility knife,0,0,0.0,0.0,0.0
468,Reposition utility knife|cardboard+table+utility knife,0,0,0.0,0.0,0.0
469,Lift utility knife|cardboard+desk+phone+ruler+scissors+utility knife,0,3,0.0,0.0,0.0
470,Fold cut cardboard|cardboard+desk+phone+ruler+scissors+utility knife,0,0,0.0,0.0,0.0
471,Look away|cardboard+desk+scissors+smartphone+utility knife,0,0,0.0,0.0,0.0
472,Look away|cardboard+desk+office environment+scissors+smartphone+utility knife,0,0,0.0,0.0,0.0
473,Look away|desk+office environment,0,0,0.0,0.0,0.0
474,Resume cutting cardboard|cardboard+desk+scissors+smartphone+utility knife,0,0,0.0,0.0,0.0
475,Separate cardboard piece|cardboard+table+utility knife,0,0,0.0,0.0,0.0
476,Inspect cardboard piece|cardboard piece+main cardboard sheet+table+utility knife,0,0,0.0,0.0,0.0
477,Pick up scissors|cardboard+desk+ruler+scissors+utility knife,0,0,0.0,0.0,0.0
478,Cut cardboard|cardboard strip+large cardboard sheet+ruler+scissors+utility knife,0,0,0.0,0.0,0.0
479,Cut cardboard|cardboard strip+large cardboard sheet+scissors,0,0,0.0,0.0,0.0
480,Position cardboard piece|cardboard strip+large cardboard sheet+scissors,0,0,0.0,0.0,0.0
481,Align scissors|cardboard+scissors+table,0,0,0.0,0.0,0.0
482,Cut cardboard strip|cardboard+scissors+table,0,0,0.0,0.0,0.0
483,Move cardboard piece|cardboard+ruler+scissors+utility knife+watch,0,2,0.0,0.0,0.0
484,Hold cardboard strip|cardboard+ruler+scissors+utility knife,0,0,0.0,0.0,0.0
485,Position cardboard strip|cardboard+cardboard strip+scissors+table,0,1,0.0,0.0,0.0
486,Inspect cardboard strip|cardboard+hand+ruler+scissors,0,0,0.0,0.0,0.0
487,Inspect cardboard strip|cardboard+cardboard strip+hand+ruler+scissors,0,0,0.0,0.0,0.0
488,Pick up cut cardboard piece|cardboard+cut cardboard piece+phone+ruler+scissors+utility knife,0,0,0.0,0.0,0.0
489,Pick up cut cardboard piece|cardboard+ruler+scissors+utility knife,0,0,0.0,0.0,0.0
490,Move cardboard to pile|cardboard+cutter+ruler+scissors+smartphone+table,0,0,0.0,0.0,0.0
491,Pick up cardboard|cardboard+cutter+ruler+scissors+smartphone+table,0,0,0.0,0.0,0.0
492,Pick up cardboard|cardboard+cutter+large cardboard+phone+ruler+scissors+small cardboard piece+smartphone+table,0,0,0.0,0.0,0.0
493,Pick up cardboard|cutter+large cardboard+phone+ruler+scissors+small cardboard piece,0,0,0.0,0.0,0.0
494,Reposition scissors|cardboard piece+left hand+phone+right hand+ruler+scissors+utility knife,0,0,0.0,0.0,0.0
495,Cut cardboard piece|cardboard+cutter knife+phone+ruler+scissors,0,0,0.0,0.0,0.0
496,Hold cardboard piece|cardboard+paper cutter+phone+ruler+scissors,0,0,0.0,0.0,0.0
497,Pick up cardboard piece|cardboard+ruler+scissors+smartphone+utility knife,0,0,0.0,0.0,0.0
498,Align cardboard piece|cardboard+ruler+scissors+smartphone+utility knife,0,0,0.0,0.0,0.0
499,Fold cardboard sheet|cardboard piece+cardboard sheet+cutter+phone+ruler,0,0,0.0,0.0,0.0
500,Place cardboard|cardboard+phone+ruler+scissors+table+utility knife,0,0,0.0,0.0,0.0
501,Complete the cut|cardboard+ruler+scissors+smartphone+utility knife,0,0,0.0,0.0,0.0
502,Put down utility knife|cardboard+ruler+scissors+smartphone+utility knife,0,1,0.0,0.0,0.0
503,Fold cardboard|cardboard+ruler+scissors+smartphone+utility knife,0,0,0.0,0.0,0.0
504,Pick up utility knife|cardboard+phone+ruler+scissors+utility knife,0,0,0.0,0.0,0.0
505,Hold utility knife|cardboard+phone+ruler+scissors+utility knife,0,0,0.0,0.0,0.0
506,Pick up cardboard strip|cardboard+cardboard strip+phone+ruler+scissors+table+utility knife,0,0,0.0,0.0,0.0
507,Place cardboard strip|cardboard sheet+cardboard strip+ruler+scissors,0,0,0.0,0.0,0.0
508,Place cardboard strip|cardboard sheet+cardboard strip+cutter+ruler+scissors,0,0,0.0,0.0,0.0
509,Place cans into box|box+cans,0,1,0.0,0.0,0.0
510,Arrange cans in box|small cans+storage box,0,5,0.0,0.0,0.0
511,Pick up can|small cans+storage box,0,0,0.0,0.0,0.0
512,Reach for can|shelf+small can+storage box,0,0,0.0,0.0,0.0
513,Place can on shelf|shelf+small can+storage box,0,0,0.0,0.0,0.0
514,Place can on shelf|shelf+small can,0,2,0.0,0.0,0.0
515,Arrange cans on shelf|canned goods+shelf+smartphone,0,10,0.0,0.0,0.0
516,Reach for additional items|canned goods+plastic container+shelf+smartphone,0,1,0.0,0.0,0.0
517,Reach for additional items|canned goods+cardboard box+plastic container+shelf+smartphone,0,0,0.0,0.0,0.0
518,Reach for container|canned goods+plastic container,0,3,0.0,0.0,0.0
519,Adjust position|plastic container,0,0,0.0,0.0,0.0
520,Prepare to pick up item|canned goods+cardboard boxes+plastic container,0,120,0.0,0.0,0.0
521,Place container in bin|round container+round containers+shelf+storage bin,0,0,0.0,0.0,0.0
522,Place container in bin|round container,0,6,0.0,0.0,0.0
523,Adjust cans in bin|metal cans+plastic bin,0,3,0.0,0.0,0.0
524,Hold and inspect can|shelf+soup can,0,2,0.0,0.0,0.0
525,Move along shelf|canisters+shelf+smartphone,0,3,0.0,0.0,0.0
526,Adjust perspective|box of goods+canisters+shelf+smartphone,0,0,0.0,0.0,0.0
527,Adjust perspective|box of goods+retail products+shelf+smartphone,0,0,0.0,0.0,0.0
528,Adjust perspective|retail products+shelf+smartphone,0,1,0.0,0.0,0.0
529,Inspect shelf and organize stock|cardboard boxes+metal shelf+yellow-lidded jars,0,2,0.0,0.0,0.0
530,Picking up stock|can container+green bagged item,0,1,0.0,0.0,0.0
531,Placing stock on shelf|can container+green bagged item,0,2,0.0,0.0,0.0
532,Hold small product bag|cardboard box+retail shelf+small product bag,0,6,0.0,0.0,0.0
533,Place product on shelf|product bag+storage crate,0,1,0.0,0.0,0.0
534,Place product on shelf|product bag+retail shelf+storage crate,0,4,0.0,0.0,0.0
535,Place product on shelf|product bag+retail shelf,0,5,0.0,0.0,0.0
536,Reach for shelving divider|hand+product bags+shelving divider+wire shelf,0,3,0.0,0.0,0.0
537,Reach for shelving divider|hand+shelving divider+wire shelf,0,1,0.0,0.0,0.0
538,Position shelving divider|hand+shelving divider+wire shelf,0,3,0.0,0.0,0.0
539,Place item on shelf|packaged item+retail shelf,0,22,0.0,0.0,0.0
540,Move away from shelf|packaged item+retail shelf,0,0,0.0,0.0,0.0
541,Move away from shelf|packaged item+plastic container+retail shelf,0,2,0.0,0.0,0.0
542,Move away from shelf|plastic container+retail shelf,0,1,0.0,0.0,0.0
543,Pick up container|shelving unit+white plastic container,0,10,0.0,0.0,0.0
544,Carry container|white plastic container,0,0,0.0,0.0,0.0
545,Rearrange shelf item|container+shelf,0,10,0.0,0.0,0.0
546,Pick up cleaning cloth|cleaning cloth+shelf,0,0,0.0,0.0,0.0
547,Pick up product box|cleaning cloth+green snack bags+retail shelf,0,4,0.0,0.0,0.0
548,Place box on shelf|display unit+product box+shelf,0,4,0.0,0.0,0.0
549,Reach for next item|product box+shelf,0,31,0.0,0.0,0.0
550,Reach for product|product box+shelf+white stool,0,1,0.0,0.0,0.0
551,Pick up product|cardboard box+shelf+stuffed toy,0,0,0.0,0.0,0.0
552,Pick up product|cardboard box+stuffed toy,0,13,0.0,0.0,0.0
553,Place plush toy on shelf|plush toy+shelf,0,5,0.0,0.0,0.0
554,Adjust placement on shelf|oppo phone box+plush toy,0,0,0.0,0.0,0.0
555,Move plush toy|phone box+plush toy+shelf,0,1,0.0,0.0,0.0
556,Reach for product on shelf|phone boxes+plush toy+retail shelves,0,24,0.0,0.0,0.0
557,Hold cardboard|cardboard sheet+cardboard square+pen+ruler+scissors+smartphone,0,0,0.0,0.0,0.0
558,Pick up pen|cardboard sheet+pen+ruler+scissors+smartphone,0,0,0.0,0.0,0.0
559,Mark cardboard|cardboard sheet+pen+ruler+scissors+smartphone,0,0,0.0,0.0,0.0
560,Arrange cardboard|cardboard squares+large cardboard sheet+pen+ruler+scissors,0,0,0.0,0.0,0.0
561,Place marker down|cardboard+marker+smartphone,0,0,0.0,0.0,0.0
562,Pick up marker|black marker+cardboard+table,0,0,0.0,0.0,0.0
563,Pick up marker|black marker+cardboard+hand+table,0,0,0.0,0.0,0.0
564,Pick up marker|black marker+hand,0,0,0.0,0.0,0.0
565,Walk with marker|black marker+hand,0,0,0.0,0.0,0.0
566,Pick up small object|cardboard box+hand+small blue object,0,0,0.0,0.0,0.0
567,Walk across room|small blue object,0,0,0.0,0.0,0.0
568,Walk across room|cardboard box+desks+people+room+small blue object,0,0,0.0,0.0,0.0
569,Walk across room|cardboard box+desks+people+room,0,1,0.0,0.0,0.0
570,Place cardboard square on stack|cardboard square+ruler+smartphone+stack of cardboard squares,0,0,0.0,0.0,0.0
571,Arrange cardboard squares|cardboard square+ruler+stack of cardboard squares,0,0,0.0,0.0,0.0
572,Stacking cardboard squares|cardboard squares+large cardboard sheet+metal ruler+pen+scissors+smartphone,0,0,0.0,0.0,0.0
573,Positioning cardboard on workspace|cardboard square+large cardboard sheet+marker+ruler,0,0,0.0,0.0,0.0
574,Stacking cardboard square|cardboard square+pen+ruler+scissors+stack of cardboard squares,0,0,0.0,0.0,0.0
575,Stack cardboard square|cardboard sheet+cardboard square+ruler+scissors+smartphone,0,0,0.0,0.0,0.0
576,Stack cardboard squares|cardboard squares+large cardboard sheet+metal ruler+scissors,0,0,0.0,0.0,0.0
577,Sorting paper stars|hand+origami stars+phone stand+table,0,0,0.0,0.0,0.0
578,Place star|container+paper star+table,0,0,0.0,0.0,0.0
579,Sort paper star|blue paper stars+hand+mixed pile of paper stars+purple paper stars+yellow paper stars,0,0,0.0,0.0,0.0
580,Sort paper stars|container+paper origami stars+table,0,0,0.0,0.0,0.0
581,Place paper star|hand+paper stars,0,0,0.0,0.0,0.0
582,Stop sorting stars|cardboard box+paper stars+table,0,0,0.0,0.0,0.0
583,Walk away|door+hallway,0,0,0.0,0.0,0.0
584,Open door|door handle,0,0,0.0,0.0,0.0
585,Walk through doorway|cardboard boxes,0,0,0.0,0.0,0.0
586,Pick up object|remote controller,0,0,0.0,0.0,0.0
587,Walk towards table|black object,0,0,0.0,0.0,0.0
588,Approach desk|black object,0,0,0.0,0.0,0.0
589,Approach desk|black object+desk+paper stars+people,0,0,0.0,0.0,0.0
590,Approach desk|desk+paper stars+people,0,0,0.0,0.0,0.0
591,Place item on table|desk+paper stars+people,0,1,0.0,0.0,0.0
592,Place item on table|black case+desk+paper stars+people,0,0,0.0,0.0,0.0
593,Place item on table|black case+desk+paper stars,0,0,0.0,0.0,0.0
594,Move phone|paper stars+smartphone+table+trash bin,0,0,0.0,0.0,0.0
595,Move phone|paper stars+smartphone+table,0,0,0.0,0.0,0.0
596,Pick up paper star|paper stars+table,0,0,0.0,0.0,0.0
597,Sort and place paper star|paper star,0,0,0.0,0.0,0.0
598,Hold cardboard pieces|black marker+cardboard pieces+metal ruler+red scissors+utility knife,0,0,0.0,0.0,0.0
599,Cut cardboard|black marker+cardboard+ruler+scissors+utility knife,0,0,0.0,0.0,0.0
600,Place knife down|black marker+cardboard+ruler+scissors+utility knife,0,0,0.0,0.0,0.0
601,Pick up utility knife|cardboard+pen+ruler+utility knife,0,0,0.0,0.0,0.0
602,Separate cardboard piece|cardboard+pen+ruler+separated cardboard piece+utility knife,0,0,0.0,0.0,0.0
603,Separate cardboard piece|cardboard+separated cardboard piece+utility knife,0,0,0.0,0.0,0.0
604,Cut cardboard strip|cardboard+metal ruler+pen+utility knife,0,2,0.0,0.0,0.0
605,Hold cardboard strip|black marker+cardboard strip+ruler+utility knife,0,0,0.0,0.0,0.0
606,Cut cardboard with scissors|cardboard strip+ruler+scissors+utility knife,0,0,0.0,0.0,0.0
607,Cut cardboard with scissors|cardboard strip+scissors,0,0,0.0,0.0,0.0
608,Place cardboard piece|cardboard strip+pen+ruler+scissors+utility knife,0,0,0.0,0.0,0.0
609,Align cardboard strip|cardboard strip+marker+metal ruler+scissors+utility knife,0,0,0.0,0.0,0.0
610,Hold cardboard with ruler|black marker+cardboard+metal ruler+scissors+utility knife,0,3,0.0,0.0,0.0
611,Move utility knife along ruler|bracelet+cardboard+ruler+utility knife,0,0,0.0,0.0,0.0
612,Slide utility knife along ruler|cardboard+pen+ruler+utility knife,0,0,0.0,0.0,0.0
613,Guide utility knife along ruler|cardboard+ruler+scissors+utility knife,0,0,0.0,0.0,0.0
614,Draw line on cardboard|cardboard+pen+ruler+scissors+utility knife,0,0,0.0,0.0,0.0
615,Marking lines on cardboard|cardboard+marker+metal ruler+scissors+utility knife,0,0,0.0,0.0,0.0
616,Hold craft tool|craft tool,0,1,0.0,0.0,0.0
617,Approach table|chair+table,0,3,0.0,0.0,0.0
618,Place tool on table|chair+table,0,0,0.0,0.0,0.0
619,Place tool on table|chair+craft tool+handbag+paper strips+table+water bottle,0,0,0.0,0.0,0.0
620,Place tool on table|craft tool+handbag+paper strips+table+water bottle,0,0,0.0,0.0,0.0
621,Move hand toward craft materials|craft tool+hand+table,0,14,0.0,0.0,0.0
622,Arrange paper strips|hand+paper strips+table,0,2,0.0,0.0,0.0
623,Arrange paper strips|hand+hands+paper strips+table,0,2,0.0,0.0,0.0
624,Arrange paper strips|hands+paper strips+table,0,11,0.0,0.0,0.0
625,Manipulate paper strips|colorful paper strips+mobile power bank,0,18,0.0,0.0,0.0
626,Manipulate paper strip|blue paper strip+colorful paper stack+portable power bank+smartphone+water bottle,0,10,0.0,0.0,0.0
627,Release paper strip|multi-colored paper strip+power bank+smartphone,0,11,0.0,0.0,0.0
628,Pick up blue paper strip|blue paper strip+multi-colored paper strip+power bank+smartphone,0,5,0.0,0.0,0.0
629,Hold and bend paper strip|blue paper strip+colorful paper strips stack+smartphone,0,3,0.0,0.0,0.0
630,Hold small object|blue object+hands+paper strips+phone+power bank,0,39,0.0,0.0,0.0
631,Place down strip|blue paper strip+colorful paper strips,0,42,0.0,0.0,0.0
632,Place down strip|blue paper strip+colorful paper strips+smartphone,0,0,0.0,0.0,0.0
633,Move hand away from workspace|hand+handbag+paper strips+smartphone+water bottle,0,0,0.0,0.0,0.0
634,Observe workspace|hand+paper strips+power bank+smartphone,0,20,0.0,0.0,0.0
635,Place puzzle piece|puzzle box+puzzle piece,0,5,0.0,0.0,0.0
636,Release puzzle piece|puzzle assembly+puzzle piece,0,9,0.0,0.0,0.0
637,Scan for next piece|hand+puzzle assembly,0,2,0.0,0.0,0.0
638,Scan for next piece|hand+puzzle assembly+puzzle box+puzzle pieces,0,10,0.0,0.0,0.0
639,Scan for next piece|hand+puzzle box+puzzle pieces,0,0,0.0,0.0,0.0
640,Search for puzzle piece|jigsaw puzzle+puzzle piece,0,1,0.0,0.0,0.0
641,Search for puzzle piece|jigsaw puzzle+puzzle box+puzzle piece,0,0,0.0,0.0,0.0
642,Positioning puzzle piece|puzzle box+puzzle pieces,0,2,0.0,0.0,0.0
643,Manipulate puzzle pieces|jigsaw puzzle box+puzzle pieces,0,19,0.0,0.0,0.0
644,Manipulate puzzle pieces|puzzle pieces,0,110,0.0,0.0,0.0
645,Move puzzle piece|puzzle board+puzzle pieces,0,13,0.0,0.0,0.0
646,Adjust puzzle piece|puzzle piece,0,5,0.0,0.0,0.0
647,Adjust puzzle piece|jigsaw puzzle+puzzle box lid+puzzle piece,0,26,0.0,0.0,0.0
648,Adjusting puzzle piece|jigsaw puzzle pieces+puzzle box,0,5,0.0,0.0,0.0
649,Adjusting a puzzle piece|puzzle board+puzzle box+puzzle pieces,0,4,0.0,0.0,0.0
650,Draw line along ruler|cardboard+pen+ruler,0,0,0.0,0.0,0.0
651,Reposition ruler|cardboard+pen+ruler,0,0,0.0,0.0,0.0
652,Lift pen and shift ruler|cardboard+pen+ruler,0,0,0.0,0.0,0.0
653,Hold ruler and pen steady|cardboard sheet+pen+ruler,0,0,0.0,0.0,0.0
654,Moving ruler|cardboard+pen+phone+ruler+water bottle,0,0,0.0,0.0,0.0
655,Mark lines on cardboard|black marker+cardboard+power bank+ruler+scissors+utility knife,0,0,0.0,0.0,0.0
656,Draw line on cardboard|cardboard+marker+metal ruler+smartphone,0,0,0.0,0.0,0.0
657,Mark line on cardboard|cardboard+metal ruler+pen,0,0,0.0,0.0,0.0
658,Cap marker|black marker+cardboard+marker cap+ruler,0,0,0.0,0.0,0.0
659,Cap marker|black marker+cardboard+ruler,0,0,0.0,0.0,0.0
660,Place marker down|black marker+cardboard+ruler,0,0,0.0,0.0,0.0
661,Sort beads|beads+phone+table,0,0,0.0,0.0,0.0
662,Walk across the room|floor+phone,0,0,0.0,0.0,0.0
663,Approach packing area|floor+phone,0,0,0.0,0.0,0.0
664,Approach packing area|cardboard box+floor+phone+table,0,0,0.0,0.0,0.0
665,Approach packing area|cardboard box+table,0,0,0.0,0.0,0.0
666,Pack beads into box|cardboard box+colorful beads+table,0,0,0.0,0.0,0.0
667,Pick up beads|beads+cardboard box+table,0,0,0.0,0.0,0.0
668,Deposit beads into box|beads+cardboard box,0,0,0.0,0.0,0.0
669,Pick up cardboard tray|cardboard box+cardboard tray+colorful beads,0,0,0.0,0.0,0.0
670,Move tray towards packing area|cardboard tray+colorful beads,0,0,0.0,0.0,0.0
671,Reach for beads|cardboard tray+colorful beads,0,0,0.0,0.0,0.0
672,Position cardboard tray|cardboard tray+colorful beads,0,0,0.0,0.0,0.0
673,Sort beads by color|colorful beads+smartphone+table,0,0,0.0,0.0,0.0
674,Hold beads|beads+smartphone,0,0,0.0,0.0,0.0
675,Move phone|colorful beads+smartphone,0,0,0.0,0.0,0.0
676,Move phone|charging cable+colorful beads+phone+smartphone,0,0,0.0,0.0,0.0
677,Move phone|charging cable+colorful beads+phone,0,0,0.0,0.0,0.0
678,Combine bead piles|beads+charging cable+phone,0,1,0.0,0.0,0.0
679,Cut light green fabric|black case+light green fabric+power bank+ruler+scissors+water bottle,0,0,0.0,0.0,0.0
680,Reposition scissors|black case+light green fabric+power bank+ruler+scissors+water bottle,0,0,0.0,0.0,0.0
681,Continue cutting fabric|black case+light green fabric+power bank+ruler+scissors+water bottle,0,0,0.0,0.0,0.0
682,Cut fabric with scissors|marker+mint green fabric+power bank+ruler+scissors+water bottle,0,0,0.0,0.0,0.0
683,Adjusting fabric for cutting|black case+light green fabric+pen+power bank+ruler+scissors+water bottle,0,0,0.0,0.0,0.0
684,Adjusting fabric position|fabric+power bank+ruler+scissors+water bottle,0,0,0.0,0.0,0.0
685,Cutting fabric|fabric+power bank+scissors+water bottle,0,0,0.0,0.0,0.0
686,Mark fabric with pen|fabric+marker pen+power bank+ruler+scissors+water bottle,0,0,0.0,0.0,0.0
687,Remove ruler|fabric+marker pen+power bank+scissors+water bottle,0,0,0.0,0.0,0.0
688,Mark fabric|black case+green fabric+pen+ruler+scissors+water bottle,0,0,0.0,0.0,0.0
689,Reposition ruler|black case+black marker+green fabric+metal ruler+power bank+scissors+water bottle,0,0,0.0,0.0,0.0
690,Mark fabric with pen and ruler|black case+green fabric+pen+ruler+scissors+water bottle,0,0,0.0,0.0,0.0
691,Cut cardboard piece|cardboard+earbuds case+power bank+ruler+scissors+utility knife,0,0,0.0,0.0,0.0
692,Place cardboard piece|cardboard+desk+pen+phone+scissors,0,0,0.0,0.0,0.0
693,Cut cardboard|cardboard piece+cardboard stack+metal ruler+scissors+smartphone,0,0,0.0,0.0,0.0
694,Pick up new cardboard piece|cardboard pieces+scissors,0,0,0.0,0.0,0.0
695,Gather cardboard pieces|cardboard pile+hands,0,0,0.0,0.0,0.0
696,Carry cardboard piece|cardboard piece+mobile phone,0,0,0.0,0.0,0.0
697,Carry cardboard piece|cardboard piece,0,2,0.0,0.0,0.0
698,Carry cardboard piece|cardboard piece+large cardboard sheet,0,1,0.0,0.0,0.0
699,Carry cardboard piece|large cardboard sheet,0,0,0.0,0.0,0.0
700,Pick up electronic accessory from box|cardboard box+electronic accessories,0,6,0.0,0.0,0.0
701,Hold electronic accessory|cardboard box+electronic accessory,0,7,0.0,0.0,0.0
702,Place accessory on shelf|display shelf+electronic accessory box,0,0,0.0,0.0,0.0
703,Reach into box|cardboard box,0,1,0.0,0.0,0.0
704,Pick up accessory|cardboard box+electronic accessory box,0,17,0.0,0.0,0.0
705,Reach towards shelf|display shelf+electronic accessory,0,0,0.0,0.0,0.0
706,Pick up electronic accessory|electronic accessory box+retail shelf,0,0,0.0,0.0,0.0
707,Place accessory into box|cardboard box+electronic accessory box,0,54,0.0,0.0,0.0
708,Place accessory box|retail shelf+white accessory box,0,2,0.0,0.0,0.0
709,Pick up new electronic product|electronic product box+retail shelf,0,0,0.0,0.0,0.0
710,Pick up electronic product|cardboard box+electronic product box,0,4,0.0,0.0,0.0
711,Place product on shelf|electronic product box+retail shelf,0,0,0.0,0.0,0.0
712,Reach for next product|electronic product box+retail shelf,0,3,0.0,0.0,0.0
713,Pick up product|cardboard box+electronic product packages,0,0,0.0,0.0,0.0
714,Pick up product|cardboard box+electronic product packages+packaged electronic cable,0,0,0.0,0.0,0.0
715,Release product on shelf|electronic product package+retail shelf,0,10,0.0,0.0,0.0
716,Pick up product from box|cardboard box+electronic cable packaging+retail shelf,0,0,0.0,0.0,0.0
717,Hold product|electronic cable packaging+hand,0,18,0.0,0.0,0.0
718,Move hand back to box|cardboard box+electronic product+retail shelf,0,3,0.0,0.0,0.0
719,Pick up new product from box|cardboard box+hand,0,0,0.0,0.0,0.0
720,Move product to shelf|electronic product box+hand,0,1,0.0,0.0,0.0
721,Move product towards shelf|electronic product,0,1,0.0,0.0,0.0
722,Move product towards shelf|electronic product+retail shelf,0,0,0.0,0.0,0.0
723,Pick up shopping bag|orange shopping bag+retail shelf,0,24,0.0,0.0,0.0
724,Walk with shopping bag|orange shopping bag+retail shelf,0,7,0.0,0.0,0.0
725,Move away from shelf|retail shelf+shopping bag,0,2,0.0,0.0,0.0
726,Move away from shelf|cardboard box+plastic stool+retail shelf+shelf+shopping bag,0,2,0.0,0.0,0.0
727,Pick up item from box|cardboard box+dugro milk powder packages,0,0,0.0,0.0,0.0
728,Move to shelf|dugro milk powder package,0,1,0.0,0.0,0.0
729,Move to shelf|dugro milk powder package+dugro milk powder packages+grocery shelf,0,2,0.0,0.0,0.0
730,Place item on shelf|dugro milk powder package+shelf,0,0,0.0,0.0,0.0
731,Move towards box|dugro milk powder package+shelf,0,0,0.0,0.0,0.0
732,Reach into box|box,0,0,0.0,0.0,0.0
733,Hold items|cardboard box+packaged goods,0,0,0.0,0.0,0.0
734,Hold items|cardboard box+packaged goods+shelf,0,0,0.0,0.0,0.0
735,Place items on shelf|packaged goods+shelf,0,0,0.0,0.0,0.0
736,Move to box|cardboard box+packaged goods,0,0,0.0,0.0,0.0
737,Pick up product from box|cardboard box+snack package,0,0,0.0,0.0,0.0
738,Place product on shelf|grocery shelf+snack package,0,0,0.0,0.0,0.0
739,Move box to next position|cardboard box,0,0,0.0,0.0,0.0
740,Move product towards shelf|milk powder package,0,0,0.0,0.0,0.0
741,Grasp snack package|cardboard box+green snack package+orange bag,0,0,0.0,0.0,0.0
742,Hold snack package|cardboard box+green snack package+orange bag,0,0,0.0,0.0,0.0
743,Place snack package on shelf|box+snack package,0,268,0.0,0.0,0.0
744,Place snack package in box|snack package,0,0,0.0,0.0,0.0
745,Place snack in box|cardboard box+snack package,0,0,0.0,0.0,0.0
746,Hold snack packages|cardboard box+snack packages,0,0,0.0,0.0,0.0
747,Place snack packages on shelf|snack packages,0,0,0.0,0.0,0.0
748,Pick up snack packages|cardboard box+snack packages,0,0,0.0,0.0,0.0
749,Walk towards shelves|shelving units+snack packages,0,0,0.0,0.0,0.0
750,Pick up snack package|orange shopping bag+shipping carton+snack packages,0,0,0.0,0.0,0.0
751,Organize snacks in box|orange shopping bag+shipping carton+snack packages,0,0,0.0,0.0,0.0
752,Reach for snack package|cardboard box+snack packages,0,0,0.0,0.0,0.0
753,Adjust snack package|cardboard box+snack packages,0,0,0.0,0.0,0.0
754,Open cardboard box|cardboard box+shelves,0,0,0.0,0.0,0.0
755,Remove cardboard flap|cardboard box+snack packages,0,4,0.0,0.0,0.0
756,Align plastic containers|plastic containers+retail shelf,0,0,0.0,0.0,0.0
757,Reach for items|plastic containers+shelf,0,0,0.0,0.0,0.0
758,Adjust containers on shelf|plastic containers,0,0,0.0,0.0,0.0
759,Pick up container|plastic container with red lid,0,0,0.0,0.0,0.0
760,Reach for container|display shelf+plastic container,0,0,0.0,0.0,0.0
761,Adjust container position|display shelf+plastic container,0,0,0.0,0.0,0.0
762,Withdraw hand|display shelf+plastic container,0,0,0.0,0.0,0.0
763,Withdraw hand|clear plastic container+display shelf+plastic container+shelf+shopping bag,0,0,0.0,0.0,0.0
764,Place container on shelf|items+plastic container+store shelf,0,0,0.0,0.0,0.0
765,Adjust item on shelf|electronic box+shelf+shopping bag,0,0,0.0,0.0,0.0
766,Adjust item on shelf|electronic box+shelf,0,0,0.0,0.0,0.0
767,Pick up item from shelf|alcatel phone box+shopping bag,0,0,0.0,0.0,0.0
768,Place item in shopping bag|shopping bag+small boxed electronic item,0,0,0.0,0.0,0.0
769,Reach for item|plush toy+product boxes+shelf,0,0,0.0,0.0,0.0
770,Grasp item|hand+plastic container,0,0,0.0,0.0,0.0
771,Move item to bag|plastic container+shopping bag,0,0,0.0,0.0,0.0
772,Organize item on shelf|shelf+smartphone box,0,0,0.0,0.0,0.0
773,Pick up plush toy|plush toy+shelf,0,0,0.0,0.0,0.0
774,Place plush toy into bag|plush toy+shopping bag,0,1,0.0,0.0,0.0
775,Grasp shopping bag|broom+orange shopping bag,0,0,0.0,0.0,0.0
776,Grasp shopping bag|broom+orange shopping bag+shelf items,0,0,0.0,0.0,0.0
777,Grasp shopping bag|orange shopping bag+shelf items,0,0,0.0,0.0,0.0
778,Prepare to place item in bag|orange shopping bag+shelf items,0,2,0.0,0.0,0.0
779,Organize bag contents|shopping bag+small rectangular item,0,0,0.0,0.0,0.0
780,Grasp and retrieve item|product box+shopping bag+store shelf,0,0,0.0,0.0,0.0
781,Place item into shopping bag|electronic product box+shopping bag,0,0,0.0,0.0,0.0
782,Sort star-shaped beads|smartphone+star-shaped beads+table+water bottle,0,0,0.0,0.0,0.0
783,Sort beads|cardboard tray+smartphone+star-shaped beads+water bottle,0,0,0.0,0.0,0.0
784,Sort beads by color|cardboard tray+smartphone+star-shaped beads+water bottle,0,0,0.0,0.0,0.0
785,Sort beads by color|smartphone+star-shaped beads+water bottle,0,5,0.0,0.0,0.0
786,Sort beads on the table|cardboard box+star-shaped beads+water bottle,0,4,0.0,0.0,0.0
787,Sort beads on table|cardboard box+smartphone+star-shaped beads+water bottle,0,1,0.0,0.0,0.0
788,Hold instructional sign|cardboard box+instructional sign+table+trash bin,0,0,0.0,0.0,0.0
789,Hold instructional sign|cardboard box+instructional sign,0,3,0.0,0.0,0.0
790,Pick up star-shaped bead|cardboard box+instructional sign+star-shaped beads,0,2,0.0,0.0,0.0
791,Place bead on table|cardboard box+star-shaped bead,0,1,0.0,0.0,0.0
792,Place bead on table|cardboard box+star-shaped bead+table,0,0,0.0,0.0,0.0
793,Reposition sign and organize beads|keep door closed sign+star-shaped beads+water bottle,0,0,0.0,0.0,0.0
794,Draw lines on cardboard|cardboard+cell phone+metal ruler+pen,0,0,0.0,0.0,0.0
795,Draw lines on cardboard|cardboard+cell phone+metal ruler+pen+scissors,0,0,0.0,0.0,0.0
796,Reposition ruler and pen|cardboard+metal ruler+pen+power bank+smartphone,0,0,0.0,0.0,0.0
797,Draw line on cardboard|black pen+cardboard+metal ruler+smartphone,0,0,0.0,0.0,0.0
798,Reposition pen and prepare for next line|black pen+cardboard+metal ruler+smartphone,0,0,0.0,0.0,0.0
799,Place pen on cardboard|cardboard+metal ruler+pen,0,0,0.0,0.0,0.0
800,Reposition ruler|black marker+cardboard+metal ruler+smartphones,0,0,0.0,0.0,0.0
801,Draw straight lines on cardboard|black marker+cardboard+portable charger+ruler+smartphone,0,0,0.0,0.0,0.0
802,Draw straight lines on cardboard|black marker+cardboard+ruler+smartphone,0,0,0.0,0.0,0.0
803,Draw lines with ruler|black marker+cardboard sheet+metal ruler+smartphone,0,0,0.0,0.0,0.0
804,Draw lines with ruler|black marker+cardboard sheet+metal ruler,0,0,0.0,0.0,0.0
805,Remove ruler|cardboard+pen,0,0,0.0,0.0,0.0
806,Remove ruler|cardboard+marker+pen+ruler+smartphone,0,0,0.0,0.0,0.0
807,Remove ruler|cardboard+marker+ruler+smartphone,0,0,0.0,0.0,0.0
808,Draw lines with pen and ruler|cardboard+metal ruler+pen+smartphone+utility knife,0,0,0.0,0.0,0.0
809,Sort origami stars|cardboard tray+origami stars,0,0,0.0,0.0,0.0
810,Pick up container|origami stars+table+white container,0,0,0.0,0.0,0.0
811,Walk in hallway|white container,0,1,0.0,0.0,0.0
812,Reach for stars|bucket+cardboard boxes,0,0,0.0,0.0,0.0
813,Reach for stars|bucket+cardboard box+cardboard boxes+origami stars,0,0,0.0,0.0,0.0
814,Reach for stars|cardboard box+origami stars,0,0,0.0,0.0,0.0
815,Walk towards desk|door+door sign,0,0,0.0,0.0,0.0
816,Walk towards desk|corridor+desk+door+door sign+people,0,0,0.0,0.0,0.0
817,Walk towards desk|corridor+desk+people,0,0,0.0,0.0,0.0
818,Grasp origami stars|cardboard mat+desk+origami stars,0,0,0.0,0.0,0.0
819,Grasp origami stars|cardboard mat+desk+hand+origami stars,0,0,0.0,0.0,0.0
820,Grasp origami stars|hand+origami stars,0,0,0.0,0.0,0.0
821,Place stars in container|origami stars+storage container,0,0,0.0,0.0,0.0
822,Sort light blue origami stars|cardboard sheet+light blue origami stars+purple origami stars+white box+yellow origami stars,0,0,0.0,0.0,0.0
823,Sort origami stars by color|cardboard tray+hand+origami stars,0,0,0.0,0.0,0.0
824,Move origami stars|cardboard tray+origami stars,0,1,0.0,0.0,0.0
825,Adjust cardboard divider|cardboard divider+desk+origami stars,0,0,0.0,0.0,0.0
826,Cut cardboard|cardboard strip+pile of cardboard triangles+scissors+smartphone,0,0,0.0,0.0,0.0
827,Put down scissors|cardboard+scissors+smartphone,0,0,0.0,0.0,0.0
828,Use smartphone|cardboard+smartphone,0,0,0.0,0.0,0.0
829,Pick up scissors|cardboard+scissors+smartphone,0,0,0.0,0.0,0.0
830,Pick up phone|cardboard+earbuds case+mobile phone+scissors,0,0,0.0,0.0,0.0
831,Pick up phone|cardboard+mobile phone+scissors,0,0,0.0,0.0,0.0
832,Use phone|cardboard+mobile phone+scissors,0,0,0.0,0.0,0.0
833,Put down phone|cardboard+earbuds case+smartphone+utility knife,0,0,0.0,0.0,0.0
834,Pick up water bottle|cardboard+smartphone+utility knife+water bottle,0,0,0.0,0.0,0.0
835,Hold water bottle|box cutter+cardboard pieces+phone+scissors+water bottle,0,0,0.0,0.0,0.0
836,Place water bottle on table|box cutter+cardboard pieces+phone+scissors+water bottle,0,0,0.0,0.0,0.0
837,Hold phone|cardboard+earbud case+phone+scissors+utility knife+water bottle,0,0,0.0,0.0,0.0
838,Hold and view phone|cardboard pieces+earbuds case+phone+scissors+utility knife+water bottle,0,0,0.0,0.0,0.0
839,Cut cardboard pieces with scissors|cardboard pieces+earbuds case+scissors+smartphone+water bottle,0,0,0.0,0.0,0.0
840,Cut cardboard with scissors|cardboard+earbud case+scissors+smartphone+water bottle,0,0,0.0,0.0,0.0
841,Vacuum the carpet|red carpet+vacuum cleaner nozzle+vacuum hose,0,0,0.0,0.0,0.0
842,Push vacuum cleaner|red carpet+vacuum cleaner nozzle,0,0,0.0,0.0,0.0
843,Adjust vacuum cleaner position|carpet+vacuum cleaner nozzle,0,0,0.0,0.0,0.0
844,Adjust vacuum cleaner position|bucket+carpet+vacuum cleaner machine+vacuum cleaner nozzle,0,0,0.0,0.0,0.0
845,Adjust vacuum cleaner position|bucket+carpet+vacuum cleaner machine,0,0,0.0,0.0,0.0
846,Vacuuming carpet edge|carpet+vacuum cleaner+wall,0,0,0.0,0.0,0.0
847,Vacuum edge of carpet|carpet+vacuum cleaner+wall,0,0,0.0,0.0,0.0
848,Vacuuming carpet corner|carpet+vacuum nozzle+wall,0,0,0.0,0.0,0.0
849,Vacuuming the carpet edge|carpet+vacuum cleaner head+wall,0,0,0.0,0.0,0.0
850,Move vacuum cleaner|carpet+vacuum cleaner,0,0,0.0,0.0,0.0
851,Vacuuming along the wall edge|carpet+vacuum nozzle+wall,0,0,0.0,0.0,0.0
852,Fold paper strip into star|desk+hands+origami star+paper strip,0,0,0.0,0.0,0.0
853,Fold paper strip into star|hands+origami star,0,0,0.0,0.0,0.0
854,Fold paper strip|origami stars+yellow paper strip,0,1,0.0,0.0,0.0
855,Place finished star on table|origami star+paper strip+pen+tweezers,0,0,0.0,0.0,0.0
856,Place finished star on table|origami star+paper strip+pen+pile of stars+tweezers,0,2,0.0,0.0,0.0
857,Place finished star on table|origami star+paper strip+pile of stars,0,0,0.0,0.0,0.0
858,Fold paper strip into star|origami stars+yellow paper strip,0,0,0.0,0.0,0.0
859,Arrange Mahjong tiles|mahjong tiles+power bank+smartphone+vr headset,0,0,0.0,0.0,0.0
860,Rearrange Mahjong tiles|mahjong tiles+phone+table+vr headset,0,0,0.0,0.0,0.0
861,Adjust Mahjong tiles|mahjong tiles+red mahjong tile case,0,0,0.0,0.0,0.0
862,Reach for Mahjong tiles|mahjong tiles+smartphone+vr headset,0,2,0.0,0.0,0.0
863,Reach for Mahjong tiles|mahjong tiles+red box+smartphone+vr headset,0,0,0.0,0.0,0.0
864,Reach for Mahjong tiles|mahjong tiles+red box+vr headset,0,0,0.0,0.0,0.0
865,Rearrange Mahjong tile|mahjong tiles+power bank+red box+smartphone+vr headset,0,19,0.0,0.0,0.0
866,Rearrange Mahjong tile|mahjong tiles+power bank+smartphone+vr headset,0,0,0.0,0.0,0.0
867,Adjust Mahjong tile|mahjong tiles+red case+smartphone+vr headset,0,1,0.0,0.0,0.0
868,Align Mahjong tiles|mahjong tiles+red case+smartphone+vr headset,0,1,0.0,0.0,0.0
869,Move Mahjong tile|mahjong tiles+red case,0,1,0.0,0.0,0.0
870,Realign Mahjong tiles|mahjong tiles+red case,0,0,0.0,0.0,0.0
871,Cut cardboard|cardboard+power bank+ruler+scissors,0,0,0.0,0.0,0.0
872,Place down scissors|cardboard+scissors+table,0,0,0.0,0.0,0.0
873,Cut cardboard square|cardboard+power bank+ruler+scissors+spatula,0,0,0.0,0.0,0.0
874,Cut cardboard square|cardboard+scissors,0,0,0.0,0.0,0.0
875,Trim cardboard piece|cardboard sheet+cardboard square+scissors,0,0,0.0,0.0,0.0
876,Trim cardboard piece|cardboard base sheet+cardboard piece+cardboard sheet+cardboard square+scissors,0,0,0.0,0.0,0.0
877,Trim cardboard piece|cardboard base sheet+cardboard piece+scissors,0,0,0.0,0.0,0.0
878,Pick up food item|cardboard box+food items,0,0,0.0,0.0,0.0
879,Move towards shelf|food item,0,0,0.0,0.0,0.0
880,Pick up cereal boxes|cardboard box+cereal boxes,0,1,0.0,0.0,0.0
881,Carry cereal boxes|cardboard box+grocery shelf+nestlé cereal boxes,0,0,0.0,0.0,0.0
882,Walk towards aisle|aisle floor+cereal boxes,0,0,0.0,0.0,0.0
883,Carry cereal towards aisle|cereal boxes+shelves+store aisle,0,2,0.0,0.0,0.0
884,Pick up pasta box|cardboard box+pasta box,0,0,0.0,0.0,0.0
885,Carry pasta box towards aisle|pasta box,0,0,0.0,0.0,0.0
886,Pick up container from box|cardboard box+food items,0,0,0.0,0.0,0.0
887,Hold container|blue plastic container,0,7,0.0,0.0,0.0
888,Move towards box|plastic container,0,0,0.0,0.0,0.0
889,Move towards box|cardboard boxes+groceries+plastic container,0,0,0.0,0.0,0.0
890,Reach for items in box|cardboard boxes+groceries,0,0,0.0,0.0,0.0
891,Pick up grocery item|cardboard box+mac and cheese package,0,0,0.0,0.0,0.0
892,Carry item to shelf|grocery item,0,0,0.0,0.0,0.0
893,Wipe down shelf|cardboard boxes+cleaning cloth+grocery shelf,0,0,0.0,0.0,0.0
894,Inspect shelf|cleaning cloth+grocery shelf,0,1,0.0,0.0,0.0
895,Inspect shelf|cardboard boxes+cleaning cloth+grocery shelf,0,0,0.0,0.0,0.0
896,Move to stock products|cleaning cloth+shelf,0,0,0.0,0.0,0.0
897,Move to stock products|cardboard box+cleaning cloth+product packages+shelf,0,0,0.0,0.0,0.0
898,Reach for items|cardboard box+snack pouches,0,0,0.0,0.0,0.0
899,Pick up snack packs|cardboard box+snack pouches,0,0,0.0,0.0,0.0
900,Wipe shelf surface|cloth+shelf,0,0,0.0,0.0,0.0
901,Move to shelf base|shelf+snack pack box,0,0,0.0,0.0,0.0
902,Move cardboard box|cardboard box+green packaged food items,0,0,0.0,0.0,0.0
903,Reach for product|cardboard box+green packaged food items,0,0,0.0,0.0,0.0
904,Reach for product|cardboard box+green packaged food item+green packaged food items,0,0,0.0,0.0,0.0
905,Place snack on shelf|shelf+snack packet,0,0,0.0,0.0,0.0
906,Retrieve snack from container|container+snack packet,0,1,0.0,0.0,0.0
907,Pick up gift box|retail shelf+storage bin+white gift box,0,0,0.0,0.0,0.0
908,Place gift box into bin|storage bin+white gift box,0,0,0.0,0.0,0.0
909,Place gift box on shelf|retail shelf+white gift box,0,3,0.0,0.0,0.0
910,Place gift box on shelf|white gift box,0,2,0.0,0.0,0.0
911,Pick up next gift box|retail shelf+white gift box,0,0,0.0,0.0,0.0
912,Pick up next gift box|white gift box,0,0,0.0,0.0,0.0
913,Pick up snack pouch|plastic container+shelf+snack pouch,0,0,0.0,0.0,0.0
914,Place snack pouch in container|plastic container+snack pouch,0,0,0.0,0.0,0.0
915,Reach for snack pouch|plastic container+shelf+snack pouch,0,0,0.0,0.0,0.0
916,Place snack pouch on shelf|container+shelf+snack pouch,0,0,0.0,0.0,0.0
917,Move storage bin|plastic storage bin+snack pouches,0,1,0.0,0.0,0.0
918,Reach for shelf|plastic storage bin+snack pouches,0,1,0.0,0.0,0.0
919,Reach for shelf|plastic storage bin+retail shelf+snack pouches,0,0,0.0,0.0,0.0
920,Hold bin and move through aisle|retail shelf,0,0,0.0,0.0,0.0
921,Hold bin and move through aisle|co-worker+plastic storage bin+retail shelf+snack pouches,0,13,0.0,0.0,0.0
922,Hold bin and move through aisle|co-worker+plastic storage bin+snack pouches,0,1,0.0,0.0,0.0
923,Remove storage bin from shelf|retail shelf+snack bags+storage bin,0,0,0.0,0.0,0.0
924,Reach for empty shelf space|retail shelf,0,0,0.0,0.0,0.0
925,Grasp plastic bag on shelf|plastic snack bag+retail shelf,0,0,0.0,0.0,0.0
926,Remove plastic container from shelf|plastic container+shelf,0,0,0.0,0.0,0.0
927,Arrange plastic containers|plastic container+shelf,0,0,0.0,0.0,0.0
928,Remove plastic container from storage box|plastic containers+storage crate,0,0,0.0,0.0,0.0
929,Place container on shelf|plastic container,0,0,0.0,0.0,0.0
930,Place container on shelf|plastic container+retail shelf,0,0,0.0,0.0,0.0
931,Retrieve another container|plastic container+storage crate,0,0,0.0,0.0,0.0
932,Arrange container on shelf|plastic container,0,0,0.0,0.0,0.0
933,Pick up container|plastic container+retail shelf+storage box,0,1,0.0,0.0,0.0
934,Hold smartphone|newspaper+pen holder+scissors+smartphone+tissue box,0,0,0.0,0.0,0.0
935,Hold smartphone|newspaper+scissors+smartphone,0,0,0.0,0.0,0.0
936,Place smartphone on desk|newspaper+scissors+smartphone,0,0,0.0,0.0,0.0
937,Reach for water bottle|newspaper+scissors+smartphone,0,0,0.0,0.0,0.0
938,Hold scissors|newspaper+scissors+smartphone+water bottle,0,0,0.0,0.0,0.0
939,Cut newspaper|newspaper+scissors+table,0,0,0.0,0.0,0.0
940,Continue cutting newspaper|desk+handbag+newspaper+power bank+scissors,0,0,0.0,0.0,0.0
941,Place scissors on table|handbag+newspaper+power bank+scissors,0,0,0.0,0.0,0.0
942,Pick up scissors|newspaper+pen holder+scissors+table+water bottle,0,0,0.0,0.0,0.0
943,Move scissors away|newspaper+scissors,0,1,0.0,0.0,0.0
944,Place scissors down|newspaper+scissors,0,0,0.0,0.0,0.0
945,Place scissors down|newspaper+scissors+smartphone+water bottle,0,0,0.0,0.0,0.0
946,Arrange Mahjong tiles|blue stools+mahjong tiles+table,0,0,0.0,0.0,0.0
947,Arrange tiles into row|mahjong tiles+phone+table,0,0,0.0,0.0,0.0
948,Arrange tiles into row|mahjong tiles+table,0,0,0.0,0.0,0.0
949,Adjust tile row alignment|mahjong tiles+table,0,0,0.0,0.0,0.0
950,Adjust tile row alignment|blue plastic stools+mahjong tiles+table,0,0,0.0,0.0,0.0
951,Adjust Mahjong tile alignment|mahjong tiles+red box+smartphone,0,0,0.0,0.0,0.0
952,Adjust Mahjong tile on the stack|hand+mahjong tiles+table,0,0,0.0,0.0,0.0
953,Pick up Mahjong tile|mahjong tiles+tile stack,0,0,0.0,0.0,0.0
954,Pick up Mahjong tile|hand+mahjong tile+mahjong tiles+tile stack,0,0,0.0,0.0,0.0
955,Pick up Mahjong tile|hand+mahjong tile,0,1,0.0,0.0,0.0
956,Place Mahjong tile on the stack|mahjong tile+tile stack,0,0,0.0,0.0,0.0
957,Place Mahjong tile on the stack|mahjong tile+table+tile stack,0,0,0.0,0.0,0.0
958,Place Mahjong tile on the stack|mahjong tile+table,0,0,0.0,0.0,0.0
959,Place Mahjong tile on stack|mahjong tile+table,0,0,0.0,0.0,0.0
960,Place Mahjong tile on stack|mahjong tile+stack of mahjong tiles+table,0,2,0.0,0.0,0.0
961,Place Mahjong tile on stack|mahjong tile+stack of mahjong tiles,0,0,0.0,0.0,0.0
962,Rearrange Mahjong tiles|mahjong box+mahjong tiles+orange betting chips+smartphone,0,1,0.0,0.0,0.0
963,Sort Mahjong tiles|mahjong tiles+orange chips+table,0,0,0.0,0.0,0.0
964,Draw line on cardboard|cardboard+metal ruler+pen+scissors,0,0,0.0,0.0,0.0
965,Hold ruler and draw line|cardboard+metal ruler+pen+scissors+utility knife,0,0,0.0,0.0,0.0
966,Hold ruler and draw line|cardboard+metal ruler+pen,0,0,0.0,0.0,0.0
967,Hold ruler|cardboard+metal ruler+pen,0,0,0.0,0.0,0.0
968,Draw line|cardboard+metal ruler+pen+scissors+utility knife,0,0,0.0,0.0,0.0
969,Mark lines with pen along ruler|black pen+cardboard+metal ruler+scissors+utility knife,0,0,0.0,0.0,0.0
970,Hold ruler and mark cardboard|cardboard+metal ruler+pen+smartphone+water bottle,0,0,0.0,0.0,0.0
971,Hold ruler and marker|cardboard+marker+metal ruler+smartphone,0,0,0.0,0.0,0.0
972,Hold ruler on cardboard|cardboard+metal ruler+smartphone,0,0,0.0,0.0,0.0
973,Mark cardboard with pen|black pen+cardboard+metal ruler,0,0,0.0,0.0,0.0
974,Pick up charging case|cardboard+charging case+ruler+scissors+utility knife,0,0,0.0,0.0,0.0
975,Pick up charging case|cardboard+charging case,0,0,0.0,0.0,0.0
976,Inspect charging case|cardboard+charging case,0,0,0.0,0.0,0.0
977,Place charging case down|cardboard+charging case,0,0,0.0,0.0,0.0
978,Hold ruler on cardboard|cardboard+hands+metal ruler,0,2,0.0,0.0,0.0
979,Fold paper strip|desk+paper craft set+purple paper strip+smartphone,0,0,0.0,0.0,0.0
980,Hold paper strip|purple paper strip+smartphone+sticky note cube+water bottle,0,0,0.0,0.0,0.0
981,Hold paper strip|purple paper strip+smartphone,0,0,0.0,0.0,0.0
982,Manipulate paper strip|purple paper strip+smartphone+sticky note cube,0,0,0.0,0.0,0.0
983,Manipulate paper strip|purple paper strip+smartphone,0,0,0.0,0.0,0.0
984,Manipulate paper strip|paper quilling strips stack+purple paper strip+smartphone+sticky note cube,0,0,0.0,0.0,0.0
985,Cut cardboard piece with scissors|cardboard piece+pen+ruler+scissors,0,0,0.0,0.0,0.0
986,Place ruler on cardboard|cardboard sheet+pen+ruler+scissors,0,0,0.0,0.0,0.0
987,Measure and mark cardboard|cardboard sheet+pen+ruler,0,0,0.0,0.0,0.0
988,Mark cardboard with pen|cardboard+pen+ruler+scissors+watch,0,0,0.0,0.0,0.0
989,Mark cardboard with pen and ruler|cardboard sheet+metal ruler+pen+scissors,0,0,0.0,0.0,0.0
990,Pick up scissors|cardboard sheet+metal ruler+pen+scissors,0,1,0.0,0.0,0.0
991,Hold and align cardboard|black marker+cardboard piece+puzzle box+ruler+scissors,0,0,0.0,0.0,0.0
992,Hold and align cardboard|black marker+cardboard piece+ruler+scissors,0,0,0.0,0.0,0.0
993,Cut cardboard|cardboard+pen+ruler+scissors,0,0,0.0,0.0,0.0
994,Reposition tools|black marker+cardboard+metal ruler+scissors,0,0,0.0,0.0,0.0
995,Mark cardboard|black marker+cardboard+metal ruler,0,0,0.0,0.0,0.0
996,Position cardboard tube|cardboard tube+pen+scissors,0,0,0.0,0.0,0.0
997,Cut cardboard tube|cardboard tube+scissors,0,0,0.0,0.0,0.0
998,Cut cardboard strip with scissors|cardboard sheet+cardboard strip+marker+scissors,0,0,0.0,0.0,0.0
999,Cut cardboard with scissors|cardboard+marker+puzzle box+ruler+scissors+utility knife,0,0,0.0,0.0,0.0
1000,Position scissors for next cut|cardboard piece+cardboard sheet+marker+ruler+scissors,0,0,0.0,0.0,0.0
1001,Draw line on cardboard|cardboard+pen+ruler,0,0,0.0,0.0,0.0
1002,Hold ruler and mark cardboard|cardboard+pen+ruler,0,0,0.0,0.0,0.0
1003,Mark cardboard with pen|cardboard+pen+ruler,0,0,0.0,0.0,0.0
1004,Move ruler|cardboard+pen+ruler,0,0,0.0,0.0,0.0
1005,Move ruler|cardboard+marker+pen+ruler,0,0,0.0,0.0,0.0
1006,Move ruler|cardboard+marker+ruler,0,0,0.0,0.0,0.0
1007,Adjust ruler position|cardboard+marker+ruler,0,1,0.0,0.0,0.0
1008,Adjust ruler position|cardboard+marker+pen+ruler,0,0,0.0,0.0,0.0
1009,Adjust ruler position|cardboard+pen+ruler,0,0,0.0,0.0,0.0
1010,Type on smartphone|backpack+puzzle pieces+smartphone,0,0,0.0,0.0,0.0
1011,Hold smartphone|notebook+smartphone,0,0,0.0,0.0,0.0
1012,Scroll on smartphone|papers+puzzle mat+smartphone+tote bag,0,0,0.0,0.0,0.0
1013,Tap smartphone screen|papers+puzzle mat+smartphone+tote bag,0,0,0.0,0.0,0.0
1014,Scroll through photo gallery|bag+papers+puzzle+smartphone,0,0,0.0,0.0,0.0
1015,Typing message on smartphone|blue bag+papers+smartphone+starry night mousepad,0,0,0.0,0.0,0.0
1016,Typing on smartphone|blue tote bag+documents+smartphone+van gogh print cloth,0,0,0.0,0.0,0.0
1017,Tapping smartphone screen|blue tote bag+documents+smartphone+van gogh print cloth,0,0,0.0,0.0,0.0
1018,Tapping smartphone screen|blue tote bag+cardboard box+documents+smartphone+van gogh print cloth,0,0,0.0,0.0,0.0
1019,Tapping smartphone screen|blue tote bag+cardboard box+cardboard boxes+documents+paper document+smartphone+van gogh print cloth,0,0,0.0,0.0,0.0
1020,Tapping smartphone screen|cardboard boxes+paper document+smartphone,0,0,0.0,0.0,0.0
1021,Tapping on smartphone screen|blue tote bag+documents+smartphone,0,0,0.0,0.0,0.0
1022,Tapping on smartphone screen|blue tote bag+cardboard boxes+documents+smartphone,0,0,0.0,0.0,0.0
1023,Putting away smartphone|blue tote bag+cardboard boxes+documents+smartphone,0,0,0.0,0.0,0.0
1024,Stop measuring and put down tools|cardboard+metal ruler+pen+smartphone,0,0,0.0,0.0,0.0
1025,Pick up smartphone|smartphone,0,0,0.0,0.0,0.0
1026,Pick up smartphone|cardboard+smartphone,0,0,0.0,0.0,0.0
1027,Positioning ruler on cardboard|cardboard+metal ruler+pen+smartphone,0,0,0.0,0.0,0.0
1028,Draw line with pen|cardboard+metal ruler+pen+smartphone,0,0,0.0,0.0,0.0
1029,Draw line with pen|cardboard+metal ruler+pen+power bank+ruler+smartphone,0,0,0.0,0.0,0.0
1030,Draw line with pen|cardboard+pen+power bank+ruler+smartphone,0,0,0.0,0.0,0.0
1031,Reposition ruler|black pen+cardboard+metal ruler+red ruler+scissors+smartphone,0,0,0.0,0.0,0.0
1032,Reposition ruler|black pen+cardboard+metal ruler+smartphone,0,0,0.0,0.0,0.0
1033,Prepare to draw lines|cardboard+marker+metal ruler+smartphone,0,1,0.0,0.0,0.0
1034,Draw line on cardboard|black pen+cardboard+metal ruler,0,0,0.0,0.0,0.0
1035,Mark lines on cardboard|cardboard+marker+ruler+smartphone,0,0,0.0,0.0,0.0
1036,Remove ruler and marker|black marker+cardboard+metal ruler+scissors+smartphone,0,0,0.0,0.0,0.0
1037,Remove ruler and marker|black marker+cardboard+marker+metal ruler+scissors+smartphone,0,0,0.0,0.0,0.0
1038,Remove ruler and marker|cardboard+marker+metal ruler+smartphone,0,0,0.0,0.0,0.0
1039,Align ruler and mark cardboard|black marker+cardboard+ruler+scissors,0,1,0.0,0.0,0.0
1040,Walking through classroom|cardboard pieces+chairs+desks+fire extinguisher,0,0,0.0,0.0,0.0
1041,Assemble cardboard pieces|cardboard sheets+ruler+scissors+utility knife,0,0,0.0,0.0,0.0
1042,Mark cardboard piece|cardboard piece+pen+ruler+scissors+utility knife,0,0,0.0,0.0,0.0
1043,Mark cardboard piece|cardboard piece+pen+ruler,0,0,0.0,0.0,0.0
1044,Move marker away|cardboard cube+marker+ruler+scissors+utility knife,0,3,0.0,0.0,0.0
1045,Move marker away|cardboard cube+cardboard piece+marker+metal ruler+red marker+ruler+scissors+utility knife,0,0,0.0,0.0,0.0
1046,Move marker away|cardboard piece+metal ruler+red marker+scissors+utility knife,0,1,0.0,0.0,0.0
1047,Place cardboard piece|cardboard piece+red marker,0,0,0.0,0.0,0.0
1048,Place cardboard piece|cardboard piece+cardboard pile+red marker,0,3,0.0,0.0,0.0
1049,Place cardboard piece|cardboard pile+red marker,0,0,0.0,0.0,0.0
1050,Place cardboard piece|cardboard piece+cardboard pile+pen+red marker+ruler+scissors+smartphone+utility knife+water bottle,0,0,0.0,0.0,0.0
1051,Place cardboard piece|cardboard piece+pen+ruler+scissors+smartphone+utility knife+water bottle,0,0,0.0,0.0,0.0
1052,Arrange cardboard piece|cardboard pieces stack+cardboard sheet+pen+scissors,0,0,0.0,0.0,0.0
1053,Pick up scissors|cardboard sheet+red marker+scissors+utility knife,0,5,0.0,0.0,0.0
1054,Pick up scissors|cardboard sheet+scissors,0,0,0.0,0.0,0.0
1055,Cut cardboard|cardboard sheet+scissors,0,44,0.0,0.0,0.0
1056,Place scissors on table|cardboard+ruler+scissors+smartphone+stacked cardboard+water bottle,0,0,0.0,0.0,0.0
1057,Place scissors on table|cardboard+pen+ruler+scissors+smartphone+stacked cardboard+utility knife+water bottle,0,0,0.0,0.0,0.0
1058,Position ruler and mark cardboard|cardboard+pen+ruler+scissors+utility knife,0,0,0.0,0.0,0.0
1059,Place canned good on shelf|can of food+supermarket shelf,0,0,0.0,0.0,0.0
1060,Pick up container|canned goods+plastic container,0,0,0.0,0.0,0.0
1061,Move canned goods container|canned goods+plastic container,0,0,0.0,0.0,0.0
1062,Move canned goods container|canned goods+plastic container+shelf,0,0,0.0,0.0,0.0
1063,Position container near shelf|plastic container+shelf,0,0,0.0,0.0,0.0
1064,Adjust container on shelf|canned food+cardboard container+store shelf,0,0,0.0,0.0,0.0
1065,Pick up canned food|canned food,2,0,0.0,0.0,0.0
1066,Place canned food in container|canned food+cardboard container,0,0,0.0,0.0,0.0
1067,Adjust cans in container|canned food+plastic container,0,0,0.0,0.0,0.0
1068,Place can on shelf|guaporal cardboard tray+sardine can+shelf,0,0,0.0,0.0,0.0
1069,Place can on shelf|guaporal cardboard tray+sardine can,0,0,0.0,0.0,0.0
1070,Adjust cans in tray|guaporal cardboard tray+sardine can,0,0,0.0,0.0,0.0
1071,Adjusting canned goods on shelf|canned food items+shelf,0,0,0.0,0.0,0.0
1072,Align canned goods on shelf|canned goods trays+shelf,0,0,0.0,0.0,0.0
1073,Place canned food on shelf|canned food+shelf,0,0,0.0,0.0,0.0
1074,Reach for next canned food item|canned food+store shelf,0,0,0.0,0.0,0.0
1075,Wipe the plastic jar|cloth+plastic jar+red lid,0,0,0.0,0.0,0.0
1076,Finish wiping and inspect jar|cloth+plastic jar,0,0,0.0,0.0,0.0
1077,Finish wiping and inspect jar|plastic jar,0,0,0.0,0.0,0.0
1078,Finish wiping and inspect jar|cleaning cloth+plastic jar+shelves,0,0,0.0,0.0,0.0
1079,Inspect jar|cleaning cloth+plastic jar,0,10,0.0,0.0,0.0
1080,Inspect jar|plastic jar,0,0,0.0,0.0,0.0
1081,Inspect jar|cleaning cloth+plastic jar+shelves,0,0,0.0,0.0,0.0
1082,Pick up tin can|cloth+plastic jar,0,0,0.0,0.0,0.0
1083,Pick up tin can|cloth+plastic jar+tin can,0,0,0.0,0.0,0.0
1084,Hold items and inspect shelf|cleaning cloth+plastic jar+shelf+tin can,0,4,0.0,0.0,0.0
1085,Cut cardboard|cardboard+metal ruler+smartphone+utility knife,0,0,0.0,0.0,0.0
1086,Move cardboard|cardboard+metal ruler+smartphone+utility knife,0,1,0.0,0.0,0.0
1087,Stabilize cardboard|cardboard+metal ruler+smartphone+utility knife,0,0,0.0,0.0,0.0
1088,Stabilize ruler|cardboard+metal ruler+smartphone+utility knife,0,1,0.0,0.0,0.0
1089,Labeling cardboard squares|black marker+cardboard square+ruler+smartphone+utility knife,0,0,0.0,0.0,0.0
1090,Moving cardboard square|cardboard square+cardboard stack+marker+ruler+smartphone,0,3,0.0,0.0,0.0
1091,Labeling cardboard square|cardboard square+marker+ruler+smartphone,0,0,0.0,0.0,0.0
1092,Placing labeled square|cardboard square+marker+stack of cardboard,0,0,0.0,0.0,0.0
1093,Starting to label next square|cardboard square+marker+stack of cardboard,0,1,0.0,0.0,0.0
1094,Placing labeled cardboard square|cardboard square+stack of cardboard pieces,0,0,0.0,0.0,0.0
1095,Labeling cardboard piece|cardboard pieces+red marker+ruler+smartphone,0,3,0.0,0.0,0.0
1096,Switching marker|black marker+cardboard pieces+red marker+ruler+smartphone,0,34,0.0,0.0,0.0
1097,Move cardboard piece|cardboard piece+marker+ruler+smartphone,0,145,0.0,0.0,0.0
1098,Reach for next piece|cardboard piece+marker+ruler+smartphone,0,0,0.0,0.0,0.0
1099,Position cardboard piece|cardboard piece+ruler+smartphone+utility knife,0,0,0.0,0.0,0.0
1100,Release cardboard piece|cardboard piece+ruler+smartphone+utility knife,0,0,0.0,0.0,0.0
1101,Marking cardboard with pen|cardboard sheet+marker+metal ruler+smartphone,0,0,0.0,0.0,0.0
1102,Placing pen on table|cardboard sheet+marker+metal ruler,0,0,0.0,0.0,0.0
1103,Repositioning ruler and cardboard|cardboard sheet+cardboard stack+metal ruler+pen+utility knife,0,0,0.0,0.0,0.0
1104,Repositioning ruler and cardboard|cardboard sheet+cardboard stack+metal ruler+pen+smartphone+utility knife,0,1,0.0,0.0,0.0
1105,Folding cardboard|cardboard sheet+metal ruler+pen+utility knife,0,0,0.0,0.0,0.0
1106,Place cardboard piece on stack|mobile phone+small rectangular cardboard piece+stack of cardboard pieces,0,0,0.0,0.0,0.0
1107,Manipulate cardboard sheet|cardboard sheet+pen+phone+ruler,0,5,0.0,0.0,0.0
1108,Observe workspace|cardboard pieces+marker+phone+ruler+utility knife,0,0,0.0,0.0,0.0
1109,Arrange buttons on the table|hand+orange buttons+table,0,0,0.0,0.0,0.0
1110,Arrange buttons|hand+orange buttons+table,0,1,0.0,0.0,0.0
1111,Sorting buttons|buttons+partition+power bank+smartphone+table,0,0,0.0,0.0,0.0
1112,Sort orange buttons|orange buttons+phone+power bank+table,0,12,0.0,0.0,0.0
1113,Sort orange button|orange buttons+power bank+smartphone,0,2,0.0,0.0,0.0
1114,Move hand over button pile|orange buttons+power bank+smartphone,0,0,0.0,0.0,0.0
1115,Move orange buttons|orange buttons+power bank+smartphone,0,0,0.0,0.0,0.0
1116,Move orange buttons|green tube+orange buttons+power bank+smartphone,0,15,0.0,0.0,0.0
1117,Interact with smartphone|power bank+smartphone,0,0,0.0,0.0,0.0
1118,Arrange orange buttons|orange buttons+table,0,18,0.0,0.0,0.0
1119,Fold paper strip|paper stack+paper strip+pen holder+small star pile+table,0,0,0.0,0.0,0.0
1120,Fold paper strip|origami star pile+paper stack+paper strip+pen holder+purple paper strip+small star pile+table,0,0,0.0,0.0,0.0
1121,Fold paper strip|origami star pile+purple paper strip,0,0,0.0,0.0,0.0
1122,Fold paper strip|origami star pile+paper strip+pile of small star models+purple paper strip+table+water bottle,0,0,0.0,0.0,0.0
1123,Fold paper strip|paper strip+pile of small star models+table+water bottle,0,0,0.0,0.0,0.0
1124,Pick up stapler|hands+stapler,0,0,0.0,0.0,0.0
1125,Cut cardboard shape|cardboard strip+pens+phone+ruler+scissors+water bottle,0,0,0.0,0.0,0.0
1126,Cut cardboard shape|cardboard strip+pens+phone+ruler+scissors,0,11,0.0,0.0,0.0
1127,Cut cardboard shape|cardboard strip+earbud case+mobile phone+pen+pens+phone+ruler+scissors+utility knife+water bottle,0,8,0.0,0.0,0.0
1128,Cut cardboard shape|cardboard strip+earbud case+mobile phone+pen+ruler+scissors+utility knife+water bottle,0,9,0.0,0.0,0.0
1129,Cut cardboard shape|cardboard sheet+cardboard strip+earbud case+mobile phone+pen+pens+phone+ruler+scissors+utility knife+water bottle,0,0,0.0,0.0,0.0
1130,Cut cardboard shape|cardboard sheet+pens+phone+ruler+scissors+water bottle,0,0,0.0,0.0,0.0
1131,Drawing grid line with ruler|cardboard+metal ruler+pen+smartphone,0,0,0.0,0.0,0.0
1132,Drawing grid line with pen and ruler|cardboard+pen+ruler,0,0,0.0,0.0,0.0
1133,Draw grid line with pen|cardboard+hexagonal cardboard pieces+pen+ruler,0,0,0.0,0.0,0.0
1134,Pick up cardboard|cardboard+pen+ruler+small cardboard pieces,0,0,0.0,0.0,0.0
1135,Draw grid line|cardboard+cell phone+pen+ruler,0,1,0.0,0.0,0.0
1136,Drawing grid line|cardboard+mobile phone+pen+ruler+small cardboard shapes,0,0,0.0,0.0,0.0
1137,Manipulate paper star|paper star+paper strips+smartphone+table,0,0,0.0,0.0,0.0
1138,Manipulate paper star|paper star+smartphone,0,0,0.0,0.0,0.0
1139,Type on smartphone|paper star+smartphone,0,4,0.0,0.0,0.0
1140,Pick up paper strip|backpack+folded paper stars+paper strips+smartphone,0,1,0.0,0.0,0.0
1141,Pick up paper strip|backpack+folded paper stars+paper strips+power bank+smartphone,0,0,0.0,0.0,0.0
1142,Fold paper strip|blue paper strip+paper stars+smartphone,0,0,0.0,0.0,0.0
1143,Fold paper star|backpack+paper stars+paper strips+smartphone,0,0,0.0,0.0,0.0
1144,Pick up phone|paper stars pile+phone,0,0,0.0,0.0,0.0
1145,Use phone|paper stars pile+phone,0,0,0.0,0.0,0.0
1146,Use phone|phone,0,0,0.0,0.0,0.0
1147,Pick up paper strip|backpack+paper stars+paper strips+smartphone,0,0,0.0,0.0,0.0
1148,Pick up paper strip|backpack+paper stars+paper strip+paper strips+smartphone,0,0,0.0,0.0,0.0
1149,Pick up paper strip|backpack+paper stars+paper strip+smartphone,0,0,0.0,0.0,0.0
1150,Manipulate paper strip|backpack+paper stars+paper strip+smartphone,0,0,0.0,0.0,0.0
1151,Observe workspace|chair+star-shaped beads+table+water bottle,0,5,0.0,0.0,0.0
1152,Reach for beads|hand+star-shaped beads+table,0,1,0.0,0.0,0.0
1153,Sort beads by color|bead containers+star-shaped beads+table,0,2,0.0,0.0,0.0
1154,Sort purple beads|bead storage box+blue star-shaped beads+purple star-shaped beads+white star-shaped beads+yellow star-shaped beads,0,0,0.0,0.0,0.0
1155,Sort purple beads|blue star-shaped beads+purple star-shaped beads,0,0,0.0,0.0,0.0
1156,Write on paper|blue pen+star-shaped beads+white paper,0,18,0.0,0.0,0.0
1157,Move pen away|blue pen+star-shaped beads+white paper,0,49,0.0,0.0,0.0
1158,Sort beads|paper+pen+star-shaped beads+storage container,0,28,0.0,0.0,0.0
1159,Gathering star beads|star-shaped beads+storage container+water bottle,0,8,0.0,0.0,0.0
1160,Sort beads by hand|bead containers+hands+star-shaped beads,0,10,0.0,0.0,0.0
1161,Pick up can|canned food+plastic bin,0,0,0.0,0.0,0.0
1162,Place can on shelf|canned food,0,0,0.0,0.0,0.0
1163,Hold tray of canned goods|canned goods+store shelf+tray,0,0,0.0,0.0,0.0
1164,Hold tray of canned goods|canned goods+cardboard box+store shelf+tray,0,0,0.0,0.0,0.0
1165,Hold tray of canned goods|canned goods+cardboard box+person+store shelf+tray,0,0,0.0,0.0,0.0
1166,Hold tray of canned goods|canned goods+person+store shelf+tray,0,0,0.0,0.0,0.0
1167,Move towards shelf|canned goods+cardboard box+tray,0,0,0.0,0.0,0.0
1168,Position tray|canned goods+store shelf+tray,0,0,0.0,0.0,0.0
1169,Sort canned goods in tray|canned goods+plastic tray+store shelf,0,0,0.0,0.0,0.0
1170,Sort canned goods in tray|canned goods+plastic tray,0,0,0.0,0.0,0.0
1171,Reach for shelf|canned goods+tray,0,0,0.0,0.0,0.0
1172,Reach for shelf|canned goods+store shelf+tray,0,49,0.0,0.0,0.0
1173,Align canned goods on shelf|canned goods+shelf,0,0,0.0,0.0,0.0
1174,Carry crate of cans|canned goods+crate,0,0,0.0,0.0,0.0
1175,Place crate on floor|canned goods+crate,0,0,0.0,0.0,0.0
1176,Reach for can|canned goods crate+store shelves,0,0,0.0,0.0,0.0
1177,Move can towards shelf|soup can,0,0,0.0,0.0,0.0
1178,Wipe item|cleaning cloth+packaged merchandise,0,0,0.0,0.0,0.0
1179,Place item back|packaged merchandise+shelf,0,0,0.0,0.0,0.0
1180,Wipe retail item|orange cloth+packaged retail items,0,0,0.0,0.0,0.0
1181,Reach for retail item|retail item+shelf,0,0,0.0,0.0,0.0
1182,Reach for retail item|retail item,0,3,0.0,0.0,0.0
1183,Grasp retail item|retail item,0,0,0.0,0.0,0.0
1184,Adjust retail items on shelf|retail items+shelf display hook,0,0,0.0,0.0,0.0
1185,Pick up retail item|display rack+retail item package,0,0,0.0,0.0,0.0
1186,Align and place retail item|display shelf+retail item package,0,0,0.0,0.0,0.0
1187,Arrange items on shelf|retail items+shelf,0,0,0.0,0.0,0.0
1188,Adjust item on shelf|colorful strip pack,0,0,0.0,0.0,0.0
1189,Adjust retail item position|display rack+retail item,0,0,0.0,0.0,0.0
1190,Sort paper stars|box+paper stars+smartphone,0,0,0.0,0.0,0.0
1191,Pick up pink water bottle|paper stars+pink water bottle,0,0,0.0,0.0,0.0
1192,Place down pink water bottle|desk+paper stars+pink water bottle,0,0,0.0,0.0,0.0
1193,Sort paper star|paper star+pile of paper stars+table,0,0,0.0,0.0,0.0
1194,Place star in row|hand+paper stars,0,0,0.0,0.0,0.0
1195,Reach for star|hand+paper stars,0,0,0.0,0.0,0.0
1196,Retrieve star|hand+paper stars,0,8,0.0,0.0,0.0
1197,Pick up star|paper star,0,0,0.0,0.0,0.0
1198,Manipulate paper star|paper star+pile of paper stars+smartphone+yellow container,0,0,0.0,0.0,0.0
1199,Hold recording sheet and pen|blue pen+label maker+origami paper stars+recording sheet,0,0,0.0,0.0,0.0
1200,Record star count|origami paper stars+pen+portable label printer+recording sheet+smartphone,0,0,0.0,0.0,0.0
1201,Hold pen and paper|list paper+paper stars+pen+smartphone,0,0,0.0,0.0,0.0
1202,Observe surroundings|chair+person+portable printer+table,0,0,0.0,0.0,0.0
1203,Observe paper and count objects|beads+paper sheet+pen+smartphone,0,0,0.0,0.0,0.0
1204,Write count on paper|paper sheet+pen,0,0,0.0,0.0,0.0
1205,Place pen on table|paper+pen+star count piles,0,0,0.0,0.0,0.0
1206,Pick up smartphone|paper+pen+star count piles,0,0,0.0,0.0,0.0
1207,Pick up smartphone|paper+pen+smartphone+star count piles,0,0,0.0,0.0,0.0
1208,Pick up smartphone|paper+smartphone+star count piles,0,0,0.0,0.0,0.0
1209,View content on smartphone|paper+smartphone+star count piles,0,0,0.0,0.0,0.0
1210,Place smartphone on table|paper form+pen+smartphone,0,0,0.0,0.0,0.0
1211,Resume writing on paper|paper form+pen+smartphone,0,0,0.0,0.0,0.0
1212,Pick up paper star|paper+paper star+pen+smartphone+star collection+water bottle,0,0,0.0,0.0,0.0
1213,Place paper star in row|paper+paper star+pen+smartphone+star collection+water bottle,0,0,0.0,0.0,0.0
1214,Manipulate star|paper+paper stars+pen+stationery box+water bottle,0,0,0.0,0.0,0.0
1215,Manipulate paper star|document+paper stars+pen+phone+water bottle,0,0,0.0,0.0,0.0
1216,Arrange paper stars|paper sheet+paper stars+pen+phone+table+water bottle,0,0,0.0,0.0,0.0
1217,Manipulate paper stars|paper list+paper stars+pen+smartphone+water bottle,0,0,0.0,0.0,0.0
1218,Cut cardboard grid|cardboard grid+scissors+smartphone+water bottle,0,0,0.0,0.0,0.0
1219,Pick up power bank|power bank,0,0,0.0,0.0,0.0
1220,Move to box|power bank+small item,0,0,0.0,0.0,0.0
1221,Pick up small item|box+small items,0,0,0.0,0.0,0.0
1222,Pick up small item|box+small item+small items,0,0,0.0,0.0,0.0
1223,Pick up small item|small item,0,0,0.0,0.0,0.0
1224,Walk away|small item,0,0,0.0,0.0,0.0
1225,Walk away|power bank+small item,0,0,0.0,0.0,0.0
1226,Walking to sink|handheld device,0,0,0.0,0.0,0.0
1227,Washing hands|handheld device,0,0,0.0,0.0,0.0
1228,Washing hands|handheld device+sink+soap dispenser+water faucet,0,0,0.0,0.0,0.0
1229,Rub hands together|faucet+scoop+sink+soap bottle,0,0,0.0,0.0,0.0
1230,Finish washing hands|faucet+scoop+sink+soap bottle,0,0,0.0,0.0,0.0
1231,Pick up paper towel|paper towel+sink,0,0,0.0,0.0,0.0
1232,Dry hands|paper towel,0,0,0.0,0.0,0.0
1233,Dry hands|hands+paper towel,0,0,0.0,0.0,0.0
1234,Discard paper towel|mirror+paper towel,0,0,0.0,0.0,0.0
1235,Discard paper towel|mirror+paper towel+trash bin,0,0,0.0,0.0,0.0
1236,Discard paper towel|paper towel+trash bin,0,0,0.0,0.0,0.0
1237,Observe workspace|cardboard sheet+ruler+scissors+smartphone+water bottle,0,0,0.0,0.0,0.0
1238,Cut cardboard|cardboard+scissors+smartphone+water bottle,0,0,0.0,0.0,0.0
1239,Separate cardboard piece|cardboard sheet+scissors+water bottle,0,0,0.0,0.0,0.0
1240,Separate cardboard piece|cardboard sheet+cut-out cardboard piece+scissors+water bottle,0,0,0.0,0.0,0.0
1241,Pick up paper strip|collection of folded stars+paper strips+table,0,0,0.0,0.0,0.0
1242,Begin folding paper strip|paper strips+single blue paper strip,0,0,0.0,0.0,0.0
1243,Begin folding paper strip|blue paper strip+hands+paper strips+single blue paper strip,0,0,0.0,0.0,0.0
1244,Begin folding paper strip|blue paper strip+hands,0,0,0.0,0.0,0.0
1245,Fold paper strip|colored paper strips+table,0,0,0.0,0.0,0.0
1246,Fold paper strip into a star|paper star+paper strip+table,0,24,0.0,0.0,0.0
1247,Manipulate paper star|folded paper star+hands,0,0,0.0,0.0,0.0
1248,Prepare paper strip|hands+paper strip,0,3,0.0,0.0,0.0
1249,Manipulate paper strip|bead pile+paper star pile+paper strip+water bottle,0,0,0.0,0.0,0.0
1250,Continue folding paper strip|folded paper stars+paper strips,0,0,0.0,0.0,0.0
1251,Place star on table|finished paper stars+paper strip+table,0,0,0.0,0.0,0.0
1252,Fold paper strip into lucky star|lucky stars+paper strip+pen holder+smartphone,0,0,0.0,0.0,0.0
1253,Fold paper strip|lucky stars+paper strip+pen holder+smartphone,0,0,0.0,0.0,0.0
1254,Fold lucky star|lucky star+paper strip,0,0,0.0,0.0,0.0
1255,Fold lucky star|lucky star+paper strip+pen holder+phone,0,0,0.0,0.0,0.0
1256,Manipulate paper star|lucky star+paper strip+pen holder+smartphone,0,0,0.0,0.0,0.0
1257,Manipulate paper strip|beads+desk+yellow paper strip,0,0,0.0,0.0,0.0
1258,Manipulate folded paper star|paper strips+piles of paper stars+yellow folded paper star,0,1,0.0,0.0,0.0
1259,Release paper star|piles of paper stars+smartphone+yellow folded paper star,0,0,0.0,0.0,0.0
1260,Grasp paper strip|cup of pens+smartphone+yellow paper strip,0,0,0.0,0.0,0.0
1261,Sort colored tiles|cardboard squares+mobile phone+red markers+small colored tiles,0,0,0.0,0.0,0.0
1262,Pick up colored tile|blue tile+pile of tiles+power bank+smartphone,0,0,0.0,0.0,0.0
1263,Place colored tile|blue tile+pile of tiles+power bank+smartphone,0,0,0.0,0.0,0.0
1264,Sort tiles|colored tiles+power bank+smartphone,0,0,0.0,0.0,0.0
1265,Sort tiles|cardboard squares+colored tiles+power bank+smartphone,0,2,0.0,0.0,0.0
1266,Sort tiles|cardboard squares+colored tiles,0,0,0.0,0.0,0.0
1267,Sort tiles by color|box+colored tiles+power bank+smartphone,0,0,0.0,0.0,0.0
1268,Use phone|box cutter+colored tiles+orange cloth+smartphone,0,0,0.0,0.0,0.0
1269,Place phone on table|colored tiles+smartphone,0,1,0.0,0.0,0.0
1270,Write on notepad|beads+notepad+pen,0,1,0.0,0.0,0.0
1271,Reach for beads|beads+notepad+pen,0,25,0.0,0.0,0.0
1272,Write on notepad|beads+notepad+pen+ruler+smartphone,0,0,0.0,0.0,0.0
1273,Sort beads|beads+notepad+pen,0,3,0.0,0.0,0.0
1274,Writing on notepad|assorted beads+notepad+pen,0,28,0.0,0.0,0.0
1275,Reaching for beads|assorted beads+notepad+pen,0,30,0.0,0.0,0.0
1276,Cut section from newspaper|newspaper+scissors+smartphone,0,0,0.0,0.0,0.0
1277,Tear newspaper|newspaper+scissors+smartphone,0,0,0.0,0.0,0.0
1278,Hold newspaper|newspaper+phone+scissors+table,0,2,0.0,0.0,0.0
1279,Hold and align newspaper|newspaper+scissors+smartphone,0,4,0.0,0.0,0.0
1280,Fold newspaper|newspaper+scissors,0,0,0.0,0.0,0.0
1281,Reposition newspaper|newspaper+scissors,0,0,0.0,0.0,0.0
1282,Cut newspaper|newspaper+scissors,0,76,0.0,0.0,0.0
1283,Cut along the edge of the newspaper|newspaper+scissors+table,0,0,0.0,0.0,0.0
1284,Cut along the newspaper edge|newspaper+scissors+table,0,4,0.0,0.0,0.0
1285,Browsing mobile phone|newspaper+scissors+smartphone,0,3,0.0,0.0,0.0
1286,Browse mobile phone|mobile phone+newspaper+scissors,0,0,0.0,0.0,0.0
1287,Cut newspaper with scissors|newspaper+scissors,0,3,0.0,0.0,0.0
1288,Place scissors on table|newspaper+scissors+smartphone,0,0,0.0,0.0,0.0
1289,Sort blue star-shaped pieces|blue star-shaped pieces+cardboard box+power bank+purple star-shaped pieces+smartphone,0,0,0.0,0.0,0.0
1290,Sort small plastic pieces|paper+phone+power bank+star-shaped plastic pieces+table,0,0,0.0,0.0,0.0
1291,Reach for more pieces|cardboard box+phone+power bank+star-shaped plastic pieces+table,0,0,0.0,0.0,0.0
1292,Sort plastic pieces|cardboard box+plastic pieces+power bank+smartphone,0,0,0.0,0.0,0.0
1293,Write on paper|paper+pen+plastic pieces+smartphone,0,0,0.0,0.0,0.0
1294,Gather pieces|paper+pen+plastic pieces,0,0,0.0,0.0,0.0
1295,Move pieces into box|cardboard box+plastic pieces+smartphone,0,0,0.0,0.0,0.0
1296,Gather pieces into box|cardboard box+purple plastic pieces,0,0,0.0,0.0,0.0
1297,Pick up phone|smartphone,0,0,0.0,0.0,0.0
1298,Use phone|smartphone,0,7,0.0,0.0,0.0
1299,Typing on phone|cardboard box+power bank+smartphone,0,0,0.0,0.0,0.0
1300,Scrolling or navigating on phone|cardboard box+power bank+smartphone,0,3,0.0,0.0,0.0
1301,Scrolling and viewing content on phone|cardboard box+desk+phone+power bank,0,0,0.0,0.0,0.0
1302,Pick up item from shelf|electronic accessory box+shelf,0,0,0.0,0.0,0.0
1303,Place item in shopping bag|electronic accessory box+shopping bag,0,0,0.0,0.0,0.0
1304,Pick up charging cable|mcdodo charging cable package+shopping bag,0,0,0.0,0.0,0.0
1305,Hold electronic item|packaged charging cable+shopping bag,0,0,0.0,0.0,0.0
1306,Pick up electronic item|electronic item+shelf+shopping bag,0,0,0.0,0.0,0.0
1307,Wipe electronic item|blue cloth+electronic device+shopping bag,0,0,0.0,0.0,0.0
1308,Inspect electronic item|blue cloth+electronic device,0,0,0.0,0.0,0.0
1309,Place item in bag|electronic device+shopping bag,0,0,0.0,0.0,0.0
1310,Place item in bag|cleaning cloth+electronic device box+shopping bag,0,0,0.0,0.0,0.0
1311,Select another item|boxed phone,0,0,0.0,0.0,0.0
1312,Inspect smartphone box|shelf+smartphone box,0,0,0.0,0.0,0.0
1313,Hold smartphone box|cleaning cloth+orange shopping bag+smartphone box,0,0,0.0,0.0,0.0
1314,Examine product|boxed electronic product+cloth+orange shopping bag,0,0,0.0,0.0,0.0
1315,Examine product|boxed electronic product+cardboard display box+cloth+orange shopping bag,0,0,0.0,0.0,0.0
1316,Examine product|boxed electronic product+cardboard display box+cloth,0,0,0.0,0.0,0.0
1317,Examine product|boxed electronic product+cloth,0,0,0.0,0.0,0.0
1318,Pick up canned item|canned item+plastic container+shelf,0,2,0.0,0.0,0.0
1319,Place item on shelf|canned item+shelf,0,0,0.0,0.0,0.0
1320,Pick up another canned item|canned item+plastic container,0,38,0.0,0.0,0.0
1321,Carry plastic container|plastic container,0,0,0.0,0.0,0.0
1322,Place container on floor|canned items+plastic container,0,0,0.0,0.0,0.0
1323,Place container on floor|canned items+cardboard box+plastic container,0,2,0.0,0.0,0.0
1324,Pick up container|floor+plastic container,0,0,0.0,0.0,0.0
1325,Move towards shelf|floor+plastic container,0,11,0.0,0.0,0.0
1326,Place items on shelf|canned goods+plastic container+shelf,0,0,0.0,0.0,0.0
1327,Place container on shelf|container+plastic crate,0,0,0.0,0.0,0.0
1328,Place container on shelf|container+plastic crate+shelf,0,1,0.0,0.0,0.0
1329,Reach for another container|container+plastic crate,0,58,0.0,0.0,0.0
1330,Reach for container|retail shelf+soup can,0,7,0.0,0.0,0.0
1331,Reach for container|retail shelf+soup can+soup cans+storage container,0,1,0.0,0.0,0.0
1332,Place storage container on floor|plastic storage container+shelves,0,1,0.0,0.0,0.0
1333,Place storage container on floor|cardboard boxes+plastic storage container+shelves+shopping bag,0,2,0.0,0.0,0.0
1334,Release container|cardboard boxes+plastic storage container+shopping bag,0,8,0.0,0.0,0.0
1335,Pick up storage container|floor+storage container,0,15,0.0,0.0,0.0
1336,Move container toward shelf|floor+storage container,0,2,0.0,0.0,0.0
1337,Move container toward shelf|floor+shelf+storage container,0,0,0.0,0.0,0.0
1338,Position container on shelf|shelf+storage container,0,17,0.0,0.0,0.0
1339,Remove lid from container|lid+storage container,0,5,0.0,0.0,0.0
1340,Pick up canned goods|canned goods+shelf+storage container,0,0,0.0,0.0,0.0
1341,Place canned goods in container|canned goods+storage container,0,12,0.0,0.0,0.0
1342,Pick up product from bin|canned goods+plastic bin+yellow boxes,0,21,0.0,0.0,0.0
1343,Place product on shelf|yellow box,0,6,0.0,0.0,0.0
1344,Pick up next product from bin|shelf+yellow box,0,0,0.0,0.0,0.0
1345,Pick up next product from bin|shelf+yellow box+yellow jar,0,3,0.0,0.0,0.0
1346,Reorganize bin contents|food containers+plastic bin,0,6,0.0,0.0,0.0
1347,Move bin|jar+plastic bin+shelf,0,10,0.0,0.0,0.0
1348,Walking along the aisle|product containers+shelf+stool,0,0,0.0,0.0,0.0
1349,Observe stocking|products+shelves+stools,0,0,0.0,0.0,0.0
1350,Observe stocking|cardboard box+products+shelves+stools,0,0,0.0,0.0,0.0
1351,Observe stocking|cardboard box+shelves,0,0,0.0,0.0,0.0
1352,Move plastic storage bin|cardboard boxes+clear plastic storage bin+orange shopping bag,0,18,0.0,0.0,0.0
1353,Move plastic storage bin|cardboard boxes+clear plastic storage bin+orange shopping bag+utility knife,0,0,0.0,0.0,0.0
1354,Place canned food in bin|canned food+plastic storage bin,0,1,0.0,0.0,0.0
1355,Place canned food on shelf|canned food+plastic bin,0,5,0.0,0.0,0.0
1356,Place canned food on shelf|canned food+plastic bin+store shelf,0,0,0.0,0.0,0.0
1357,Place canned food on shelf|canned food+store shelf,5,0,0.0,0.0,0.0
1358,Hold container of canned food|canned food+plastic container,0,0,0.0,0.0,0.0
1359,Hold container of canned food|canned food+colleague+plastic container,0,1,0.0,0.0,0.0
1360,Move towards aisle|canned food+plastic container,0,0,0.0,0.0,0.0
1361,Move towards aisle|canned food+cardboard boxes+plastic container+shelving unit,0,3,0.0,0.0,0.0
1362,Approach restocking supplies|aisle+floor,0,0,0.0,0.0,0.0
1363,Pick up plastic container|box+plastic container,0,0,0.0,0.0,0.0
1364,Walk towards aisle|plastic container,0,0,0.0,0.0,0.0
1365,Move along the shelves|plastic container+shelves,0,0,0.0,0.0,0.0
1366,Move along the shelves|plastic container+products+shelves,0,0,0.0,0.0,0.0
1367,Move pineapple chips|food product bag+pineapple chips pouch+shelf,0,0,0.0,0.0,0.0
1368,Move pineapple chips|food jars+food product bag+mulberries box+pineapple chips pouch+shelf,0,1,0.0,0.0,0.0
1369,Move pineapple chips|food jars+mulberries box+pineapple chips pouch,0,0,0.0,0.0,0.0
1370,Forming quilled paper shape|colored paper strips+phone+piles of quilled shapes+plastic bag+water bottle,0,0,0.0,0.0,0.0
1371,Manipulate quilled paper shape|desk+quilled paper shape,0,4,0.0,0.0,0.0
1372,Place quilled paper shape|desk+quilled paper shape,0,5,0.0,0.0,0.0
1373,Retrieve paper strip|desk+quilled paper shape pile,0,1,0.0,0.0,0.0
1374,Retrieve paper strip|desk+paper strip+quilled paper shape pile,0,0,0.0,0.0,0.0
1375,Retrieve paper strip|desk+paper strip,0,0,0.0,0.0,0.0
1376,Select paper strip|paper strip+smartphone+table+water bottle,0,0,0.0,0.0,0.0
1377,Select paper strip|paper strip+smartphone+table,0,0,0.0,0.0,0.0
1378,Manipulate quilled paper strip|paper strip+smartphone+table,0,1,0.0,0.0,0.0
1379,Manipulate quilled paper strips|quilled paper strips+table,0,3,0.0,0.0,0.0
1380,Manipulate quilled paper strips|quilled paper strips+smartphone+table+water bottle,0,1,0.0,0.0,0.0
1381,Transition to standing position|quilled paper strips+smartphone+table+water bottle,0,0,0.0,0.0,0.0
1382,Observe paper quilling station|quilled paper strips+scissors+table,0,13,0.0,0.0,0.0
1383,Sort quilled paper pieces|chair+paper quilling pieces+table,0,0,0.0,0.0,0.0
1384,Sort quilled paper pieces|paper quilling pieces+table,0,71,0.0,0.0,0.0
1385,Walk towards storage area|quilled paper stars,0,5,0.0,0.0,0.0
1386,Walk towards storage area|cardboard boxes+quilled paper stars,0,0,0.0,0.0,0.0
1387,Walk towards storage area|cardboard boxes,0,1,0.0,0.0,0.0
1388,Hold device and cable|paper pieces,0,0,0.0,0.0,0.0
1389,Hold device and cable|electronic device+paper pieces+white cable,0,0,0.0,0.0,0.0
1390,Hold device and cable|electronic device+white cable,0,6,0.0,0.0,0.0
1391,Move piece to pile|quilled paper pieces+water bottle,0,0,0.0,0.0,0.0
1392,Manipulate quilled paper|hand+quilled paper pieces+table,0,2,0.0,0.0,0.0
1393,Pick up smartphone|person+quilled paper pieces+table,0,1,0.0,0.0,0.0
1394,Hold smartphone|pens+plastic bag+quilled paper pieces+smartphone+water bottle,0,0,0.0,0.0,0.0
1395,Pick up and sort cardboard|cardboard pieces+smartphone+table+water bottle,0,0,0.0,0.0,0.0
1396,Sort and arrange cardboard pieces|cardboard pieces+smartphone+water bottle,0,0,0.0,0.0,0.0
1397,Move camera over surface|wooden surface,0,0,0.0,0.0,0.0
1398,Reach for cardboard piece|cardboard pieces+smartphone+table+water bottle,0,1,0.0,0.0,0.0
1399,Hold phone|cardboard pieces+smartphone+water bottle,0,0,0.0,0.0,0.0
1400,Lock phone|cardboard pieces+smartphone+water bottle,0,0,0.0,0.0,0.0
1401,Sort and stack cardboard pieces|cardboard pieces+smartphone+water bottle,0,0,0.0,0.0,0.0
1402,Use smartphone|cardboard pieces+laptop+smartphone+water bottle,0,0,0.0,0.0,0.0
1403,Mark list with pen|colored beads+paper list+pen+power bank+table,0,1,0.0,0.0,0.0
1404,Sort beads|colored beads+paper list+pen+table,0,15,0.0,0.0,0.0
1405,Mark paper list|beads+paper list+pen,0,0,0.0,0.0,0.0
1406,Adjust bead piles|beads+paper list+pen,0,1,0.0,0.0,0.0
1407,Sort blue beads|blue beads+paper list+pen,0,19,0.0,0.0,0.0
1408,Move blue beads|blue beads+paper list+pen+router,0,0,0.0,0.0,0.0
1409,Place down pen|blue beads+paper list+pen,0,0,0.0,0.0,0.0
1410,Move away from desk|chair+desk+person,0,1,0.0,0.0,0.0
1411,Walking through the office|chairs+desk+remote controller,0,20,0.0,0.0,0.0
1412,Walk towards table|controller,0,6,0.0,0.0,0.0
1413,Place controller on table|controller+table,0,0,0.0,0.0,0.0
1414,Place controller on table|beads+controller+table,0,2,0.0,0.0,0.0
1415,Observe workspace|black bag+blue beads+controller+documents+pen+purple beads+white beads+yellow beads,0,1,0.0,0.0,0.0
1416,Observe workspace|black bag+blue beads+controller+documents+pen+power bank+purple beads+router+white beads+yellow beads,0,0,0.0,0.0,0.0
1417,Observe workspace|blue beads+documents+pen+power bank+router,0,0,0.0,0.0,0.0
1418,Write on paper|blue beads+notepad+pen,0,14,0.0,0.0,0.0
1419,Resume sorting blue beads|blue beads+notepad+pen,0,1,0.0,0.0,0.0
1420,Reach for beads|beads+paper+pen+power bank,0,0,0.0,0.0,0.0
1421,Sort beads by color|blue beads+paper with writing+pen+power bank+router,0,2,0.0,0.0,0.0
1422,Cut cardboard shape|cardboard+scissors+smartphone,0,22,0.0,0.0,0.0
1423,Fold cardboard shape|cardboard+smartphone,0,0,0.0,0.0,0.0
1424,Reach for cardboard box|cardboard boxes,0,0,0.0,0.0,0.0
1425,Reach for cardboard box|cardboard+cardboard boxes,0,0,0.0,0.0,0.0
1426,Reach for object|cardboard,0,0,0.0,0.0,0.0
1427,Reach for object|cardboard+ruler+scissors+smartphone,0,0,0.0,0.0,0.0
1428,Cut cardboard|cardboard shape+cardboard sheet+scissors+smartphone,0,3,0.0,0.0,0.0
1429,Release cardboard shape|cardboard shape+scissors+smartphone,0,0,0.0,0.0,0.0
1430,Release cardboard shape|cardboard+cardboard shape+scissors+smartphone,0,0,0.0,0.0,0.0
1431,Release cardboard shape|cardboard+scissors+smartphone,0,0,0.0,0.0,0.0
1432,Reposition hands|cardboard sheet+cut cardboard triangles+scissors,0,0,0.0,0.0,0.0
1433,Reposition hands|cardboard piece+cardboard sheet+cut cardboard triangles+scissors+smartphone,0,0,0.0,0.0,0.0
1434,Cut cardboard piece|cardboard base+cardboard piece+scissors+smartphone,0,0,0.0,0.0,0.0
1435,Rolling paper strip|blue paper strip+earbuds case+marker+phone+pile of quilled paper coils,0,9,0.0,0.0,0.0
1436,Finishing coil|paper coil+smartphone,0,3,0.0,0.0,0.0
1437,Selecting new paper strip|paper coil+paper strips+smartphone,0,0,0.0,0.0,0.0
1438,Start folding paper strip|blue paper strip+earbud case+pen+quilling paper set+smartphone,0,2,0.0,0.0,0.0
1439,Folding paper strip|blue paper strip+smartphone,0,1,0.0,0.0,0.0
1440,Positioning paper strip|blue paper strip+marker+paper stack+smartphone,0,0,0.0,0.0,0.0
1441,Manipulate quilling paper|blue paper strip+earbud case+paper strips fan+pen+phone,0,52,0.0,0.0,0.0
1442,Grasp electronic object|charger+earbud case+paper strips fan+pen+phone,0,0,0.0,0.0,0.0
1443,Walk towards workspace|chairs+tables+vr headsets,0,0,0.0,0.0,0.0
1444,Approach workstation|chairs+tables+vr headsets,0,0,0.0,0.0,0.0
1445,Approach workstation|cardboard box+chairs+paper scraps+table+tables+vr headsets,0,1,0.0,0.0,0.0
1446,Approach workstation|cardboard box+paper scraps+table,0,4,0.0,0.0,0.0
1447,Interaction with coworker|cardboard box with contents+person with vr headset,0,3,0.0,0.0,0.0
1448,Observe workspace|cardboard box+fire extinguisher+table,0,0,0.0,0.0,0.0
1449,Observe workspace|cardboard box+table,0,1,0.0,0.0,0.0
1450,Walk through workspace|corridor+desk+people,0,2,0.0,0.0,0.0
1451,Manipulate small object|earbuds+pen+power adapter+quilling paper strips+smartphone+table,0,25,0.0,0.0,0.0
1452,Manipulate paper quilling piece|blue paper quilling strip+earbud case+paper quilling stack+pen+smartphone,0,3,0.0,0.0,0.0
1453,Hold quilled paper piece|black marker+paper strips pack+quilling paper piece+smartphone,0,7,0.0,0.0,0.0
1454,Reach for paper strip|paper strips pack+quilling paper piece+smartphone,0,0,0.0,0.0,0.0
1455,Pull paper strip|paper strip+quilled art piece+smartphone,0,0,0.0,0.0,0.0
1456,Hold and align paper strip|blue paper strip+earbud case+pen+quilling paper holder+smartphone,0,6,0.0,0.0,0.0
1457,Hold and rotate paper strip|marker+mobile phone+paper quilling pile+paper strip,0,10,0.0,0.0,0.0
1458,Marking cardboard piece|box cutter+cardboard piece+cutting mat+desk+pen+phone+scissors+water bottle,0,0,0.0,0.0,0.0
1459,Hold and mark cardboard piece|cardboard pieces+mobile phone+pen+scissors+utility knife,0,0,0.0,0.0,0.0
1460,Hold and mark cardboard piece|blue pen+cardboard pieces+mobile phone+pen+scissors+utility knife,0,0,0.0,0.0,0.0
1461,Mark cardboard piece|blue pen+cardboard piece+cardboard stack+scissors+utility knife,0,0,0.0,0.0,0.0
1462,Place cardboard piece|cardboard piece+pen+scissors+smartphone+utility knife+water bottle,0,8,0.0,0.0,0.0
1463,Organize cardboard pieces|box cutter+cardboard pieces+pen+smartphone+water bottle,0,0,0.0,0.0,0.0
1464,Organize cardboard pieces|cardboard pieces+pen,0,0,0.0,0.0,0.0
1465,Walking towards workstation|cardboard boxes+chairs+colored items+office desks,0,0,0.0,0.0,0.0
1466,Move to desk|cardboard box+chair+table,0,0,0.0,0.0,0.0
1467,Sort small objects|cardboard box+chair+table,0,0,0.0,0.0,0.0
1468,Sort small objects|beads+cardboard box+chair+hand+table,0,0,0.0,0.0,0.0
1469,Sort small objects|beads+hand+table,0,0,0.0,0.0,0.0
1470,Gathering items|cardboard box+desk+small colored items,0,0,0.0,0.0,0.0
1471,Gathering items|cardboard box+small colored items,0,0,0.0,0.0,0.0
1472,Place items on table|cardboard box+small colored items,0,0,0.0,0.0,0.0
1473,Place items on table|cardboard box+charging cable+small colored items+smartphone,0,0,0.0,0.0,0.0
1474,Gathering colored beads|colored beads+power bank+smartphone+table,0,0,0.0,0.0,0.0
1475,Sort beads by color|beads pile+pen+smartphone+sorted beads collection,0,0,0.0,0.0,0.0
1476,Arrange beads by color|beads+phone+table,0,0,0.0,0.0,0.0
1477,Sort star-shaped objects by color|hand+purple star-shaped objects+table+yellow star-shaped objects,0,0,0.0,0.0,0.0
1478,Sort star-shaped objects|mobile phone+purple stars+yellow stars,0,0,0.0,0.0,0.0
1479,Sort yellow star-shaped objects|black power bank+purple star-shaped objects+yellow star-shaped objects,0,0,0.0,0.0,0.0
1480,Sort purple star-shaped objects|power bank+purple star-shaped objects+yellow star-shaped objects,0,0,0.0,0.0,0.0
1481,Pick up phone|power bank+purple star-shaped objects+smartphone+yellow star-shaped objects,0,0,0.0,0.0,0.0
1482,View phone screen|power bank+purple star-shaped objects+smartphone+yellow star-shaped objects,0,0,0.0,0.0,0.0
1483,Viewing phone screen|power bank+purple star-shaped objects+smartphone+yellow star-shaped objects,0,0,0.0,0.0,0.0
1484,Placing phone down|power bank+purple star-shaped objects+smartphone+yellow star-shaped objects,0,0,0.0,0.0,0.0
1485,Fold paper strip|cup+lucky stars pile+paper strip+pencil holder+power bank+smartphone,0,0,0.0,0.0,0.0
1486,Fold paper strip|lucky stars pile+paper strip,0,0,0.0,0.0,0.0
1487,Grasp paper strip|paper strip+pencil holder+pile of folded stars+smartphone,0,0,0.0,0.0,0.0
1488,Initiate star folding|paper strip+pencil holder+pile of folded stars+smartphone,0,0,0.0,0.0,0.0
1489,Initiate star folding|paper strip+pencil holder+pile of folded stars+pile of lucky stars+smartphone,0,0,0.0,0.0,0.0
1490,Initiate star folding|paper strip+pile of lucky stars,0,0,0.0,0.0,0.0
1491,Fold paper strip into lucky star|lucky stars pile+paper strip+table,0,0,0.0,0.0,0.0
1492,Manipulate paper strip|lucky stars pile+paper strip+pen holder+smartphone,0,0,0.0,0.0,0.0
1493,Fold paper star|lucky stars pile+paper strip+table,0,0,0.0,0.0,0.0
1494,Fold paper star|lucky stars pile+paper strip,0,0,0.0,0.0,0.0
1495,Place jar on shelf|can+jar+shelf,0,0,0.0,0.0,0.0
1496,Reach for item in box|cardboard box+food items+jar+nut bars,0,0,0.0,0.0,0.0
1497,Reach for item in box|cardboard box+food items+nut bars,0,0,0.0,0.0,0.0
1498,Pick up product from box|canned food+cardboard box+food product+plastic bin,0,0,0.0,0.0,0.0
1499,Pick up product from box|canned food+plastic bin,0,0,0.0,0.0,0.0
1500,Reach for next product|canned product+storage container,0,4,0.0,0.0,0.0
1501,Reach for next product|canned product,0,2,0.0,0.0,0.0
1502,Pick up canned product|canned product+shelf,0,1,0.0,0.0,0.0
1503,Reach for next canned product|canned product+shelf,0,0,0.0,0.0,0.0
1504,Pick up canned product|canned food+plastic bin,0,0,0.0,0.0,0.0
1505,Pick up plastic bin|canned goods+plastic bin,0,0,0.0,0.0,0.0
1506,Place product in box|canned food+cardboard box,0,0,0.0,0.0,0.0
1507,Release pickle jar|cardboard box+cleaning cloth+pickle jar,0,0,0.0,0.0,0.0
1508,Hold cleaning cloth|cardboard box+cleaning cloth+jar lids+pickle jar,0,0,0.0,0.0,0.0
1509,Hold cleaning cloth|cardboard box+cleaning cloth+jar lids,0,0,0.0,0.0,0.0
1510,Pick up product from box|bottled product+cardboard box,0,0,0.0,0.0,0.0
1511,Place jar into shelf box|cardboard box+glass jar,0,0,0.0,0.0,0.0
1512,Wipe grocery shelf|cleaning cloth+grocery shelf,0,0,0.0,0.0,0.0
1513,Pick up product|cardboard box+hand+packaged product+shelf,0,0,0.0,0.0,0.0
1514,Pick up product|hand+packaged product,0,0,0.0,0.0,0.0
1515,Place product in box|cardboard box+hand+packaged product,0,0,0.0,0.0,0.0
1516,Move product to box|cardboard box+food package+red rice package,0,0,0.0,0.0,0.0
1517,Move product to box|cardboard box+food package,0,0,0.0,0.0,0.0
1518,Rearrange buttons|black buttons+buttons+orange buttons+red buttons+table+watch,0,0,0.0,0.0,0.0
1519,Align button in row|black buttons+buttons+orange buttons+red buttons+table+watch+wristwatch,0,0,0.0,0.0,0.0
1520,Arrange buttons on table|black container+buttons+hand+hands+power adapter+soda can+table+watch,0,0,0.0,0.0,0.0
1521,Adjust red button|battery pack+black buttons+hand+orange buttons+red button+red buttons+right hand+table+wooden table,0,0,0.0,0.0,0.0
1522,Survey the table|black buttons+buttons+hand+orange buttons+person+phone+piles of buttons+red buttons+smartphone+table,0,0,0.0,0.0,0.0
1523,Arrange black buttons|button+buttons+hand+phone+smartphone+table,0,0,0.0,0.0,0.0
1524,Pick up red button|black buttons+buttons+hand+mobile phone+red buttons+smartphone+table+wrist watch,0,0,0.0,0.0,0.0
1525,Pick up red button|black button+black buttons+hand+phone+red buttons+table+watch,0,0,0.0,0.0,0.0
1526,Place red button|black button+black buttons+orange button+phone+red button+table+watch,0,0,0.0,0.0,0.0
1527,Move black button|buttons+hand+phone+table,0,0,0.0,0.0,0.0
1528,Move and place black buttons|black buttons+multicolored buttons+orange buttons+red buttons+table,0,0,0.0,0.0,0.0
1529,Arrange buttons in row|buttons+cylindrical container+mobile phone+table,0,0,0.0,0.0,0.0
1530,Align red button in row|buttons+green tube+phone+table+watch,0,0,0.0,0.0,0.0
1531,Place and align button|buttons+hand+line of buttons+red button+table,0,0,0.0,0.0,0.0
1532,Move hand|buttons+cell phone+cluster of buttons+hand+table+wooden table,0,0,0.0,0.0,0.0
1533,Move hand|buttons+hand+table,0,0,0.0,0.0,0.0
1534,Move button to line|buttons+green tube+hand+multi-colored buttons+person+phone+red buttons+table,0,0,0.0,0.0,0.0
1535,Reach for button|buttons+green tube+person+phone+table+watch,0,0,0.0,0.0,0.0
1536,Cut cardboard|cardboard scrap piles+scissors+smartphone+square cardboard,0,0,0.0,0.0,0.0
1537,Pick up scissors|cardboard piece+cardboard pieces+scissors+smartphone,0,0,0.0,0.0,0.0
1538,Pick up scissors|cardboard piece+scissors+smartphone,0,0,0.0,0.0,0.0
1539,Position scissors|cardboard piece+scissors+smartphone,0,0,0.0,0.0,0.0
1540,Cut cardboard with scissors|cardboard+scissors,0,0,0.0,0.0,0.0
1541,Reach for utility knife|cardboard+pen+ruler+scissors+utility knife+water bottle,0,0,0.0,0.0,0.0
1542,Move marker and ruler|cardboard+red marker+ruler+scissors+water bottle,0,0,0.0,0.0,0.0
1543,Pick up smartphone|cardboard+metal ruler+red marker+scissors+smartphone+utility knife+water bottle,0,0,0.0,0.0,0.0
1544,Walk towards room|floor,0,0,0.0,0.0,0.0
1545,Fold paper strip|desk+paper document+paper strip+pen+power bank,0,0,0.0,0.0,0.0
1546,Fold paper strip|desk+paper strip,0,0,0.0,0.0,0.0
1547,Fold paper strip|paper sheet+pen+phone+power bank+purple paper strip,0,1,0.0,0.0,0.0
1548,Manipulate paper strip|cell phone+hands+paper strip+paper strips+purple paper strip,0,1,0.0,0.0,0.0
1549,Manipulate paper strip|hands+paper strip,0,0,0.0,0.0,0.0
1550,Manipulate paper strip|document+hands+paper strip+paper strips pile+pen+power bank+smartphone,0,1,0.0,0.0,0.0
1551,Manipulate paper strip|document+paper strip+paper strips pile+pen+power bank+smartphone,0,3,0.0,0.0,0.0
1552,Fold paper strip|paper strip+phone+pile of completed stars+pile of lucky stars,0,0,0.0,0.0,0.0
1553,Fold paper strip|paper strip+phone+pile of completed stars,0,0,0.0,0.0,0.0
1554,Fold paper strip|paper strip+phone,0,0,0.0,0.0,0.0
1555,Fold paper strip into knot|blue paper strip+folded stars+pack of paper strips+paper strip+pile of lucky stars+smartphone,0,0,0.0,0.0,0.0
1556,Fold paper strip into knot|blue paper strip+folded stars+smartphone,0,0,0.0,0.0,0.0
1557,Fold paper strip into lucky star|lucky stars+paper pack+paper strip+smartphone,0,0,0.0,0.0,0.0
1558,Inflate paper star|lucky star+mobile phone+origami star+paper strip+smartphone,0,0,0.0,0.0,0.0
1559,Inflate paper star|lucky star+paper strip+smartphone,0,0,0.0,0.0,0.0
1560,Hold and crease purple paper|pile of beads+purple paper+ruler+smartphone+wallet,0,0,0.0,0.0,0.0
1561,Hold and crease purple paper|purple paper+smartphone+wallet,0,0,0.0,0.0,0.0
1562,Fold and organize paper strips|phone+purple paper strips+ruler+wallet,0,0,0.0,0.0,0.0
1563,Fold and organize paper strips|phone+purple paper strips+ruler,0,0,0.0,0.0,0.0
1564,Mark cardboard with pen|cardboard+metal ruler+red pen,0,0,0.0,0.0,0.0
1565,Remove ruler|cardboard+pen+ruler+scissors,0,0,0.0,0.0,0.0
1566,Remove ruler|cardboard+pen+scissors,0,0,0.0,0.0,0.0
1567,Release quilling strip|blue quilling paper strips+blue quilling strips+paper bag+smartphone+water bottle,0,0,0.0,0.0,0.0
1568,Release quilling strip|blue quilling paper strips+paper bag+smartphone+water bottle,0,0,0.0,0.0,0.0
1569,Release paper strip|blue quilling strip+gift bag+hands+paper strip+phone+smartphone+table+water bottle,0,0,0.0,0.0,0.0
1570,Release paper strip|gift bag+paper strip+phone+water bottle,0,0,0.0,0.0,0.0
1571,Begin rolling quilling strip|blue paper strip+paper strip+paper strips+phone+smartphone+water bottle,0,0,0.0,0.0,0.0
1572,Begin rolling quilling strip|blue paper strip+paper strips+smartphone+water bottle,0,0,0.0,0.0,0.0
1573,Manipulate paper strip|blue paper strip+paper quilling strips+paper strips+quilling paper coil+red bottle+smartphone+water bottle,0,0,0.0,0.0,0.0
1574,Manipulate paper strip|paper strips+red bottle+smartphone,0,0,0.0,0.0,0.0
1575,Type on smartphone|paper strips+smartphone+water bottle,0,0,0.0,0.0,0.0
1576,Place product on shelf|dugro milk powder+shelf,0,0,0.0,0.0,0.0
1577,Grasp package|cardboard box+coworker+package+retail shelf,0,0,0.0,0.0,0.0
1578,Grasp package|cardboard box+package+retail shelf,0,0,0.0,0.0,0.0
1579,Place item on shelf|package+retail shelf+shelf,0,0,0.0,0.0,0.0
1580,Place item on shelf|package+shelf,0,11,0.0,0.0,0.0
1581,Move towards shelf|cardboard box+yellow jar of vegemite,0,0,0.0,0.0,0.0
1582,Reach for another item|plastic tray+shelf,0,0,0.0,0.0,0.0
1583,Reach for another item|plastic bin+plastic tray+shelf+yellow-capped jars,0,0,0.0,0.0,0.0
1584,Reach for another item|plastic bin+yellow-capped jars,0,0,0.0,0.0,0.0
1585,Remove item from shelf|plastic bin+yellow-capped jar+yellow-capped jars,0,6,0.0,0.0,0.0
1586,Remove item from shelf|yellow-capped jar,0,5,0.0,0.0,0.0
1587,Sweep debris|broom+dustpan,0,0,0.0,0.0,0.0
1588,Reach for product|campbell's soup cans+price label+price tag+shelf+shelf edge,0,1,0.0,0.0,0.0
1589,Reach for product|price label+shelf edge,0,0,0.0,0.0,0.0
1590,Reach for product|price label,0,0,0.0,0.0,0.0
1591,Release label|label+shelf+soup cans,0,0,0.0,0.0,0.0
1592,Release label|shelf+soup cans,0,0,0.0,0.0,0.0
1593,Remove shelf label|grocery shelf+shelf label,0,3,0.0,0.0,0.0
1594,Move along shelf|grocery shelf+label strip+products,0,0,0.0,0.0,0.0
1595,Move along shelf|grocery shelf+label strip,0,0,0.0,0.0,0.0
1596,Reach for item on shelf|medicine bottles+product+shelf,0,0,0.0,0.0,0.0
1597,Reach for item on shelf|medicine bottles+shelf,0,0,0.0,0.0,0.0
1598,Examine item|grocery shelf+medicine bottle+pink-labeled bottle+plastic storage bin,0,0,0.0,0.0,0.0
1599,Place supplement bottle in container|clear container+supplement bottle,0,0,0.0,0.0,0.0
1600,Place spice jar in container|clear plastic container+shelf+spice jar,0,0,0.0,0.0,0.0
1601,Place spice jar in container|shelf+spice jar,0,0,0.0,0.0,0.0
1602,Sort beads|cardboard squares+star-shaped beads,0,0,0.0,0.0,0.0
1603,Adjust hand position|black marker+dark blue beads,0,1,0.0,0.0,0.0
1604,Move pen|cardboard base+pen+star-shaped beads+table,0,0,0.0,0.0,0.0
1605,Move pen|pen+star-shaped beads+table,0,0,0.0,0.0,0.0
1606,Sort beads by color|star-shaped beads+table,0,1,0.0,0.0,0.0
1607,Observe room|cardboard boxes+stool+trash bin+watch,0,0,0.0,0.0,0.0
1608,Observe room|cardboard boxes+stool+watch,0,0,0.0,0.0,0.0
1609,Place phone on desk|desk+smartphone+star-shaped beads,0,3,0.0,0.0,0.0
1610,Move ruler|cardboard+metal ruler+utility knife,0,0,0.0,0.0,0.0
1611,Adjust ruler position|cardboard+metal ruler+red marker+scissors+smartphone+utility knife,0,0,0.0,0.0,0.0
1612,Adjust ruler position|cardboard+metal ruler+red marker+utility knife,0,0,0.0,0.0,0.0
1613,Reposition marker|cardboard+marker+phone+red marker+ruler+scissors,0,0,0.0,0.0,0.0
1614,Reposition marker|cardboard+marker+ruler+scissors,0,0,0.0,0.0,0.0
1615,Position the ruler|cardboard+marker cap+metal ruler+red marker+smartphone,0,0,0.0,0.0,0.0
1616,Position the ruler|cardboard+metal ruler+red marker+smartphone,0,0,0.0,0.0,0.0
1617,Walk through workspace|glass partition+hallway floor+walls,0,0,0.0,0.0,0.0
1618,Walk through workspace|glass partition+hallway floor,0,0,0.0,0.0,0.0
1619,Sort colorful pieces|small blue pieces+small yellow pieces+smartphone,0,0,0.0,0.0,0.0
1620,Remove cardboard pattern|cardboard+cardboard pattern+cardboard sheet+pen+phone+ruler+scissors+smartphone+utility knife,0,1,0.0,0.0,0.0
1621,Remove cardboard pattern|cardboard+pen+ruler+scissors+smartphone+utility knife,0,0,0.0,0.0,0.0
1622,Cut out cardboard pattern|cardboard+scissors+smartphone,0,13,0.0,0.0,0.0
1623,Cut cardboard with scissors|cardboard+scissors+smartphone,0,0,0.0,0.0,0.0
1624,Interact with smartphone screen|cardboard+pen+ruler+scissors+smartphone+utility knife,0,0,0.0,0.0,0.0
1625,Mark cardboard|cardboard+metal ruler+pen+scissors+smartphone,0,1,0.0,0.0,0.0
1626,Release paper strip|hands+long strip of paper+quilling paper+quilling paper strip+table,0,0,0.0,0.0,0.0
1627,Release paper strip|hands+quilling paper strip,0,0,0.0,0.0,0.0
1628,Pick up paper strip|paper strip+paper strips+table,0,0,0.0,0.0,0.0
1629,Pick up paper strip|paper strip+table,0,0,0.0,0.0,0.0
1630,Pick up paper strip|light blue paper strip+paper strip+quilling paper storage+table,0,1,0.0,0.0,0.0
1631,Interact with phone|mobile phone+pencil case+phone+power bank+quilling strips,0,0,0.0,0.0,0.0
1632,Interact with phone|pencil case+phone+power bank+quilling strips,0,0,0.0,0.0,0.0
1633,Stacking cardboard pieces|cardboard pieces+scissors,0,0,0.0,0.0,0.0
1634,Cut cardboard|cardboard+cardboard base+cardboard strip+jigsaw puzzle box+scissors,0,0,0.0,0.0,0.0
1635,Place cardboard piece|cardboard piece+cardboard stack+phone+water bottle,0,0,0.0,0.0,0.0
1636,Place cardboard piece|cardboard stack+phone+water bottle,0,0,0.0,0.0,0.0
1637,Walk across office|cardboard sheets+chairs+desks+doorway+poster on wall+workstation,0,0,0.0,0.0,0.0
1638,Walk across office|cardboard sheets+poster on wall+workstation,0,0,0.0,0.0,0.0
1639,Cut cardboard into triangles|cardboard+desk+power bank+scissors,0,0,0.0,0.0,0.0
1640,Walk with cardboard cutout|cardboard cutout+door handle,0,0,0.0,0.0,0.0
1641,Cut cardboard shape|cardboard+cardboard pieces+earbud case+pen+power bank+ruler+scissors+smartphone,0,0,0.0,0.0,0.0
1642,Cut cardboard shape|cardboard pieces+earbud case+power bank+scissors+smartphone,0,0,0.0,0.0,0.0
1643,Mark cardboard|cardboard rectangle+cardboard sheet+cardboard triangles+marker+scissors,0,0,0.0,0.0,0.0
1644,Mark cardboard|cardboard rectangle+marker+scissors,0,0,0.0,0.0,0.0
1645,Cut cardboard with utility knife|cardboard+utility knife,0,0,0.0,0.0,0.0
1646,Lift utility knife|cardboard+desk+utility knife,0,0,0.0,0.0,0.0
1647,Inspect cardboard piece|cardboard+cardboard piece+desk+main cardboard sheet+ruler+scissors+table+utility knife,0,0,0.0,0.0,0.0
1648,Inspect cardboard piece|cardboard+desk+ruler+scissors+utility knife,0,6,0.0,0.0,0.0
1649,Position cardboard piece|cardboard+cardboard strip+large cardboard sheet+scissors+table,0,0,0.0,0.0,0.0
1650,Cut cardboard strip|cardboard+cardboard sheet+cardboard strip+hand+phone+ruler+scissors+table+utility knife,0,0,0.0,0.0,0.0
1651,Cut cardboard strip|cardboard sheet+cardboard strip+hand+phone+ruler+scissors+utility knife,0,0,0.0,0.0,0.0
1652,Move cardboard piece|box cutter+cardboard+hand+mobile phone+ruler+scissors+utility knife+watch,0,0,0.0,0.0,0.0
1653,Hold cardboard strip|cardboard+cardboard strip+ruler+scissors+table+utility knife,0,0,0.0,0.0,0.0
1654,Position cardboard strip|cardboard+cardboard strip+hand+phone+ruler+scissors+table,0,0,0.0,0.0,0.0
1655,Position cardboard strip|cardboard+hand+phone+ruler+scissors,0,0,0.0,0.0,0.0
1656,Cut cardboard|cardboard+ruler+scissors+utility knife,0,0,0.0,0.0,0.0
1657,Reposition scissors|cardboard+cardboard piece+cutter+left hand+mobile phone+phone+right hand+ruler+scissors+utility knife,0,0,0.0,0.0,0.0
1658,Reposition scissors|cardboard+cutter+mobile phone+ruler+scissors,0,4,0.0,0.0,0.0
1659,Cut cardboard piece|cardboard+cardboard piece+cutter knife+phone+ruler+scissors+smartphone+table+utility knife,0,0,0.0,0.0,0.0
1660,Cut cardboard piece|cardboard piece+ruler+scissors+smartphone+table+utility knife,0,0,0.0,0.0,0.0
1661,Align cardboard piece|cardboard+cardboard base+cardboard piece+cutter+phone+ruler+scissors+smartphone+utility knife,0,0,0.0,0.0,0.0
1662,Align cardboard piece|cardboard base+cardboard piece+cutter+phone+ruler,0,0,0.0,0.0,0.0
1663,Inspect cardboard piece|cardboard piece+cardboard sheet+phone+ruler+scissors+utility knife,0,0,0.0,0.0,0.0
1664,Fold cardboard sheet|cardboard piece+cardboard sheet+cutter+phone+ruler+scissors+smartphone+utility knife,0,0,0.0,0.0,0.0
1665,Position cardboard piece|cardboard piece+cardboard sheet+ruler+scissors+smartphone+utility knife,0,0,0.0,0.0,0.0
1666,Position cardboard piece|cardboard piece+cardboard sheet+ruler+smartphone+utility knife,0,0,0.0,0.0,0.0
1667,Complete the cut|box cutter+cardboard+ruler+scissors+smartphone+utility knife+watch,0,0,0.0,0.0,0.0
1668,Complete the cut|box cutter+cardboard+ruler+scissors+smartphone+watch,0,1,0.0,0.0,0.0
1669,Fold cardboard|cardboard+phone+ruler+scissors+smartphone+utility knife,0,0,0.0,0.0,0.0
1670,Fold cardboard|cardboard+phone+ruler+scissors+utility knife,0,0,0.0,0.0,0.0
1671,Pick up cardboard strip|cardboard+cardboard sheet+cardboard strip+cutter+phone+ruler+scissors+table+utility knife,0,2,0.0,0.0,0.0
1672,Inspect cardboard strip|cardboard sheet+cardboard strip+ruler+scissors,0,0,0.0,0.0,0.0
1673,Reach for container|plastic container,0,0,0.0,0.0,0.0
1674,Adjust position|canned goods+cardboard boxes+plastic container,0,39,0.0,0.0,0.0
1675,Prepare to pick up item|canned goods+plastic container+round containers+shelf+storage bin,0,1,0.0,0.0,0.0
1676,Prepare to pick up item|round containers+shelf+storage bin,0,0,0.0,0.0,0.0
1677,Adjust perspective|box of goods+canisters+retail products+shelf+smartphone,0,0,0.0,0.0,0.0
1678,Adjust perspective|cardboard boxes+person+retail products+shelf+smartphone,0,0,0.0,0.0,0.0
1679,Place item on shelf|container+shelf,0,0,0.0,0.0,0.0
1680,Pick up product box|cleaning cloth+green snack bags+product box+retail shelf,0,3,0.0,0.0,0.0
1681,Pick up product box|product box+retail shelf,0,1,0.0,0.0,0.0
1682,Place box on shelf|product box+shelf,0,1,0.0,0.0,0.0
1683,Place plush toy on shelf|oppo phone box+plush toy+shelf,0,2,0.0,0.0,0.0
1684,Reach for product|person+product packaging+retail shelf,0,2,0.0,0.0,0.0
1685,Mark cardboard|cardboard sheet+cardboard squares+large cardboard sheet+pen+ruler+scissors+smartphone,0,0,0.0,0.0,0.0
1686,Mark cardboard|cardboard squares+large cardboard sheet+pen+ruler,0,0,0.0,0.0,0.0
1687,Arrange cardboard|cardboard square+large cardboard sheet+pen+ruler,0,0,0.0,0.0,0.0
1688,Pick up small object|small blue object,0,0,0.0,0.0,0.0
1689,Place cardboard square on stack|cardboard square+ruler+scissors+smartphone+stack of cardboard squares,0,0,0.0,0.0,0.0
1690,Place cardboard square on stack|cardboard square+ruler+scissors+stack of cardboard squares,0,0,0.0,0.0,0.0
1691,Arrange cardboard squares|cardboard squares+ruler+scissors+stack,0,0,0.0,0.0,0.0
1692,Sort paper stars|paper origami stars+table,0,2,0.0,0.0,0.0
1693,Pick up paper star|paper star+table,0,0,0.0,0.0,0.0
1694,Hold cardboard strip|cardboard strip+ruler+scissors+utility knife,0,0,0.0,0.0,0.0
1695,Move utility knife along ruler|bracelet+cardboard+ruler+scissors+utility knife,0,2,0.0,0.0,0.0
1696,Slide utility knife along ruler|cardboard+pen+ruler+scissors+utility knife,0,0,0.0,0.0,0.0
1697,Slide utility knife along ruler|cardboard+metal ruler+pen+red scissors+ruler+scissors+utility knife,0,1,0.0,0.0,0.0
1698,Slide utility knife along ruler|cardboard+metal ruler+red scissors+utility knife,0,0,0.0,0.0,0.0
1699,Guide utility knife along ruler|cardboard+marker+ruler+scissors+utility knife,0,1,0.0,0.0,0.0
1700,Move hand toward craft materials|craft tool+hand+paper strips+table,0,2,0.0,0.0,0.0
1701,Manipulate paper strips|blue paper strip+colorful paper strip assembly+colorful paper strips+label maker+mobile phone+mobile power bank,0,2,0.0,0.0,0.0
1702,Manipulate paper strips|blue paper strip+colorful paper strip assembly+label maker+mobile phone,0,10,0.0,0.0,0.0
1703,Place puzzle piece|puzzle assembly+puzzle box+puzzle piece,0,0,0.0,0.0,0.0
1704,Place puzzle piece|puzzle assembly+puzzle piece,0,0,0.0,0.0,0.0
1705,Place puzzle piece|hand+puzzle piece,0,0,0.0,0.0,0.0
1706,Adjust puzzle piece|hand+jigsaw puzzle+jigsaw puzzle pieces+puzzle box+puzzle box lid+puzzle piece,0,0,0.0,0.0,0.0
1707,Hold ruler and pen steady|cardboard+cardboard sheet+pen+phone+ruler+water bottle,0,0,0.0,0.0,0.0
1708,Hold ruler and pen steady|cardboard+pen+phone+ruler+water bottle,0,0,0.0,0.0,0.0
1709,Draw line on cardboard|cardboard+marker+metal ruler+pen+smartphone,0,0,0.0,0.0,0.0
1710,Draw line on cardboard|cardboard+metal ruler+pen,0,0,0.0,0.0,0.0
1711,Pick up beads|beads+cardboard box,0,6,0.0,0.0,0.0
1712,Pick up cardboard tray|cardboard tray+colorful beads,0,0,0.0,0.0,0.0
1713,Move tray towards packing area|cardboard tray+chair+colorful beads+desk,0,0,0.0,0.0,0.0
1714,Reach for beads|charging cable+colorful beads+phone,0,2,0.0,0.0,0.0
1715,Reach for beads|charging cable+colorful beads+phone+purple beads+yellow beads,0,0,0.0,0.0,0.0
1716,Reach for beads|charging cable+phone+purple beads+yellow beads,0,0,0.0,0.0,0.0
1717,Cut fabric with scissors|black case+light green fabric+marker+mint green fabric+power bank+ruler+scissors+water bottle,0,0,0.0,0.0,0.0
1718,Cut fabric with scissors|black case+light green fabric+marker+power bank+ruler+scissors+water bottle,0,0,0.0,0.0,0.0
1719,Mark fabric|black case+black marker+green fabric+metal ruler+pen+ruler+scissors+water bottle,0,0,0.0,0.0,0.0
1720,Mark fabric|black case+black marker+green fabric+metal ruler+scissors,0,0,0.0,0.0,0.0
1721,Cut cardboard piece|cardboard+desk+earbuds case+pen+phone+power bank+ruler+scissors+utility knife,0,1,0.0,0.0,0.0
1722,Cut cardboard piece|cardboard+desk+pen+phone+scissors,0,0,0.0,0.0,0.0
1723,Cut cardboard piece|cardboard piece+desk+scissors,0,0,0.0,0.0,0.0
1724,Cut cardboard|cardboard+pen+phone+ruler+scissors,0,28,0.0,0.0,0.0
1725,Cut cardboard|box cutter+cardboard+desk+pen+phone+ruler+scissors,0,0,0.0,0.0,0.0
1726,Cut cardboard|box cutter+cardboard+desk+phone+scissors,0,0,0.0,0.0,0.0
1727,Hold electronic accessory|cardboard box+display shelf+electronic accessory,0,0,0.0,0.0,0.0
1728,Hold electronic accessory|display shelf+electronic accessory,0,0,0.0,0.0,0.0
1729,Reach towards shelf|cardboard box+display shelf+electronic accessory,0,0,0.0,0.0,0.0
1730,Reach for next product|cardboard box+electronic product box+retail shelf,0,5,0.0,0.0,0.0
1731,Pick up product|packaged electronic cable,0,0,0.0,0.0,0.0
1732,Move hand back to box|cardboard box+retail shelf,0,1,0.0,0.0,0.0
1733,Pick up new product from box|cardboard box+electronic product box+hand,0,0,0.0,0.0,0.0
1734,Move product to shelf|electronic product box+hand+retail shelf,0,0,0.0,0.0,0.0
1735,Pick up shopping bag|orange shopping bag,0,0,0.0,0.0,0.0
1736,Walk with shopping bag|orange shopping bag+retail shelf+shelf hook+shopping bag,0,0,0.0,0.0,0.0
1737,Move to shelf|dugro milk powder packages+grocery shelf,0,0,0.0,0.0,0.0
1738,Move towards box|box+dugro milk powder package+shelf,0,0,0.0,0.0,0.0
1739,Reach into box|box+dugro milk powder package,0,0,0.0,0.0,0.0
1740,Hold items|packaged goods+shelf,0,0,0.0,0.0,0.0
1741,Place snack package on shelf|box+shelf+snack package,0,3,0.0,0.0,0.0
1742,Grasp snack package|cardboard box+snack package,0,0,0.0,0.0,0.0
1743,Place snack package in box|cardboard box+snack package,0,2,0.0,0.0,0.0
1744,Place snack packages on shelf|shelf+snack packages,0,6,0.0,0.0,0.0
1745,Pick up snack packages|snack packages,0,0,0.0,0.0,0.0
1746,Organize snacks in box|shipping carton+snack packages,0,0,0.0,0.0,0.0
1747,Open cardboard box|cardboard box,0,0,0.0,0.0,0.0
1748,Withdraw hand|clear plastic container+shelf+shopping bag,0,0,0.0,0.0,0.0
1749,Adjust container position|clear plastic container+shelf,0,0,0.0,0.0,0.0
1750,Pick up item from shelf|alcatel phone box+shopping bag+small boxed electronic item,0,0,0.0,0.0,0.0
1751,Pick up item from shelf|small boxed electronic item,0,0,0.0,0.0,0.0
1752,Organize bag contents|shopping bag,0,0,0.0,0.0,0.0
1753,Reach for item|product box+shopping bag+store shelf,0,0,0.0,0.0,0.0
1754,Sort star-shaped beads|star-shaped beads+table,0,0,0.0,0.0,0.0
1755,Pick up star-shaped bead|cardboard box+instructional sign+star-shaped bead+star-shaped beads,0,0,0.0,0.0,0.0
1756,Pick up star-shaped bead|cardboard box+star-shaped bead,0,1,0.0,0.0,0.0
1757,Place bead on table|star-shaped bead+table,0,0,0.0,0.0,0.0
1758,Draw lines on cardboard|cardboard+metal ruler+pen+scissors,0,0,0.0,0.0,0.0
1759,Draw lines on cardboard|cardboard+metal ruler+pen+power bank+scissors,0,0,0.0,0.0,0.0
1760,Draw lines on cardboard|cardboard+metal ruler+pen+power bank,0,0,0.0,0.0,0.0
1761,Draw lines with ruler|black marker+cardboard+cardboard sheet+metal ruler+pen+ruler,0,0,0.0,0.0,0.0
1762,Draw lines with ruler|cardboard+pen+ruler,0,0,0.0,0.0,0.0
1763,Reach for stars|origami stars,0,0,0.0,0.0,0.0
1764,Walk towards desk|corridor+desk+origami star materials+people,0,0,0.0,0.0,0.0
1765,Walk towards desk|desk+origami star materials+people,0,0,0.0,0.0,0.0
1766,Walk towards desk|cardboard mat+desk+origami star materials+origami stars+people,0,10,0.0,0.0,0.0
1767,Walk towards desk|cardboard mat+desk+origami stars,0,0,0.0,0.0,0.0
1768,Sort light blue origami stars|light blue origami stars+purple origami stars+white box+yellow origami stars,0,0,0.0,0.0,0.0
1769,Use smartphone|cardboard+smartphone+utility knife,0,0,0.0,0.0,0.0
1770,Cut cardboard|cardboard+scissors,0,0,0.0,0.0,0.0
1771,Cut cardboard|cardboard+cardboard strip+earbud case+scissors+smartphone+table+utility knife,0,0,0.0,0.0,0.0
1772,Cut cardboard|cardboard strip+earbud case+scissors+smartphone+table+utility knife,0,0,0.0,0.0,0.0
1773,Use phone|cardboard+earbuds case+mobile phone+scissors+smartphone+utility knife,0,0,0.0,0.0,0.0
1774,Use phone|cardboard+earbuds case+scissors+smartphone+utility knife,0,0,0.0,0.0,0.0
1775,Pick up phone|box cutter+cardboard pieces+phone+scissors+water bottle,0,1,0.0,0.0,0.0
1776,Push vacuum cleaner|carpet+red carpet+vacuum cleaner nozzle,0,0,0.0,0.0,0.0
1777,Push vacuum cleaner|carpet+vacuum cleaner nozzle,0,0,0.0,0.0,0.0
1778,Fold paper strip|origami stars+pen+yellow paper strip,0,0,0.0,0.0,0.0
1779,Rearrange Mahjong tiles|mahjong tiles+phone+power bank+smartphone+table+vr headset,0,0,0.0,0.0,0.0
1780,Rearrange Mahjong tiles|mahjong tiles+power bank+smartphone+vr headset,0,0,0.0,0.0,0.0
1781,Rearrange Mahjong tile|mahjong tiles+red box+smartphone+vr headset,0,0,0.0,0.0,0.0
1782,Align Mahjong tiles|mahjong tiles+red case,0,0,0.0,0.0,0.0
1783,Cut cardboard|cardboard+phone+portable charger+power bank+ruler+scissors,0,0,0.0,0.0,0.0
1784,Cut cardboard|cardboard+phone+portable charger+ruler+scissors,0,0,0.0,0.0,0.0
1785,Cut cardboard square|cardboard+cardboard squares+power bank+ruler+scissors,0,0,0.0,0.0,0.0
1786,Cut cardboard square|cardboard squares+power bank+ruler+scissors,0,0,0.0,0.0,0.0
1787,Cut cardboard square|cardboard+power bank+ruler+scissors,0,0,0.0,0.0,0.0
1788,Trim cardboard piece|cardboard base sheet+cardboard piece+cardboard squares+scissors,0,0,0.0,0.0,0.0
1789,Trim cardboard piece|cardboard piece+cardboard squares+scissors,0,0,0.0,0.0,0.0
1790,Carry pasta box towards aisle|pasta box+store aisle,0,0,0.0,0.0,0.0
1791,Pick up container from box|blue plastic container+cardboard box+food items,0,0,0.0,0.0,0.0
1792,Hold container|blue plastic container+cardboard box,0,0,0.0,0.0,0.0
1793,Move towards box|cardboard boxes+groceries,0,0,0.0,0.0,0.0
1794,Reach for items in box|cardboard boxes+food items+groceries+macaroni and cheese box,0,0,0.0,0.0,0.0
1795,Pick up grocery item|cardboard box+grocery item,0,0,0.0,0.0,0.0
1796,Carry item to shelf|grocery item+shelf,0,0,0.0,0.0,0.0
1797,Inspect shelf|cardboard boxes+grocery shelf,0,1,0.0,0.0,0.0
1798,Move to stock products|cardboard box+product packages,0,0,0.0,0.0,0.0
1799,Move to stock products|cardboard box+product packages+store aisle,0,0,0.0,0.0,0.0
1800,Reach for product|cardboard box+green packaged food item,0,0,0.0,0.0,0.0
1801,Reach for shelf|retail shelf,0,0,0.0,0.0,0.0
1802,Remove plastic container from storage box|plastic container+plastic containers+storage crate,0,0,0.0,0.0,0.0
1803,Remove plastic container from storage box|plastic container,0,0,0.0,0.0,0.0
1804,Reach for water bottle|newspaper+scissors+smartphone+water bottle,0,0,0.0,0.0,0.0
1805,Continue cutting newspaper|handbag+newspaper+power bank+scissors,0,0,0.0,0.0,0.0
1806,Place scissors on table|newspaper+power bank+scissors,0,0,0.0,0.0,0.0
1807,Pick up scissors|newspaper+scissors,0,0,0.0,0.0,0.0
1808,Move scissors away|newspaper+scissors+watch,0,0,0.0,0.0,0.0
1809,Pick up scissors|newspaper+scissors+smartphone+water bottle,0,0,0.0,0.0,0.0
1810,Place scissors down|newspaper+phone+scissors+smartphone+tissue box+water bottle,0,0,0.0,0.0,0.0
1811,Place scissors down|newspaper+phone+scissors+tissue box+water bottle,0,0,0.0,0.0,0.0
1812,Rearrange Mahjong tiles|card box+mahjong box+mahjong tiles+orange betting chips+smartphone+table,0,0,0.0,0.0,0.0
1813,Rearrange Mahjong tiles|card box+mahjong tiles+table,0,0,0.0,0.0,0.0
1814,Mark cardboard with pen|black pen+cardboard+chair+metal ruler+pen,0,0,0.0,0.0,0.0
1815,Mark cardboard with pen|cardboard+chair+metal ruler+pen,0,0,0.0,0.0,0.0
1816,Hold ruler and mark cardboard|cardboard+metal ruler+pen+scissors+utility knife,0,17,0.0,0.0,0.0
1817,Fold paper strip|desk+paper craft set+paper strip+purple paper strip+smartphone+table,0,0,0.0,0.0,0.0
1818,Fold paper strip|paper strip+table,0,0,0.0,0.0,0.0
1819,Fold paper strip|box+paper strip+table,0,0,0.0,0.0,0.0
1820,Manipulate paper strip|paper clips+paper quilling strips stack+purple folder+purple paper strip+smartphone+sticky note cube,0,0,0.0,0.0,0.0
1821,Manipulate paper strip|paper clips+purple folder+purple paper strip+smartphone+sticky note cube,0,0,0.0,0.0,0.0
1822,Cut cardboard tube|cardboard base sheet+cardboard tube+marker+scissors,0,0,0.0,0.0,0.0
1823,Cut cardboard strip with scissors|cardboard sheet+cardboard strip+scissors,0,0,0.0,0.0,0.0
1824,Draw line on cardboard|blue pen+cardboard+metal ruler+pen+ruler,0,0,0.0,0.0,0.0
1825,Draw line on cardboard|blue pen+cardboard+metal ruler,0,0,0.0,0.0,0.0
1826,Hold ruler and mark cardboard|blue pen+cardboard+metal ruler+pen+ruler,0,0,0.0,0.0,0.0
1827,Hold ruler and mark cardboard|blue pen+cardboard+metal ruler,0,0,0.0,0.0,0.0
1828,Tapping smartphone screen|paper document+smartphone,0,0,0.0,0.0,0.0
1829,Pick up smartphone|cardboard+pen+ruler+scissors+smartphone,0,0,0.0,0.0,0.0
1830,Reposition ruler|black pen+cardboard+metal ruler+pen+smartphone,0,0,0.0,0.0,0.0
1831,Reposition ruler|cardboard+metal ruler+pen+smartphone,0,0,0.0,0.0,0.0
1832,Assemble cardboard pieces|cardboard pieces+cardboard sheets+ruler+scissors+utility knife,0,0,0.0,0.0,0.0
1833,Assemble cardboard pieces|cardboard pieces+ruler+scissors,0,0,0.0,0.0,0.0
1834,Arrange cardboard piece|cardboard pieces stack+cardboard sheet+pen+ruler+scissors+utility knife,0,0,0.0,0.0,0.0
1835,Arrange cardboard piece|cardboard sheet+pen+ruler+scissors+utility knife,0,0,0.0,0.0,0.0
1836,Cut cardboard|cardboard+cardboard sheet+phone+scissors,0,0,0.0,0.0,0.0
1837,Cut cardboard|cardboard+phone+scissors,0,0,0.0,0.0,0.0
1838,Pick up container|plastic container,0,0,0.0,0.0,0.0
1839,Place canned food in container|canned food+cardboard container+store shelf,0,0,0.0,0.0,0.0
1840,Pick up canned food|canned food+cardboard container+store shelf,0,0,0.0,0.0,0.0
1841,Adjust cans in tray|canned goods+guaporal cardboard tray+sardine can+shelf+tray,0,0,0.0,0.0,0.0
1842,Adjust cans in tray|canned goods+shelf+tray,0,0,0.0,0.0,0.0
1843,Finish wiping and inspect jar|cleaning cloth+plastic jar,0,0,0.0,0.0,0.0
1844,Hold items and inspect shelf|can+cleaning cloth+metal rack+plastic jar+shelf+tin can,0,1,0.0,0.0,0.0
1845,Hold items and inspect shelf|can+metal rack+shelf,0,0,0.0,0.0,0.0
1846,Hold items and inspect shelf|can+shelf,0,0,0.0,0.0,0.0
1847,Placing labeled cardboard square|cardboard square+marker+ruler+smartphone,0,0,0.0,0.0,0.0
1848,Repositioning ruler and cardboard|cardboard sheet+metal ruler+pen+smartphone+utility knife,0,0,0.0,0.0,0.0
1849,Fold paper strip|origami star pile+paper pile+paper strip+pen holder+purple paper strip+table,0,0,0.0,0.0,0.0
1850,Fold paper strip|paper pile+paper strip+pen holder+table,0,0,0.0,0.0,0.0
1851,Fold paper strip|hands+paper pile+paper strip+pen holder+purple paper strip+table,0,0,0.0,0.0,0.0
1852,Fold paper strip|hands+purple paper strip,0,0,0.0,0.0,0.0
1853,Cut cardboard shape|cardboard sheet+cardboard strip+earbuds case+pens+phone+ruler+scissors+smartphone+water bottle,0,0,0.0,0.0,0.0
1854,Cut cardboard shape|cardboard sheet+cardboard strip+earbuds case+pens+ruler+scissors+smartphone+water bottle,0,10,0.0,0.0,0.0
1855,Cut cardboard shape|cardboard sheet+cardboard strip+earbuds case+pens+ruler+scissors+smartphone+utility knife+water bottle,0,4,0.0,0.0,0.0
1856,Cut cardboard shape|cardboard strip+ruler+scissors+smartphone+utility knife+water bottle,0,6,0.0,0.0,0.0
1857,Cut cardboard shape|cardboard sheet+cardboard strip+pens+ruler+scissors+smartphone+utility knife+water bottle,0,0,0.0,0.0,0.0
1858,Cut cardboard shape|cardboard sheet+pens+ruler+scissors+smartphone+utility knife+water bottle,0,6,0.0,0.0,0.0
1859,Drawing grid line with pen and ruler|cardboard+pen+phone+ruler,0,0,0.0,0.0,0.0
1860,Draw grid line|cardboard+pen+ruler,0,0,0.0,0.0,0.0
1861,Type on smartphone|paper star+paper strips+smartphone,0,0,0.0,0.0,0.0
1862,Type on smartphone|paper star+paper stars+paper strips+smartphone,0,0,0.0,0.0,0.0
1863,Type on smartphone|paper stars+paper strips+smartphone,0,0,0.0,0.0,0.0
1864,Manipulate paper star|backpack+paper star+paper strips+power bank+smartphone,0,0,0.0,0.0,0.0
1865,Use phone|backpack+paper stars+paper strips+phone+plush toy,0,0,0.0,0.0,0.0
1866,Sort beads by color|bead containers+hands+star-shaped beads+table,0,1,0.0,0.0,0.0
1867,Sort beads by color|hands+star-shaped beads,0,0,0.0,0.0,0.0
1868,Pick up can|canned food,0,0,0.0,0.0,0.0
1869,Pick up can|canned goods+hand,0,0,0.0,0.0,0.0
1870,Move towards shelf|canned goods+tray,0,0,0.0,0.0,0.0
1871,Reach for shelf|canned goods+store shelf,0,0,0.0,0.0,0.0
1872,Reach for can|canned good+canned goods crate+store shelves,0,0,0.0,0.0,0.0
1873,Reach for can|canned good,0,0,0.0,0.0,0.0
1874,Adjust item on shelf|colorful strip pack+shelf,0,0,0.0,0.0,0.0
1875,Sort paper stars|paper stars+smartphone,0,0,0.0,0.0,0.0
1876,Sort paper stars|desk+paper stars,0,0,0.0,0.0,0.0
1877,Retrieve star|hand+paper stars+pile of paper stars+sorted stars row+table,0,0,0.0,0.0,0.0
1878,Retrieve star|pile of paper stars+sorted stars row+table,0,0,0.0,0.0,0.0
1879,Place star in row|dark paper star+sorted stars row,0,0,0.0,0.0,0.0
1880,Reach for star|paper stars pile+row of stars,0,0,0.0,0.0,0.0
1881,Cut cardboard grid|cardboard grid+scissors,0,0,0.0,0.0,0.0
1882,Finish washing hands|faucet+scoop+sink,0,0,0.0,0.0,0.0
1883,Finish washing hands|faucet+person in background+scoop+sink,0,0,0.0,0.0,0.0
1884,Walk away|paper towel,0,0,0.0,0.0,0.0
1885,Cut cardboard|cardboard+cardboard sheet+scissors+smartphone+water bottle,0,0,0.0,0.0,0.0
1886,Cut cardboard|cardboard sheet+scissors+water bottle,0,0,0.0,0.0,0.0
1887,Separate cardboard piece|cardboard grid+cardboard sheet+cut-out cardboard piece+marker+ruler+scissors+smartphone+water bottle,0,0,0.0,0.0,0.0
1888,Separate cardboard piece|cardboard grid+marker+ruler+scissors+smartphone+water bottle,0,0,0.0,0.0,0.0
1889,Pick up paper strip|collection of folded stars+paper strips,0,0,0.0,0.0,0.0
1890,Pick up paper strip|collection of folded stars+paper strips+single blue paper strip,0,0,0.0,0.0,0.0
1891,Pick up paper strip|paper strips+single blue paper strip,0,1,0.0,0.0,0.0
1892,Continue folding paper strip|blue paper strip+folded paper stars+paper star pile+paper strips,0,0,0.0,0.0,0.0
1893,Continue folding paper strip|blue paper strip+paper star pile,0,0,0.0,0.0,0.0
1894,Fold paper strip|lucky stars+paper strip,0,0,0.0,0.0,0.0
1895,Manipulate folded paper star|paper strips+piles of paper stars+smartphone+yellow folded paper star,0,1,0.0,0.0,0.0
1896,Manipulate folded paper star|paper strips+smartphone+yellow folded paper star,0,5,0.0,0.0,0.0
1897,Place colored tile|blue tile+pile of tiles+power bank+smartphone+sorted tiles pile,0,0,0.0,0.0,0.0
1898,Place colored tile|blue tile+power bank+smartphone+sorted tiles pile,0,0,0.0,0.0,0.0
1899,Write on notepad|beads+notepad+pen+ruler+smartphone+sorted beads+unsorted bead pile,0,0,0.0,0.0,0.0
1900,Write on notepad|notepad+pen+sorted beads+unsorted bead pile,0,0,0.0,0.0,0.0
1901,Write on notepad|beads+notepad+pen+sorted beads+unsorted bead pile,0,2,0.0,0.0,0.0
1902,Write on notepad|assorted beads+beads+notepad+pen,0,0,0.0,0.0,0.0
1903,Write on notepad|assorted beads+notepad+pen,0,0,0.0,0.0,0.0
1904,Fold newspaper|newspaper+scissors+smartphone,0,0,0.0,0.0,0.0
1905,Browse mobile phone|mobile phone,0,1,0.0,0.0,0.0
1906,Sort small plastic pieces|cardboard box+plastic pieces+power bank+smartphone,0,0,0.0,0.0,0.0
1907,Sort small plastic pieces|plastic pieces+power bank+smartphone,0,0,0.0,0.0,0.0
1908,Use phone|cardboard box+papers+power bank+smartphone,0,0,0.0,0.0,0.0
1909,Place item in shopping bag|mcdodo charging cable package+shopping bag,0,0,0.0,0.0,0.0
1910,Pick up electronic item|electronic item+shopping bag,0,1,0.0,0.0,0.0
1911,Hold electronic item|cloth+electronic item package,0,0,0.0,0.0,0.0
1912,Wipe electronic item|blue cloth+electronic device,0,0,0.0,0.0,0.0
1913,Inspect electronic item|electronic device,0,0,0.0,0.0,0.0
1914,Place item in bag|electronic device box+shopping bag,0,0,0.0,0.0,0.0
1915,Place item in bag|electronic device+electronic device box+retail shelf+shopping bag,0,0,0.0,0.0,0.0
1916,Place item in bag|electronic device+retail shelf,0,0,0.0,0.0,0.0
1917,Place item in bag|electronic device+orange shopping bag,0,0,0.0,0.0,0.0
1918,Inspect smartphone box|smartphone box,0,0,0.0,0.0,0.0
1919,Place container on shelf|container+shelf,0,35,0.0,0.0,0.0
1920,Reach for another container|container+food containers+plastic crate+shelf,0,0,0.0,0.0,0.0
1921,Reach for container|soup cans+storage container,0,71,0.0,0.0,0.0
1922,Place storage container on floor|cardboard boxes+plastic storage container+shopping bag,0,5,0.0,0.0,0.0
1923,Move container toward shelf|shelf+storage container,0,3,0.0,0.0,0.0
1924,Pick up product from bin|canned goods+plastic bin+yellow box+yellow boxes,0,0,0.0,0.0,0.0
1925,Place product on shelf|shelf+yellow box,0,0,0.0,0.0,0.0
1926,Pick up next product from bin|yellow jar,0,0,0.0,0.0,0.0
1927,Reorganize bin contents|food containers+jar+plastic bin+shelf,0,0,0.0,0.0,0.0
1928,Move bin|jar+plastic bin,0,40,0.0,0.0,0.0
1929,Move plastic storage bin|cardboard boxes+clear plastic storage bin+orange shopping bag+people+shelving units,0,0,0.0,0.0,0.0
1930,Move plastic storage bin|clear plastic storage bin+people+shelving units,0,0,0.0,0.0,0.0
1931,Pick up canned food|canned food+plastic storage bin+shelf,0,0,0.0,0.0,0.0
1932,Place canned food in bin|canned food+plastic storage bin+shelf+white bin,0,0,0.0,0.0,0.0
1933,Place canned food in bin|canned food+shelf+white bin,0,0,0.0,0.0,0.0
1934,Place canned food on shelf|canned food+display shelf+storage container+store shelf,0,0,0.0,0.0,0.0
1935,Move towards aisle|canned food+plastic container+shelving unit,0,8,0.0,0.0,0.0
1936,Move towards aisle|aisle floor+canned food+plastic container+shelving unit,0,0,0.0,0.0,0.0
1937,Move towards aisle|aisle floor+shelving unit,0,0,0.0,0.0,0.0
1938,Pick up plastic container|plastic container,0,0,0.0,0.0,0.0
1939,Walk towards aisle|plastic container+shelves,0,0,0.0,0.0,0.0
1940,Move along the shelves|canned food+food pouches+plastic container+products+shelves,0,0,0.0,0.0,0.0
1941,Move along the shelves|canned food+food pouches+plastic container,0,0,0.0,0.0,0.0
1942,Place quilled paper shape|desk+quilled paper shape+quilled paper shape pile,0,0,0.0,0.0,0.0
1943,Place quilled paper shape|desk+quilled paper shape pile,0,1,0.0,0.0,0.0
1944,Manipulate quilled paper strip|paper strip+table,0,0,0.0,0.0,0.0
1945,Observe paper quilling station|head-mounted display+quilled paper strips+scissors+table,0,0,0.0,0.0,0.0
1946,Observe paper quilling station|head-mounted display+quilled paper strips+table,0,3,0.0,0.0,0.0
1947,Pick up smartphone|person+quilled paper pieces+smartphone+table,0,0,0.0,0.0,0.0
1948,Pick up smartphone|quilled paper pieces+smartphone+table,0,0,0.0,0.0,0.0
1949,Pick up smartphone|pen+plastic bag+quilled paper pieces+smartphone+table+water bottle,0,0,0.0,0.0,0.0
1950,Pick up smartphone|pen+plastic bag+quilled paper pieces+smartphone+water bottle,0,4,0.0,0.0,0.0
1951,Sort and arrange cardboard pieces|cardboard pieces+phone+water bottle,0,0,0.0,0.0,0.0
1952,Sort beads|beads+colored beads+paper list+pen+table,0,0,0.0,0.0,0.0
1953,Sort beads|beads+paper list+pen+table,0,0,0.0,0.0,0.0
1954,Mark paper list|blue beads+paper list+pen,0,2,0.0,0.0,0.0
1955,Mark paper list|blue beads+paper list+pen+router,0,5,0.0,0.0,0.0
1956,Walking through the office|chairs+colleagues+desk+remote controller,0,2,0.0,0.0,0.0
1957,Walking through the office|colleagues+remote controller,0,1,0.0,0.0,0.0
1958,Resume sorting blue beads|blue beads+paper+pen,0,12,0.0,0.0,0.0
1959,Fold cardboard shape|cardboard+cardboard boxes+phone+smartphone,0,0,0.0,0.0,0.0
1960,Fold cardboard shape|cardboard boxes+phone,0,0,0.0,0.0,0.0
1961,Reach for cardboard box|cardboard,0,6,0.0,0.0,0.0
1962,Cut cardboard|cardboard piece+cardboard shape+cardboard sheet+scissors+smartphone,0,1,0.0,0.0,0.0
1963,Reposition hands|cardboard piece+scissors+smartphone,0,0,0.0,0.0,0.0
1964,Rolling paper strip|blue paper strip+phone+pile of quilled paper coils,0,0,0.0,0.0,0.0
1965,Selecting new paper strip|paper strips+smartphone,0,0,0.0,0.0,0.0
1966,Interaction with coworker|cardboard box with contents+hallway+person with vr headset,0,0,0.0,0.0,0.0
1967,Interaction with coworker|hallway+person with vr headset,0,0,0.0,0.0,0.0
1968,Walk through workspace|corridor+desk+paper craft materials+people,0,0,0.0,0.0,0.0
1969,Walk through workspace|desk+paper craft materials,0,5,0.0,0.0,0.0
1970,Manipulate paper quilling piece|blue paper quilling strip+smartphone,0,2,0.0,0.0,0.0
1971,Marking cardboard piece|blue pen+box cutter+cardboard piece+cardboard pieces+cutting mat+desk+pen+phone+scissors+smartphone+utility knife+water bottle,0,0,0.0,0.0,0.0
1972,Marking cardboard piece|blue pen+cardboard pieces+scissors+smartphone+utility knife+water bottle,0,0,0.0,0.0,0.0
1973,Hold and mark cardboard piece|blue pen+cardboard pieces+mobile phone+scissors+utility knife,0,0,0.0,0.0,0.0
1974,Mark cardboard piece|blue pen+cardboard piece+cardboard pieces+cardboard stack+red utility knife+scissors+smartphone+utility knife+water bottle+white container,0,0,0.0,0.0,0.0
1975,Mark cardboard piece|blue pen+cardboard pieces+red utility knife+scissors+smartphone+water bottle+white container,0,0,0.0,0.0,0.0
1976,Organize cardboard pieces|cardboard pieces+pen+smartphone,0,0,0.0,0.0,0.0
1977,Sort small objects|beads+hand+phone+table,0,0,0.0,0.0,0.0
1978,Place items on table|charging cable+small colored items+smartphone,0,0,0.0,0.0,0.0
1979,Gathering colored beads|charging cable+colored beads+power bank+smartphone+table,0,0,0.0,0.0,0.0
1980,Gathering colored beads|charging cable+colored beads+power bank+smartphone,0,0,0.0,0.0,0.0
1981,Sort beads|beads+table,0,0,0.0,0.0,0.0
1982,Sort star-shaped objects|mobile phone+phone+purple star-shaped objects+purple stars+yellow star-shaped objects+yellow stars,0,0,0.0,0.0,0.0
1983,Sort star-shaped objects|phone+purple star-shaped objects+yellow star-shaped objects,0,0,0.0,0.0,0.0
1984,Sort yellow star-shaped objects|black power bank+power bank+purple star-shaped objects+yellow star-shaped objects,0,1,0.0,0.0,0.0
1985,Sort yellow star-shaped objects|power bank+purple star-shaped objects+yellow star-shaped objects,0,0,0.0,0.0,0.0
1986,Fold paper star|lucky stars pile+paper strip+pencil holder+smartphone,0,0,0.0,0.0,0.0
1987,Place jar on shelf|jar+shelf,0,2,0.0,0.0,0.0
1988,Reach for item in box|cardboard box+shelf+soup cans,0,0,0.0,0.0,0.0
1989,Reach for item in box|cardboard box+food items+shelf+soup cans,0,0,0.0,0.0,0.0
1990,Place product on shelf|canned product,0,1,0.0,0.0,0.0
1991,Place product on shelf|canned product+shelf,0,0,0.0,0.0,0.0
1992,Place canned product on shelf|canned product+grocery shelf+shelf,0,0,0.0,0.0,0.0
1993,Place canned product on shelf|canned product+grocery shelf,0,0,0.0,0.0,0.0
1994,Place canned product on shelf|canned food+display shelf,0,0,0.0,0.0,0.0
1995,Pick up canned product|can of chicken broth+shelf,0,0,0.0,0.0,0.0
1996,Place canned product on shelf|can of chicken broth+plastic bin,0,0,0.0,0.0,0.0
1997,Hold and wipe product|cleaning cloth+jar of food,0,0,0.0,0.0,0.0
1998,Place pickle jar in box|cardboard box+cleaning cloth+pickle jar+shelf,0,0,0.0,0.0,0.0
1999,Wipe the shelf|bottles+cleaning cloth+grocery shelf+various canned food,0,0,0.0,0.0,0.0
2000,Wipe the shelf|bottles+cleaning cloth+grocery shelf,0,0,0.0,0.0,0.0
2001,Wipe the shelf|cleaning cloth+grocery shelf,0,0,0.0,0.0,0.0
2002,Pick up product from box|bottled product+cardboard box+cleaning cloth+shelf,0,0,0.0,0.0,0.0
2003,Pick up product from box|cleaning cloth+shelf,0,0,0.0,0.0,0.0
2004,Pick up product from box|cardboard box+cleaning cloth+shelf,0,0,0.0,0.0,0.0
2005,Pick up product from box|cardboard box+cleaning cloth+product container+shelf,0,0,0.0,0.0,0.0
2006,Pick up product from box|cardboard box+product container,0,0,0.0,0.0,0.0
2007,Wipe the shelf|cleaning cloth+shelf,0,0,0.0,0.0,0.0
2008,Wipe the product jar|cardboard box+cleaning cloth+glass jar+shelf,0,0,0.0,0.0,0.0
2009,Wipe the product jar|cardboard box+cleaning cloth+glass jar,0,0,0.0,0.0,0.0
2010,Wipe the product jar|cardboard box+cloth+product jar+shelf,0,0,0.0,0.0,0.0
2011,Hold product|cardboard box+packaged food item+packaged food product,0,0,0.0,0.0,0.0
2012,Hold product|cardboard box+packaged food item,0,0,0.0,0.0,0.0
2013,Hold product|packaged food item,0,0,0.0,0.0,0.0
2014,Place product on shelf|cardboard box+grocery product+packaged grocery item+store shelf,0,0,0.0,0.0,0.0
2015,Place product on shelf|cardboard box+grocery product,0,0,0.0,0.0,0.0
2016,Place product on shelf|cardboard box+grocery product+retail shelf,0,0,0.0,0.0,0.0
2017,Place product on shelf|grocery product+retail shelf,0,0,0.0,0.0,0.0
2018,Hold product|cardboard box+grocery item+packaged food product,0,0,0.0,0.0,0.0
2019,Hold product|cardboard box+grocery item,0,0,0.0,0.0,0.0
2020,Hold product|cardboard box+grocery item+shelf,0,0,0.0,0.0,0.0
2021,Hold item and adjust posture|cardboard box+grocery item+shelves,0,0,0.0,0.0,0.0
2022,Place product on shelf|food product,0,0,0.0,0.0,0.0
2023,Place product on shelf|food product+shelf,0,0,0.0,0.0,0.0
2024,Place product on shelf|cardboard box+food product+shelf,0,0,0.0,0.0,0.0
2025,Place product on shelf|cardboard box+food product,0,0,0.0,0.0,0.0
2026,Reach for buttons|battery pack+black buttons+buttons+hand+orange buttons+person+red buttons+soda can+table+watch,0,0,0.0,0.0,0.0
2027,Place button in row|buttons+hand+table,0,0,0.0,0.0,0.0
2028,Place button in row|bottle+buttons+hand+left hand+other people's hands+table+watch,0,0,0.0,0.0,0.0
2029,Place button in row|bottle+buttons+hand+left hand+other people's hands+phone+table+watch,0,0,0.0,0.0,0.0
2030,Place button in row|black buttons+bottle+buttons+green bottle+left hand+orange buttons+phone+red buttons+table+watch,0,0,0.0,0.0,0.0
2031,Pick up button|black buttons+buttons+green bottle+hand+orange buttons+phone+red buttons+table+watch,0,0,0.0,0.0,0.0
2032,Place button|black buttons+buttons+green bottle+hand+orange buttons+phone+red buttons+table+watch,0,0,0.0,0.0,0.0
2033,Pick up button|buttons+hand+multicolored buttons+red button+smartphone+table+watch,0,0,0.0,0.0,0.0
2034,Pick up button|buttons+hand+multicolored buttons+phone+smartphone+table+watch,0,0,0.0,0.0,0.0
2035,Align button in row|buttons+hand+phone+table+watch,0,0,0.0,0.0,0.0
2036,Align button in row|buttons+hand+table,0,0,0.0,0.0,0.0
2037,Align button in row|button+buttons+hand+mobile phone+table,0,0,0.0,0.0,0.0
2038,Pick up button|button+buttons+left hand+mobile phone+right hand+table+watch,0,0,0.0,0.0,0.0
2039,Align button|black buttons+buttons+left hand+orange buttons+red buttons+right hand+table+watch,0,0,0.0,0.0,0.0
2040,Align button|black buttons+buttons+hand+orange buttons+red buttons+smartphone+table+watch,0,0,0.0,0.0,0.0
2041,Pick up button|buttons+cardboard tube+hand+phone+smartphone+table+watch,0,0,0.0,0.0,0.0
2042,Align button|buttons+cardboard tube+hand+phone+smartphone+table+watch,0,0,0.0,0.0,0.0
2043,Align button|buttons+cardboard tube+hand+phone+power bank+table+watch,0,0,0.0,0.0,0.0
2044,Align button|buttons+cardboard tube+hand+phone+power bank+table,0,0,0.0,0.0,0.0
2045,Align buttons|buttons+hand+phone+power bank+table+watch,0,0,0.0,0.0,0.0
2046,Arrange button cluster|buttons+hand+phone+power bank+table+watch,0,0,0.0,0.0,0.0
2047,Arrange button cluster|button+buttons+hand+phone+table+watch,0,0,0.0,0.0,0.0
2048,Align button row|button+buttons+phone+table+watch,0,0,0.0,0.0,0.0
2049,Align button row|button+buttons+hand+phone+power adapter+soda can+table+watch,0,0,0.0,0.0,0.0
2050,Adjust red button|black buttons+buttons+orange buttons+power bank+red buttons+right hand+table+wooden table,0,0,0.0,0.0,0.0
2051,Adjust red button|battery pack+black buttons+hand+orange buttons+phone+red button+red buttons+right hand+table+wooden table,0,0,0.0,0.0,0.0
2052,Pull back hand|black button+hand+orange button+phone+red button+table+watch,0,0,0.0,0.0,0.0
2053,Pull back hand|black button+hand+orange button+red button+table+watch,0,0,0.0,0.0,0.0
2054,Pull back hand|black button+orange button+red button+table+watch,0,0,0.0,0.0,0.0
2055,Pull back hand|black button+black buttons+orange button+orange buttons+red button+red buttons+table+watch,0,0,0.0,0.0,0.0
2056,Align red buttons|black button+black buttons+orange button+orange buttons+red button+red buttons+table+watch,0,0,0.0,0.0,0.0
2057,Align red buttons|black buttons+hand+orange buttons+red buttons+table,0,0,0.0,0.0,0.0
2058,Pick up black button|button+buttons+hand+phone+smartphone+table,0,0,0.0,0.0,0.0
2059,Pick up black button|black button+hand+orange buttons+red buttons+table,0,0,0.0,0.0,0.0
2060,Pick up black button|black button+buttons+hand+mobile phone+orange buttons+red buttons+table+wrist watch,0,0,0.0,0.0,0.0
2061,Pick up red button|black button+black buttons+buttons+hand+mobile phone+orange buttons+red buttons+smartphone+table+wrist watch,0,0,0.0,0.0,0.0
2062,Pick up black button|black buttons+buttons+hand+mobile phone+red buttons+smartphone+table+wrist watch,0,0,0.0,0.0,0.0
2063,Pick up red button|black button+black buttons+hand+phone+red button+red buttons+table+watch,0,0,0.0,0.0,0.0
2064,Pick up red button|black button+orange button+phone+red button+table+watch,0,0,0.0,0.0,0.0
2065,Pick up red button|black button+black buttons+orange button+orange buttons+phone+red button+table+watch,0,0,0.0,0.0,0.0
2066,Release button|black buttons+green tube+orange buttons+phone+red button+red button line+table+watch,0,0,0.0,0.0,0.0
2067,Move black button|black buttons+buttons+hand+orange buttons+phone+red buttons+table,0,0,0.0,0.0,0.0
2068,Reach for multicolored buttons|black buttons+buttons+cylindrical container+mobile phone+multicolored buttons+table,0,0,0.0,0.0,0.0
2069,Arrange buttons in row|buttons+cylindrical container+mobile phone+multicolored buttons+power bank+table,0,0,0.0,0.0,0.0
2070,Arrange buttons in row|buttons+mobile phone+power bank+soda can+table,0,0,0.0,0.0,0.0
2071,Align red button in row|black buttons+button+buttons+hand+people+red buttons+smartphone+table,0,0,0.0,0.0,0.0
2072,Reach and sort buttons|black buttons+button+hand+mobile phone+paper tube+red buttons+smartphone+table,0,0,0.0,0.0,0.0
2073,Reach and sort buttons|button+buttons+green tube+mobile phone+paper tube+phone+table+watch,0,0,0.0,0.0,0.0
2074,Align red button in row|buttons+buttons (pile)+green tube+hand+phone+red buttons+table+watch,0,0,0.0,0.0,0.0
2075,Align red button in row|hand+red buttons+table,0,0,0.0,0.0,0.0
2076,Adjust red button|battery pack+can+hand+multi-colored buttons+person+phone+power bank+red buttons+table,0,0,0.0,0.0,0.0
2077,Pick up red button|hand+multi-colored buttons+person+phone+power bank+red buttons+table,0,0,0.0,0.0,0.0
2078,Adjust red button|hands+multi-colored buttons+phone+power bank+red buttons+table,0,0,0.0,0.0,0.0
2079,Reach for buttons|hand+multi-colored buttons+person+power bank+red buttons+smartphone+table+wrist watch,0,0,0.0,0.0,0.0
2080,Adjust red button|hand+red buttons+smartphone+table+wrist watch,0,0,0.0,0.0,0.0
2081,Align button|buttons+hand+smartphone+smartwatch+table,0,0,0.0,0.0,0.0
2082,Align button|buttons+hand+red buttons+smartphone+smartwatch+table+wooden table,0,0,0.0,0.0,0.0
2083,Place button|buttons+hand+table,4,0,0.0,0.0,0.0
2084,Place button|buttons+hand+multi-colored buttons+red buttons+table,0,0,0.0,0.0,0.0
2085,Place button|buttons+green tube+hand+mobile phone+person+phone+table+watch,0,0,0.0,0.0,0.0
2086,Place button|buttons+hand+mobile phone+table,0,0,0.0,0.0,0.0
2087,Cut cardboard piece|cardboard piece+cardboard shapes+scissors+smartphone,0,0,0.0,0.0,0.0
2088,Manipulate cardboard piece|cardboard piece+power bank+scissors+smartphone,0,0,0.0,0.0,0.0
2089,Manipulate cardboard piece|scissors+smartphone+triangular cardboard pieces,0,0,0.0,0.0,0.0
2090,Cut cardboard|cardboard piece+cardboard scrap piles+scissors+smartphone+square cardboard+work table,0,0,0.0,0.0,0.0
2091,Cut cardboard|cardboard piece+scissors+work table,0,0,0.0,0.0,0.0
2092,Cut cardboard|cardboard piece+scissors+smartphone+work table,0,0,0.0,0.0,0.0
2093,Mark cardboard with pen and ruler|cardboard+red pen+ruler+scissors,0,0,0.0,0.0,0.0
2094,Hold ruler steady|cardboard+metal ruler+pen+red pen+ruler+scissors+utility knife,0,0,0.0,0.0,0.0
2095,Hold ruler steady|cardboard+pen+ruler+scissors+utility knife,0,0,0.0,0.0,0.0
2096,Mark line on cardboard|cardboard+marker+red marker+ruler+scissors+utility knife,0,0,0.0,0.0,0.0
2097,Mark line on cardboard|cardboard+red marker+ruler+scissors+utility knife,0,0,0.0,0.0,0.0
2098,Mark line on cardboard|cardboard+red marker+ruler,0,0,0.0,0.0,0.0
2099,Move marker and ruler|cardboard+red marker+ruler+scissors,0,0,0.0,0.0,0.0
2100,Cut cardboard|cardboard+metal ruler+scissors+water bottle,0,0,0.0,0.0,0.0
2101,Cut cardboard|blue pen+cardboard+cardboard strip+metal ruler+ruler+scissors+utility knife+water bottle,0,0,0.0,0.0,0.0
2102,Cut cardboard|blue pen+cardboard strip+ruler+scissors+utility knife+water bottle,0,0,0.0,0.0,0.0
2103,Manipulate paper strip|beads+black phone+paper strip+paper strips+phone+portable charger,0,0,0.0,0.0,0.0
2104,Manipulate paper strip|beads+black phone+paper strip,0,0,0.0,0.0,0.0
2105,Manipulate paper strip|beads+paper strip,0,0,0.0,0.0,0.0
2106,Fold paper strip|beads+desk+hands+light blue paper strip+paper strip+table,0,0,0.0,0.0,0.0
2107,Fold paper strip|desk+light blue paper strip,0,0,0.0,0.0,0.0
2108,Fold paper strip|paper strips+power bank+purple paper strip,0,0,0.0,0.0,0.0
2109,Fold paper strip|paper document+paper strip+paper strips+pen+phone+power bank+purple paper strip,0,0,0.0,0.0,0.0
2110,Fold paper strip|paper document+paper strip+pen+phone+power bank,0,0,0.0,0.0,0.0
2111,Fold paper strip|paper document+paper strip+pen+phone+power bank+purple paper strip+quilling paper strips,0,0,0.0,0.0,0.0
2112,Fold paper strip|paper document+pen+phone+power bank+purple paper strip+quilling paper strips,0,0,0.0,0.0,0.0
2113,Fold paper strip|paper document+paper sheet+pen+phone+power bank+purple paper strip+quilling paper strips,0,0,0.0,0.0,0.0
2114,Fold paper strip|mobile phone+paper+paper sheet+pen+phone+power bank+purple paper strip+yellow paper strips,0,0,0.0,0.0,0.0
2115,Manipulate paper strip|document+folded paper pieces+paper strip+paper strips pile+pen+power bank+smartphone,0,0,0.0,0.0,0.0
2116,Manipulate paper strip|document+folded paper pieces+paper strip+pen+power bank,0,0,0.0,0.0,0.0
2117,Manipulate paper strip|paper stack+pen+phone+power bank+purple paper strip,0,0,0.0,0.0,0.0
2118,Manipulate paper strip|document+packaging+paper stack+paper strip+pen+phone+power bank+purple paper strip+smartphone,0,0,0.0,0.0,0.0
2119,Manipulate paper strip|document+packaging+paper strip+pen+power bank+smartphone,0,0,0.0,0.0,0.0
2120,Fold paper strip|origami lucky stars+paper strip+phone,0,0,0.0,0.0,0.0
2121,Fold paper strip|blue paper strip+origami lucky stars+smartphone,0,0,0.0,0.0,0.0
2122,Fold paper strip|blue paper strip+lucky stars pile+origami lucky stars+paper pack+paper strip+smartphone,0,0,0.0,0.0,0.0
2123,Fold paper strip|lucky stars pile+paper pack+paper strip+smartphone,0,0,0.0,0.0,0.0
2124,Fold paper strip|origami stars+paper pack+paper strip+smartphone,0,0,0.0,0.0,0.0
2125,Fold paper strip|origami stars+paper pack+paper strip+paper strips pack+pile of lucky stars+smartphone,0,0,0.0,0.0,0.0
2126,Fold paper strip|paper strip+paper strips pack+pile of lucky stars+smartphone,0,0,0.0,0.0,0.0
2127,Fold paper strip|paper strip+pile of lucky stars+smartphone,0,0,0.0,0.0,0.0
2128,Fold purple paper strip|beads+box+keys+purple paper+purple paper strip+smartphone+wallet,0,0,0.0,0.0,0.0
2129,Fold purple paper strip|beads+keys+purple paper+smartphone+wallet,0,0,0.0,0.0,0.0
2130,Fold purple paper strip|beads+keys+purple paper+purple paper strip+smartphone+wallet,0,0,0.0,0.0,0.0
2131,Fold purple paper strip|beads+keys+purple paper strip+smartphone+wallet,0,0,0.0,0.0,0.0
2132,Fold purple paper strip|keys+purple paper strip+smartphone+wallet,0,0,0.0,0.0,0.0
2133,Fold purple paper strip|beads+keys+purple paper strip+quilling tool+smartphone+wallet,0,0,0.0,0.0,0.0
2134,Fold purple paper strip|beads+purple paper strip+quilling tool,0,0,0.0,0.0,0.0
2135,Fold purple paper|purple paper+smartphone+wallet,0,0,0.0,0.0,0.0
2136,Fold purple paper|purple paper+ruler+smartphone+wallet,0,0,0.0,0.0,0.0
2137,Hold and crease purple paper|blue paper strips+purple paper+smartphone+wallet,0,0,0.0,0.0,0.0
2138,Hold and crease purple paper|blue paper strips+purple paper,0,0,0.0,0.0,0.0
2139,Hold and crease purple paper|blue paper strips+purple paper+table,0,0,0.0,0.0,0.0
2140,Hold and crease purple paper|purple paper+table,0,0,0.0,0.0,0.0
2141,Separate cardboard piece|cardboard+hands+marker+scissors+utility knife,0,0,0.0,0.0,0.0
2142,Separate cardboard piece|cardboard+marker+scissors+utility knife,0,0,0.0,0.0,0.0
2143,Open small case|cardboard+pen+scissors+small case,0,0,0.0,0.0,0.0
2144,Move smartphone|cardboard+pen+ruler+scissors+smartphone+utility knife+water bottle,0,0,0.0,0.0,0.0
2145,Walk towards table|chair+paper strips+person+table+trash bin,0,0,0.0,0.0,0.0
2146,Manipulate quilling strip|blue quilling strip+gift bag+paper bag+quilling strips+red metal bottle+smartphone+water bottle,0,0,0.0,0.0,0.0
2147,Manipulate quilling strip|blue quilling strip+gift bag+red metal bottle+smartphone,0,2,0.0,0.0,0.0
2148,Manipulate quilling strip|blue quilling strip+blue quilling strips+gift bag+red metal bottle+smartphone+water bottle,0,0,0.0,0.0,0.0
2149,Manipulate quilling strip|blue quilling strips+smartphone+water bottle,0,0,0.0,0.0,0.0
2150,Begin rolling quilling strip|blue paper strip+smartphone+water bottle,0,0,0.0,0.0,0.0
2151,Manipulate paper strip|paper strips+portable charger+red bottle+smartphone,0,0,0.0,0.0,0.0
2152,Manipulate paper strip|container+paper strips+portable charger+power bank+red bottle+smartphone,0,0,0.0,0.0,0.0
2153,Manipulate paper strip|container+paper strips+power bank+smartphone,0,1,0.0,0.0,0.0
2154,Pick up product|dugro milk powder,0,0,0.0,0.0,0.0
2155,Place product on shelf|cardboard box+dugro milk powder+food product bag+shelf,0,0,0.0,0.0,0.0
2156,Place product on shelf|cardboard box+food product bag,0,0,0.0,0.0,0.0
2157,Close cardboard box|cardboard box+person in background+store shelf,0,0,0.0,0.0,0.0
2158,Place item on shelf|package+plastic bin+retail item+shelf,0,1,0.0,0.0,0.0
2159,Place item on shelf|plastic bin+retail item+shelf,0,2,0.0,0.0,0.0
2160,Hold product|shelves+yellow jar of vegemite,0,0,0.0,0.0,0.0
2161,Remove item from shelf|shelf+yellow container+yellow-capped jar,0,1,0.0,0.0,0.0
2162,Remove item from shelf|shelf+yellow container,0,0,0.0,0.0,0.0
2163,Discard item into bin|blue bin+shelf+yellow container,0,0,0.0,0.0,0.0
2164,Discard item into bin|blue bin+yellow container,0,0,0.0,0.0,0.0
2165,Sweep debris|broom+cardboard box with green products+dustpan+shelf,0,0,0.0,0.0,0.0
2166,Sweep debris|broom+cardboard box with green products+dustpan,0,0,0.0,0.0,0.0
2167,Reach for product|canned goods+price label+shelf,0,0,0.0,0.0,0.0
2168,Reach for product|canned goods+shelf,0,0,0.0,0.0,0.0
2169,Reach for product|canned goods+price label strip+shelf,0,0,0.0,0.0,0.0
2170,Reach for product|canned goods+label+shelf,0,0,0.0,0.0,0.0
2171,Reach for product|label+shelf,0,0,0.0,0.0,0.0
2172,Reach for product|label+product can+shelf,0,0,0.0,0.0,0.0
2173,Reach for product|product can+shelf,0,0,0.0,0.0,0.0
2174,Release label|canned food+label+shelf+soup cans,0,0,0.0,0.0,0.0
2175,Release label|canned food+label+shelf,0,0,0.0,0.0,0.0
2176,Remove shelf label|canned food+grocery shelf+price label+shelf,0,0,0.0,0.0,0.0
2177,Remove shelf label|canned food+price label+shelf,0,0,0.0,0.0,0.0
2178,Remove shelf label|bottles+canned food+price label+shelf,0,0,0.0,0.0,0.0
2179,Remove shelf label|bottles+price label+shelf,0,0,0.0,0.0,0.0
2180,Remove shelf label|price label+shelf,0,0,0.0,0.0,0.0
2181,Remove shelf label|bottles+hand+price label+shelf+shelf label,0,0,0.0,0.0,0.0
2182,Remove shelf label|bottles+hand+shelf label,0,0,0.0,0.0,0.0
2183,Remove shelf label|hand+shelf label,0,0,0.0,0.0,0.0
2184,Open supplement bottle|cap+supplement bottle+white cap,0,0,0.0,0.0,0.0
2185,Open supplement bottle|supplement bottle+white cap,0,0,0.0,0.0,0.0
2186,Hold supplement bottle|plastic basket+supplement bottle,0,0,0.0,0.0,0.0
2187,Hold supplement bottle|container+plastic basket+plastic storage box+supplement bottle,0,0,0.0,0.0,0.0
2188,Examine item|grocery shelf+pink-labeled bottle+plastic storage bin,0,0,0.0,0.0,0.0
2189,Examine item|pink-labeled bottle+plastic storage bin,0,0,0.0,0.0,0.0
2190,Examine item|kellogg's cereal box,0,0,0.0,0.0,0.0
2191,Examine item|kellogg's cereal box+plastic container+various bottles,0,1,0.0,0.0,0.0
2192,Examine item|plastic container+various bottles,0,1,0.0,0.0,0.0
2193,Place item in container|plastic container+small bottle+various bottles,0,0,0.0,0.0,0.0
2194,Place item in container|small bottle,0,0,0.0,0.0,0.0
2195,Place oil in container|clear plastic container+oil bottle+shelf,0,0,0.0,0.0,0.0
2196,Place oil in container|oil bottle+shelf,0,0,0.0,0.0,0.0
2197,Place oil in container|clear storage container+oil bottle+shelf,0,0,0.0,0.0,0.0
2198,Place oil in container|clear storage container+oil bottle,0,0,0.0,0.0,0.0
2199,Pick up supplement bottle|shelf+supplement bottle,0,0,0.0,0.0,0.0
2200,Place spice jar in container|plastic container+shelf+spice jar,0,0,0.0,0.0,0.0
2201,Place spice jar in container|plastic container+spice jar,0,0,0.0,0.0,0.0
2202,Sort beads|cardboard squares+pen+pile of beads+star-shaped beads,0,3,0.0,0.0,0.0
2203,Sort beads|cardboard squares+marker+pen+pile of beads+star-shaped beads,0,0,0.0,0.0,0.0
2204,Sort beads|cardboard squares+marker+star-shaped beads,0,0,0.0,0.0,0.0
2205,Arrange star-shaped beads|cardboard base+marker+pen+star-shaped beads+table+white star-shaped beads,0,0,0.0,0.0,0.0
2206,Sort beads|cardboard squares+smartphone+star-shaped beads,0,0,0.0,0.0,0.0
2207,Move ruler|cardboard+metal ruler+scissors+smartphone+utility knife,0,0,0.0,0.0,0.0
2208,Mark cardboard with marker|cardboard+metal ruler+red marker+ruler+scissors,0,0,0.0,0.0,0.0
2209,Mark cardboard with marker|cardboard+red marker+ruler+scissors,0,0,0.0,0.0,0.0
2210,Draw lines on cardboard|cardboard+cardboard sheet+metal ruler+red marker+scissors+smartphone,0,0,0.0,0.0,0.0
2211,Draw lines on cardboard|cardboard sheet+metal ruler+red marker+scissors+smartphone,0,1,0.0,0.0,0.0
2212,Drawing lines on cardboard|cardboard+metal ruler+phone+red marker+red scissors+ruler+smartphone,0,0,0.0,0.0,0.0
2213,Drawing lines on cardboard|cardboard+phone+red marker+ruler+scissors,0,0,0.0,0.0,0.0
2214,Mark lines with marker|cardboard+marker+marker cap+ruler,0,0,0.0,0.0,0.0
2215,Mark lines with marker|cardboard+marker+ruler,0,0,0.0,0.0,0.0
2216,Mark lines with marker|cardboard+marker+marker cap+red marker+ruler,0,0,0.0,0.0,0.0
2217,Walking in the workspace|cardboard boxes+cardboard pieces+red carpet+red markers+ruler+table+vacuum cleaner,0,0,0.0,0.0,0.0
2218,Walking in the workspace|cardboard box+cardboard boxes+cardboard pieces+red carpet+vacuum cleaner,0,0,0.0,0.0,0.0
2219,Manipulate and inspect colorful pieces|colorful paper pieces+colorful pieces+smartphone+watch,0,0,0.0,0.0,0.0
2220,Manipulate and inspect colorful pieces|colorful paper pieces+smartphone+watch,0,0,0.0,0.0,0.0
2221,Manipulate and inspect colorful pieces|colorful paper pieces+smartphone,0,0,0.0,0.0,0.0
2222,Manipulate colorful pieces|blue puzzle pieces+colorful paper piles+light blue paper piece+purple puzzle pieces+smartphone+yellow puzzle pieces,0,0,0.0,0.0,0.0
2223,Manipulate colorful pieces|blue puzzle pieces+purple puzzle pieces+smartphone+yellow puzzle pieces,0,0,0.0,0.0,0.0
2224,Sort colorful pieces|small blue pieces+small yellow pieces+smartphone+table,0,0,0.0,0.0,0.0
2225,Hold small white box|small white box,0,0,0.0,0.0,0.0
2226,Hold small white box|small white box+table with items,0,0,0.0,0.0,0.0
2227,Hold small white box|desk+office chair+small white box+table with items,0,0,0.0,0.0,0.0
2228,Hold small white box|desk+fire extinguisher+office chair+small white box,0,0,0.0,0.0,0.0
2229,Hold small white box|desk+fire extinguisher+small white box,0,0,0.0,0.0,0.0
2230,Sort colorful pieces|blue pieces+pencil case+power bank+purple pieces+smartphone+yellow pieces,0,0,0.0,0.0,0.0
2231,Sorting colorful paper pieces|blue paper pieces+colorful paper pieces+hands+pencil case+phone+power bank+smartphone+white box+yellow paper pieces,0,0,0.0,0.0,0.0
2232,Sorting colorful paper pieces|blue paper pieces+hands+phone+white box+yellow paper pieces,0,0,0.0,0.0,0.0
2233,Remove cardboard pattern piece|box cutter+cardboard+cardboard piece+cardboard scrap+cardboard sheet+pen+pens+ruler+scissors+smartphone+utility knife,0,0,0.0,0.0,0.0
2234,Remove cardboard pattern piece|box cutter+cardboard piece+cardboard sheet+pens+ruler+scissors+smartphone,0,0,0.0,0.0,0.0
2235,Cut out cardboard pattern|cardboard+cardboard piece+pens+ruler+scissors+smartphone+utility knife,0,0,0.0,0.0,0.0
2236,Cut cardboard pattern|box cutter+cardboard+cardboard piece+cardboard sheet+pen+pens+power bank+ruler+scissors+smartphone,0,0,0.0,0.0,0.0
2237,Cut cardboard pattern|cardboard+pen+power bank+ruler+scissors,0,2,0.0,0.0,0.0
2238,Cut cardboard with utility knife|cardboard+mobile phone+utility knife,0,4,0.0,0.0,0.0
2239,Cut cardboard with utility knife|cardboard+mobile phone+smartphone+utility knife,0,0,0.0,0.0,0.0
2240,Reposition and cut|cardboard+cardboard sheet+cardboard strip+scissors+smartphone+utility knife,0,0,0.0,0.0,0.0
2241,Reposition and cut|cardboard sheet+cardboard strip+scissors+smartphone,0,0,0.0,0.0,0.0
2242,Hold quilling paper|light blue paper strip,0,0,0.0,0.0,0.0
2243,Pick up paper strip|light blue paper strip+quilling paper storage+table,0,0,0.0,0.0,0.0
2244,Release and prepare new strip|hand+hands+paper strip,0,3,0.0,0.0,0.0
2245,Release and prepare new strip|hands+paper strip,0,0,0.0,0.0,0.0
2246,Inspect strip|beads+craft supplies+light blue strip+table,0,0,0.0,0.0,0.0
2247,Inspect strip|beads+craft supplies+hands+light blue strip+table,0,0,0.0,0.0,0.0
2248,Cut cardboard tube|cardboard base+cardboard pieces+cardboard tube+scissors,0,0,0.0,0.0,0.0
2249,Cut cardboard tube|cardboard pieces+cardboard tube+scissors,0,0,0.0,0.0,0.0
2250,Cut cardboard tube|cardboard pieces+cardboard surface+cardboard tube+scissors,0,0,0.0,0.0,0.0
2251,Cut cardboard tube|cardboard surface+cardboard tube+scissors,0,0,0.0,0.0,0.0
2252,Stacking cardboard pieces|cardboard pieces+pens+phone+power bank+water bottle,0,0,0.0,0.0,0.0
2253,Cut cardboard|cardboard+cardboard pile+scissors,0,0,0.0,0.0,0.0
2254,Cut cardboard piece|cardboard base+cardboard piece+scissors+workspace,0,0,0.0,0.0,0.0
2255,Cut cardboard piece|cardboard piece+scissors+workspace,0,0,0.0,0.0,0.0
2256,Stacking cardboard pieces|cardboard pieces+cardboard stack+hands,0,0,0.0,0.0,0.0
2257,Walk across office|cardboard sheets+door+fire extinguisher+pink slippers+poster+poster on wall+workstation,0,0,0.0,0.0,0.0
2258,Cut cardboard into triangles|cardboard+desk+pen+power bank+ruler+scissors,0,0,0.0,0.0,0.0
2259,Cut cardboard into triangles|cardboard+pen+power bank+ruler+scissors,0,0,0.0,0.0,0.0
2260,Walk with cardboard cutout|cardboard box+cardboard cutout+door handle,0,0,0.0,0.0,0.0
2261,Walk with cardboard cutout|cardboard box+cardboard cutout,0,0,0.0,0.0,0.0
2262,Cut cardboard shape|cardboard+cardboard shapes pile+ruler+scissors+smartphone,0,0,0.0,0.0,0.0
2263,Cut cardboard shape|cardboard+cardboard piece+cardboard shapes pile+pile of cardboard triangles+ruler+scissors+smartphone+table,0,0,0.0,0.0,0.0
2264,Cut cardboard shape|cardboard piece+pile of cardboard triangles+scissors+table,0,0,0.0,0.0,0.0
2265,Cut cardboard shape|cardboard piece+scissors+table,0,0,0.0,0.0,0.0
2266,Cut cardboard shape|cardboard piece+cardboard shape+pile of cardboard shapes+ruler+scissors+table,0,0,0.0,0.0,0.0
2267,Cut cardboard shape|cardboard shape+pile of cardboard shapes+ruler+scissors,0,0,0.0,0.0,0.0
2268,Cut cardboard shape|cardboard shape+ruler+scissors,0,0,0.0,0.0,0.0
2269,Cut cardboard shape|cardboard piece+cardboard scraps+cardboard shape+metal ruler+ruler+scissors,0,0,0.0,0.0,0.0
2270,Cut cardboard shape|cardboard piece+cardboard scraps+metal ruler+scissors,0,0,0.0,0.0,0.0
2271,Cut cardboard shape|cardboard+cardboard piece+cardboard scraps+metal ruler+ruler+scissors+smartphone+utility knife,0,0,0.0,0.0,0.0
2272,Cut cardboard shape|cardboard+ruler+scissors+smartphone+utility knife,0,0,0.0,0.0,0.0
2273,Cut cardboard|cardboard+cardboard sheet+cardboard triangles+desk+scissors+smartphone,0,0,0.0,0.0,0.0
2274,Cut cardboard|cardboard sheet+cardboard triangles+scissors,0,0,0.0,0.0,0.0
2275,Cut cardboard|cardboard+cardboard sheet+cardboard triangles+phone+scissors,0,0,0.0,0.0,0.0
2276,Cut cardboard shape|cardboard+cardboard pieces+earbud case+pen+power bank+scissors+smartphone,0,0,0.0,0.0,0.0
2277,Cut cardboard shape|cardboard+pen+power bank+scissors+smartphone,0,0,0.0,0.0,0.0
2278,Cut cardboard|cardboard rectangle+marker+scissors,0,0,0.0,0.0,0.0
2279,Cut cardboard shape|cardboard pile+cardboard strip+scissors,0,0,0.0,0.0,0.0
2280,Cut cardboard shape|cardboard strip+scissors,0,2,0.0,0.0,0.0
2281,Cut cardboard shape|cardboard strip+pen+power bank+scissors+smartphone,0,0,0.0,0.0,0.0
2282,Cut cardboard with utility knife|cardboard+ruler+scissors+smartphone+table+utility knife,0,0,0.0,0.0,0.0
2283,Cut cardboard with utility knife|cardboard+desk+phone+ruler+scissors+utility knife,0,0,0.0,0.0,0.0
2284,Lift utility knife|cardboard+utility knife,0,0,0.0,0.0,0.0
2285,Cut cardboard with utility knife|cardboard+ruler+scissors+smartphone+utility knife,0,0,0.0,0.0,0.0
2286,Cut cardboard with utility knife|cardboard+desk+ruler+scissors+smartphone+utility knife,0,0,0.0,0.0,0.0
2287,Cut cardboard strip|cardboard sheet+cardboard strip+cutter+hand+large cardboard sheet+phone+ruler+scissors+utility knife,0,0,0.0,0.0,0.0
2288,Cut cardboard strip|cardboard strip+cutter+large cardboard sheet+ruler+scissors,0,0,0.0,0.0,0.0
2289,Cut cardboard strip|cardboard sheet+cardboard strip+cutter+large cardboard sheet+ruler+scissors+smartphone+utility knife,0,0,0.0,0.0,0.0
2290,Cut cardboard strip|cardboard sheet+cardboard strip+ruler+scissors+smartphone+utility knife,0,0,0.0,0.0,0.0
2291,Cut cardboard strip|cardboard sheet+cardboard strip+hand+ruler+scissors+smartphone+utility knife+watch,0,0,0.0,0.0,0.0
2292,Cut cardboard strip|cardboard strip+hand+ruler+scissors+utility knife+watch,0,0,0.0,0.0,0.0
2293,Cut cardboard strip|cardboard+cardboard strip+hand+ruler+scissors+utility knife+watch,0,0,0.0,0.0,0.0
2294,Cut cardboard strip|box cutter+cardboard strip+hand+mobile phone+ruler+scissors,0,0,0.0,0.0,0.0
2295,Cut cardboard strip|box cutter+cardboard sheet+cardboard strip+hand+mobile phone+ruler+scissors+smartphone+utility knife,0,0,0.0,0.0,0.0
2296,Cut cardboard strip|cardboard+cardboard sheet+cardboard strip+ruler+scissors+smartphone+utility knife,0,0,0.0,0.0,0.0
2297,Cut cardboard|cardboard+left hand+right hand+ruler+scissors+smartphone+utility knife+watch,0,0,0.0,0.0,0.0
2298,Cut cardboard|cardboard+left hand+phone+right hand+ruler+scissors+smartphone+utility knife+watch,0,0,0.0,0.0,0.0
2299,Cut cardboard|cardboard+phone+ruler+scissors+utility knife,0,0,0.0,0.0,0.0
2300,Cut cardboard|cardboard+cutter+phone+ruler+scissors+smartphone+table+utility knife,0,0,0.0,0.0,0.0
2301,Cut cardboard|cutter+large cardboard+phone+ruler+scissors+small cardboard piece,0,0,0.0,0.0,0.0
2302,Cut cardboard|cardboard+cutter+large cardboard+phone+ruler+scissors+small cardboard piece,0,0,0.0,0.0,0.0
2303,Cut cardboard|cardboard+cutter+phone+ruler+scissors,0,0,0.0,0.0,0.0
2304,Cut cardboard|cardboard+ruler+scissors+smartphone+table+utility knife,0,0,0.0,0.0,0.0
2305,Cut cardboard|cardboard+cardboard piece+left hand+phone+right hand+ruler+scissors+smartphone+table+utility knife,0,0,0.0,0.0,0.0
2306,Reposition scissors|cardboard+cutter+cutter knife+mobile phone+phone+ruler+scissors,0,0,0.0,0.0,0.0
2307,Cut cardboard piece|cardboard+cutter+cutter knife+mobile phone+phone+ruler+scissors,0,0,0.0,0.0,0.0
2308,Cut cardboard piece|cardboard piece+cutter+phone+ruler+scissors+smartphone+table+utility knife,0,1,0.0,0.0,0.0
2309,Cut cardboard piece|cardboard piece+cutter+phone+ruler+scissors+table,0,0,0.0,0.0,0.0
2310,Cut cardboard piece|cardboard+cardboard piece+cutter+phone+ruler+scissors+smartphone+table+utility knife,0,0,0.0,0.0,0.0
2311,Cut cardboard piece|cardboard+ruler+scissors+smartphone+utility knife,0,0,0.0,0.0,0.0
2312,Cut cardboard piece|cardboard+paper cutter+phone+ruler+scissors+smartphone+utility knife,0,0,0.0,0.0,0.0
2313,Cut cardboard piece|cardboard+paper cutter+phone+ruler+scissors,0,0,0.0,0.0,0.0
2314,Cut cardboard piece|cardboard base+cardboard piece+cutter+phone+ruler+scissors,0,4,0.0,0.0,0.0
2315,Cut cardboard piece|cardboard base+cardboard piece+cardboard sheet+cutter+phone+ruler+scissors+utility knife,0,0,0.0,0.0,0.0
2316,Inspect cardboard piece|cardboard piece+cardboard sheet+cutter+phone+ruler+scissors+utility knife,0,0,0.0,0.0,0.0
2317,Position cardboard piece|cardboard+cardboard piece+cardboard sheet+phone+ruler+scissors+smartphone+table+utility knife,0,0,0.0,0.0,0.0
2318,Cut cardboard|cardboard+phone+ruler+scissors+table+utility knife,0,0,0.0,0.0,0.0
2319,Place cans into box|box+cans+small cans+storage box,0,0,0.0,0.0,0.0
2320,Arrange cans in box|box+cans+small cans+storage box,0,0,0.0,0.0,0.0
2321,Place can on shelf|crate of cans+shelf+small can+smartphone,0,0,0.0,0.0,0.0
2322,Place can on shelf|crate of cans+shelf+smartphone,0,0,0.0,0.0,0.0
2323,Place can on shelf|can+crate of cans+shelf+smartphone,0,0,0.0,0.0,0.0
2324,Arrange cans on shelf|canned goods+plastic container+shelf+smartphone,0,0,0.0,0.0,0.0
2325,Prepare to pick up item|canned goods+cardboard boxes+plastic container+round containers+shelf+storage bin,0,0,0.0,0.0,0.0
2326,Prepare to pick up item|round container+round containers+shelf+storage bin,0,0,0.0,0.0,0.0
2327,Place container in bin|round container+storage bin,0,0,0.0,0.0,0.0
2328,Place container in bin|metal cans+plastic bin+round container+storage bin,0,0,0.0,0.0,0.0
2329,Adjust cans in bin|bin+canned goods+metal cans+plastic bin,0,0,0.0,0.0,0.0
2330,Adjust cans in bin|bin+canned goods,0,0,0.0,0.0,0.0
2331,Hold and inspect can|bin+canned goods+shelf+soup can,0,1,0.0,0.0,0.0
2332,Hold and inspect can|shelf+smartphone+soup can,0,0,0.0,0.0,0.0
2333,Move along shelf|box of goods+canisters+shelf+smartphone,0,0,0.0,0.0,0.0
2334,Adjust perspective|cardboard boxes+person+retail products+shelf,0,0,0.0,0.0,0.0
2335,Adjust perspective|cardboard boxes+metal shelf+person+retail products+shelf+yellow-lidded jars,0,0,0.0,0.0,0.0
2336,Inspect shelf and organize stock|cardboard boxes+metal shelf+person+retail products+shelf+yellow-lidded jars,0,0,0.0,0.0,0.0
2337,Placing stock on shelf|can container+cardboard box+green bagged item+shelf+yellow-capped jars,0,0,0.0,0.0,0.0
2338,Placing stock on shelf|cardboard box+shelf+yellow-capped jars,0,2,0.0,0.0,0.0
2339,Placing stock on shelf|shelf+yellow-capped jars,0,0,0.0,0.0,0.0
2340,Hold small product bag|retail shelf+small product bag,0,9,0.0,0.0,0.0
2341,Hold small product bag|product bag+retail shelf+small product bag+storage crate,0,1,0.0,0.0,0.0
2342,Hold small product bag|product bag+storage crate,0,0,0.0,0.0,0.0
2343,Position shelving divider|hand+packaged products+shelf rack+shelving divider+wire shelf,0,7,0.0,0.0,0.0
2344,Position shelving divider|packaged products+shelf rack+shelving divider,0,6,0.0,0.0,0.0
2345,Position shelving divider|cardboard box+divider+packaged products+shelf+shelf rack+shelving divider,0,2,0.0,0.0,0.0
2346,Position shelving divider|cardboard box+divider+shelf,0,0,0.0,0.0,0.0
2347,Pick up container|white plastic container,0,15,0.0,0.0,0.0
2348,Place product on shelf|product box+retail shelf,0,4,0.0,0.0,0.0
2349,Place plush toy on shelf|oppo phone box+plush toy,0,0,0.0,0.0,0.0
2350,Adjust placement on shelf|oppo phone box+phone box+plush toy+shelf,0,0,0.0,0.0,0.0
2351,Adjust placement on shelf|phone box+plush toy+shelf,0,1,0.0,0.0,0.0
2352,Reach for product on shelf|person+phone boxes+plush toy+product packaging+retail shelf+retail shelves,0,0,0.0,0.0,0.0
2353,Mark cardboard|cardboard square+large cardboard sheet+pen+ruler,0,0,0.0,0.0,0.0
2354,Arrange cardboard|cardboard square+large cardboard sheet+pen+ruler+stack of cardboard squares,0,0,0.0,0.0,0.0
2355,Mark cardboard|cardboard sheet+cardboard squares stack+marker+ruler+scissors,0,0,0.0,0.0,0.0
2356,Mark cardboard|cardboard sheet+marker+ruler+scissors,0,0,0.0,0.0,0.0
2357,Stacking cardboard squares|cardboard square+cardboard squares+large cardboard sheet+metal ruler+pen+ruler+scissors+smartphone+stack of cardboard,0,0,0.0,0.0,0.0
2358,Stacking cardboard squares|cardboard square+ruler+smartphone+stack of cardboard,0,0,0.0,0.0,0.0
2359,Stacking cardboard squares|cardboard squares+metal ruler+pen+scissors+smartphone,0,0,0.0,0.0,0.0
2360,Stack cardboard square|cardboard squares+ruler+scissors+smartphone+stack,0,0,0.0,0.0,0.0
2361,Stack cardboard square|cardboard squares+ruler+scissors+stack,0,0,0.0,0.0,0.0
2362,Stack cardboard square|cardboard squares+metal ruler+ruler+scissors+smartphone+stack,0,0,0.0,0.0,0.0
2363,Sort paper star|blue paper stars+hand+mixed pile of paper stars+purple paper stars+single paper star+yellow paper stars,0,0,0.0,0.0,0.0
2364,Sort paper star|paper stars+table,0,0,0.0,0.0,0.0
2365,Sort paper star|hand+paper stars+table,0,0,0.0,0.0,0.0
2366,Sort paper star|hand+paper stars,0,0,0.0,0.0,0.0
2367,Sort paper star|hand+paper star+table,0,0,0.0,0.0,0.0
2368,Sort paper stars|hand+paper stars+table,0,0,0.0,0.0,0.0
2369,Sort paper stars|brown pouch+hand+paper stars+smartphone+table,0,0,0.0,0.0,0.0
2370,Sort paper stars|brown pouch+paper stars+smartphone+table,0,0,0.0,0.0,0.0
2371,Place paper star|paper stars+table,0,0,0.0,0.0,0.0
2372,Place paper star|paper star+paper stars+table,0,0,0.0,0.0,0.0
2373,Place paper star|paper star+table,0,0,0.0,0.0,0.0
2374,Pick up paper star|paper star,0,0,0.0,0.0,0.0
2375,Cut cardboard|black marker+cardboard+cardboard pieces+metal ruler+red scissors+ruler+scissors+utility knife,0,0,0.0,0.0,0.0
2376,Separate cardboard piece|cardboard+metal ruler+pen+separated cardboard piece+utility knife,0,0,0.0,0.0,0.0
2377,Cut cardboard strip|cardboard+metal ruler+pen+separated cardboard piece+utility knife,0,0,0.0,0.0,0.0
2378,Cut cardboard strip|cardboard+metal ruler+utility knife,0,0,0.0,0.0,0.0
2379,Hold cardboard strip|black marker+cardboard strip+ruler+scissors+utility knife,0,0,0.0,0.0,0.0
2380,Hold cardboard strip|cardboard strip+pen+ruler+scissors+utility knife,0,0,0.0,0.0,0.0
2381,Place cardboard piece|cardboard stack+cardboard strip+pen+ruler+scissors+utility knife,0,0,0.0,0.0,0.0
2382,Place cardboard piece|cardboard stack+cardboard strip+marker+metal ruler+pen+ruler+scissors+utility knife,0,0,0.0,0.0,0.0
2383,Hold cardboard strip|cardboard stack+cardboard strip+marker+metal ruler+pen+ruler+scissors+utility knife,0,0,0.0,0.0,0.0
2384,Hold cardboard strip|cardboard strip+marker+metal ruler+scissors+utility knife,0,0,0.0,0.0,0.0
2385,Hold cardboard with ruler|black marker+black pen+cardboard+metal ruler+ruler+scissors+smartphone+utility knife+water bottle,0,0,0.0,0.0,0.0
2386,Hold cardboard with ruler|black pen+cardboard+ruler+scissors+smartphone+utility knife+water bottle,0,0,0.0,0.0,0.0
2387,Move utility knife along ruler|black pen+bracelet+cardboard+ruler+scissors+smartphone+utility knife+water bottle,0,0,0.0,0.0,0.0
2388,Guide utility knife along ruler|cardboard+metal ruler+red scissors+ruler+scissors+utility knife,0,0,0.0,0.0,0.0
2389,Draw line on cardboard|black marker+cardboard+metal ruler+pen+ruler+scissors+utility knife,0,0,0.0,0.0,0.0
2390,Draw line on cardboard|black marker+cardboard+metal ruler+scissors+utility knife,0,0,0.0,0.0,0.0
2391,Marking lines on cardboard|black marker+cardboard+marker+metal ruler+scissors+utility knife,0,0,0.0,0.0,0.0
2392,Move hand toward craft materials|hand+paper strips+table,0,2,0.0,0.0,0.0
2393,Manipulate paper strip|blue paper strip+colorful paper stack+paper strips+phone+portable power bank+smartphone+table+water bottle,0,0,0.0,0.0,0.0
2394,Manipulate paper strip|paper strips+phone+table+water bottle,0,4,0.0,0.0,0.0
2395,Manipulate paper strip|paper strips+phone+power bank+smartphone+table+water bottle,0,2,0.0,0.0,0.0
2396,Manipulate paper strip|paper strips+power bank+smartphone,0,6,0.0,0.0,0.0
2397,Manipulate paper strip|chair+paper strips+person+power bank+smartphone+table,0,0,0.0,0.0,0.0
2398,Manipulate paper strip|chair+colorful paper strips stack+light blue paper strip+paper strips+person+table+white charging device,0,0,0.0,0.0,0.0
2399,Manipulate paper strip|colorful paper strips stack+light blue paper strip+white charging device,0,3,0.0,0.0,0.0
2400,Manipulate paper strip|colorful paper strips stack+light blue paper strip,0,0,0.0,0.0,0.0
2401,Hold and bend paper strip|blue paper strip+colorful paper stack+colorful paper strips stack+hands+power bank+smartphone,0,0,0.0,0.0,0.0
2402,Hold and bend paper strip|blue paper strip+colorful paper stack+hands+power bank,0,1,0.0,0.0,0.0
2403,Observe workspace|colorful paper strips+hand+paper strips+power bank+smartphone,0,0,0.0,0.0,0.0
2404,Observe workspace|colorful paper strips+smartphone,0,0,0.0,0.0,0.0
2405,Place puzzle piece|hand+puzzle piece+puzzle pieces,0,2,0.0,0.0,0.0
2406,Place puzzle piece|hand+jigsaw puzzle base+jigsaw puzzle piece+puzzle pieces,0,0,0.0,0.0,0.0
2407,Place puzzle piece|jigsaw puzzle base+jigsaw puzzle piece,0,1,0.0,0.0,0.0
2408,Place puzzle piece|jigsaw puzzle+jigsaw puzzle base+jigsaw puzzle piece+puzzle box+puzzle piece,0,0,0.0,0.0,0.0
2409,Place puzzle piece|jigsaw puzzle+puzzle box+puzzle piece,0,18,0.0,0.0,0.0
2410,Place puzzle piece|jigsaw puzzle+puzzle piece,0,6,0.0,0.0,0.0
2411,Place puzzle piece|puzzle board+puzzle box+puzzle piece,0,2,0.0,0.0,0.0
2412,Adjust puzzle piece|hand+jigsaw puzzle pieces+puzzle box,0,6,0.0,0.0,0.0
2413,Adjust puzzle piece|jigsaw puzzle pieces+puzzle box,0,0,0.0,0.0,0.0
2414,Adjusting puzzle piece|hand+jigsaw puzzle+jigsaw puzzle pieces+puzzle box,0,8,0.0,0.0,0.0
2415,Adjusting puzzle piece|hand+jigsaw puzzle+puzzle box,0,3,0.0,0.0,0.0
2416,Mark lines on cardboard|black marker+cardboard+marker pen+power adapter+power bank+ruler+scissors+utility knife,0,0,0.0,0.0,0.0
2417,Mark lines on cardboard|cardboard+marker pen+power adapter+ruler+scissors+utility knife,0,0,0.0,0.0,0.0
2418,Mark lines on cardboard|cardboard+marker+marker pen+metal ruler+power adapter+ruler+scissors+utility knife,0,0,0.0,0.0,0.0
2419,Mark lines on cardboard|cardboard+marker+metal ruler+power adapter+scissors+utility knife,0,0,0.0,0.0,0.0
2420,Mark lines on cardboard|cardboard+marker+metal ruler,0,0,0.0,0.0,0.0
2421,Mark lines on cardboard|black marker+cardboard+marker+metal ruler+scissors+utility knife,0,0,0.0,0.0,0.0
2422,Mark lines on cardboard|black marker+cardboard+metal ruler+scissors+utility knife,0,0,0.0,0.0,0.0
2423,Mark lines on cardboard|black marker+cardboard+metal ruler,0,0,0.0,0.0,0.0
2424,Mark lines on cardboard|black marker+cardboard+marker+metal ruler+ruler+scissors+tape dispenser+utility knife,0,0,0.0,0.0,0.0
2425,Mark lines on cardboard|cardboard+marker+ruler+scissors+tape dispenser+utility knife,0,0,0.0,0.0,0.0
2426,Mark lines on cardboard|cardboard+marker+ruler,0,0,0.0,0.0,0.0
2427,Pack beads into box|cardboard box+cardboard sheet+colorful beads+table,0,0,0.0,0.0,0.0
2428,Pack beads into box|cardboard box+cardboard sheet+colorful beads,0,0,0.0,0.0,0.0
2429,Move tray towards packing area|cardboard tray+chair+colorful beads+desk+table,0,0,0.0,0.0,0.0
2430,Move tray towards packing area|cardboard tray+colorful beads+table,0,0,0.0,0.0,0.0
2431,Sort beads|cardboard tray+colorful beads,0,0,0.0,0.0,0.0
2432,Sort beads by color|beads+colorful beads+smartphone+table,0,0,0.0,0.0,0.0
2433,Sort beads by color|beads+smartphone,0,0,0.0,0.0,0.0
2434,Sort beads|colorful beads+smartphone,0,0,0.0,0.0,0.0
2435,Sort beads|beads+charging cable+phone,0,0,0.0,0.0,0.0
2436,Sort beads|mixed-color beads+sorting piles+table,0,0,0.0,0.0,0.0
2437,Sort beads by color|colorful beads+phone+table,0,0,0.0,0.0,0.0
2438,Cut light green fabric|case+light green fabric+pen+power bank+ruler+scissors+water bottle,0,0,0.0,0.0,0.0
2439,Mark fabric with pen|case+fabric+pen+ruler+scissors+water bottle,0,0,0.0,0.0,0.0
2440,Mark fabric|black case+black marker+green fabric+metal ruler+scissors+water bottle,0,0,0.0,0.0,0.0
2441,Mark fabric with pen and ruler|black case+fabric+fabric case+green fabric+pen+ruler+scissors+water bottle,0,0,0.0,0.0,0.0
2442,Mark fabric with pen and ruler|fabric+fabric case+pen+ruler+scissors,0,0,0.0,0.0,0.0
2443,Cut cardboard piece|cardboard piece+pile of cardboard pieces+ruler+scissors+smartphone,0,0,0.0,0.0,0.0
2444,Cut cardboard piece|cardboard piece+pen+phone+pile of cardboard pieces+ruler+scissors+smartphone+table,0,1,0.0,0.0,0.0
2445,Cut cardboard piece|cardboard piece+pen+phone+scissors+table,0,0,0.0,0.0,0.0
2446,Cut cardboard piece|cardboard piece+cardboard pieces+metal ruler+pen+phone+scissors+smartphone+table,0,0,0.0,0.0,0.0
2447,Cut cardboard piece|cardboard pieces+metal ruler+scissors+smartphone,0,0,0.0,0.0,0.0
2448,Cut cardboard piece|cardboard pieces+scissors,0,0,0.0,0.0,0.0
2449,Cut cardboard piece|cardboard+earbuds case+pen+phone+ruler+scissors,0,0,0.0,0.0,0.0
2450,Cut cardboard|box cutter+cardboard+desk+earbuds case+pen+phone+scissors+smartphone,0,0,0.0,0.0,0.0
2451,Cut cardboard|cardboard+earbuds case+pen+scissors+smartphone,0,0,0.0,0.0,0.0
2452,Cut cardboard|cardboard+cardboard pieces+earbuds case+large cardboard sheet+pen+ruler+scissors+smartphone+utility knife,0,1,0.0,0.0,0.0
2453,Cut cardboard|cardboard pieces+large cardboard sheet+ruler+scissors+smartphone+utility knife,0,0,0.0,0.0,0.0
2454,Cut cardboard|cardboard+cardboard pieces+cutting mat+large cardboard sheet+metal ruler+pen+power bank+ruler+scissors+smartphone+utility knife,0,0,0.0,0.0,0.0
2455,Cut cardboard|cardboard+cutting mat+metal ruler+pen+power bank+scissors+smartphone+utility knife,0,0,0.0,0.0,0.0
2456,Pick up electronic accessory from box|cardboard box+electronic accessories+electronic accessory,0,1,0.0,0.0,0.0
2457,Pick up electronic accessory from box|cardboard box+electronic accessory,0,1,0.0,0.0,0.0
2458,Pick up accessory|cardboard box+electronic accessories+electronic accessory box,0,1,0.0,0.0,0.0
2459,Pick up accessory|cardboard box+electronic accessories+electronic accessory,0,0,0.0,0.0,0.0
2460,Pick up accessory|cardboard box+electronic accessory,0,0,0.0,0.0,0.0
2461,Reach towards shelf|cardboard box+electronic accessory,0,1,0.0,0.0,0.0
2462,Place accessory on shelf|cardboard box+electronic accessory+retail shelf,0,8,0.0,0.0,0.0
2463,Place accessory on shelf|electronic accessory+retail shelf,0,0,0.0,0.0,0.0
2464,Reach for next product|cardboard box+electronic product box,0,0,0.0,0.0,0.0
2465,Reach for next product|cardboard box+electronic product box+electronic product packages,0,0,0.0,0.0,0.0
2466,Reach for next product|cardboard box+electronic product packages,0,0,0.0,0.0,0.0
2467,Place product on shelf|electronic cable packaging+packaged electronic cable+retail shelf+shelf,0,0,0.0,0.0,0.0
2468,Reach into box|retail shelf+shipping box,0,0,0.0,0.0,0.0
2469,Reach into box|electronic cable packaging+shipping box,0,0,0.0,0.0,0.0
2470,Reach into box|cardboard box+electronic cable packaging+electronic product packages+shipping box,0,0,0.0,0.0,0.0
2471,Place product on shelf|cardboard box+electronic product package+electronic product packages+retail shelf,0,0,0.0,0.0,0.0
2472,Place product on shelf|electronic product package+retail shelf,0,1,0.0,0.0,0.0
2473,Hold product|electronic cable packaging+hand+retail shelf,0,1,0.0,0.0,0.0
2474,Hold product|cardboard box+electronic cable packaging+electronic product+hand+retail shelf,0,0,0.0,0.0,0.0
2475,Move hand back to box|cardboard box+electronic product box+hand+retail shelf,0,1,0.0,0.0,0.0
2476,Move hand back to box|electronic product box+hand+retail shelf,0,1,0.0,0.0,0.0
2477,Pick up electronic product|cardboard box+electronic product,0,7,0.0,0.0,0.0
2478,Pick up item from box|cardboard box+dugro milk powder package+dugro milk powder packages,0,0,0.0,0.0,0.0
2479,Pick up item from box|dugro milk powder package,0,1,0.0,0.0,0.0
2480,Move towards box|box,0,0,0.0,0.0,0.0
2481,Pick up product from box|cardboard box+milk powder package,0,0,0.0,0.0,0.0
2482,Move product towards shelf|milk powder package+shelf,0,0,0.0,0.0,0.0
2483,Place product on shelf|milk powder package+shelf,0,0,0.0,0.0,0.0
2484,Hold snack package|box+cardboard box+green snack package+orange bag+snack package,0,0,0.0,0.0,0.0
2485,Hold snack package|box+snack package,0,0,0.0,0.0,0.0
2486,Place snack package on shelf|shelf+snack package,0,0,0.0,0.0,0.0
2487,Hold snack package|cardboard box+snack package,0,0,0.0,0.0,0.0
2488,Hold snack package|snack package,0,0,0.0,0.0,0.0
2489,Place snack package in box|cardboard box+grocery bag+snack package,0,0,0.0,0.0,0.0
2490,Hold snack package|cardboard box+shopping bag+snack package,0,0,0.0,0.0,0.0
2491,Hold snack packages|snack packages,0,0,0.0,0.0,0.0
2492,Organize snacks in box|shelving unit+shipping carton+snack packages,0,0,0.0,0.0,0.0
2493,Organize snacks in box|cardboard box+shelving unit+shipping carton+snack package+snack packages,0,0,0.0,0.0,0.0
2494,Organize snacks in box|cardboard box+snack package,0,0,0.0,0.0,0.0
2495,Reach for items|plastic containers,0,0,0.0,0.0,0.0
2496,Withdraw hand|clear plastic container+shelf,0,0,0.0,0.0,0.0
2497,Place container on shelf|plastic container+store shelf,0,0,0.0,0.0,0.0
2498,Withdraw hand|plastic container+store shelf+various boxed items,0,0,0.0,0.0,0.0
2499,Withdraw hand|store shelf+various boxed items,0,0,0.0,0.0,0.0
2500,Withdraw hand|shelf+shopping bag,0,0,0.0,0.0,0.0
2501,Adjust item on shelf|alcatel switch box+shelf+shopping bag,0,0,0.0,0.0,0.0
2502,Adjust item on shelf|alcatel switch box+shelf,0,0,0.0,0.0,0.0
2503,Place item in shopping bag|items inside bag+shopping bag+small boxed electronic item,0,0,0.0,0.0,0.0
2504,Move item to bag|hand+mobile phone box,0,0,0.0,0.0,0.0
2505,Prepare to place item in bag|orange shopping bag+shelf+shelf items+shopping bag+small rectangular item,0,0,0.0,0.0,0.0
2506,Prepare to place item in bag|shelf+shopping bag+small rectangular item,0,0,0.0,0.0,0.0
2507,Prepare to place item in bag|shopping bag+small rectangular item,0,0,0.0,0.0,0.0
2508,Pick up item from shelf|items with red caps+orange shopping bag+store shelf,0,0,0.0,0.0,0.0
2509,Pick up item from shelf|hand+items with red caps+orange shopping bag+red-capped item+store shelf,0,0,0.0,0.0,0.0
2510,Place item in shopping bag|hand+orange shopping bag+red-capped item,0,0,0.0,0.0,0.0
2511,Place item in shopping bag|orange shopping bag+red-capped item,0,0,0.0,0.0,0.0
2512,Place item in shopping bag|orange shopping bag+red-capped item+red-capped items,0,0,0.0,0.0,0.0
2513,Organize bag contents|orange shopping bag+red-capped items,0,0,0.0,0.0,0.0
2514,Grasp and retrieve item|electronic product box+product box+shopping bag+store shelf,0,0,0.0,0.0,0.0
2515,Grasp and retrieve item|electronic product box+shopping bag,0,0,0.0,0.0,0.0
2516,Sort star-shaped beads|cardboard box+smartphone+star-shaped beads+table+water bottle,0,0,0.0,0.0,0.0
2517,Sort star-shaped beads|cardboard tray+smartphone+star-shaped beads+table+water bottle,0,0,0.0,0.0,0.0
2518,Sort beads|cardboard box+cardboard tray+smartphone+star-shaped beads+water bottle,0,0,0.0,0.0,0.0
2519,Sort beads|cardboard box+smartphone+star-shaped beads,0,0,0.0,0.0,0.0
2520,Sort beads|cardboard box+smartphone+star-shaped beads+water bottle,0,1,0.0,0.0,0.0
2521,Sort beads by color|cardboard box+smartphone+star-shaped beads+water bottle,0,0,0.0,0.0,0.0
2522,Sort beads on table|cardboard box+instruction paper+smartphone+star-shaped beads+water bottle,0,0,0.0,0.0,0.0
2523,Draw lines on cardboard|cardboard+metal ruler+pen,0,0,0.0,0.0,0.0
2524,Draw lines on cardboard|cardboard+metal ruler+pen+power bank+smartphone,0,0,0.0,0.0,0.0
2525,Draw lines on cardboard|cardboard+metal ruler+pen+smartphone,0,0,0.0,0.0,0.0
2526,Draw lines on cardboard|cardboard+metal ruler+pen+wristwatch,0,0,0.0,0.0,0.0
2527,Draw lines on cardboard|cardboard+metal ruler+pen+phone+power bank+wristwatch,0,0,0.0,0.0,0.0
2528,Draw lines on cardboard|black marker+cardboard+metal ruler+mobile phone+pen+phone+power bank+wristwatch,0,0,0.0,0.0,0.0
2529,Draw lines on cardboard|black marker+cardboard+metal ruler+mobile phone,0,0,0.0,0.0,0.0
2530,Draw lines on cardboard|black marker+cardboard+metal ruler+mobile phone+smartphone,0,0,0.0,0.0,0.0
2531,Draw lines on cardboard|black marker+cardboard+metal ruler+smartphone,0,0,0.0,0.0,0.0
2532,Draw lines on cardboard|black marker+cardboard+metal ruler+smartphones,0,0,0.0,0.0,0.0
2533,Draw lines on cardboard|black marker+cardboard+marker+metal ruler+ruler+smartphones,0,0,0.0,0.0,0.0
2534,Draw lines on cardboard|cardboard+marker+ruler,0,0,0.0,0.0,0.0
2535,Draw straight lines on cardboard|black marker+cardboard+metal ruler+pen+phone+ruler+smartphone,0,0,0.0,0.0,0.0
2536,Draw straight lines on cardboard|cardboard+metal ruler+pen+phone,0,0,0.0,0.0,0.0
2537,Sort origami stars|cardboard tray+desk+origami stars,0,1,0.0,0.0,0.0
2538,Sort origami stars|desk+origami stars,0,0,0.0,0.0,0.0
2539,Sort origami stars|cardboard tray+desk+origami stars+table,0,0,0.0,0.0,0.0
2540,Sort origami stars|cardboard tray+origami stars+table,0,0,0.0,0.0,0.0
2541,Sort origami stars|origami stars+table,0,0,0.0,0.0,0.0
2542,Walk in hallway|bucket+cardboard boxes,0,0,0.0,0.0,0.0
2543,Reach for stars|door+door sign+origami stars,0,0,0.0,0.0,0.0
2544,Cut cardboard|cardboard scraps+cardboard strip+earbud case+earbuds case+scissors+smartphone+table+utility knife,0,0,0.0,0.0,0.0
2545,Cut cardboard|cardboard scraps+cardboard strip+earbuds case+scissors+smartphone,0,0,0.0,0.0,0.0
2546,Cut cardboard|cardboard+cardboard scraps+cardboard strip+earbud case+earbuds case+scissors+smartphone,0,0,0.0,0.0,0.0
2547,Cut cardboard|cardboard+earbud case+scissors+smartphone,0,0,0.0,0.0,0.0
2548,Hold phone|cardboard+cardboard pieces+earbud case+phone+scissors+utility knife+water bottle,0,0,0.0,0.0,0.0
2549,Hold phone|cardboard pieces+earbud case+phone+scissors+utility knife+water bottle,0,0,0.0,0.0,0.0
2550,Cut cardboard pieces with scissors|box cutter+cardboard+cardboard pieces+earbuds case+scissors+smartphone+water bottle,0,0,0.0,0.0,0.0
2551,Cut cardboard pieces with scissors|box cutter+cardboard+scissors+smartphone+water bottle,0,0,0.0,0.0,0.0
2552,Vacuum the carpet|carpet+red carpet+vacuum cleaner+vacuum cleaner nozzle+vacuum hose,0,0,0.0,0.0,0.0
2553,Vacuum the carpet|carpet+vacuum cleaner,0,0,0.0,0.0,0.0
2554,Vacuuming carpet edge|carpet+red carpet+vacuum cleaner+vacuum cleaner head+wall,0,0,0.0,0.0,0.0
2555,Vacuuming carpet edge|red carpet+vacuum cleaner head,0,0,0.0,0.0,0.0
2556,Vacuum edge of carpet|carpet+vacuum cleaner+vacuum wand+wall,0,0,0.0,0.0,0.0
2557,Vacuum edge of carpet|carpet+vacuum wand+wall,0,0,0.0,0.0,0.0
2558,Vacuuming the carpet edge|carpet+vacuum cleaner head+vacuum cleaner unit+wall,0,0,0.0,0.0,0.0
2559,Vacuuming the carpet edge|carpet+vacuum cleaner head,0,0,0.0,0.0,0.0
2560,Vacuuming along the wall edge|carpet+vacuum nozzle+vacuum wand+wall,0,0,0.0,0.0,0.0
2561,Vacuuming along the wall edge|carpet+vacuum wand+wall,0,0,0.0,0.0,0.0
2562,Fold paper strip|origami stars+origami stars pile+pen+yellow paper strip,0,0,0.0,0.0,0.0
2563,Fold paper strip|origami stars pile+pen+yellow paper strip,0,1,0.0,0.0,0.0
2564,Fold paper strip|yellow paper strip,0,1,0.0,0.0,0.0
2565,Fold paper strip|origami stars piles+pen+yellow paper strip,0,0,0.0,0.0,0.0
2566,Fold paper strip|origami star+origami stars piles+paper strip+pen+tweezers+yellow paper strip,0,0,0.0,0.0,0.0
2567,Fold paper strip|origami star+paper strip+pen+tweezers,0,0,0.0,0.0,0.0
2568,Fold paper strip|pen+star piles+table+yellow paper strip,0,0,0.0,0.0,0.0
2569,Fold paper strip|table+yellow paper strip,0,0,0.0,0.0,0.0
2570,Fold paper strip|pile of finished origami stars+table+yellow paper strip,0,0,0.0,0.0,0.0
2571,Fold paper strip|pile of finished origami stars+yellow paper strip,0,0,0.0,0.0,0.0
2572,Fold paper strip|paper strip+person+pile of finished origami stars+table+yellow paper strip,0,0,0.0,0.0,0.0
2573,Arrange Mahjong tiles|mahjong tiles+mobile phone+power bank+smartphone+table+vr headset,0,0,0.0,0.0,0.0
2574,Arrange Mahjong tiles|mahjong tiles+mobile phone+table+vr headset,0,0,0.0,0.0,0.0
2575,Adjust Mahjong tiles|mahjong tiles+red box+red mahjong tile case+table,0,0,0.0,0.0,0.0
2576,Adjust Mahjong tiles|mahjong tiles+red box+smartphone+table+vr headset,0,0,0.0,0.0,0.0
2577,Adjust Mahjong tiles|mahjong tiles+smartphone+vr headset,0,0,0.0,0.0,0.0
2578,Adjust Mahjong tiles|mahjong tiles+smartphone+table+vr headset,0,0,0.0,0.0,0.0
2579,Adjust Mahjong tiles|mahjong tiles+table+vr headset,0,0,0.0,0.0,0.0
2580,Rearrange Mahjong tiles|hand+mahjong tiles+red mahjong case,0,0,0.0,0.0,0.0
2581,Cut cardboard|cardboard+phone+portable charger+ruler+scissors+table,0,0,0.0,0.0,0.0
2582,Cut cardboard|cardboard+scissors+table,0,0,0.0,0.0,0.0
2583,Cut cardboard|cardboard+cardboard squares pile+scissors+trash can,0,0,0.0,0.0,0.0
2584,Cut cardboard|cardboard+cardboard squares pile+scissors,0,0,0.0,0.0,0.0
2585,Cut cardboard|cardboard+phone+power bank+ruler+scissors+table,0,0,0.0,0.0,0.0
2586,Cut cardboard square|cardboard+cardboard sheet+cardboard squares+power bank+ruler+scissors,0,0,0.0,0.0,0.0
2587,Cut cardboard square|cardboard sheet+cardboard squares+power bank+ruler+scissors,0,0,0.0,0.0,0.0
2588,Trim cardboard piece|cardboard piece+scissors,0,0,0.0,0.0,0.0
2589,Trim cardboard piece|cardboard base+cardboard piece+scissors,0,0,0.0,0.0,0.0
2590,Trim cardboard piece|cardboard base+cardboard piece+cardboard squares+power adapter+ruler+scissors,0,0,0.0,0.0,0.0
2591,Trim cardboard piece|cardboard piece+cardboard squares+power adapter+ruler+scissors,0,0,0.0,0.0,0.0
2592,Pick up food item|cardboard box+food item+food items,0,0,0.0,0.0,0.0
2593,Move towards shelf|cardboard box+food item+store shelving,0,0,0.0,0.0,0.0
2594,Walk towards aisle|aisle floor+cereal boxes+shelves,0,0,0.0,0.0,0.0
2595,Pick up cereal boxes|cereal boxes,0,0,0.0,0.0,0.0
2596,Pick up container from box|blue plastic container,0,0,0.0,0.0,0.0
2597,Hold container|blue plastic container+cardboard box+plastic container,0,0,0.0,0.0,0.0
2598,Hold container|plastic container,0,0,0.0,0.0,0.0
2599,Move towards shelf|mac and cheese package+shelving unit,0,0,0.0,0.0,0.0
2600,Move towards shelf|shelving unit,0,0,0.0,0.0,0.0
2601,Wipe down shelf|cleaning cloth+grocery shelf,0,0,0.0,0.0,0.0
2602,Wipe down shelf|cleaning cloth+shelf,0,0,0.0,0.0,0.0
2603,Move cardboard box|cardboard box+shelf+snack bags,0,0,0.0,0.0,0.0
2604,Retrieve snack from container|container+snack container+snack packet+snack packets,0,0,0.0,0.0,0.0
2605,Retrieve snack from container|snack container+snack packets,0,19,0.0,0.0,0.0
2606,Place snack on shelf|retail shelf+snack packet,0,2,0.0,0.0,0.0
2607,Pick up gift box|storage bin+white gift box,0,3,0.0,0.0,0.0
2608,Pick up gift box|gift box+retail shelf,0,0,0.0,0.0,0.0
2609,Pick up gift box|gift box+plastic bin+retail shelf,0,0,0.0,0.0,0.0
2610,Place gift box into bin|gift box+plastic bin,0,0,0.0,0.0,0.0
2611,Pick up gift box|plastic bin+white gift boxes,0,0,0.0,0.0,0.0
2612,Pick up gift box|plastic bin+white gift box+white gift boxes,0,0,0.0,0.0,0.0
2613,Place snack pouch in container|plastic container+shelf+snack pouch,0,1,0.0,0.0,0.0
2614,Reach for snack pouch|container+shelf+snack pouch,0,0,0.0,0.0,0.0
2615,Remove plastic container from storage box|clear plastic container+shelf+white storage box,0,0,0.0,0.0,0.0
2616,Place container on shelf|clear plastic container+shelf,0,0,0.0,0.0,0.0
2617,Place container on shelf|clear plastic container+plastic containers+shelf,0,0,0.0,0.0,0.0
2618,Cut newspaper|handbag+newspaper+power bank+scissors+table,0,0,0.0,0.0,0.0
2619,Cut newspaper|handbag+hard drive+newspaper+power bank+scissors+table,0,0,0.0,0.0,0.0
2620,Cut newspaper|handbag+hard drive+newspaper+scissors,0,0,0.0,0.0,0.0
2621,Adjust Mahjong tile alignment|mahjong tiles+mobile phone+red box+smartphone+yellow box,0,0,0.0,0.0,0.0
2622,Adjust Mahjong tile alignment|mahjong tiles+mobile phone+red box+yellow box,0,0,0.0,0.0,0.0
2623,Adjust Mahjong tile alignment|mahjong tiles+mobile phone+red box+red case+yellow box,0,0,0.0,0.0,0.0
2624,Adjust Mahjong tile alignment|mahjong tiles+mobile phone+red case+yellow box,0,0,0.0,0.0,0.0
2625,Adjust Mahjong tile on the stack|hand+mahjong tiles+table+tile stack,0,0,0.0,0.0,0.0
2626,Adjust Mahjong tile on the stack|mahjong tiles+tile stack,0,0,0.0,0.0,0.0
2627,Arrange Mahjong tiles|mahjong tiles+phone+table,0,0,0.0,0.0,0.0
2628,Arrange Mahjong tiles|mahjong tiles+phone+red mahjong case+table+yellow storage box,0,0,0.0,0.0,0.0
2629,Arrange Mahjong tiles|mahjong tiles+red mahjong case+table+yellow storage box,0,0,0.0,0.0,0.0
2630,Rearrange Mahjong tiles|mahjong tiles+table,0,0,0.0,0.0,0.0
2631,Rearrange Mahjong tiles|box+mahjong tiles+orange tokens+phone+table,0,2,0.0,0.0,0.0
2632,Draw line on cardboard|cardboard+marker+metal ruler,0,0,0.0,0.0,0.0
2633,Mark cardboard with pen|cardboard+chair+metal ruler+pen+red scissors+red utility knife,0,0,0.0,0.0,0.0
2634,Hold ruler and mark cardboard|cardboard+metal ruler+pen+scissors+utility knife+water bottle,0,0,0.0,0.0,0.0
2635,Draw line on cardboard|cardboard+charging case+pen+ruler+scissors+utility knife,0,0,0.0,0.0,0.0
2636,Hold ruler and draw line|cardboard+metal ruler+pen+smartphone+water bottle,0,0,0.0,0.0,0.0
2637,Fold paper strip|box+paper strip+phone+purple paper strip+table,0,0,0.0,0.0,0.0
2638,Fold paper strip|paper storage box+phone+purple paper strip,0,0,0.0,0.0,0.0
2639,Fold paper strip|phone+purple paper strip,0,0,0.0,0.0,0.0
2640,Fold paper strip|mobile phone+phone+purple paper strip+table,0,0,0.0,0.0,0.0
2641,Fold paper strip|mobile phone+purple paper strip+table,0,0,0.0,0.0,0.0
2642,Manipulate paper strip|paper clips+paper quilling strips+purple folder+purple paper strip+smartphone+sticky note cube,0,0,0.0,0.0,0.0
2643,Manipulate paper strip|paper quilling strips+purple paper strip+smartphone+sticky note cube,0,0,0.0,0.0,0.0
2644,Fold paper strip|paper craft materials+purple paper strip+smartphone+table,0,0,0.0,0.0,0.0
2645,Fold paper strip|purple paper strip+smartphone+table,0,0,0.0,0.0,0.0
2646,Fold paper strip|paper strip+post-it notes+purple paper strip+smartphone+table,0,0,0.0,0.0,0.0
2647,Fold paper strip|paper strip+post-it notes+smartphone+table,0,0,0.0,0.0,0.0
2648,Fold paper strip|paper strip+smartphone,0,0,0.0,0.0,0.0
2649,Fold paper strip|craft supplies+paper strip+purple paper strip+smartphone,0,0,0.0,0.0,0.0
2650,Fold paper strip|craft supplies+purple paper strip+smartphone,0,0,0.0,0.0,0.0
2651,Fold paper strip|purple paper strip+smartphone,0,0,0.0,0.0,0.0
2652,Mark cardboard with pen|cardboard+metal ruler+pen+ruler+scissors+watch,0,0,0.0,0.0,0.0
2653,Mark cardboard with pen|cardboard+metal ruler+pen+scissors,0,0,0.0,0.0,0.0
2654,Measure and mark cardboard|black marker+cardboard+metal ruler+scissors,0,0,0.0,0.0,0.0
2655,Cut cardboard|cardboard base sheet+cardboard tube piece+scissors,0,0,0.0,0.0,0.0
2656,Cut cardboard strip with scissors|box cutter+cardboard+cardboard sheet+cardboard strip+jigsaw puzzle box+marker+scissors,0,0,0.0,0.0,0.0
2657,Cut cardboard strip with scissors|box cutter+cardboard+jigsaw puzzle box+marker+scissors,0,0,0.0,0.0,0.0
2658,Cut cardboard with scissors|cardboard+cardboard piece+cardboard sheet+marker+puzzle box+ruler+scissors+utility knife,0,0,0.0,0.0,0.0
2659,Cut cardboard with scissors|cardboard piece+cardboard sheet+marker+scissors,0,0,0.0,0.0,0.0
2660,Draw line on cardboard|blue marker+blue pen+cardboard+metal ruler,0,0,0.0,0.0,0.0
2661,Draw line on cardboard|blue marker+cardboard+metal ruler,0,0,0.0,0.0,0.0
2662,Mark cardboard with pen|cardboard+metal ruler+pen+ruler,0,2,0.0,0.0,0.0
2663,Mark cardboard with pen|cardboard+metal ruler+pen,0,0,0.0,0.0,0.0
2664,Type on smartphone|backpack+puzzle pieces+smartphone+striped bag,0,0,0.0,0.0,0.0
2665,Type on smartphone|puzzle pieces+smartphone+striped bag,0,0,0.0,0.0,0.0
2666,Type on smartphone|bag+puzzle pieces+smartphone+striped bag,0,0,0.0,0.0,0.0
2667,Scroll through photo gallery|bag+blue tote bag+documents+papers+puzzle+smartphone+starry night puzzle,0,0,0.0,0.0,0.0
2668,Scroll through photo gallery|blue tote bag+documents+smartphone+starry night puzzle,0,0,0.0,0.0,0.0
2669,Scroll through photo gallery|blue tote bag+documents+papers+smartphone+starry night puzzle+starry night puzzle mat,0,0,0.0,0.0,0.0
2670,Scroll through photo gallery|blue tote bag+papers+smartphone+starry night puzzle mat,0,0,0.0,0.0,0.0
2671,Typing message on smartphone|blue bag+blue tote bag+paper documents+papers+puzzle pieces+smartphone+starry night mousepad+usb cable,0,0,0.0,0.0,0.0
2672,Typing message on smartphone|blue tote bag+paper documents+puzzle pieces+smartphone+usb cable,0,0,0.0,0.0,0.0
2673,Pick up smartphone|cardboard+pen+ruler+smartphone,0,0,0.0,0.0,0.0
2674,Draw line with pen|black pen+cardboard+metal ruler+pen+power bank+ruler+smartphone,0,0,0.0,0.0,0.0
2675,Draw line with pen|black pen+cardboard+metal ruler+smartphone,0,0,0.0,0.0,0.0
2676,Reposition ruler|cardboard+metal ruler+pen+scissors+smartphone,0,0,0.0,0.0,0.0
2677,Prepare to draw lines|black pen+cardboard+marker+metal ruler+phone+power bank+smartphone,0,0,0.0,0.0,0.0
2678,Prepare to draw lines|black pen+cardboard+metal ruler+phone+power bank,0,0,0.0,0.0,0.0
2679,Draw line on cardboard|black pen+cardboard+cardboard scrap+metal ruler+pen+power adapter+ruler+smartphone,0,0,0.0,0.0,0.0
2680,Draw line on cardboard|cardboard+cardboard scrap+pen+power adapter+ruler+smartphone,0,0,0.0,0.0,0.0
2681,Mark lines on cardboard|black marker+cardboard+marker+metal ruler+ruler+smartphone,0,0,0.0,0.0,0.0
2682,Mark lines on cardboard|black marker+cardboard+metal ruler+smartphone,0,0,0.0,0.0,0.0
2683,Draw line on cardboard|black marker+cardboard+metal ruler+red ruler+scissors+smartphone,0,0,0.0,0.0,0.0
2684,Assemble cardboard pieces|cardboard pieces+pen+ruler+scissors,0,0,0.0,0.0,0.0
2685,Assemble cardboard pieces|cardboard pieces+pen+ruler+scissors+smartphone+utility knife+water bottle,0,0,0.0,0.0,0.0
2686,Assemble cardboard pieces|cardboard pieces+pen+ruler+scissors+smartphone+utility knife,0,0,0.0,0.0,0.0
2687,Mark cardboard piece|cardboard piece+cardboard piece stack+cardboard sheet+pen+ruler+scissors+utility knife,0,0,0.0,0.0,0.0
2688,Mark cardboard piece|cardboard piece stack+cardboard sheet+pen+ruler+scissors+utility knife,0,0,0.0,0.0,0.0
2689,Arrange cardboard piece|cardboard sheet+pen+red marker+ruler+scissors+utility knife,0,0,0.0,0.0,0.0
2690,Arrange cardboard piece|cardboard sheet+red marker+scissors+utility knife,0,1,0.0,0.0,0.0
2691,Cut cardboard|cardboard+pen+red marker+ruler+scissors+utility knife,0,0,0.0,0.0,0.0
2692,Place canned good on shelf|can of food+canned good+shelf+supermarket shelf,0,0,0.0,0.0,0.0
2693,Place canned good on shelf|canned good+shelf,0,0,0.0,0.0,0.0
2694,Place canned food in container|canned food+cardboard container+cardboard tray+plastic container+shelf,0,0,0.0,0.0,0.0
2695,Place canned food in container|canned food+cardboard tray+plastic container+shelf,0,0,0.0,0.0,0.0
2696,Place canned food in container|canned food+cardboard tray+plastic container,0,0,0.0,0.0,0.0
2697,Place canned food in container|canned food+plastic container,0,0,0.0,0.0,0.0
2698,Place canned food in container|canned food+plastic container+small can of sardines+store shelf,0,0,0.0,0.0,0.0
2699,Place canned food in container|plastic container+small can of sardines+store shelf,0,0,0.0,0.0,0.0
2700,Adjusting canned goods on shelf|canned food items+canned goods+shelf,0,0,0.0,0.0,0.0
2701,Adjusting canned goods on shelf|canned goods+shelf,0,0,0.0,0.0,0.0
2702,Place canned food on shelf|canned food+shelf+store shelf,0,0,0.0,0.0,0.0
2703,Wipe the plastic jar|cloth+plastic jar,0,81,0.0,0.0,0.0
2704,Wipe the plastic jar|cloth+plastic jar+wiping cloth,0,0,0.0,0.0,0.0
2705,Wipe the plastic jar|plastic jar+wiping cloth,0,0,0.0,0.0,0.0
2706,Wipe the plastic jar|plastic jar+shelf+wiping cloth,0,0,0.0,0.0,0.0
2707,Wipe the plastic jar|cloth+plastic jar+shelf+wiping cloth,0,0,0.0,0.0,0.0
2708,Wipe the plastic jar|beige cloth+cloth+plastic jar,0,0,0.0,0.0,0.0
2709,Wipe the plastic jar|beige cloth+plastic jar,0,0,0.0,0.0,0.0
2710,Wipe the plastic jar|beige cloth+cleaning cloth+plastic jar,0,0,0.0,0.0,0.0
2711,Wipe the plastic jar|cleaning cloth+plastic jar,0,0,0.0,0.0,0.0
2712,Wipe the plastic jar|cleaning cloth+cloth+plastic jar,0,0,0.0,0.0,0.0
2713,Labeling cardboard squares|black marker+cardboard square+marker+ruler+smartphone+utility knife,0,0,0.0,0.0,0.0
2714,Labeling cardboard squares|cardboard square+marker+ruler+smartphone,0,0,0.0,0.0,0.0
2715,Moving cardboard square|cardboard stack+marker+ruler+smartphone,0,0,0.0,0.0,0.0
2716,Labeling cardboard piece|cardboard piece+marker+ruler+smartphone,0,0,0.0,0.0,0.0
2717,Marking cardboard with pen|cardboard sheet+marker+metal ruler,0,0,0.0,0.0,0.0
2718,Place cardboard piece on stack|cardboard piece+mobile phone+phone+ruler+small rectangular cardboard piece+stack of cardboard+stack of cardboard pieces,0,0,0.0,0.0,0.0
2719,Place cardboard piece on stack|cardboard piece+phone+ruler+stack of cardboard,0,0,0.0,0.0,0.0
2720,Sort orange buttons|orange buttons+power bank+smartphone,0,0,0.0,0.0,0.0
2721,Sort orange buttons|hand+mobile phone+orange buttons+power bank+smartphone,0,0,0.0,0.0,0.0
2722,Sort orange buttons|hand+mobile phone+orange buttons+power bank,0,4,0.0,0.0,0.0
2723,Sort orange buttons|hand+orange buttons,0,9,0.0,0.0,0.0
2724,Move orange buttons|chair+green tube+orange buttons+power bank+smartphone+table,0,13,0.0,0.0,0.0
2725,Move orange buttons|chair+orange buttons+power bank+smartphone+table,0,1,0.0,0.0,0.0
2726,Move orange buttons|orange buttons+power bank+smartphone+table,0,0,0.0,0.0,0.0
2727,Arrange orange buttons|hand+orange buttons+table,0,0,0.0,0.0,0.0
2728,Arrange orange buttons|hand+orange buttons,0,0,0.0,0.0,0.0
2729,Fold paper strip|hands+paper strip+purple paper strip,0,0,0.0,0.0,0.0
2730,Fold paper strip|hands+paper strip,0,0,0.0,0.0,0.0
2731,Fold paper strip|paper star pile+purple paper strip+stapler+water bottle,0,0,0.0,0.0,0.0
2732,Fold paper strip|origami star pile+paper star pile+purple paper strip+stapler+table+water bottle,0,0,0.0,0.0,0.0
2733,Fold paper strip|origami star pile+purple paper strip+table,0,0,0.0,0.0,0.0
2734,Fold paper strip|purple paper strip+table,0,0,0.0,0.0,0.0
2735,Fold paper strip|paper stars pile+pen holder+purple paper strip+smartphone+table,0,0,0.0,0.0,0.0
2736,Fold paper strip|paper stars pile+pen holder+purple paper strip+smartphone,0,0,0.0,0.0,0.0
2737,Fold paper strip|origami star+paper stars pile+pen holder+purple paper strip+smartphone+table,0,0,0.0,0.0,0.0
2738,Fold paper strip|origami star+pen holder+purple paper strip+table,0,0,0.0,0.0,0.0
2739,Fold paper strip|origami star+purple paper strip,0,2,0.0,0.0,0.0
2740,Fold paper strip|origami star+origami star pile+paper strip+pen holder+purple paper strip+table,0,0,0.0,0.0,0.0
2741,Fold paper strip|origami star pile+paper strip+pen holder+table,0,0,0.0,0.0,0.0
2742,Cut cardboard shape|cardboard+cardboard strip+pens+ruler+scissors+smartphone+water bottle,0,0,0.0,0.0,0.0
2743,Cut cardboard shape|cardboard+pens+ruler+scissors+smartphone+water bottle,0,2,0.0,0.0,0.0
2744,Cut cardboard shape|cardboard+pen+pens+ruler+scissors+smartphone+water bottle,0,0,0.0,0.0,0.0
2745,Cut cardboard shape|cardboard+pen+ruler+scissors+smartphone+water bottle,0,0,0.0,0.0,0.0
2746,Cut cardboard shape|cardboard+cardboard sheet+pen+pens+ruler+scissors+smartphone+water bottle,0,0,0.0,0.0,0.0
2747,Cut cardboard shape|cardboard sheet+pens+ruler+scissors+smartphone+water bottle,0,18,0.0,0.0,0.0
2748,Cut cardboard shape|cardboard+cardboard sheet+pens+ruler+scissors+smartphone+water bottle,0,0,0.0,0.0,0.0
2749,Drawing grid line with ruler|cardboard+metal ruler+pen+ruler+small hexagon pieces+smartphone,0,0,0.0,0.0,0.0
2750,Drawing grid line with ruler|cardboard+pen+ruler+small hexagon pieces,0,0,0.0,0.0,0.0
2751,Drawing grid line with ruler|cardboard+pen+ruler,0,0,0.0,0.0,0.0
2752,Draw grid line with pen|cardboard+hexagonal cardboard pieces+metal ruler+pen+ruler+smartphone,0,0,0.0,0.0,0.0
2753,Draw grid line with pen|cardboard+metal ruler+pen+smartphone,0,0,0.0,0.0,0.0
2754,Draw grid line with pen|cardboard+metal ruler+pen+ruler+small cardboard pieces+smartphone,0,0,0.0,0.0,0.0
2755,Draw grid line with pen|cardboard+pen+ruler+small cardboard pieces,0,0,0.0,0.0,0.0
2756,Draw grid line with pen|cardboard+metal ruler+pen+small cardboard pieces,0,0,0.0,0.0,0.0
2757,Draw grid line|cardboard+marker+pen+phone+ruler,0,0,0.0,0.0,0.0
2758,Draw grid line|cardboard+marker+phone+ruler,0,0,0.0,0.0,0.0
2759,Draw grid line|cardboard+marker+phone+ruler+watch,0,0,0.0,0.0,0.0
2760,Draw grid line|cardboard+marker+ruler+watch,0,0,0.0,0.0,0.0
2761,Drawing grid line|cardboard+marker+mobile phone+pen+phone+power bank+ruler+small cardboard pieces+small cardboard shapes,0,0,0.0,0.0,0.0
2762,Drawing grid line|cardboard+marker+phone+power bank+ruler+small cardboard pieces,0,0,0.0,0.0,0.0
2763,Type on smartphone|backpack+folded paper stars+paper stars+paper strips+smartphone,0,0,0.0,0.0,0.0
2764,Type on smartphone|backpack+folded paper stars+paper strips+smartphone,0,0,0.0,0.0,0.0
2765,Fold paper strip|blue paper strip+paper stars+paper strip+phone+power bank+smartphone+star pile,0,0,0.0,0.0,0.0
2766,Fold paper strip|paper strip+phone+power bank+star pile,0,0,0.0,0.0,0.0
2767,Fold paper strip|paper stars+paper strip+phone+power bank+smartphone+star pile,0,0,0.0,0.0,0.0
2768,Fold paper strip|paper stars+paper strip+smartphone,0,0,0.0,0.0,0.0
2769,Type on smartphone|paper stars+paper strip+smartphone,0,0,0.0,0.0,0.0
2770,Type on smartphone|backpack+paper stars+paper strip+paper strips+smartphone,0,0,0.0,0.0,0.0
2771,Type on smartphone|backpack+paper stars+paper strips+smartphone,0,0,0.0,0.0,0.0
2772,Fold paper strip|backpack+paper strip+phone+power bank,0,0,0.0,0.0,0.0
2773,Manipulate paper star|backpack+paper star+paper strips+phone+power bank+smartphone,0,1,0.0,0.0,0.0
2774,Manipulate paper star|paper star+paper strips+phone+power bank,0,0,0.0,0.0,0.0
2775,Use phone|backpack+paper stars+paper strips+phone+plush toy+smartphone,0,0,0.0,0.0,0.0
2776,Use phone|backpack+paper stars+paper strips+smartphone,0,0,0.0,0.0,0.0
2777,Manipulate paper strip|backpack+paper stars+paper strip+power bank+smartphone,0,0,0.0,0.0,0.0
2778,Sort beads by color|container+hands+star-shaped beads+table+water bottle,0,0,0.0,0.0,0.0
2779,Sort beads by color|container+star-shaped beads+table+water bottle,0,0,0.0,0.0,0.0
2780,Sort beads by color|bead storage box+star-shaped beads+table,0,9,0.0,0.0,0.0
2781,Sort beads by color|bead storage box+blue star-shaped beads+light blue star-shaped beads+purple star-shaped beads+star-shaped beads+storage bin+table+yellow star-shaped beads,0,0,0.0,0.0,0.0
2782,Sort beads by color|blue star-shaped beads+light blue star-shaped beads+purple star-shaped beads+storage bin+table+yellow star-shaped beads,0,0,0.0,0.0,0.0
2783,Sort beads|paper+pen+star-shaped beads+storage container+water bottle,0,0,0.0,0.0,0.0
2784,Sort beads|container+paper+pen+star-shaped beads+storage container+water bottle,0,1,0.0,0.0,0.0
2785,Sort beads|container+star-shaped beads+water bottle,0,0,0.0,0.0,0.0
2786,Sort beads|bead containers+container+star-shaped beads+table+water bottle,0,1,0.0,0.0,0.0
2787,Sort beads|bead containers+star-shaped beads+table,0,0,0.0,0.0,0.0
2788,Sort beads by hand|bead containers+hands+star-shaped beads+table+water bottle,0,0,0.0,0.0,0.0
2789,Sort beads by hand|star-shaped beads+table+water bottle,0,2,0.0,0.0,0.0
2790,Place can on shelf|canned food+shelf,0,0,0.0,0.0,0.0
2791,Place can on shelf|canned food+canned goods+plastic bin+shelf+supermarket shelf,0,0,0.0,0.0,0.0
2792,Place can on shelf|canned goods+plastic bin+supermarket shelf,0,0,0.0,0.0,0.0
2793,Place can on shelf|canned good+canned goods+plastic bin+supermarket shelf,0,0,0.0,0.0,0.0
2794,Place can on shelf|canned good,0,0,0.0,0.0,0.0
2795,Place can on shelf|canned good+supermarket shelf,0,0,0.0,0.0,0.0
2796,Place can on shelf|canned good+canned goods+hand+plastic bin+shelf+supermarket shelf,0,0,0.0,0.0,0.0
2797,Place can on shelf|canned goods+hand+shelf,0,0,0.0,0.0,0.0
2798,Place can on shelf|canned good+canned goods+hand+shelf+storage bin,0,0,0.0,0.0,0.0
2799,Place can on shelf|canned good+storage bin,0,0,0.0,0.0,0.0
2800,Place can on shelf|canned good+storage bin+store shelf,0,0,0.0,0.0,0.0
2801,Place can on shelf|canned good+store shelf,0,0,0.0,0.0,0.0
2802,Place can on shelf|canned good+chicken broth can+shelf+store shelf,0,0,0.0,0.0,0.0
2803,Place can on shelf|chicken broth can+shelf,0,0,0.0,0.0,0.0
2804,Place can on shelf|chicken broth can,0,0,0.0,0.0,0.0
2805,Hold tray of canned goods|canned goods+cardboard box+person+plastic tray+store shelf+tray,0,0,0.0,0.0,0.0
2806,Hold tray of canned goods|canned goods+cardboard box+plastic tray+store shelf,0,0,0.0,0.0,0.0
2807,Sort canned goods in tray|canned goods+plastic tray+store shelf+tray,0,0,0.0,0.0,0.0
2808,Sort canned goods in tray|canned goods+store shelf+tray,0,0,0.0,0.0,0.0
2809,Align canned goods on shelf|canned goods+shelf+store shelf,0,0,0.0,0.0,0.0
2810,Align canned goods on shelf|canned goods+store shelf,0,0,0.0,0.0,0.0
2811,Wipe retail item|orange cloth+packaged retail items+retail item+shelf,0,0,0.0,0.0,0.0
2812,Wipe retail item|orange cloth+retail item+shelf,0,0,0.0,0.0,0.0
2813,Wipe retail item|cleaning cloth+orange cloth+retail item+retail shelf+shelf,0,0,0.0,0.0,0.0
2814,Wipe retail item|cleaning cloth+retail item+retail shelf,0,0,0.0,0.0,0.0
2815,Adjust retail items on shelf|display rack+retail items+shelf display hook,0,0,0.0,0.0,0.0
2816,Adjust retail items on shelf|display rack+retail items,0,0,0.0,0.0,0.0
2817,Align and place retail item|display shelf+retail item package+retail items+shelf,0,0,0.0,0.0,0.0
2818,Align and place retail item|retail items+shelf,0,0,0.0,0.0,0.0
2819,Align and place retail item|box+retail item+retail items+shelf,0,0,0.0,0.0,0.0
2820,Align and place retail item|box+retail item,0,2,0.0,0.0,0.0
2821,Align and place retail item|box+retail item+shelf,0,0,0.0,0.0,0.0
2822,Arrange items on shelf|colorful strip packs+retail items+shelf,0,0,0.0,0.0,0.0
2823,Arrange items on shelf|colorful strip packs+shelf,0,0,0.0,0.0,0.0
2824,Adjust item on shelf|colorful strip pack+retail item+shelf,0,0,0.0,0.0,0.0
2825,Adjust item on shelf|retail item+shelf,0,0,0.0,0.0,0.0
2826,Sort paper stars|desk+hands+paper stars+table,0,0,0.0,0.0,0.0
2827,Sort paper stars|hands+paper stars+table,0,0,0.0,0.0,0.0
2828,Sort paper star|container+paper star+pile of paper stars+table,0,0,0.0,0.0,0.0
2829,Sort paper star|container+paper star+pile of paper stars,0,0,0.0,0.0,0.0
2830,Sort paper star|container+paper star+paper star pile+pile of paper stars+table,0,0,0.0,0.0,0.0
2831,Sort paper star|paper star+paper star pile+table,0,0,0.0,0.0,0.0
2832,Sort paper star|paper star+paper star pile+sorted paper stars+table,0,0,0.0,0.0,0.0
2833,Sort paper star|paper star+paper star pile+pile of paper stars+sorted paper stars+sorting area+table,0,0,0.0,0.0,0.0
2834,Sort paper star|pile of paper stars+sorting area+table,0,0,0.0,0.0,0.0
2835,Sort paper stars|paper stars+phone+table,0,0,0.0,0.0,0.0
2836,Sort paper stars|paper stars+table,0,0,0.0,0.0,0.0
2837,Manipulate paper star|container+hands+paper star+paper stars+pile of paper stars+smartphone+table+yellow container,0,0,0.0,0.0,0.0
2838,Manipulate paper star|container+hands+paper stars+table,0,0,0.0,0.0,0.0
2839,Record star count|label printer+origami paper stars+origami stars+paper sheet+pen+portable label printer+recording sheet+smartphone,0,0,0.0,0.0,0.0
2840,Hold pen and paper|blue pen+list paper+paper+paper stars+pen+portable printer+smartphone,0,0,0.0,0.0,0.0
2841,Hold pen and paper|blue pen+paper+portable printer+smartphone,0,0,0.0,0.0,0.0
2842,Place paper star in row|paper+paper sheet+paper star+pen+smartphone+star collection+stationery box+water bottle,0,0,0.0,0.0,0.0
2843,Place paper star in row|paper sheet+paper star+pen+smartphone+stationery box+water bottle,0,0,0.0,0.0,0.0
2844,Manipulate star|paper+paper sheet+paper stars+pen+smartphone+stationery box+water bottle,0,0,0.0,0.0,0.0
2845,Manipulate star|paper sheet+paper stars+pen+smartphone+water bottle,0,0,0.0,0.0,0.0
2846,Manipulate paper star|document+paper stars+pen+phone+star base disc+water bottle,0,0,0.0,0.0,0.0
2847,Manipulate paper star|document+paper stars+pen+phone+smartphone+star base disc+tracking paper+water bottle,0,0,0.0,0.0,0.0
2848,Manipulate paper star|paper stars+pen+smartphone+tracking paper+water bottle,0,0,0.0,0.0,0.0
2849,Arrange paper stars|paper sheet+paper stars+pen+phone+smartphone+table+water bottle,0,0,0.0,0.0,0.0
2850,Arrange paper stars|paper sheet+paper stars+pen+smartphone+water bottle,0,0,0.0,0.0,0.0
2851,Washing hands|scoop+sink+soap dispenser+water faucet,0,0,0.0,0.0,0.0
2852,Dry hands|hands+mirror+paper towel,0,0,0.0,0.0,0.0
2853,Observe workspace|cardboard+cardboard sheet+pen+ruler+scissors+smartphone+water bottle,0,0,0.0,0.0,0.0
2854,Observe workspace|cardboard+pen+ruler+scissors+smartphone+water bottle,0,0,0.0,0.0,0.0
2855,Cut cardboard grid|cardboard grid+scissors+water bottle,0,0,0.0,0.0,0.0
2856,Fold paper strip|colored paper strips+paper strip+star pile+table,0,0,0.0,0.0,0.0
2857,Fold paper strip|paper strip+star pile+table,0,0,0.0,0.0,0.0
2858,Fold paper strip|finished paper stars+paper strip+star pile+table,0,0,0.0,0.0,0.0
2859,Fold paper strip|finished paper stars+paper strip+table,0,0,0.0,0.0,0.0
2860,Fold paper strip|paper star cluster+paper strip+table,0,0,0.0,0.0,0.0
2861,Fold paper strip|paper star cluster+paper strip,0,1,0.0,0.0,0.0
2862,Manipulate paper strip|bead pile+blue paper strip+paper star pile+paper strip+table+water bottle,0,0,0.0,0.0,0.0
2863,Manipulate paper strip|blue paper strip+paper star pile+table,0,0,0.0,0.0,0.0
2864,Fold paper strip|finished paper stars+paper star pieces+paper strip+smartphone+table+water bottle,0,0,0.0,0.0,0.0
2865,Fold paper strip|paper star pieces+paper strip+smartphone+water bottle,0,0,0.0,0.0,0.0
2866,Fold paper strip into lucky star|lucky stars+paper strip+pen holder+pile of folded paper stars+smartphone+yellow paper strip,0,0,0.0,0.0,0.0
2867,Fold paper strip into lucky star|pen holder+pile of folded paper stars+smartphone+yellow paper strip,0,0,0.0,0.0,0.0
2868,Fold paper strip into lucky star|pile of folded paper stars+smartphone+yellow paper strip,0,0,0.0,0.0,0.0
2869,Fold lucky star|lucky star+paper strip+paper strips+pen holder+phone+table,0,0,0.0,0.0,0.0
2870,Fold lucky star|lucky star+paper strips+table,0,0,0.0,0.0,0.0
2871,Fold lucky star|lucky star+lucky stars pile+paper star+paper strips+pen holder+smartphone+table,0,0,0.0,0.0,0.0
2872,Fold lucky star|lucky stars pile+paper star+pen holder+smartphone,0,0,0.0,0.0,0.0
2873,Fold paper strip|pile of folded stars+yellow paper strip,0,0,0.0,0.0,0.0
2874,Manipulate paper strip|beads+desk+lucky star pile+paper strip+pen holder+smartphone+yellow paper strip,0,0,0.0,0.0,0.0
2875,Manipulate paper strip|lucky star pile+paper strip+pen holder+smartphone,0,0,0.0,0.0,0.0
2876,Fold paper strip into lucky star|lucky star pile+paper strip,0,0,0.0,0.0,0.0
2877,Sort colored tiles|cardboard squares+colored tiles+markers+mobile phone+orange bag+power bank+red markers+small colored tiles+smartphone,0,0,0.0,0.0,0.0
2878,Sort colored tiles|colored tiles+markers+orange bag+power bank+smartphone,0,0,0.0,0.0,0.0
2879,Sort colored tiles|colored tiles+markers+orange bag+person+power bank+smartphone,0,0,0.0,0.0,0.0
2880,Sort colored tiles|colored tiles+power bank+smartphone,0,0,0.0,0.0,0.0
2881,Sort colored tiles|colored tiles+markers+plastic bag+power bank+smartphone,0,0,0.0,0.0,0.0
2882,Sort tiles|box+colored tiles+power bank+smartphone,0,0,0.0,0.0,0.0
2883,Sort tiles|box+colored tiles+smartphone,0,0,0.0,0.0,0.0
2884,Sort tiles|box+colored tiles+smartphone+tools,0,0,0.0,0.0,0.0
2885,Sort tiles|colored tiles+smartphone+tools,0,0,0.0,0.0,0.0
2886,Sort tiles|colored tiles+marker+pouch+smartphone+tiles+tools,0,0,0.0,0.0,0.0
2887,Sort tiles|marker+pouch+smartphone+tiles,0,0,0.0,0.0,0.0
2888,Sort tiles|cardboard pieces+colored tiles+marker+markers+pouch+power bank+smartphone+tiles,0,0,0.0,0.0,0.0
2889,Sort tiles|cardboard pieces+colored tiles+markers+power bank+smartphone,0,0,0.0,0.0,0.0
2890,Sort tiles by color|box+colored tiles+phone+power bank+small tiles+smartphone+table,0,0,0.0,0.0,0.0
2891,Sort tiles by color|phone+power bank+small tiles+table,0,0,0.0,0.0,0.0
2892,Sort tiles by color|small tiles+table,0,0,0.0,0.0,0.0
2893,Sort tiles by color|blue tiles+power bank+small tiles+smartphone+table,0,0,0.0,0.0,0.0
2894,Sort tiles by color|blue tiles+power bank+smartphone,0,0,0.0,0.0,0.0
2895,Use phone|box+box cutter+colored tiles+orange cloth+person+smartphone,0,0,0.0,0.0,0.0
2896,Use phone|box+colored tiles+person+smartphone,0,0,0.0,0.0,0.0
2897,Write on notepad|beads+notepad+pen+small beads,0,0,0.0,0.0,0.0
2898,Write on notepad|notepad+pen+small beads,0,7,0.0,0.0,0.0
2899,Write on notepad|beads+notepad+pen+small beads+trash can,0,0,0.0,0.0,0.0
2900,Write on notepad|beads+notepad+pen+trash can,0,0,0.0,0.0,0.0
2901,Write on notepad|beads+notepad+pen+table,0,14,0.0,0.0,0.0
2902,Cut newspaper|newspaper+scissors+smartphone,0,1,0.0,0.0,0.0
2903,Cut along the edge of the newspaper|newspaper+scissors+smartphone+table,0,0,0.0,0.0,0.0
2904,Cut along the edge of the newspaper|newspaper+scissors+smartphone,0,0,0.0,0.0,0.0
2905,Cut along the newspaper edge|newspaper+phone+scissors+table,0,0,0.0,0.0,0.0
2906,Hold newspaper|mobile phone+newspaper+scissors,0,0,0.0,0.0,0.0
2907,Cut newspaper with scissors|hand+newspaper+scissors,0,1,0.0,0.0,0.0
2908,Sort blue star-shaped pieces|blue star-shaped pieces+blue star-shaped plastic pieces+cardboard box+power bank+purple star-shaped pieces+smartphone,0,0,0.0,0.0,0.0
2909,Sort blue star-shaped pieces|blue star-shaped plastic pieces+power bank+smartphone,0,0,0.0,0.0,0.0
2910,Sort small plastic pieces|cardboard box+hand+plastic pieces+power bank+small plastic pieces+smartphone,0,0,0.0,0.0,0.0
2911,Sort small plastic pieces|cardboard box+hand+power bank+small plastic pieces+smartphone,0,0,0.0,0.0,0.0
2912,Sort plastic pieces|paper+pen+small star-shaped plastic pieces,0,0,0.0,0.0,0.0
2913,Sort plastic pieces|mobile phone+paper+pen+small star-shaped plastic pieces,0,0,0.0,0.0,0.0
2914,Sort plastic pieces|blue star-shaped plastic pieces+paper+pen+small star-shaped plastic pieces+white paper,0,0,0.0,0.0,0.0
2915,Sort plastic pieces|blue star-shaped plastic pieces+pen+white paper,0,0,0.0,0.0,0.0
2916,Use phone|cardboard box+power bank+smartphone,0,0,0.0,0.0,0.0
2917,Use phone|cardboard box+paper+phone+power bank+smartphone,0,0,0.0,0.0,0.0
2918,Use phone|cardboard box+paper+phone+power bank,0,0,0.0,0.0,0.0
2919,Place item in shopping bag|packaged charging cable+shopping bag,0,18,0.0,0.0,0.0
2920,Place item in shopping bag|electronic item+shopping bag,0,0,0.0,0.0,0.0
2921,Hold electronic item|cloth+electronic item+electronic item package+shopping shelf,0,0,0.0,0.0,0.0
2922,Hold electronic item|electronic item+shopping bag+shopping shelf,0,1,0.0,0.0,0.0
2923,Hold electronic item|electronic item+shopping bag,0,0,0.0,0.0,0.0
2924,Wipe electronic item|cleaning cloth+electronic device box+shopping bag,0,0,0.0,0.0,0.0
2925,Wipe electronic item|cloth+electronic device+retail shelf,0,0,0.0,0.0,0.0
2926,Wipe electronic item|cloth+electronic device,0,0,0.0,0.0,0.0
2927,Place item in bag|cloth+electronic device+electronic item+orange shopping bag,0,0,0.0,0.0,0.0
2928,Place item in bag|cloth+electronic item,0,0,0.0,0.0,0.0
2929,Wipe electronic item|boxed electronic item+cleaning cloth,0,0,0.0,0.0,0.0
2930,Place item in bag|boxed electronic item+shopping bag,0,0,0.0,0.0,0.0
2931,Place item in shopping bag|shopping bag+smartphone box,0,0,0.0,0.0,0.0
2932,Place item in shopping bag|cleaning cloth+orange shopping bag+smartphone box,0,0,0.0,0.0,0.0
2933,Place item in shopping bag|cloth+orange shopping bag+shopping bag+smartphone box,0,0,0.0,0.0,0.0
2934,Place item in shopping bag|cloth+shopping bag+smartphone box,0,0,0.0,0.0,0.0
2935,Place item on shelf|canned item+plastic container+shelf,0,3,0.0,0.0,0.0
2936,Carry plastic container|plastic container+store shelves,0,1,0.0,0.0,0.0
2937,Carry plastic container|canned items+plastic container+store shelves,0,0,0.0,0.0,0.0
2938,Carry plastic container|canned items+plastic container,0,1,0.0,0.0,0.0
2939,Place items on shelf|canned goods+container+plastic crate+shelf,0,0,0.0,0.0,0.0
2940,Place items on shelf|container+plastic crate,0,0,0.0,0.0,0.0
2941,Reach for another container|crate+food containers+shelf,0,1,0.0,0.0,0.0
2942,Reach for another container|crate+food containers,0,1,0.0,0.0,0.0
2943,Reach for another container|crate+food containers+retail shelf+soup cans+storage container,0,2,0.0,0.0,0.0
2944,Reach for another container|retail shelf+soup can+soup cans+storage container,0,3,0.0,0.0,0.0
2945,Reach for container|cylindrical items+plastic container+soup cans+storage container,0,0,0.0,0.0,0.0
2946,Reach for container|cylindrical items+plastic container,0,7,0.0,0.0,0.0
2947,Place canned goods in container|canned goods+plastic container+storage container,0,0,0.0,0.0,0.0
2948,Place canned goods in container|canned goods+plastic container,0,4,0.0,0.0,0.0
2949,Place product on shelf|food containers+plastic bin+shelf+yellow jar,0,0,0.0,0.0,0.0
2950,Place product on shelf|food containers+plastic bin,0,0,0.0,0.0,0.0
2951,Place product on shelf|food container+food containers+plastic bin+shelf,0,0,0.0,0.0,0.0
2952,Place product on shelf|food container+shelf,0,0,0.0,0.0,0.0
2953,Move bin|jar+plastic bin+retail products,0,2,0.0,0.0,0.0
2954,Walking along the aisle|product containers+products+shelf+shelves+stool+stools,0,0,0.0,0.0,0.0
2955,Walking along the aisle|products+shelves+stools,0,0,0.0,0.0,0.0
2956,Move plastic storage bin|clear plastic storage bin+people+plastic storage bin+shelves+shelving units,0,0,0.0,0.0,0.0
2957,Move plastic storage bin|plastic storage bin+shelves,0,0,0.0,0.0,0.0
2958,Move plastic storage bin|plastic storage bin+shelves+stepladder,0,2,0.0,0.0,0.0
2959,Move plastic storage bin|plastic storage bin+stepladder,0,0,0.0,0.0,0.0
2960,Move plastic storage bin|cardboard box+plastic storage bin+shelves+stepladder,0,0,0.0,0.0,0.0
2961,Move plastic storage bin|cardboard box+plastic storage bin,0,0,0.0,0.0,0.0
2962,Place canned food in bin|canned food+white bin,0,0,0.0,0.0,0.0
2963,Place canned food in bin|canned food+red canned food+restocking bin+shelf+white bin,0,0,0.0,0.0,0.0
2964,Place canned food in bin|red canned food+restocking bin+shelf,0,0,0.0,0.0,0.0
2965,Pick up canned food|canned food+plastic bin+store shelf,0,0,0.0,0.0,0.0
2966,Pick up canned food|canned food+plastic bin,0,0,0.0,0.0,0.0
2967,Place canned food on shelf|canned food+display shelf+storage container,0,0,0.0,0.0,0.0
2968,Place canned food on shelf|canned food+storage container,0,0,0.0,0.0,0.0
2969,Place canned food on shelf|canned food+display shelf+shelf+storage container,0,0,0.0,0.0,0.0
2970,Place canned food on shelf|canned food+shelf+storage container,0,0,0.0,0.0,0.0
2971,Move towards aisle|aisle floor+products+shelves+shelving unit,0,0,0.0,0.0,0.0
2972,Move towards aisle|products+shelves,0,0,0.0,0.0,0.0
2973,Approach restocking supplies|aisle+cardboard boxes+floor+plastic containers+shopping bag,0,0,0.0,0.0,0.0
2974,Manipulate quilled paper strip|paper quilling tool+paper strip+table,0,7,0.0,0.0,0.0
2975,Manipulate quilled paper strip|paper quilling tool+paper strip,0,0,0.0,0.0,0.0
2976,Sort quilled paper pieces|paper quilling pieces+quilled paper stars+table,0,6,0.0,0.0,0.0
2977,Sort quilled paper pieces|quilled paper stars,0,0,0.0,0.0,0.0
2978,Walk towards storage area|cardboard box+cardboard boxes+paper pieces,0,0,0.0,0.0,0.0
2979,Walk towards storage area|cardboard box+paper pieces,0,3,0.0,0.0,0.0
2980,Hold device and cable|chairs+electronic device+office tables+white cable,0,0,0.0,0.0,0.0
2981,Hold device and cable|chair+chairs+electronic device+office tables+person wearing vr headset+quilled paper pieces+white cable+workspace desk,0,0,0.0,0.0,0.0
2982,Hold device and cable|chair+person wearing vr headset+quilled paper pieces+workspace desk,0,0,0.0,0.0,0.0
2983,Sort quilled paper pieces|chair+desk+quilled paper pieces,0,1,0.0,0.0,0.0
2984,Move piece to pile|phone+quilled paper pieces+water bottle,0,3,0.0,0.0,0.0
2985,Move piece to pile|paper+phone+plastic container+quilled paper piece+quilled paper pieces+smartphone+water bottle,0,1,0.0,0.0,0.0
2986,Move piece to pile|paper+plastic container+quilled paper piece+smartphone+water bottle,0,0,0.0,0.0,0.0
2987,Move piece to pile|paper+quilled paper piece+smartphone+water bottle,0,0,0.0,0.0,0.0
2988,Manipulate quilled paper|hand+person+quilled paper pieces+table,0,0,0.0,0.0,0.0
2989,Manipulate quilled paper|person+quilled paper pieces+table,0,0,0.0,0.0,0.0
2990,Sort and arrange cardboard pieces|cardboard pieces+phone+smartphone+table+water bottle,0,1,0.0,0.0,0.0
2991,Sort and arrange cardboard pieces|cardboard pieces+smartphone+table+water bottle,0,0,0.0,0.0,0.0
2992,Sort and stack cardboard pieces|cardboard pieces+smartphone+table+water bottle,0,0,0.0,0.0,0.0
2993,Mark paper list|blue beads+paper list+pen+power bank+router,0,1,0.0,0.0,0.0
2994,Walking through the office|colleague+colleagues+remote controller,0,0,0.0,0.0,0.0
2995,Walking through the office|colleague+remote controller,0,3,0.0,0.0,0.0
2996,Walking through the office|cardboard boxes+colleague+remote controller,0,1,0.0,0.0,0.0
2997,Sort blue beads|blue beads+notepad+pen+power bank,0,2,0.0,0.0,0.0
2998,Sort blue beads|blue beads+paper+pen+power bank,0,3,0.0,0.0,0.0
2999,Write on paper|blue beads+paper+pen,0,3,0.0,0.0,0.0
3000,Sort blue beads|blue beads+paper list+pen+power bank+router,0,2,0.0,0.0,0.0
3001,Write on paper|blue beads+pen+power bank+worksheet,0,1,0.0,0.0,0.0
3002,Write on paper|blue beads+paper+pen+power bank+router+worksheet,0,1,0.0,0.0,0.0
3003,Write on paper|blue beads+paper+pen+power bank+router,0,2,0.0,0.0,0.0
3004,Sort beads|beads+paper+pen+power bank,0,0,0.0,0.0,0.0
3005,Cut cardboard shape|cardboard shape+scissors+smartphone,0,0,0.0,0.0,0.0
3006,Release cardboard shape|cardboard sheet+cut cardboard triangles+scissors,0,0,0.0,0.0,0.0
3007,Cut cardboard piece|cardboard base+cardboard piece+cardboard shape+large cardboard sheet+scissors+smartphone,0,0,0.0,0.0,0.0
3008,Cut cardboard piece|cardboard shape+large cardboard sheet+scissors+smartphone,0,0,0.0,0.0,0.0
3009,Start folding paper strip|blue paper strip+computer mouse+earbud case+marker+pen+quilling paper set+smartphone,0,1,0.0,0.0,0.0
3010,Start folding paper strip|blue paper strip+computer mouse+marker+smartphone,0,2,0.0,0.0,0.0
3011,Walk through workspace|desk+paper craft materials+quilling paper strips+smartphone+table,0,0,0.0,0.0,0.0
3012,Walk through workspace|quilling paper strips+smartphone+table,0,9,0.0,0.0,0.0
3013,Hold quilled paper piece|blue paper strip+paper quilling pieces+pen+smartphone,0,1,0.0,0.0,0.0
3014,Mark cardboard piece|blue pen+cardboard piece+cardboard pieces+cardboard stacks+red utility knife+scissors+smartphone+utility knife+water bottle+white container,0,0,0.0,0.0,0.0
3015,Mark cardboard piece|blue pen+cardboard piece+cardboard stacks+scissors+smartphone+utility knife,0,0,0.0,0.0,0.0
3016,Mark cardboard piece|blue pen+cardboard piece+cardboard stacks+cutter+scissors+smartphone+utility knife+water bottle,0,0,0.0,0.0,0.0
3017,Mark cardboard piece|blue pen+cardboard piece+cutter+scissors+water bottle,0,0,0.0,0.0,0.0
3018,Mark cardboard piece|blue pen+cardboard piece+cutter+scissors,0,0,0.0,0.0,0.0
3019,Mark cardboard piece|blue pen+cardboard piece+cutter+scissors+smartphone+utility knife+water bottle,0,0,0.0,0.0,0.0
3020,Mark cardboard piece|blue pen+cardboard piece+scissors+smartphone+utility knife+water bottle,0,0,0.0,0.0,0.0
3021,Mark cardboard piece|blue pen+cardboard piece+scissors+utility knife,0,0,0.0,0.0,0.0
3022,Mark cardboard piece|blue pen+cardboard piece+cardboard pile+scissors+smartphone+utility knife+water bottle,0,0,0.0,0.0,0.0
3023,Mark cardboard piece|blue pen+cardboard piece+cardboard pile+smartphone+water bottle,0,0,0.0,0.0,0.0
3024,Mark cardboard piece|blue pen+cardboard piece+cardboard pile+scissors+smartphone+stacked cardboard+utility knife+water bottle,0,0,0.0,0.0,0.0
3025,Sort small objects|beads+hand+hands+phone+table,0,0,0.0,0.0,0.0
3026,Sort small objects|beads+cardboard box+hands+phone+table,0,0,0.0,0.0,0.0
3027,Sort small objects|cardboard box+phone+table,0,0,0.0,0.0,0.0
3028,Sort small objects|cardboard box+table,0,0,0.0,0.0,0.0
3029,Gathering colored beads|colored beads+power bank+smartphone,0,0,0.0,0.0,0.0
3030,Sort beads by color|beads pile+container for sorted beads+mixed beads+pen+smartphone+sorted beads collection,0,0,0.0,0.0,0.0
3031,Sort beads by color|container for sorted beads+mixed beads+yellow beads,0,0,0.0,0.0,0.0
3032,Sort beads by color|mixed beads+yellow beads,0,0,0.0,0.0,0.0
3033,Sort beads by color|mixed beads,0,0,0.0,0.0,0.0
3034,Arrange beads by color|beads+hand+phone+table,0,0,0.0,0.0,0.0
3035,Arrange beads by color|beads+hand,0,0,0.0,0.0,0.0
3036,Sort star-shaped objects by color|hand+power bank+purple star-shaped objects+smartphone+table+yellow star-shaped objects,0,0,0.0,0.0,0.0
3037,Sort star-shaped objects by color|power bank+purple star-shaped objects+smartphone+yellow star-shaped objects,0,0,0.0,0.0,0.0
3038,Sort star-shaped objects|black power bank+phone+purple star-shaped objects+smartphone+yellow star-shaped objects,0,0,0.0,0.0,0.0
3039,Sort star-shaped objects|black power bank+purple star-shaped objects+smartphone+yellow star-shaped objects,0,0,0.0,0.0,0.0
3040,Sort purple star-shaped objects|power bank+purple star-shaped objects+smartphone+yellow star-shaped objects,0,0,0.0,0.0,0.0
3041,Sort purple star-shaped objects|purple star-shaped objects+smartphone+yellow star-shaped objects,0,0,0.0,0.0,0.0
3042,Sort purple star-shaped objects|mobile phone+power bank+purple star-shaped objects+smartphone+yellow star-shaped objects,0,0,0.0,0.0,0.0
3043,Sort purple star-shaped objects|mobile phone+power bank+purple star-shaped objects+yellow star-shaped objects,0,0,0.0,0.0,0.0
3044,Fold paper strip|lucky star pile+lucky stars pile+paper strip,0,0,0.0,0.0,0.0
3045,Fold paper strip|lucky star pile+paper strip,0,0,0.0,0.0,0.0
3046,Fold paper strip|paper strip,0,0,0.0,0.0,0.0
3047,Fold paper strip|blue paper strip+hands,0,0,0.0,0.0,0.0
3048,Fold paper strip|blue paper strip+hands+lucky stars+paper strip+pen holder+power bank+smartphone,0,0,0.0,0.0,0.0
3049,Fold paper strip|lucky stars+paper strip+pen holder+power bank+smartphone,0,0,0.0,0.0,0.0
3050,Manipulate paper strip|coffee cup+light blue paper strip+lucky stars pile+paper strip+pen holder+smartphone+yellow paper strip,0,0,0.0,0.0,0.0
3051,Manipulate paper strip|coffee cup+light blue paper strip+pen holder+yellow paper strip,0,0,0.0,0.0,0.0
3052,Manipulate paper strip|blue paper strip+coffee cup+light blue paper strip+lucky star pile+pen holder+yellow paper strip,0,0,0.0,0.0,0.0
3053,Manipulate paper strip|blue paper strip+lucky star pile,0,0,0.0,0.0,0.0
3054,Manipulate paper strip|blue paper strip,0,0,0.0,0.0,0.0
3055,Manipulate paper strip|blue paper strip+lucky stars pile+paper strip,0,0,0.0,0.0,0.0
3056,Manipulate paper strip|lucky stars pile+paper strip,0,0,0.0,0.0,0.0
3057,Manipulate paper strip|lucky stars pile+paper strip+pen holder,0,0,0.0,0.0,0.0
3058,Reach for canned food|canned food+cardboard box,0,0,0.0,0.0,0.0
3059,Pick up canned food|canned food+cardboard box+shelf,0,0,0.0,0.0,0.0
3060,Pick up yellow item|canned food+cardboard box+yellow item,0,0,0.0,0.0,0.0
3061,Examine item|shelf+yellow item,0,0,0.0,0.0,0.0
3062,Hold blue product box|blue product box+shelves,0,0,0.0,0.0,0.0
3063,Wipe shelf surface|cleaning cloth+product boxes+shelf,0,0,0.0,0.0,0.0
3064,Pick up product|product box+yellow product packet,0,0,0.0,0.0,0.0
3065,Pick up product|yellow product packet,0,0,0.0,0.0,0.0
3066,Inspect product|cloth+yellow product,0,0,0.0,0.0,0.0
3067,Clean shelf|cloth+shelf,0,0,0.0,0.0,0.0
3068,Place product on shelf|product+shelf,0,0,0.0,0.0,0.0
3069,Pick up product from box|cardboard box+cleaning glove+shelf,0,0,0.0,0.0,0.0
3070,Hold product|cardboard box+cleaning glove+product,0,0,0.0,0.0,0.0
3071,Wipe product|cardboard box+cleaning cloth+mickey mouse product,0,0,0.0,0.0,0.0
3072,Wipe product|cleaning cloth+mickey mouse product,0,0,0.0,0.0,0.0
3073,Walk towards shelf|mickey mouse product+shelf,0,0,0.0,0.0,0.0
3074,Walk towards shelf|coworker+mickey mouse product+shelf,0,0,0.0,0.0,0.0
3075,Select product from box|cleaning cloth+mickey mouse product box,0,0,0.0,0.0,0.0
3076,Select product from box|cardboard box+cleaning cloth+ketchup bottle+mickey mouse product box,0,0,0.0,0.0,0.0
3077,Select product from box|cardboard box+ketchup bottle,0,0,0.0,0.0,0.0
3078,Wipe ketchup bottle|cleaning cloth+ketchup bottle,0,0,0.0,0.0,0.0
3079,Place ketchup bottle on shelf|cleaning cloth+ketchup bottle,0,0,0.0,0.0,0.0
3080,Place ketchup bottle on shelf|cleaning cloth+ketchup bottle+shelf,0,0,0.0,0.0,0.0
3081,Place ketchup bottle on shelf|ketchup bottle+shelf,0,0,0.0,0.0,0.0
3082,Prepare to place bottle on shelf|cleaning cloth+ketchup bottle,0,0,0.0,0.0,0.0
3083,Draw line with marker|cardboard+metal ruler+red marker+utility knife+water bottle,0,0,0.0,0.0,0.0
3084,Draw straight line|cardboard+metal ruler+red marker+scissors+utility knife,0,0,0.0,0.0,0.0
3085,Draw straight line|cardboard+metal ruler+red marker,0,0,0.0,0.0,0.0
3086,Mark straight line|cardboard+metal ruler+red marker+scissors+utility knife+water bottle,0,0,0.0,0.0,0.0
3087,Move ruler and tools|cardboard+metal ruler+red marker+scissors+utility knife+water bottle,0,0,0.0,0.0,0.0
3088,Pick up small cardboard piece|cardboard piece+red pen+ruler+scissors+utility knife,0,0,0.0,0.0,0.0
3089,Pick up small cardboard piece|cardboard piece+hands+red pen+ruler+scissors+utility knife,0,0,0.0,0.0,0.0
3090,Pick up small cardboard piece|cardboard piece+hands,0,0,0.0,0.0,0.0
3091,Inspect cardboard piece|cardboard piece+hands,0,0,0.0,0.0,0.0
3092,Walk through office|cardboard boxes+small cardboard piece,0,0,0.0,0.0,0.0
3093,Walk through office|cardboard boxes+chairs+office desks+small cardboard piece,0,0,0.0,0.0,0.0
3094,Walk through office|chairs+office desks+small cardboard piece,0,0,0.0,0.0,0.0
3095,Draw line on cardboard|cardboard+metal ruler+red marker+scissors,0,0,0.0,0.0,0.0
3096,Transition to cutting|cardboard+metal ruler+plastic water bottle+red marker+utility knife,0,0,0.0,0.0,0.0
3097,Transition to cutting|cardboard+metal ruler+utility knife,0,0,0.0,0.0,0.0
3098,Cut cardboard|cardboard+metal ruler+utility knife,0,0,0.0,0.0,0.0
3099,Cut cardboard along line|cardboard+metal ruler+plastic strip+red pen+utility knife+water bottle,0,0,0.0,0.0,0.0
3100,Reposition hands|cardboard+metal ruler+plastic strip+red pen+scissors+utility knife+water bottle,0,0,0.0,0.0,0.0
3101,Reposition hands|cardboard+marker+metal ruler+plastic strip+red pen+scissors+utility knife+water bottle,0,0,0.0,0.0,0.0
3102,Reposition hands|cardboard+marker+metal ruler+scissors+utility knife+water bottle,0,0,0.0,0.0,0.0
3103,Reposition hands and ruler|cardboard+marker+metal ruler+scissors+utility knife+water bottle,0,0,0.0,0.0,0.0
3104,Fold cardboard|cardboard+orange ruler+red marker+utility knife+water bottle,0,0,0.0,0.0,0.0
3105,Fold cardboard|cardboard+orange ruler+red marker+water bottle,0,0,0.0,0.0,0.0
3106,Align ruler with crease|box cutter+cardboard+ruler,0,0,0.0,0.0,0.0
3107,Press fold|cardboard+ruler,0,0,0.0,0.0,0.0
3108,Cut cardboard strip with utility knife|cardboard sheet+ruler+utility knife,0,0,0.0,0.0,0.0
3109,Position utility knife on cardboard|cardboard+metal ruler+plastic water bottle+red marker+utility knife,0,0,0.0,0.0,0.0
3110,Hold smartphone|kettle+kitchen counter+sink+smartphone,16,0,0.0,0.0,0.0
3111,Use smartphone|containers+kettle+kitchen counter+rice cooker+smartphone,14,0,0.0,0.0,0.0
3112,Place smartphone on stand|saucepan+smartphone+smartphone stand+yellow jacket,7,0,0.0,0.0,0.0
3113,Pick up dustpan|dustpan+smartphone,13,0,0.0,0.0,0.0
3114,Move dustpan to side|dustpan,11,0,0.0,0.0,0.0
3115,Hold container lid|dustpan+red plastic container lid,10,0,0.0,0.0,0.0
3116,Move towards the stove|blue bowl+faucet+metal container+red bowl+sink,4,0,0.0,0.0,0.0
3117,Move towards the stove|blue bowl+faucet+kettle+metal container+red bowl+sink,5,0,0.0,0.0,0.0
3118,Open stove pot lid|blue bowl+cloth+faucet+red bowl+sink+soap dispenser+white bowl,10,0,0.0,0.0,0.0
3119,Walking towards door|door+dustpan,8,0,0.0,0.0,0.0
3120,Closing the door|door+dustpan,7,0,0.0,0.0,0.0
3121,Picking up bottle|bottle,10,0,0.0,0.0,0.0
3122,Wipe kitchen counter|door+laundry basket+mop,4,0,0.0,0.0,0.0
3123,Rinse cloth in sink|cloth+sink+water faucet,9,0,0.0,0.0,0.0
3124,Move towards kitchen area|cloth+sink,12,0,0.0,0.0,0.0
3125,Place cloth on floor|cloth,4,0,0.0,0.0,0.0
3126,Place cloth on floor|cloth+yellow circular object,3,0,0.0,0.0,0.0
3127,Reach for cleaning supplies|bowls+chopping board+cleaning fluid bottle,13,0,0.0,0.0,0.0
3128,Grasp cleaning bottle|bowls+chopping board+cleaning fluid bottle,10,0,0.0,0.0,0.0
3129,Remove cleaning bottle|cleaning bottle+plastic bowls,10,0,0.0,0.0,0.0
3130,Washing hands in sink|faucet+sink,7,0,0.0,0.0,0.0
3131,Grasping cleaning cloth|cleaning cloth+countertop,10,0,0.0,0.0,0.0
3132,Wiping countertop|cleaning cloth+countertop,9,0,0.0,0.0,0.0
3133,Lift pot lid|pot+pot lid,8,0,0.0,0.0,0.0
3134,Stir contents|cooking utensil+pot,9,0,0.0,0.0,0.0
3135,Place lid back|pot+pot lid,7,0,0.0,0.0,0.0
3136,Adjust pot position|pot,8,0,0.0,0.0,0.0
3137,Move pot|faucet+pot+sink,4,0,0.0,0.0,0.0
3138,Move pot|blue bowl+faucet+green basket+pot+red bowl+sink+towel,3,0,0.0,0.0,0.0
3139,Place towel|pot+towel,9,0,0.0,0.0,0.0
3140,Move phone|cardboard+smartphone+utility knife,39,0,0.0,0.0,0.0
3141,Pick up utility knife|cardboard+utility knife,18,0,0.0,0.0,0.0
3142,Start cutting|cardboard+utility knife,4,0,0.0,0.0,0.0
3143,Cut cardboard|cardboard+desk+pen+ruler+utility knife,55,0,0.0,0.0,0.0
3144,Cut along the marked line|cardboard+hand+utility knife,55,0,0.0,0.0,0.0
3145,Reposition hand|cardboard+utility knife,7,0,0.0,0.0,0.0
3146,Pick up item from bin|cylindrical item+plastic bin+shelf,0,0,0.0,0.0,0.0
3147,Place item on shelf|cylindrical item+plastic bin+shelf,0,0,0.0,0.0,0.0
3148,Pick up next item from bin|food items+plastic bin,0,0,0.0,0.0,0.0
3149,Pick up next item from bin|food items+hand+plastic bin,0,0,0.0,0.0,0.0
3150,Pick up next item from bin|hand+plastic bin,0,0,0.0,0.0,0.0
3151,Hold item|bin+food product+shelf,0,0,0.0,0.0,0.0
3152,Inspect and place item on shelf|pickle jar+shelf,0,0,0.0,0.0,0.0
3153,Inspect jar|pickle jar+smartwatch,0,0,0.0,0.0,0.0
3154,Check smart watch|pickle jar+smartwatch,0,0,0.0,0.0,0.0
3155,Reach for container|plastic container+shelf,0,0,0.0,0.0,0.0
3156,Place jar on shelf|glass jar+shelf+smart watch,0,0,0.0,0.0,0.0
3157,Withdraw hand|glass jar+shelf,0,0,0.0,0.0,0.0
3158,Withdraw hand|glass jar+product container+shelf,0,0,0.0,0.0,0.0
3159,Withdraw hand|product container+shelf,0,0,0.0,0.0,0.0
3160,Pick up jar|jars+shelf+storage container,0,0,0.0,0.0,0.0
3161,Pick up sauce bottle|plastic bin+sauce bottle+shelf,0,0,0.0,0.0,0.0
3162,Place sauce bottle on shelf|sauce bottle+shelf,0,0,0.0,0.0,0.0
3163,Reach for product|cereal box+plastic bin+sauce bottle+shelf,0,0,0.0,0.0,0.0
3164,Place product on shelf|cereal box+plastic bin+sauce bottle+shelf,0,0,0.0,0.0,0.0
3165,Hold empty container|grocery items+plastic container+shelf,0,0,0.0,0.0,0.0
3166,Move container toward shelf|plastic container+shelf,0,0,0.0,0.0,0.0
3167,Assess shelf arrangement|canned food+shelf+yellow promotion sign,0,0,0.0,0.0,0.0
3168,Place product in box|cardboard box+plastic-wrapped product,0,0,0.0,0.0,0.0
3169,Align foam piece|blue foam pile+foam base+phone+purple foam pile+small blue foam piece+yellow foam pile,0,0,0.0,0.0,0.0
3170,Press foam piece|blue foam pile+foam base+phone+purple foam pile+small blue foam piece+yellow foam pile,0,0,0.0,0.0,0.0
3171,Pick up bottle|bottle+foam pieces+foam strip+hand+phone,0,0,0.0,0.0,0.0
3172,Touch foam strip|bottle+foam strips+phone+table,0,0,0.0,0.0,0.0
3173,Release foam strip|bottle+foam strip+phone+yellow foam pieces,0,0,0.0,0.0,0.0
3174,Observe craft layout|blue foam pieces+foam strip+phone+purple foam pieces+yellow foam pieces,0,0,0.0,0.0,0.0
3175,Reach for foam strips|blue foam pieces+blue foam strip+foam strips+phone+purple foam pieces+table+yellow foam pieces+yellow foam strip,0,0,0.0,0.0,0.0
3176,Assemble foam strips|blue foam strip+hands+phone+table+yellow foam strip,0,0,0.0,0.0,0.0
3177,Adjust foam strip|blue foam strip+blue foam strips+phone+purple foam strips+yellow foam strips,0,0,0.0,0.0,0.0
3178,Align foam strip|foam strips+hand+phone+table,0,0,0.0,0.0,0.0
3179,Attach foam strip|blue foam strip+phone+table+yellow foam strip,0,0,0.0,0.0,0.0
3180,Curve foam strip into loop|black electronic device+light blue foam pieces+light blue foam strip+phone+purple foam pieces+yellow foam pieces,0,0,0.0,0.0,0.0
3181,Press ends of foam strip together|camera+foam strip+light blue foam pieces+phone+purple foam pieces+yellow foam pieces,0,0,0.0,0.0,0.0
3182,Position yellow foam piece on strip|camera+electronic device+foam strip+light blue foam pieces+phone+purple foam pieces+watch+yellow foam pieces,0,0,0.0,0.0,0.0
3183,Position yellow foam piece on strip|electronic device+foam strip+light blue foam pieces+phone+purple foam pieces+watch+yellow foam pieces,0,0,0.0,0.0,0.0
3184,Press foam piece to strip|electronic device+foam strip+light blue foam pieces+phone+purple foam pieces+yellow foam pieces,0,0,0.0,0.0,0.0
3185,Press foam strip|blue foam pieces+foam strip+phone+purple foam pieces+yellow foam piece,0,0,0.0,0.0,0.0
3186,Reposition hands|blue foam pieces+foam strip+hands+purple foam pieces+smartphone+yellow foam pieces,0,0,0.0,0.0,0.0
3187,Fold foam piece|blue foam strip+hand+phone+purple foam pieces+small purple foam pieces+small yellow foam pieces+smartphone+yellow foam piece+yellow foam pieces,0,0,0.0,0.0,0.0
3188,Fold foam piece|blue foam strip+purple foam pieces+smartphone+yellow foam pieces,0,0,0.0,0.0,0.0
3189,Pinch foam strips|blue foam strip+camera device+foam pieces+hands+mobile phone+yellow foam strip,0,0,0.0,0.0,0.0
3190,Pull blue foam strip|blue foam strip+hands+smartphone+table+yellow foam strip,0,0,0.0,0.0,0.0
3191,Tear blue foam strip|blue foam strip+phone+purple foam pieces+yellow foam pieces,0,0,0.0,0.0,0.0
3192,Place blue foam piece|blue foam strip+phone+purple foam pieces+torn blue foam piece+yellow foam pieces,0,0,0.0,0.0,0.0
3193,Pick up blue foam piece|blue foam bits+foam strips+purple foam bits+smartphone+yellow foam bits+yellow foam piece,0,0,0.0,0.0,0.0
3194,Pick up blue foam piece|blue foam bits+blue foam piece+foam strips+purple foam bits+smartphone+yellow foam bits+yellow foam piece,0,0,0.0,0.0,0.0
3195,Tear blue foam piece|blue foam piece+phone+piles of foam bits+table+yellow foam piece,0,0,0.0,0.0,0.0
3196,Tear off blue foam piece|blue foam strip+foam pieces+phone+yellow foam strip,0,0,0.0,0.0,0.0
3197,Hold foam pieces|blue foam strip+camera+light blue foam pieces+phone+purple foam pieces+small foam piece+yellow foam pieces+yellow foam strip,0,0,0.0,0.0,0.0
3198,Peel foam strip|blue foam pieces+blue foam strip+camera+light blue foam pieces+phone+purple foam pieces+small foam piece+yellow foam pieces+yellow foam strip,0,0,0.0,0.0,0.0
3199,Peel foam strip|blue foam pieces+blue foam strip+phone+purple foam pieces+yellow foam pieces+yellow foam strip,0,0,0.0,0.0,0.0
3200,Move small blue foam piece towards the strip|blue foam pieces+blue foam strip+phone+purple foam pieces+yellow foam pieces+yellow foam strip,0,0,0.0,0.0,0.0
3201,Align blue strip|blue foam bits+blue paper strip+hand+purple foam bits+smartphone+yellow foam bits+yellow paper strip,0,0,0.0,0.0,0.0
3202,Press blue strip|blue foam bits+blue paper strip+hand+purple foam bits+smartphone+yellow foam bits+yellow paper strip,0,0,0.0,0.0,0.0
3203,Position blue strip|blue paper strip+light blue paper pile+phone+purple paper pile+yellow paper pile+yellow paper strip,0,0,0.0,0.0,0.0
3204,Lift blue strip|blue strip+camera+phone+purple paper pile+yellow paper pile,0,0,0.0,0.0,0.0
3205,Hold blue strip|blue strip+electronic device+phone+purple paper scraps+yellow paper scraps,0,0,0.0,0.0,0.0
3206,Peel blue strip|blue strip+light blue paper pieces+phone+power bank+purple paper pieces+yellow paper pieces,0,0,0.0,0.0,0.0
3207,Fold blue strip|blue paper pile+blue paper strip+phone+purple paper pile+yellow paper pile,0,0,0.0,0.0,0.0
3208,Align paper strip|hand+paper strip+smartphone,0,0,0.0,0.0,0.0
3209,Fold paper strip|hand+paper strip+smartphone,0,0,0.0,0.0,0.0
3210,Interlock paper strips|paper strip+phone+power bank+table,0,0,0.0,0.0,0.0
3211,Hold paper strip|blue paper strip+hand+mobile phone+paper strip+phone+power bank+table+yellow paper strip,0,0,0.0,0.0,0.0
3212,Hold paper strip|blue paper strip+hand+mobile phone+yellow paper strip,0,0,0.0,0.0,0.0
3213,Turn away from table|blue paper strip+hand+mobile phone+pink slippers+table+yellow paper strip,0,0,0.0,0.0,0.0
3214,Touch phone and paper strip|black device+blue paper bits+blue paper strip+doorway+purple paper bits+smartphone+wall+yellow paper bits+yellow paper strip,0,0,0.0,0.0,0.0
3215,Pick up paper strip|black device+blue paper bits+blue paper strip+purple paper bits+smartphone+yellow paper bits+yellow paper strip,0,0,0.0,0.0,0.0
3216,Pick up craft material|black device+blue bits+blue paper bits+blue paper strip+paper strip+phone+purple bits+purple paper bits+smartphone+yellow bits+yellow paper bits+yellow paper strip,0,0,0.0,0.0,0.0
3217,Pick up craft material|blue bits+paper strip+phone+purple bits+yellow bits,0,0,0.0,0.0,0.0
3218,Attach material to paper strip|blue bits+paper strip+phone+purple bits+yellow bits,0,0,0.0,0.0,0.0
3219,Pick up tool|craft material+paper strip+phone+table+tool,0,0,0.0,0.0,0.0
3220,Move away from desk|chair+desk+floor+tool,0,0,0.0,0.0,0.0
3221,Move away from desk|chair+desk+floor+small black tool+tool,0,0,0.0,0.0,0.0
3222,Walk through the room|chair+desk+floor+small black tool+tool,0,0,0.0,0.0,0.0
3223,Walk down hallway|door+glass partition+hallway+wall,0,0,0.0,0.0,0.0
3224,Enter workspace|chair+craft materials+glass wall+pen+person+table,0,0,0.0,0.0,0.0
3225,Enter workspace|chair+craft materials+notebook+pen+person+table,0,0,0.0,0.0,0.0
3226,Reach for door handle|door+door handle+sign+wall+window,0,0,0.0,0.0,0.0
3227,Grasp door handle|door+door handle+hand+sign,0,0,0.0,0.0,0.0
3228,Grasp door handle|door+door handle+hand,0,0,0.0,0.0,0.0
3229,Walk to table|cardboard box+door+table,0,0,0.0,0.0,0.0
3230,Pick up supplies from box|bag+box+craft supplies+hand+table,0,0,0.0,0.0,0.0
3231,Pick up supplies from box|box+craft supplies+hand+table,0,0,0.0,0.0,0.0
3232,Enter the room|chair+floor+person+table+wall,0,0,0.0,0.0,0.0
3233,Walk towards table|chair+floor+person+poster+table+wall,0,0,0.0,0.0,0.0
3234,Approach work table|backpack+chair+craft paper+person+table,0,0,0.0,0.0,0.0
3235,Approach work table|chair+craft paper+person+table,0,0,0.0,0.0,0.0
3236,Pull chair|chair+person+table,0,0,0.0,0.0,0.0
3237,Touch colleague's back|chair+person+table,0,0,0.0,0.0,0.0
3238,Position the chair|chair+colleague+craft materials+table,0,0,0.0,0.0,0.0
3239,Position the chair|chair+craft materials+table,0,0,0.0,0.0,0.0
3240,Observe and walk through store|colleague+inventory boxes+shelves,12,0,0.0,0.0,0.0
3241,Move to shelf|cardboard box+colleague+shelves,4,0,0.0,0.0,0.0
3242,Move to shelf|cardboard box+colleague+empty shelf+shelves,3,0,0.0,0.0,0.0
3243,Move to shelf|empty shelf,2,0,0.0,0.0,0.0
3244,Inspect shelf condition|colleague+shelf,11,0,0.0,0.0,0.0
3245,Observe colleague and workspace|price tag+shelves+watch,4,0,0.0,0.0,0.0
3246,Observe colleague and workspace|cardboard box+colleague+price tag+shelves+watch,3,0,0.0,0.0,0.0
3247,Observe colleague and workspace|cardboard box+colleague+shelves+watch,2,0,0.0,0.0,0.0
3248,Walk towards shelves|cardboard boxes+red bin+shelving unit,13,0,0.0,0.0,0.0
3249,Observe workspace|cardboard boxes+colleague+shelving unit,12,0,0.0,0.0,0.0
3250,Approach boxes|cardboard boxes+colleague+shelving unit,10,0,0.0,0.0,0.0
3251,Reach for wire hangers|cardboard box+wire hangers,12,0,0.0,0.0,0.0
3252,Extract wire hangers from box|cardboard box+wire hangers,11,0,0.0,0.0,0.0
3253,Bundle display hooks|container+display hooks,17,0,0.0,0.0,0.0
3254,Release hook|display hook,9,0,0.0,0.0,0.0
3255,Walk towards other aisles|retail store aisle,4,0,0.0,0.0,0.0
3256,Move through aisle|aisle floor+display hooks+metal shelving units,14,0,0.0,0.0,0.0
3257,Pick up items from the shopping bag|cardboard boxes+red shopping bag+retail shelf,15,0,0.0,0.0,0.0
3258,Place items on the shelf|packaged items+retail shelf,12,0,0.0,0.0,0.0
3259,Place item on shelf|stationery package,4,0,0.0,0.0,0.0
3260,Place item on shelf|shelf+stationery package,11,0,0.0,0.0,0.0
3261,Adjust item on shelf|shelf+stationery package,15,0,0.0,0.0,0.0
3262,Reach for another item|item+shelf,16,0,0.0,0.0,0.0
3263,Reach for next item|packaged item+shelf,12,0,0.0,0.0,0.0
3264,Mark cardboard piece|cardboard piece+marker+pouch,7,0,0.0,0.0,0.0
3265,Mark cardboard piece|cardboard piece+marker,26,0,0.0,0.0,0.0
3266,Place marked piece down|cardboard piece+marker,11,0,0.0,0.0,0.0
3267,Pick up new cardboard piece|cardboard piece+marker,21,0,0.0,0.0,0.0
3268,Place marked piece down|cardboard piece+marker+pencil case+ruler+scissors,5,0,0.0,0.0,0.0
3269,Hold cardboard piece|cardboard pieces+marker+pencil case+ruler+scissors,16,0,0.0,0.0,0.0
3270,Organize cardboard pieces|cardboard pieces+marker+pencil case+ruler+scissors,21,0,0.0,0.0,0.0
3271,Cut cardboard piece|cardboard strip+scissors,29,0,0.0,0.0,0.0
3272,Marking cardboard piece|cardboard pieces+marker+ruler+scissors,21,0,0.0,0.0,0.0
3273,Release cardboard piece and gesture|cardboard piece+cardboard piles+marker+pouch+ruler+scissors,21,0,0.0,0.0,0.0
3274,Move marker and adjust hand|cardboard pieces+marker,15,0,0.0,0.0,0.0
3275,Identify next cardboard piece|cardboard pieces+marker,19,0,0.0,0.0,0.0
3276,Observe and pause|cardboard pieces+marker+pencil case+ruler+scissors,4,0,0.0,0.0,0.0
3277,Gesturing|cardboard pieces+marker+pencil case+ruler+scissors,4,0,0.0,0.0,0.0
3278,Resume observation|cardboard pieces+marker+pencil case+ruler+scissors,7,0,0.0,0.0,0.0
3279,Release food item|packaged food item+shelf,0,0,0.0,0.0,0.0
3280,Reach for and examine canned goods|canned goods+shelf,0,0,0.0,0.0,0.0
3281,Examine canned goods|canned goods+shelf,0,0,0.0,0.0,0.0
3282,Select and pick up a canned item|canned goods,0,0,0.0,0.0,0.0
3283,Place item back on shelf|canned item+shelf,0,0,0.0,0.0,0.0
3284,Move along the shelves|hand+shelves+various grocery items,0,0,0.0,0.0,0.0
3285,Pick up Dior gift box|coffee jar+dior gift box+waitrose ginger jar,0,0,0.0,0.0,0.0
3286,Inspect Dior gift box|dior gift box,0,0,0.0,0.0,0.0
3287,Place back Dior gift box|canon box+dior gift box,0,0,0.0,0.0,0.0
3288,Place back Dior gift box|canon box+dior gift box+spices,0,0,0.0,0.0,0.0
3289,Place back Dior gift box|dior gift box+spices,0,0,0.0,0.0,0.0
3290,Move along the shelf|food items+shelves,0,0,0.0,0.0,0.0
3291,Select a bottle|small bottle,0,0,0.0,0.0,0.0
3292,Place bottle back on shelf|dark bottle+shelf,0,0,0.0,0.0,0.0
3293,Pick up another bottle|shelf+white-capped bottle,0,0,0.0,0.0,0.0
3294,Release bottle|shelf+white-capped bottle,0,0,0.0,0.0,0.0
3295,Release bottle|bottle+hand+shelf+white-capped bottle,0,0,0.0,0.0,0.0
3296,Inspect bottle|can+spice bottle,0,0,0.0,0.0,0.0
3297,Inspect almond package|black sesame powder package+natural almonds package+nature's wonders cranberries package+nature's wonders walnuts package,0,0,0.0,0.0,0.0
3298,Scan supermarket shelves|berries package+snack boxes+various cans,0,0,0.0,0.0,0.0
3299,Move along the supermarket aisle|canned goods+shelves+snack bag,0,0,0.0,0.0,0.0
3300,Reach for canned goods|metal cans+shelf,0,0,0.0,0.0,0.0
3301,Touch canned goods|metal cans,0,0,0.0,0.0,0.0
3302,Pick up canned good|canned goods+supermarket shelf,0,0,0.0,0.0,0.0
3303,Pick up canned good|canned goods,0,0,0.0,0.0,0.0
3304,Cut cardboard triangle|cardboard+phone+scissors+watch,0,0,0.0,0.0,0.0
3305,Release cardboard shape|cardboard sheet+scissors+smartphone,0,0,0.0,0.0,0.0
3306,Manipulate cardboard shape|cardboard shape+scissors+smartphone+watch,0,0,0.0,0.0,0.0
3307,Fold cardboard shape|cardboard shape+smartphone,0,0,0.0,0.0,0.0
3308,Pick up phone|cardboard shape+scissors+smartphone,0,0,0.0,0.0,0.0
3309,Hold small cardboard pieces|cardboard pieces+phone,0,0,0.0,0.0,0.0
3310,Walk through workspace|cardboard pieces+phone,0,0,0.0,0.0,0.0
3311,Prepare to place cardboard|boxes+cardboard pieces+phone,0,0,0.0,0.0,0.0
3312,Prepare to resume cutting|cardboard pieces+chair+scissors+table,0,0,0.0,0.0,0.0
3313,Prepare to resume cutting|cardboard pieces+scissors+table,0,0,0.0,0.0,0.0
3314,Trim cardboard piece|cardboard shape+scissors+smartphone,0,0,0.0,0.0,0.0
3315,Place cardboard piece|cardboard shape+scissors+smartphone,0,0,0.0,0.0,0.0
3316,Place canned food on shelf|can of vegetables+cardboard boxes+store shelf,16,0,0.0,0.0,0.0
3317,Reach for next can|can of vegetables+cardboard boxes+store shelf,14,0,0.0,0.0,0.0
3318,Pick up can|canned food+cardboard box,12,0,0.0,0.0,0.0
3319,Hold canned food|box of cans+can of soup+shelf,18,0,0.0,0.0,0.0
3320,Reach into box|box of cans,14,0,0.0,0.0,0.0
3321,Pick up canned food|canned food+cardboard box,7,0,0.0,0.0,0.0
3322,Retrieve next canned food item|canned food+cardboard box,17,0,0.0,0.0,0.0
3323,Align canned food on shelf|canned food+cardboard box+retail shelf,17,0,0.0,0.0,0.0
3324,Reach for next canned food|box+canned food+retail shelf,11,0,0.0,0.0,0.0
3325,Retrieve canned food from box|box+canned food,12,0,0.0,0.0,0.0
3326,Place another canned food on shelf|box+canned food,4,0,0.0,0.0,0.0
3327,Place another canned food on shelf|box+canned food+retail shelf,3,0,0.0,0.0,0.0
3328,Place another canned food on shelf|canned food+retail shelf,2,0,0.0,0.0,0.0
3329,Adjust canned food on shelf|canned food+cardboard box+store shelf,16,0,0.0,0.0,0.0
3330,Move hand away from shelf|canned food+cardboard box+store shelf,4,0,0.0,0.0,0.0
3331,Place can on shelf|canned food+retail shelf,16,0,0.0,0.0,0.0
3332,Move hand away|canned food+retail shelf,4,0,0.0,0.0,0.0
3333,Open earbud case|earbud case,9,0,0.0,0.0,0.0
3334,Pick up smartphone|cans+shelf+smartphone,9,0,0.0,0.0,0.0
3335,Interact with smartphone|cans+shelf+smartphone,13,0,0.0,0.0,0.0
3336,sort craft materials|paper pieces+scissors+smartphone,32,0,0.0,0.0,0.0
3337,Manipulate craft piece|craft pieces+scissors+smartphone,24,0,0.0,0.0,0.0
3338,Manipulate craft paper strips|paper strips+scissors+smartphone,28,0,0.0,0.0,0.0
3339,Release scissors|craft paper strips+folded paper fan+scissors+smartphone,11,0,0.0,0.0,0.0
3340,Operate smartphone|craft paper strips+folded paper fan+smartphone,18,0,0.0,0.0,0.0
3341,Release smartphone|paper scraps+scissors+smartphone+table,18,0,0.0,0.0,0.0
3342,Manipulate paper strip|craft materials+purple paper strip+scissors+smartphone,33,0,0.0,0.0,0.0
3343,Release paper strip|craft beads+paper strip+scissors+smartphone,14,0,0.0,0.0,0.0
3344,Release paper strip|craft beads+paper strip+scissors,4,0,0.0,0.0,0.0
3345,Sort small craft pieces|paper strips+scissors+smartphone+star-shaped craft pieces,24,0,0.0,0.0,0.0
3346,Place item on shelf|cardboard boxes+product package+shelf,0,0,0.0,0.0,0.0
3347,Hold product package|product package+shelf+smartphone,0,0,0.0,0.0,0.0
3348,Pick up phone|product package+shelf,0,0,0.0,0.0,0.0
3349,Pick up phone|mobile phone+product package+shelf,0,0,0.0,0.0,0.0
3350,Pick up phone|mobile phone+shelf,0,0,0.0,0.0,0.0
3351,Check phone|mobile phone+shelf,0,0,0.0,0.0,0.0
3352,Check phone|mobile phone,0,0,0.0,0.0,0.0
3353,Hold charging cable|cardboard box+charging cable+colleague+shelf+shelf items,0,0,0.0,0.0,0.0
3354,Retrieve items from bag|charging cable bundles+shelf+shopping bag,0,0,0.0,0.0,0.0
3355,Hold items in hand|charging cable bundles+shopping bag,0,0,0.0,0.0,0.0
3356,Reach for next item|shelf+stationery package,0,0,0.0,0.0,0.0
3357,Reach for next item|box+shelf+stationery package,0,0,0.0,0.0,0.0
3358,Reach into bag|colorful item+red shopping bag,0,0,0.0,0.0,0.0
3359,Hold and examine item|colorful item,0,0,0.0,0.0,0.0
3360,Remove item from bag|packaged colorful item+shelf+shopping bag,0,0,0.0,0.0,0.0
3361,Pick up pack from shelf|colorful packaging+shelf+smartphone,0,0,0.0,0.0,0.0
3362,fold purple ribbon|desk+hands+laptop+purple ribbon+water bottle,0,0,0.0,0.0,0.0
3363,Fold ribbon|hands+purple ribbon,0,0,0.0,0.0,0.0
3364,Hold small piece of ribbon|small purple ribbon piece+stacked ribbon base,0,0,0.0,0.0,0.0
3365,Position ribbon piece|small purple ribbon piece+stacked ribbon base,0,0,0.0,0.0,0.0
3366,Position ribbon piece|hands+purple ribbon+small purple ribbon piece+stacked ribbon base,0,0,0.0,0.0,0.0
3367,Position ribbon piece|hands+purple ribbon,0,0,0.0,0.0,0.0
3368,Manipulate ribbon piece|laptop+ribbon packaging+ribbon piece+water bottle,0,0,0.0,0.0,0.0
3369,Place ribbon onto project|blue ribbon project+laptop+purple ribbon piece+smartphone+water bottle,0,0,0.0,0.0,0.0
3370,Place ribbon onto project|blue ribbon project+laptop+layered paper stack+purple ribbon+purple ribbon piece+smartphone+water bottle,0,0,0.0,0.0,0.0
3371,Place ribbon onto project|layered paper stack+purple ribbon,0,0,0.0,0.0,0.0
3372,Fold and manipulate ribbon|laptop+phone+purple ribbon+water bottle,0,0,0.0,0.0,0.0
3373,Manipulate ribbon knot|desk+folded ribbon piece+hands+laptop+packaging+purple ribbon knot+smartphone+water bottle,0,0,0.0,0.0,0.0
3374,Manipulate ribbon knot|desk+folded ribbon piece+hands+purple ribbon knot,0,0,0.0,0.0,0.0
3375,Secure ribbon with needle|blue and purple paper stack+needle+purple ribbon,0,0,0.0,0.0,0.0
3376,Secure ribbon with needle|needle+purple ribbon,0,0,0.0,0.0,0.0
3377,Open paper lantern|red paper honeycomb lantern,9,0,0.0,0.0,0.0
3378,Fold paper lantern|red paper honeycomb lantern,15,0,0.0,0.0,0.0
3379,Grasp lantern|red paper honeycomb lantern,14,0,0.0,0.0,0.0
3380,Grasp lantern component|cardboard box+paper lantern+tape,7,0,0.0,0.0,0.0
3381,Grasp lantern component|cardboard box+paper lantern,4,0,0.0,0.0,0.0
3382,Align paper lantern edges|hands+red paper lantern,21,0,0.0,0.0,0.0
3383,Adjust lantern string|red paper lantern+string,13,0,0.0,0.0,0.0
3384,Release lantern|red paper lantern,12,0,0.0,0.0,0.0
3385,Pick up packaged paper lantern component|cardboard box+packaged paper lantern component,13,0,0.0,0.0,0.0
3386,Handle paper lantern component|cardboard box+paper lantern component+plastic bag+red paper lantern,14,0,0.0,0.0,0.0
3387,Open folded paper lantern|cardboard box+red pleated paper lantern,13,0,0.0,0.0,0.0
3388,Adjust lantern shape|red pleated paper lantern,13,0,0.0,0.0,0.0
3389,Hold paper lantern|red paper lantern+sofa,14,0,0.0,0.0,0.0
3390,Apply adhesive tape to lantern|adhesive tape+red paper lantern,16,0,0.0,0.0,0.0
3391,Remove paper lantern part from packaging|paper lantern+red hand fan,4,0,0.0,0.0,0.0
3392,Remove paper lantern part from packaging|paper lantern+paper lantern component+plastic packaging+red hand fan+red paper lanterns,3,0,0.0,0.0,0.0
3393,Remove paper lantern part from packaging|paper lantern component+plastic packaging+red paper lanterns,4,0,0.0,0.0,0.0
3394,Remove plastic packaging|packaging+paper lantern component,13,0,0.0,0.0,0.0
3395,Open paper lantern component|paper lantern component,15,0,0.0,0.0,0.0
3396,Expand paper lantern|adhesive tape roll+cardboard box+red paper lantern,21,0,0.0,0.0,0.0
3397,Align edges of paper lantern|hands+red paper lantern,14,0,0.0,0.0,0.0
3398,Mark cardboard with ruler|black marker+cardboard+metal ruler+red scissors,0,0,0.0,0.0,0.0
3399,Mark cardboard with marker|black marker+cardboard+metal ruler+scissors,0,0,0.0,0.0,0.0
3400,Cut cardboard|cardboard+marker+ruler+utility knife,0,0,0.0,0.0,0.0
3401,Cut cardboard|cardboard+ruler+utility knife,0,0,0.0,0.0,0.0
3402,Cut along the line|black marker+cardboard+ruler+utility knife,0,0,0.0,0.0,0.0
3403,Cut along the line|cardboard+utility knife,0,0,0.0,0.0,0.0
3404,Release cardboard|cardboard+metal ruler+utility knife,0,0,0.0,0.0,0.0
3405,Release cardboard|cardboard+cardboard strip+metal ruler+utility knife,0,0,0.0,0.0,0.0
3406,Release cardboard|cardboard strip+metal ruler+utility knife,0,0,0.0,0.0,0.0
3407,Cut cardboard with utility knife|black marker+cardboard strip+metal ruler+utility knife,0,0,0.0,0.0,0.0
3408,Fold cardboard|cardboard strip+utility knife,0,0,0.0,0.0,0.0
3409,Fold cardboard|black marker+cardboard strip+metal ruler+scissors+utility knife,0,0,0.0,0.0,0.0
3410,Reposition utility knife|cardboard+marker+ruler+utility knife,0,0,0.0,0.0,0.0
3411,Reposition utility knife|cardboard+cardboard strip+marker+metal ruler+ruler+utility knife,0,0,0.0,0.0,0.0
3412,Reposition utility knife|cardboard strip+marker+metal ruler+utility knife,0,0,0.0,0.0,0.0
3413,Tear off cardboard segment|cardboard strip+utility knife,0,0,0.0,0.0,0.0
3414,Tear off cardboard segment|cardboard segment+cardboard strip+main cardboard sheet+utility knife,0,0,0.0,0.0,0.0
3415,Tear off cardboard segment|cardboard segment+main cardboard sheet,0,0,0.0,0.0,0.0
3416,Hold smartphone|black pouch+desk+smartphone,0,0,0.0,0.0,0.0
3417,Browsing smartphone content|desk+pen holder+power bank+smartphone,0,0,0.0,0.0,0.0
3418,Manipulate small component|blue small component+desk+pens holder+smartphone,0,0,0.0,0.0,0.0
3419,Manipulate component on strip|blue strip+pen holder+small components,0,0,0.0,0.0,0.0
3420,Place strip on table|desk+small component+strip,0,0,0.0,0.0,0.0
3421,Place strip on table|desk+strip,0,0,0.0,0.0,0.0
3422,Manipulate component|blue strip+small decorative component,0,0,0.0,0.0,0.0
3423,Reach for craft items|smartphone+star-shaped craft items+table,24,0,0.0,0.0,0.0
3424,Sort craft items|star-shaped craft items+table,15,0,0.0,0.0,0.0
3425,Move smartphone|craft beads+paper strips+smartphone,23,0,0.0,0.0,0.0
3426,Place hand on table|craft beads+paper strips+smartphone,26,0,0.0,0.0,0.0
3427,Use smartphone|charging cable+paper strips+power bank+smartphone+star-shaped paper crafts,26,0,0.0,0.0,0.0
3428,Browse smartphone screen|paper strips+smartphone+star ornaments,28,0,0.0,0.0,0.0
3429,Scroll smartphone screen|paper stars+paper strips+smartphone,31,0,0.0,0.0,0.0
3430,Put down smartphone|paper stars+paper strips+smartphone,4,0,0.0,0.0,0.0
3431,Put down smartphone|paper stars+paper strips+power bank+smartphone,3,0,0.0,0.0,0.0
3432,Put down smartphone|power bank+smartphone,12,0,0.0,0.0,0.0
3433,Place smartphone down|quilling paper strips+small paper stars+smartphone,4,0,0.0,0.0,0.0
3434,Place smartphone down|power bank+quilling paper strips+small paper stars+smartphone,12,0,0.0,0.0,0.0
3435,Hold smartphone|quilling paper strips+small blue beads+smartphone,27,0,0.0,0.0,0.0
3436,Manipulate paper strip|purple paper strip+quilling paper pile+smartphone,27,0,0.0,0.0,0.0
3437,Record count on notepad|notepad+paper stars+pen+smartphone+water bottle,0,0,0.0,0.0,0.0
3438,Count and record paper stars|notepad+paper stars+pen+smartphone+water bottle,0,0,0.0,0.0,0.0
3439,Manipulate paper stars|paper+paper stars+pen+smartphone,0,0,0.0,0.0,0.0
3440,Manipulate paper stars|paper+paper stars+pen,0,0,0.0,0.0,0.0
3441,Record star count on paper|paper+paper stars+pen,0,0,0.0,0.0,0.0
3442,Pick up electronic device|paper+paper stars+pen+smartphone,0,0,0.0,0.0,0.0
3443,Pick up electronic device|electronic device+paper+paper stars+pen+smartphone,0,0,0.0,0.0,0.0
3444,Pick up electronic device|electronic device+paper+paper stars+pen,0,0,0.0,0.0,0.0
3445,Connect cable to device|charging cable+electronic device+paper+paper stars+pen,0,0,0.0,0.0,0.0
3446,Connect cable to device|charging cable+electronic counting device+electronic device+paper+paper stars+pen+recording paper+tablet+water bottle,0,0,0.0,0.0,0.0
3447,Connect cable to device|electronic counting device+paper stars+pen+recording paper+tablet+water bottle,0,0,0.0,0.0,0.0
3448,Place device on lap|electronic counting device+paper stars+pen+recording paper+tablet+water bottle,0,0,0.0,0.0,0.0
3449,Count and arrange paper stars|paper+paper stars+pen+smartphone+water bottle,0,0,0.0,0.0,0.0
3450,Count paper stars|bottle+paper+paper stars+pen+smartphone,0,0,0.0,0.0,0.0
3451,Move hand to paper stars|paper+paper stars+pen+smartphone,0,0,0.0,0.0,0.0
3452,Move hand to paper stars|paper+paper stars+pen+smartphone+water bottle,0,0,0.0,0.0,0.0
3453,Move hand to paper stars|paper+paper stars+pen+water bottle,0,0,0.0,0.0,0.0
3454,Resume counting stars|paper+paper stars+pen+water bottle,0,0,0.0,0.0,0.0
3455,Reviewing count record|paper document+paper stars+pen+smartphone+water bottle,0,0,0.0,0.0,0.0
3456,Write on paper record|paper record+paper stars+pen+smartphone+water bottle,0,0,0.0,0.0,0.0
3457,Update paper record|paper record+paper stars+smartphone+water bottle,0,0,0.0,0.0,0.0
3458,Cut cardboard|cardboard+power bank+scissors+smartphone,0,0,0.0,0.0,0.0
3459,Adjust cardboard|cardboard+power bank+scissors+smartphone,0,0,0.0,0.0,0.0
3460,Cut cardboard strip|cardboard sheet+cardboard strip+phone+power bank+ruler+scissors+utility knife,0,0,0.0,0.0,0.0
3461,Set down scissors and pick up power bank|cardboard strip+phone+power bank+scissors,0,0,0.0,0.0,0.0
3462,Set down scissors and pick up power bank|power bank+scissors,0,0,0.0,0.0,0.0
3463,Set down scissors and pick up power bank|cardboard strip+craft knife+phone+power bank+ruler+scissors,0,0,0.0,0.0,0.0
3464,Reposition cardboard for cutting|cardboard+scissors,0,0,0.0,0.0,0.0
3465,Arrange cardboard pieces|cardboard pieces+pen+power bank+ruler+scissors+smartphone,0,0,0.0,0.0,0.0
3466,Pick up cardboard strip|cardboard strip+pen+ruler,0,0,0.0,0.0,0.0
3467,Mark cardboard strip with pen|cardboard strip+pen+ruler,0,0,0.0,0.0,0.0
3468,Pick up puzzle piece|jigsaw puzzle+puzzle piece,18,0,0.0,0.0,0.0
3469,Place piece into puzzle|jigsaw puzzle+puzzle piece,22,0,0.0,0.0,0.0
3470,Manipulate puzzle piece|jigsaw puzzle+puzzle piece,27,0,0.0,0.0,0.0
3471,Manipulate puzzle pieces|puzzle box+puzzle mat+puzzle pieces,17,0,0.0,0.0,0.0
3472,Place puzzle piece|puzzle board+puzzle piece,26,0,0.0,0.0,0.0
3473,Observe puzzle progress|hand+jigsaw puzzle,26,0,0.0,0.0,0.0
3474,Search for puzzle piece|jigsaw puzzle+puzzle pieces,23,0,0.0,0.0,0.0
3475,Release puzzle piece|jigsaw puzzle+puzzle box+puzzle pieces,11,0,0.0,0.0,0.0
3476,Adjust puzzle piece|jigsaw puzzle+puzzle box+puzzle pieces,16,0,0.0,0.0,0.0
3477,Reach for puzzle piece|puzzle board+puzzle box+puzzle pieces,11,0,0.0,0.0,0.0
3478,Attempt to fit puzzle piece|puzzle piece,4,0,0.0,0.0,0.0
3479,Attempt to fit puzzle piece|puzzle board+puzzle piece,18,0,0.0,0.0,0.0
3480,Sort puzzle pieces|jigsaw puzzle pieces+table,21,0,0.0,0.0,0.0
3481,Walking across the room|chair+fire extinguisher+office+table,20,0,0.0,0.0,0.0
3482,Approaching the table|beads+chairs+table,16,0,0.0,0.0,0.0
3483,Preparing to craft|beads+chairs+table,4,0,0.0,0.0,0.0
3484,Preparing to craft|beads+chairs+papers+pen+table,3,0,0.0,0.0,0.0
3485,Preparing to craft|beads+papers+pen+table,5,0,0.0,0.0,0.0
3486,Picking up crafting material|beads+papers+pen+table,4,0,0.0,0.0,0.0
3487,Picking up crafting material|beads+papers+pen+smartphone+table+yellow strip,3,0,0.0,0.0,0.0
3488,Picking up crafting material|beads+smartphone+table+yellow strip,6,0,0.0,0.0,0.0
3489,Use phone|beads+paper+power bank+smartphone,16,0,0.0,0.0,0.0
3490,Pick up small piece of material|blue crafting material+hand,10,0,0.0,0.0,0.0
3491,Manipulate material|blue crafting material+hand,16,0,0.0,0.0,0.0
3492,Place material|bead design+blue crafting material+hand,14,0,0.0,0.0,0.0
3493,Manipulate yellow strip|beads+cell phone+pen+yellow strip,17,0,0.0,0.0,0.0
3494,Manipulating paper strips|beads+blue paper strip+yellow paper strip,12,0,0.0,0.0,0.0
3495,Manipulate paper strip|container with tools+table+yellow paper strip,7,0,0.0,0.0,0.0
3496,Manipulate paper strip|yellow paper strip,15,0,0.0,0.0,0.0
3497,Manipulate bead|bead piles+container+paper strips+yellow bead,17,0,0.0,0.0,0.0
3498,Manipulate beads|blue beads+power bank+smartphone+yellow beads,12,0,0.0,0.0,0.0
3499,Use phone while crafting|beads+pencil holder+smartphone+yellow paper strip,12,0,0.0,0.0,0.0
3500,Place phone down|beads+pencil holder+smartphone+yellow paper strip,9,0,0.0,0.0,0.0
3501,Hold and manipulate paper strip|beads+mobile phone+power bank+yellow paper strip,22,0,0.0,0.0,0.0
3502,Interact with smartphone|beads+smartphone+yellow paper strip,8,0,0.0,0.0,0.0
3503,Hold cardboard piece|cardboard strip+desk,0,0,0.0,0.0,0.0
3504,Fold cardboard|cardboard+marker+ruler+utility knife+water bottle,0,0,0.0,0.0,0.0
3505,Draw line on cardboard|cardboard+marker+power bank+ruler+utility knife,0,0,0.0,0.0,0.0
3506,Marking lines on cardboard|black pen+cardboard+power bank+ruler+utility knife,0,0,0.0,0.0,0.0
3507,Repositioning ruler|black pen+cardboard+power bank+ruler+utility knife+water bottle,0,0,0.0,0.0,0.0
3508,Repositioning ruler|black pen+cardboard+pen+power bank+ruler+utility knife+water bottle,0,0,0.0,0.0,0.0
3509,Repositioning ruler|cardboard+pen+power bank+ruler+utility knife,0,0,0.0,0.0,0.0
3510,Position ruler on cardboard|cardboard+marker+metal ruler+power bank+utility knife+water bottle,0,0,0.0,0.0,0.0
3511,Mark cardboard with pen|cardboard+pen+power bank+ruler+utility knife,0,0,0.0,0.0,0.0
3512,Measure and mark cardboard|cardboard+metal ruler+pen,0,0,0.0,0.0,0.0
3513,Place down ruler and pen|cardboard+metal ruler,0,0,0.0,0.0,0.0
3514,Walk through hallway|cardboard+metal ruler,0,0,0.0,0.0,0.0
3515,Observe workspace|cardboard boxes+vacuum cleaner,0,0,0.0,0.0,0.0
3516,Observe workspace|cardboard box+cardboard boxes+cardboard pieces+vacuum cleaner,0,0,0.0,0.0,0.0
3517,Observe workspace|cardboard box+cardboard pieces+vacuum cleaner,0,0,0.0,0.0,0.0
3518,Approach workstation|cardboard+floor,0,0,0.0,0.0,0.0
3519,Approach workstation|cardboard+desk+floor+metal ruler+utility knife,0,0,0.0,0.0,0.0
3520,Approach workstation|cardboard+desk+metal ruler+utility knife,0,0,0.0,0.0,0.0
3521,Pick up marker|cardboard+metal ruler+utility knife+water bottle,0,0,0.0,0.0,0.0
3522,Pick up marker|cardboard+marker+metal ruler+utility knife+water bottle,0,0,0.0,0.0,0.0
3523,Mark cardboard with marker|cardboard+marker+power bank+ruler+utility knife,0,0,0.0,0.0,0.0
3524,Pick up cardboard square|cardboard square+table,0,0,0.0,0.0,0.0
3525,Drop cardboard square into box|cardboard square+table,0,0,0.0,0.0,0.0
3526,Drop cardboard square into box|cardboard square+collection box+table,0,0,0.0,0.0,0.0
3527,Retrieve hand to table|collection box,0,0,0.0,0.0,0.0
3528,Retrieve hand to table|cardboard squares+collection box+table,0,0,0.0,0.0,0.0
3529,Pick up cardboard stack|cardboard squares+table,0,0,0.0,0.0,0.0
3530,Walk with cardboard|cardboard squares,0,0,0.0,0.0,0.0
3531,Open door|door+door handle,0,0,0.0,0.0,0.0
3532,Deposit cardboard squares|cardboard squares+collection box,0,0,0.0,0.0,0.0
3533,Move away from collection box|collection box,0,0,0.0,0.0,0.0
3534,Walking through office hallway|black remote+chair+door+table,0,0,0.0,0.0,0.0
3535,Approaching work table|cardboard squares+person+table,0,0,0.0,0.0,0.0
3536,Grasp cardboard sheet|cardboard sheet+cardboard squares+scissors+utility knife,0,0,0.0,0.0,0.0
3537,Fold cardboard|cardboard sheet,0,0,0.0,0.0,0.0
3538,Cut cardboard sheet with scissors|cardboard sheet+cardboard squares+phone+ruler+scissors+utility knife,0,0,0.0,0.0,0.0
3539,Cut cardboard strip|cardboard strip+utility knife,0,0,0.0,0.0,0.0
3540,Set down utility knife|cardboard strip+utility knife,0,0,0.0,0.0,0.0
3541,Set down utility knife|cardboard squares+cardboard strip+utility knife,0,0,0.0,0.0,0.0
3542,Sort cut cardboard|cardboard square+cardboard squares+scissors,0,0,0.0,0.0,0.0
3543,Prepare to cut cardboard|cardboard squares+table,0,0,0.0,0.0,0.0
3544,Prepare to cut cardboard|cardboard sheet+cardboard squares+metal ruler+table,0,0,0.0,0.0,0.0
3545,Cut cardboard sheet|cardboard sheet+glue stick+metal ruler+scissors+utility knife,0,0,0.0,0.0,0.0
3546,Score cardboard|cardboard sheet+cardboard squares+metal ruler+utility knife,0,0,0.0,0.0,0.0
3547,Cut cardboard strip with scissors|cardboard strip+cutting mat+metal ruler+scissors+utility knife,0,0,0.0,0.0,0.0
3548,Place cardboard square|cardboard stacks+cardboard strip+ruler+scissors,0,0,0.0,0.0,0.0
3549,Place cardboard square|cardboard square+cardboard stacks+cardboard strip+ruler+scissors,0,0,0.0,0.0,0.0
3550,Pick up cardboard strip|cardboard squares+cardboard strip+ruler+scissors,0,0,0.0,0.0,0.0
3551,Sort buttons|buttons+table,22,0,0.0,0.0,0.0
3552,Arrange buttons|red buttons+smartphone+table,29,0,0.0,0.0,0.0
3553,Arrange buttons in a line|buttons+phone+table,29,0,0.0,0.0,0.0
3554,Sort and arrange buttons|buttons+smartphones+soda can+table,14,0,0.0,0.0,0.0
3555,Sort and arrange buttons|buttons+smartphones+table,15,0,0.0,0.0,0.0
3556,Pick up button|buttons+table,11,0,0.0,0.0,0.0
3557,Pick up button|buttons+hand+table,9,0,0.0,0.0,0.0
3558,Place button|buttons+hand+smartphone+table,21,0,0.0,0.0,0.0
3559,Sort button|buttons+cell phone,28,0,0.0,0.0,0.0
3560,Sort and adjust button line|buttons+smartphone+table,29,0,0.0,0.0,0.0
3561,Use smartphone|buttons+chair+smartphone+table,7,0,0.0,0.0,0.0
3562,Use smartphone|buttons+smartphone+table,21,0,0.0,0.0,0.0
3563,Sort and place buttons|buttons+coca-cola can+smartphone,14,0,0.0,0.0,0.0
3564,Sort and place buttons|buttons+smartphone,14,0,0.0,0.0,0.0
3565,Walking in the hallway|hallway+people+tables+vr headsets,22,0,0.0,0.0,0.0
3566,Approaching and pressing the door switch|glass door+switch+wall,22,0,0.0,0.0,0.0
3567,Entering the VR training room|doorway+person+table,11,0,0.0,0.0,0.0
3568,Entering the VR training room|doorway+person+table+vr headset,3,0,0.0,0.0,0.0
3569,Entering the VR training room|person+table+vr headset,6,0,0.0,0.0,0.0
3570,Greeting/acknowledging participants|person+table+vr headset,20,0,0.0,0.0,0.0
3571,Move through the training room|chairs+fire extinguisher+tables+vr headsets,11,0,0.0,0.0,0.0
3572,Move through the training room|chairs+fire extinguisher+people+slippers+tables+vr headsets,3,0,0.0,0.0,0.0
3573,Move through the training room|fire extinguisher+people+slippers+tables+vr headsets,8,0,0.0,0.0,0.0
3574,Manipulate plastic strips|desk+plastic strips+water bottle,28,0,0.0,0.0,0.0
3575,Manipulate plastic strip|purple plastic strip+storage bin+water bottle,28,0,0.0,0.0,0.0
3576,Hold and bend plastic strip|bottle+purple plastic strip+stationery box,23,0,0.0,0.0,0.0
3577,Bend and manipulate plastic strip|plastic strip+stationary box+table+water bottle,14,0,0.0,0.0,0.0
3578,Bend and manipulate plastic strip|plastic strip,16,0,0.0,0.0,0.0
3579,Fold plastic strip|container with tools+purple plastic strip+water bottle+white table,23,0,0.0,0.0,0.0
3580,Cut cardboard square|cardboard sheet+scissors+smartphone+stack of cardboard squares,0,0,0.0,0.0,0.0
3581,Place cardboard square|cardboard square+stack of cardboard squares,0,0,0.0,0.0,0.0
3582,Place cardboard piece on stack|cardboard square+scissors+smartphone,0,0,0.0,0.0,0.0
3583,Place cardboard piece on stack|cardboard square+cardboard squares stack+scissors+smartphone,0,0,0.0,0.0,0.0
3584,Hold cardboard piece|cardboard sheet+cardboard square+scissors+smartphone,0,0,0.0,0.0,0.0
3585,Cut cardboard piece|cardboard sheet+cardboard square+scissors+smartphone,0,0,0.0,0.0,0.0
3586,Trim cardboard piece|cardboard square+cardboard stacks+scissors+smartphone,0,0,0.0,0.0,0.0
3587,Trim cardboard piece|cardboard scraps+cardboard square+cardboard stacks+scissors+smartphone,0,0,0.0,0.0,0.0
3588,Trim cardboard piece|cardboard scraps+cardboard square+scissors+smartphone,0,0,0.0,0.0,0.0
3589,Move cardboard sheet|cardboard sheet+scissors+utility knife,0,0,0.0,0.0,0.0
3590,Release cardboard|cardboard sheet+utility knife,0,0,0.0,0.0,0.0
3591,Pick up scissors|cardboard sheet+mobile phone+scissors+utility knife,0,0,0.0,0.0,0.0
3592,Position cardboard piece|cardboard square+scissors,0,0,0.0,0.0,0.0
3593,Trim cardboard|cardboard piece+cardboard sheet+cardboard stacks+scissors,0,0,0.0,0.0,0.0
3594,Sort buttons by color|buttons+table+water bottle,0,0,0.0,0.0,0.0
3595,Sort button by color|mixed buttons+phone+power bank+water bottle,0,0,0.0,0.0,0.0
3596,Reach for button|blue buttons+red buttons+yellow buttons,0,0,0.0,0.0,0.0
3597,Place button in group|blue buttons+red buttons+yellow buttons,0,0,0.0,0.0,0.0
3598,Place button in group|blue buttons+hand+orange buttons+red buttons+yellow buttons,0,0,0.0,0.0,0.0
3599,Place button in group|hand+orange buttons,0,0,0.0,0.0,0.0
3600,Hold water bottle|buttons+water bottle,0,0,0.0,0.0,0.0
3601,Place water bottle on table|buttons+water bottle,0,0,0.0,0.0,0.0
3602,Reach for phone|buttons+water bottle,0,0,0.0,0.0,0.0
3603,Reach for phone|buttons+smartphone+water bottle,0,0,0.0,0.0,0.0
3604,Sort buttons|buttons+phone+power bank+water bottle,0,0,0.0,0.0,0.0
3605,Move away from table|buttons+smartphone+water bottle,0,0,0.0,0.0,0.0
3606,Move away from table|buttons+chair+paper+pen+smartphone+water bottle,0,0,0.0,0.0,0.0
3607,Move away from table|chair+paper+pen,0,0,0.0,0.0,0.0
3608,Return to sorting|buttons+smartphone+water bottle,0,0,0.0,0.0,0.0
3609,Manipulate paper decoration|paper cone+paper decoration+smartphone+water bottle,38,0,0.0,0.0,0.0
3610,Manipulate paper edge|hands+paper cone+puzzle box+smartphone+water bottle,27,0,0.0,0.0,0.0
3611,Placing paper strip|paper cone+phone+puzzle box+water bottle,4,0,0.0,0.0,0.0
3612,Placing paper strip|adhesive strip+paper cone+phone+puzzle box+water bottle,3,0,0.0,0.0,0.0
3613,Placing paper strip|adhesive strip+paper cone+phone,19,0,0.0,0.0,0.0
3614,Manipulate paper strip|paper cone+paper strip+puzzle box+smartphone+water bottle,27,0,0.0,0.0,0.0
3615,Securing paper structure|decorative stars+paper strips+smartphone+water bottle,11,0,0.0,0.0,0.0
3616,Securing paper structure|decorative stars+paper cone+paper strip+paper strips+puzzle box+smartphone+water bottle,3,0,0.0,0.0,0.0
3617,Securing paper structure|paper cone+paper strip+puzzle box+smartphone+water bottle,23,0,0.0,0.0,0.0
3618,Manipulate adhesive strip|adhesive strip+paper sheets+puzzle box+smartphone+water bottle,37,0,0.0,0.0,0.0
3619,Secure paper edges with adhesive|adhesive strip+paper cone pieces+puzzle box+smartphone+water bottle,26,0,0.0,0.0,0.0
3620,Sort beads|paper+pen+smartphone+star-shaped beads,14,0,0.0,0.0,0.0
3621,Record count|paper+pen+star-shaped beads,13,0,0.0,0.0,0.0
3622,Sort beads and write count|paper+pen+power bank+smartphone+star-shaped beads,18,0,0.0,0.0,0.0
3623,Counting and organizing beads|cardboard squares+paper+pen+star-shaped beads,15,0,0.0,0.0,0.0
3624,Pick up star bead|cardboard squares+mobile phone+paper+pen+power bank+star beads,14,0,0.0,0.0,0.0
3625,Place and count bead|paper+pen+star beads,16,0,0.0,0.0,0.0
3626,Sort star-shaped beads|marker+mobile phone+paper+power bank+star-shaped beads,16,0,0.0,0.0,0.0
3627,Write count on paper|marker+mobile phone+paper+power bank+star-shaped beads,12,0,0.0,0.0,0.0
3628,Hold beads|paper+pen+power bank+smartphone+star-shaped beads,16,0,0.0,0.0,0.0
3629,Arrange star beads|paper+pen+power bank+smartphone+star beads,17,0,0.0,0.0,0.0
3630,Pick up pen|paper+pen+star beads,14,0,0.0,0.0,0.0
3631,Counting star beads|paper+pen+star beads,17,0,0.0,0.0,0.0
3632,Retrieving more beads|paper+pen+star beads,13,0,0.0,0.0,0.0
3633,Write on paper|cardboard square+paper+pen+star beads,9,0,0.0,0.0,0.0
3634,Adjust paper|cardboard square+paper+pen+star beads,13,0,0.0,0.0,0.0
3635,Gather star beads|cardboard squares+mobile phone+paper+pen+power bank+star beads,13,0,0.0,0.0,0.0
3636,Arrange star beads for counting|paper+pen+star beads,15,0,0.0,0.0,0.0
3637,Sort and count beads|paper+pen+star beads,12,0,0.0,0.0,0.0
3638,Pick up product|cloth+shelf+yellow product+yellow product packet,0,0,0.0,0.0,0.0
3639,Pick up product|cloth+shelf+yellow product,0,0,0.0,0.0,0.0
3640,Hold product|cardboard box+cleaning glove+product+shelf,0,0,0.0,0.0,0.0
3641,Hold product|cleaning glove+product+shelf,0,0,0.0,0.0,0.0
3642,Walk towards shelf|cleaning cloth+coworker+mickey mouse product+mickey mouse product box+shelf,0,0,0.0,0.0,0.0
3643,Walk towards shelf|cleaning cloth+mickey mouse product box,0,0,0.0,0.0,0.0
3644,Draw line on cardboard|cardboard+metal ruler+red marker+scissors+water bottle,0,0,0.0,0.0,0.0
3645,Hold container lid|red plastic container lid,7,0,0.0,0.0,0.0
3646,Move towards the stove|faucet+kettle+sink,1,0,0.0,0.0,0.0
3647,Closing the door|door,4,0,0.0,0.0,0.0
3648,Wipe kitchen counter|bowl+cloth+countertop+door+laundry basket+mop+plate+pot+sink,2,0,0.0,0.0,0.0
3649,Wipe kitchen counter|bowl+cloth+countertop+plate+pot+sink,4,0,0.0,0.0,0.0
3650,Place cloth on floor|yellow circular object,1,0,0.0,0.0,0.0
3651,Move pot|blue bowl+green basket+pot+red bowl+towel,1,0,0.0,0.0,0.0
3652,Cut cardboard|cardboard+desk+metal ruler+pen+ruler+utility knife,2,0,0.0,0.0,0.0
3653,Cut cardboard|cardboard+desk+metal ruler+utility knife,13,0,0.0,0.0,0.0
3654,Cut cardboard|cardboard+desk+metal ruler+phone+utility knife,2,0,0.0,0.0,0.0
3655,Cut cardboard|cardboard+phone+utility knife,13,0,0.0,0.0,0.0
3656,Cut cardboard|cardboard+phone+utility knife+water bottle,2,0,0.0,0.0,0.0
3657,Cut cardboard|cardboard+utility knife+water bottle,13,0,0.0,0.0,0.0
3658,Cut cardboard|cardboard+table+utility knife+water bottle,2,0,0.0,0.0,0.0
3659,Cut cardboard|cardboard+table+utility knife,12,0,0.0,0.0,0.0
3660,Place jar on shelf|glass jar+shelf,0,0,0.0,0.0,0.0
3661,Place jar on shelf|jar,0,0,0.0,0.0,0.0
3662,Assess shelf arrangement|canned food+shelf,0,0,0.0,0.0,0.0
3663,Reach for product|bottles+cardboard box+shelf+smartphone,0,0,0.0,0.0,0.0
3664,Press foam piece|blue foam pile+foam base+foam pieces+foam strip+hand+phone+purple foam pile+small blue foam piece+yellow foam pile,0,0,0.0,0.0,0.0
3665,Pick up bottle|bottle+foam pieces+foam strip+foam strips+hand+phone+table,0,0,0.0,0.0,0.0
3666,Release foam strip|blue foam pieces+bottle+foam strip+phone+purple foam pieces+yellow foam pieces,0,0,0.0,0.0,0.0
3667,Observe craft layout|blue foam pieces+foam strip+foam strips+phone+purple foam pieces+table+yellow foam pieces,0,0,0.0,0.0,0.0
3668,Reach for foam strips|blue foam pieces+blue foam strip+foam strips+hands+phone+purple foam pieces+table+yellow foam pieces+yellow foam strip,0,0,0.0,0.0,0.0
3669,Adjust foam strip|blue foam strip+blue foam strips+phone+power bank+purple foam strips+yellow foam strips,0,0,0.0,0.0,0.0
3670,Attach foam strip|black electronic device+blue foam strip+light blue foam pieces+light blue foam strip+phone+purple foam pieces+table+yellow foam pieces+yellow foam strip,0,0,0.0,0.0,0.0
3671,Press foam piece to strip|blue foam pieces+electronic device+foam strip+light blue foam pieces+phone+purple foam pieces+yellow foam piece+yellow foam pieces,0,0,0.0,0.0,0.0
3672,Pinch foam strips|blue foam strip+camera device+foam pieces+hands+mobile phone+smartphone+table+yellow foam strip,0,0,0.0,0.0,0.0
3673,Place blue foam piece|blue foam bits+blue foam strip+foam strips+phone+purple foam bits+purple foam pieces+smartphone+torn blue foam piece+yellow foam bits+yellow foam piece+yellow foam pieces,0,0,0.0,0.0,0.0
3674,Press blue strip|blue foam bits+blue paper strip+blue strip+hand+light blue paper bits+phone+purple foam bits+purple paper bits+smartphone+yellow foam bits+yellow paper bits+yellow paper strip+yellow strip,0,0,0.0,0.0,0.0
3675,Position blue strip|blue paper strip+blue strip+light blue paper bits+light blue paper pile+phone+purple paper bits+purple paper pile+yellow paper bits+yellow paper pile+yellow paper strip+yellow strip,0,0,0.0,0.0,0.0
3676,Lift blue strip|blue strip+camera+electronic device+phone+purple paper pile+purple paper scraps+yellow paper pile+yellow paper scraps,0,0,0.0,0.0,0.0
3677,Align paper strip|blue paper strip+hand+hands+light blue paper strips+paper strip+phone+purple paper strips+smartphone+yellow paper strips,0,0,0.0,0.0,0.0
3678,Interlock paper strips|blue paper strip+hand+mobile phone+paper strip+phone+power bank+table+yellow paper strip,0,0,0.0,0.0,0.0
3679,Turn away from table|blue paper strip+carpet+chair+hand+mobile phone+person+pink slippers+table+yellow paper strip,0,0,0.0,0.0,0.0
3680,Pick up paper strip|black device+blue bits+blue paper bits+blue paper strip+paper strip+phone+purple bits+purple paper bits+smartphone+yellow bits+yellow paper bits+yellow paper strip,0,0,0.0,0.0,0.0
3681,Pick up tool|chair+craft material+desk+paper strip+phone+table+tool,0,0,0.0,0.0,0.0
3682,Pick up tool|chair+desk+floor+paper strip+table+tool,0,0,0.0,0.0,0.0
3683,Walk down hallway|door+glass partition+glass wall+hallway+person+table+wall,0,0,0.0,0.0,0.0
3684,Enter workspace|chair+craft materials+door+notebook+pen+person+table+wall+window,0,0,0.0,0.0,0.0
3685,Enter workspace|chair+craft materials+door+door handle+notebook+person+sign+table+wall+window,0,0,0.0,0.0,0.0
3686,Walk to table|cardboard box+door+paper+table,0,0,0.0,0.0,0.0
3687,Enter the room|chair+floor+hallway+head-mounted display+person+table+wall,0,0,0.0,0.0,0.0
3688,Enter the room|chair+floor+person+poster+table+wall,0,0,0.0,0.0,0.0
3689,Walk towards table|chair+door+floor+person+poster+table+wall,0,0,0.0,0.0,0.0
3690,Touch colleague's back|chair+colleague+person+table,0,0,0.0,0.0,0.0
3691,Observe and walk through store|cardboard box+colleague+inventory boxes+shelves,2,0,0.0,0.0,0.0
3692,Inspect shelf condition|shelf,8,0,0.0,0.0,0.0
3693,Approach boxes|cardboard boxes+colleague+red bin+shelving unit,3,0,0.0,0.0,0.0
3694,Extract wire hangers from box|wire hangers,6,0,0.0,0.0,0.0
3695,Release hook|display hook+wire shelf,2,0,0.0,0.0,0.0
3696,Release hook|wire shelf,4,0,0.0,0.0,0.0
3697,Place items on the shelf|packaged items+retail shelf+shopping bag+stationery package,2,0,0.0,0.0,0.0
3698,Pick up new cardboard piece|cardboard piece+marker+pencil case+ruler+scissors,1,0,0.0,0.0,0.0
3699,Place marked piece down|cardboard piece+cardboard stack+marker,7,0,0.0,0.0,0.0
3700,Cut cardboard piece|cardboard pile+cardboard strip+scissors,6,0,0.0,0.0,0.0
3701,Marking cardboard piece|cardboard pieces+marker+ruler,9,0,0.0,0.0,0.0
3702,Place back Dior gift box|dior gift box+spices+supermarket shelf,0,0,0.0,0.0,0.0
3703,Place back Dior gift box|supermarket shelf,0,0,0.0,0.0,0.0
3704,Release bottle|bottle+hand+shelf,0,0,0.0,0.0,0.0
3705,Move along the supermarket aisle|canned goods+snack bag,0,0,0.0,0.0,0.0
3706,Release cardboard shape|cardboard sheet+cardboard triangle+scissors+smartphone,0,0,0.0,0.0,0.0
3707,Manipulate cardboard shape|cardboard shape+scissors+smartphone,0,0,0.0,0.0,0.0
3708,Pick up phone|cardboard shape+cardboard stack+scissors+smartphone,0,0,0.0,0.0,0.0
3709,Pick up phone|cardboard stack+smartphone,0,0,0.0,0.0,0.0
3710,Walk through workspace|boxes+cardboard pieces+phone,0,0,0.0,0.0,0.0
3711,Walk through workspace|boxes+phone,0,0,0.0,0.0,0.0
3712,Prepare to place cardboard|boxes+cardboard pieces+phone+scissors+table,0,0,0.0,0.0,0.0
3713,Prepare to place cardboard|cardboard pieces+scissors+table,0,0,0.0,0.0,0.0
3714,Prepare to place cardboard|cardboard pieces+chair+scissors+table,0,0,0.0,0.0,0.0
3715,Reach for next canned food|box+canned food,1,0,0.0,0.0,0.0
3716,Pick up canned food|canned food+plastic crate,5,0,0.0,0.0,0.0
3717,Interact with smartphone|cans+cereal box+shelf+smartphone,2,0,0.0,0.0,0.0
3718,Manipulate craft piece|blue fan craft piece+craft pieces+purple craft pieces+scissors+smartphone+yellow craft pieces,2,0,0.0,0.0,0.0
3719,Manipulate craft piece|blue fan craft piece+purple craft pieces+scissors+smartphone+yellow craft pieces,12,0,0.0,0.0,0.0
3720,Manipulate craft paper strips|blue paper fan+paper strips+scissors+smartphone,6,0,0.0,0.0,0.0
3721,Operate smartphone|craft paper strips+folded paper fan+paper scraps+scissors+smartphone+table,2,0,0.0,0.0,0.0
3722,Operate smartphone|paper scraps+scissors+smartphone+table,13,0,0.0,0.0,0.0
3723,Release paper strip|beads+craft beads+paper strip+phone+scissors+table,2,0,0.0,0.0,0.0
3724,Release paper strip|beads+paper strip+phone+scissors+table,15,0,0.0,0.0,0.0
3725,Sort small craft pieces|craft pieces+paper strips+scissors+smartphone+star-shaped craft pieces+table,2,0,0.0,0.0,0.0
3726,Sort small craft pieces|craft pieces+scissors+smartphone+table,5,0,0.0,0.0,0.0
3727,Hold product package|product package+shelf,0,0,0.0,0.0,0.0
3728,Retrieve items from bag|charging cable bundles+shopping bag,0,0,0.0,0.0,0.0
3729,Remove item from bag|packaged colorful item,0,0,0.0,0.0,0.0
3730,fold purple ribbon|hands+purple ribbon,0,0,0.0,0.0,0.0
3731,Fold ribbon|hands+purple ribbon+table,0,0,0.0,0.0,0.0
3732,Fold ribbon|purple ribbon+table,0,0,0.0,0.0,0.0
3733,Manipulate ribbon knot|desk+folded ribbon piece+hands+purple ribbon+purple ribbon knot,0,0,0.0,0.0,0.0
3734,Manipulate ribbon knot|hands+purple ribbon,0,0,0.0,0.0,0.0
3735,Open paper lantern|cardboard storage box+red paper honeycomb lantern,10,0,0.0,0.0,0.0
3736,Grasp lantern component|paper lantern,3,0,0.0,0.0,0.0
3737,Remove paper lantern part from packaging|paper lantern component+plastic packaging,3,0,0.0,0.0,0.0
3738,Mark cardboard with marker|black marker+cardboard+metal ruler,0,0,0.0,0.0,0.0
3739,Cut along the line|cardboard+metal ruler+utility knife,0,0,0.0,0.0,0.0
3740,Cut cardboard with utility knife|cardboard strip+metal ruler+utility knife,0,0,0.0,0.0,0.0
3741,Tear off cardboard segment|cardboard+cardboard segment+main cardboard sheet+metal ruler+pen+utility knife,0,0,0.0,0.0,0.0
3742,Tear off cardboard segment|cardboard+metal ruler+pen+utility knife,0,0,0.0,0.0,0.0
3743,Browsing smartphone content|blue ribbon+desk+pen holder+power bank+smartphone+table,0,0,0.0,0.0,0.0
3744,Manipulate small component|blue small component+desk+hands+pen holder+pens holder+small decorative component+smartphone,0,0,0.0,0.0,0.0
3745,Manipulate small component|hands+pen holder+small decorative component,0,0,0.0,0.0,0.0
3746,Manipulate small component|hands+small decorative component,0,0,0.0,0.0,0.0
3747,Manipulate component on strip|blue strip+small components,0,0,0.0,0.0,0.0
3748,Put down smartphone|paper quilling strips+power bank+smartphone+star beads,2,0,0.0,0.0,0.0
3749,Put down smartphone|paper quilling strips+smartphone+star beads,5,0,0.0,0.0,0.0
3750,Place smartphone down|beads+charging bank+power bank+quilling paper strips+small paper stars+smartphone,2,0,0.0,0.0,0.0
3751,Place smartphone down|beads+charging bank+smartphone,7,0,0.0,0.0,0.0
3752,Record count on notepad|notepad+paper stars+pen,0,0,0.0,0.0,0.0
3753,Place device on lap|blue pen+electronic counting device+mobile phone+paper sheet+paper stars+pen+recording paper+tablet+water bottle,0,0,0.0,0.0,0.0
3754,Place device on lap|blue pen+mobile phone+paper sheet+paper stars+water bottle,0,0,0.0,0.0,0.0
3755,Resume counting stars|paper+paper stars+pen,0,0,0.0,0.0,0.0
3756,Update paper record|paper record+paper stars+pen+smartphone+water bottle,0,0,0.0,0.0,0.0
3757,Cut cardboard|cardboard+desk+power bank+scissors+smartphone,0,0,0.0,0.0,0.0
3758,Cut cardboard|cardboard+desk+scissors,0,0,0.0,0.0,0.0
3759,Cut cardboard strip|cardboard strip+phone+power bank+scissors,0,0,0.0,0.0,0.0
3760,Mark cardboard strip with pen|cardboard pieces+cardboard strip+metal ruler+pen+power bank+ruler+scissors+smartphone+utility knife,0,0,0.0,0.0,0.0
3761,Mark cardboard strip with pen|cardboard pieces+cardboard strip+metal ruler+pen+power bank+scissors+smartphone+utility knife,0,0,0.0,0.0,0.0
3762,Manipulate puzzle pieces|puzzle mat+puzzle pieces,10,0,0.0,0.0,0.0
3763,Pick up puzzle piece|jigsaw puzzle+puzzle pieces,3,0,0.0,0.0,0.0
3764,Attempt to fit puzzle piece|puzzle board+puzzle box+puzzle piece,5,0,0.0,0.0,0.0
3765,Manipulating paper strips|blue paper strip+yellow paper strip,5,0,0.0,0.0,0.0
3766,Manipulate beads|blue beads+smartphone+yellow beads,10,0,0.0,0.0,0.0
3767,Observe workspace|cardboard pieces+vacuum cleaner,0,0,0.0,0.0,0.0
3768,Observe workspace|cardboard pieces+stool+vacuum cleaner,0,0,0.0,0.0,0.0
3769,Pick up marker|cardboard+marker+metal ruler+power bank+ruler+utility knife+water bottle,0,0,0.0,0.0,0.0
3770,Pick up marker|cardboard+marker+power bank+ruler+utility knife,0,0,0.0,0.0,0.0
3771,Mark cardboard with marker|cardboard+marker+ruler,0,0,0.0,0.0,0.0
3772,Drop cardboard square into box|collection box,0,0,0.0,0.0,0.0
3773,Retrieve hand to table|cardboard squares+table,0,0,0.0,0.0,0.0
3774,Approaching work table|black remote+cardboard squares+person+table,0,0,0.0,0.0,0.0
3775,Prepare to cut cardboard|cardboard sheet+metal ruler+table,0,0,0.0,0.0,0.0
3776,Cut cardboard strip with scissors|cardboard strip+scissors,0,0,0.0,0.0,0.0
3777,Place cardboard square|cardboard square+cardboard stacks+scissors,0,0,0.0,0.0,0.0
3778,Pick up cardboard strip|cardboard strip+scissors,0,0,0.0,0.0,0.0
3779,Sort buttons|buttons+smartphone+table,6,0,0.0,0.0,0.0
3780,Approaching and pressing the door switch|glass door+switch,1,0,0.0,0.0,0.0
3781,Greeting/acknowledging participants|chair+person+table+vr headset,2,0,0.0,0.0,0.0
3782,Greeting/acknowledging participants|chair+person+table,4,0,0.0,0.0,0.0
3783,Fold plastic strip|container+container with tools+plastic bottle+plastic strip+purple plastic strip+water bottle+white table,2,0,0.0,0.0,0.0
3784,Fold plastic strip|container+plastic bottle+plastic strip,10,0,0.0,0.0,0.0
3785,Cut cardboard square|cardboard sheet+cardboard square+scissors+smartphone+stack of cardboard squares,0,0,0.0,0.0,0.0
3786,Cut cardboard square|cardboard square+scissors,0,0,0.0,0.0,0.0
3787,Place cardboard square|stack of cardboard squares,0,0,0.0,0.0,0.0
3788,Cut cardboard square|cardboard sheet+cardboard square+scissors+smartphone,0,0,0.0,0.0,0.0
3789,Place cardboard piece on stack|cardboard sheet+cardboard squares pile+scissors,0,0,0.0,0.0,0.0
3790,Cut cardboard piece|cardboard piece+cardboard sheet+cardboard square+cardboard stack+ruler+scissors+smartphone,0,0,0.0,0.0,0.0
3791,Cut cardboard piece|cardboard piece+cardboard stack+ruler+scissors,0,0,0.0,0.0,0.0
3792,Place cardboard piece on stack|cardboard scraps+cardboard square+scissors+smartphone,0,0,0.0,0.0,0.0
3793,Place cardboard piece on stack|cardboard scraps+cardboard sheet+cardboard square+cardboard stacks+scissors+smartphone,0,0,0.0,0.0,0.0
3794,Place cardboard piece on stack|cardboard sheet+cardboard stacks+scissors,0,0,0.0,0.0,0.0
3795,Trim cardboard piece|cardboard sheet+cardboard squares+scissors+smartphone,0,0,0.0,0.0,0.0
3796,Place cardboard piece on stack|cardboard sheet+cardboard squares+scissors+smartphone,0,0,0.0,0.0,0.0
3797,Trim cardboard piece|cardboard piece+scissors+smartphone,0,0,0.0,0.0,0.0
3798,Sort buttons by color|buttons+paper+pen+table+water bottle,0,0,0.0,0.0,0.0
3799,Sort buttons by color|buttons+hand+paper+pen+table+water bottle,0,0,0.0,0.0,0.0
3800,Sort buttons by color|buttons+hand,0,0,0.0,0.0,0.0
3801,Sort button by color|mixed buttons+phone+power bank+smartphone+water bottle,0,0,0.0,0.0,0.0
3802,Sort button by color|mixed buttons+smartphone+water bottle,0,0,0.0,0.0,0.0
3803,Sort buttons|buttons+mixed buttons+phone+power bank+sorted buttons+water bottle,0,0,0.0,0.0,0.0
3804,Sort buttons|mixed buttons+phone+power bank+sorted buttons+water bottle,0,0,0.0,0.0,0.0
3805,Manipulate paper edge|hands+paper cone+phone+puzzle box+smartphone+water bottle,2,0,0.0,0.0,0.0
3806,Manipulate paper edge|paper cone+phone+puzzle box+water bottle,8,0,0.0,0.0,0.0
3807,Placing paper strip|paper cone+phone,1,0,0.0,0.0,0.0
3808,Placing paper strip|paper cone+paper strip+phone+puzzle box+water bottle,15,0,0.0,0.0,0.0
3809,Manipulate paper strip|jigsaw puzzle box+paper cone+paper strip+phone+puzzle box+smartphone+water bottle,2,0,0.0,0.0,0.0
3810,Manipulate paper strip|jigsaw puzzle box+paper strip+phone+water bottle,13,0,0.0,0.0,0.0
3811,Secure paper edges with adhesive|adhesive strip+paper cone+paper cone pieces+puzzle box+smartphone+water bottle,2,0,0.0,0.0,0.0
3812,Secure paper edges with adhesive|adhesive strip+paper cone+puzzle box+smartphone+water bottle,7,0,0.0,0.0,0.0
3813,Place canned food on shelf|canned food+glove+shelf,0,0,0.0,0.0,0.0
3814,Inspect product|cloth+gloved hand+yellow product+yellow product packet,0,0,0.0,0.0,0.0
3815,Inspect product|gloved hand+yellow product packet,0,0,0.0,0.0,0.0
3816,Pick up product from box|cardboard box+cleaning glove+product+shelf,0,0,0.0,0.0,0.0
3817,Pick up product from box|cardboard box+cleaning glove+product,0,0,0.0,0.0,0.0
3818,Draw straight line|cardboard+metal ruler+red marker+scissors+utility knife+water bottle,0,0,0.0,0.0,0.0
3819,Inspect cardboard piece|cardboard piece+hands+small cardboard piece,0,0,0.0,0.0,0.0
3820,Inspect cardboard piece|small cardboard piece,0,0,0.0,0.0,0.0
3821,Inspect cardboard piece|cardboard boxes+small cardboard piece,0,0,0.0,0.0,0.0
3822,Draw lines on cardboard|box of cardboard pieces+cardboard+plastic water bottle+red marker+ruler+scissors,0,0,0.0,0.0,0.0
3823,Draw line on cardboard|cardboard+metal ruler+red marker+water bottle,0,0,0.0,0.0,0.0
3824,Draw line on cardboard|box cutter+cardboard+metal ruler+red marker+water bottle,0,0,0.0,0.0,0.0
3825,Reposition hands and ruler|cardboard+marker+metal ruler+orange ruler+red marker+scissors+utility knife+water bottle,0,0,0.0,0.0,0.0
3826,Reposition hands and ruler|cardboard+orange ruler+red marker+utility knife+water bottle,0,0,0.0,0.0,0.0
3827,Cut cardboard strip with utility knife|cardboard sheet+ruler+scissors+utility knife+water bottle,0,0,0.0,0.0,0.0
3828,Hold smartphone|bowl+food container+kettle+kitchen counter+sink+smartphone,1,0,0.0,0.0,0.0
3829,Move towards the stove|blue bowl+countertop+faucet+floor+metal container+red bowl+sink,2,0,0.0,0.0,0.0
3830,Open stove pot lid|blue bowl+cloth+faucet+pot+pot lid+red bowl+sink+soap dispenser+stove+white bowl,1,0,0.0,0.0,0.0
3831,Open stove pot lid|pot+pot lid+stove,6,0,0.0,0.0,0.0
3832,Grasp cleaning bottle|bowls+chopping board+cleaning bottle+cleaning fluid bottle+plastic bowls,1,0,0.0,0.0,0.0
3833,Grasping cleaning cloth|cleaning cloth,1,0,0.0,0.0,0.0
3834,Place towel|faucet+metal pot+pot+sink+towel,1,0,0.0,0.0,0.0
3835,Place towel|faucet+metal pot+sink+towel,1,0,0.0,0.0,0.0
3836,Cut cardboard|cardboard+utility knife,39,0,0.0,0.0,0.0
3837,Cut cardboard|cardboard+hand+utility knife,6,0,0.0,0.0,0.0
3838,Cut cardboard|cardboard+smartphone+utility knife,6,0,0.0,0.0,0.0
3839,Pick up item from bin|food items+grocery shelf+plastic bin,0,0,0.0,0.0,0.0
3840,Pick up item from bin|food item+food items+grocery shelf+plastic bin,0,0,0.0,0.0,0.0
3841,Place item on shelf|food item+grocery shelf+plastic bin,0,0,0.0,0.0,0.0
3842,Place item on shelf|colostrum canister+food item+grocery shelf+jar of food+shelf,0,0,0.0,0.0,0.0
3843,Place item on shelf|colostrum canister+jar of food+shelf,0,0,0.0,0.0,0.0
3844,Place item on shelf|colostrum canister+jar of food,0,0,0.0,0.0,0.0
3845,Place item on shelf|bin+food product+shelf,0,0,0.0,0.0,0.0
3846,Check smart watch|jars+shelf+smart watch+smartwatch,0,0,0.0,0.0,0.0
3847,Check smart watch|jars+shelf+smart watch,0,0,0.0,0.0,0.0
3848,Pick up jar|jar+jars+shelf+storage container,0,0,0.0,0.0,0.0
3849,Pick up jar|jar,0,0,0.0,0.0,0.0
3850,Place jar on shelf|jar+shelf+storage container,0,0,0.0,0.0,0.0
3851,Hold empty container|plastic container+shelf,0,0,0.0,0.0,0.0
3852,Assess shelf arrangement|shelf+yellow promotion sign,0,0,0.0,0.0,0.0
3853,Assess shelf arrangement|empty cardboard box+shelf+yellow promotion sign,0,0,0.0,0.0,0.0
3854,Reach for product|cardboard box+shelf,0,0,0.0,0.0,0.0
3855,Reach for product|bottles+cardboard box+shelf,0,0,0.0,0.0,0.0
3856,Reach for product|bottles+cardboard box+clear plastic pouches+shelf,0,0,0.0,0.0,0.0
3857,Reach for product|cardboard box+clear plastic pouches+plastic-wrapped product+shelf,0,0,0.0,0.0,0.0
3858,Reach for product|cardboard box+plastic-wrapped product+shelf,0,0,0.0,0.0,0.0
3859,Press foam piece|blue foam pile+bottle+foam base+foam pieces+foam strip+hand+phone+purple foam pile+small blue foam piece+yellow foam pile,0,0,0.0,0.0,0.0
3860,Pick up bottle|bottle+foam strips+phone+table,0,0,0.0,0.0,0.0
3861,Touch foam strip|bottle+foam strip+foam strips+phone+table+yellow foam pieces,0,0,0.0,0.0,0.0
3862,Observe craft layout|blue foam pieces+bottle+foam strip+foam strips+phone+purple foam pieces+table+yellow foam pieces,0,0,0.0,0.0,0.0
3863,Observe craft layout|blue foam pieces+blue foam strip+foam strips+phone+purple foam pieces+table+yellow foam pieces+yellow foam strip,0,0,0.0,0.0,0.0
3864,Assemble foam strips|blue foam strip+blue foam strips+hands+phone+power bank+purple foam strips+table+yellow foam strip+yellow foam strips,0,0,0.0,0.0,0.0
3865,Adjust foam strip|blue foam strip+blue foam strips+foam strips+hand+phone+power bank+purple foam strips+table+yellow foam strips,0,0,0.0,0.0,0.0
3866,Adjust foam strip|blue foam strip+foam strips+hand+phone+table+yellow foam strips,0,0,0.0,0.0,0.0
3867,Align foam strip|blue foam strip+foam strips+hand+phone+table+yellow foam strip,0,0,0.0,0.0,0.0
3868,Curve foam strip into loop|black electronic device+blue foam pieces+blue foam strip+electronic device+light blue foam pieces+light blue foam strip+phone+purple foam pieces+yellow foam pieces,0,0,0.0,0.0,0.0
3869,Press ends of foam strip together|camera+electronic device+foam strip+light blue foam pieces+phone+purple foam pieces+watch+yellow foam pieces,0,0,0.0,0.0,0.0
3870,Press foam strip|blue foam pieces+foam strip+phone+purple foam pieces+watch+yellow foam piece+yellow foam pieces,0,0,0.0,0.0,0.0
3871,Press foam piece|black electronic device+blue foam pieces+blue foam strip+foam base+foam strip+hands+light blue foam pieces+phone+purple foam pieces+smartphone+yellow foam pieces,0,0,0.0,0.0,0.0
3872,Fold foam piece|blue foam strip+camera device+foam pieces+hands+mobile phone+purple foam pieces+smartphone+yellow foam pieces+yellow foam strip,0,0,0.0,0.0,0.0
3873,Pull blue foam strip|blue foam strip+hands+light blue foam pile+purple foam pile+smartphone+table+yellow foam pile+yellow foam strip,0,0,0.0,0.0,0.0
3874,Tear blue foam strip|blue foam strip+phone+purple foam pieces+torn blue foam piece+yellow foam pieces,0,0,0.0,0.0,0.0
3875,Place blue foam piece|blue foam bits+blue foam piece+blue foam strip+foam strips+phone+purple foam bits+purple foam pieces+smartphone+torn blue foam piece+yellow foam bits+yellow foam piece+yellow foam pieces,0,0,0.0,0.0,0.0
3876,Pick up blue foam piece|blue foam bits+blue foam piece+foam strips+phone+piles of foam bits+purple foam bits+smartphone+table+yellow foam bits+yellow foam piece,0,0,0.0,0.0,0.0
3877,Pick up blue foam piece|blue foam bits+blue foam piece+foam strips+phone+piles of foam bits+smartphone+table+yellow foam piece,0,0,0.0,0.0,0.0
3878,Tear blue foam piece|blue foam piece+blue foam strip+foam pieces+phone+piles of foam bits+table+yellow foam piece+yellow foam strip,0,0,0.0,0.0,0.0
3879,Tear off blue foam piece|blue foam strip+camera device+foam pieces+light blue foam piles+mobile phone+phone+purple foam piles+yellow foam piles+yellow foam strip,0,0,0.0,0.0,0.0
3880,Pull blue foam strip|blue foam strip+camera device+light blue foam piles+mobile phone+phone+purple foam piles+small purple foam pieces+small yellow foam pieces+yellow foam piles+yellow foam strip,0,0,0.0,0.0,0.0
3881,Adjust foam strip|blue foam strip+phone+small light blue foam pieces+small purple foam pieces+small yellow foam pieces+yellow foam strip,0,0,0.0,0.0,0.0
3882,Hold foam pieces|blue foam pieces+blue foam strip+camera+light blue foam pieces+phone+purple foam pieces+small foam piece+yellow foam pieces+yellow foam strip,0,0,0.0,0.0,0.0
3883,Peel foam strip|blue foam pieces+blue foam strip+phone+power bank+purple foam pieces+yellow foam pieces+yellow foam strip,0,0,0.0,0.0,0.0
3884,Move small blue foam piece towards the strip|blue foam piece+blue foam pieces+blue foam strip+hands+light blue foam strip+phone+purple foam pieces+watch+yellow foam pieces+yellow foam strip,0,0,0.0,0.0,0.0
3885,Press blue strip|blue paper strip+blue strip+light blue paper bits+light blue paper pile+phone+purple paper bits+purple paper pile+yellow paper bits+yellow paper pile+yellow paper strip+yellow strip,0,0,0.0,0.0,0.0
3886,Hold blue strip|blue strip+electronic device+light blue paper pieces+phone+power bank+purple paper pieces+purple paper scraps+yellow paper pieces+yellow paper scraps,0,0,0.0,0.0,0.0
3887,Peel blue strip|blue strip+electronic device+light blue paper pieces+phone+power bank+purple paper pieces+purple paper scraps+yellow paper pieces+yellow paper scraps,0,0,0.0,0.0,0.0
3888,Peel blue strip|blue paper bits+blue paper strip+blue strip+light blue paper pieces+phone+power bank+purple paper bits+purple paper pieces+yellow paper bits+yellow paper pieces+yellow paper strip,0,0,0.0,0.0,0.0
3889,Hold blue strip|blue strip+camera+craft strip+hands+light blue paper bits+peeled blue piece+phone+piles of colored paper+purple paper bits+smartphone+yellow paper bits,0,0,0.0,0.0,0.0
3890,Fold blue strip|blue paper pile+blue paper strip+hands+light blue paper strips+phone+purple paper pile+purple paper strips+yellow paper pile+yellow paper strips,0,0,0.0,0.0,0.0
3891,Fold paper strip|blue paper strip+electronic device+hand+paper strip+phone+smartphone+yellow paper strip,0,0,0.0,0.0,0.0
3892,Hold paper strip|blue paper strip+carpet+chair+hand+mobile phone+person+pink slippers+table+yellow paper strip,0,0,0.0,0.0,0.0
3893,Turn away from table|blue paper strip+carpet+chair+desk+doorway+hand+mobile phone+person+pink slippers+smartphone+table+trash can+wall+yellow paper strip,0,0,0.0,0.0,0.0
3894,Turn away from table|black device+blue paper bits+blue paper strip+carpet+chair+desk+doorway+person+pink slippers+purple paper bits+smartphone+trash can+wall+yellow paper bits+yellow paper strip,0,0,0.0,0.0,0.0
3895,Attach material to paper strip|blue bits+craft material+paper strip+phone+purple bits+table+tool+yellow bits,0,0,0.0,0.0,0.0
3896,Pick up tool|chair+craft material+desk+floor+paper strip+phone+table+tool,0,0,0.0,0.0,0.0
3897,Walk through the room|chair+desk+fire extinguisher+floor+small black tool+tool,0,0,0.0,0.0,0.0
3898,Walk through the room|chair+desk+door+fire extinguisher+floor+small black tool+wall,0,0,0.0,0.0,0.0
3899,Walk through the room|chair+craft materials+desk+door+fire extinguisher+floor+paper+person+small black tool+table+wall,0,0,0.0,0.0,0.0
3900,Walk down hallway|chair+craft materials+door+glass partition+glass wall+hallway+notebook+pen+person+table+wall,0,0,0.0,0.0,0.0
3901,Enter workspace|chair+craft materials+door+door handle+glass wall+notebook+pen+person+sign+table+wall+window,0,0,0.0,0.0,0.0
3902,Grasp door handle|cardboard box+door+door handle+hand+table,0,0,0.0,0.0,0.0
3903,Walk to table|bag+cardboard box+door+door handle+paper+table,0,0,0.0,0.0,0.0
3904,Walk to table|bag+box+cardboard box+craft supplies+door+hand+paper+table,0,0,0.0,0.0,0.0
3905,Pick up supplies from box|bag+box+cardboard box+craft supplies+hand+table,0,0,0.0,0.0,0.0
3906,Pick up supplies from box|box+craft supplies+hand+no smoking sign+person+table,0,0,0.0,0.0,0.0
3907,Walk down hallway|box+craft supplies+door+fire extinguisher+hallway+head-mounted display+person,0,0,0.0,0.0,0.0
3908,Walk down hallway|door+fire extinguisher+hallway+head-mounted display+person,0,0,0.0,0.0,0.0
3909,Walk towards table|chair+door+fire extinguisher+floor+person+poster+table+wall,0,0,0.0,0.0,0.0
3910,Walk towards table|backpack+chair+craft paper+door+fire extinguisher+floor+person+table,0,0,0.0,0.0,0.0
3911,Approach work table|backpack+chair+craft paper+fire extinguisher+person+table,0,0,0.0,0.0,0.0
3912,Approach work table|chair+computer monitor+craft paper+person+table,0,0,0.0,0.0,0.0
3913,Touch colleague's back|chair+colleague+craft materials+person+table,0,0,0.0,0.0,0.0
3914,Observe and walk through store|cardboard box+colleague+shelves,4,0,0.0,0.0,0.0
3915,Inspect shelf condition|cardboard boxes+shelf,1,0,0.0,0.0,0.0
3916,Inspect shelf condition|cardboard boxes+shelf+shelves+watch,1,0,0.0,0.0,0.0
3917,Extract wire hangers from box|box of hangers+wire hangers,4,0,0.0,0.0,0.0
3918,Bundle display hooks|display hooks,3,0,0.0,0.0,0.0
3919,Bundle display hooks|display hooks+shelf,1,0,0.0,0.0,0.0
3920,Bundle display hooks|display hook+display hooks+shelf+wire shelf,1,0,0.0,0.0,0.0
3921,Move through aisle|aisle floor+display hooks+employees+metal shelving units+stocking containers,1,0,0.0,0.0,0.0
3922,Pick up items from the shopping bag|red shopping bag+retail shelf,2,0,0.0,0.0,0.0
3923,Adjust item on shelf|hand+packaged item+shelf+stationery package,1,0,0.0,0.0,0.0
3924,Adjust item on shelf|hand+packaged item+shelf,4,0,0.0,0.0,0.0
3925,Place item on shelf|packaged goods+retail shelf,6,0,0.0,0.0,0.0
3926,Reach for another item|item+packaged item+shelf,1,0,0.0,0.0,0.0
3927,Reach for another item|packaged item+shelf,1,0,0.0,0.0,0.0
3928,Reach for next item|multi-colored product pack+packaged item+shelf+store shelf,1,0,0.0,0.0,0.0
3929,Reach for next item|multi-colored product pack+person+store shelf,1,0,0.0,0.0,0.0
3930,Mark cardboard piece|cardboard piece+marker+pencil case+ruler+scissors,13,0,0.0,0.0,0.0
3931,Mark cardboard piece|cardboard piece+cardboard stack+marker+pencil case+ruler+scissors,3,0,0.0,0.0,0.0
3932,Mark cardboard piece|cardboard piece+cardboard stack+marker,3,0,0.0,0.0,0.0
3933,Mark cardboard piece|cardboard pieces+marker,3,0,0.0,0.0,0.0
3934,Place marked piece down|cardboard pieces+marker,2,0,0.0,0.0,0.0
3935,Mark cardboard piece|cardboard pile+cardboard strip+marker+ruler,4,0,0.0,0.0,0.0
3936,Cut cardboard piece|cardboard piece+cardboard strip+scissors,1,0,0.0,0.0,0.0
3937,Cut cardboard piece|cardboard piece+scissors,4,0,0.0,0.0,0.0
3938,Mark cardboard piece|cardboard pieces+marker+metal ruler+scissors,4,0,0.0,0.0,0.0
3939,Mark cardboard piece|cardboard piece+cardboard pieces+marker+metal ruler+pencil case+ruler+scissors,1,0,0.0,0.0,0.0
3940,Reach for and examine canned goods|canned goods,0,0,0.0,0.0,0.0
3941,Select and pick up a canned item|canned goods+canned item,0,0,0.0,0.0,0.0
3942,Select and pick up a canned item|canned item+shelf,0,0,0.0,0.0,0.0
3943,Move along the shelves|hand+shelves+small containers+various grocery items,0,0,0.0,0.0,0.0
3944,Move along the shelves|hand+shelves+small containers,0,0,0.0,0.0,0.0
3945,Inspect Dior gift box|coffee jar+dior gift box+waitrose ginger jar,0,0,0.0,0.0,0.0
3946,Select a bottle|dark bottle+shelf+small bottle,0,0,0.0,0.0,0.0
3947,Select a bottle|dark bottle+shelf,0,0,0.0,0.0,0.0
3948,Release bottle|bottle+hand,0,0,0.0,0.0,0.0
3949,Scan supermarket shelves|berries package+boxed snacks+canned goods+snack boxes+supermarket shelf+various cans,0,0,0.0,0.0,0.0
3950,Scan supermarket shelves|boxed snacks+canned goods+supermarket shelf,0,0,0.0,0.0,0.0
3951,Reach for canned goods|metal cans,0,0,0.0,0.0,0.0
3952,Touch canned goods|canned goods+metal cans+shelf,0,0,0.0,0.0,0.0
3953,Touch canned goods|canned goods+ladder+shelf,0,0,0.0,0.0,0.0
3954,Touch canned goods|ladder+shelf,0,0,0.0,0.0,0.0
3955,Cut cardboard triangle|cardboard+cardboard sheet+phone+scissors+smartphone+watch,0,0,0.0,0.0,0.0
3956,Cut cardboard triangle|cardboard sheet+scissors+smartphone,0,0,0.0,0.0,0.0
3957,Manipulate cardboard shape|cardboard shape+smartphone,0,0,0.0,0.0,0.0
3958,Fold cardboard shape|cardboard shape+scissors+smartphone,0,0,0.0,0.0,0.0
3959,Manipulate cardboard shape|cardboard shapes+power bank+scissors+smartphone,0,0,0.0,0.0,0.0
3960,Manipulate cardboard shape|cardboard shapes+smartphone,0,0,0.0,0.0,0.0
3961,Manipulate cardboard shape|cardboard shapes+scissors+smartphone,0,0,0.0,0.0,0.0
3962,Place canned food on shelf|canned food+cardboard box+retail shelf,16,0,0.0,0.0,0.0
3963,Reach for next can|canned food+cardboard box,10,0,0.0,0.0,0.0
3964,Place canned food on shelf|canned food+cardboard box+store shelf,1,0,0.0,0.0,0.0
3965,Reach for next can|canned food+cardboard box+retail shelf,1,0,0.0,0.0,0.0
3966,Place canned food on shelf|canned food+retail shelf,2,0,0.0,0.0,0.0
3967,Place canned food on shelf|box+canned food+retail shelf,1,0,0.0,0.0,0.0
3968,Place canned food on shelf|box+canned food+store shelf,3,0,0.0,0.0,0.0
3969,Hold earbud case|box of products+earbud case+shelf,2,0,0.0,0.0,0.0
3970,Interact with smartphone|cereal box+shelf+smartphone,1,0,0.0,0.0,0.0
3971,sort craft materials|craft material+paper pieces+phone+scissors+smartphone+table,1,0,0.0,0.0,0.0
3972,sort craft materials|craft material+phone+scissors+table,6,0,0.0,0.0,0.0
3973,Manipulate paper strip|craft beads+craft materials+paper strip+purple paper strip+scissors+smartphone,1,0,0.0,0.0,0.0
3974,Manipulate paper strip|craft beads+paper strip+scissors+smartphone,1,0,0.0,0.0,0.0
3975,Manipulate paper strip|paper strip+scissors+smartphone+table,5,0,0.0,0.0,0.0
3976,Manipulate paper strip|paper strip+table,1,0,0.0,0.0,0.0
3977,Sort small craft pieces|craft pieces+scissors+smartphone,6,0,0.0,0.0,0.0
3978,Sort small craft pieces|blue card stack+craft pieces+scissors+small craft pieces+smartphone,1,0,0.0,0.0,0.0
3979,Sort small craft pieces|blue card stack+scissors+small craft pieces+smartphone,1,0,0.0,0.0,0.0
3980,Place item on shelf|cardboard boxes+product package+shelf+smartphone,0,0,0.0,0.0,0.0
3981,Hold product package|cardboard box+product package+shelf,0,0,0.0,0.0,0.0
3982,Hold product package|cardboard box+product package+rainbow product package+shelf,0,0,0.0,0.0,0.0
3983,Hold product package|cardboard box+rainbow product package+shelf,0,0,0.0,0.0,0.0
3984,Place item on shelf|product package+shelf,0,0,0.0,0.0,0.0
3985,Hold charging cable|cardboard box+charging cable+colleague+coworker+merchandise boxes+shelf+shelf items+shelving unit+white charging cable,0,0,0.0,0.0,0.0
3986,Hold charging cable|coworker+merchandise boxes+shelving unit+white charging cable,0,0,0.0,0.0,0.0
3987,Hold items in hand|charging cable bundles+shelf+shopping bag,0,0,0.0,0.0,0.0
3988,Place item on shelf|cardboard box+shelf+stationery pack,0,0,0.0,0.0,0.0
3989,Place item on shelf|cardboard box+shelf+smartphone+stationery pack,0,0,0.0,0.0,0.0
3990,Place item on shelf|shelf+smartphone+stationery pack,0,0,0.0,0.0,0.0
3991,Place item on shelf|shelf+stationery pack+stationery package,0,0,0.0,0.0,0.0
3992,Place item on shelf|packaged colorful item+shelf,0,0,0.0,0.0,0.0
3993,Place item on shelf|packaged colorful item+packaged items+shelf,0,0,0.0,0.0,0.0
3994,Place item on shelf|packaged items+shelf,0,0,0.0,0.0,0.0
3995,Place item on shelf|colorful packaging+packaged items+shelf+smartphone,0,0,0.0,0.0,0.0
3996,Place item on shelf|colorful packaging+shelf+smartphone,0,0,0.0,0.0,0.0
3997,Pick up pack from shelf|colorful packaging+pack of strips+shelf+smartphone,0,0,0.0,0.0,0.0
3998,Pick up pack from shelf|pack of strips+shelf,0,0,0.0,0.0,0.0
3999,Fold ribbon|hand+purple ribbon+table,0,0,0.0,0.0,0.0
4000,Fold ribbon|hand+purple ribbon,0,0,0.0,0.0,0.0
4001,Manipulate ribbon piece|blue ribbon project+laptop+purple ribbon piece+ribbon packaging+ribbon piece+smartphone+water bottle,0,0,0.0,0.0,0.0
4002,Manipulate ribbon piece|blue ribbon project+laptop+purple ribbon piece+smartphone+water bottle,0,0,0.0,0.0,0.0
4003,Manipulate ribbon knot|blue and white patterned card+hand+hands+purple ribbon,0,0,0.0,0.0,0.0
4004,Manipulate ribbon knot|blue and white patterned card+hand+purple ribbon,0,0,0.0,0.0,0.0
4005,Grasp lantern|cardboard box+red paper honeycomb lantern,1,0,0.0,0.0,0.0
4006,Open paper lantern|red paper lantern,8,0,0.0,0.0,0.0
4007,Align paper lantern edges|hands+red honeycomb paper lantern+red paper lantern,1,0,0.0,0.0,0.0
4008,Align paper lantern edges|hands+red honeycomb paper lantern,4,0,0.0,0.0,0.0
4009,Align paper lantern edges|hands+paper lantern+red honeycomb paper lantern,1,0,0.0,0.0,0.0
4010,Align paper lantern edges|hands+paper lantern,2,0,0.0,0.0,0.0
4011,Open folded paper lantern|red pleated paper lantern,3,0,0.0,0.0,0.0
4012,Mark cardboard with ruler|black marker+cardboard+marker+metal ruler+red scissors+scissors,0,0,0.0,0.0,0.0
4013,Mark cardboard with ruler|cardboard+marker+metal ruler+scissors,0,0,0.0,0.0,0.0
4014,Cut cardboard|black marker+cardboard+ruler+utility knife,0,0,0.0,0.0,0.0
4015,Cut cardboard with utility knife|cardboard strip+metal ruler+pen+ruler+scissors+utility knife,0,0,0.0,0.0,0.0
4016,Cut cardboard with utility knife|cardboard strip+pen+ruler+scissors+utility knife,0,0,0.0,0.0,0.0
4017,Tear off cardboard segment|cardboard+metal ruler+utility knife,0,0,0.0,0.0,0.0
4018,Hold smartphone|black pouch+desk+power bank+smartphone,0,0,0.0,0.0,0.0
4019,Hold smartphone|desk+power bank+smartphone,0,0,0.0,0.0,0.0
4020,Hold smartphone|beads+desk+pencil cup+power bank+smartphone,0,0,0.0,0.0,0.0
4021,Hold smartphone|beads+pencil cup+power bank+smartphone,0,0,0.0,0.0,0.0
4022,Browsing smartphone content|blue ribbon+pen holder+smartphone+table,0,0,0.0,0.0,0.0
4023,Manipulate small component|decorative beads+hands+pencil holder+small component+small decorative component+smartphone+table,0,0,0.0,0.0,0.0
4024,Manipulate small component|decorative beads+pencil holder+small component+smartphone+table,0,0,0.0,0.0,0.0
4025,Manipulate component on strip|blue strip+pen holder+small components+small decorative components,0,0,0.0,0.0,0.0
4026,Manipulate component on strip|blue strip+pen holder+small decorative components,0,0,0.0,0.0,0.0
4027,Manipulate component on strip|blue strip+small decorative components,0,0,0.0,0.0,0.0
4028,Manipulate component on strip|assembly strip+blue strip+decorative component+pen holder+small decorative components+smartphone,0,0,0.0,0.0,0.0
4029,Manipulate component on strip|assembly strip+decorative component+pen holder+smartphone,0,0,0.0,0.0,0.0
4030,Manipulate component on strip|assembly strip+decorative component+smartphone,0,0,0.0,0.0,0.0
4031,Browse smartphone screen|paper stars+paper strips+smartphone+star ornaments,1,0,0.0,0.0,0.0
4032,Browse smartphone screen|paper stars+paper strips+smartphone,4,0,0.0,0.0,0.0
4033,Manipulate paper strip|purple paper strip+quilling paper pile+smartphone+table,1,0,0.0,0.0,0.0
4034,Manipulate paper strip|purple paper strip+smartphone+table,4,0,0.0,0.0,0.0
4035,Count and record paper stars|notepad+paper+paper stars+pen+smartphone+water bottle,0,0,0.0,0.0,0.0
4036,Record star count on paper|paper+paper stars+pen+smartphone,0,0,0.0,0.0,0.0
4037,Count and record paper stars|paper+paper stars+pen+phone+water bottle,0,0,0.0,0.0,0.0
4038,Count paper stars|paper+paper stars+pen+smartphone,0,0,0.0,0.0,0.0
4039,Resume counting stars|paper+paper stars+pen+smartphone+water bottle,0,0,0.0,0.0,0.0
4040,Cut cardboard|cardboard+cardboard strip+desk+scissors+table,0,0,0.0,0.0,0.0
4041,Cut cardboard|cardboard strip+scissors+table,0,0,0.0,0.0,0.0
4042,Cut cardboard|cardboard strip+scissors,0,0,0.0,0.0,0.0
4043,Cut cardboard strip|cardboard strip+scissors+table,0,0,0.0,0.0,0.0
4044,Cut cardboard strip|cardboard strip+scissors,0,0,0.0,0.0,0.0
4045,Cut cardboard strip|cardboard pieces+cardboard strip+phone+power bank+ruler+scissors+table+utility knife,0,0,0.0,0.0,0.0
4046,Manipulate puzzle piece|jigsaw puzzle+puzzle box+puzzle piece,5,0,0.0,0.0,0.0
4047,Manipulate puzzle pieces|jigsaw puzzle+puzzle box+puzzle mat+puzzle pieces,1,0,0.0,0.0,0.0
4048,Manipulate puzzle pieces|jigsaw puzzle+puzzle box,7,0,0.0,0.0,0.0
4049,Observe puzzle progress|hand+jigsaw puzzle+puzzle box,1,0,0.0,0.0,0.0
4050,Pick up puzzle piece|jigsaw puzzle+puzzle piece+puzzle pieces,1,0,0.0,0.0,0.0
4051,Pick up puzzle piece|puzzle piece,2,0,0.0,0.0,0.0
4052,Sort puzzle pieces|jigsaw puzzle+jigsaw puzzle pieces+puzzle pieces+table,1,0,0.0,0.0,0.0
4053,Sort puzzle pieces|jigsaw puzzle+puzzle pieces,8,0,0.0,0.0,0.0
4054,Sort puzzle pieces|jigsaw puzzle+puzzle box+puzzle pieces,4,0,0.0,0.0,0.0
4055,Use phone|beads+power bank+smartphone,5,0,0.0,0.0,0.0
4056,Manipulate yellow strip|beads+cell phone+pen+yellow paper strip+yellow strip,1,0,0.0,0.0,0.0
4057,Manipulate yellow strip|beads+yellow paper strip,2,0,0.0,0.0,0.0
4058,Manipulate yellow strip|yellow paper strip,3,0,0.0,0.0,0.0
4059,Manipulating paper strips|yellow paper strip,4,0,0.0,0.0,0.0
4060,Manipulating paper strips|beads+cup+smartphone+yellow paper strip,1,0,0.0,0.0,0.0
4061,Manipulate paper strip|beads+paper strip+pen holder+table+yellow paper strip,1,0,0.0,0.0,0.0
4062,Manipulate bead|bead+bead piles+container+paper strips+pen holder+table+yellow bead,1,0,0.0,0.0,0.0
4063,Manipulate bead|bead+bead piles+pen holder+table,2,0,0.0,0.0,0.0
4064,Manipulate bead|bead+bead piles+table,3,0,0.0,0.0,0.0
4065,Hold and manipulate paper strip|beads+mobile phone+paper strip+power bank+smartphone+yellow paper strip,1,0,0.0,0.0,0.0
4066,Hold and manipulate paper strip|beads+paper strip+power bank+smartphone,1,0,0.0,0.0,0.0
4067,Hold cardboard piece|cardboard+cardboard strip+desk+marker+ruler+utility knife+water bottle,0,0,0.0,0.0,0.0
4068,Hold cardboard piece|cardboard+marker+ruler+utility knife+water bottle,0,0,0.0,0.0,0.0
4069,Mark cardboard with pen|cardboard+metal ruler+pen+power bank+ruler+utility knife,0,0,0.0,0.0,0.0
4070,Mark cardboard with pen|cardboard+metal ruler+pen+power bank+utility knife,0,0,0.0,0.0,0.0
4071,Walk through hallway|cardboard+cardboard boxes+door+metal ruler,0,0,0.0,0.0,0.0
4072,Observe workspace|cardboard+cardboard pieces+floor+stool+vacuum cleaner,0,0,0.0,0.0,0.0
4073,Observe workspace|cardboard+floor,0,0,0.0,0.0,0.0
4074,Fold cardboard edge|cardboard+metal ruler+pens+power bank+utility knife+water bottle,0,0,0.0,0.0,0.0
4075,Fold cardboard edge|cardboard+metal ruler+utility knife+water bottle,0,0,0.0,0.0,0.0
4076,Mark cardboard with marker|cardboard+marker+metal ruler+power bank+ruler+utility knife+water bottle,0,0,0.0,0.0,0.0
4077,Mark cardboard with marker|cardboard+marker+metal ruler+power bank+utility knife+water bottle,0,0,0.0,0.0,0.0
4078,Walking through office hallway|black remote+door,0,0,0.0,0.0,0.0
4079,Cut cardboard sheet with scissors|cardboard sheet+cardboard squares+cardboard strip+phone+ruler+scissors+utility knife,0,0,0.0,0.0,0.0
4080,Cut cardboard sheet with scissors|cardboard squares+cardboard strip+scissors+utility knife,0,0,0.0,0.0,0.0
4081,Cut cardboard strip|cardboard squares+cardboard strip+utility knife,0,0,0.0,0.0,0.0
4082,Sort cut cardboard|cardboard square+cardboard squares+table,0,0,0.0,0.0,0.0
4083,Sort cut cardboard|cardboard squares+table,0,0,0.0,0.0,0.0
4084,Cut cardboard sheet|cardboard sheet+cardboard squares+glue stick+metal ruler+ruler+scissors+utility knife,0,0,0.0,0.0,0.0
4085,Cut cardboard sheet|cardboard sheet+cardboard squares+ruler+utility knife,0,0,0.0,0.0,0.0
4086,Cut cardboard strip with scissors|cardboard stacks+cardboard strip+ruler+scissors,0,0,0.0,0.0,0.0
4087,Place cardboard square|cardboard square+cardboard squares+cardboard stacks+cardboard strip+ruler+scissors,0,0,0.0,0.0,0.0
4088,Place cardboard square|cardboard squares+cardboard strip+ruler+scissors,0,0,0.0,0.0,0.0
4089,Arrange buttons|buttons+coca-cola can+person wearing vr headset+red buttons+smartphone+table,1,0,0.0,0.0,0.0
4090,Arrange buttons|buttons+coca-cola can+person wearing vr headset+smartphone+table,3,0,0.0,0.0,0.0
4091,Sort and arrange buttons|buttons+phone+smartphones+soda can+table,1,0,0.0,0.0,0.0
4092,Sort and arrange buttons|buttons+phone+soda can+table,2,0,0.0,0.0,0.0
4093,Sort button|buttons+cell phone+multi-colored button pile+orange buttons+red buttons,1,0,0.0,0.0,0.0
4094,Sort button|multi-colored button pile+orange buttons+red buttons,2,0,0.0,0.0,0.0
4095,Use smartphone|buttons+smartphone+soda can+table,1,0,0.0,0.0,0.0
4096,Use smartphone|buttons+smartphone+soda can,1,0,0.0,0.0,0.0
4097,Sort and place buttons|buttons+smartphone+table,3,0,0.0,0.0,0.0
4098,Manipulate plastic strip|plastic strip+storage bin+water bottle,9,0,0.0,0.0,0.0
4099,Fold plastic strip|container+plastic bottle+plastic strip+scissors+storage bin+water bottle,1,0,0.0,0.0,0.0
4100,Fold plastic strip|plastic strip+scissors+storage bin+water bottle,9,0,0.0,0.0,0.0
4101,Fold plastic strip|container+hands+plastic strip+scissors+storage bin+water bottle,1,0,0.0,0.0,0.0
4102,Fold plastic strip|container+hands+plastic strip+water bottle,1,0,0.0,0.0,0.0
4103,Fold plastic strip|hands+plastic strip,3,0,0.0,0.0,0.0
4104,Fold plastic strip|craft supply box+hands+plastic strip+water bottle,1,0,0.0,0.0,0.0
4105,Fold plastic strip|craft supply box+plastic strip+water bottle,6,0,0.0,0.0,0.0
4106,Cut cardboard square|cardboard sheet+cardboard square+cardboard squares+scissors+smartphone,0,0,0.0,0.0,0.0
4107,Cut cardboard square|cardboard sheet+cardboard square+cardboard squares+scissors+smartphone+trash bin,0,0,0.0,0.0,0.0
4108,Cut cardboard square|cardboard sheet+cardboard squares pile+scissors,0,0,0.0,0.0,0.0
4109,Cut cardboard piece|cardboard piece+cardboard sheet+cardboard square+cardboard stack+ruler+scissors+smartphone+stack of cardboard squares,0,0,0.0,0.0,0.0
4110,Cut cardboard piece|cardboard sheet+cardboard square+scissors+smartphone+stack of cardboard squares,0,0,0.0,0.0,0.0
4111,Cut cardboard piece|cardboard base sheet+cardboard piece+cardboard sheet+cardboard square+scissors+smartphone+stack of cardboard squares+stacked cardboard squares,0,0,0.0,0.0,0.0
4112,Cut cardboard piece|cardboard base sheet+cardboard piece+scissors+stacked cardboard squares,0,0,0.0,0.0,0.0
4113,Cut cardboard piece|cardboard sheet+cardboard squares+scissors+utility knife,0,0,0.0,0.0,0.0
4114,Cut cardboard piece|cardboard square+scissors,0,0,0.0,0.0,0.0
4115,Cut cardboard piece|cardboard piece+cardboard square+cardboard stacks+scissors,0,0,0.0,0.0,0.0
4116,Cut cardboard piece|cardboard piece+cardboard stacks+scissors,0,0,0.0,0.0,0.0
4117,Sort button by color|box+buttons+mixed buttons+phone+smartphone+water bottle,0,0,0.0,0.0,0.0
4118,Sort button by color|box+buttons+phone+water bottle,0,0,0.0,0.0,0.0
4119,Sort button by color|box+buttons+hand+phone+water bottle,0,0,0.0,0.0,0.0
4120,Sort button by color|buttons+hand+phone+water bottle,0,0,0.0,0.0,0.0
4121,Sort button by color|buttons+hand,0,0,0.0,0.0,0.0
4122,Sort button by color|buttons+hand+mixed buttons pile+phone+red button cluster+water bottle,0,0,0.0,0.0,0.0
4123,Sort button by color|mixed buttons pile+phone+red button cluster+water bottle,0,0,0.0,0.0,0.0
4124,Sort button by color|buttons pile+mixed buttons pile+phone+red button cluster+water bottle,0,0,0.0,0.0,0.0
4125,Sort button by color|buttons pile+phone+water bottle,0,0,0.0,0.0,0.0
4126,Sort button by color|blue buttons+buttons pile+phone+red buttons+water bottle+yellow buttons,0,0,0.0,0.0,0.0
4127,Sort button by color|blue buttons+red buttons+yellow buttons,0,0,0.0,0.0,0.0
4128,Sort button by color|box+buttons+hand+paper+pen+phone+power bank+water bottle,0,0,0.0,0.0,0.0
4129,Sort button by color|box+buttons+hand+paper+pen,0,0,0.0,0.0,0.0
4130,Sort button by color|buttons+hand+phone+power bank+water bottle,0,0,0.0,0.0,0.0
4131,Sort buttons|buttons+phone+water bottle,0,0,0.0,0.0,0.0
4132,Manipulate paper decoration|paper cone+smartphone,6,0,0.0,0.0,0.0
4133,Manipulate paper strip|jigsaw puzzle box+paper strip+phone+puzzle box+smartphone+water bottle,1,0,0.0,0.0,0.0
4134,Manipulate paper strip|paper strip+puzzle box+smartphone+water bottle,1,0,0.0,0.0,0.0
4135,Manipulate adhesive strip|adhesive strip+paper cone pieces+paper sheets+puzzle box+smartphone+water bottle,1,0,0.0,0.0,0.0
4136,Manipulate adhesive strip|adhesive strip+paper cone pieces+puzzle box+smartphone+water bottle,5,0,0.0,0.0,0.0
4137,Manipulate adhesive strip|adhesive strip+puzzle box+smartphone+water bottle,1,0,0.0,0.0,0.0
4138,Secure paper edges with adhesive|adhesive strip+paper cone,5,0,0.0,0.0,0.0
4139,Sort beads|paper+pen+star-shaped beads,4,0,0.0,0.0,0.0
4140,Record count|paper+pen+smartphone+star-shaped beads,5,0,0.0,0.0,0.0
4141,Counting and organizing beads|paper+pen+star-shaped beads,5,0,0.0,0.0,0.0
4142,Place and count bead|marker+paper+pen+star beads+star-shaped beads,1,0,0.0,0.0,0.0
4143,Place and count bead|marker+paper+star-shaped beads,2,0,0.0,0.0,0.0
4144,Write count on paper|marker+mobile phone+paper+pen+power bank+smartphone+star-shaped beads,1,0,0.0,0.0,0.0
4145,Write count on paper|paper+pen+power bank+smartphone+star-shaped beads,4,0,0.0,0.0,0.0
4146,Hold beads|paper+pen+smartphone+star-shaped beads,1,0,0.0,0.0,0.0
4147,Hold beads|paper+pen+star-shaped beads,2,0,0.0,0.0,0.0
4148,Sort and count beads|cell phone+paper+pen+star beads,6,0,0.0,0.0,0.0
