class_id,class_name,support,predicted,precision,recall,f1
0,no,436,416,0.9759615384615384,0.9311926605504587,0.9530516431924883
1,yes,12,32,0.0625,0.16666666666666666,0.09090909090909091
